"Tema","Entidad","Indicador","link.de.consulta","2017","2018","2019","2020","2021","2022","2023","2024","2025"
"Económico","Aguascalientes","Aves. Valor de la Producción (miles de pesos)","https://nube.agricultura.gob.mx/cierre_agricola/",NA,NA,NA,NA,NA,1.4578236751e+17,1.5102483871e+17,1.7388077914e+17,NA
"Económico","Baja California","Aves. Valor de la Producción (miles de pesos)","https://nube.agricultura.gob.mx/cierre_agricola/",NA,NA,NA,NA,NA,36271997,36478032,40902165,NA
"Económico","Baja California Sur","Aves. Valor de la Producción (miles de pesos)","https://nube.agricultura.gob.mx/cierre_agricola/",NA,NA,NA,NA,NA,31558595,32926883,35988779,NA
"Económico","Campeche","Aves. Valor de la Producción (miles de pesos)","https://nube.agricultura.gob.mx/cierre_agricola/",NA,NA,NA,NA,NA,852559797,878718647,976346154,NA
"Económico","Coahuila de Zaragoza","Aves. Valor de la Producción (miles de pesos)","https://nube.agricultura.gob.mx/cierre_agricola/",NA,NA,NA,NA,NA,312079806,2844282514,3268356032,NA
"Económico","Colima","Aves. Valor de la Producción (miles de pesos)","https://nube.agricultura.gob.mx/cierre_agricola/",NA,NA,NA,NA,NA,440321631,479582898,544306042,NA
"Económico","Chiapas","Aves. Valor de la Producción (miles de pesos)","https://nube.agricultura.gob.mx/cierre_agricola/",NA,NA,NA,NA,NA,7919692526,8797756274,1.0016504116e+17,NA
"Económico","Chihuahua","Aves. Valor de la Producción (miles de pesos)","https://nube.agricultura.gob.mx/cierre_agricola/",NA,NA,NA,NA,NA,105877089,106089872,117252596,NA
"Económico","Ciudad de México","Aves. Valor de la Producción (miles de pesos)","https://nube.agricultura.gob.mx/cierre_agricola/",NA,NA,NA,NA,NA,2201208,2144983,2365898,NA
"Económico","Durango","Aves. Valor de la Producción (miles de pesos)","https://nube.agricultura.gob.mx/cierre_agricola/",NA,NA,NA,NA,NA,9265770382,9570933947,1.0536211276e+17,NA
"Económico","Guanajuato","Aves. Valor de la Producción (miles de pesos)","https://nube.agricultura.gob.mx/cierre_agricola/",NA,NA,NA,NA,NA,8100516978,7992574847,8780850512,NA
"Económico","Guerrero","Aves. Valor de la Producción (miles de pesos)","https://nube.agricultura.gob.mx/cierre_agricola/",NA,NA,NA,NA,NA,504658397,501439141,52384041,NA
"Económico","Hidalgo","Aves. Valor de la Producción (miles de pesos)","https://nube.agricultura.gob.mx/cierre_agricola/",NA,NA,NA,NA,NA,3240727673,3334169729,3679621972,NA
"Económico","Jalisco","Aves. Valor de la Producción (miles de pesos)","https://nube.agricultura.gob.mx/cierre_agricola/",NA,NA,NA,NA,NA,1.3954305279e+17,1.5168048738e+17,1.6684938275e+17,NA
"Económico","México","Aves. Valor de la Producción (miles de pesos)","https://nube.agricultura.gob.mx/cierre_agricola/",NA,NA,NA,NA,NA,4301158494,4668837469,524746453,NA
"Económico","Michoacán de Ocampo","Aves. Valor de la Producción (miles de pesos)","https://nube.agricultura.gob.mx/cierre_agricola/",NA,NA,NA,NA,NA,2164930061,2258756731,2532447813,NA
"Económico","Morelos","Aves. Valor de la Producción (miles de pesos)","https://nube.agricultura.gob.mx/cierre_agricola/",NA,NA,NA,NA,NA,237205183,255824147,2999502078,NA
"Económico","Nayarit","Aves. Valor de la Producción (miles de pesos)","https://nube.agricultura.gob.mx/cierre_agricola/",NA,NA,NA,NA,NA,1423934665,1324521574,149474189,NA
"Económico","Nuevo León","Aves. Valor de la Producción (miles de pesos)","https://nube.agricultura.gob.mx/cierre_agricola/",NA,NA,NA,NA,NA,2343596107,2664776387,3048891803,NA
"Económico","Oaxaca","Aves. Valor de la Producción (miles de pesos)","https://nube.agricultura.gob.mx/cierre_agricola/",NA,NA,NA,NA,NA,425003841,457455049,503976994,NA
"Económico","Puebla","Aves. Valor de la Producción (miles de pesos)","https://nube.agricultura.gob.mx/cierre_agricola/",NA,NA,NA,NA,NA,6788919902,6482940168,7371690536,NA
"Económico","Querétaro","Aves. Valor de la Producción (miles de pesos)","https://nube.agricultura.gob.mx/cierre_agricola/",NA,NA,NA,NA,NA,1.3199619617e+17,1.4236738322e+17,1.6052153384e+17,NA
"Económico","Quintana Roo","Aves. Valor de la Producción (miles de pesos)","https://nube.agricultura.gob.mx/cierre_agricola/",NA,NA,NA,NA,NA,285976693,314687131,325452793,NA
"Económico","San Luis Potosí","Aves. Valor de la Producción (miles de pesos)","https://nube.agricultura.gob.mx/cierre_agricola/",NA,NA,NA,NA,NA,3684167471,3886022374,419367291,NA
"Económico","Sinaloa","Aves. Valor de la Producción (miles de pesos)","https://nube.agricultura.gob.mx/cierre_agricola/",NA,NA,NA,NA,NA,4793522611,5175765619,5762252169,NA
"Económico","Sonora","Aves. Valor de la Producción (miles de pesos)","https://nube.agricultura.gob.mx/cierre_agricola/",NA,NA,NA,NA,NA,1429555961,147222439,1678449978,NA
"Económico","Tabasco","Aves. Valor de la Producción (miles de pesos)","https://nube.agricultura.gob.mx/cierre_agricola/",NA,NA,NA,NA,NA,915220046,940274493,999042879,NA
"Económico","Tamaulipas","Aves. Valor de la Producción (miles de pesos)","https://nube.agricultura.gob.mx/cierre_agricola/",NA,NA,NA,NA,NA,13358315,1400157,15446001,NA
"Económico","Tlaxcala","Aves. Valor de la Producción (miles de pesos)","https://nube.agricultura.gob.mx/cierre_agricola/",NA,NA,NA,NA,NA,2949503,32817133,35687826,NA
"Económico","Veracruz de Ignacio de la Llave","Aves. Valor de la Producción (miles de pesos)","https://nube.agricultura.gob.mx/cierre_agricola/",NA,NA,NA,NA,NA,1.7012095528e+17,1.8625609135e+17,2.1430251265e+17,NA
"Económico","Yucatán","Aves. Valor de la Producción (miles de pesos)","https://nube.agricultura.gob.mx/cierre_agricola/",NA,NA,NA,NA,NA,6461362609,704954723,8022069322,NA
"Económico","Zacatecas","Aves. Valor de la Producción (miles de pesos)","https://nube.agricultura.gob.mx/cierre_agricola/",NA,NA,NA,NA,NA,112598977,121354652,131667428,NA
"Económico","Aguascalientes","Aves. Volumen de la Producción (toneladas)","https://nube.agricultura.gob.mx/cierre_agricola/",NA,NA,NA,NA,NA,544160817,554975436,569602852,NA
"Económico","Baja California","Aves. Volumen de la Producción (toneladas)","https://nube.agricultura.gob.mx/cierre_agricola/",NA,NA,NA,NA,NA,1504355,1489945,1516244,NA
"Económico","Baja California Sur","Aves. Volumen de la Producción (toneladas)","https://nube.agricultura.gob.mx/cierre_agricola/",NA,NA,NA,NA,NA,1028348,1022656,1013582,NA
"Económico","Campeche","Aves. Volumen de la Producción (toneladas)","https://nube.agricultura.gob.mx/cierre_agricola/",NA,NA,NA,NA,NA,30616064,30625412,31064326,NA
"Económico","Coahuila de Zaragoza","Aves. Volumen de la Producción (toneladas)","https://nube.agricultura.gob.mx/cierre_agricola/",NA,NA,NA,NA,NA,120460817,120798589,124287521,NA
"Económico","Colima","Aves. Volumen de la Producción (toneladas)","https://nube.agricultura.gob.mx/cierre_agricola/",NA,NA,NA,NA,NA,16964636,17377626,17910634,NA
"Económico","Chiapas","Aves. Volumen de la Producción (toneladas)","https://nube.agricultura.gob.mx/cierre_agricola/",NA,NA,NA,NA,NA,296431129,309480799,326266349,NA
"Económico","Chihuahua","Aves. Volumen de la Producción (toneladas)","https://nube.agricultura.gob.mx/cierre_agricola/",NA,NA,NA,NA,NA,4221792,4272707,4243203,NA
"Económico","Ciudad de México","Aves. Volumen de la Producción (toneladas)","https://nube.agricultura.gob.mx/cierre_agricola/",NA,NA,NA,NA,NA,70419,65892,66102,NA
"Económico","Durango","Aves. Volumen de la Producción (toneladas)","https://nube.agricultura.gob.mx/cierre_agricola/",NA,NA,NA,NA,NA,360885909,358886467,369664444,NA
"Económico","Guanajuato","Aves. Volumen de la Producción (toneladas)","https://nube.agricultura.gob.mx/cierre_agricola/",NA,NA,NA,NA,NA,292374498,290037154,29386506,NA
"Económico","Guerrero","Aves. Volumen de la Producción (toneladas)","https://nube.agricultura.gob.mx/cierre_agricola/",NA,NA,NA,NA,NA,15536644,15501652,15446762,NA
"Económico","Hidalgo","Aves. Volumen de la Producción (toneladas)","https://nube.agricultura.gob.mx/cierre_agricola/",NA,NA,NA,NA,NA,120227523,119122283,121954536,NA
"Económico","Jalisco","Aves. Volumen de la Producción (toneladas)","https://nube.agricultura.gob.mx/cierre_agricola/",NA,NA,NA,NA,NA,557731376,579564755,597135395,NA
"Económico","México","Aves. Volumen de la Producción (toneladas)","https://nube.agricultura.gob.mx/cierre_agricola/",NA,NA,NA,NA,NA,146272561,150322045,156159259,NA
"Económico","Michoacán de Ocampo","Aves. Volumen de la Producción (toneladas)","https://nube.agricultura.gob.mx/cierre_agricola/",NA,NA,NA,NA,NA,9556537,96728879,9748127,NA
"Económico","Morelos","Aves. Volumen de la Producción (toneladas)","https://nube.agricultura.gob.mx/cierre_agricola/",NA,NA,NA,NA,NA,85400697,8883702,94551553,NA
"Económico","Nayarit","Aves. Volumen de la Producción (toneladas)","https://nube.agricultura.gob.mx/cierre_agricola/",NA,NA,NA,NA,NA,52755603,50991233,52692017,NA
"Económico","Nuevo León","Aves. Volumen de la Producción (toneladas)","https://nube.agricultura.gob.mx/cierre_agricola/",NA,NA,NA,NA,NA,91528719,10039154,105096777,NA
"Económico","Oaxaca","Aves. Volumen de la Producción (toneladas)","https://nube.agricultura.gob.mx/cierre_agricola/",NA,NA,NA,NA,NA,17221666,17483886,17758318,NA
"Económico","Puebla","Aves. Volumen de la Producción (toneladas)","https://nube.agricultura.gob.mx/cierre_agricola/",NA,NA,NA,NA,NA,268560555,271976715,279147019,NA
"Económico","Querétaro","Aves. Volumen de la Producción (toneladas)","https://nube.agricultura.gob.mx/cierre_agricola/",NA,NA,NA,NA,NA,488238557,492452255,504697517,NA
"Económico","Quintana Roo","Aves. Volumen de la Producción (toneladas)","https://nube.agricultura.gob.mx/cierre_agricola/",NA,NA,NA,NA,NA,8478336,8708628,8880822,NA
"Económico","San Luis Potosí","Aves. Volumen de la Producción (toneladas)","https://nube.agricultura.gob.mx/cierre_agricola/",NA,NA,NA,NA,NA,145333455,141783258,143899001,NA
"Económico","Sinaloa","Aves. Volumen de la Producción (toneladas)","https://nube.agricultura.gob.mx/cierre_agricola/",NA,NA,NA,NA,NA,18544293,194992533,198661314,NA
"Económico","Sonora","Aves. Volumen de la Producción (toneladas)","https://nube.agricultura.gob.mx/cierre_agricola/",NA,NA,NA,NA,NA,55501435,56336728,58832345,NA
"Económico","Tabasco","Aves. Volumen de la Producción (toneladas)","https://nube.agricultura.gob.mx/cierre_agricola/",NA,NA,NA,NA,NA,29973013,29050017,2924908,NA
"Económico","Tamaulipas","Aves. Volumen de la Producción (toneladas)","https://nube.agricultura.gob.mx/cierre_agricola/",NA,NA,NA,NA,NA,545051,56616,565997,NA
"Económico","Tlaxcala","Aves. Volumen de la Producción (toneladas)","https://nube.agricultura.gob.mx/cierre_agricola/",NA,NA,NA,NA,NA,1032019,1090732,1086375,NA
"Económico","Veracruz de Ignacio de la Llave","Aves. Volumen de la Producción (toneladas)","https://nube.agricultura.gob.mx/cierre_agricola/",NA,NA,NA,NA,NA,644471461,695965158,715526743,NA
"Económico","Yucatán","Aves. Volumen de la Producción (toneladas)","https://nube.agricultura.gob.mx/cierre_agricola/",NA,NA,NA,NA,NA,226523209,233394865,243420075,NA
"Económico","Zacatecas","Aves. Volumen de la Producción (toneladas)","https://nube.agricultura.gob.mx/cierre_agricola/",NA,NA,NA,NA,NA,3966636,4051375,4046142,NA
"Económico","Baja California","Cera. Valor de la Producción (miles de pesos)","https://nube.agricultura.gob.mx/cierre_agricola/",NA,NA,NA,NA,NA,37158,411089,45058,NA
"Económico","Baja California Sur","Cera. Valor de la Producción (miles de pesos)","https://nube.agricultura.gob.mx/cierre_agricola/",NA,NA,NA,NA,NA,467212,46456,469721,NA
"Económico","Campeche","Cera. Valor de la Producción (miles de pesos)","https://nube.agricultura.gob.mx/cierre_agricola/",NA,NA,NA,NA,NA,10423994,5582343,5278029,NA
"Económico","Coahuila de Zaragoza","Cera. Valor de la Producción (miles de pesos)","https://nube.agricultura.gob.mx/cierre_agricola/",NA,NA,NA,NA,NA,560338,518562,42593,NA
"Económico","Colima","Cera. Valor de la Producción (miles de pesos)","https://nube.agricultura.gob.mx/cierre_agricola/",NA,NA,NA,NA,NA,1049169,1073721,1127916,NA
"Económico","Chiapas","Cera. Valor de la Producción (miles de pesos)","https://nube.agricultura.gob.mx/cierre_agricola/",NA,NA,NA,NA,NA,9132318,9267316,7657278,NA
"Económico","Chihuahua","Cera. Valor de la Producción (miles de pesos)","https://nube.agricultura.gob.mx/cierre_agricola/",NA,NA,NA,NA,NA,658653,529475,36943,NA
"Económico","Durango","Cera. Valor de la Producción (miles de pesos)","https://nube.agricultura.gob.mx/cierre_agricola/",NA,NA,NA,NA,NA,1726892,793997,535952,NA
"Económico","Guanajuato","Cera. Valor de la Producción (miles de pesos)","https://nube.agricultura.gob.mx/cierre_agricola/",NA,NA,NA,NA,NA,660,7326,6796,NA
"Económico","Guerrero","Cera. Valor de la Producción (miles de pesos)","https://nube.agricultura.gob.mx/cierre_agricola/",NA,NA,NA,NA,NA,3645966,3735144,331681,NA
"Económico","Hidalgo","Cera. Valor de la Producción (miles de pesos)","https://nube.agricultura.gob.mx/cierre_agricola/",NA,NA,NA,NA,NA,3604333,3539512,266595,NA
"Económico","Jalisco","Cera. Valor de la Producción (miles de pesos)","https://nube.agricultura.gob.mx/cierre_agricola/",NA,NA,NA,NA,NA,14470277,13454219,10482492,NA
"Económico","México","Cera. Valor de la Producción (miles de pesos)","https://nube.agricultura.gob.mx/cierre_agricola/",NA,NA,NA,NA,NA,1280226,1264724,1144326,NA
"Económico","Michoacán de Ocampo","Cera. Valor de la Producción (miles de pesos)","https://nube.agricultura.gob.mx/cierre_agricola/",NA,NA,NA,NA,NA,6234327,5960486,4410894,NA
"Económico","Nayarit","Cera. Valor de la Producción (miles de pesos)","https://nube.agricultura.gob.mx/cierre_agricola/",NA,NA,NA,NA,NA,79443,76213,741183,NA
"Económico","Nuevo León","Cera. Valor de la Producción (miles de pesos)","https://nube.agricultura.gob.mx/cierre_agricola/",NA,NA,NA,NA,NA,195128,201915,19777,NA
"Económico","Oaxaca","Cera. Valor de la Producción (miles de pesos)","https://nube.agricultura.gob.mx/cierre_agricola/",NA,NA,NA,NA,NA,9887445,9823498,8053583,NA
"Económico","Puebla","Cera. Valor de la Producción (miles de pesos)","https://nube.agricultura.gob.mx/cierre_agricola/",NA,NA,NA,NA,NA,4597745,4380257,3142259,NA
"Económico","Querétaro","Cera. Valor de la Producción (miles de pesos)","https://nube.agricultura.gob.mx/cierre_agricola/",NA,NA,NA,NA,NA,145389,108402,7079,NA
"Económico","Quintana Roo","Cera. Valor de la Producción (miles de pesos)","https://nube.agricultura.gob.mx/cierre_agricola/",NA,NA,NA,NA,NA,8552321,6741971,5415444,NA
"Económico","San Luis Potosí","Cera. Valor de la Producción (miles de pesos)","https://nube.agricultura.gob.mx/cierre_agricola/",NA,NA,NA,NA,NA,3282112,2744412,2078101,NA
"Económico","Sinaloa","Cera. Valor de la Producción (miles de pesos)","https://nube.agricultura.gob.mx/cierre_agricola/",NA,NA,NA,NA,NA,9537,74288,42134,NA
"Económico","Tabasco","Cera. Valor de la Producción (miles de pesos)","https://nube.agricultura.gob.mx/cierre_agricola/",NA,NA,NA,NA,NA,93196,933473,711132,NA
"Económico","Tamaulipas","Cera. Valor de la Producción (miles de pesos)","https://nube.agricultura.gob.mx/cierre_agricola/",NA,NA,NA,NA,NA,2044057,2027679,1547596,NA
"Económico","Tlaxcala","Cera. Valor de la Producción (miles de pesos)","https://nube.agricultura.gob.mx/cierre_agricola/",NA,NA,NA,NA,NA,112239,1124902,874293,NA
"Económico","Veracruz de Ignacio de la Llave","Cera. Valor de la Producción (miles de pesos)","https://nube.agricultura.gob.mx/cierre_agricola/",NA,NA,NA,NA,NA,14963554,1508711,12087701,NA
"Económico","Yucatán","Cera. Valor de la Producción (miles de pesos)","https://nube.agricultura.gob.mx/cierre_agricola/",NA,NA,NA,NA,NA,1139936,11283315,11462748,NA
"Económico","Zacatecas","Cera. Valor de la Producción (miles de pesos)","https://nube.agricultura.gob.mx/cierre_agricola/",NA,NA,NA,NA,NA,7080062,2500987,1592811,NA
"Económico","Baja California","Cera. Volumen de la Producción (toneladas)","https://nube.agricultura.gob.mx/cierre_agricola/",NA,NA,NA,NA,NA,6756,6807,6878,NA
"Económico","Baja California Sur","Cera. Volumen de la Producción (toneladas)","https://nube.agricultura.gob.mx/cierre_agricola/",NA,NA,NA,NA,NA,6591,6484,6501,NA
"Económico","Campeche","Cera. Volumen de la Producción (toneladas)","https://nube.agricultura.gob.mx/cierre_agricola/",NA,NA,NA,NA,NA,130768,71505,66998,NA
"Económico","Coahuila de Zaragoza","Cera. Volumen de la Producción (toneladas)","https://nube.agricultura.gob.mx/cierre_agricola/",NA,NA,NA,NA,NA,7354,6738,5438,NA
"Económico","Colima","Cera. Volumen de la Producción (toneladas)","https://nube.agricultura.gob.mx/cierre_agricola/",NA,NA,NA,NA,NA,13036,13263,13878,NA
"Económico","Chiapas","Cera. Volumen de la Producción (toneladas)","https://nube.agricultura.gob.mx/cierre_agricola/",NA,NA,NA,NA,NA,125165,129484,105035,NA
"Económico","Chihuahua","Cera. Volumen de la Producción (toneladas)","https://nube.agricultura.gob.mx/cierre_agricola/",NA,NA,NA,NA,NA,9984,7663,5252,NA
"Económico","Durango","Cera. Volumen de la Producción (toneladas)","https://nube.agricultura.gob.mx/cierre_agricola/",NA,NA,NA,NA,NA,22524,10425,6962,NA
"Económico","Guanajuato","Cera. Volumen de la Producción (toneladas)","https://nube.agricultura.gob.mx/cierre_agricola/",NA,NA,NA,NA,NA,11,111,962,NA
"Económico","Guerrero","Cera. Volumen de la Producción (toneladas)","https://nube.agricultura.gob.mx/cierre_agricola/",NA,NA,NA,NA,NA,55714,5505,47047,NA
"Económico","Hidalgo","Cera. Volumen de la Producción (toneladas)","https://nube.agricultura.gob.mx/cierre_agricola/",NA,NA,NA,NA,NA,44781,44092,33098,NA
"Económico","Jalisco","Cera. Volumen de la Producción (toneladas)","https://nube.agricultura.gob.mx/cierre_agricola/",NA,NA,NA,NA,NA,180446,166322,129026,NA
"Económico","México","Cera. Volumen de la Producción (toneladas)","https://nube.agricultura.gob.mx/cierre_agricola/",NA,NA,NA,NA,NA,17222,1684,15138,NA
"Económico","Michoacán de Ocampo","Cera. Volumen de la Producción (toneladas)","https://nube.agricultura.gob.mx/cierre_agricola/",NA,NA,NA,NA,NA,78492,75134,55537,NA
"Económico","Nayarit","Cera. Volumen de la Producción (toneladas)","https://nube.agricultura.gob.mx/cierre_agricola/",NA,NA,NA,NA,NA,9916,9387,9094,NA
"Económico","Nuevo León","Cera. Volumen de la Producción (toneladas)","https://nube.agricultura.gob.mx/cierre_agricola/",NA,NA,NA,NA,NA,2548,2623,2559,NA
"Económico","Oaxaca","Cera. Volumen de la Producción (toneladas)","https://nube.agricultura.gob.mx/cierre_agricola/",NA,NA,NA,NA,NA,132978,13187,107258,NA
"Económico","Puebla","Cera. Volumen de la Producción (toneladas)","https://nube.agricultura.gob.mx/cierre_agricola/",NA,NA,NA,NA,NA,60347,57453,40699,NA
"Económico","Querétaro","Cera. Volumen de la Producción (toneladas)","https://nube.agricultura.gob.mx/cierre_agricola/",NA,NA,NA,NA,NA,1805,1343,875,NA
"Económico","Quintana Roo","Cera. Volumen de la Producción (toneladas)","https://nube.agricultura.gob.mx/cierre_agricola/",NA,NA,NA,NA,NA,10819,86016,68637,NA
"Económico","San Luis Potosí","Cera. Volumen de la Producción (toneladas)","https://nube.agricultura.gob.mx/cierre_agricola/",NA,NA,NA,NA,NA,38561,32199,24244,NA
"Económico","Sinaloa","Cera. Volumen de la Producción (toneladas)","https://nube.agricultura.gob.mx/cierre_agricola/",NA,NA,NA,NA,NA,1111,861,488,NA
"Económico","Tabasco","Cera. Volumen de la Producción (toneladas)","https://nube.agricultura.gob.mx/cierre_agricola/",NA,NA,NA,NA,NA,12409,1238,935,NA
"Económico","Tamaulipas","Cera. Volumen de la Producción (toneladas)","https://nube.agricultura.gob.mx/cierre_agricola/",NA,NA,NA,NA,NA,26655,26354,20031,NA
"Económico","Tlaxcala","Cera. Volumen de la Producción (toneladas)","https://nube.agricultura.gob.mx/cierre_agricola/",NA,NA,NA,NA,NA,14193,13936,10818,NA
"Económico","Veracruz de Ignacio de la Llave","Cera. Volumen de la Producción (toneladas)","https://nube.agricultura.gob.mx/cierre_agricola/",NA,NA,NA,NA,NA,183923,183669,146559,NA
"Económico","Yucatán","Cera. Volumen de la Producción (toneladas)","https://nube.agricultura.gob.mx/cierre_agricola/",NA,NA,NA,NA,NA,152933,160119,162224,NA
"Económico","Zacatecas","Cera. Volumen de la Producción (toneladas)","https://nube.agricultura.gob.mx/cierre_agricola/",NA,NA,NA,NA,NA,87555,31012,19739,NA
"Económico","Aguascalientes","Deuda Pública (Porcentaje del PIB)","https://mexicocomovamos.mx/datos/",124404466349565,931817145999899,931817145999899,NA,NA,NA,NA,NA,NA
"Económico","Baja California","Deuda Pública (Porcentaje del PIB)","https://mexicocomovamos.mx/datos/",37941499877737,305552518686392,295508965571918,NA,NA,NA,NA,NA,NA
"Económico","Baja California Sur","Deuda Pública (Porcentaje del PIB)","https://mexicocomovamos.mx/datos/",179898034331322,121486902549903,119894965086039,NA,NA,NA,NA,NA,NA
"Económico","Campeche","Deuda Pública (Porcentaje del PIB)","https://mexicocomovamos.mx/datos/",182353825798812,586017262969497,585404709391791,NA,NA,NA,NA,NA,NA
"Económico","Coahuila de Zaragoza","Deuda Pública (Porcentaje del PIB)","https://mexicocomovamos.mx/datos/",564158858846822,482807418664734,482969044823925,NA,NA,NA,NA,NA,NA
"Económico","Colima","Deuda Pública (Porcentaje del PIB)","https://mexicocomovamos.mx/datos/",314139878033518,319473884047807,298513329569586,NA,NA,NA,NA,NA,NA
"Económico","Chiapas","Deuda Pública (Porcentaje del PIB)","https://mexicocomovamos.mx/datos/",569872039788081,635276708664873,632543924078509,NA,NA,NA,NA,NA,NA
"Económico","Chihuahua","Deuda Pública (Porcentaje del PIB)","https://mexicocomovamos.mx/datos/",920859598940621,715271970179824,703337494320769,NA,NA,NA,NA,NA,NA
"Económico","Ciudad de México","Deuda Pública (Porcentaje del PIB)","https://mexicocomovamos.mx/datos/",245560948846876,239736382702911,237085228993737,NA,NA,NA,NA,NA,NA
"Económico","Durango","Deuda Pública (Porcentaje del PIB)","https://mexicocomovamos.mx/datos/",30100918291151,318094131862011,312595831760009,NA,NA,NA,NA,NA,NA
"Económico","Guanajuato","Deuda Pública (Porcentaje del PIB)","https://mexicocomovamos.mx/datos/",891396612653667,811545529715591,788156630635573,NA,NA,NA,NA,NA,NA
"Económico","Guerrero","Deuda Pública (Porcentaje del PIB)","https://mexicocomovamos.mx/datos/",194293752960069,197594776396015,154832507470061,NA,NA,NA,NA,NA,NA
"Económico","Hidalgo","Deuda Pública (Porcentaje del PIB)","https://mexicocomovamos.mx/datos/",179637507293601,15081277419228,148703037693983,NA,NA,NA,NA,NA,NA
"Económico","Jalisco","Deuda Pública (Porcentaje del PIB)","https://mexicocomovamos.mx/datos/",223030543751885,192948374525471,186727254554527,NA,NA,NA,NA,NA,NA
"Económico","México","Deuda Pública (Porcentaje del PIB)","https://mexicocomovamos.mx/datos/",254382892574727,256861388983741,268825929963107,NA,NA,NA,NA,NA,NA
"Económico","Michoacán de Ocampo","Deuda Pública (Porcentaje del PIB)","https://mexicocomovamos.mx/datos/",463317547084591,391834822852641,384098758219233,NA,NA,NA,NA,NA,NA
"Económico","Morelos","Deuda Pública (Porcentaje del PIB)","https://mexicocomovamos.mx/datos/",26036831162796,257952065614354,25431066391509,NA,NA,NA,NA,NA,NA
"Económico","Nayarit","Deuda Pública (Porcentaje del PIB)","https://mexicocomovamos.mx/datos/",479276507236058,423257432076125,43848566892593,NA,NA,NA,NA,NA,NA
"Económico","Nuevo León","Deuda Pública (Porcentaje del PIB)","https://mexicocomovamos.mx/datos/",514609317728401,496734464737148,490733988289429,NA,NA,NA,NA,NA,NA
"Económico","Oaxaca","Deuda Pública (Porcentaje del PIB)","https://mexicocomovamos.mx/datos/",408924973483018,507746676709727,489656681970947,NA,NA,NA,NA,NA,NA
"Económico","Puebla","Deuda Pública (Porcentaje del PIB)","https://mexicocomovamos.mx/datos/",130740960094565,101210616180065,998422487262148,NA,NA,NA,NA,NA,NA
"Económico","Querétaro","Deuda Pública (Porcentaje del PIB)","https://mexicocomovamos.mx/datos/",238839832326921,141726553442371,137088627252091,NA,NA,NA,NA,NA,NA
"Económico","Quintana Roo","Deuda Pública (Porcentaje del PIB)","https://mexicocomovamos.mx/datos/",74928265191415,679511001736948,685577345829304,NA,NA,NA,NA,NA,NA
"Económico","San Luis Potosí","Deuda Pública (Porcentaje del PIB)","https://mexicocomovamos.mx/datos/",109467515005286,898850634913298,908669822158254,NA,NA,NA,NA,NA,NA
"Económico","Sinaloa","Deuda Pública (Porcentaje del PIB)","https://mexicocomovamos.mx/datos/",174345541650651,158664055984576,158664055984576,NA,NA,NA,NA,NA,NA
"Económico","Sonora","Deuda Pública (Porcentaje del PIB)","https://mexicocomovamos.mx/datos/",515766474361869,415453429871363,403218597844678,NA,NA,NA,NA,NA,NA
"Económico","Tabasco","Deuda Pública (Porcentaje del PIB)","https://mexicocomovamos.mx/datos/",867643675378084,102258118103949,101738423341282,NA,NA,NA,NA,NA,NA
"Económico","Tamaulipas","Deuda Pública (Porcentaje del PIB)","https://mexicocomovamos.mx/datos/",223357527561432,217644653695868,243491464077988,NA,NA,NA,NA,NA,NA
"Económico","Tlaxcala","Deuda Pública (Porcentaje del PIB)","https://mexicocomovamos.mx/datos/",0,309816062048518,549216124911454,NA,NA,NA,NA,NA,NA
"Económico","Veracruz de Ignacio de la Llave","Deuda Pública (Porcentaje del PIB)","https://mexicocomovamos.mx/datos/",493141360921858,502358817380434,49700481527223,NA,NA,NA,NA,NA,NA
"Económico","Yucatán","Deuda Pública (Porcentaje del PIB)","https://mexicocomovamos.mx/datos/",145144268912943,121982452804976,120906955182598,NA,NA,NA,NA,NA,NA
"Económico","Zacatecas","Deuda Pública (Porcentaje del PIB)","https://mexicocomovamos.mx/datos/",393662246053772,44403499879455,408571817113932,NA,NA,NA,NA,NA,NA
"Económico","Aguascalientes","Ganado Bovino. Valor de la Producción (miles de pesos)","https://nube.agricultura.gob.mx/cierre_agricola/",NA,NA,NA,NA,NA,3672907205,3715224578,3977412658,NA
"Económico","Baja California","Ganado Bovino. Valor de la Producción (miles de pesos)","https://nube.agricultura.gob.mx/cierre_agricola/",NA,NA,NA,NA,NA,6983032789,7125844339,6041750106,NA
"Económico","Baja California Sur","Ganado Bovino. Valor de la Producción (miles de pesos)","https://nube.agricultura.gob.mx/cierre_agricola/",NA,NA,NA,NA,NA,351877425,375901032,396660613,NA
"Económico","Campeche","Ganado Bovino. Valor de la Producción (miles de pesos)","https://nube.agricultura.gob.mx/cierre_agricola/",NA,NA,NA,NA,NA,1426164355,1551183721,169721318,NA
"Económico","Coahuila de Zaragoza","Ganado Bovino. Valor de la Producción (miles de pesos)","https://nube.agricultura.gob.mx/cierre_agricola/",NA,NA,NA,NA,NA,3522445661,3694967892,3803524477,NA
"Económico","Colima","Ganado Bovino. Valor de la Producción (miles de pesos)","https://nube.agricultura.gob.mx/cierre_agricola/",NA,NA,NA,NA,NA,832126513,888902183,952819892,NA
"Económico","Chiapas","Ganado Bovino. Valor de la Producción (miles de pesos)","https://nube.agricultura.gob.mx/cierre_agricola/",NA,NA,NA,NA,NA,6263573676,6856766164,7469665975,NA
"Económico","Chihuahua","Ganado Bovino. Valor de la Producción (miles de pesos)","https://nube.agricultura.gob.mx/cierre_agricola/",NA,NA,NA,NA,NA,707253245,7293857225,7630124519,NA
"Económico","Ciudad de México","Ganado Bovino. Valor de la Producción (miles de pesos)","https://nube.agricultura.gob.mx/cierre_agricola/",NA,NA,NA,NA,NA,43108444,46029973,47734886,NA
"Económico","Durango","Ganado Bovino. Valor de la Producción (miles de pesos)","https://nube.agricultura.gob.mx/cierre_agricola/",NA,NA,NA,NA,NA,761787465,8008647653,8459736149,NA
"Económico","Guanajuato","Ganado Bovino. Valor de la Producción (miles de pesos)","https://nube.agricultura.gob.mx/cierre_agricola/",NA,NA,NA,NA,NA,4375732707,4558713461,4724786143,NA
"Económico","Guerrero","Ganado Bovino. Valor de la Producción (miles de pesos)","https://nube.agricultura.gob.mx/cierre_agricola/",NA,NA,NA,NA,NA,2922679184,2989566334,3115015696,NA
"Económico","Hidalgo","Ganado Bovino. Valor de la Producción (miles de pesos)","https://nube.agricultura.gob.mx/cierre_agricola/",NA,NA,NA,NA,NA,2245898095,2322468763,2421808864,NA
"Económico","Jalisco","Ganado Bovino. Valor de la Producción (miles de pesos)","https://nube.agricultura.gob.mx/cierre_agricola/",NA,NA,NA,NA,NA,1.943696531e+16,2.1021293887e+17,2.2013227377e+17,NA
"Económico","México","Ganado Bovino. Valor de la Producción (miles de pesos)","https://nube.agricultura.gob.mx/cierre_agricola/",NA,NA,NA,NA,NA,3370596364,3620944606,383014922,NA
"Económico","Michoacán de Ocampo","Ganado Bovino. Valor de la Producción (miles de pesos)","https://nube.agricultura.gob.mx/cierre_agricola/",NA,NA,NA,NA,NA,6894557556,7116598819,7434468263,NA
"Económico","Morelos","Ganado Bovino. Valor de la Producción (miles de pesos)","https://nube.agricultura.gob.mx/cierre_agricola/",NA,NA,NA,NA,NA,473342364,511713932,532034496,NA
"Económico","Nayarit","Ganado Bovino. Valor de la Producción (miles de pesos)","https://nube.agricultura.gob.mx/cierre_agricola/",NA,NA,NA,NA,NA,1367204421,1418750772,14698064,NA
"Económico","Nuevo León","Ganado Bovino. Valor de la Producción (miles de pesos)","https://nube.agricultura.gob.mx/cierre_agricola/",NA,NA,NA,NA,NA,5995526244,6492320437,6859040818,NA
"Económico","Oaxaca","Ganado Bovino. Valor de la Producción (miles de pesos)","https://nube.agricultura.gob.mx/cierre_agricola/",NA,NA,NA,NA,NA,4049354768,4317044796,4616794738,NA
"Económico","Puebla","Ganado Bovino. Valor de la Producción (miles de pesos)","https://nube.agricultura.gob.mx/cierre_agricola/",NA,NA,NA,NA,NA,2282838932,2495085234,2700484182,NA
"Económico","Querétaro","Ganado Bovino. Valor de la Producción (miles de pesos)","https://nube.agricultura.gob.mx/cierre_agricola/",NA,NA,NA,NA,NA,2777945343,2928862093,6982418242,NA
"Económico","Quintana Roo","Ganado Bovino. Valor de la Producción (miles de pesos)","https://nube.agricultura.gob.mx/cierre_agricola/",NA,NA,NA,NA,NA,322387292,343301594,355150716,NA
"Económico","San Luis Potosí","Ganado Bovino. Valor de la Producción (miles de pesos)","https://nube.agricultura.gob.mx/cierre_agricola/",NA,NA,NA,NA,NA,9457208333,9752659633,1.0075031694e+17,NA
"Económico","Sinaloa","Ganado Bovino. Valor de la Producción (miles de pesos)","https://nube.agricultura.gob.mx/cierre_agricola/",NA,NA,NA,NA,NA,6904199659,7542232048,7871076606,NA
"Económico","Sonora","Ganado Bovino. Valor de la Producción (miles de pesos)","https://nube.agricultura.gob.mx/cierre_agricola/",NA,NA,NA,NA,NA,6093736972,6411925503,7017260492,NA
"Económico","Tabasco","Ganado Bovino. Valor de la Producción (miles de pesos)","https://nube.agricultura.gob.mx/cierre_agricola/",NA,NA,NA,NA,NA,5838734329,6038665323,6320240744,NA
"Económico","Tamaulipas","Ganado Bovino. Valor de la Producción (miles de pesos)","https://nube.agricultura.gob.mx/cierre_agricola/",NA,NA,NA,NA,NA,3243251119,336290575,3551158511,NA
"Económico","Tlaxcala","Ganado Bovino. Valor de la Producción (miles de pesos)","https://nube.agricultura.gob.mx/cierre_agricola/",NA,NA,NA,NA,NA,642887776,669567913,70877514,NA
"Económico","Veracruz de Ignacio de la Llave","Ganado Bovino. Valor de la Producción (miles de pesos)","https://nube.agricultura.gob.mx/cierre_agricola/",NA,NA,NA,NA,NA,1.7699419986e+17,1.8487741247e+17,1.9793782024e+17,NA
"Económico","Yucatán","Ganado Bovino. Valor de la Producción (miles de pesos)","https://nube.agricultura.gob.mx/cierre_agricola/",NA,NA,NA,NA,NA,2377575602,2459638118,2564544186,NA
"Económico","Zacatecas","Ganado Bovino. Valor de la Producción (miles de pesos)","https://nube.agricultura.gob.mx/cierre_agricola/",NA,NA,NA,NA,NA,3457638597,3569255182,3689369159,NA
"Económico","Aguascalientes","Ganado Bovino. Volumen de la Producción (toneladas)","https://nube.agricultura.gob.mx/cierre_agricola/",NA,NA,NA,NA,NA,82053169,82865583,83987067,NA
"Económico","Baja California","Ganado Bovino. Volumen de la Producción (toneladas)","https://nube.agricultura.gob.mx/cierre_agricola/",NA,NA,NA,NA,NA,190270879,191333254,113010503,NA
"Económico","Baja California Sur","Ganado Bovino. Volumen de la Producción (toneladas)","https://nube.agricultura.gob.mx/cierre_agricola/",NA,NA,NA,NA,NA,9932153,10113259,1023632,NA
"Económico","Campeche","Ganado Bovino. Volumen de la Producción (toneladas)","https://nube.agricultura.gob.mx/cierre_agricola/",NA,NA,NA,NA,NA,43638905,44401084,45260327,NA
"Económico","Coahuila de Zaragoza","Ganado Bovino. Volumen de la Producción (toneladas)","https://nube.agricultura.gob.mx/cierre_agricola/",NA,NA,NA,NA,NA,98484119,100164966,100766958,NA
"Económico","Colima","Ganado Bovino. Volumen de la Producción (toneladas)","https://nube.agricultura.gob.mx/cierre_agricola/",NA,NA,NA,NA,NA,21891073,22335328,22755756,NA
"Económico","Chiapas","Ganado Bovino. Volumen de la Producción (toneladas)","https://nube.agricultura.gob.mx/cierre_agricola/",NA,NA,NA,NA,NA,206037597,210282597,214351511,NA
"Económico","Chihuahua","Ganado Bovino. Volumen de la Producción (toneladas)","https://nube.agricultura.gob.mx/cierre_agricola/",NA,NA,NA,NA,NA,167220731,170323631,172382494,NA
"Económico","Ciudad de México","Ganado Bovino. Volumen de la Producción (toneladas)","https://nube.agricultura.gob.mx/cierre_agricola/",NA,NA,NA,NA,NA,1035133,1037253,1031432,NA
"Económico","Durango","Ganado Bovino. Volumen de la Producción (toneladas)","https://nube.agricultura.gob.mx/cierre_agricola/",NA,NA,NA,NA,NA,209844113,214420612,217818351,NA
"Económico","Guanajuato","Ganado Bovino. Volumen de la Producción (toneladas)","https://nube.agricultura.gob.mx/cierre_agricola/",NA,NA,NA,NA,NA,106951178,109062256,110217211,NA
"Económico","Guerrero","Ganado Bovino. Volumen de la Producción (toneladas)","https://nube.agricultura.gob.mx/cierre_agricola/",NA,NA,NA,NA,NA,84459344,85945387,86735405,NA
"Económico","Hidalgo","Ganado Bovino. Volumen de la Producción (toneladas)","https://nube.agricultura.gob.mx/cierre_agricola/",NA,NA,NA,NA,NA,60644866,6179153,62636734,NA
"Económico","Jalisco","Ganado Bovino. Volumen de la Producción (toneladas)","https://nube.agricultura.gob.mx/cierre_agricola/",NA,NA,NA,NA,NA,463061417,472346447,479139605,NA
"Económico","México","Ganado Bovino. Volumen de la Producción (toneladas)","https://nube.agricultura.gob.mx/cierre_agricola/",NA,NA,NA,NA,NA,80533088,81713282,82797163,NA
"Económico","Michoacán de Ocampo","Ganado Bovino. Volumen de la Producción (toneladas)","https://nube.agricultura.gob.mx/cierre_agricola/",NA,NA,NA,NA,NA,186057093,189479146,191658303,NA
"Económico","Morelos","Ganado Bovino. Volumen de la Producción (toneladas)","https://nube.agricultura.gob.mx/cierre_agricola/",NA,NA,NA,NA,NA,13105417,13373229,13545266,NA
"Económico","Nayarit","Ganado Bovino. Volumen de la Producción (toneladas)","https://nube.agricultura.gob.mx/cierre_agricola/",NA,NA,NA,NA,NA,35581047,35913121,36345101,NA
"Económico","Nuevo León","Ganado Bovino. Volumen de la Producción (toneladas)","https://nube.agricultura.gob.mx/cierre_agricola/",NA,NA,NA,NA,NA,130672651,13343563,134884811,NA
"Económico","Oaxaca","Ganado Bovino. Volumen de la Producción (toneladas)","https://nube.agricultura.gob.mx/cierre_agricola/",NA,NA,NA,NA,NA,121846676,123880505,125323268,NA
"Económico","Puebla","Ganado Bovino. Volumen de la Producción (toneladas)","https://nube.agricultura.gob.mx/cierre_agricola/",NA,NA,NA,NA,NA,79429041,80846939,81942765,NA
"Económico","Querétaro","Ganado Bovino. Volumen de la Producción (toneladas)","https://nube.agricultura.gob.mx/cierre_agricola/",NA,NA,NA,NA,NA,6336895,64579531,148874209,NA
"Económico","Quintana Roo","Ganado Bovino. Volumen de la Producción (toneladas)","https://nube.agricultura.gob.mx/cierre_agricola/",NA,NA,NA,NA,NA,8280594,8491496,8605495,NA
"Económico","San Luis Potosí","Ganado Bovino. Volumen de la Producción (toneladas)","https://nube.agricultura.gob.mx/cierre_agricola/",NA,NA,NA,NA,NA,227829958,231832135,235532673,NA
"Económico","Sinaloa","Ganado Bovino. Volumen de la Producción (toneladas)","https://nube.agricultura.gob.mx/cierre_agricola/",NA,NA,NA,NA,NA,194793585,19746016,200814593,NA
"Económico","Sonora","Ganado Bovino. Volumen de la Producción (toneladas)","https://nube.agricultura.gob.mx/cierre_agricola/",NA,NA,NA,NA,NA,140585185,142871936,143225371,NA
"Económico","Tabasco","Ganado Bovino. Volumen de la Producción (toneladas)","https://nube.agricultura.gob.mx/cierre_agricola/",NA,NA,NA,NA,NA,142031007,144132961,146430112,NA
"Económico","Tamaulipas","Ganado Bovino. Volumen de la Producción (toneladas)","https://nube.agricultura.gob.mx/cierre_agricola/",NA,NA,NA,NA,NA,81382994,82737078,83748842,NA
"Económico","Tlaxcala","Ganado Bovino. Volumen de la Producción (toneladas)","https://nube.agricultura.gob.mx/cierre_agricola/",NA,NA,NA,NA,NA,16365622,16408702,16514033,NA
"Económico","Veracruz de Ignacio de la Llave","Ganado Bovino. Volumen de la Producción (toneladas)","https://nube.agricultura.gob.mx/cierre_agricola/",NA,NA,NA,NA,NA,515349706,525610591,531571775,NA
"Económico","Yucatán","Ganado Bovino. Volumen de la Producción (toneladas)","https://nube.agricultura.gob.mx/cierre_agricola/",NA,NA,NA,NA,NA,63020793,64149663,6507929,NA
"Económico","Zacatecas","Ganado Bovino. Volumen de la Producción (toneladas)","https://nube.agricultura.gob.mx/cierre_agricola/",NA,NA,NA,NA,NA,8751021,88673729,88835854,NA
"Económico","Aguascalientes","Ganado Caprino. Valor de la Producción (miles de pesos)","https://nube.agricultura.gob.mx/cierre_agricola/",NA,NA,NA,NA,NA,11730029,11963864,12566501,NA
"Económico","Baja California","Ganado Caprino. Valor de la Producción (miles de pesos)","https://nube.agricultura.gob.mx/cierre_agricola/",NA,NA,NA,NA,NA,15953569,15539966,16461578,NA
"Económico","Baja California Sur","Ganado Caprino. Valor de la Producción (miles de pesos)","https://nube.agricultura.gob.mx/cierre_agricola/",NA,NA,NA,NA,NA,2801383,28754687,30413057,NA
"Económico","Campeche","Ganado Caprino. Valor de la Producción (miles de pesos)","https://nube.agricultura.gob.mx/cierre_agricola/",NA,NA,NA,NA,NA,2509805,2571311,2769249,NA
"Económico","Coahuila de Zaragoza","Ganado Caprino. Valor de la Producción (miles de pesos)","https://nube.agricultura.gob.mx/cierre_agricola/",NA,NA,NA,NA,NA,263346177,26843541,276774768,NA
"Económico","Colima","Ganado Caprino. Valor de la Producción (miles de pesos)","https://nube.agricultura.gob.mx/cierre_agricola/",NA,NA,NA,NA,NA,5041647,5056901,5315799,NA
"Económico","Chihuahua","Ganado Caprino. Valor de la Producción (miles de pesos)","https://nube.agricultura.gob.mx/cierre_agricola/",NA,NA,NA,NA,NA,42888127,4230623,42995167,NA
"Económico","Durango","Ganado Caprino. Valor de la Producción (miles de pesos)","https://nube.agricultura.gob.mx/cierre_agricola/",NA,NA,NA,NA,NA,64353604,60496177,62376431,NA
"Económico","Guanajuato","Ganado Caprino. Valor de la Producción (miles de pesos)","https://nube.agricultura.gob.mx/cierre_agricola/",NA,NA,NA,NA,NA,114933049,116973021,124212419,NA
"Económico","Guerrero","Ganado Caprino. Valor de la Producción (miles de pesos)","https://nube.agricultura.gob.mx/cierre_agricola/",NA,NA,NA,NA,NA,250824423,255376563,267627691,NA
"Económico","Hidalgo","Ganado Caprino. Valor de la Producción (miles de pesos)","https://nube.agricultura.gob.mx/cierre_agricola/",NA,NA,NA,NA,NA,57666874,56784846,59095031,NA
"Económico","Jalisco","Ganado Caprino. Valor de la Producción (miles de pesos)","https://nube.agricultura.gob.mx/cierre_agricola/",NA,NA,NA,NA,NA,158445207,158387343,167866782,NA
"Económico","México","Ganado Caprino. Valor de la Producción (miles de pesos)","https://nube.agricultura.gob.mx/cierre_agricola/",NA,NA,NA,NA,NA,33451011,33148952,3476805,NA
"Económico","Michoacán de Ocampo","Ganado Caprino. Valor de la Producción (miles de pesos)","https://nube.agricultura.gob.mx/cierre_agricola/",NA,NA,NA,NA,NA,176465992,181202137,190063803,NA
"Económico","Morelos","Ganado Caprino. Valor de la Producción (miles de pesos)","https://nube.agricultura.gob.mx/cierre_agricola/",NA,NA,NA,NA,NA,46807387,49264608,52403301,NA
"Económico","Nayarit","Ganado Caprino. Valor de la Producción (miles de pesos)","https://nube.agricultura.gob.mx/cierre_agricola/",NA,NA,NA,NA,NA,8826331,8938575,9280622,NA
"Económico","Nuevo León","Ganado Caprino. Valor de la Producción (miles de pesos)","https://nube.agricultura.gob.mx/cierre_agricola/",NA,NA,NA,NA,NA,159371585,164806373,182444433,NA
"Económico","Oaxaca","Ganado Caprino. Valor de la Producción (miles de pesos)","https://nube.agricultura.gob.mx/cierre_agricola/",NA,NA,NA,NA,NA,256419388,257649614,270484284,NA
"Económico","Puebla","Ganado Caprino. Valor de la Producción (miles de pesos)","https://nube.agricultura.gob.mx/cierre_agricola/",NA,NA,NA,NA,NA,234408279,238817432,253516765,NA
"Económico","Querétaro","Ganado Caprino. Valor de la Producción (miles de pesos)","https://nube.agricultura.gob.mx/cierre_agricola/",NA,NA,NA,NA,NA,12362355,12977405,13734086,NA
"Económico","Quintana Roo","Ganado Caprino. Valor de la Producción (miles de pesos)","https://nube.agricultura.gob.mx/cierre_agricola/",NA,NA,NA,NA,NA,2033671,2041386,2058095,NA
"Económico","San Luis Potosí","Ganado Caprino. Valor de la Producción (miles de pesos)","https://nube.agricultura.gob.mx/cierre_agricola/",NA,NA,NA,NA,NA,296213683,300136411,309125628,NA
"Económico","Sinaloa","Ganado Caprino. Valor de la Producción (miles de pesos)","https://nube.agricultura.gob.mx/cierre_agricola/",NA,NA,NA,NA,NA,78310183,78545317,81693853,NA
"Económico","Sonora","Ganado Caprino. Valor de la Producción (miles de pesos)","https://nube.agricultura.gob.mx/cierre_agricola/",NA,NA,NA,NA,NA,19201396,20526861,21462068,NA
"Económico","Tamaulipas","Ganado Caprino. Valor de la Producción (miles de pesos)","https://nube.agricultura.gob.mx/cierre_agricola/",NA,NA,NA,NA,NA,102594797,103501935,107823469,NA
"Económico","Tlaxcala","Ganado Caprino. Valor de la Producción (miles de pesos)","https://nube.agricultura.gob.mx/cierre_agricola/",NA,NA,NA,NA,NA,29856833,27796303,28437318,NA
"Económico","Veracruz de Ignacio de la Llave","Ganado Caprino. Valor de la Producción (miles de pesos)","https://nube.agricultura.gob.mx/cierre_agricola/",NA,NA,NA,NA,NA,45231194,46410729,48754033,NA
"Económico","Yucatán","Ganado Caprino. Valor de la Producción (miles de pesos)","https://nube.agricultura.gob.mx/cierre_agricola/",NA,NA,NA,NA,NA,507114,540001,607129,NA
"Económico","Zacatecas","Ganado Caprino. Valor de la Producción (miles de pesos)","https://nube.agricultura.gob.mx/cierre_agricola/",NA,NA,NA,NA,NA,30317031,315740228,322775204,NA
"Económico","Aguascalientes","Ganado Caprino. Volumen de la Producción (toneladas)","https://nube.agricultura.gob.mx/cierre_agricola/",NA,NA,NA,NA,NA,332235,323404,321614,NA
"Económico","Baja California","Ganado Caprino. Volumen de la Producción (toneladas)","https://nube.agricultura.gob.mx/cierre_agricola/",NA,NA,NA,NA,NA,411267,401676,406891,NA
"Económico","Baja California Sur","Ganado Caprino. Volumen de la Producción (toneladas)","https://nube.agricultura.gob.mx/cierre_agricola/",NA,NA,NA,NA,NA,857662,871099,884786,NA
"Económico","Campeche","Ganado Caprino. Volumen de la Producción (toneladas)","https://nube.agricultura.gob.mx/cierre_agricola/",NA,NA,NA,NA,NA,81249,82366,82492,NA
"Económico","Coahuila de Zaragoza","Ganado Caprino. Volumen de la Producción (toneladas)","https://nube.agricultura.gob.mx/cierre_agricola/",NA,NA,NA,NA,NA,7721273,7805728,7748505,NA
"Económico","Colima","Ganado Caprino. Volumen de la Producción (toneladas)","https://nube.agricultura.gob.mx/cierre_agricola/",NA,NA,NA,NA,NA,124857,127174,128142,NA
"Económico","Chihuahua","Ganado Caprino. Volumen de la Producción (toneladas)","https://nube.agricultura.gob.mx/cierre_agricola/",NA,NA,NA,NA,NA,1296551,1304912,1261195,NA
"Económico","Durango","Ganado Caprino. Volumen de la Producción (toneladas)","https://nube.agricultura.gob.mx/cierre_agricola/",NA,NA,NA,NA,NA,1898617,1826468,1808433,NA
"Económico","Guanajuato","Ganado Caprino. Volumen de la Producción (toneladas)","https://nube.agricultura.gob.mx/cierre_agricola/",NA,NA,NA,NA,NA,2805916,2877248,2864076,NA
"Económico","Guerrero","Ganado Caprino. Volumen de la Producción (toneladas)","https://nube.agricultura.gob.mx/cierre_agricola/",NA,NA,NA,NA,NA,7392805,7542986,7485765,NA
"Económico","Hidalgo","Ganado Caprino. Volumen de la Producción (toneladas)","https://nube.agricultura.gob.mx/cierre_agricola/",NA,NA,NA,NA,NA,1546847,1558933,1545241,NA
"Económico","Jalisco","Ganado Caprino. Volumen de la Producción (toneladas)","https://nube.agricultura.gob.mx/cierre_agricola/",NA,NA,NA,NA,NA,3981067,4074956,4056031,NA
"Económico","México","Ganado Caprino. Volumen de la Producción (toneladas)","https://nube.agricultura.gob.mx/cierre_agricola/",NA,NA,NA,NA,NA,888471,889534,891631,NA
"Económico","Michoacán de Ocampo","Ganado Caprino. Volumen de la Producción (toneladas)","https://nube.agricultura.gob.mx/cierre_agricola/",NA,NA,NA,NA,NA,5080574,5225458,5221018,NA
"Económico","Morelos","Ganado Caprino. Volumen de la Producción (toneladas)","https://nube.agricultura.gob.mx/cierre_agricola/",NA,NA,NA,NA,NA,1274457,1329878,1350616,NA
"Económico","Nayarit","Ganado Caprino. Volumen de la Producción (toneladas)","https://nube.agricultura.gob.mx/cierre_agricola/",NA,NA,NA,NA,NA,254274,256124,257519,NA
"Económico","Nuevo León","Ganado Caprino. Volumen de la Producción (toneladas)","https://nube.agricultura.gob.mx/cierre_agricola/",NA,NA,NA,NA,NA,3141576,3172281,315742,NA
"Económico","Oaxaca","Ganado Caprino. Volumen de la Producción (toneladas)","https://nube.agricultura.gob.mx/cierre_agricola/",NA,NA,NA,NA,NA,7282358,7480278,7372137,NA
"Económico","Puebla","Ganado Caprino. Volumen de la Producción (toneladas)","https://nube.agricultura.gob.mx/cierre_agricola/",NA,NA,NA,NA,NA,7572078,7808374,7763752,NA
"Económico","Querétaro","Ganado Caprino. Volumen de la Producción (toneladas)","https://nube.agricultura.gob.mx/cierre_agricola/",NA,NA,NA,NA,NA,339032,349437,350169,NA
"Económico","Quintana Roo","Ganado Caprino. Volumen de la Producción (toneladas)","https://nube.agricultura.gob.mx/cierre_agricola/",NA,NA,NA,NA,NA,50403,50298,49228,NA
"Económico","San Luis Potosí","Ganado Caprino. Volumen de la Producción (toneladas)","https://nube.agricultura.gob.mx/cierre_agricola/",NA,NA,NA,NA,NA,8375808,8460577,8321059,NA
"Económico","Sinaloa","Ganado Caprino. Volumen de la Producción (toneladas)","https://nube.agricultura.gob.mx/cierre_agricola/",NA,NA,NA,NA,NA,2220109,2242471,2217957,NA
"Económico","Sonora","Ganado Caprino. Volumen de la Producción (toneladas)","https://nube.agricultura.gob.mx/cierre_agricola/",NA,NA,NA,NA,NA,54236,568204,569014,NA
"Económico","Tamaulipas","Ganado Caprino. Volumen de la Producción (toneladas)","https://nube.agricultura.gob.mx/cierre_agricola/",NA,NA,NA,NA,NA,2935867,2978548,2961701,NA
"Económico","Tlaxcala","Ganado Caprino. Volumen de la Producción (toneladas)","https://nube.agricultura.gob.mx/cierre_agricola/",NA,NA,NA,NA,NA,757229,70334,689552,NA
"Económico","Veracruz de Ignacio de la Llave","Ganado Caprino. Volumen de la Producción (toneladas)","https://nube.agricultura.gob.mx/cierre_agricola/",NA,NA,NA,NA,NA,1359403,1400082,141388,NA
"Económico","Yucatán","Ganado Caprino. Volumen de la Producción (toneladas)","https://nube.agricultura.gob.mx/cierre_agricola/",NA,NA,NA,NA,NA,14284,15321,16625,NA
"Económico","Zacatecas","Ganado Caprino. Volumen de la Producción (toneladas)","https://nube.agricultura.gob.mx/cierre_agricola/",NA,NA,NA,NA,NA,8814111,8931737,8620986,NA
"Económico","Aguascalientes","Ganado Ovino.  Volumen de la Producción (toneladas)","https://nube.agricultura.gob.mx/cierre_agricola/",NA,NA,NA,NA,NA,159747,1643476,1655912,NA
"Económico","Baja California","Ganado Ovino.  Volumen de la Producción (toneladas)","https://nube.agricultura.gob.mx/cierre_agricola/",NA,NA,NA,NA,NA,574927,577849,58092,NA
"Económico","Baja California Sur","Ganado Ovino.  Volumen de la Producción (toneladas)","https://nube.agricultura.gob.mx/cierre_agricola/",NA,NA,NA,NA,NA,437679,444701,448674,NA
"Económico","Campeche","Ganado Ovino.  Volumen de la Producción (toneladas)","https://nube.agricultura.gob.mx/cierre_agricola/",NA,NA,NA,NA,NA,3302769,3337924,3364436,NA
"Económico","Coahuila de Zaragoza","Ganado Ovino.  Volumen de la Producción (toneladas)","https://nube.agricultura.gob.mx/cierre_agricola/",NA,NA,NA,NA,NA,1356509,1387722,1390833,NA
"Económico","Colima","Ganado Ovino.  Volumen de la Producción (toneladas)","https://nube.agricultura.gob.mx/cierre_agricola/",NA,NA,NA,NA,NA,209735,215081,21975,NA
"Económico","Chiapas","Ganado Ovino.  Volumen de la Producción (toneladas)","https://nube.agricultura.gob.mx/cierre_agricola/",NA,NA,NA,NA,NA,3653165,3760061,384055,NA
"Económico","Chihuahua","Ganado Ovino.  Volumen de la Producción (toneladas)","https://nube.agricultura.gob.mx/cierre_agricola/",NA,NA,NA,NA,NA,3015667,3105729,3157124,NA
"Económico","Ciudad de México","Ganado Ovino.  Volumen de la Producción (toneladas)","https://nube.agricultura.gob.mx/cierre_agricola/",NA,NA,NA,NA,NA,417694,416105,411679,NA
"Económico","Durango","Ganado Ovino.  Volumen de la Producción (toneladas)","https://nube.agricultura.gob.mx/cierre_agricola/",NA,NA,NA,NA,NA,902122,921005,934169,NA
"Económico","Guanajuato","Ganado Ovino.  Volumen de la Producción (toneladas)","https://nube.agricultura.gob.mx/cierre_agricola/",NA,NA,NA,NA,NA,4523935,4593223,4632017,NA
"Económico","Guerrero","Ganado Ovino.  Volumen de la Producción (toneladas)","https://nube.agricultura.gob.mx/cierre_agricola/",NA,NA,NA,NA,NA,2899529,2900078,2928274,NA
"Económico","Hidalgo","Ganado Ovino.  Volumen de la Producción (toneladas)","https://nube.agricultura.gob.mx/cierre_agricola/",NA,NA,NA,NA,NA,13273775,13484404,13730458,NA
"Económico","Jalisco","Ganado Ovino.  Volumen de la Producción (toneladas)","https://nube.agricultura.gob.mx/cierre_agricola/",NA,NA,NA,NA,NA,981349,10186326,10378122,NA
"Económico","México","Ganado Ovino.  Volumen de la Producción (toneladas)","https://nube.agricultura.gob.mx/cierre_agricola/",NA,NA,NA,NA,NA,17682851,18139969,18489705,NA
"Económico","Michoacán de Ocampo","Ganado Ovino.  Volumen de la Producción (toneladas)","https://nube.agricultura.gob.mx/cierre_agricola/",NA,NA,NA,NA,NA,35118,3617059,3676672,NA
"Económico","Morelos","Ganado Ovino.  Volumen de la Producción (toneladas)","https://nube.agricultura.gob.mx/cierre_agricola/",NA,NA,NA,NA,NA,1412797,1435452,1435699,NA
"Económico","Nayarit","Ganado Ovino.  Volumen de la Producción (toneladas)","https://nube.agricultura.gob.mx/cierre_agricola/",NA,NA,NA,NA,NA,479753,485155,487444,NA
"Económico","Nuevo León","Ganado Ovino.  Volumen de la Producción (toneladas)","https://nube.agricultura.gob.mx/cierre_agricola/",NA,NA,NA,NA,NA,3466237,3572831,3646499,NA
"Económico","Oaxaca","Ganado Ovino.  Volumen de la Producción (toneladas)","https://nube.agricultura.gob.mx/cierre_agricola/",NA,NA,NA,NA,NA,4869072,4977079,5049618,NA
"Económico","Puebla","Ganado Ovino.  Volumen de la Producción (toneladas)","https://nube.agricultura.gob.mx/cierre_agricola/",NA,NA,NA,NA,NA,8471789,8544594,8657354,NA
"Económico","Querétaro","Ganado Ovino.  Volumen de la Producción (toneladas)","https://nube.agricultura.gob.mx/cierre_agricola/",NA,NA,NA,NA,NA,2064097,211544,2153094,NA
"Económico","Quintana Roo","Ganado Ovino.  Volumen de la Producción (toneladas)","https://nube.agricultura.gob.mx/cierre_agricola/",NA,NA,NA,NA,NA,992611,997392,995869,NA
"Económico","San Luis Potosí","Ganado Ovino.  Volumen de la Producción (toneladas)","https://nube.agricultura.gob.mx/cierre_agricola/",NA,NA,NA,NA,NA,5801934,5849346,5782745,NA
"Económico","Sinaloa","Ganado Ovino.  Volumen de la Producción (toneladas)","https://nube.agricultura.gob.mx/cierre_agricola/",NA,NA,NA,NA,NA,2416363,2419613,2401003,NA
"Económico","Sonora","Ganado Ovino.  Volumen de la Producción (toneladas)","https://nube.agricultura.gob.mx/cierre_agricola/",NA,NA,NA,NA,NA,1060158,1055115,1065704,NA
"Económico","Tabasco","Ganado Ovino.  Volumen de la Producción (toneladas)","https://nube.agricultura.gob.mx/cierre_agricola/",NA,NA,NA,NA,NA,630395,658186,668011,NA
"Económico","Tamaulipas","Ganado Ovino.  Volumen de la Producción (toneladas)","https://nube.agricultura.gob.mx/cierre_agricola/",NA,NA,NA,NA,NA,2786698,279852,2827788,NA
"Económico","Tlaxcala","Ganado Ovino.  Volumen de la Producción (toneladas)","https://nube.agricultura.gob.mx/cierre_agricola/",NA,NA,NA,NA,NA,5902813,615012,6187228,NA
"Económico","Veracruz de Ignacio de la Llave","Ganado Ovino.  Volumen de la Producción (toneladas)","https://nube.agricultura.gob.mx/cierre_agricola/",NA,NA,NA,NA,NA,11509298,11751081,11942439,NA
"Económico","Yucatán","Ganado Ovino.  Volumen de la Producción (toneladas)","https://nube.agricultura.gob.mx/cierre_agricola/",NA,NA,NA,NA,NA,2066906,2127271,2178934,NA
"Económico","Zacatecas","Ganado Ovino.  Volumen de la Producción (toneladas)","https://nube.agricultura.gob.mx/cierre_agricola/",NA,NA,NA,NA,NA,8578734,8660802,8583972,NA
"Económico","Aguascalientes","Ganado Ovino. Valor de la Producción (miles de pesos)","https://nube.agricultura.gob.mx/cierre_agricola/",NA,NA,NA,NA,NA,61924147,67755471,73644411,NA
"Económico","Baja California","Ganado Ovino. Valor de la Producción (miles de pesos)","https://nube.agricultura.gob.mx/cierre_agricola/",NA,NA,NA,NA,NA,23158435,23928125,26093307,NA
"Económico","Baja California Sur","Ganado Ovino. Valor de la Producción (miles de pesos)","https://nube.agricultura.gob.mx/cierre_agricola/",NA,NA,NA,NA,NA,15917297,16853466,18981591,NA
"Económico","Campeche","Ganado Ovino. Valor de la Producción (miles de pesos)","https://nube.agricultura.gob.mx/cierre_agricola/",NA,NA,NA,NA,NA,112106107,125610547,146209065,NA
"Económico","Coahuila de Zaragoza","Ganado Ovino. Valor de la Producción (miles de pesos)","https://nube.agricultura.gob.mx/cierre_agricola/",NA,NA,NA,NA,NA,43573747,49544571,57158736,NA
"Económico","Colima","Ganado Ovino. Valor de la Producción (miles de pesos)","https://nube.agricultura.gob.mx/cierre_agricola/",NA,NA,NA,NA,NA,8413012,8961098,9584154,NA
"Económico","Chiapas","Ganado Ovino. Valor de la Producción (miles de pesos)","https://nube.agricultura.gob.mx/cierre_agricola/",NA,NA,NA,NA,NA,126018304,143572705,165342832,NA
"Económico","Chihuahua","Ganado Ovino. Valor de la Producción (miles de pesos)","https://nube.agricultura.gob.mx/cierre_agricola/",NA,NA,NA,NA,NA,98666648,113389429,133446054,NA
"Económico","Ciudad de México","Ganado Ovino. Valor de la Producción (miles de pesos)","https://nube.agricultura.gob.mx/cierre_agricola/",NA,NA,NA,NA,NA,20410043,21754372,22173144,NA
"Económico","Durango","Ganado Ovino. Valor de la Producción (miles de pesos)","https://nube.agricultura.gob.mx/cierre_agricola/",NA,NA,NA,NA,NA,29798903,32938975,3796981,NA
"Económico","Guanajuato","Ganado Ovino. Valor de la Producción (miles de pesos)","https://nube.agricultura.gob.mx/cierre_agricola/",NA,NA,NA,NA,NA,183750901,193814395,21332765,NA
"Económico","Guerrero","Ganado Ovino. Valor de la Producción (miles de pesos)","https://nube.agricultura.gob.mx/cierre_agricola/",NA,NA,NA,NA,NA,1098384,115282866,125825819,NA
"Económico","Hidalgo","Ganado Ovino. Valor de la Producción (miles de pesos)","https://nube.agricultura.gob.mx/cierre_agricola/",NA,NA,NA,NA,NA,620638095,657093588,702253682,NA
"Económico","Jalisco","Ganado Ovino. Valor de la Producción (miles de pesos)","https://nube.agricultura.gob.mx/cierre_agricola/",NA,NA,NA,NA,NA,441197364,499446942,536779573,NA
"Económico","México","Ganado Ovino. Valor de la Producción (miles de pesos)","https://nube.agricultura.gob.mx/cierre_agricola/",NA,NA,NA,NA,NA,770490145,883509088,947751017,NA
"Económico","Michoacán de Ocampo","Ganado Ovino. Valor de la Producción (miles de pesos)","https://nube.agricultura.gob.mx/cierre_agricola/",NA,NA,NA,NA,NA,133182472,149492635,160987485,NA
"Económico","Morelos","Ganado Ovino. Valor de la Producción (miles de pesos)","https://nube.agricultura.gob.mx/cierre_agricola/",NA,NA,NA,NA,NA,54751507,58747962,62805817,NA
"Económico","Nayarit","Ganado Ovino. Valor de la Producción (miles de pesos)","https://nube.agricultura.gob.mx/cierre_agricola/",NA,NA,NA,NA,NA,16838415,17715975,20267071,NA
"Económico","Nuevo León","Ganado Ovino. Valor de la Producción (miles de pesos)","https://nube.agricultura.gob.mx/cierre_agricola/",NA,NA,NA,NA,NA,140949858,150526626,162822528,NA
"Económico","Oaxaca","Ganado Ovino. Valor de la Producción (miles de pesos)","https://nube.agricultura.gob.mx/cierre_agricola/",NA,NA,NA,NA,NA,188353467,202999529,216067473,NA
"Económico","Puebla","Ganado Ovino. Valor de la Producción (miles de pesos)","https://nube.agricultura.gob.mx/cierre_agricola/",NA,NA,NA,NA,NA,257136128,290394963,36098983,NA
"Económico","Querétaro","Ganado Ovino. Valor de la Producción (miles de pesos)","https://nube.agricultura.gob.mx/cierre_agricola/",NA,NA,NA,NA,NA,99769663,106248475,113347521,NA
"Económico","Quintana Roo","Ganado Ovino. Valor de la Producción (miles de pesos)","https://nube.agricultura.gob.mx/cierre_agricola/",NA,NA,NA,NA,NA,44569033,44933322,47197134,NA
"Económico","San Luis Potosí","Ganado Ovino. Valor de la Producción (miles de pesos)","https://nube.agricultura.gob.mx/cierre_agricola/",NA,NA,NA,NA,NA,225283646,236345938,256143532,NA
"Económico","Sinaloa","Ganado Ovino. Valor de la Producción (miles de pesos)","https://nube.agricultura.gob.mx/cierre_agricola/",NA,NA,NA,NA,NA,80579559,85231711,98756363,NA
"Económico","Sonora","Ganado Ovino. Valor de la Producción (miles de pesos)","https://nube.agricultura.gob.mx/cierre_agricola/",NA,NA,NA,NA,NA,40968254,41845546,45287512,NA
"Económico","Tabasco","Ganado Ovino. Valor de la Producción (miles de pesos)","https://nube.agricultura.gob.mx/cierre_agricola/",NA,NA,NA,NA,NA,2663174,29038032,30476184,NA
"Económico","Tamaulipas","Ganado Ovino. Valor de la Producción (miles de pesos)","https://nube.agricultura.gob.mx/cierre_agricola/",NA,NA,NA,NA,NA,10276802,108530609,122066034,NA
"Económico","Tlaxcala","Ganado Ovino. Valor de la Producción (miles de pesos)","https://nube.agricultura.gob.mx/cierre_agricola/",NA,NA,NA,NA,NA,283647917,303263305,317927988,NA
"Económico","Veracruz de Ignacio de la Llave","Ganado Ovino. Valor de la Producción (miles de pesos)","https://nube.agricultura.gob.mx/cierre_agricola/",NA,NA,NA,NA,NA,434232774,455661661,50902404,NA
"Económico","Yucatán","Ganado Ovino. Valor de la Producción (miles de pesos)","https://nube.agricultura.gob.mx/cierre_agricola/",NA,NA,NA,NA,NA,76128093,81800962,92690038,NA
"Económico","Zacatecas","Ganado Ovino. Valor de la Producción (miles de pesos)","https://nube.agricultura.gob.mx/cierre_agricola/",NA,NA,NA,NA,NA,331467686,352588297,375322993,NA
"Económico","Aguascalientes","Ganado Porcino. Valor de la Producción (miles de pesos)","https://nube.agricultura.gob.mx/cierre_agricola/",NA,NA,NA,NA,NA,812866437,892198821,935035066,NA
"Económico","Baja California","Ganado Porcino. Valor de la Producción (miles de pesos)","https://nube.agricultura.gob.mx/cierre_agricola/",NA,NA,NA,NA,NA,43055146,48429802,52825568,NA
"Económico","Baja California Sur","Ganado Porcino. Valor de la Producción (miles de pesos)","https://nube.agricultura.gob.mx/cierre_agricola/",NA,NA,NA,NA,NA,39787334,45157322,5128662,NA
"Económico","Campeche","Ganado Porcino. Valor de la Producción (miles de pesos)","https://nube.agricultura.gob.mx/cierre_agricola/",NA,NA,NA,NA,NA,261235659,286086018,30679997,NA
"Económico","Coahuila de Zaragoza","Ganado Porcino. Valor de la Producción (miles de pesos)","https://nube.agricultura.gob.mx/cierre_agricola/",NA,NA,NA,NA,NA,258508367,267272271,282895424,NA
"Económico","Colima","Ganado Porcino. Valor de la Producción (miles de pesos)","https://nube.agricultura.gob.mx/cierre_agricola/",NA,NA,NA,NA,NA,396759675,375651218,387612856,NA
"Económico","Chiapas","Ganado Porcino. Valor de la Producción (miles de pesos)","https://nube.agricultura.gob.mx/cierre_agricola/",NA,NA,NA,NA,NA,1473791617,1586581012,1657303144,NA
"Económico","Chihuahua","Ganado Porcino. Valor de la Producción (miles de pesos)","https://nube.agricultura.gob.mx/cierre_agricola/",NA,NA,NA,NA,NA,34953458,378856831,399106355,NA
"Económico","Ciudad de México","Ganado Porcino. Valor de la Producción (miles de pesos)","https://nube.agricultura.gob.mx/cierre_agricola/",NA,NA,NA,NA,NA,74011992,74455251,75106521,NA
"Económico","Durango","Ganado Porcino. Valor de la Producción (miles de pesos)","https://nube.agricultura.gob.mx/cierre_agricola/",NA,NA,NA,NA,NA,186256238,198927664,207187865,NA
"Económico","Guanajuato","Ganado Porcino. Valor de la Producción (miles de pesos)","https://nube.agricultura.gob.mx/cierre_agricola/",NA,NA,NA,NA,NA,6072999985,6235969712,686318211,NA
"Económico","Guerrero","Ganado Porcino. Valor de la Producción (miles de pesos)","https://nube.agricultura.gob.mx/cierre_agricola/",NA,NA,NA,NA,NA,966953063,1056422364,1088253752,NA
"Económico","Hidalgo","Ganado Porcino. Valor de la Producción (miles de pesos)","https://nube.agricultura.gob.mx/cierre_agricola/",NA,NA,NA,NA,NA,724862187,763207628,792780983,NA
"Económico","Jalisco","Ganado Porcino. Valor de la Producción (miles de pesos)","https://nube.agricultura.gob.mx/cierre_agricola/",NA,NA,NA,NA,NA,1.6494808757e+17,1.792214132e+16,2.0304204825e+17,NA
"Económico","México","Ganado Porcino. Valor de la Producción (miles de pesos)","https://nube.agricultura.gob.mx/cierre_agricola/",NA,NA,NA,NA,NA,1043601923,1100698131,1150301035,NA
"Económico","Michoacán de Ocampo","Ganado Porcino. Valor de la Producción (miles de pesos)","https://nube.agricultura.gob.mx/cierre_agricola/",NA,NA,NA,NA,NA,2240774145,2406633726,2605803076,NA
"Económico","Morelos","Ganado Porcino. Valor de la Producción (miles de pesos)","https://nube.agricultura.gob.mx/cierre_agricola/",NA,NA,NA,NA,NA,244118673,264501728,271269475,NA
"Económico","Nayarit","Ganado Porcino. Valor de la Producción (miles de pesos)","https://nube.agricultura.gob.mx/cierre_agricola/",NA,NA,NA,NA,NA,231582341,239085812,248484371,NA
"Económico","Nuevo León","Ganado Porcino. Valor de la Producción (miles de pesos)","https://nube.agricultura.gob.mx/cierre_agricola/",NA,NA,NA,NA,NA,833782581,895582588,973525208,NA
"Económico","Oaxaca","Ganado Porcino. Valor de la Producción (miles de pesos)","https://nube.agricultura.gob.mx/cierre_agricola/",NA,NA,NA,NA,NA,1215422207,1355838176,1467252464,NA
"Económico","Puebla","Ganado Porcino. Valor de la Producción (miles de pesos)","https://nube.agricultura.gob.mx/cierre_agricola/",NA,NA,NA,NA,NA,7698446317,8564496398,9334526432,NA
"Económico","Querétaro","Ganado Porcino. Valor de la Producción (miles de pesos)","https://nube.agricultura.gob.mx/cierre_agricola/",NA,NA,NA,NA,NA,1259922218,1290787187,1371264839,NA
"Económico","Quintana Roo","Ganado Porcino. Valor de la Producción (miles de pesos)","https://nube.agricultura.gob.mx/cierre_agricola/",NA,NA,NA,NA,NA,187922304,185722074,18883785,NA
"Económico","San Luis Potosí","Ganado Porcino. Valor de la Producción (miles de pesos)","https://nube.agricultura.gob.mx/cierre_agricola/",NA,NA,NA,NA,NA,1198600955,1238386031,1289695901,NA
"Económico","Sinaloa","Ganado Porcino. Valor de la Producción (miles de pesos)","https://nube.agricultura.gob.mx/cierre_agricola/",NA,NA,NA,NA,NA,734371138,807553604,907566182,NA
"Económico","Sonora","Ganado Porcino. Valor de la Producción (miles de pesos)","https://nube.agricultura.gob.mx/cierre_agricola/",NA,NA,NA,NA,NA,1.1122489212e+17,1.1491239177e+17,1.397739129e+16,NA
"Económico","Tabasco","Ganado Porcino. Valor de la Producción (miles de pesos)","https://nube.agricultura.gob.mx/cierre_agricola/",NA,NA,NA,NA,NA,671528405,648294754,694563609,NA
"Económico","Tamaulipas","Ganado Porcino. Valor de la Producción (miles de pesos)","https://nube.agricultura.gob.mx/cierre_agricola/",NA,NA,NA,NA,NA,432499713,46959495,506938345,NA
"Económico","Tlaxcala","Ganado Porcino. Valor de la Producción (miles de pesos)","https://nube.agricultura.gob.mx/cierre_agricola/",NA,NA,NA,NA,NA,587820669,627176331,658389595,NA
"Económico","Veracruz de Ignacio de la Llave","Ganado Porcino. Valor de la Producción (miles de pesos)","https://nube.agricultura.gob.mx/cierre_agricola/",NA,NA,NA,NA,NA,69913180,7452466859,8225412632,NA
"Económico","Yucatán","Ganado Porcino. Valor de la Producción (miles de pesos)","https://nube.agricultura.gob.mx/cierre_agricola/",NA,NA,NA,NA,NA,7345874386,7736234643,1.1886318786e+17,NA
"Económico","Zacatecas","Ganado Porcino. Valor de la Producción (miles de pesos)","https://nube.agricultura.gob.mx/cierre_agricola/",NA,NA,NA,NA,NA,492415196,511392744,545392963,NA
"Económico","Aguascalientes","Ganado Porcino. Volumen de la Producción (toneladas)","https://nube.agricultura.gob.mx/cierre_agricola/",NA,NA,NA,NA,NA,24768936,25253835,25460506,NA
"Económico","Baja California","Ganado Porcino. Volumen de la Producción (toneladas)","https://nube.agricultura.gob.mx/cierre_agricola/",NA,NA,NA,NA,NA,1410612,1456761,146925,NA
"Económico","Baja California Sur","Ganado Porcino. Volumen de la Producción (toneladas)","https://nube.agricultura.gob.mx/cierre_agricola/",NA,NA,NA,NA,NA,1496058,1488838,1506742,NA
"Económico","Campeche","Ganado Porcino. Volumen de la Producción (toneladas)","https://nube.agricultura.gob.mx/cierre_agricola/",NA,NA,NA,NA,NA,7615254,7790568,7916923,NA
"Económico","Coahuila de Zaragoza","Ganado Porcino. Volumen de la Producción (toneladas)","https://nube.agricultura.gob.mx/cierre_agricola/",NA,NA,NA,NA,NA,7527654,7601729,7672595,NA
"Económico","Colima","Ganado Porcino. Volumen de la Producción (toneladas)","https://nube.agricultura.gob.mx/cierre_agricola/",NA,NA,NA,NA,NA,100605,10276291,10365764,NA
"Económico","Chiapas","Ganado Porcino. Volumen de la Producción (toneladas)","https://nube.agricultura.gob.mx/cierre_agricola/",NA,NA,NA,NA,NA,41854695,42663538,43363618,NA
"Económico","Chihuahua","Ganado Porcino. Volumen de la Producción (toneladas)","https://nube.agricultura.gob.mx/cierre_agricola/",NA,NA,NA,NA,NA,10690012,11012249,1116339,NA
"Económico","Ciudad de México","Ganado Porcino. Volumen de la Producción (toneladas)","https://nube.agricultura.gob.mx/cierre_agricola/",NA,NA,NA,NA,NA,2196403,20889,2031449,NA
"Económico","Durango","Ganado Porcino. Volumen de la Producción (toneladas)","https://nube.agricultura.gob.mx/cierre_agricola/",NA,NA,NA,NA,NA,5784384,5672269,5732041,NA
"Económico","Guanajuato","Ganado Porcino. Volumen de la Producción (toneladas)","https://nube.agricultura.gob.mx/cierre_agricola/",NA,NA,NA,NA,NA,170984918,175034396,179482087,NA
"Económico","Guerrero","Ganado Porcino. Volumen de la Producción (toneladas)","https://nube.agricultura.gob.mx/cierre_agricola/",NA,NA,NA,NA,NA,29399919,29496449,29812508,NA
"Económico","Hidalgo","Ganado Porcino. Volumen de la Producción (toneladas)","https://nube.agricultura.gob.mx/cierre_agricola/",NA,NA,NA,NA,NA,21421659,21055851,21127411,NA
"Económico","Jalisco","Ganado Porcino. Volumen de la Producción (toneladas)","https://nube.agricultura.gob.mx/cierre_agricola/",NA,NA,NA,NA,NA,502521473,521149471,539930566,NA
"Económico","México","Ganado Porcino. Volumen de la Producción (toneladas)","https://nube.agricultura.gob.mx/cierre_agricola/",NA,NA,NA,NA,NA,29296593,29489632,29826803,NA
"Económico","Michoacán de Ocampo","Ganado Porcino. Volumen de la Producción (toneladas)","https://nube.agricultura.gob.mx/cierre_agricola/",NA,NA,NA,NA,NA,66246456,68380722,7009578,NA
"Económico","Morelos","Ganado Porcino. Volumen de la Producción (toneladas)","https://nube.agricultura.gob.mx/cierre_agricola/",NA,NA,NA,NA,NA,7060656,7169466,7241989,NA
"Económico","Nayarit","Ganado Porcino. Volumen de la Producción (toneladas)","https://nube.agricultura.gob.mx/cierre_agricola/",NA,NA,NA,NA,NA,6429869,6584316,6694341,NA
"Económico","Nuevo León","Ganado Porcino. Volumen de la Producción (toneladas)","https://nube.agricultura.gob.mx/cierre_agricola/",NA,NA,NA,NA,NA,25508104,26156285,26397439,NA
"Económico","Oaxaca","Ganado Porcino. Volumen de la Producción (toneladas)","https://nube.agricultura.gob.mx/cierre_agricola/",NA,NA,NA,NA,NA,39377575,39524489,39840636,NA
"Económico","Puebla","Ganado Porcino. Volumen de la Producción (toneladas)","https://nube.agricultura.gob.mx/cierre_agricola/",NA,NA,NA,NA,NA,231694995,23835296,243015657,NA
"Económico","Querétaro","Ganado Porcino. Volumen de la Producción (toneladas)","https://nube.agricultura.gob.mx/cierre_agricola/",NA,NA,NA,NA,NA,34770715,35144508,35490919,NA
"Económico","Quintana Roo","Ganado Porcino. Volumen de la Producción (toneladas)","https://nube.agricultura.gob.mx/cierre_agricola/",NA,NA,NA,NA,NA,5090694,5129986,5146733,NA
"Económico","San Luis Potosí","Ganado Porcino. Volumen de la Producción (toneladas)","https://nube.agricultura.gob.mx/cierre_agricola/",NA,NA,NA,NA,NA,33654487,33725641,34143103,NA
"Económico","Sinaloa","Ganado Porcino. Volumen de la Producción (toneladas)","https://nube.agricultura.gob.mx/cierre_agricola/",NA,NA,NA,NA,NA,25609613,25750299,26040232,NA
"Económico","Sonora","Ganado Porcino. Volumen de la Producción (toneladas)","https://nube.agricultura.gob.mx/cierre_agricola/",NA,NA,NA,NA,NA,384063175,386183976,396827664,NA
"Económico","Tabasco","Ganado Porcino. Volumen de la Producción (toneladas)","https://nube.agricultura.gob.mx/cierre_agricola/",NA,NA,NA,NA,NA,17776033,18187666,18653275,NA
"Económico","Tamaulipas","Ganado Porcino. Volumen de la Producción (toneladas)","https://nube.agricultura.gob.mx/cierre_agricola/",NA,NA,NA,NA,NA,13114969,13386943,13638014,NA
"Económico","Tlaxcala","Ganado Porcino. Volumen de la Producción (toneladas)","https://nube.agricultura.gob.mx/cierre_agricola/",NA,NA,NA,NA,NA,1664365,16997417,17239546,NA
"Económico","Veracruz de Ignacio de la Llave","Ganado Porcino. Volumen de la Producción (toneladas)","https://nube.agricultura.gob.mx/cierre_agricola/",NA,NA,NA,NA,NA,197365328,203989901,209854651,NA
"Económico","Yucatán","Ganado Porcino. Volumen de la Producción (toneladas)","https://nube.agricultura.gob.mx/cierre_agricola/",NA,NA,NA,NA,NA,198534671,206095979,301725516,NA
"Económico","Zacatecas","Ganado Porcino. Volumen de la Producción (toneladas)","https://nube.agricultura.gob.mx/cierre_agricola/",NA,NA,NA,NA,NA,13938114,1399184,14091995,NA
"Económico","Campeche","Guajolotes. Valor de la Producción (miles de pesos)","https://nube.agricultura.gob.mx/cierre_agricola/",NA,NA,NA,NA,NA,26813719,3967763,45429109,NA
"Económico","Colima","Guajolotes. Valor de la Producción (miles de pesos)","https://nube.agricultura.gob.mx/cierre_agricola/",NA,NA,NA,NA,NA,156189,172041,186926,NA
"Económico","Chiapas","Guajolotes. Valor de la Producción (miles de pesos)","https://nube.agricultura.gob.mx/cierre_agricola/",NA,NA,NA,NA,NA,60407157,68064048,72182829,NA
"Económico","Chihuahua","Guajolotes. Valor de la Producción (miles de pesos)","https://nube.agricultura.gob.mx/cierre_agricola/",NA,NA,NA,NA,NA,35446809,40482651,58667977,NA
"Económico","Guerrero","Guajolotes. Valor de la Producción (miles de pesos)","https://nube.agricultura.gob.mx/cierre_agricola/",NA,NA,NA,NA,NA,53936622,55259305,57325726,NA
"Económico","Hidalgo","Guajolotes. Valor de la Producción (miles de pesos)","https://nube.agricultura.gob.mx/cierre_agricola/",NA,NA,NA,NA,NA,58946359,5905849,62265613,NA
"Económico","México","Guajolotes. Valor de la Producción (miles de pesos)","https://nube.agricultura.gob.mx/cierre_agricola/",NA,NA,NA,NA,NA,13165617,131338569,139898723,NA
"Económico","Michoacán de Ocampo","Guajolotes. Valor de la Producción (miles de pesos)","https://nube.agricultura.gob.mx/cierre_agricola/",NA,NA,NA,NA,NA,469736,5285611,5934556,NA
"Económico","Oaxaca","Guajolotes. Valor de la Producción (miles de pesos)","https://nube.agricultura.gob.mx/cierre_agricola/",NA,NA,NA,NA,NA,37250441,39021259,38966309,NA
"Económico","Puebla","Guajolotes. Valor de la Producción (miles de pesos)","https://nube.agricultura.gob.mx/cierre_agricola/",NA,NA,NA,NA,NA,133788469,134501684,144754058,NA
"Económico","Querétaro","Guajolotes. Valor de la Producción (miles de pesos)","https://nube.agricultura.gob.mx/cierre_agricola/",NA,NA,NA,NA,NA,3130585,325375,3628184,NA
"Económico","Quintana Roo","Guajolotes. Valor de la Producción (miles de pesos)","https://nube.agricultura.gob.mx/cierre_agricola/",NA,NA,NA,NA,NA,9861357,10150037,10316929,NA
"Económico","San Luis Potosí","Guajolotes. Valor de la Producción (miles de pesos)","https://nube.agricultura.gob.mx/cierre_agricola/",NA,NA,NA,NA,NA,4956085,500029,5677407,NA
"Económico","Tabasco","Guajolotes. Valor de la Producción (miles de pesos)","https://nube.agricultura.gob.mx/cierre_agricola/",NA,NA,NA,NA,NA,86090277,86755065,89075308,NA
"Económico","Tlaxcala","Guajolotes. Valor de la Producción (miles de pesos)","https://nube.agricultura.gob.mx/cierre_agricola/",NA,NA,NA,NA,NA,2180143,24432324,24716903,NA
"Económico","Veracruz de Ignacio de la Llave","Guajolotes. Valor de la Producción (miles de pesos)","https://nube.agricultura.gob.mx/cierre_agricola/",NA,NA,NA,NA,NA,89110876,90261946,94737256,NA
"Económico","Yucatán","Guajolotes. Valor de la Producción (miles de pesos)","https://nube.agricultura.gob.mx/cierre_agricola/",NA,NA,NA,NA,NA,294446679,302579626,330562286,NA
"Económico","Zacatecas","Guajolotes. Valor de la Producción (miles de pesos)","https://nube.agricultura.gob.mx/cierre_agricola/",NA,NA,NA,NA,NA,1635536,155495,1337991,NA
"Económico","Campeche","Guajolotes. Volumen de la Producción (toneladas)","https://nube.agricultura.gob.mx/cierre_agricola/",NA,NA,NA,NA,NA,777689,1048224,1056352,NA
"Económico","Colima","Guajolotes. Volumen de la Producción (toneladas)","https://nube.agricultura.gob.mx/cierre_agricola/",NA,NA,NA,NA,NA,5172,5317,5416,NA
"Económico","Chiapas","Guajolotes. Volumen de la Producción (toneladas)","https://nube.agricultura.gob.mx/cierre_agricola/",NA,NA,NA,NA,NA,1259947,1339437,1357678,NA
"Económico","Chihuahua","Guajolotes. Volumen de la Producción (toneladas)","https://nube.agricultura.gob.mx/cierre_agricola/",NA,NA,NA,NA,NA,807445,966411,1139392,NA
"Económico","Guerrero","Guajolotes. Volumen de la Producción (toneladas)","https://nube.agricultura.gob.mx/cierre_agricola/",NA,NA,NA,NA,NA,1349499,1334488,1340837,NA
"Económico","Hidalgo","Guajolotes. Volumen de la Producción (toneladas)","https://nube.agricultura.gob.mx/cierre_agricola/",NA,NA,NA,NA,NA,1463343,1472128,1478858,NA
"Económico","México","Guajolotes. Volumen de la Producción (toneladas)","https://nube.agricultura.gob.mx/cierre_agricola/",NA,NA,NA,NA,NA,3067592,3034923,3105281,NA
"Económico","Michoacán de Ocampo","Guajolotes. Volumen de la Producción (toneladas)","https://nube.agricultura.gob.mx/cierre_agricola/",NA,NA,NA,NA,NA,167008,186216,18712,NA
"Económico","Oaxaca","Guajolotes. Volumen de la Producción (toneladas)","https://nube.agricultura.gob.mx/cierre_agricola/",NA,NA,NA,NA,NA,811733,829322,825227,NA
"Económico","Puebla","Guajolotes. Volumen de la Producción (toneladas)","https://nube.agricultura.gob.mx/cierre_agricola/",NA,NA,NA,NA,NA,369089,3713042,3733989,NA
"Económico","Querétaro","Guajolotes. Volumen de la Producción (toneladas)","https://nube.agricultura.gob.mx/cierre_agricola/",NA,NA,NA,NA,NA,100184,10169,104347,NA
"Económico","Quintana Roo","Guajolotes. Volumen de la Producción (toneladas)","https://nube.agricultura.gob.mx/cierre_agricola/",NA,NA,NA,NA,NA,18456,183026,183741,NA
"Económico","San Luis Potosí","Guajolotes. Volumen de la Producción (toneladas)","https://nube.agricultura.gob.mx/cierre_agricola/",NA,NA,NA,NA,NA,182459,176528,17643,NA
"Económico","Tabasco","Guajolotes. Volumen de la Producción (toneladas)","https://nube.agricultura.gob.mx/cierre_agricola/",NA,NA,NA,NA,NA,1736293,1769438,1791628,NA
"Económico","Tlaxcala","Guajolotes. Volumen de la Producción (toneladas)","https://nube.agricultura.gob.mx/cierre_agricola/",NA,NA,NA,NA,NA,468732,490903,486136,NA
"Económico","Veracruz de Ignacio de la Llave","Guajolotes. Volumen de la Producción (toneladas)","https://nube.agricultura.gob.mx/cierre_agricola/",NA,NA,NA,NA,NA,1932814,192959,1976667,NA
"Económico","Yucatán","Guajolotes. Volumen de la Producción (toneladas)","https://nube.agricultura.gob.mx/cierre_agricola/",NA,NA,NA,NA,NA,6479095,6574802,6590064,NA
"Económico","Zacatecas","Guajolotes. Volumen de la Producción (toneladas)","https://nube.agricultura.gob.mx/cierre_agricola/",NA,NA,NA,NA,NA,53239,46259,37682,NA
"Económico","Aguascalientes","Huevo para Plato. Valor de la Producción (miles de pesos)","https://nube.agricultura.gob.mx/cierre_agricola/",NA,NA,NA,NA,NA,23452218,262544205,285663483,NA
"Económico","Baja California","Huevo para Plato. Valor de la Producción (miles de pesos)","https://nube.agricultura.gob.mx/cierre_agricola/",NA,NA,NA,NA,NA,801604201,820578426,897857535,NA
"Económico","Baja California Sur","Huevo para Plato. Valor de la Producción (miles de pesos)","https://nube.agricultura.gob.mx/cierre_agricola/",NA,NA,NA,NA,NA,2860904,29719138,30154677,NA
"Económico","Campeche","Huevo para Plato. Valor de la Producción (miles de pesos)","https://nube.agricultura.gob.mx/cierre_agricola/",NA,NA,NA,NA,NA,125966189,13451998,141794211,NA
"Económico","Coahuila de Zaragoza","Huevo para Plato. Valor de la Producción (miles de pesos)","https://nube.agricultura.gob.mx/cierre_agricola/",NA,NA,NA,NA,NA,148303436,1566610447,1707441644,NA
"Económico","Colima","Huevo para Plato. Valor de la Producción (miles de pesos)","https://nube.agricultura.gob.mx/cierre_agricola/",NA,NA,NA,NA,NA,3473338,38704582,40655933,NA
"Económico","Chiapas","Huevo para Plato. Valor de la Producción (miles de pesos)","https://nube.agricultura.gob.mx/cierre_agricola/",NA,NA,NA,NA,NA,16975782,194887591,20005565,NA
"Económico","Chihuahua","Huevo para Plato. Valor de la Producción (miles de pesos)","https://nube.agricultura.gob.mx/cierre_agricola/",NA,NA,NA,NA,NA,161320198,18112452,197773784,NA
"Económico","Ciudad de México","Huevo para Plato. Valor de la Producción (miles de pesos)","https://nube.agricultura.gob.mx/cierre_agricola/",NA,NA,NA,NA,NA,271851,2988657,3016034,NA
"Económico","Durango","Huevo para Plato. Valor de la Producción (miles de pesos)","https://nube.agricultura.gob.mx/cierre_agricola/",NA,NA,NA,NA,NA,1934896534,2024375804,2183106086,NA
"Económico","Guanajuato","Huevo para Plato. Valor de la Producción (miles de pesos)","https://nube.agricultura.gob.mx/cierre_agricola/",NA,NA,NA,NA,NA,2018788262,2246766479,2392320144,NA
"Económico","Guerrero","Huevo para Plato. Valor de la Producción (miles de pesos)","https://nube.agricultura.gob.mx/cierre_agricola/",NA,NA,NA,NA,NA,29649381,313487948,318705031,NA
"Económico","Hidalgo","Huevo para Plato. Valor de la Producción (miles de pesos)","https://nube.agricultura.gob.mx/cierre_agricola/",NA,NA,NA,NA,NA,214095822,212502945,214528396,NA
"Económico","Jalisco","Huevo para Plato. Valor de la Producción (miles de pesos)","https://nube.agricultura.gob.mx/cierre_agricola/",NA,NA,NA,NA,NA,4.189764859e+16,4.7456881696e+17,5.2394936476e+17,NA
"Económico","México","Huevo para Plato. Valor de la Producción (miles de pesos)","https://nube.agricultura.gob.mx/cierre_agricola/",NA,NA,NA,NA,NA,391707438,439959551,475304331,NA
"Económico","Michoacán de Ocampo","Huevo para Plato. Valor de la Producción (miles de pesos)","https://nube.agricultura.gob.mx/cierre_agricola/",NA,NA,NA,NA,NA,531377575,602714796,62826944,NA
"Económico","Morelos","Huevo para Plato. Valor de la Producción (miles de pesos)","https://nube.agricultura.gob.mx/cierre_agricola/",NA,NA,NA,NA,NA,2236471,23982835,2947009,NA
"Económico","Nayarit","Huevo para Plato. Valor de la Producción (miles de pesos)","https://nube.agricultura.gob.mx/cierre_agricola/",NA,NA,NA,NA,NA,662483047,664613397,732319348,NA
"Económico","Nuevo León","Huevo para Plato. Valor de la Producción (miles de pesos)","https://nube.agricultura.gob.mx/cierre_agricola/",NA,NA,NA,NA,NA,2406901389,2706888657,2970791894,NA
"Económico","Oaxaca","Huevo para Plato. Valor de la Producción (miles de pesos)","https://nube.agricultura.gob.mx/cierre_agricola/",NA,NA,NA,NA,NA,188442089,194001389,206697668,NA
"Económico","Puebla","Huevo para Plato. Valor de la Producción (miles de pesos)","https://nube.agricultura.gob.mx/cierre_agricola/",NA,NA,NA,NA,NA,1.1602993231e+17,1.2356742083e+17,1.3660406679e+17,NA
"Económico","Querétaro","Huevo para Plato. Valor de la Producción (miles de pesos)","https://nube.agricultura.gob.mx/cierre_agricola/",NA,NA,NA,NA,NA,510126858,569460166,621754279,NA
"Económico","Quintana Roo","Huevo para Plato. Valor de la Producción (miles de pesos)","https://nube.agricultura.gob.mx/cierre_agricola/",NA,NA,NA,NA,NA,17654029,19042152,19051251,NA
"Económico","San Luis Potosí","Huevo para Plato. Valor de la Producción (miles de pesos)","https://nube.agricultura.gob.mx/cierre_agricola/",NA,NA,NA,NA,NA,288920501,3105397978,3441150944,NA
"Económico","Sinaloa","Huevo para Plato. Valor de la Producción (miles de pesos)","https://nube.agricultura.gob.mx/cierre_agricola/",NA,NA,NA,NA,NA,2118889646,2209238943,2328779964,NA
"Económico","Sonora","Huevo para Plato. Valor de la Producción (miles de pesos)","https://nube.agricultura.gob.mx/cierre_agricola/",NA,NA,NA,NA,NA,493563898,5516298893,6140669969,NA
"Económico","Tabasco","Huevo para Plato. Valor de la Producción (miles de pesos)","https://nube.agricultura.gob.mx/cierre_agricola/",NA,NA,NA,NA,NA,439218,50060146,517669,NA
"Económico","Tamaulipas","Huevo para Plato. Valor de la Producción (miles de pesos)","https://nube.agricultura.gob.mx/cierre_agricola/",NA,NA,NA,NA,NA,2889448,30967681,3213212,NA
"Económico","Tlaxcala","Huevo para Plato. Valor de la Producción (miles de pesos)","https://nube.agricultura.gob.mx/cierre_agricola/",NA,NA,NA,NA,NA,4723274,52708523,52071286,NA
"Económico","Veracruz de Ignacio de la Llave","Huevo para Plato. Valor de la Producción (miles de pesos)","https://nube.agricultura.gob.mx/cierre_agricola/",NA,NA,NA,NA,NA,536353571,576806627,604246106,NA
"Económico","Yucatán","Huevo para Plato. Valor de la Producción (miles de pesos)","https://nube.agricultura.gob.mx/cierre_agricola/",NA,NA,NA,NA,NA,3054580497,32142865,351795968,NA
"Económico","Zacatecas","Huevo para Plato. Valor de la Producción (miles de pesos)","https://nube.agricultura.gob.mx/cierre_agricola/",NA,NA,NA,NA,NA,12915888,150228241,154677333,NA
"Económico","Aguascalientes","Huevo para plato. Volumen de la Producción (toneladas)","https://nube.agricultura.gob.mx/cierre_agricola/",NA,NA,NA,NA,NA,8822892,8899804,9067821,NA
"Económico","Baja California","Huevo para plato. Volumen de la Producción (toneladas)","https://nube.agricultura.gob.mx/cierre_agricola/",NA,NA,NA,NA,NA,3122003,31848604,32578285,NA
"Económico","Baja California Sur","Huevo para plato. Volumen de la Producción (toneladas)","https://nube.agricultura.gob.mx/cierre_agricola/",NA,NA,NA,NA,NA,102053,1006032,995164,NA
"Económico","Campeche","Huevo para plato. Volumen de la Producción (toneladas)","https://nube.agricultura.gob.mx/cierre_agricola/",NA,NA,NA,NA,NA,4748254,4818404,4928544,NA
"Económico","Coahuila de Zaragoza","Huevo para plato. Volumen de la Producción (toneladas)","https://nube.agricultura.gob.mx/cierre_agricola/",NA,NA,NA,NA,NA,58642569,61699708,63576337,NA
"Económico","Colima","Huevo para plato. Volumen de la Producción (toneladas)","https://nube.agricultura.gob.mx/cierre_agricola/",NA,NA,NA,NA,NA,1340147,1357452,1387599,NA
"Económico","Chiapas","Huevo para plato. Volumen de la Producción (toneladas)","https://nube.agricultura.gob.mx/cierre_agricola/",NA,NA,NA,NA,NA,5277529,5459031,5569478,NA
"Económico","Chihuahua","Huevo para plato. Volumen de la Producción (toneladas)","https://nube.agricultura.gob.mx/cierre_agricola/",NA,NA,NA,NA,NA,5774807,5861632,605739,NA
"Económico","Ciudad de México","Huevo para plato. Volumen de la Producción (toneladas)","https://nube.agricultura.gob.mx/cierre_agricola/",NA,NA,NA,NA,NA,79785,78782,79161,NA
"Económico","Durango","Huevo para plato. Volumen de la Producción (toneladas)","https://nube.agricultura.gob.mx/cierre_agricola/",NA,NA,NA,NA,NA,76739449,78255641,80396627,NA
"Económico","Guanajuato","Huevo para plato. Volumen de la Producción (toneladas)","https://nube.agricultura.gob.mx/cierre_agricola/",NA,NA,NA,NA,NA,69414523,69418171,71776782,NA
"Económico","Guerrero","Huevo para plato. Volumen de la Producción (toneladas)","https://nube.agricultura.gob.mx/cierre_agricola/",NA,NA,NA,NA,NA,9108374,9090355,9118885,NA
"Económico","Hidalgo","Huevo para plato. Volumen de la Producción (toneladas)","https://nube.agricultura.gob.mx/cierre_agricola/",NA,NA,NA,NA,NA,6730361,6601095,664162,NA
"Económico","Jalisco","Huevo para plato. Volumen de la Producción (toneladas)","https://nube.agricultura.gob.mx/cierre_agricola/",NA,NA,NA,NA,NA,1668282737,1715937603,1771895045,NA
"Económico","México","Huevo para plato. Volumen de la Producción (toneladas)","https://nube.agricultura.gob.mx/cierre_agricola/",NA,NA,NA,NA,NA,15403228,15731036,16090194,NA
"Económico","Michoacán de Ocampo","Huevo para plato. Volumen de la Producción (toneladas)","https://nube.agricultura.gob.mx/cierre_agricola/",NA,NA,NA,NA,NA,20323465,20736393,2081586,NA
"Económico","Morelos","Huevo para plato. Volumen de la Producción (toneladas)","https://nube.agricultura.gob.mx/cierre_agricola/",NA,NA,NA,NA,NA,724086,731629,871848,NA
"Económico","Nayarit","Huevo para plato. Volumen de la Producción (toneladas)","https://nube.agricultura.gob.mx/cierre_agricola/",NA,NA,NA,NA,NA,25180653,25199116,2612627,NA
"Económico","Nuevo León","Huevo para plato. Volumen de la Producción (toneladas)","https://nube.agricultura.gob.mx/cierre_agricola/",NA,NA,NA,NA,NA,93913937,9524507,97981263,NA
"Económico","Oaxaca","Huevo para plato. Volumen de la Producción (toneladas)","https://nube.agricultura.gob.mx/cierre_agricola/",NA,NA,NA,NA,NA,6785099,6879164,6922226,NA
"Económico","Puebla","Huevo para plato. Volumen de la Producción (toneladas)","https://nube.agricultura.gob.mx/cierre_agricola/",NA,NA,NA,NA,NA,461664765,475816326,488744425,NA
"Económico","Querétaro","Huevo para plato. Volumen de la Producción (toneladas)","https://nube.agricultura.gob.mx/cierre_agricola/",NA,NA,NA,NA,NA,19518325,1970103,20226229,NA
"Económico","Quintana Roo","Huevo para plato. Volumen de la Producción (toneladas)","https://nube.agricultura.gob.mx/cierre_agricola/",NA,NA,NA,NA,NA,485082,485959,486622,NA
"Económico","San Luis Potosí","Huevo para plato. Volumen de la Producción (toneladas)","https://nube.agricultura.gob.mx/cierre_agricola/",NA,NA,NA,NA,NA,113543046,113599143,1171137,NA
"Económico","Sinaloa","Huevo para plato. Volumen de la Producción (toneladas)","https://nube.agricultura.gob.mx/cierre_agricola/",NA,NA,NA,NA,NA,77740404,76945524,78704615,NA
"Económico","Sonora","Huevo para plato. Volumen de la Producción (toneladas)","https://nube.agricultura.gob.mx/cierre_agricola/",NA,NA,NA,NA,NA,179776229,181924068,189176524,NA
"Económico","Tabasco","Huevo para plato. Volumen de la Producción (toneladas)","https://nube.agricultura.gob.mx/cierre_agricola/",NA,NA,NA,NA,NA,1345602,138914,1432399,NA
"Económico","Tamaulipas","Huevo para plato. Volumen de la Producción (toneladas)","https://nube.agricultura.gob.mx/cierre_agricola/",NA,NA,NA,NA,NA,1110836,1158802,1176659,NA
"Económico","Tlaxcala","Huevo para plato. Volumen de la Producción (toneladas)","https://nube.agricultura.gob.mx/cierre_agricola/",NA,NA,NA,NA,NA,1696289,1717637,1681346,NA
"Económico","Veracruz de Ignacio de la Llave","Huevo para plato. Volumen de la Producción (toneladas)","https://nube.agricultura.gob.mx/cierre_agricola/",NA,NA,NA,NA,NA,17111211,17549549,17926957,NA
"Económico","Yucatán","Huevo para plato. Volumen de la Producción (toneladas)","https://nube.agricultura.gob.mx/cierre_agricola/",NA,NA,NA,NA,NA,11315717,111176785,115154163,NA
"Económico","Zacatecas","Huevo para plato. Volumen de la Producción (toneladas)","https://nube.agricultura.gob.mx/cierre_agricola/",NA,NA,NA,NA,NA,5217882,5464914,5374473,NA
"Económico","Coahuila de Zaragoza","Lana. Valor de la Producción (miles de pesos)","https://nube.agricultura.gob.mx/cierre_agricola/",NA,NA,NA,NA,NA,140407,131263,154507,NA
"Económico","Chiapas","Lana. Valor de la Producción (miles de pesos)","https://nube.agricultura.gob.mx/cierre_agricola/",NA,NA,NA,NA,NA,4145253,4966012,539087,NA
"Económico","Chihuahua","Lana. Valor de la Producción (miles de pesos)","https://nube.agricultura.gob.mx/cierre_agricola/",NA,NA,NA,NA,NA,30368,31882,32766,NA
"Económico","Durango","Lana. Valor de la Producción (miles de pesos)","https://nube.agricultura.gob.mx/cierre_agricola/",NA,NA,NA,NA,NA,23901,237643,344474,NA
"Económico","Guanajuato","Lana. Valor de la Producción (miles de pesos)","https://nube.agricultura.gob.mx/cierre_agricola/",NA,NA,NA,NA,NA,20814,27177,40184,NA
"Económico","Hidalgo","Lana. Valor de la Producción (miles de pesos)","https://nube.agricultura.gob.mx/cierre_agricola/",NA,NA,NA,NA,NA,4820306,4808792,7163779,NA
"Económico","México","Lana. Valor de la Producción (miles de pesos)","https://nube.agricultura.gob.mx/cierre_agricola/",NA,NA,NA,NA,NA,89377,1014861,112961,NA
"Económico","Michoacán de Ocampo","Lana. Valor de la Producción (miles de pesos)","https://nube.agricultura.gob.mx/cierre_agricola/",NA,NA,NA,NA,NA,926375,938948,1005858,NA
"Económico","Oaxaca","Lana. Valor de la Producción (miles de pesos)","https://nube.agricultura.gob.mx/cierre_agricola/",NA,NA,NA,NA,NA,1114716,1032584,1170198,NA
"Económico","Puebla","Lana. Valor de la Producción (miles de pesos)","https://nube.agricultura.gob.mx/cierre_agricola/",NA,NA,NA,NA,NA,1040807,1097208,130523,NA
"Económico","San Luis Potosí","Lana. Valor de la Producción (miles de pesos)","https://nube.agricultura.gob.mx/cierre_agricola/",NA,NA,NA,NA,NA,3272447,3232325,3618937,NA
"Económico","Tlaxcala","Lana. Valor de la Producción (miles de pesos)","https://nube.agricultura.gob.mx/cierre_agricola/",NA,NA,NA,NA,NA,457561,454325,556791,NA
"Económico","Veracruz de Ignacio de la Llave","Lana. Valor de la Producción (miles de pesos)","https://nube.agricultura.gob.mx/cierre_agricola/",NA,NA,NA,NA,NA,185204,207657,283732,NA
"Económico","Zacatecas","Lana. Valor de la Producción (miles de pesos)","https://nube.agricultura.gob.mx/cierre_agricola/",NA,NA,NA,NA,NA,3778309,3946605,4580264,NA
"Económico","Coahuila de Zaragoza","Lana. Volumen de la Producción (toneladas)","https://nube.agricultura.gob.mx/cierre_agricola/",NA,NA,NA,NA,NA,18759,17647,17302,NA
"Económico","Chiapas","Lana. Volumen de la Producción (toneladas)","https://nube.agricultura.gob.mx/cierre_agricola/",NA,NA,NA,NA,NA,95911,105647,114383,NA
"Económico","Chihuahua","Lana. Volumen de la Producción (toneladas)","https://nube.agricultura.gob.mx/cierre_agricola/",NA,NA,NA,NA,NA,3796,3888,3924,NA
"Económico","Durango","Lana. Volumen de la Producción (toneladas)","https://nube.agricultura.gob.mx/cierre_agricola/",NA,NA,NA,NA,NA,56849,5714,5809,NA
"Económico","Guanajuato","Lana. Volumen de la Producción (toneladas)","https://nube.agricultura.gob.mx/cierre_agricola/",NA,NA,NA,NA,NA,3469,4181,5023,NA
"Económico","Hidalgo","Lana. Volumen de la Producción (toneladas)","https://nube.agricultura.gob.mx/cierre_agricola/",NA,NA,NA,NA,NA,1575791,1530114,1530722,NA
"Económico","México","Lana. Volumen de la Producción (toneladas)","https://nube.agricultura.gob.mx/cierre_agricola/",NA,NA,NA,NA,NA,381355,418033,436768,NA
"Económico","Michoacán de Ocampo","Lana. Volumen de la Producción (toneladas)","https://nube.agricultura.gob.mx/cierre_agricola/",NA,NA,NA,NA,NA,68432,71976,73309,NA
"Económico","Oaxaca","Lana. Volumen de la Producción (toneladas)","https://nube.agricultura.gob.mx/cierre_agricola/",NA,NA,NA,NA,NA,155093,130499,133354,NA
"Económico","Puebla","Lana. Volumen de la Producción (toneladas)","https://nube.agricultura.gob.mx/cierre_agricola/",NA,NA,NA,NA,NA,190676,191456,18889,NA
"Económico","San Luis Potosí","Lana. Volumen de la Producción (toneladas)","https://nube.agricultura.gob.mx/cierre_agricola/",NA,NA,NA,NA,NA,402902,407181,405074,NA
"Económico","Tlaxcala","Lana. Volumen de la Producción (toneladas)","https://nube.agricultura.gob.mx/cierre_agricola/",NA,NA,NA,NA,NA,213992,214986,223482,NA
"Económico","Veracruz de Ignacio de la Llave","Lana. Volumen de la Producción (toneladas)","https://nube.agricultura.gob.mx/cierre_agricola/",NA,NA,NA,NA,NA,6021,6093,63189,NA
"Económico","Zacatecas","Lana. Volumen de la Producción (toneladas)","https://nube.agricultura.gob.mx/cierre_agricola/",NA,NA,NA,NA,NA,558506,583549,577815,NA
"Económico","Aguascalientes","Leche de Bovino.  Volumen de la Producción (miles de litros)","https://nube.agricultura.gob.mx/cierre_agricola/",NA,NA,NA,NA,NA,434241286,440729375,447429345,NA
"Económico","Baja California","Leche de Bovino.  Volumen de la Producción (miles de litros)","https://nube.agricultura.gob.mx/cierre_agricola/",NA,NA,NA,NA,NA,20865461,212041944,215544344,NA
"Económico","Baja California Sur","Leche de Bovino.  Volumen de la Producción (miles de litros)","https://nube.agricultura.gob.mx/cierre_agricola/",NA,NA,NA,NA,NA,34728396,35319205,35987908,NA
"Económico","Campeche","Leche de Bovino.  Volumen de la Producción (miles de litros)","https://nube.agricultura.gob.mx/cierre_agricola/",NA,NA,NA,NA,NA,45411983,46157707,46869911,NA
"Económico","Coahuila de Zaragoza","Leche de Bovino.  Volumen de la Producción (miles de litros)","https://nube.agricultura.gob.mx/cierre_agricola/",NA,NA,NA,NA,NA,1507637325,1537747849,1571043894,NA
"Económico","Colima","Leche de Bovino.  Volumen de la Producción (miles de litros)","https://nube.agricultura.gob.mx/cierre_agricola/",NA,NA,NA,NA,NA,45967357,46616425,47413479,NA
"Económico","Chiapas","Leche de Bovino.  Volumen de la Producción (miles de litros)","https://nube.agricultura.gob.mx/cierre_agricola/",NA,NA,NA,NA,NA,455560642,46351001,472057451,NA
"Económico","Chihuahua","Leche de Bovino.  Volumen de la Producción (miles de litros)","https://nube.agricultura.gob.mx/cierre_agricola/",NA,NA,NA,NA,NA,1242356268,1262218385,1278394266,NA
"Económico","Ciudad de México","Leche de Bovino.  Volumen de la Producción (miles de litros)","https://nube.agricultura.gob.mx/cierre_agricola/",NA,NA,NA,NA,NA,11426222,11346985,11383438,NA
"Económico","Durango","Leche de Bovino.  Volumen de la Producción (miles de litros)","https://nube.agricultura.gob.mx/cierre_agricola/",NA,NA,NA,NA,NA,1476878118,151524972,1547866487,NA
"Económico","Guanajuato","Leche de Bovino.  Volumen de la Producción (miles de litros)","https://nube.agricultura.gob.mx/cierre_agricola/",NA,NA,NA,NA,NA,896517948,91284803,928685005,NA
"Económico","Guerrero","Leche de Bovino.  Volumen de la Producción (miles de litros)","https://nube.agricultura.gob.mx/cierre_agricola/",NA,NA,NA,NA,NA,90371289,91353507,92238126,NA
"Económico","Hidalgo","Leche de Bovino.  Volumen de la Producción (miles de litros)","https://nube.agricultura.gob.mx/cierre_agricola/",NA,NA,NA,NA,NA,422682595,42985691,43692553,NA
"Económico","Jalisco","Leche de Bovino.  Volumen de la Producción (miles de litros)","https://nube.agricultura.gob.mx/cierre_agricola/",NA,NA,NA,NA,NA,2753101235,2799040552,2845110294,NA
"Económico","México","Leche de Bovino.  Volumen de la Producción (miles de litros)","https://nube.agricultura.gob.mx/cierre_agricola/",NA,NA,NA,NA,NA,428700357,434103351,440904189,NA
"Económico","Michoacán de Ocampo","Leche de Bovino.  Volumen de la Producción (miles de litros)","https://nube.agricultura.gob.mx/cierre_agricola/",NA,NA,NA,NA,NA,377196252,382988226,389144659,NA
"Económico","Morelos","Leche de Bovino.  Volumen de la Producción (miles de litros)","https://nube.agricultura.gob.mx/cierre_agricola/",NA,NA,NA,NA,NA,21734434,22000742,22357499,NA
"Económico","Nayarit","Leche de Bovino.  Volumen de la Producción (miles de litros)","https://nube.agricultura.gob.mx/cierre_agricola/",NA,NA,NA,NA,NA,39186432,3959699,4021345,NA
"Económico","Nuevo León","Leche de Bovino.  Volumen de la Producción (miles de litros)","https://nube.agricultura.gob.mx/cierre_agricola/",NA,NA,NA,NA,NA,18590481,17837071,16962319,NA
"Económico","Oaxaca","Leche de Bovino.  Volumen de la Producción (miles de litros)","https://nube.agricultura.gob.mx/cierre_agricola/",NA,NA,NA,NA,NA,150155319,151658767,152515137,NA
"Económico","Puebla","Leche de Bovino.  Volumen de la Producción (miles de litros)","https://nube.agricultura.gob.mx/cierre_agricola/",NA,NA,NA,NA,NA,456601223,462638503,47056279,NA
"Económico","Querétaro","Leche de Bovino.  Volumen de la Producción (miles de litros)","https://nube.agricultura.gob.mx/cierre_agricola/",NA,NA,NA,NA,NA,412749595,41982172,42788712,NA
"Económico","Quintana Roo","Leche de Bovino.  Volumen de la Producción (miles de litros)","https://nube.agricultura.gob.mx/cierre_agricola/",NA,NA,NA,NA,NA,6379614,652423,6644124,NA
"Económico","San Luis Potosí","Leche de Bovino.  Volumen de la Producción (miles de litros)","https://nube.agricultura.gob.mx/cierre_agricola/",NA,NA,NA,NA,NA,155578641,15737147,159418047,NA
"Económico","Sinaloa","Leche de Bovino.  Volumen de la Producción (miles de litros)","https://nube.agricultura.gob.mx/cierre_agricola/",NA,NA,NA,NA,NA,98038039,98560802,99795096,NA
"Económico","Sonora","Leche de Bovino.  Volumen de la Producción (miles de litros)","https://nube.agricultura.gob.mx/cierre_agricola/",NA,NA,NA,NA,NA,117675089,119592669,114347284,NA
"Económico","Tabasco","Leche de Bovino.  Volumen de la Producción (miles de litros)","https://nube.agricultura.gob.mx/cierre_agricola/",NA,NA,NA,NA,NA,10454815,105995217,107664217,NA
"Económico","Tamaulipas","Leche de Bovino.  Volumen de la Producción (miles de litros)","https://nube.agricultura.gob.mx/cierre_agricola/",NA,NA,NA,NA,NA,21341014,21699343,22016083,NA
"Económico","Tlaxcala","Leche de Bovino.  Volumen de la Producción (miles de litros)","https://nube.agricultura.gob.mx/cierre_agricola/",NA,NA,NA,NA,NA,82854981,84028137,85395249,NA
"Económico","Veracruz de Ignacio de la Llave","Leche de Bovino.  Volumen de la Producción (miles de litros)","https://nube.agricultura.gob.mx/cierre_agricola/",NA,NA,NA,NA,NA,793677368,807075225,820691199,NA
"Económico","Yucatán","Leche de Bovino.  Volumen de la Producción (miles de litros)","https://nube.agricultura.gob.mx/cierre_agricola/",NA,NA,NA,NA,NA,2221521,2267454,2306114,NA
"Económico","Zacatecas","Leche de Bovino.  Volumen de la Producción (miles de litros)","https://nube.agricultura.gob.mx/cierre_agricola/",NA,NA,NA,NA,NA,192089291,19494154,197295326,NA
"Económico","Aguascalientes","Leche de Bovino. Valor de la Producción miles de pesos)","https://nube.agricultura.gob.mx/cierre_agricola/",NA,NA,NA,NA,NA,3067419833,3568553209,4022271628,NA
"Económico","Baja California","Leche de Bovino. Valor de la Producción miles de pesos)","https://nube.agricultura.gob.mx/cierre_agricola/",NA,NA,NA,NA,NA,1606640464,1875074179,2116645458,NA
"Económico","Baja California Sur","Leche de Bovino. Valor de la Producción miles de pesos)","https://nube.agricultura.gob.mx/cierre_agricola/",NA,NA,NA,NA,NA,272271079,288651134,3285696,NA
"Económico","Campeche","Leche de Bovino. Valor de la Producción miles de pesos)","https://nube.agricultura.gob.mx/cierre_agricola/",NA,NA,NA,NA,NA,325604295,37952681,424641394,NA
"Económico","Coahuila de Zaragoza","Leche de Bovino. Valor de la Producción miles de pesos)","https://nube.agricultura.gob.mx/cierre_agricola/",NA,NA,NA,NA,NA,1.204895745e+16,1.3108912361e+17,1.4453432772e+17,NA
"Económico","Colima","Leche de Bovino. Valor de la Producción miles de pesos)","https://nube.agricultura.gob.mx/cierre_agricola/",NA,NA,NA,NA,NA,367951936,38891567,422928233,NA
"Económico","Chiapas","Leche de Bovino. Valor de la Producción miles de pesos)","https://nube.agricultura.gob.mx/cierre_agricola/",NA,NA,NA,NA,NA,3023968987,334951053,3828385928,NA
"Económico","Chihuahua","Leche de Bovino. Valor de la Producción miles de pesos)","https://nube.agricultura.gob.mx/cierre_agricola/",NA,NA,NA,NA,NA,1.0955570743e+17,1.1829683337e+17,1.2707239004e+17,NA
"Económico","Ciudad de México","Leche de Bovino. Valor de la Producción miles de pesos)","https://nube.agricultura.gob.mx/cierre_agricola/",NA,NA,NA,NA,NA,107850119,108866327,112126864,NA
"Económico","Durango","Leche de Bovino. Valor de la Producción miles de pesos)","https://nube.agricultura.gob.mx/cierre_agricola/",NA,NA,NA,NA,NA,1.174371618e+16,1.3039809734e+17,1.428202913e+16,NA
"Económico","Guanajuato","Leche de Bovino. Valor de la Producción miles de pesos)","https://nube.agricultura.gob.mx/cierre_agricola/",NA,NA,NA,NA,NA,6987434679,7587140586,8441746695,NA
"Económico","Guerrero","Leche de Bovino. Valor de la Producción miles de pesos)","https://nube.agricultura.gob.mx/cierre_agricola/",NA,NA,NA,NA,NA,816390741,842672895,872147626,NA
"Económico","Hidalgo","Leche de Bovino. Valor de la Producción miles de pesos)","https://nube.agricultura.gob.mx/cierre_agricola/",NA,NA,NA,NA,NA,3094036587,3328283459,3757559558,NA
"Económico","Jalisco","Leche de Bovino. Valor de la Producción miles de pesos)","https://nube.agricultura.gob.mx/cierre_agricola/",NA,NA,NA,NA,NA,2.1224674428e+17,2.3763845559e+17,2.6175690989e+17,NA
"Económico","México","Leche de Bovino. Valor de la Producción miles de pesos)","https://nube.agricultura.gob.mx/cierre_agricola/",NA,NA,NA,NA,NA,3268880588,3593947489,4029864287,NA
"Económico","Michoacán de Ocampo","Leche de Bovino. Valor de la Producción miles de pesos)","https://nube.agricultura.gob.mx/cierre_agricola/",NA,NA,NA,NA,NA,3208720252,3516294383,3744738906,NA
"Económico","Morelos","Leche de Bovino. Valor de la Producción miles de pesos)","https://nube.agricultura.gob.mx/cierre_agricola/",NA,NA,NA,NA,NA,181014961,194954054,213911539,NA
"Económico","Nayarit","Leche de Bovino. Valor de la Producción miles de pesos)","https://nube.agricultura.gob.mx/cierre_agricola/",NA,NA,NA,NA,NA,31192429,326717431,355486898,NA
"Económico","Nuevo León","Leche de Bovino. Valor de la Producción miles de pesos)","https://nube.agricultura.gob.mx/cierre_agricola/",NA,NA,NA,NA,NA,150381415,170623956,16891874,NA
"Económico","Oaxaca","Leche de Bovino. Valor de la Producción miles de pesos)","https://nube.agricultura.gob.mx/cierre_agricola/",NA,NA,NA,NA,NA,1046313832,1161155607,126892594,NA
"Económico","Puebla","Leche de Bovino. Valor de la Producción miles de pesos)","https://nube.agricultura.gob.mx/cierre_agricola/",NA,NA,NA,NA,NA,3271615164,3601248221,4060956878,NA
"Económico","Querétaro","Leche de Bovino. Valor de la Producción miles de pesos)","https://nube.agricultura.gob.mx/cierre_agricola/",NA,NA,NA,NA,NA,3119574097,363012315,4069206511,NA
"Económico","Quintana Roo","Leche de Bovino. Valor de la Producción miles de pesos)","https://nube.agricultura.gob.mx/cierre_agricola/",NA,NA,NA,NA,NA,44711594,49271875,56142848,NA
"Económico","San Luis Potosí","Leche de Bovino. Valor de la Producción miles de pesos)","https://nube.agricultura.gob.mx/cierre_agricola/",NA,NA,NA,NA,NA,1148500559,1261387831,1402878814,NA
"Económico","Sinaloa","Leche de Bovino. Valor de la Producción miles de pesos)","https://nube.agricultura.gob.mx/cierre_agricola/",NA,NA,NA,NA,NA,721604551,80404621,884184551,NA
"Económico","Sonora","Leche de Bovino. Valor de la Producción miles de pesos)","https://nube.agricultura.gob.mx/cierre_agricola/",NA,NA,NA,NA,NA,934457625,1048714308,1126320747,NA
"Económico","Tabasco","Leche de Bovino. Valor de la Producción miles de pesos)","https://nube.agricultura.gob.mx/cierre_agricola/",NA,NA,NA,NA,NA,687368521,776610279,875310084,NA
"Económico","Tamaulipas","Leche de Bovino. Valor de la Producción miles de pesos)","https://nube.agricultura.gob.mx/cierre_agricola/",NA,NA,NA,NA,NA,158350556,173799454,187797188,NA
"Económico","Tlaxcala","Leche de Bovino. Valor de la Producción miles de pesos)","https://nube.agricultura.gob.mx/cierre_agricola/",NA,NA,NA,NA,NA,605128835,695569178,763433526,NA
"Económico","Veracruz de Ignacio de la Llave","Leche de Bovino. Valor de la Producción miles de pesos)","https://nube.agricultura.gob.mx/cierre_agricola/",NA,NA,NA,NA,NA,5926699482,6533341675,7263117111,NA
"Económico","Yucatán","Leche de Bovino. Valor de la Producción miles de pesos)","https://nube.agricultura.gob.mx/cierre_agricola/",NA,NA,NA,NA,NA,18105331,19394836,20593598,NA
"Económico","Zacatecas","Leche de Bovino. Valor de la Producción miles de pesos)","https://nube.agricultura.gob.mx/cierre_agricola/",NA,NA,NA,NA,NA,1602249684,1803459539,1917710568,NA
"Económico","Baja California","Leche de Caprino. Valor de la Producción (miles de pesos)","https://nube.agricultura.gob.mx/cierre_agricola/",NA,NA,NA,NA,NA,3386656,3911081,3990961,NA
"Económico","Baja California Sur","Leche de Caprino. Valor de la Producción (miles de pesos)","https://nube.agricultura.gob.mx/cierre_agricola/",NA,NA,NA,NA,NA,29545365,34497183,35554428,NA
"Económico","Campeche","Leche de Caprino. Valor de la Producción (miles de pesos)","https://nube.agricultura.gob.mx/cierre_agricola/",NA,NA,NA,NA,NA,304746,318055,341422,NA
"Económico","Coahuila de Zaragoza","Leche de Caprino. Valor de la Producción (miles de pesos)","https://nube.agricultura.gob.mx/cierre_agricola/",NA,NA,NA,NA,NA,338454166,360900014,378695003,NA
"Económico","Colima","Leche de Caprino. Valor de la Producción (miles de pesos)","https://nube.agricultura.gob.mx/cierre_agricola/",NA,NA,NA,NA,NA,1985,2123,22787,NA
"Económico","Chihuahua","Leche de Caprino. Valor de la Producción (miles de pesos)","https://nube.agricultura.gob.mx/cierre_agricola/",NA,NA,NA,NA,NA,56601664,61395858,61725494,NA
"Económico","Durango","Leche de Caprino. Valor de la Producción (miles de pesos)","https://nube.agricultura.gob.mx/cierre_agricola/",NA,NA,NA,NA,NA,186740804,195069243,205326168,NA
"Económico","Guanajuato","Leche de Caprino. Valor de la Producción (miles de pesos)","https://nube.agricultura.gob.mx/cierre_agricola/",NA,NA,NA,NA,NA,312004848,358913479,369003261,NA
"Económico","Hidalgo","Leche de Caprino. Valor de la Producción (miles de pesos)","https://nube.agricultura.gob.mx/cierre_agricola/",NA,NA,NA,NA,NA,498601,49532,523544,NA
"Económico","Jalisco","Leche de Caprino. Valor de la Producción (miles de pesos)","https://nube.agricultura.gob.mx/cierre_agricola/",NA,NA,NA,NA,NA,7145495,8129111,85960007,NA
"Económico","Michoacán de Ocampo","Leche de Caprino. Valor de la Producción (miles de pesos)","https://nube.agricultura.gob.mx/cierre_agricola/",NA,NA,NA,NA,NA,30870741,33540473,35175159,NA
"Económico","Nuevo León","Leche de Caprino. Valor de la Producción (miles de pesos)","https://nube.agricultura.gob.mx/cierre_agricola/",NA,NA,NA,NA,NA,35568338,36669744,39193382,NA
"Económico","Puebla","Leche de Caprino. Valor de la Producción (miles de pesos)","https://nube.agricultura.gob.mx/cierre_agricola/",NA,NA,NA,NA,NA,14748049,1538574,16066019,NA
"Económico","Querétaro","Leche de Caprino. Valor de la Producción (miles de pesos)","https://nube.agricultura.gob.mx/cierre_agricola/",NA,NA,NA,NA,NA,21194828,23882345,25051577,NA
"Económico","Quintana Roo","Leche de Caprino. Valor de la Producción (miles de pesos)","https://nube.agricultura.gob.mx/cierre_agricola/",NA,NA,NA,NA,NA,122359,105645,109655,NA
"Económico","San Luis Potosí","Leche de Caprino. Valor de la Producción (miles de pesos)","https://nube.agricultura.gob.mx/cierre_agricola/",NA,NA,NA,NA,NA,40959488,41531376,42713838,NA
"Económico","Sonora","Leche de Caprino. Valor de la Producción (miles de pesos)","https://nube.agricultura.gob.mx/cierre_agricola/",NA,NA,NA,NA,NA,4254058,5011589,533398,NA
"Económico","Tamaulipas","Leche de Caprino. Valor de la Producción (miles de pesos)","https://nube.agricultura.gob.mx/cierre_agricola/",NA,NA,NA,NA,NA,838583,873242,909276,NA
"Económico","Tlaxcala","Leche de Caprino. Valor de la Producción (miles de pesos)","https://nube.agricultura.gob.mx/cierre_agricola/",NA,NA,NA,NA,NA,13299688,13887642,1499547,NA
"Económico","Veracruz de Ignacio de la Llave","Leche de Caprino. Valor de la Producción (miles de pesos)","https://nube.agricultura.gob.mx/cierre_agricola/",NA,NA,NA,NA,NA,1922952,20082863,21387842,NA
"Económico","Zacatecas","Leche de Caprino. Valor de la Producción (miles de pesos)","https://nube.agricultura.gob.mx/cierre_agricola/",NA,NA,NA,NA,NA,46352114,49086721,5044575,NA
"Económico","Baja California","Leche de Caprino. Volumen de la Producción (miles de litros)","https://nube.agricultura.gob.mx/cierre_agricola/",NA,NA,NA,NA,NA,49566,495891,495437,NA
"Económico","Baja California Sur","Leche de Caprino. Volumen de la Producción (miles de litros)","https://nube.agricultura.gob.mx/cierre_agricola/",NA,NA,NA,NA,NA,440963,4448646,4422007,NA
"Económico","Campeche","Leche de Caprino. Volumen de la Producción (miles de litros)","https://nube.agricultura.gob.mx/cierre_agricola/",NA,NA,NA,NA,NA,39534,39686,39365,NA
"Económico","Coahuila de Zaragoza","Leche de Caprino. Volumen de la Producción (miles de litros)","https://nube.agricultura.gob.mx/cierre_agricola/",NA,NA,NA,NA,NA,46153319,46104907,45933415,NA
"Económico","Colima","Leche de Caprino. Volumen de la Producción (miles de litros)","https://nube.agricultura.gob.mx/cierre_agricola/",NA,NA,NA,NA,NA,2699,2758,2774,NA
"Económico","Chihuahua","Leche de Caprino. Volumen de la Producción (miles de litros)","https://nube.agricultura.gob.mx/cierre_agricola/",NA,NA,NA,NA,NA,7803094,7795017,7719669,NA
"Económico","Durango","Leche de Caprino. Volumen de la Producción (miles de litros)","https://nube.agricultura.gob.mx/cierre_agricola/",NA,NA,NA,NA,NA,24985916,24851145,24813534,NA
"Económico","Guanajuato","Leche de Caprino. Volumen de la Producción (miles de litros)","https://nube.agricultura.gob.mx/cierre_agricola/",NA,NA,NA,NA,NA,44520082,44852471,44727375,NA
"Económico","Hidalgo","Leche de Caprino. Volumen de la Producción (miles de litros)","https://nube.agricultura.gob.mx/cierre_agricola/",NA,NA,NA,NA,NA,6202,61294,60944,NA
"Económico","Jalisco","Leche de Caprino. Volumen de la Producción (miles de litros)","https://nube.agricultura.gob.mx/cierre_agricola/",NA,NA,NA,NA,NA,9869363,10165434,10293937,NA
"Económico","Michoacán de Ocampo","Leche de Caprino. Volumen de la Producción (miles de litros)","https://nube.agricultura.gob.mx/cierre_agricola/",NA,NA,NA,NA,NA,4200906,4241706,4208604,NA
"Económico","Nuevo León","Leche de Caprino. Volumen de la Producción (miles de litros)","https://nube.agricultura.gob.mx/cierre_agricola/",NA,NA,NA,NA,NA,4519336,4520306,4551487,NA
"Económico","Puebla","Leche de Caprino. Volumen de la Producción (miles de litros)","https://nube.agricultura.gob.mx/cierre_agricola/",NA,NA,NA,NA,NA,1943106,1945683,1940853,NA
"Económico","Querétaro","Leche de Caprino. Volumen de la Producción (miles de litros)","https://nube.agricultura.gob.mx/cierre_agricola/",NA,NA,NA,NA,NA,2884125,2948747,2960455,NA
"Económico","Quintana Roo","Leche de Caprino. Volumen de la Producción (miles de litros)","https://nube.agricultura.gob.mx/cierre_agricola/",NA,NA,NA,NA,NA,1537,13041,12909,NA
"Económico","San Luis Potosí","Leche de Caprino. Volumen de la Producción (miles de litros)","https://nube.agricultura.gob.mx/cierre_agricola/",NA,NA,NA,NA,NA,5246702,5234706,5091787,NA
"Económico","Sonora","Leche de Caprino. Volumen de la Producción (miles de litros)","https://nube.agricultura.gob.mx/cierre_agricola/",NA,NA,NA,NA,NA,623544,667989,660146,NA
"Económico","Tamaulipas","Leche de Caprino. Volumen de la Producción (miles de litros)","https://nube.agricultura.gob.mx/cierre_agricola/",NA,NA,NA,NA,NA,10825,110859,11083,NA
"Económico","Tlaxcala","Leche de Caprino. Volumen de la Producción (miles de litros)","https://nube.agricultura.gob.mx/cierre_agricola/",NA,NA,NA,NA,NA,1861287,177597,1778822,NA
"Económico","Veracruz de Ignacio de la Llave","Leche de Caprino. Volumen de la Producción (miles de litros)","https://nube.agricultura.gob.mx/cierre_agricola/",NA,NA,NA,NA,NA,241729,2480824,2517852,NA
"Económico","Zacatecas","Leche de Caprino. Volumen de la Producción (miles de litros)","https://nube.agricultura.gob.mx/cierre_agricola/",NA,NA,NA,NA,NA,6453636,6447132,6258778,NA
"Económico","Aguascalientes","Longitud de la Red Carretera Federal (kilometros)","https://www.inegi.org.mx/app/areasgeograficas/?ag=07000001#collapse-Tabulados",NA,NA,NA,NA,NA,3440,3440,3440,34389
"Económico","Baja California","Longitud de la Red Carretera Federal (kilometros)","https://www.inegi.org.mx/app/areasgeograficas/?ag=07000001#collapse-Tabulados",NA,NA,NA,NA,NA,21850,19110,19110,NA
"Económico","Baja California Sur","Longitud de la Red Carretera Federal (kilometros)","https://www.inegi.org.mx/app/areasgeograficas/?ag=07000001#collapse-Tabulados",NA,NA,NA,NA,NA,11950,11970,14130,NA
"Económico","Campeche","Longitud de la Red Carretera Federal (kilometros)","https://www.inegi.org.mx/app/areasgeograficas/?ag=07000001#collapse-Tabulados",NA,NA,NA,NA,NA,13810,13810,13810,14280
"Económico","Coahuila de Zaragoza","Longitud de la Red Carretera Federal (kilometros)","https://www.inegi.org.mx/app/areasgeograficas/?ag=07000005#collapse-Tabulados",NA,NA,NA,NA,NA,14840,14840,14840,14840
"Económico","Colima","Longitud de la Red Carretera Federal (kilometros)","https://www.inegi.org.mx/app/areasgeograficas/?ag=07000005#collapse-Tabulados",NA,NA,NA,NA,NA,4470,4470,4470,3860
"Económico","Chiapas","Longitud de la Red Carretera Federal (kilometros)","https://www.inegi.org.mx/app/areasgeograficas/?ag=07000005#collapse-Tabulados",NA,NA,NA,NA,NA,26550,26550,26550,NA
"Económico","Chihuahua","Longitud de la Red Carretera Federal (kilometros)","https://www.inegi.org.mx/app/areasgeograficas/?ag=07000005#collapse-Tabulados",NA,NA,NA,NA,NA,26320,26260,26260,NA
"Económico","Durango","Longitud de la Red Carretera Federal (kilometros)","https://www.inegi.org.mx/app/areasgeograficas/?ag=07000005#collapse-Tabulados",NA,NA,NA,NA,NA,25860,26080,26080,26080
"Económico","Guanajuato","Longitud de la Red Carretera Federal (kilometros)","https://www.inegi.org.mx/app/areasgeograficas/?ag=07000005#collapse-Tabulados",NA,NA,NA,NA,NA,14860,14860,10140,NA
"Económico","Guerrero","Longitud de la Red Carretera Federal (kilometros)","https://www.inegi.org.mx/app/areasgeograficas/?ag=07000005#collapse-Tabulados",NA,NA,NA,NA,NA,19060,19410,19410,NA
"Económico","Hidalgo","Longitud de la Red Carretera Federal (kilometros)","https://www.inegi.org.mx/app/areasgeograficas/?ag=07000005#collapse-Tabulados",NA,NA,NA,NA,NA,9160,7560,7560,NA
"Económico","Jalisco","Longitud de la Red Carretera Federal (kilometros)","https://www.inegi.org.mx/app/areasgeograficas/?ag=07000005#collapse-Tabulados",NA,NA,NA,NA,NA,26970,25990,26190,NA
"Económico","México","Longitud de la Red Carretera Federal (kilometros)","https://www.inegi.org.mx/app/areasgeograficas/?ag=07000005#collapse-Tabulados",NA,NA,NA,NA,NA,7750,7930,7930,NA
"Económico","Michoacán de Ocampo","Longitud de la Red Carretera Federal (kilometros)","https://www.inegi.org.mx/app/areasgeograficas/?ag=07000005#collapse-Tabulados",NA,NA,NA,NA,NA,26980,26980,26980,26980
"Económico","Morelos","Longitud de la Red Carretera Federal (kilometros)","https://www.inegi.org.mx/app/areasgeograficas/?ag=07000005#collapse-Tabulados",NA,NA,NA,NA,NA,5200,5200,5200,NA
"Económico","Nayarit","Longitud de la Red Carretera Federal (kilometros)","https://www.inegi.org.mx/app/areasgeograficas/?ag=07000005#collapse-Tabulados",NA,NA,NA,NA,NA,12830,13200,12510,NA
"Económico","Nuevo León","Longitud de la Red Carretera Federal (kilometros)","https://www.inegi.org.mx/app/areasgeograficas/?ag=07000005#collapse-Tabulados",NA,NA,NA,NA,NA,12540,12540,12540,12540
"Económico","Oaxaca","Longitud de la Red Carretera Federal (kilometros)","https://www.inegi.org.mx/app/areasgeograficas/?ag=07000005#collapse-Tabulados",NA,NA,NA,NA,NA,33570,33570,33560,NA
"Económico","Puebla","Longitud de la Red Carretera Federal (kilometros)","https://www.inegi.org.mx/app/areasgeograficas/?ag=07000005#collapse-Tabulados",NA,NA,NA,NA,NA,16960,16960,16960,NA
"Económico","Querétaro","Longitud de la Red Carretera Federal (kilometros)","https://www.inegi.org.mx/app/areasgeograficas/?ag=07000005#collapse-Tabulados",NA,NA,NA,NA,NA,8610,8610,7090,NA
"Económico","Quintana Roo","Longitud de la Red Carretera Federal (kilometros)","https://www.inegi.org.mx/app/areasgeograficas/?ag=07000005#collapse-Tabulados",NA,NA,NA,NA,NA,8770,8770,9500,9910
"Económico","San Luis Potosí","Longitud de la Red Carretera Federal (kilometros)","https://www.inegi.org.mx/app/areasgeograficas/?ag=07000005#collapse-Tabulados",NA,NA,NA,NA,NA,20420,20420,20550,NA
"Económico","Sinaloa","Longitud de la Red Carretera Federal (kilometros)","https://www.inegi.org.mx/app/areasgeograficas/?ag=07000005#collapse-Tabulados",NA,NA,NA,NA,NA,13160,13160,13160,13160
"Económico","Sonora","Longitud de la Red Carretera Federal (kilometros)","https://www.inegi.org.mx/app/areasgeograficas/?ag=07000005#collapse-Tabulados",NA,NA,NA,NA,NA,26720,26720,26720,NA
"Económico","Tabasco","Longitud de la Red Carretera Federal (kilometros)","https://www.inegi.org.mx/app/areasgeograficas/?ag=07000005#collapse-Tabulados",NA,NA,NA,NA,NA,5940,6120,6300,NA
"Económico","Tamaulipas","Longitud de la Red Carretera Federal (kilometros)","https://www.inegi.org.mx/app/areasgeograficas/?ag=07000005#collapse-Tabulados",NA,NA,NA,NA,NA,22680,22680,22710,22710
"Económico","Tlaxcala","Longitud de la Red Carretera Federal (kilometros)","https://www.inegi.org.mx/app/areasgeograficas/?ag=07000005#collapse-Tabulados",NA,NA,NA,NA,NA,6940,6940,6940,8460
"Económico","Veracruz de Ignacio de la Llave","Longitud de la Red Carretera Federal (kilometros)","https://www.inegi.org.mx/app/areasgeograficas/?ag=07000005#collapse-Tabulados",NA,NA,NA,NA,NA,35070,35070,35130,NA
"Económico","Yucatán","Longitud de la Red Carretera Federal (kilometros)","https://www.inegi.org.mx/app/areasgeograficas/?ag=07000005#collapse-Tabulados",NA,NA,NA,NA,NA,13330,13330,13330,13330
"Económico","Zacatecas","Longitud de la Red Carretera Federal (kilometros)","https://www.inegi.org.mx/app/areasgeograficas/?ag=07000005#collapse-Tabulados",NA,NA,NA,NA,NA,15590,16130,16130,16130
"Económico","Aguascalientes","Longitud de la Red de Alimentadoras estatales (kilometros","https://www.inegi.org.mx/app/areasgeograficas/?ag=07000001#collapse-Tabulados",NA,NA,NA,NA,NA,11320,11580,11650,11940
"Económico","Baja California","Longitud de la Red de Alimentadoras estatales (kilometros","https://www.inegi.org.mx/app/areasgeograficas/?ag=07000001#collapse-Tabulados",NA,NA,NA,NA,NA,36830,36830,11080,NA
"Económico","Baja California Sur","Longitud de la Red de Alimentadoras estatales (kilometros","https://www.inegi.org.mx/app/areasgeograficas/?ag=07000001#collapse-Tabulados",NA,NA,NA,NA,NA,17280,18320,18320,NA
"Económico","Campeche","Longitud de la Red de Alimentadoras estatales (kilometros","https://www.inegi.org.mx/app/areasgeograficas/?ag=07000001#collapse-Tabulados",NA,NA,NA,NA,NA,10890,10890,10890,10890
"Económico","Coahuila de Zaragoza","Longitud de la Red de Alimentadoras estatales (kilometros","https://www.inegi.org.mx/app/areasgeograficas/?ag=07000005#collapse-Tabulados",NA,NA,NA,NA,NA,33800,33800,33800,33800
"Económico","Colima","Longitud de la Red de Alimentadoras estatales (kilometros","https://www.inegi.org.mx/app/areasgeograficas/?ag=07000005#collapse-Tabulados",NA,NA,NA,NA,NA,8580,8580,8580,8580
"Económico","Chiapas","Longitud de la Red de Alimentadoras estatales (kilometros","https://www.inegi.org.mx/app/areasgeograficas/?ag=07000005#collapse-Tabulados",NA,NA,NA,NA,NA,50200,50200,50200,NA
"Económico","Durango","Longitud de la Red de Alimentadoras estatales (kilometros","https://www.inegi.org.mx/app/areasgeograficas/?ag=07000005#collapse-Tabulados",NA,NA,NA,NA,NA,26830,26830,36920,38270
"Económico","Guanajuato","Longitud de la Red de Alimentadoras estatales (kilometros","https://www.inegi.org.mx/app/areasgeograficas/?ag=07000005#collapse-Tabulados",NA,NA,NA,NA,NA,29580,28940,28600,NA
"Económico","Guerrero","Longitud de la Red de Alimentadoras estatales (kilometros","https://www.inegi.org.mx/app/areasgeograficas/?ag=07000005#collapse-Tabulados",NA,NA,NA,NA,NA,45160,49460,53570,NA
"Económico","Hidalgo","Longitud de la Red de Alimentadoras estatales (kilometros","https://www.inegi.org.mx/app/areasgeograficas/?ag=07000005#collapse-Tabulados",NA,NA,NA,NA,NA,27460,28000,28090,NA
"Económico","Jalisco","Longitud de la Red de Alimentadoras estatales (kilometros","https://www.inegi.org.mx/app/areasgeograficas/?ag=07000005#collapse-Tabulados",NA,NA,NA,NA,NA,45780,46010,124850,NA
"Económico","México","Longitud de la Red de Alimentadoras estatales (kilometros","https://www.inegi.org.mx/app/areasgeograficas/?ag=07000005#collapse-Tabulados",NA,NA,NA,NA,NA,43270,43270,43270,NA
"Económico","Michoacán de Ocampo","Longitud de la Red de Alimentadoras estatales (kilometros","https://www.inegi.org.mx/app/areasgeograficas/?ag=07000005#collapse-Tabulados",NA,NA,NA,NA,NA,30270,30270,30270,30270
"Económico","Morelos","Longitud de la Red de Alimentadoras estatales (kilometros","https://www.inegi.org.mx/app/areasgeograficas/?ag=07000005#collapse-Tabulados",NA,NA,NA,NA,NA,34760,12920,12920,NA
"Económico","Nayarit","Longitud de la Red de Alimentadoras estatales (kilometros","https://www.inegi.org.mx/app/areasgeograficas/?ag=07000005#collapse-Tabulados",NA,NA,NA,NA,NA,20380,20680,20880,NA
"Económico","Nuevo León","Longitud de la Red de Alimentadoras estatales (kilometros","https://www.inegi.org.mx/app/areasgeograficas/?ag=07000005#collapse-Tabulados",NA,NA,NA,NA,NA,28890,33240,33240,33240
"Económico","Oaxaca","Longitud de la Red de Alimentadoras estatales (kilometros","https://www.inegi.org.mx/app/areasgeograficas/?ag=07000005#collapse-Tabulados",NA,NA,NA,NA,NA,45370,45470,46370,NA
"Económico","Puebla","Longitud de la Red de Alimentadoras estatales (kilometros","https://www.inegi.org.mx/app/areasgeograficas/?ag=07000005#collapse-Tabulados",NA,NA,NA,NA,NA,54280,54360,54360,NA
"Económico","Querétaro","Longitud de la Red de Alimentadoras estatales (kilometros","https://www.inegi.org.mx/app/areasgeograficas/?ag=07000005#collapse-Tabulados",NA,NA,NA,NA,NA,11730,11520,11880,NA
"Económico","Quintana Roo","Longitud de la Red de Alimentadoras estatales (kilometros","https://www.inegi.org.mx/app/areasgeograficas/?ag=07000005#collapse-Tabulados",NA,NA,NA,NA,NA,25700,25700,25700,25700
"Económico","San Luis Potosí","Longitud de la Red de Alimentadoras estatales (kilometros","https://www.inegi.org.mx/app/areasgeograficas/?ag=07000005#collapse-Tabulados",NA,NA,NA,NA,NA,58570,58510,58570,NA
"Económico","Sinaloa","Longitud de la Red de Alimentadoras estatales (kilometros","https://www.inegi.org.mx/app/areasgeograficas/?ag=07000005#collapse-Tabulados",NA,NA,NA,NA,NA,35930,36320,37040,38310
"Económico","Sonora","Longitud de la Red de Alimentadoras estatales (kilometros","https://www.inegi.org.mx/app/areasgeograficas/?ag=07000005#collapse-Tabulados",NA,NA,NA,NA,NA,50900,50900,50900,NA
"Económico","Tabasco","Longitud de la Red de Alimentadoras estatales (kilometros","https://www.inegi.org.mx/app/areasgeograficas/?ag=07000005#collapse-Tabulados",NA,NA,NA,NA,NA,54800,54890,54880,NA
"Económico","Tamaulipas","Longitud de la Red de Alimentadoras estatales (kilometros","https://www.inegi.org.mx/app/areasgeograficas/?ag=07000005#collapse-Tabulados",NA,NA,NA,NA,NA,28370,28370,28370,28490
"Económico","Tlaxcala","Longitud de la Red de Alimentadoras estatales (kilometros","https://www.inegi.org.mx/app/areasgeograficas/?ag=07000005#collapse-Tabulados",NA,NA,NA,NA,NA,11210,11210,11210,11210
"Económico","Veracruz de Ignacio de la Llave","Longitud de la Red de Alimentadoras estatales (kilometros","https://www.inegi.org.mx/app/areasgeograficas/?ag=07000005#collapse-Tabulados",NA,NA,NA,NA,NA,81380,82380,81580,NA
"Económico","Yucatán","Longitud de la Red de Alimentadoras estatales (kilometros","https://www.inegi.org.mx/app/areasgeograficas/?ag=07000005#collapse-Tabulados",NA,NA,NA,NA,NA,19450,47310,47310,47310
"Económico","Zacatecas","Longitud de la Red de Alimentadoras estatales (kilometros","https://www.inegi.org.mx/app/areasgeograficas/?ag=07000005#collapse-Tabulados",NA,NA,NA,NA,NA,49340,49340,49340,49340
"Económico","Aguascalientes","Longitud de la Red de Brechas Mejoradas (kilometros)","https://www.inegi.org.mx/app/areasgeograficas/?ag=07000001#collapse-Tabulados",NA,NA,NA,NA,NA,3610,3610,3610,36055
"Económico","Baja California","Longitud de la Red de Brechas Mejoradas (kilometros)","https://www.inegi.org.mx/app/areasgeograficas/?ag=07000001#collapse-Tabulados",NA,NA,NA,NA,NA,42840,42840,42840,NA
"Económico","Baja California Sur","Longitud de la Red de Brechas Mejoradas (kilometros)","https://www.inegi.org.mx/app/areasgeograficas/?ag=07000001#collapse-Tabulados",NA,NA,NA,NA,NA,17180,17180,17180,NA
"Económico","Colima","Longitud de la Red de Brechas Mejoradas (kilometros)","https://www.inegi.org.mx/app/areasgeograficas/?ag=07000005#collapse-Tabulados",NA,NA,NA,NA,NA,1470,1470,270,270
"Económico","Chiapas","Longitud de la Red de Brechas Mejoradas (kilometros)","https://www.inegi.org.mx/app/areasgeograficas/?ag=07000005#collapse-Tabulados",NA,NA,NA,NA,NA,590,590,590,NA
"Económico","Durango","Longitud de la Red de Brechas Mejoradas (kilometros)","https://www.inegi.org.mx/app/areasgeograficas/?ag=07000005#collapse-Tabulados",NA,NA,NA,NA,NA,9300,9300,4770,4950
"Económico","Guanajuato","Longitud de la Red de Brechas Mejoradas (kilometros)","https://www.inegi.org.mx/app/areasgeograficas/?ag=07000005#collapse-Tabulados",NA,NA,NA,NA,NA,13230,13230,NA,NA
"Económico","Guerrero","Longitud de la Red de Brechas Mejoradas (kilometros)","https://www.inegi.org.mx/app/areasgeograficas/?ag=07000005#collapse-Tabulados",NA,NA,NA,NA,NA,59730,62200,62470,NA
"Económico","Hidalgo","Longitud de la Red de Brechas Mejoradas (kilometros)","https://www.inegi.org.mx/app/areasgeograficas/?ag=07000005#collapse-Tabulados",NA,NA,NA,NA,NA,21690,21690,21690,NA
"Económico","Michoacán de Ocampo","Longitud de la Red de Brechas Mejoradas (kilometros)","https://www.inegi.org.mx/app/areasgeograficas/?ag=07000005#collapse-Tabulados",NA,NA,NA,NA,NA,40000,40000,40000,40000
"Económico","Oaxaca","Longitud de la Red de Brechas Mejoradas (kilometros)","https://www.inegi.org.mx/app/areasgeograficas/?ag=07000005#collapse-Tabulados",NA,NA,NA,NA,NA,3370,3370,3370,NA
"Económico","Tabasco","Longitud de la Red de Brechas Mejoradas (kilometros)","https://www.inegi.org.mx/app/areasgeograficas/?ag=07000005#collapse-Tabulados",NA,NA,NA,NA,NA,2980,3230,3310,NA
"Económico","Veracruz de Ignacio de la Llave","Longitud de la Red de Brechas Mejoradas (kilometros)","https://www.inegi.org.mx/app/areasgeograficas/?ag=07000005#collapse-Tabulados",NA,NA,NA,NA,NA,93440,93440,93440,NA
"Económico","Yucatán","Longitud de la Red de Brechas Mejoradas (kilometros)","https://www.inegi.org.mx/app/areasgeograficas/?ag=07000005#collapse-Tabulados",NA,NA,NA,NA,NA,36190,36190,36190,36190
"Económico","Zacatecas","Longitud de la Red de Brechas Mejoradas (kilometros)","https://www.inegi.org.mx/app/areasgeograficas/?ag=07000005#collapse-Tabulados",NA,NA,NA,NA,NA,12950,12950,12950,12950
"Económico","Aguascalientes","Longitud de la Red de Caminos Rurales (kilometros)","https://www.inegi.org.mx/app/areasgeograficas/?ag=07000001#collapse-Tabulados",NA,NA,NA,NA,NA,5180,5160,5120,4916
"Económico","Baja California","Longitud de la Red de Caminos Rurales (kilometros)","https://www.inegi.org.mx/app/areasgeograficas/?ag=07000001#collapse-Tabulados",NA,NA,NA,NA,NA,22720,47910,74290,NA
"Económico","Baja California Sur","Longitud de la Red de Caminos Rurales (kilometros)","https://www.inegi.org.mx/app/areasgeograficas/?ag=07000001#collapse-Tabulados",NA,NA,NA,NA,NA,12730,13170,13170,NA
"Económico","Campeche","Longitud de la Red de Caminos Rurales (kilometros)","https://www.inegi.org.mx/app/areasgeograficas/?ag=07000001#collapse-Tabulados",NA,NA,NA,NA,NA,21760,22840,4130,4120
"Económico","Coahuila de Zaragoza","Longitud de la Red de Caminos Rurales (kilometros)","https://www.inegi.org.mx/app/areasgeograficas/?ag=07000005#collapse-Tabulados",NA,NA,NA,NA,NA,36390,36390,36390,36390
"Económico","Colima","Longitud de la Red de Caminos Rurales (kilometros)","https://www.inegi.org.mx/app/areasgeograficas/?ag=07000005#collapse-Tabulados",NA,NA,NA,NA,NA,15940,15940,15940,15940
"Económico","Chiapas","Longitud de la Red de Caminos Rurales (kilometros)","https://www.inegi.org.mx/app/areasgeograficas/?ag=07000005#collapse-Tabulados",NA,NA,NA,NA,NA,157170,157170,157170,NA
"Económico","Durango","Longitud de la Red de Caminos Rurales (kilometros)","https://www.inegi.org.mx/app/areasgeograficas/?ag=07000005#collapse-Tabulados",NA,NA,NA,NA,NA,104740,104740,77250,82360
"Económico","Guanajuato","Longitud de la Red de Caminos Rurales (kilometros)","https://www.inegi.org.mx/app/areasgeograficas/?ag=07000005#collapse-Tabulados",NA,NA,NA,NA,NA,72100,72100,72130,NA
"Económico","Guerrero","Longitud de la Red de Caminos Rurales (kilometros)","https://www.inegi.org.mx/app/areasgeograficas/?ag=07000005#collapse-Tabulados",NA,NA,NA,NA,NA,62200,60210,59090,NA
"Económico","Hidalgo","Longitud de la Red de Caminos Rurales (kilometros)","https://www.inegi.org.mx/app/areasgeograficas/?ag=07000005#collapse-Tabulados",NA,NA,NA,NA,NA,52900,52900,52900,NA
"Económico","Jalisco","Longitud de la Red de Caminos Rurales (kilometros)","https://www.inegi.org.mx/app/areasgeograficas/?ag=07000005#collapse-Tabulados",NA,NA,NA,NA,NA,147910,147870,68960,NA
"Económico","México","Longitud de la Red de Caminos Rurales (kilometros)","https://www.inegi.org.mx/app/areasgeograficas/?ag=07000005#collapse-Tabulados",NA,NA,NA,NA,NA,0,0,0,NA
"Económico","Michoacán de Ocampo","Longitud de la Red de Caminos Rurales (kilometros)","https://www.inegi.org.mx/app/areasgeograficas/?ag=07000005#collapse-Tabulados",NA,NA,NA,NA,NA,31140,31140,31140,31140
"Económico","Morelos","Longitud de la Red de Caminos Rurales (kilometros)","https://www.inegi.org.mx/app/areasgeograficas/?ag=07000005#collapse-Tabulados",NA,NA,NA,NA,NA,3960,11930,11930,NA
"Económico","Nayarit","Longitud de la Red de Caminos Rurales (kilometros)","https://www.inegi.org.mx/app/areasgeograficas/?ag=07000005#collapse-Tabulados",NA,NA,NA,NA,NA,23050,23050,22930,NA
"Económico","Nuevo León","Longitud de la Red de Caminos Rurales (kilometros)","https://www.inegi.org.mx/app/areasgeograficas/?ag=07000005#collapse-Tabulados",NA,NA,NA,NA,NA,31110,24740,24740,24740
"Económico","Oaxaca","Longitud de la Red de Caminos Rurales (kilometros)","https://www.inegi.org.mx/app/areasgeograficas/?ag=07000005#collapse-Tabulados",NA,NA,NA,NA,NA,228030,228730,232950,NA
"Económico","Puebla","Longitud de la Red de Caminos Rurales (kilometros)","https://www.inegi.org.mx/app/areasgeograficas/?ag=07000005#collapse-Tabulados",NA,NA,NA,NA,NA,46680,38740,48730,NA
"Económico","Querétaro","Longitud de la Red de Caminos Rurales (kilometros)","https://www.inegi.org.mx/app/areasgeograficas/?ag=07000005#collapse-Tabulados",NA,NA,NA,NA,NA,12640,12640,0,NA
"Económico","Quintana Roo","Longitud de la Red de Caminos Rurales (kilometros)","https://www.inegi.org.mx/app/areasgeograficas/?ag=07000005#collapse-Tabulados",NA,NA,NA,NA,NA,24150,24150,24150,24150
"Económico","San Luis Potosí","Longitud de la Red de Caminos Rurales (kilometros)","https://www.inegi.org.mx/app/areasgeograficas/?ag=07000005#collapse-Tabulados",NA,NA,NA,NA,NA,52240,52230,52230,NA
"Económico","Sinaloa","Longitud de la Red de Caminos Rurales (kilometros)","https://www.inegi.org.mx/app/areasgeograficas/?ag=07000005#collapse-Tabulados",NA,NA,NA,NA,NA,119280,118920,118200,116940
"Económico","Tabasco","Longitud de la Red de Caminos Rurales (kilometros)","https://www.inegi.org.mx/app/areasgeograficas/?ag=07000005#collapse-Tabulados",NA,NA,NA,NA,NA,41580,43590,44690,NA
"Económico","Tamaulipas","Longitud de la Red de Caminos Rurales (kilometros)","https://www.inegi.org.mx/app/areasgeograficas/?ag=07000005#collapse-Tabulados",NA,NA,NA,NA,NA,32330,32330,32330,32330
"Económico","Tlaxcala","Longitud de la Red de Caminos Rurales (kilometros)","https://www.inegi.org.mx/app/areasgeograficas/?ag=07000005#collapse-Tabulados",NA,NA,NA,NA,NA,12160,12160,12160,12160
"Económico","Veracruz de Ignacio de la Llave","Longitud de la Red de Caminos Rurales (kilometros)","https://www.inegi.org.mx/app/areasgeograficas/?ag=07000005#collapse-Tabulados",NA,NA,NA,NA,NA,43550,43670,44080,NA
"Económico","Yucatán","Longitud de la Red de Caminos Rurales (kilometros)","https://www.inegi.org.mx/app/areasgeograficas/?ag=07000005#collapse-Tabulados",NA,NA,NA,NA,NA,53770,25110,25110,25110
"Económico","Zacatecas","Longitud de la Red de Caminos Rurales (kilometros)","https://www.inegi.org.mx/app/areasgeograficas/?ag=07000005#collapse-Tabulados",NA,NA,NA,NA,NA,44560,44560,44560,44560
"Económico","Aguascalientes","Miel. Valor de la Producción (miles de pesos)","https://nube.agricultura.gob.mx/cierre_agricola/",NA,NA,NA,NA,NA,41750791,35873594,32555414,NA
"Económico","Baja California","Miel. Valor de la Producción (miles de pesos)","https://nube.agricultura.gob.mx/cierre_agricola/",NA,NA,NA,NA,NA,14951172,15205293,14694908,NA
"Económico","Baja California Sur","Miel. Valor de la Producción (miles de pesos)","https://nube.agricultura.gob.mx/cierre_agricola/",NA,NA,NA,NA,NA,11653816,11661324,12048732,NA
"Económico","Campeche","Miel. Valor de la Producción (miles de pesos)","https://nube.agricultura.gob.mx/cierre_agricola/",NA,NA,NA,NA,NA,382192896,134337526,11874209,NA
"Económico","Coahuila de Zaragoza","Miel. Valor de la Producción (miles de pesos)","https://nube.agricultura.gob.mx/cierre_agricola/",NA,NA,NA,NA,NA,11425483,11744419,11492813,NA
"Económico","Colima","Miel. Valor de la Producción (miles de pesos)","https://nube.agricultura.gob.mx/cierre_agricola/",NA,NA,NA,NA,NA,24949131,26187591,27387628,NA
"Económico","Chiapas","Miel. Valor de la Producción (miles de pesos)","https://nube.agricultura.gob.mx/cierre_agricola/",NA,NA,NA,NA,NA,253259823,27245408,294787261,NA
"Económico","Chihuahua","Miel. Valor de la Producción (miles de pesos)","https://nube.agricultura.gob.mx/cierre_agricola/",NA,NA,NA,NA,NA,32266889,24270516,20063158,NA
"Económico","Ciudad de México","Miel. Valor de la Producción (miles de pesos)","https://nube.agricultura.gob.mx/cierre_agricola/",NA,NA,NA,NA,NA,48642,4721775,4309172,NA
"Económico","Durango","Miel. Valor de la Producción (miles de pesos)","https://nube.agricultura.gob.mx/cierre_agricola/",NA,NA,NA,NA,NA,27289377,15234567,15764455,NA
"Económico","Guanajuato","Miel. Valor de la Producción (miles de pesos)","https://nube.agricultura.gob.mx/cierre_agricola/",NA,NA,NA,NA,NA,35790523,38189874,37656259,NA
"Económico","Guerrero","Miel. Valor de la Producción (miles de pesos)","https://nube.agricultura.gob.mx/cierre_agricola/",NA,NA,NA,NA,NA,100349364,104412682,105844867,NA
"Económico","Hidalgo","Miel. Valor de la Producción (miles de pesos)","https://nube.agricultura.gob.mx/cierre_agricola/",NA,NA,NA,NA,NA,64811007,6769126,66570364,NA
"Económico","Jalisco","Miel. Valor de la Producción (miles de pesos)","https://nube.agricultura.gob.mx/cierre_agricola/",NA,NA,NA,NA,NA,310778517,298341447,300683941,NA
"Económico","México","Miel. Valor de la Producción (miles de pesos)","https://nube.agricultura.gob.mx/cierre_agricola/",NA,NA,NA,NA,NA,50379034,50588452,50194985,NA
"Económico","Michoacán de Ocampo","Miel. Valor de la Producción (miles de pesos)","https://nube.agricultura.gob.mx/cierre_agricola/",NA,NA,NA,NA,NA,111001286,111326613,110670039,NA
"Económico","Morelos","Miel. Valor de la Producción (miles de pesos)","https://nube.agricultura.gob.mx/cierre_agricola/",NA,NA,NA,NA,NA,89901335,94668701,95263809,NA
"Económico","Nayarit","Miel. Valor de la Producción (miles de pesos)","https://nube.agricultura.gob.mx/cierre_agricola/",NA,NA,NA,NA,NA,22828713,21763691,22315517,NA
"Económico","Nuevo León","Miel. Valor de la Producción (miles de pesos)","https://nube.agricultura.gob.mx/cierre_agricola/",NA,NA,NA,NA,NA,10512212,12227073,13907508,NA
"Económico","Oaxaca","Miel. Valor de la Producción (miles de pesos)","https://nube.agricultura.gob.mx/cierre_agricola/",NA,NA,NA,NA,NA,216961317,212493091,21001509,NA
"Económico","Puebla","Miel. Valor de la Producción (miles de pesos)","https://nube.agricultura.gob.mx/cierre_agricola/",NA,NA,NA,NA,NA,117959493,11713769,116317684,NA
"Económico","Querétaro","Miel. Valor de la Producción (miles de pesos)","https://nube.agricultura.gob.mx/cierre_agricola/",NA,NA,NA,NA,NA,2810904,2132086,192214,NA
"Económico","Quintana Roo","Miel. Valor de la Producción (miles de pesos)","https://nube.agricultura.gob.mx/cierre_agricola/",NA,NA,NA,NA,NA,158415519,88195005,7826628,NA
"Económico","San Luis Potosí","Miel. Valor de la Producción (miles de pesos)","https://nube.agricultura.gob.mx/cierre_agricola/",NA,NA,NA,NA,NA,65346523,54907114,48202833,NA
"Económico","Sinaloa","Miel. Valor de la Producción (miles de pesos)","https://nube.agricultura.gob.mx/cierre_agricola/",NA,NA,NA,NA,NA,9689467,9554018,8571291,NA
"Económico","Sonora","Miel. Valor de la Producción (miles de pesos)","https://nube.agricultura.gob.mx/cierre_agricola/",NA,NA,NA,NA,NA,27410621,22659938,15539916,NA
"Económico","Tabasco","Miel. Valor de la Producción (miles de pesos)","https://nube.agricultura.gob.mx/cierre_agricola/",NA,NA,NA,NA,NA,20606336,20851138,21280601,NA
"Económico","Tamaulipas","Miel. Valor de la Producción (miles de pesos)","https://nube.agricultura.gob.mx/cierre_agricola/",NA,NA,NA,NA,NA,37445389,3905589,37853867,NA
"Económico","Tlaxcala","Miel. Valor de la Producción (miles de pesos)","https://nube.agricultura.gob.mx/cierre_agricola/",NA,NA,NA,NA,NA,2612688,26094993,25703369,NA
"Económico","Veracruz de Ignacio de la Llave","Miel. Valor de la Producción (miles de pesos)","https://nube.agricultura.gob.mx/cierre_agricola/",NA,NA,NA,NA,NA,250932423,255202327,256378063,NA
"Económico","Yucatán","Miel. Valor de la Producción (miles de pesos)","https://nube.agricultura.gob.mx/cierre_agricola/",NA,NA,NA,NA,NA,423584768,287819107,249886665,NA
"Económico","Zacatecas","Miel. Valor de la Producción (miles de pesos)","https://nube.agricultura.gob.mx/cierre_agricola/",NA,NA,NA,NA,NA,9936913,35531502,44945401,NA
"Económico","Aguascalientes","Miel. Volumen de la Producción (toneladas)","https://nube.agricultura.gob.mx/cierre_agricola/",NA,NA,NA,NA,NA,84256,717447,641428,NA
"Económico","Baja California","Miel. Volumen de la Producción (toneladas)","https://nube.agricultura.gob.mx/cierre_agricola/",NA,NA,NA,NA,NA,294025,298143,286747,NA
"Económico","Baja California Sur","Miel. Volumen de la Producción (toneladas)","https://nube.agricultura.gob.mx/cierre_agricola/",NA,NA,NA,NA,NA,2253,222153,227459,NA
"Económico","Campeche","Miel. Volumen de la Producción (toneladas)","https://nube.agricultura.gob.mx/cierre_agricola/",NA,NA,NA,NA,NA,8274282,4605514,440765,NA
"Económico","Coahuila de Zaragoza","Miel. Volumen de la Producción (toneladas)","https://nube.agricultura.gob.mx/cierre_agricola/",NA,NA,NA,NA,NA,221339,226097,2178,NA
"Económico","Colima","Miel. Volumen de la Producción (toneladas)","https://nube.agricultura.gob.mx/cierre_agricola/",NA,NA,NA,NA,NA,522153,535782,529505,NA
"Económico","Chiapas","Miel. Volumen de la Producción (toneladas)","https://nube.agricultura.gob.mx/cierre_agricola/",NA,NA,NA,NA,NA,5637957,5892322,5941506,NA
"Económico","Chihuahua","Miel. Volumen de la Producción (toneladas)","https://nube.agricultura.gob.mx/cierre_agricola/",NA,NA,NA,NA,NA,677519,495572,4056,NA
"Económico","Ciudad de México","Miel. Volumen de la Producción (toneladas)","https://nube.agricultura.gob.mx/cierre_agricola/",NA,NA,NA,NA,NA,8942,85411,77761,NA
"Económico","Durango","Miel. Volumen de la Producción (toneladas)","https://nube.agricultura.gob.mx/cierre_agricola/",NA,NA,NA,NA,NA,526629,293429,301147,NA
"Económico","Guanajuato","Miel. Volumen de la Producción (toneladas)","https://nube.agricultura.gob.mx/cierre_agricola/",NA,NA,NA,NA,NA,69174,734703,721102,NA
"Económico","Guerrero","Miel. Volumen de la Producción (toneladas)","https://nube.agricultura.gob.mx/cierre_agricola/",NA,NA,NA,NA,NA,2081286,2111765,2088942,NA
"Económico","Hidalgo","Miel. Volumen de la Producción (toneladas)","https://nube.agricultura.gob.mx/cierre_agricola/",NA,NA,NA,NA,NA,1431192,1451695,1421521,NA
"Económico","Jalisco","Miel. Volumen de la Producción (toneladas)","https://nube.agricultura.gob.mx/cierre_agricola/",NA,NA,NA,NA,NA,607884,5806074,5848986,NA
"Económico","México","Miel. Volumen de la Producción (toneladas)","https://nube.agricultura.gob.mx/cierre_agricola/",NA,NA,NA,NA,NA,939362,931226,918229,NA
"Económico","Michoacán de Ocampo","Miel. Volumen de la Producción (toneladas)","https://nube.agricultura.gob.mx/cierre_agricola/",NA,NA,NA,NA,NA,2074868,2055484,2032442,NA
"Económico","Morelos","Miel. Volumen de la Producción (toneladas)","https://nube.agricultura.gob.mx/cierre_agricola/",NA,NA,NA,NA,NA,1998668,2035278,2039132,NA
"Económico","Nayarit","Miel. Volumen de la Producción (toneladas)","https://nube.agricultura.gob.mx/cierre_agricola/",NA,NA,NA,NA,NA,476149,45329,461467,NA
"Económico","Nuevo León","Miel. Volumen de la Producción (toneladas)","https://nube.agricultura.gob.mx/cierre_agricola/",NA,NA,NA,NA,NA,20348,23429,265212,NA
"Económico","Oaxaca","Miel. Volumen de la Producción (toneladas)","https://nube.agricultura.gob.mx/cierre_agricola/",NA,NA,NA,NA,NA,4883935,4795177,4715891,NA
"Económico","Puebla","Miel. Volumen de la Producción (toneladas)","https://nube.agricultura.gob.mx/cierre_agricola/",NA,NA,NA,NA,NA,2440433,2383571,2356676,NA
"Económico","Querétaro","Miel. Volumen de la Producción (toneladas)","https://nube.agricultura.gob.mx/cierre_agricola/",NA,NA,NA,NA,NA,57494,42936,3844,NA
"Económico","Quintana Roo","Miel. Volumen de la Producción (toneladas)","https://nube.agricultura.gob.mx/cierre_agricola/",NA,NA,NA,NA,NA,3436388,272778,2936821,NA
"Económico","San Luis Potosí","Miel. Volumen de la Producción (toneladas)","https://nube.agricultura.gob.mx/cierre_agricola/",NA,NA,NA,NA,NA,129549,1085975,94697,NA
"Económico","Sinaloa","Miel. Volumen de la Producción (toneladas)","https://nube.agricultura.gob.mx/cierre_agricola/",NA,NA,NA,NA,NA,192083,187473,168044,NA
"Económico","Sonora","Miel. Volumen de la Producción (toneladas)","https://nube.agricultura.gob.mx/cierre_agricola/",NA,NA,NA,NA,NA,527683,432969,296131,NA
"Económico","Tabasco","Miel. Volumen de la Producción (toneladas)","https://nube.agricultura.gob.mx/cierre_agricola/",NA,NA,NA,NA,NA,413478,41376,417927,NA
"Económico","Tamaulipas","Miel. Volumen de la Producción (toneladas)","https://nube.agricultura.gob.mx/cierre_agricola/",NA,NA,NA,NA,NA,798613,828652,794974,NA
"Económico","Tlaxcala","Miel. Volumen de la Producción (toneladas)","https://nube.agricultura.gob.mx/cierre_agricola/",NA,NA,NA,NA,NA,515304,509302,500513,NA
"Económico","Veracruz de Ignacio de la Llave","Miel. Volumen de la Producción (toneladas)","https://nube.agricultura.gob.mx/cierre_agricola/",NA,NA,NA,NA,NA,515426,5239764,52330,NA
"Económico","Yucatán","Miel. Volumen de la Producción (toneladas)","https://nube.agricultura.gob.mx/cierre_agricola/",NA,NA,NA,NA,NA,9220188,9450518,9250391,NA
"Económico","Zacatecas","Miel. Volumen de la Producción (toneladas)","https://nube.agricultura.gob.mx/cierre_agricola/",NA,NA,NA,NA,NA,2098253,749625,940946,NA
"Económico","Aguascalientes","Oferta de alojamiento en la entidad (cuartos)","https://datatur.sectur.gob.mx/SitePages/CompendioEstadistico.aspx",NA,NA,NA,7847,7978,7979,7979,NA,NA
"Económico","Baja California","Oferta de alojamiento en la entidad (cuartos)","https://datatur.sectur.gob.mx/SitePages/CompendioEstadistico.aspx",NA,NA,NA,27348,28763,29968,28961,NA,NA
"Económico","Baja California Sur","Oferta de alojamiento en la entidad (cuartos)","https://datatur.sectur.gob.mx/SitePages/CompendioEstadistico.aspx",NA,NA,NA,27817,28175,28375,28665,NA,NA
"Económico","Campeche","Oferta de alojamiento en la entidad (cuartos)","https://datatur.sectur.gob.mx/SitePages/CompendioEstadistico.aspx",NA,NA,NA,8390,8390,7847,8090,NA,NA
"Económico","Coahuila de Zaragoza","Oferta de alojamiento en la entidad (cuartos)","https://datatur.sectur.gob.mx/SitePages/CompendioEstadistico.aspx",NA,NA,NA,14330,14555,14984,15419,NA,NA
"Económico","Colima","Oferta de alojamiento en la entidad (cuartos)","https://datatur.sectur.gob.mx/SitePages/CompendioEstadistico.aspx",NA,NA,NA,8659,9240,8846,8920,NA,NA
"Económico","Chiapas","Oferta de alojamiento en la entidad (cuartos)","https://datatur.sectur.gob.mx/SitePages/CompendioEstadistico.aspx",NA,NA,NA,23329,24120,24253,24245,NA,NA
"Económico","Chihuahua","Oferta de alojamiento en la entidad (cuartos)","https://datatur.sectur.gob.mx/SitePages/CompendioEstadistico.aspx",NA,NA,NA,22878,22878,23393,23393,NA,NA
"Económico","Ciudad de México","Oferta de alojamiento en la entidad (cuartos)","https://datatur.sectur.gob.mx/SitePages/CompendioEstadistico.aspx",NA,NA,NA,52666,52764,53409,60485,NA,NA
"Económico","Durango","Oferta de alojamiento en la entidad (cuartos)","https://datatur.sectur.gob.mx/SitePages/CompendioEstadistico.aspx",NA,NA,NA,6748,6778,7505,7617,NA,NA
"Económico","Guanajuato","Oferta de alojamiento en la entidad (cuartos)","https://datatur.sectur.gob.mx/SitePages/CompendioEstadistico.aspx",NA,NA,NA,32013,32016,31904,32565,NA,NA
"Económico","Guerrero","Oferta de alojamiento en la entidad (cuartos)","https://datatur.sectur.gob.mx/SitePages/CompendioEstadistico.aspx",NA,NA,NA,32679,34940,32932,32932,NA,NA
"Económico","Hidalgo","Oferta de alojamiento en la entidad (cuartos)","https://datatur.sectur.gob.mx/SitePages/CompendioEstadistico.aspx",NA,NA,NA,14927,15003,14671,16005,NA,NA
"Económico","Jalisco","Oferta de alojamiento en la entidad (cuartos)","https://datatur.sectur.gob.mx/SitePages/CompendioEstadistico.aspx",NA,NA,NA,78533,78969,82066,82778,NA,NA
"Económico","México","Oferta de alojamiento en la entidad (cuartos)","https://datatur.sectur.gob.mx/SitePages/CompendioEstadistico.aspx",NA,NA,NA,28648,28648,28648,23493,NA,NA
"Económico","Michoacán de Ocampo","Oferta de alojamiento en la entidad (cuartos)","https://datatur.sectur.gob.mx/SitePages/CompendioEstadistico.aspx",NA,NA,NA,18165,18160,18230,18230,NA,NA
"Económico","Morelos","Oferta de alojamiento en la entidad (cuartos)","https://datatur.sectur.gob.mx/SitePages/CompendioEstadistico.aspx",NA,NA,NA,15931,14195,13137,13497,NA,NA
"Económico","Nayarit","Oferta de alojamiento en la entidad (cuartos)","https://datatur.sectur.gob.mx/SitePages/CompendioEstadistico.aspx",NA,NA,NA,36559,36559,36559,36559,NA,NA
"Económico","Nuevo León","Oferta de alojamiento en la entidad (cuartos)","https://datatur.sectur.gob.mx/SitePages/CompendioEstadistico.aspx",NA,NA,NA,21001,22269,22609,23669,NA,NA
"Económico","Oaxaca","Oferta de alojamiento en la entidad (cuartos)","https://datatur.sectur.gob.mx/SitePages/CompendioEstadistico.aspx",NA,NA,NA,29928,30122,30543,31200,NA,NA
"Económico","Puebla","Oferta de alojamiento en la entidad (cuartos)","https://datatur.sectur.gob.mx/SitePages/CompendioEstadistico.aspx",NA,NA,NA,28340,29694,30767,31675,NA,NA
"Económico","Querétaro","Oferta de alojamiento en la entidad (cuartos)","https://datatur.sectur.gob.mx/SitePages/CompendioEstadistico.aspx",NA,NA,NA,15884,15884,15884,15884,NA,NA
"Económico","Quintana Roo","Oferta de alojamiento en la entidad (cuartos)","https://datatur.sectur.gob.mx/SitePages/CompendioEstadistico.aspx",NA,NA,NA,114789,118772,127399,130123,NA,NA
"Económico","San Luis Potosí","Oferta de alojamiento en la entidad (cuartos)","https://datatur.sectur.gob.mx/SitePages/CompendioEstadistico.aspx",NA,NA,NA,15794,15939,16018,16018,NA,NA
"Económico","Sinaloa","Oferta de alojamiento en la entidad (cuartos)","https://datatur.sectur.gob.mx/SitePages/CompendioEstadistico.aspx",NA,NA,NA,26781,26781,26781,24529,NA,NA
"Económico","Sonora","Oferta de alojamiento en la entidad (cuartos)","https://datatur.sectur.gob.mx/SitePages/CompendioEstadistico.aspx",NA,NA,NA,23647,23647,23647,23647,NA,NA
"Económico","Tabasco","Oferta de alojamiento en la entidad (cuartos)","https://datatur.sectur.gob.mx/SitePages/CompendioEstadistico.aspx",NA,NA,NA,13014,12956,13139,13301,NA,NA
"Económico","Tamaulipas","Oferta de alojamiento en la entidad (cuartos)","https://datatur.sectur.gob.mx/SitePages/CompendioEstadistico.aspx",NA,NA,NA,27521,28263,28263,28263,NA,NA
"Económico","Tlaxcala","Oferta de alojamiento en la entidad (cuartos)","https://datatur.sectur.gob.mx/SitePages/CompendioEstadistico.aspx",NA,NA,NA,5719,5825,5825,5986,NA,NA
"Económico","Veracruz de Ignacio de la Llave","Oferta de alojamiento en la entidad (cuartos)","https://datatur.sectur.gob.mx/SitePages/CompendioEstadistico.aspx",NA,NA,NA,51330,51589,51758,51983,NA,NA
"Económico","Yucatán","Oferta de alojamiento en la entidad (cuartos)","https://datatur.sectur.gob.mx/SitePages/CompendioEstadistico.aspx",NA,NA,NA,14658,15480,15756,16483,NA,NA
"Económico","Zacatecas","Oferta de alojamiento en la entidad (cuartos)","https://datatur.sectur.gob.mx/SitePages/CompendioEstadistico.aspx",NA,NA,NA,7953,7976,7927,7619,NA,NA
"Económico","Aguascalientes","Patentes","https://docs.google.com/spreadsheets/d/1bsNydFi1nYdJ488ocHkn_tnkYbsL2I-W/edit?gid=1585069145#gid=1585069145",NA,NA,NA,23,17,22,17,39,12
"Económico","Baja California","Patentes","https://docs.google.com/spreadsheets/d/1bsNydFi1nYdJ488ocHkn_tnkYbsL2I-W/edit?gid=1585069145#gid=1585069145",NA,NA,NA,49,26,49,22,48,8
"Económico","Baja California Sur","Patentes","https://docs.google.com/spreadsheets/d/1bsNydFi1nYdJ488ocHkn_tnkYbsL2I-W/edit?gid=1585069145#gid=1585069145",NA,NA,NA,5,10,9,10,5,11
"Económico","Campeche","Patentes","https://docs.google.com/spreadsheets/d/1bsNydFi1nYdJ488ocHkn_tnkYbsL2I-W/edit?gid=1585069145#gid=1585069145",NA,NA,NA,16,9,NA,4,10,NA
"Económico","Coahuila de Zaragoza","Patentes","https://docs.google.com/spreadsheets/d/1bsNydFi1nYdJ488ocHkn_tnkYbsL2I-W/edit?gid=1585069145#gid=1585069145",NA,NA,NA,84,49,50,39,30,22
"Económico","Colima","Patentes","https://docs.google.com/spreadsheets/d/1bsNydFi1nYdJ488ocHkn_tnkYbsL2I-W/edit?gid=1585069145#gid=1585069145",NA,NA,NA,9,7,12,5,9,2
"Económico","Chiapas","Patentes","https://docs.google.com/spreadsheets/d/1bsNydFi1nYdJ488ocHkn_tnkYbsL2I-W/edit?gid=1585069145#gid=1585069145",NA,NA,NA,13,7,8,25,16,3
"Económico","Chihuahua","Patentes","https://docs.google.com/spreadsheets/d/1bsNydFi1nYdJ488ocHkn_tnkYbsL2I-W/edit?gid=1585069145#gid=1585069145",NA,NA,NA,118,73,86,78,75,16
"Económico","Ciudad de México","Patentes","https://docs.google.com/spreadsheets/d/1bsNydFi1nYdJ488ocHkn_tnkYbsL2I-W/edit?gid=1585069145#gid=1585069145",NA,NA,NA,656,594,565,495,608,124
"Económico","Durango","Patentes","https://docs.google.com/spreadsheets/d/1bsNydFi1nYdJ488ocHkn_tnkYbsL2I-W/edit?gid=1585069145#gid=1585069145",NA,NA,NA,10,22,5,9,6,4
"Económico","Guanajuato","Patentes","https://docs.google.com/spreadsheets/d/1bsNydFi1nYdJ488ocHkn_tnkYbsL2I-W/edit?gid=1585069145#gid=1585069145",NA,NA,NA,205,330,120,304,240,28
"Económico","Guerrero","Patentes","https://docs.google.com/spreadsheets/d/1bsNydFi1nYdJ488ocHkn_tnkYbsL2I-W/edit?gid=1585069145#gid=1585069145",NA,NA,NA,4,5,5,4,5,5
"Económico","Hidalgo","Patentes","https://docs.google.com/spreadsheets/d/1bsNydFi1nYdJ488ocHkn_tnkYbsL2I-W/edit?gid=1585069145#gid=1585069145",NA,NA,NA,30,79,59,42,30,6
"Económico","Jalisco","Patentes","https://docs.google.com/spreadsheets/d/1bsNydFi1nYdJ488ocHkn_tnkYbsL2I-W/edit?gid=1585069145#gid=1585069145",NA,NA,NA,440,467,417,493,535,106
"Económico","Estado de México","Patentes","https://docs.google.com/spreadsheets/d/1bsNydFi1nYdJ488ocHkn_tnkYbsL2I-W/edit?gid=1585069145#gid=1585069145",NA,NA,NA,251,299,215,254,258,104
"Económico","Michoacán de Ocampo","Patentes","https://docs.google.com/spreadsheets/d/1bsNydFi1nYdJ488ocHkn_tnkYbsL2I-W/edit?gid=1585069145#gid=1585069145",NA,NA,NA,21,26,39,49,52,16
"Económico","Morelos","Patentes","https://docs.google.com/spreadsheets/d/1bsNydFi1nYdJ488ocHkn_tnkYbsL2I-W/edit?gid=1585069145#gid=1585069145",NA,NA,NA,38,65,32,37,24,4
"Económico","Nayarit","Patentes","https://docs.google.com/spreadsheets/d/1bsNydFi1nYdJ488ocHkn_tnkYbsL2I-W/edit?gid=1585069145#gid=1585069145",NA,NA,NA,7,8,4,4,3,1
"Económico","Nuevo León","Patentes","https://docs.google.com/spreadsheets/d/1bsNydFi1nYdJ488ocHkn_tnkYbsL2I-W/edit?gid=1585069145#gid=1585069145",NA,NA,NA,257,304,350,276,328,47
"Económico","Oaxaca","Patentes","https://docs.google.com/spreadsheets/d/1bsNydFi1nYdJ488ocHkn_tnkYbsL2I-W/edit?gid=1585069145#gid=1585069145",NA,NA,NA,16,23,11,14,17,9
"Económico","Puebla","Patentes","https://docs.google.com/spreadsheets/d/1bsNydFi1nYdJ488ocHkn_tnkYbsL2I-W/edit?gid=1585069145#gid=1585069145",NA,NA,NA,116,106,91,87,103,47
"Económico","Querétaro","Patentes","https://docs.google.com/spreadsheets/d/1bsNydFi1nYdJ488ocHkn_tnkYbsL2I-W/edit?gid=1585069145#gid=1585069145",NA,NA,NA,91,101,79,67,75,29
"Económico","Quintana Roo","Patentes","https://docs.google.com/spreadsheets/d/1bsNydFi1nYdJ488ocHkn_tnkYbsL2I-W/edit?gid=1585069145#gid=1585069145",NA,NA,NA,49,35,29,10,31,9
"Económico","San Luis Potosí","Patentes","https://docs.google.com/spreadsheets/d/1bsNydFi1nYdJ488ocHkn_tnkYbsL2I-W/edit?gid=1585069145#gid=1585069145",NA,NA,NA,46,50,72,51,43,5
"Económico","Sinaloa","Patentes","https://docs.google.com/spreadsheets/d/1bsNydFi1nYdJ488ocHkn_tnkYbsL2I-W/edit?gid=1585069145#gid=1585069145",NA,NA,NA,77,59,37,34,42,6
"Económico","Sonora","Patentes","https://docs.google.com/spreadsheets/d/1bsNydFi1nYdJ488ocHkn_tnkYbsL2I-W/edit?gid=1585069145#gid=1585069145",NA,NA,NA,36,21,19,18,35,3
"Económico","Tabasco","Patentes","https://docs.google.com/spreadsheets/d/1bsNydFi1nYdJ488ocHkn_tnkYbsL2I-W/edit?gid=1585069145#gid=1585069145",NA,NA,NA,19,32,13,28,24,4
"Económico","Tamaulipas","Patentes","https://docs.google.com/spreadsheets/d/1bsNydFi1nYdJ488ocHkn_tnkYbsL2I-W/edit?gid=1585069145#gid=1585069145",NA,NA,NA,18,37,23,22,20,3
"Económico","Tlaxcala","Patentes","https://docs.google.com/spreadsheets/d/1bsNydFi1nYdJ488ocHkn_tnkYbsL2I-W/edit?gid=1585069145#gid=1585069145",NA,NA,NA,12,8,4,7,3,NA
"Económico","Veracruz de Ignacio de la Llave","Patentes","https://docs.google.com/spreadsheets/d/1bsNydFi1nYdJ488ocHkn_tnkYbsL2I-W/edit?gid=1585069145#gid=1585069145",NA,NA,NA,34,30,27,23,38,8
"Económico","Yucatán","Patentes","https://docs.google.com/spreadsheets/d/1bsNydFi1nYdJ488ocHkn_tnkYbsL2I-W/edit?gid=1585069145#gid=1585069145",NA,NA,NA,44,63,68,28,23,9
"Económico","Zacatecas","Patentes","https://docs.google.com/spreadsheets/d/1bsNydFi1nYdJ488ocHkn_tnkYbsL2I-W/edit?gid=1585069145#gid=1585069145",NA,NA,NA,15,9,31,26,50,4
"Económico","Aguascalientes","Porcentaje de ocupación en la entidad ","https://datatur.sectur.gob.mx/SitePages/CompendioEstadistico.aspx. Tablero dinamico. Cap. 6",NA,NA,NA,278,395,42,489,NA,NA
"Económico","Baja California","Porcentaje de ocupación en la entidad ","https://datatur.sectur.gob.mx/SitePages/CompendioEstadistico.aspx. Tablero dinamico. Cap. 6",NA,NA,NA,271,513,55,516,NA,NA
"Económico","Baja California Sur","Porcentaje de ocupación en la entidad ","https://datatur.sectur.gob.mx/SitePages/CompendioEstadistico.aspx. Tablero dinamico. Cap. 6",NA,NA,NA,325,567,71,713,NA,NA
"Económico","Campeche","Porcentaje de ocupación en la entidad ","https://datatur.sectur.gob.mx/SitePages/CompendioEstadistico.aspx. Tablero dinamico. Cap. 6",NA,NA,NA,255,357,459,508,NA,NA
"Económico","Coahuila de Zaragoza","Porcentaje de ocupación en la entidad ","https://datatur.sectur.gob.mx/SitePages/CompendioEstadistico.aspx. Tablero dinamico. Cap. 6",NA,NA,NA,276,393,502,48,NA,NA
"Económico","Colima","Porcentaje de ocupación en la entidad ","https://datatur.sectur.gob.mx/SitePages/CompendioEstadistico.aspx. Tablero dinamico. Cap. 6",NA,NA,NA,234,383,46,547,NA,NA
"Económico","Chiapas","Porcentaje de ocupación en la entidad ","https://datatur.sectur.gob.mx/SitePages/CompendioEstadistico.aspx. Tablero dinamico. Cap. 6",NA,NA,NA,172,28,333,362,NA,NA
"Económico","Chihuahua","Porcentaje de ocupación en la entidad ","https://datatur.sectur.gob.mx/SitePages/CompendioEstadistico.aspx. Tablero dinamico. Cap. 6",NA,NA,NA,261,473,60,613,NA,NA
"Económico","Ciudad de México","Porcentaje de ocupación en la entidad ","https://datatur.sectur.gob.mx/SitePages/CompendioEstadistico.aspx. Tablero dinamico. Cap. 6",NA,NA,NA,235,341,534,575,NA,NA
"Económico","Durango","Porcentaje de ocupación en la entidad ","https://datatur.sectur.gob.mx/SitePages/CompendioEstadistico.aspx. Tablero dinamico. Cap. 6",NA,NA,NA,243,367,495,473,NA,NA
"Económico","Guanajuato","Porcentaje de ocupación en la entidad ","https://datatur.sectur.gob.mx/SitePages/CompendioEstadistico.aspx. Tablero dinamico. Cap. 6",NA,NA,NA,184,249,323,37,NA,NA
"Económico","Guerrero","Porcentaje de ocupación en la entidad ","https://datatur.sectur.gob.mx/SitePages/CompendioEstadistico.aspx. Tablero dinamico. Cap. 6",NA,NA,NA,237,357,474,388,NA,NA
"Económico","Hidalgo","Porcentaje de ocupación en la entidad ","https://datatur.sectur.gob.mx/SitePages/CompendioEstadistico.aspx. Tablero dinamico. Cap. 6",NA,NA,NA,248,282,404,489,NA,NA
"Económico","Jalisco","Porcentaje de ocupación en la entidad ","https://datatur.sectur.gob.mx/SitePages/CompendioEstadistico.aspx. Tablero dinamico. Cap. 6",NA,NA,NA,272,415,536,575,NA,NA
"Económico","México","Porcentaje de ocupación en la entidad ","https://datatur.sectur.gob.mx/SitePages/CompendioEstadistico.aspx. Tablero dinamico. Cap. 6",NA,NA,NA,143,20,286,323,NA,NA
"Económico","Michoacán de Ocampo","Porcentaje de ocupación en la entidad ","https://datatur.sectur.gob.mx/SitePages/CompendioEstadistico.aspx. Tablero dinamico. Cap. 6",NA,NA,NA,308,391,417,505,NA,NA
"Económico","Morelos","Porcentaje de ocupación en la entidad ","https://datatur.sectur.gob.mx/SitePages/CompendioEstadistico.aspx. Tablero dinamico. Cap. 6",NA,NA,NA,241,302,576,429,NA,NA
"Económico","Nayarit","Porcentaje de ocupación en la entidad ","https://datatur.sectur.gob.mx/SitePages/CompendioEstadistico.aspx. Tablero dinamico. Cap. 6",NA,NA,NA,318,461,612,429,NA,NA
"Económico","Nuevo León","Porcentaje de ocupación en la entidad ","https://datatur.sectur.gob.mx/SitePages/CompendioEstadistico.aspx. Tablero dinamico. Cap. 6",NA,NA,NA,242,397,56,631,NA,NA
"Económico","Oaxaca","Porcentaje de ocupación en la entidad ","https://datatur.sectur.gob.mx/SitePages/CompendioEstadistico.aspx. Tablero dinamico. Cap. 6",NA,NA,NA,199,322,487,516,NA,NA
"Económico","Puebla","Porcentaje de ocupación en la entidad ","https://datatur.sectur.gob.mx/SitePages/CompendioEstadistico.aspx. Tablero dinamico. Cap. 6",NA,NA,NA,176,237,421,484,NA,NA
"Económico","Querétaro","Porcentaje de ocupación en la entidad ","https://datatur.sectur.gob.mx/SitePages/CompendioEstadistico.aspx. Tablero dinamico. Cap. 6",NA,NA,NA,215,336,49,541,NA,NA
"Económico","Quintana Roo","Porcentaje de ocupación en la entidad ","https://datatur.sectur.gob.mx/SitePages/CompendioEstadistico.aspx. Tablero dinamico. Cap. 6",NA,NA,NA,291,506,734,74,NA,NA
"Económico","San Luis Potosí","Porcentaje de ocupación en la entidad ","https://datatur.sectur.gob.mx/SitePages/CompendioEstadistico.aspx. Tablero dinamico. Cap. 6",NA,NA,NA,256,354,454,525,NA,NA
"Económico","Sinaloa","Porcentaje de ocupación en la entidad ","https://datatur.sectur.gob.mx/SitePages/CompendioEstadistico.aspx. Tablero dinamico. Cap. 6",NA,NA,NA,341,499,578,618,NA,NA
"Económico","Sonora","Porcentaje de ocupación en la entidad ","https://datatur.sectur.gob.mx/SitePages/CompendioEstadistico.aspx. Tablero dinamico. Cap. 6",NA,NA,NA,267,348,496,519,NA,NA
"Económico","Tabasco","Porcentaje de ocupación en la entidad ","https://datatur.sectur.gob.mx/SitePages/CompendioEstadistico.aspx. Tablero dinamico. Cap. 6",NA,NA,NA,258,388,475,477,NA,NA
"Económico","Tamaulipas","Porcentaje de ocupación en la entidad ","https://datatur.sectur.gob.mx/SitePages/CompendioEstadistico.aspx. Tablero dinamico. Cap. 6",NA,NA,NA,309,381,404,397,NA,NA
"Económico","Tlaxcala","Porcentaje de ocupación en la entidad ","https://datatur.sectur.gob.mx/SitePages/CompendioEstadistico.aspx. Tablero dinamico. Cap. 6",NA,NA,NA,108,165,221,31,NA,NA
"Económico","Veracruz de Ignacio de la Llave","Porcentaje de ocupación en la entidad ","https://datatur.sectur.gob.mx/SitePages/CompendioEstadistico.aspx. Tablero dinamico. Cap. 6",NA,NA,NA,216,327,432,486,NA,NA
"Económico","Yucatán","Porcentaje de ocupación en la entidad ","https://datatur.sectur.gob.mx/SitePages/CompendioEstadistico.aspx. Tablero dinamico. Cap. 6",NA,NA,NA,20,335,521,522,NA,NA
"Económico","Zacatecas","Porcentaje de ocupación en la entidad ","https://datatur.sectur.gob.mx/SitePages/CompendioEstadistico.aspx. Tablero dinamico. Cap. 6",NA,NA,NA,228,289,313,268,NA,NA
"Económico","Aguascalientes","Producción Pesquera. Valor de la Producción (Peso vivo pesos)","https://historico.datos.gob.mx/busca/dataset/produccion-pesquera",NA,NA,NA,NA,NA,45878366,60040360,7.9187971e+15,NA
"Económico","Baja California","Producción Pesquera. Valor de la Producción (Peso vivo pesos)","https://historico.datos.gob.mx/busca/dataset/produccion-pesquera",NA,NA,NA,NA,NA,3.870247008435e+25,3.6846738261472e+24,3.60931666764247e+24,NA
"Económico","Baja California Sur","Producción Pesquera. Valor de la Producción (Peso vivo pesos)","https://historico.datos.gob.mx/busca/dataset/produccion-pesquera",NA,NA,NA,NA,NA,3.767850745924e+24,3.18395669963354e+25,2.51039165285552e+25,NA
"Económico","Campeche","Producción Pesquera. Valor de la Producción (Peso vivo pesos)","https://historico.datos.gob.mx/busca/dataset/produccion-pesquera",NA,NA,NA,NA,NA,2.8498208519405e+25,1.88607302927966e+24,1.35234860456953e+25,NA
"Económico","Coahuila de Zaragoza","Producción Pesquera. Valor de la Producción (Peso vivo pesos)","https://historico.datos.gob.mx/busca/dataset/produccion-pesquera",NA,NA,NA,NA,NA,993400,39289250,8054550,NA
"Económico","Colima","Producción Pesquera. Valor de la Producción (Peso vivo pesos)","https://historico.datos.gob.mx/busca/dataset/produccion-pesquera",NA,NA,NA,NA,NA,1.049979232775e+21,9.3239793089876e+23,9.50549850896405e+23,NA
"Económico","Chiapas","Producción Pesquera. Valor de la Producción (Peso vivo pesos)","https://historico.datos.gob.mx/busca/dataset/produccion-pesquera",NA,NA,NA,NA,NA,1.01970409581e+20,9.8416775203851e+23,9.413964061442e+23,NA
"Económico","Chihuahua","Producción Pesquera. Valor de la Producción (Peso vivo pesos)","https://historico.datos.gob.mx/busca/dataset/produccion-pesquera",NA,NA,NA,NA,NA,75935900,7919300,2.8291595e+14,NA
"Económico","Ciudad de México","Producción Pesquera. Valor de la Producción (Peso vivo pesos)","https://historico.datos.gob.mx/busca/dataset/produccion-pesquera",NA,NA,NA,NA,NA,NA,12090000,1641000,NA
"Económico","Durango","Producción Pesquera. Valor de la Producción (Peso vivo pesos)","https://historico.datos.gob.mx/busca/dataset/produccion-pesquera",NA,NA,NA,NA,NA,7721200,9.1282357e+15,1.1613145922e+17,NA
"Económico","Guanajuato","Producción Pesquera. Valor de la Producción (Peso vivo pesos)","https://historico.datos.gob.mx/busca/dataset/produccion-pesquera",NA,NA,NA,NA,NA,73993700,69507500,63940000,NA
"Económico","Guerrero","Producción Pesquera. Valor de la Producción (Peso vivo pesos)","https://historico.datos.gob.mx/busca/dataset/produccion-pesquera",NA,NA,NA,NA,NA,4.11942100451e+19,3.4836622835205e+24,3.92262150468588e+24,NA
"Económico","Hidalgo","Producción Pesquera. Valor de la Producción (Peso vivo pesos)","https://historico.datos.gob.mx/busca/dataset/produccion-pesquera",NA,NA,NA,NA,NA,4.6494309e+14,6.5247700538e+23,5.8892380903e+18,NA
"Económico","Jalisco","Producción Pesquera. Valor de la Producción (Peso vivo pesos)","https://historico.datos.gob.mx/busca/dataset/produccion-pesquera",NA,NA,NA,NA,NA,4.1620806905e+24,6.1921056629105e+23,3.51928107679185e+24,NA
"Económico","México","Producción Pesquera. Valor de la Producción (Peso vivo pesos)","https://historico.datos.gob.mx/busca/dataset/produccion-pesquera",NA,NA,NA,NA,NA,59654350,1.0982354e+14,1.086955198e+18,NA
"Económico","Michoacán de Ocampo","Producción Pesquera. Valor de la Producción (Peso vivo pesos)","https://historico.datos.gob.mx/busca/dataset/produccion-pesquera",NA,NA,NA,NA,NA,2.41496976453e+19,2.9649015235935e+24,4.2270424169346e+23,NA
"Económico","Morelos","Producción Pesquera. Valor de la Producción (Peso vivo pesos)","https://historico.datos.gob.mx/busca/dataset/produccion-pesquera",NA,NA,NA,NA,NA,3.7100639e+14,1.971269975e+16,5.334807853e+15,NA
"Económico","Nayarit","Producción Pesquera. Valor de la Producción (Peso vivo pesos)","https://historico.datos.gob.mx/busca/dataset/produccion-pesquera",NA,NA,NA,NA,NA,4.497472320587e+24,1.87347898049135e+24,1.57808830279948e+25,NA
"Económico","Nuevo León","Producción Pesquera. Valor de la Producción (Peso vivo pesos)","https://historico.datos.gob.mx/busca/dataset/produccion-pesquera",NA,NA,NA,NA,NA,NA,92778420,31136150,NA
"Económico","Oaxaca","Producción Pesquera. Valor de la Producción (Peso vivo pesos)","https://historico.datos.gob.mx/busca/dataset/produccion-pesquera",NA,NA,NA,NA,NA,3.096793744669e+24,3.5116233358242e+23,2.348063837333e+23,NA
"Económico","Puebla","Producción Pesquera. Valor de la Producción (Peso vivo pesos)","https://historico.datos.gob.mx/busca/dataset/produccion-pesquera",NA,NA,NA,NA,NA,5.3143035e+14,1.4087855e+14,1.649550375e+16,NA
"Económico","Querétaro","Producción Pesquera. Valor de la Producción (Peso vivo pesos)","https://historico.datos.gob.mx/busca/dataset/produccion-pesquera",NA,NA,NA,NA,NA,2.11350396e+15,1.3950457e+14,3.319382586e+23,NA
"Económico","Quintana Roo","Producción Pesquera. Valor de la Producción (Peso vivo pesos)","https://historico.datos.gob.mx/busca/dataset/produccion-pesquera",NA,NA,NA,NA,NA,2.9510390848e+18,4.6594861879836e+23,3.1416446265008e+24,NA
"Económico","San Luis Potosí","Producción Pesquera. Valor de la Producción (Peso vivo pesos)","https://historico.datos.gob.mx/busca/dataset/produccion-pesquera",NA,NA,NA,NA,NA,1.11901e+12,1.013478e+13,33513200,NA
"Económico","Sinaloa","Producción Pesquera. Valor de la Producción (Peso vivo pesos)","https://historico.datos.gob.mx/busca/dataset/produccion-pesquera",NA,NA,NA,NA,NA,1.26066358220233e+26,1.34949619565488e+26,1.45297155266041e+26,NA
"Económico","Sonora","Producción Pesquera. Valor de la Producción (Peso vivo pesos)","https://historico.datos.gob.mx/busca/dataset/produccion-pesquera",NA,NA,NA,NA,NA,1.17736301494728e+26,1.39359775072344e+26,1.14308751640074e+26,NA
"Económico","Tabasco","Producción Pesquera. Valor de la Producción (Peso vivo pesos)","https://historico.datos.gob.mx/busca/dataset/produccion-pesquera",NA,NA,NA,NA,NA,7.28519114e+16,9.4090389669e+23,1.3519733746278e+25,NA
"Económico","Tamaulipas","Producción Pesquera. Valor de la Producción (Peso vivo pesos)","https://historico.datos.gob.mx/busca/dataset/produccion-pesquera",NA,NA,NA,NA,NA,1.15287182871e+20,1.33918691282167e+25,1.18395287342348e+25,NA
"Económico","Tlaxcala","Producción Pesquera. Valor de la Producción (Peso vivo pesos)","https://historico.datos.gob.mx/busca/dataset/produccion-pesquera",NA,NA,NA,NA,NA,39780700,51857300,73330050,NA
"Económico","Veracruz de Ignacio de la Llave","Producción Pesquera. Valor de la Producción (Peso vivo pesos)","https://historico.datos.gob.mx/busca/dataset/produccion-pesquera",NA,NA,NA,NA,NA,1.6341701542126e+25,2.68643371078427e+24,1.80553080029406e+25,NA
"Económico","Yucatán","Producción Pesquera. Valor de la Producción (Peso vivo pesos)","https://historico.datos.gob.mx/busca/dataset/produccion-pesquera",NA,NA,NA,NA,NA,2.4771104178e+19,1.933986644422e+24,2.4341485161425e+25,NA
"Económico","Zacatecas","Producción Pesquera. Valor de la Producción (Peso vivo pesos)","https://historico.datos.gob.mx/busca/dataset/produccion-pesquera",NA,NA,NA,NA,NA,36498180,10960000,3.425285e+13,NA
"Económico","Aguascalientes","Producto Interno Bruto (millones de pesos) / Porcentaje de ParticipaciÃ³n (VALORES CONSTANTES)","https://www.inegi.org.mx/programas/pibent/2018/#tabulados",NA,NA,NA,NA,NA,314602247,334294523,NA,NA
"Económico","Baja California","Producto Interno Bruto (millones de pesos) / Porcentaje de ParticipaciÃ³n (VALORES CONSTANTES)","https://www.inegi.org.mx/programas/pibent/2018/#tabulados",NA,NA,NA,NA,NA,919300278,951029428,NA,NA
"Económico","Baja California Sur","Producto Interno Bruto (millones de pesos) / Porcentaje de ParticipaciÃ³n (VALORES CONSTANTES)","https://www.inegi.org.mx/programas/pibent/2018/#tabulados",NA,NA,NA,NA,NA,178129824,181120095,NA,NA
"Económico","Campeche","Producto Interno Bruto (millones de pesos) / Porcentaje de ParticipaciÃ³n (VALORES CONSTANTES)","https://www.inegi.org.mx/programas/pibent/2018/#tabulados",NA,NA,NA,NA,NA,472680024,514860222,NA,NA
"Económico","Coahuila de Zaragoza","Producto Interno Bruto (millones de pesos) / Porcentaje de ParticipaciÃ³n (VALORES CONSTANTES)","https://www.inegi.org.mx/programas/pibent/2018/#tabulados",NA,NA,NA,NA,NA,935841223,929917345,NA,NA
"Económico","Colima","Producto Interno Bruto (millones de pesos) / Porcentaje de ParticipaciÃ³n (VALORES CONSTANTES)","https://www.inegi.org.mx/programas/pibent/2018/#tabulados",NA,NA,NA,NA,NA,148438434,15458888,NA,NA
"Económico","Chiapas","Producto Interno Bruto (millones de pesos) / Porcentaje de ParticipaciÃ³n (VALORES CONSTANTES)","https://www.inegi.org.mx/programas/pibent/2018/#tabulados",NA,NA,NA,NA,NA,374518003,379736483,NA,NA
"Económico","Chihuahua","Producto Interno Bruto (millones de pesos) / Porcentaje de ParticipaciÃ³n (VALORES CONSTANTES)","https://www.inegi.org.mx/programas/pibent/2018/#tabulados",NA,NA,NA,NA,NA,911271142,941368243,NA,NA
"Económico","Ciudad de México","Producto Interno Bruto (millones de pesos) / Porcentaje de ParticipaciÃ³n (VALORES CONSTANTES)","https://www.inegi.org.mx/programas/pibent/2018/#tabulados",NA,NA,NA,NA,NA,3650377619,3806101519,NA,NA
"Económico","Durango","Producto Interno Bruto (millones de pesos) / Porcentaje de ParticipaciÃ³n (VALORES CONSTANTES)","https://www.inegi.org.mx/programas/pibent/2018/#tabulados",NA,NA,NA,NA,NA,300478113,310240191,NA,NA
"Económico","Guanajuato","Producto Interno Bruto (millones de pesos) / Porcentaje de ParticipaciÃ³n (VALORES CONSTANTES)","https://www.inegi.org.mx/programas/pibent/2018/#tabulados",NA,NA,NA,NA,NA,111091871,1128468281,NA,NA
"Económico","Guerrero","Producto Interno Bruto (millones de pesos) / Porcentaje de ParticipaciÃ³n (VALORES CONSTANTES)","https://www.inegi.org.mx/programas/pibent/2018/#tabulados",NA,NA,NA,NA,NA,310105899,31307475,NA,NA
"Económico","Hidalgo","Producto Interno Bruto (millones de pesos) / Porcentaje de ParticipaciÃ³n (VALORES CONSTANTES)","https://www.inegi.org.mx/programas/pibent/2018/#tabulados",NA,NA,NA,NA,NA,431251882,441422255,NA,NA
"Económico","Jalisco","Producto Interno Bruto (millones de pesos) / Porcentaje de ParticipaciÃ³n (VALORES CONSTANTES)","https://www.inegi.org.mx/programas/pibent/2018/#tabulados",NA,NA,NA,NA,NA,1797547063,1849411733,NA,NA
"Económico","México","Producto Interno Bruto (millones de pesos) / Porcentaje de ParticipaciÃ³n (VALORES CONSTANTES)","https://www.inegi.org.mx/programas/pibent/2018/#tabulados",NA,NA,NA,NA,NA,2218452727,2269428809,NA,NA
"Económico","Michoacán de Ocampo","Producto Interno Bruto (millones de pesos) / Porcentaje de ParticipaciÃ³n (VALORES CONSTANTES)","https://www.inegi.org.mx/programas/pibent/2018/#tabulados",NA,NA,NA,NA,NA,652066839,678519161,NA,NA
"Económico","Morelos","Producto Interno Bruto (millones de pesos) / Porcentaje de ParticipaciÃ³n (VALORES CONSTANTES)","https://www.inegi.org.mx/programas/pibent/2018/#tabulados",NA,NA,NA,NA,NA,260119463,265778529,NA,NA
"Económico","Nayarit","Producto Interno Bruto (millones de pesos) / Porcentaje de ParticipaciÃ³n (VALORES CONSTANTES)","https://www.inegi.org.mx/programas/pibent/2018/#tabulados",NA,NA,NA,NA,NA,162601045,16276144,NA,NA
"Económico","Nuevo León","Producto Interno Bruto (millones de pesos) / Porcentaje de ParticipaciÃ³n (VALORES CONSTANTES)","https://www.inegi.org.mx/programas/pibent/2018/#tabulados",NA,NA,NA,NA,NA,1928658429,1995895417,NA,NA
"Económico","Oaxaca","Producto Interno Bruto (millones de pesos) / Porcentaje de ParticipaciÃ³n (VALORES CONSTANTES)","https://www.inegi.org.mx/programas/pibent/2018/#tabulados",NA,NA,NA,NA,NA,415502711,446836295,NA,NA
"Económico","Puebla","Producto Interno Bruto (millones de pesos) / Porcentaje de ParticipaciÃ³n (VALORES CONSTANTES)","https://www.inegi.org.mx/programas/pibent/2018/#tabulados",NA,NA,NA,NA,NA,825802782,851623357,NA,NA
"Económico","Querétaro","Producto Interno Bruto (millones de pesos) / Porcentaje de ParticipaciÃ³n (VALORES CONSTANTES)","https://www.inegi.org.mx/programas/pibent/2018/#tabulados",NA,NA,NA,NA,NA,589221237,613730685,NA,NA
"Económico","Quintana Roo","Producto Interno Bruto (millones de pesos) / Porcentaje de ParticipaciÃ³n (VALORES CONSTANTES)","https://www.inegi.org.mx/programas/pibent/2018/#tabulados",NA,NA,NA,NA,NA,356727573,406186435,NA,NA
"Económico","San Luis Potosí","Producto Interno Bruto (millones de pesos) / Porcentaje de ParticipaciÃ³n (VALORES CONSTANTES)","https://www.inegi.org.mx/programas/pibent/2018/#tabulados",NA,NA,NA,NA,NA,53279315,575114474,NA,NA
"Económico","Sinaloa","Producto Interno Bruto (millones de pesos) / Porcentaje de ParticipaciÃ³n (VALORES CONSTANTES)","https://www.inegi.org.mx/programas/pibent/2018/#tabulados",NA,NA,NA,NA,NA,516319269,517548272,NA,NA
"Económico","Sonora","Producto Interno Bruto (millones de pesos) / Porcentaje de ParticipaciÃ³n (VALORES CONSTANTES)","https://www.inegi.org.mx/programas/pibent/2018/#tabulados",NA,NA,NA,NA,NA,790043704,829550016,NA,NA
"Económico","Tabasco","Producto Interno Bruto (millones de pesos) / Porcentaje de ParticipaciÃ³n (VALORES CONSTANTES)","https://www.inegi.org.mx/programas/pibent/2018/#tabulados",NA,NA,NA,NA,NA,637775227,653095641,NA,NA
"Económico","Tamaulipas","Producto Interno Bruto (millones de pesos) / Porcentaje de ParticipaciÃ³n (VALORES CONSTANTES)","https://www.inegi.org.mx/programas/pibent/2018/#tabulados",NA,NA,NA,NA,NA,74887257,749222919,NA,NA
"Económico","Tlaxcala","Producto Interno Bruto (millones de pesos) / Porcentaje de ParticipaciÃ³n (VALORES CONSTANTES)","https://www.inegi.org.mx/programas/pibent/2018/#tabulados",NA,NA,NA,NA,NA,146641599,148529162,NA,NA
"Económico","Veracruz de Ignacio de la Llave","Producto Interno Bruto (millones de pesos) / Porcentaje de ParticipaciÃ³n (VALORES CONSTANTES)","https://www.inegi.org.mx/programas/pibent/2018/#tabulados",NA,NA,NA,NA,NA,1041978086,1069284605,NA,NA
"Económico","Yucatán","Producto Interno Bruto (millones de pesos) / Porcentaje de ParticipaciÃ³n (VALORES CONSTANTES)","https://www.inegi.org.mx/programas/pibent/2018/#tabulados",NA,NA,NA,NA,NA,369043268,389502137,NA,NA
"Económico","Zacatecas","Producto Interno Bruto (millones de pesos) / Porcentaje de ParticipaciÃ³n (VALORES CONSTANTES)","https://www.inegi.org.mx/programas/pibent/2018/#tabulados",NA,NA,NA,NA,NA,225013349,22886043,NA,NA
"Económico","Aguascalientes","Superficie cosechada (hectáreas)","https://nube.agricultura.gob.mx/cierre_agricola/",NA,NA,NA,NA,NA,11605715,6431277,12082968,NA
"Económico","Baja California","Superficie cosechada (hectáreas)","https://nube.agricultura.gob.mx/cierre_agricola/",NA,NA,NA,NA,NA,15327479,16043657,13774343,NA
"Económico","Baja California Sur","Superficie cosechada (hectáreas)","https://nube.agricultura.gob.mx/cierre_agricola/",NA,NA,NA,NA,NA,3926697,3892557,3751209,NA
"Económico","Campeche","Superficie cosechada (hectáreas)","https://nube.agricultura.gob.mx/cierre_agricola/",NA,NA,NA,NA,NA,31383759,33898139,32436683,NA
"Económico","Coahuila de Zaragoza","Superficie cosechada (hectáreas)","https://nube.agricultura.gob.mx/cierre_agricola/",NA,NA,NA,NA,NA,2241110,20843422,21073116,NA
"Económico","Colima","Superficie cosechada (hectáreas)","https://nube.agricultura.gob.mx/cierre_agricola/",NA,NA,NA,NA,NA,16903706,1702837,17334431,NA
"Económico","Chiapas","Superficie cosechada (hectáreas)","https://nube.agricultura.gob.mx/cierre_agricola/",NA,NA,NA,NA,NA,135090188,134268504,132367309,NA
"Económico","Chihuahua","Superficie cosechada (hectáreas)","https://nube.agricultura.gob.mx/cierre_agricola/",NA,NA,NA,NA,NA,99728414,75660074,83187133,NA
"Económico","Ciudad de México","Superficie cosechada (hectáreas)","https://nube.agricultura.gob.mx/cierre_agricola/",NA,NA,NA,NA,NA,1514863,147249,1469412,NA
"Económico","Durango","Superficie cosechada (hectáreas)","https://nube.agricultura.gob.mx/cierre_agricola/",NA,NA,NA,NA,NA,58988824,32858286,4966413,NA
"Económico","Guanajuato","Superficie cosechada (hectáreas)","https://nube.agricultura.gob.mx/cierre_agricola/",NA,NA,NA,NA,NA,89797012,77000625,7353770,NA
"Económico","Guerrero","Superficie cosechada (hectáreas)","https://nube.agricultura.gob.mx/cierre_agricola/",NA,NA,NA,NA,NA,91150518,90233677,90981469,NA
"Económico","Hidalgo","Superficie cosechada (hectáreas)","https://nube.agricultura.gob.mx/cierre_agricola/",NA,NA,NA,NA,NA,46958727,42920875,48732311,NA
"Económico","Jalisco","Superficie cosechada (hectáreas)","https://nube.agricultura.gob.mx/cierre_agricola/",NA,NA,NA,NA,NA,155977466,151421239,147260018,NA
"Económico","México","Superficie cosechada (hectáreas)","https://nube.agricultura.gob.mx/cierre_agricola/",NA,NA,NA,NA,NA,73806906,74752082,7401468,NA
"Económico","Michoacán de Ocampo","Superficie cosechada (hectáreas)","https://nube.agricultura.gob.mx/cierre_agricola/",NA,NA,NA,NA,NA,112388933,108315645,110605208,NA
"Económico","Morelos","Superficie cosechada (hectáreas)","https://nube.agricultura.gob.mx/cierre_agricola/",NA,NA,NA,NA,NA,1386741,1232058,14053515,NA
"Económico","Nayarit","Superficie cosechada (hectáreas)","https://nube.agricultura.gob.mx/cierre_agricola/",NA,NA,NA,NA,NA,3570887,34922811,34357987,NA
"Económico","Nuevo León","Superficie cosechada (hectáreas)","https://nube.agricultura.gob.mx/cierre_agricola/",NA,NA,NA,NA,NA,29087755,2798022,28649711,NA
"Económico","Oaxaca","Superficie cosechada (hectáreas)","https://nube.agricultura.gob.mx/cierre_agricola/",NA,NA,NA,NA,NA,134610131,128202909,13281546,NA
"Económico","Puebla","Superficie cosechada (hectáreas)","https://nube.agricultura.gob.mx/cierre_agricola/",NA,NA,NA,NA,NA,83118021,89788555,88706789,NA
"Económico","Querétaro","Superficie cosechada (hectáreas)","https://nube.agricultura.gob.mx/cierre_agricola/",NA,NA,NA,NA,NA,9214279,9038322,10882976,NA
"Económico","Quintana Roo","Superficie cosechada (hectáreas)","https://nube.agricultura.gob.mx/cierre_agricola/",NA,NA,NA,NA,NA,12514211,12972694,1201143,NA
"Económico","San Luis Potosí","Superficie cosechada (hectáreas)","https://nube.agricultura.gob.mx/cierre_agricola/",NA,NA,NA,NA,NA,60052947,46533471,58841691,NA
"Económico","Sinaloa","Superficie cosechada (hectáreas)","https://nube.agricultura.gob.mx/cierre_agricola/",NA,NA,NA,NA,NA,102200111,99017742,73999452,NA
"Económico","Sonora","Superficie cosechada (hectáreas)","https://nube.agricultura.gob.mx/cierre_agricola/",NA,NA,NA,NA,NA,54956152,54420618,47026411,NA
"Económico","Tabasco","Superficie cosechada (hectáreas)","https://nube.agricultura.gob.mx/cierre_agricola/",NA,NA,NA,NA,NA,25605588,25755813,25553813,NA
"Económico","Tamaulipas","Superficie cosechada (hectáreas)","https://nube.agricultura.gob.mx/cierre_agricola/",NA,NA,NA,NA,NA,114637639,11748789,120050725,NA
"Económico","Tlaxcala","Superficie cosechada (hectáreas)","https://nube.agricultura.gob.mx/cierre_agricola/",NA,NA,NA,NA,NA,23327333,23291968,2326637,NA
"Económico","Veracruz de Ignacio de la Llave","Superficie cosechada (hectáreas)","https://nube.agricultura.gob.mx/cierre_agricola/",NA,NA,NA,NA,NA,150797343,150812328,15103948,NA
"Económico","Yucatán","Superficie cosechada (hectáreas)","https://nube.agricultura.gob.mx/cierre_agricola/",NA,NA,NA,NA,NA,70156142,70540555,69744366,NA
"Económico","Zacatecas","Superficie cosechada (hectáreas)","https://nube.agricultura.gob.mx/cierre_agricola/",NA,NA,NA,NA,NA,114338315,48218236,115187721,NA
"Económico","Aguascalientes","Superficie sembrada (hectáreas)","https://nube.agricultura.gob.mx/cierre_agricola/",NA,NA,NA,NA,NA,1164855,8731612,12112268,NA
"Económico","Baja California","Superficie sembrada (hectáreas)","https://nube.agricultura.gob.mx/cierre_agricola/",NA,NA,NA,NA,NA,15961332,1614493,16043657,NA
"Económico","Baja California Sur","Superficie sembrada (hectáreas)","https://nube.agricultura.gob.mx/cierre_agricola/",NA,NA,NA,NA,NA,4210275,4189485,3960709,NA
"Económico","Campeche","Superficie sembrada (hectáreas)","https://nube.agricultura.gob.mx/cierre_agricola/",NA,NA,NA,NA,NA,33490529,34329409,32863383,NA
"Económico","Coahuila de Zaragoza","Superficie sembrada (hectáreas)","https://nube.agricultura.gob.mx/cierre_agricola/",NA,NA,NA,NA,NA,23017775,22306503,21549144,NA
"Económico","Colima","Superficie sembrada (hectáreas)","https://nube.agricultura.gob.mx/cierre_agricola/",NA,NA,NA,NA,NA,17018328,17395572,17361313,NA
"Económico","Chiapas","Superficie sembrada (hectáreas)","https://nube.agricultura.gob.mx/cierre_agricola/",NA,NA,NA,NA,NA,136889473,135704479,133637824,NA
"Económico","Chihuahua","Superficie sembrada (hectáreas)","https://nube.agricultura.gob.mx/cierre_agricola/",NA,NA,NA,NA,NA,103219068,98922735,93950721,NA
"Económico","Ciudad de México","Superficie sembrada (hectáreas)","https://nube.agricultura.gob.mx/cierre_agricola/",NA,NA,NA,NA,NA,1518473,148760,1476813,NA
"Económico","Durango","Superficie sembrada (hectáreas)","https://nube.agricultura.gob.mx/cierre_agricola/",NA,NA,NA,NA,NA,59958656,53942444,62581908,NA
"Económico","Guanajuato","Superficie sembrada (hectáreas)","https://nube.agricultura.gob.mx/cierre_agricola/",NA,NA,NA,NA,NA,92027852,9020582,7838855,NA
"Económico","Guerrero","Superficie sembrada (hectáreas)","https://nube.agricultura.gob.mx/cierre_agricola/",NA,NA,NA,NA,NA,92423896,9235726,92081681,NA
"Económico","Hidalgo","Superficie sembrada (hectáreas)","https://nube.agricultura.gob.mx/cierre_agricola/",NA,NA,NA,NA,NA,48360523,46975304,49347139,NA
"Económico","Jalisco","Superficie sembrada (hectáreas)","https://nube.agricultura.gob.mx/cierre_agricola/",NA,NA,NA,NA,NA,162485715,167613059,160176757,NA
"Económico","México","Superficie sembrada (hectáreas)","https://nube.agricultura.gob.mx/cierre_agricola/",NA,NA,NA,NA,NA,75244836,75020039,74161447,NA
"Económico","Michoacán de Ocampo","Superficie sembrada (hectáreas)","https://nube.agricultura.gob.mx/cierre_agricola/",NA,NA,NA,NA,NA,115062603,120002884,115287788,NA
"Económico","Morelos","Superficie sembrada (hectáreas)","https://nube.agricultura.gob.mx/cierre_agricola/",NA,NA,NA,NA,NA,1418966,1437843,1433027,NA
"Económico","Nayarit","Superficie sembrada (hectáreas)","https://nube.agricultura.gob.mx/cierre_agricola/",NA,NA,NA,NA,NA,3827852,38040581,37055537,NA
"Económico","Nuevo León","Superficie sembrada (hectáreas)","https://nube.agricultura.gob.mx/cierre_agricola/",NA,NA,NA,NA,NA,30140805,2975647,29164771,NA
"Económico","Oaxaca","Superficie sembrada (hectáreas)","https://nube.agricultura.gob.mx/cierre_agricola/",NA,NA,NA,NA,NA,138144494,136947419,137187388,NA
"Económico","Puebla","Superficie sembrada (hectáreas)","https://nube.agricultura.gob.mx/cierre_agricola/",NA,NA,NA,NA,NA,85521599,91800115,91054692,NA
"Económico","Querétaro","Superficie sembrada (hectáreas)","https://nube.agricultura.gob.mx/cierre_agricola/",NA,NA,NA,NA,NA,10831904,11538447,11367851,NA
"Económico","Quintana Roo","Superficie sembrada (hectáreas)","https://nube.agricultura.gob.mx/cierre_agricola/",NA,NA,NA,NA,NA,12760411,13593274,1332801,NA
"Económico","San Luis Potosí","Superficie sembrada (hectáreas)","https://nube.agricultura.gob.mx/cierre_agricola/",NA,NA,NA,NA,NA,64171367,56821547,63337726,NA
"Económico","Sinaloa","Superficie sembrada (hectáreas)","https://nube.agricultura.gob.mx/cierre_agricola/",NA,NA,NA,NA,NA,102997808,101699513,76796557,NA
"Económico","Sonora","Superficie sembrada (hectáreas)","https://nube.agricultura.gob.mx/cierre_agricola/",NA,NA,NA,NA,NA,55806423,56279514,48972061,NA
"Económico","Tabasco","Superficie sembrada (hectáreas)","https://nube.agricultura.gob.mx/cierre_agricola/",NA,NA,NA,NA,NA,26053328,26021103,25858253,NA
"Económico","Tamaulipas","Superficie sembrada (hectáreas)","https://nube.agricultura.gob.mx/cierre_agricola/",NA,NA,NA,NA,NA,120372481,123326719,124372911,NA
"Económico","Tlaxcala","Superficie sembrada (hectáreas)","https://nube.agricultura.gob.mx/cierre_agricola/",NA,NA,NA,NA,NA,23334633,23414168,2328327,NA
"Económico","Veracruz de Ignacio de la Llave","Superficie sembrada (hectáreas)","https://nube.agricultura.gob.mx/cierre_agricola/",NA,NA,NA,NA,NA,155214198,155113939,154425956,NA
"Económico","Yucatán","Superficie sembrada (hectáreas)","https://nube.agricultura.gob.mx/cierre_agricola/",NA,NA,NA,NA,NA,70613013,71200526,69752991,NA
"Económico","Zacatecas","Superficie sembrada (hectáreas)","https://nube.agricultura.gob.mx/cierre_agricola/",NA,NA,NA,NA,NA,115767306,67098561,116941001,NA
"Económico","Aguascalientes","Valor de la Producción agrícola (miles de pesos)","https://nube.agricultura.gob.mx/cierre_agricola/",NA,NA,NA,NA,NA,448440427,472708909,411053919,NA
"Económico","Baja California","Valor de la Producción agrícola (miles de pesos)","https://nube.agricultura.gob.mx/cierre_agricola/",NA,NA,NA,NA,NA,2.572807475e+16,2.695212124e+16,2.369971155e+16,NA
"Económico","Baja California Sur","Valor de la Producción agrícola (miles de pesos)","https://nube.agricultura.gob.mx/cierre_agricola/",NA,NA,NA,NA,NA,780882947,759690674,754053425,NA
"Económico","Campeche","Valor de la Producción agrícola (miles de pesos)","https://nube.agricultura.gob.mx/cierre_agricola/",NA,NA,NA,NA,NA,689240569,953667473,804632368,NA
"Económico","Coahuila de Zaragoza","Valor de la Producción agrícola (miles de pesos)","https://nube.agricultura.gob.mx/cierre_agricola/",NA,NA,NA,NA,NA,1.036244569e+16,976679864,938551365,NA
"Económico","Colima","Valor de la Producción agrícola (miles de pesos)","https://nube.agricultura.gob.mx/cierre_agricola/",NA,NA,NA,NA,NA,1.1138499e+14,1.313331303e+16,1.135146872e+16,NA
"Económico","Chiapas","Valor de la Producción agrícola (miles de pesos)","https://nube.agricultura.gob.mx/cierre_agricola/",NA,NA,NA,NA,NA,2.23809838e+15,2.304861276e+16,2.320722755e+16,NA
"Económico","Chihuahua","Valor de la Producción agrícola (miles de pesos)","https://nube.agricultura.gob.mx/cierre_agricola/",NA,NA,NA,NA,NA,5.988383144e+16,5.947587975e+16,5.270715712e+16,NA
"Económico","Ciudad de México","Valor de la Producción agrícola (miles de pesos)","https://nube.agricultura.gob.mx/cierre_agricola/",NA,NA,NA,NA,NA,171086618,176832597,185279954,NA
"Económico","Durango","Valor de la Producción agrícola (miles de pesos)","https://nube.agricultura.gob.mx/cierre_agricola/",NA,NA,NA,NA,NA,1.347705644e+16,1.32437081e+15,1.32076787e+15,NA
"Económico","Guanajuato","Valor de la Producción agrícola (miles de pesos)","https://nube.agricultura.gob.mx/cierre_agricola/",NA,NA,NA,NA,NA,5.18758219e+15,5.215292128e+16,4.202728674e+16,NA
"Económico","Guerrero","Valor de la Producción agrícola (miles de pesos)","https://nube.agricultura.gob.mx/cierre_agricola/",NA,NA,NA,NA,NA,2.094081156e+16,2.125463761e+16,2.173922731e+16,NA
"Económico","Hidalgo","Valor de la Producción agrícola (miles de pesos)","https://nube.agricultura.gob.mx/cierre_agricola/",NA,NA,NA,NA,NA,1.013610786e+16,1.015074033e+16,1.035817628e+16,NA
"Económico","Jalisco","Valor de la Producción agrícola (miles de pesos)","https://nube.agricultura.gob.mx/cierre_agricola/",NA,NA,NA,NA,NA,1.0610732043e+18,1.1233457387e+18,1.1721595239e+18,NA
"Económico","México","Valor de la Producción agrícola (miles de pesos)","https://nube.agricultura.gob.mx/cierre_agricola/",NA,NA,NA,NA,NA,3.369937461e+16,3.498656512e+16,3.253462246e+16,NA
"Económico","Michoacán de Ocampo","Valor de la Producción agrícola (miles de pesos)","https://nube.agricultura.gob.mx/cierre_agricola/",NA,NA,NA,NA,NA,1.1226070367e+18,1.1574881631e+18,1.1133352642e+18,NA
"Económico","Morelos","Valor de la Producción agrícola (miles de pesos)","https://nube.agricultura.gob.mx/cierre_agricola/",NA,NA,NA,NA,NA,1.106437672e+16,1.043644573e+16,1.148525815e+16,NA
"Económico","Nayarit","Valor de la Producción agrícola (miles de pesos)","https://nube.agricultura.gob.mx/cierre_agricola/",NA,NA,NA,NA,NA,1.598724438e+16,1.685958817e+16,1.583269451e+16,NA
"Económico","Nuevo León","Valor de la Producción agrícola (miles de pesos)","https://nube.agricultura.gob.mx/cierre_agricola/",NA,NA,NA,NA,NA,568114972,638970163,597029642,NA
"Económico","Oaxaca","Valor de la Producción agrícola (miles de pesos)","https://nube.agricultura.gob.mx/cierre_agricola/",NA,NA,NA,NA,NA,2.677786324e+16,2.970172951e+16,2.917801247e+16,NA
"Económico","Puebla","Valor de la Producción agrícola (miles de pesos)","https://nube.agricultura.gob.mx/cierre_agricola/",NA,NA,NA,NA,NA,2.222400555e+16,2.752795447e+16,2.7800739e+14,NA
"Económico","Querétaro","Valor de la Producción agrícola (miles de pesos)","https://nube.agricultura.gob.mx/cierre_agricola/",NA,NA,NA,NA,NA,541362994,607335894,548074814,NA
"Económico","Quintana Roo","Valor de la Producción agrícola (miles de pesos)","https://nube.agricultura.gob.mx/cierre_agricola/",NA,NA,NA,NA,NA,423081817,494829768,414105847,NA
"Económico","San Luis Potosí","Valor de la Producción agrícola (miles de pesos)","https://nube.agricultura.gob.mx/cierre_agricola/",NA,NA,NA,NA,NA,2.588711882e+16,2.647521672e+16,2.490384814e+16,NA
"Económico","Sinaloa","Valor de la Producción agrícola (miles de pesos)","https://nube.agricultura.gob.mx/cierre_agricola/",NA,NA,NA,NA,NA,7.019463488e+16,8.018722786e+16,5.881802577e+16,NA
"Económico","Sonora","Valor de la Producción agrícola (miles de pesos)","https://nube.agricultura.gob.mx/cierre_agricola/",NA,NA,NA,NA,NA,6.259494967e+16,6.816793491e+16,5.386207961e+16,NA
"Económico","Tabasco","Valor de la Producción agrícola (miles de pesos)","https://nube.agricultura.gob.mx/cierre_agricola/",NA,NA,NA,NA,NA,830322951,867076115,905477769,NA
"Económico","Tamaulipas","Valor de la Producción agrícola (miles de pesos)","https://nube.agricultura.gob.mx/cierre_agricola/",NA,NA,NA,NA,NA,3.176157184e+16,2.706455655e+16,2.108310387e+16,NA
"Económico","Tlaxcala","Valor de la Producción agrícola (miles de pesos)","https://nube.agricultura.gob.mx/cierre_agricola/",NA,NA,NA,NA,NA,472267276,481395433,481519488,NA
"Económico","Veracruz de Ignacio de la Llave","Valor de la Producción agrícola (miles de pesos)","https://nube.agricultura.gob.mx/cierre_agricola/",NA,NA,NA,NA,NA,5.731514387e+16,5.686111219e+16,5.674528726e+16,NA
"Económico","Yucatán","Valor de la Producción agrícola (miles de pesos)","https://nube.agricultura.gob.mx/cierre_agricola/",NA,NA,NA,NA,NA,654016064,744955743,742689169,NA
"Económico","Zacatecas","Valor de la Producción agrícola (miles de pesos)","https://nube.agricultura.gob.mx/cierre_agricola/",NA,NA,NA,NA,NA,2.729016024e+16,2.437193993e+16,2.886146685e+16,NA
"Económico","Aguascalientes","Volumen de la Producción Pesquera (Peso vivo kilogramos)","https://historico.datos.gob.mx/busca/dataset/produccion-pesquera",NA,NA,NA,NA,NA,6.35227e+16,692011,8567898,NA
"Económico","Baja California","Volumen de la Producción Pesquera (Peso vivo kilogramos)","https://historico.datos.gob.mx/busca/dataset/produccion-pesquera",NA,NA,NA,NA,NA,2.775577739e+23,2.9504968826e+23,3.53035003140001e+23,NA
"Económico","Baja California Sur","Volumen de la Producción Pesquera (Peso vivo kilogramos)","https://historico.datos.gob.mx/busca/dataset/produccion-pesquera",NA,NA,NA,NA,NA,1.774825125e+24,1.37240548e+24,2.0427085093e+24,NA
"Económico","Campeche","Volumen de la Producción Pesquera (Peso vivo kilogramos)","https://historico.datos.gob.mx/busca/dataset/produccion-pesquera",NA,NA,NA,NA,NA,5.557185596e+22,5.045719767e+22,4.478456701e+22,NA
"Económico","Coahuila de Zaragoza","Volumen de la Producción Pesquera (Peso vivo kilogramos)","https://historico.datos.gob.mx/busca/dataset/produccion-pesquera",NA,NA,NA,NA,NA,30960,1.121934e+16,2.26803e+16,NA
"Económico","Colima","Volumen de la Producción Pesquera (Peso vivo kilogramos)","https://historico.datos.gob.mx/busca/dataset/produccion-pesquera",NA,NA,NA,NA,NA,3.378656811e+22,3.805814582e+23,4.314412259e+22,NA
"Económico","Chiapas","Volumen de la Producción Pesquera (Peso vivo kilogramos)","https://historico.datos.gob.mx/busca/dataset/produccion-pesquera",NA,NA,NA,NA,NA,4.026963502e+23,4.279996526e+22,3.46970445899999e+22,NA
"Económico","Chihuahua","Volumen de la Producción Pesquera (Peso vivo kilogramos)","https://historico.datos.gob.mx/busca/dataset/produccion-pesquera",NA,NA,NA,NA,NA,2626900,65886,4071470,NA
"Económico","Ciudad de México","Volumen de la Producción Pesquera (Peso vivo kilogramos)","https://historico.datos.gob.mx/busca/dataset/produccion-pesquera",NA,NA,NA,NA,NA,NA,75000,8650,NA
"Económico","Durango","Volumen de la Producción Pesquera (Peso vivo kilogramos)","https://historico.datos.gob.mx/busca/dataset/produccion-pesquera",NA,NA,NA,NA,NA,100971,1.7167756e+15,2.2948067e+16,NA
"Económico","Guanajuato","Volumen de la Producción Pesquera (Peso vivo kilogramos)","https://historico.datos.gob.mx/busca/dataset/produccion-pesquera",NA,NA,NA,NA,NA,796480,753600,770500,NA
"Económico","Guerrero","Volumen de la Producción Pesquera (Peso vivo kilogramos)","https://historico.datos.gob.mx/busca/dataset/produccion-pesquera",NA,NA,NA,NA,NA,1.052245213e+23,840940917000001,7.23033593e+15,NA
"Económico","Hidalgo","Volumen de la Producción Pesquera (Peso vivo kilogramos)","https://historico.datos.gob.mx/busca/dataset/produccion-pesquera",NA,NA,NA,NA,NA,4.556414e+16,8.1882972e+15,5.8791337e+15,NA
"Económico","Jalisco","Volumen de la Producción Pesquera (Peso vivo kilogramos)","https://historico.datos.gob.mx/busca/dataset/produccion-pesquera",NA,NA,NA,NA,NA,1.40266396e+23,1.745187255e+22,1.3806206e+22,NA
"Económico","México","Volumen de la Producción Pesquera (Peso vivo kilogramos)","https://historico.datos.gob.mx/busca/dataset/produccion-pesquera",NA,NA,NA,NA,NA,825580,1414627,1.565135525e+16,NA
"Económico","Michoacán de Ocampo","Volumen de la Producción Pesquera (Peso vivo kilogramos)","https://historico.datos.gob.mx/busca/dataset/produccion-pesquera",NA,NA,NA,NA,NA,735768123,8.45627488e+15,1.295092242e+23,NA
"Económico","Morelos","Volumen de la Producción Pesquera (Peso vivo kilogramos)","https://historico.datos.gob.mx/busca/dataset/produccion-pesquera",NA,NA,NA,NA,NA,5707210,2480028,2078720986,NA
"Económico","Nayarit","Volumen de la Producción Pesquera (Peso vivo kilogramos)","https://historico.datos.gob.mx/busca/dataset/produccion-pesquera",NA,NA,NA,NA,NA,6.50490468499999e+22,5.16759077399999e+23,3.251211749e+23,NA
"Económico","Nuevo León","Volumen de la Producción Pesquera (Peso vivo kilogramos)","https://historico.datos.gob.mx/busca/dataset/produccion-pesquera",NA,NA,NA,NA,NA,NA,2252753,338878,NA
"Económico","Oaxaca","Volumen de la Producción Pesquera (Peso vivo kilogramos)","https://historico.datos.gob.mx/busca/dataset/produccion-pesquera",NA,NA,NA,NA,NA,8255610830000006,9604188719999988,5587364400000008,NA
"Económico","Puebla","Volumen de la Producción Pesquera (Peso vivo kilogramos)","https://historico.datos.gob.mx/busca/dataset/produccion-pesquera",NA,NA,NA,NA,NA,3963927,2645169,3.1475285e+16,NA
"Económico","Querétaro","Volumen de la Producción Pesquera (Peso vivo kilogramos)","https://historico.datos.gob.mx/busca/dataset/produccion-pesquera",NA,NA,NA,NA,NA,3633025,1.940127e+16,45079719,NA
"Económico","Quintana Roo","Volumen de la Producción Pesquera (Peso vivo kilogramos)","https://historico.datos.gob.mx/busca/dataset/produccion-pesquera",NA,NA,NA,NA,NA,1.99592517e+16,2.53038868e+15,2.22579792e+15,NA
"Económico","San Luis Potosí","Volumen de la Producción Pesquera (Peso vivo kilogramos)","https://historico.datos.gob.mx/busca/dataset/produccion-pesquera",NA,NA,NA,NA,NA,1846889,1.438017e+16,5.20372e+16,NA
"Económico","Sinaloa","Volumen de la Producción Pesquera (Peso vivo kilogramos)","https://historico.datos.gob.mx/busca/dataset/produccion-pesquera",NA,NA,NA,NA,NA,3.8843721087e+23,4.411862363e+23,4.6831919106e+18,NA
"Económico","Sonora","Volumen de la Producción Pesquera (Peso vivo kilogramos)","https://historico.datos.gob.mx/busca/dataset/produccion-pesquera",NA,NA,NA,NA,NA,8.52448648400002e+23,8.64822552940003e+23,7.7617984003e+23,NA
"Económico","Tabasco","Volumen de la Producción Pesquera (Peso vivo kilogramos)","https://historico.datos.gob.mx/busca/dataset/produccion-pesquera",NA,NA,NA,NA,NA,1.820658641e+23,2.86008733e+15,3.859130526e+16,NA
"Económico","Tamaulipas","Volumen de la Producción Pesquera (Peso vivo kilogramos)","https://historico.datos.gob.mx/busca/dataset/produccion-pesquera",NA,NA,NA,NA,NA,3.230989136e+23,3.19037619e+23,3.173835287e+23,NA
"Económico","Tlaxcala","Volumen de la Producción Pesquera (Peso vivo kilogramos)","https://historico.datos.gob.mx/busca/dataset/produccion-pesquera",NA,NA,NA,NA,NA,641970,7708385,1031016,NA
"Económico","Veracruz de Ignacio de la Llave","Volumen de la Producción Pesquera (Peso vivo kilogramos)","https://historico.datos.gob.mx/busca/dataset/produccion-pesquera",NA,NA,NA,NA,NA,6.610710061e+22,7.31429410700002e+22,6.06124793899999e+22,NA
"Económico","Yucatán","Volumen de la Producción Pesquera (Peso vivo kilogramos)","https://historico.datos.gob.mx/busca/dataset/produccion-pesquera",NA,NA,NA,NA,NA,4.682217933e+22,3.895217202e+22,4.023017516e+22,NA
"Económico","Zacatecas","Volumen de la Producción Pesquera (Peso vivo kilogramos)","https://historico.datos.gob.mx/busca/dataset/produccion-pesquera",NA,NA,NA,NA,NA,911740,274000,11542940,NA
"Económico","Aguascalientes","Volumen de la Producción agrícola (toneladas)","https://nube.agricultura.gob.mx/cierre_agricola/",NA,NA,NA,NA,NA,261281878,240432245,262395819,NA
"Económico","Baja California","Volumen de la Producción agrícola (toneladas)","https://nube.agricultura.gob.mx/cierre_agricola/",NA,NA,NA,NA,NA,240039856,25914512,213072893,NA
"Económico","Baja California Sur","Volumen de la Producción agrícola (toneladas)","https://nube.agricultura.gob.mx/cierre_agricola/",NA,NA,NA,NA,NA,81343001,79758687,7068631,NA
"Económico","Campeche","Volumen de la Producción agrícola (toneladas)","https://nube.agricultura.gob.mx/cierre_agricola/",NA,NA,NA,NA,NA,229714032,262270361,26375002,NA
"Económico","Coahuila de Zaragoza","Volumen de la Producción agrícola (toneladas)","https://nube.agricultura.gob.mx/cierre_agricola/",NA,NA,NA,NA,NA,555245948,508538365,501609207,NA
"Económico","Colima","Volumen de la Producción agrícola (toneladas)","https://nube.agricultura.gob.mx/cierre_agricola/",NA,NA,NA,NA,NA,375547882,369280662,365421453,NA
"Económico","Chiapas","Volumen de la Producción agrícola (toneladas)","https://nube.agricultura.gob.mx/cierre_agricola/",NA,NA,NA,NA,NA,957714968,933113867,885140413,NA
"Económico","Chihuahua","Volumen de la Producción agrícola (toneladas)","https://nube.agricultura.gob.mx/cierre_agricola/",NA,NA,NA,NA,NA,1.075378587e+16,859260651,873228365,NA
"Económico","Ciudad de México","Volumen de la Producción agrícola (toneladas)","https://nube.agricultura.gob.mx/cierre_agricola/",NA,NA,NA,NA,NA,1.773258562e+16,1.875522177e+16,1.857771107e+16,NA
"Económico","Durango","Volumen de la Producción agrícola (toneladas)","https://nube.agricultura.gob.mx/cierre_agricola/",NA,NA,NA,NA,NA,965865969,803697221,805012737,NA
"Económico","Guanajuato","Volumen de la Producción agrícola (toneladas)","https://nube.agricultura.gob.mx/cierre_agricola/",NA,NA,NA,NA,NA,1.05348826e+15,1.112985839e+16,1.004946708e+16,NA
"Económico","Guerrero","Volumen de la Producción agrícola (toneladas)","https://nube.agricultura.gob.mx/cierre_agricola/",NA,NA,NA,NA,NA,701898476,68557612,689607348,NA
"Económico","Hidalgo","Volumen de la Producción agrícola (toneladas)","https://nube.agricultura.gob.mx/cierre_agricola/",NA,NA,NA,NA,NA,692273301,689502657,724325316,NA
"Económico","Jalisco","Volumen de la Producción agrícola (toneladas)","https://nube.agricultura.gob.mx/cierre_agricola/",NA,NA,NA,NA,NA,8.852237287e+16,8.846080409e+16,8.563660166e+16,NA
"Económico","México","Volumen de la Producción agrícola (toneladas)","https://nube.agricultura.gob.mx/cierre_agricola/",NA,NA,NA,NA,NA,6.41160991e+15,6.311006382e+16,6.292341214e+16,NA
"Económico","Michoacán de Ocampo","Volumen de la Producción agrícola (toneladas)","https://nube.agricultura.gob.mx/cierre_agricola/",NA,NA,NA,NA,NA,1.831867413e+16,2.350963928e+16,2.488610936e+16,NA
"Económico","Morelos","Volumen de la Producción agrícola (toneladas)","https://nube.agricultura.gob.mx/cierre_agricola/",NA,NA,NA,NA,NA,1.4269699e+14,1.417073327e+16,1.589979979e+16,NA
"Económico","Nayarit","Volumen de la Producción agrícola (toneladas)","https://nube.agricultura.gob.mx/cierre_agricola/",NA,NA,NA,NA,NA,2.6815876141e+18,1.4667292717e+18,1.1336707305e+18,NA
"Económico","Nuevo León","Volumen de la Producción agrícola (toneladas)","https://nube.agricultura.gob.mx/cierre_agricola/",NA,NA,NA,NA,NA,342223132,343486317,355248642,NA
"Económico","Oaxaca","Volumen de la Producción agrícola (toneladas)","https://nube.agricultura.gob.mx/cierre_agricola/",NA,NA,NA,NA,NA,2.352440627e+16,2.36522027e+15,2.390271483e+16,NA
"Económico","Puebla","Volumen de la Producción agrícola (toneladas)","https://nube.agricultura.gob.mx/cierre_agricola/",NA,NA,NA,NA,NA,1.654525005e+16,1.720586005e+16,1.741316553e+16,NA
"Económico","Querétaro","Volumen de la Producción agrícola (toneladas)","https://nube.agricultura.gob.mx/cierre_agricola/",NA,NA,NA,NA,NA,246295488,194356996,270008256,NA
"Económico","Quintana Roo","Volumen de la Producción agrícola (toneladas)","https://nube.agricultura.gob.mx/cierre_agricola/",NA,NA,NA,NA,NA,234664976,24271996,198711401,NA
"Económico","San Luis Potosí","Volumen de la Producción agrícola (toneladas)","https://nube.agricultura.gob.mx/cierre_agricola/",NA,NA,NA,NA,NA,1.177540367e+16,1.127150253e+16,1.173897492e+16,NA
"Económico","Sinaloa","Volumen de la Producción agrícola (toneladas)","https://nube.agricultura.gob.mx/cierre_agricola/",NA,NA,NA,NA,NA,1.139451977e+16,1.242376407e+16,899064098,NA
"Económico","Sonora","Volumen de la Producción agrícola (toneladas)","https://nube.agricultura.gob.mx/cierre_agricola/",NA,NA,NA,NA,NA,686703805,74536677,58137427,NA
"Económico","Tabasco","Volumen de la Producción agrícola (toneladas)","https://nube.agricultura.gob.mx/cierre_agricola/",NA,NA,NA,NA,NA,386777845,382851605,386588765,NA
"Económico","Tamaulipas","Volumen de la Producción agrícola (toneladas)","https://nube.agricultura.gob.mx/cierre_agricola/",NA,NA,NA,NA,NA,952565846,87382724,735924883,NA
"Económico","Tlaxcala","Volumen de la Producción agrícola (toneladas)","https://nube.agricultura.gob.mx/cierre_agricola/",NA,NA,NA,NA,NA,2.835992682e+16,2.961417279e+16,143526442,NA
"Económico","Veracruz de Ignacio de la Llave","Volumen de la Producción agrícola (toneladas)","https://nube.agricultura.gob.mx/cierre_agricola/",NA,NA,NA,NA,NA,3.131947303e+16,3.176545599e+16,3.090089218e+16,NA
"Económico","Yucatán","Volumen de la Producción agrícola (toneladas)","https://nube.agricultura.gob.mx/cierre_agricola/",NA,NA,NA,NA,NA,596804107,605953695,620612235,NA
"Económico","Zacatecas","Volumen de la Producción agrícola (toneladas)","https://nube.agricultura.gob.mx/cierre_agricola/",NA,NA,NA,NA,NA,791376565,604112158,808901648,NA
"Económico","Aguascalientes","Índice de Competitividad Estatal (lugar nacional)","https://imco.org.mx/resultados/page/2/?cs&t%5B0%5D=investigacion&order_by=date_desc#038;t%5B0%5D=investigacion&order_by=date_desc",NA,NA,NA,NA,NA,6,7,6,5
"Económico","Baja California","Índice de Competitividad Estatal (lugar nacional)","https://imco.org.mx/resultados/page/2/?cs&t%5B0%5D=investigacion&order_by=date_desc#038;t%5B0%5D=investigacion&order_by=date_desc",NA,NA,NA,NA,NA,13,10,14,11
"Económico","Baja California Sur","Índice de Competitividad Estatal (lugar nacional)","https://imco.org.mx/resultados/page/2/?cs&t%5B0%5D=investigacion&order_by=date_desc#038;t%5B0%5D=investigacion&order_by=date_desc",NA,NA,NA,NA,NA,7,5,2,2
"Económico","Campeche","Índice de Competitividad Estatal (lugar nacional)","https://imco.org.mx/resultados/page/2/?cs&t%5B0%5D=investigacion&order_by=date_desc#038;t%5B0%5D=investigacion&order_by=date_desc",NA,NA,NA,NA,NA,16,20,11,19
"Económico","Chiapas","Índice de Competitividad Estatal (lugar nacional)","https://imco.org.mx/resultados/page/2/?cs&t%5B0%5D=investigacion&order_by=date_desc#038;t%5B0%5D=investigacion&order_by=date_desc",NA,NA,NA,NA,NA,30,30,30,32
"Económico","Chihuahua","Índice de Competitividad Estatal (lugar nacional)","https://imco.org.mx/resultados/page/2/?cs&t%5B0%5D=investigacion&order_by=date_desc#038;t%5B0%5D=investigacion&order_by=date_desc",NA,NA,NA,NA,NA,12,8,9,8
"Económico","Ciudad de México","Índice de Competitividad Estatal (lugar nacional)","https://imco.org.mx/resultados/page/2/?cs&t%5B0%5D=investigacion&order_by=date_desc#038;t%5B0%5D=investigacion&order_by=date_desc",NA,NA,NA,NA,NA,1,1,1,1
"Económico","Coahuila de Zaragoza","Índice de Competitividad Estatal (lugar nacional)","https://imco.org.mx/resultados/page/2/?cs&t%5B0%5D=investigacion&order_by=date_desc#038;t%5B0%5D=investigacion&order_by=date_desc",NA,NA,NA,NA,NA,3,4,3,7
"Económico","Colima","Índice de Competitividad Estatal (lugar nacional)","https://imco.org.mx/resultados/page/2/?cs&t%5B0%5D=investigacion&order_by=date_desc#038;t%5B0%5D=investigacion&order_by=date_desc",NA,NA,NA,NA,NA,20,24,16,18
"Económico","Durango","Índice de Competitividad Estatal (lugar nacional)","https://imco.org.mx/resultados/page/2/?cs&t%5B0%5D=investigacion&order_by=date_desc#038;t%5B0%5D=investigacion&order_by=date_desc",NA,NA,NA,NA,NA,15,16,17,20
"Económico","Guanajuato","Índice de Competitividad Estatal (lugar nacional)","https://imco.org.mx/resultados/page/2/?cs&t%5B0%5D=investigacion&order_by=date_desc#038;t%5B0%5D=investigacion&order_by=date_desc",NA,NA,NA,NA,NA,18,19,22,13
"Económico","Guerrero","Índice de Competitividad Estatal (lugar nacional)","https://imco.org.mx/resultados/page/2/?cs&t%5B0%5D=investigacion&order_by=date_desc#038;t%5B0%5D=investigacion&order_by=date_desc",NA,NA,NA,NA,NA,32,32,31,31
"Económico","Hidalgo","Índice de Competitividad Estatal (lugar nacional)","https://imco.org.mx/resultados/page/2/?cs&t%5B0%5D=investigacion&order_by=date_desc#038;t%5B0%5D=investigacion&order_by=date_desc",NA,NA,NA,NA,NA,22,18,25,14
"Económico","Jalisco","Índice de Competitividad Estatal (lugar nacional)","https://imco.org.mx/resultados/page/2/?cs&t%5B0%5D=investigacion&order_by=date_desc#038;t%5B0%5D=investigacion&order_by=date_desc",NA,NA,NA,NA,NA,5,6,10,4
"Económico","México","Índice de Competitividad Estatal (lugar nacional)","https://imco.org.mx/resultados/page/2/?cs&t%5B0%5D=investigacion&order_by=date_desc#038;t%5B0%5D=investigacion&order_by=date_desc",NA,NA,NA,NA,NA,21,21,21,23
"Económico","Michoacán de Ocampo","Índice de Competitividad Estatal (lugar nacional)","https://imco.org.mx/resultados/page/2/?cs&t%5B0%5D=investigacion&order_by=date_desc#038;t%5B0%5D=investigacion&order_by=date_desc",NA,NA,NA,NA,NA,29,28,29,29
"Económico","Morelos","Índice de Competitividad Estatal (lugar nacional)","https://imco.org.mx/resultados/page/2/?cs&t%5B0%5D=investigacion&order_by=date_desc#038;t%5B0%5D=investigacion&order_by=date_desc",NA,NA,NA,NA,NA,24,23,26,27
"Económico","Nayarit","Índice de Competitividad Estatal (lugar nacional)","https://imco.org.mx/resultados/page/2/?cs&t%5B0%5D=investigacion&order_by=date_desc#038;t%5B0%5D=investigacion&order_by=date_desc",NA,NA,NA,NA,NA,14,14,19,22
"Económico","Nuevo León","Índice de Competitividad Estatal (lugar nacional)","https://imco.org.mx/resultados/page/2/?cs&t%5B0%5D=investigacion&order_by=date_desc#038;t%5B0%5D=investigacion&order_by=date_desc",NA,NA,NA,NA,NA,2,3,4,3
"Económico","Oaxaca","Índice de Competitividad Estatal (lugar nacional)","https://imco.org.mx/resultados/page/2/?cs&t%5B0%5D=investigacion&order_by=date_desc#038;t%5B0%5D=investigacion&order_by=date_desc",NA,NA,NA,NA,NA,31,31,32,30
"Económico","Puebla","Índice de Competitividad Estatal (lugar nacional)","https://imco.org.mx/resultados/page/2/?cs&t%5B0%5D=investigacion&order_by=date_desc#038;t%5B0%5D=investigacion&order_by=date_desc",NA,NA,NA,NA,NA,25,22,28,24
"Económico","Querétaro","Índice de Competitividad Estatal (lugar nacional)","https://imco.org.mx/resultados/page/2/?cs&t%5B0%5D=investigacion&order_by=date_desc#038;t%5B0%5D=investigacion&order_by=date_desc",NA,NA,NA,NA,NA,4,2,5,6
"Económico","Quintana Roo","Índice de Competitividad Estatal (lugar nacional)","https://imco.org.mx/resultados/page/2/?cs&t%5B0%5D=investigacion&order_by=date_desc#038;t%5B0%5D=investigacion&order_by=date_desc",NA,NA,NA,NA,NA,19,13,15,21
"Económico","San Luis Potosí","Índice de Competitividad Estatal (lugar nacional)","https://imco.org.mx/resultados/page/2/?cs&t%5B0%5D=investigacion&order_by=date_desc#038;t%5B0%5D=investigacion&order_by=date_desc",NA,NA,NA,NA,NA,17,17,18,12
"Económico","Sinaloa","Índice de Competitividad Estatal (lugar nacional)","https://imco.org.mx/resultados/page/2/?cs&t%5B0%5D=investigacion&order_by=date_desc#038;t%5B0%5D=investigacion&order_by=date_desc",NA,NA,NA,NA,NA,8,11,13,16
"Económico","Sonora","Índice de Competitividad Estatal (lugar nacional)","https://imco.org.mx/resultados/page/2/?cs&t%5B0%5D=investigacion&order_by=date_desc#038;t%5B0%5D=investigacion&order_by=date_desc",NA,NA,NA,NA,NA,9,9,7,9
"Económico","Tabasco","Índice de Competitividad Estatal (lugar nacional)","https://imco.org.mx/resultados/page/2/?cs&t%5B0%5D=investigacion&order_by=date_desc#038;t%5B0%5D=investigacion&order_by=date_desc",NA,NA,NA,NA,NA,23,25,20,25
"Económico","Tamaulipas","Índice de Competitividad Estatal (lugar nacional)","https://imco.org.mx/resultados/page/2/?cs&t%5B0%5D=investigacion&order_by=date_desc#038;t%5B0%5D=investigacion&order_by=date_desc",NA,NA,NA,NA,NA,11,12,12,15
"Económico","Tlaxcala","Índice de Competitividad Estatal (lugar nacional)","https://imco.org.mx/resultados/page/2/?cs&t%5B0%5D=investigacion&order_by=date_desc#038;t%5B0%5D=investigacion&order_by=date_desc",NA,NA,NA,NA,NA,26,29,23,17
"Económico","Veracruz de Ignacio de la Llave","Índice de Competitividad Estatal (lugar nacional)","https://imco.org.mx/resultados/page/2/?cs&t%5B0%5D=investigacion&order_by=date_desc#038;t%5B0%5D=investigacion&order_by=date_desc",NA,NA,NA,NA,NA,27,27,24,26
"Económico","Yucatán","Índice de Competitividad Estatal (lugar nacional)","https://imco.org.mx/resultados/page/2/?cs&t%5B0%5D=investigacion&order_by=date_desc#038;t%5B0%5D=investigacion&order_by=date_desc",NA,NA,NA,NA,NA,10,15,8,10
"Económico","Zacatecas","Índice de Competitividad Estatal (lugar nacional)","https://imco.org.mx/resultados/page/2/?cs&t%5B0%5D=investigacion&order_by=date_desc#038;t%5B0%5D=investigacion&order_by=date_desc",NA,NA,NA,NA,NA,28,26,27,28
"Gobierno","Aguascalientes","Barometro de Informacion Presupuestal Estatal BIPE (cumplimiento, puntaje obtenido)","https://imco.org.mx/barometro-de-informacion-presupuestal-bipe-2023/",NA,NA,NA,NA,NA,966,9655,NA,NA
"Gobierno","Baja California","Barometro de Informacion Presupuestal Estatal BIPE (cumplimiento, puntaje obtenido)","https://imco.org.mx/barometro-de-informacion-presupuestal-bipe-2023/",NA,NA,NA,NA,NA,100,100,NA,NA
"Gobierno","Baja California Sur","Barometro de Informacion Presupuestal Estatal BIPE (cumplimiento, puntaje obtenido)","https://imco.org.mx/barometro-de-informacion-presupuestal-bipe-2023/",NA,NA,NA,NA,NA,905,8707,NA,NA
"Gobierno","Campeche","Barometro de Informacion Presupuestal Estatal BIPE (cumplimiento, puntaje obtenido)","https://imco.org.mx/barometro-de-informacion-presupuestal-bipe-2023/",NA,NA,NA,NA,NA,100,9914,NA,NA
"Gobierno","Coahuila de Zaragoza","Barometro de Informacion Presupuestal Estatal BIPE (cumplimiento, puntaje obtenido)","https://imco.org.mx/barometro-de-informacion-presupuestal-bipe-2023/",NA,NA,NA,NA,NA,100,100,NA,NA
"Gobierno","Colima","Barometro de Informacion Presupuestal Estatal BIPE (cumplimiento, puntaje obtenido)","https://imco.org.mx/barometro-de-informacion-presupuestal-bipe-2023/",NA,NA,NA,NA,NA,966,9828,NA,NA
"Gobierno","Chiapas","Barometro de Informacion Presupuestal Estatal BIPE (cumplimiento, puntaje obtenido)","https://imco.org.mx/barometro-de-informacion-presupuestal-bipe-2023/",NA,NA,NA,NA,NA,100,9569,NA,NA
"Gobierno","Chihuahua","Barometro de Informacion Presupuestal Estatal BIPE (cumplimiento, puntaje obtenido)","https://imco.org.mx/barometro-de-informacion-presupuestal-bipe-2023/",NA,NA,NA,NA,NA,974,9224,NA,NA
"Gobierno","Ciudad de México","Barometro de Informacion Presupuestal Estatal BIPE (cumplimiento, puntaje obtenido)","https://imco.org.mx/barometro-de-informacion-presupuestal-bipe-2023/",NA,NA,NA,NA,NA,845,8081,NA,NA
"Gobierno","Durango","Barometro de Informacion Presupuestal Estatal BIPE (cumplimiento, puntaje obtenido)","https://imco.org.mx/barometro-de-informacion-presupuestal-bipe-2023/",NA,NA,NA,NA,NA,100,9483,NA,NA
"Gobierno","Guanajuato","Barometro de Informacion Presupuestal Estatal BIPE (cumplimiento, puntaje obtenido)","https://imco.org.mx/barometro-de-informacion-presupuestal-bipe-2023/",NA,NA,NA,NA,NA,100,6983,NA,NA
"Gobierno","Guerrero","Barometro de Informacion Presupuestal Estatal BIPE (cumplimiento, puntaje obtenido)","https://imco.org.mx/barometro-de-informacion-presupuestal-bipe-2023/",NA,NA,NA,NA,NA,664,6983,NA,NA
"Gobierno","Hidalgo","Barometro de Informacion Presupuestal Estatal BIPE (cumplimiento, puntaje obtenido)","https://imco.org.mx/barometro-de-informacion-presupuestal-bipe-2023/",NA,NA,NA,NA,NA,100,9741,NA,NA
"Gobierno","Jalisco","Barometro de Informacion Presupuestal Estatal BIPE (cumplimiento, puntaje obtenido)","https://imco.org.mx/barometro-de-informacion-presupuestal-bipe-2023/",NA,NA,NA,NA,NA,100,100,NA,NA
"Gobierno","México","Barometro de Informacion Presupuestal Estatal BIPE (cumplimiento, puntaje obtenido)","https://imco.org.mx/barometro-de-informacion-presupuestal-bipe-2023/",NA,NA,NA,NA,NA,741,8966,NA,NA
"Gobierno","Michoacán de Ocampo","Barometro de Informacion Presupuestal Estatal BIPE (cumplimiento, puntaje obtenido)","https://imco.org.mx/barometro-de-informacion-presupuestal-bipe-2023/",NA,NA,NA,NA,NA,733,7845,NA,NA
"Gobierno","Morelos","Barometro de Informacion Presupuestal Estatal BIPE (cumplimiento, puntaje obtenido)","https://imco.org.mx/barometro-de-informacion-presupuestal-bipe-2023/",NA,NA,NA,NA,NA,776,8362,NA,NA
"Gobierno","Nayarit","Barometro de Informacion Presupuestal Estatal BIPE (cumplimiento, puntaje obtenido)","https://imco.org.mx/barometro-de-informacion-presupuestal-bipe-2023/",NA,NA,NA,NA,NA,991,9914,NA,NA
"Gobierno","Nuevo León","Barometro de Informacion Presupuestal Estatal BIPE (cumplimiento, puntaje obtenido)","https://imco.org.mx/barometro-de-informacion-presupuestal-bipe-2023/",NA,NA,NA,NA,NA,991,100,NA,NA
"Gobierno","Oaxaca","Barometro de Informacion Presupuestal Estatal BIPE (cumplimiento, puntaje obtenido)","https://imco.org.mx/barometro-de-informacion-presupuestal-bipe-2023/",NA,NA,NA,NA,NA,888,9483,NA,NA
"Gobierno","Puebla","Barometro de Informacion Presupuestal Estatal BIPE (cumplimiento, puntaje obtenido)","https://imco.org.mx/barometro-de-informacion-presupuestal-bipe-2023/",NA,NA,NA,NA,NA,100,9914,NA,NA
"Gobierno","Querétaro","Barometro de Informacion Presupuestal Estatal BIPE (cumplimiento, puntaje obtenido)","https://imco.org.mx/barometro-de-informacion-presupuestal-bipe-2023/",NA,NA,NA,NA,NA,100,9914,NA,NA
"Gobierno","Quintana Roo","Barometro de Informacion Presupuestal Estatal BIPE (cumplimiento, puntaje obtenido)","https://imco.org.mx/barometro-de-informacion-presupuestal-bipe-2023/",NA,NA,NA,NA,NA,100,100,NA,NA
"Gobierno","San Luis Potosí","Barometro de Informacion Presupuestal Estatal BIPE (cumplimiento, puntaje obtenido)","https://imco.org.mx/barometro-de-informacion-presupuestal-bipe-2023/",NA,NA,NA,NA,NA,724,8017,NA,NA
"Gobierno","Sinaloa","Barometro de Informacion Presupuestal Estatal BIPE (cumplimiento, puntaje obtenido)","https://imco.org.mx/barometro-de-informacion-presupuestal-bipe-2023/",NA,NA,NA,NA,NA,983,9914,NA,NA
"Gobierno","Sonora","Barometro de Informacion Presupuestal Estatal BIPE (cumplimiento, puntaje obtenido)","https://imco.org.mx/barometro-de-informacion-presupuestal-bipe-2023/",NA,NA,NA,NA,NA,957,7672,NA,NA
"Gobierno","Tabasco","Barometro de Informacion Presupuestal Estatal BIPE (cumplimiento, puntaje obtenido)","https://imco.org.mx/barometro-de-informacion-presupuestal-bipe-2023/",NA,NA,NA,NA,NA,897,931,NA,NA
"Gobierno","Tamaulipas","Barometro de Informacion Presupuestal Estatal BIPE (cumplimiento, puntaje obtenido)","https://imco.org.mx/barometro-de-informacion-presupuestal-bipe-2023/",NA,NA,NA,NA,NA,922,9138,NA,NA
"Gobierno","Tlaxcala","Barometro de Informacion Presupuestal Estatal BIPE (cumplimiento, puntaje obtenido)","https://imco.org.mx/barometro-de-informacion-presupuestal-bipe-2023/",NA,NA,NA,NA,NA,966,9569,NA,NA
"Gobierno","Veracruz de Ignacio de la Llave","Barometro de Informacion Presupuestal Estatal BIPE (cumplimiento, puntaje obtenido)","https://imco.org.mx/barometro-de-informacion-presupuestal-bipe-2023/",NA,NA,NA,NA,NA,871,9483,NA,NA
"Gobierno","Yucatán","Barometro de Informacion Presupuestal Estatal BIPE (cumplimiento, puntaje obtenido)","https://imco.org.mx/barometro-de-informacion-presupuestal-bipe-2023/",NA,NA,NA,NA,NA,100,100,NA,NA
"Gobierno","Zacatecas","Barometro de Informacion Presupuestal Estatal BIPE (cumplimiento, puntaje obtenido)","https://imco.org.mx/barometro-de-informacion-presupuestal-bipe-2023/",NA,NA,NA,NA,NA,974,8621,NA,NA
"Género","Aguascalientes","Brecha de ingresos por Género #Con Lupa de Género (Porcentaje)","https://imco.org.mx/resultados/?cs=con%20lupa%20de%20genero&t%5B0%5D=investigacion#038;t%5B0%5D=investigacion",NA,NA,NA,NA,NA,1.69e+16,105,146,NA
"Género","Baja California","Brecha de ingresos por Género #Con Lupa de Género (Porcentaje)","https://imco.org.mx/resultados/?cs=con%20lupa%20de%20genero&t%5B0%5D=investigacion#038;t%5B0%5D=investigacion",NA,NA,NA,NA,NA,1.79e+16,103,159,NA
"Género","Baja California Sur","Brecha de ingresos por Género #Con Lupa de Género (Porcentaje)","https://imco.org.mx/resultados/?cs=con%20lupa%20de%20genero&t%5B0%5D=investigacion#038;t%5B0%5D=investigacion",NA,NA,NA,NA,NA,1.79e+16,132,224,NA
"Género","Campeche","Brecha de ingresos por Género #Con Lupa de Género (Porcentaje)","https://imco.org.mx/resultados/?cs=con%20lupa%20de%20genero&t%5B0%5D=investigacion#038;t%5B0%5D=investigacion",NA,NA,NA,NA,NA,28,107,135,NA
"Género","Coahuila de Zaragoza","Brecha de ingresos por Género #Con Lupa de Género (Porcentaje)","https://imco.org.mx/resultados/?cs=con%20lupa%20de%20genero&t%5B0%5D=investigacion#038;t%5B0%5D=investigacion",NA,NA,NA,NA,NA,134,177,157,NA
"Género","Colima","Brecha de ingresos por Género #Con Lupa de Género (Porcentaje)","https://imco.org.mx/resultados/?cs=con%20lupa%20de%20genero&t%5B0%5D=investigacion#038;t%5B0%5D=investigacion",NA,NA,NA,NA,NA,187,244,254,NA
"Género","Chiapas","Brecha de ingresos por Género #Con Lupa de Género (Porcentaje)","https://imco.org.mx/resultados/?cs=con%20lupa%20de%20genero&t%5B0%5D=investigacion#038;t%5B0%5D=investigacion",NA,NA,NA,NA,NA,20,8,8.8e+16,NA
"Género","Chihuahua","Brecha de ingresos por Género #Con Lupa de Género (Porcentaje)","https://imco.org.mx/resultados/?cs=con%20lupa%20de%20genero&t%5B0%5D=investigacion#038;t%5B0%5D=investigacion",NA,NA,NA,NA,NA,2.04e+16,182,138,NA
"Género","Ciudad de México","Brecha de ingresos por Género #Con Lupa de Género (Porcentaje)","https://imco.org.mx/resultados/?cs=con%20lupa%20de%20genero&t%5B0%5D=investigacion#038;t%5B0%5D=investigacion",NA,NA,NA,NA,NA,118,134,61,NA
"Género","Durango","Brecha de ingresos por Género #Con Lupa de Género (Porcentaje)","https://imco.org.mx/resultados/?cs=con%20lupa%20de%20genero&t%5B0%5D=investigacion#038;t%5B0%5D=investigacion",NA,NA,NA,NA,NA,142,1.86e+16,143,NA
"Género","Guanajuato","Brecha de ingresos por Género #Con Lupa de Género (Porcentaje)","https://imco.org.mx/resultados/?cs=con%20lupa%20de%20genero&t%5B0%5D=investigacion#038;t%5B0%5D=investigacion",NA,NA,NA,NA,NA,1.81e+16,16,173,NA
"Género","Guerrero","Brecha de ingresos por Género #Con Lupa de Género (Porcentaje)","https://imco.org.mx/resultados/?cs=con%20lupa%20de%20genero&t%5B0%5D=investigacion#038;t%5B0%5D=investigacion",NA,NA,NA,NA,NA,165,1.64e+16,143,NA
"Género","Hidalgo","Brecha de ingresos por Género #Con Lupa de Género (Porcentaje)","https://imco.org.mx/resultados/?cs=con%20lupa%20de%20genero&t%5B0%5D=investigacion#038;t%5B0%5D=investigacion",NA,NA,NA,NA,NA,1.66e+16,198,256,NA
"Género","Jalisco","Brecha de ingresos por Género #Con Lupa de Género (Porcentaje)","https://imco.org.mx/resultados/?cs=con%20lupa%20de%20genero&t%5B0%5D=investigacion#038;t%5B0%5D=investigacion",NA,NA,NA,NA,NA,1.79e+16,1.69e+16,192,NA
"Género","México","Brecha de ingresos por Género #Con Lupa de Género (Porcentaje)","https://imco.org.mx/resultados/?cs=con%20lupa%20de%20genero&t%5B0%5D=investigacion#038;t%5B0%5D=investigacion",NA,NA,NA,NA,NA,69,126,163,NA
"Género","Michoacán de Ocampo","Brecha de ingresos por Género #Con Lupa de Género (Porcentaje)","https://imco.org.mx/resultados/?cs=con%20lupa%20de%20genero&t%5B0%5D=investigacion#038;t%5B0%5D=investigacion",NA,NA,NA,NA,NA,11,206,208,NA
"Género","Morelos","Brecha de ingresos por Género #Con Lupa de Género (Porcentaje)","https://imco.org.mx/resultados/?cs=con%20lupa%20de%20genero&t%5B0%5D=investigacion#038;t%5B0%5D=investigacion",NA,NA,NA,NA,NA,135,1.96e+16,215,NA
"Género","Nayarit","Brecha de ingresos por Género #Con Lupa de Género (Porcentaje)","https://imco.org.mx/resultados/?cs=con%20lupa%20de%20genero&t%5B0%5D=investigacion#038;t%5B0%5D=investigacion",NA,NA,NA,NA,NA,165,1.64e+16,198,NA
"Género","Nuevo León","Brecha de ingresos por Género #Con Lupa de Género (Porcentaje)","https://imco.org.mx/resultados/?cs=con%20lupa%20de%20genero&t%5B0%5D=investigacion#038;t%5B0%5D=investigacion",NA,NA,NA,NA,NA,17,143,1.64e+16,NA
"Género","Oaxaca","Brecha de ingresos por Género #Con Lupa de Género (Porcentaje)","https://imco.org.mx/resultados/?cs=con%20lupa%20de%20genero&t%5B0%5D=investigacion#038;t%5B0%5D=investigacion",NA,NA,NA,NA,NA,242,147,206,NA
"Género","Puebla","Brecha de ingresos por Género #Con Lupa de Género (Porcentaje)","https://imco.org.mx/resultados/?cs=con%20lupa%20de%20genero&t%5B0%5D=investigacion#038;t%5B0%5D=investigacion",NA,NA,NA,NA,NA,192,141,156,NA
"Género","Querétaro","Brecha de ingresos por Género #Con Lupa de Género (Porcentaje)","https://imco.org.mx/resultados/?cs=con%20lupa%20de%20genero&t%5B0%5D=investigacion#038;t%5B0%5D=investigacion",NA,NA,NA,NA,NA,19,19,1.74e+16,NA
"Género","Quintana Roo","Brecha de ingresos por Género #Con Lupa de Género (Porcentaje)","https://imco.org.mx/resultados/?cs=con%20lupa%20de%20genero&t%5B0%5D=investigacion#038;t%5B0%5D=investigacion",NA,NA,NA,NA,NA,9.8e+16,151,173,NA
"Género","San Luis Potosí","Brecha de ingresos por Género #Con Lupa de Género (Porcentaje)","https://imco.org.mx/resultados/?cs=con%20lupa%20de%20genero&t%5B0%5D=investigacion#038;t%5B0%5D=investigacion",NA,NA,NA,NA,NA,94,111,65,NA
"Género","Sinaloa","Brecha de ingresos por Género #Con Lupa de Género (Porcentaje)","https://imco.org.mx/resultados/?cs=con%20lupa%20de%20genero&t%5B0%5D=investigacion#038;t%5B0%5D=investigacion",NA,NA,NA,NA,NA,205,1.94e+16,185,NA
"Género","Sonora","Brecha de ingresos por Género #Con Lupa de Género (Porcentaje)","https://imco.org.mx/resultados/?cs=con%20lupa%20de%20genero&t%5B0%5D=investigacion#038;t%5B0%5D=investigacion",NA,NA,NA,NA,NA,1.64e+16,147,133,NA
"Género","Tabasco","Brecha de ingresos por Género #Con Lupa de Género (Porcentaje)","https://imco.org.mx/resultados/?cs=con%20lupa%20de%20genero&t%5B0%5D=investigacion#038;t%5B0%5D=investigacion",NA,NA,NA,NA,NA,8.7e+16,148,165,NA
"Género","Tamaulipas","Brecha de ingresos por Género #Con Lupa de Género (Porcentaje)","https://imco.org.mx/resultados/?cs=con%20lupa%20de%20genero&t%5B0%5D=investigacion#038;t%5B0%5D=investigacion",NA,NA,NA,NA,NA,144,114,159,NA
"Género","Tlaxcala","Brecha de ingresos por Género #Con Lupa de Género (Porcentaje)","https://imco.org.mx/resultados/?cs=con%20lupa%20de%20genero&t%5B0%5D=investigacion#038;t%5B0%5D=investigacion",NA,NA,NA,NA,NA,208,212,224,NA
"Género","Veracruz de Ignacio de la Llave","Brecha de ingresos por Género #Con Lupa de Género (Porcentaje)","https://imco.org.mx/resultados/?cs=con%20lupa%20de%20genero&t%5B0%5D=investigacion#038;t%5B0%5D=investigacion",NA,NA,NA,NA,NA,126,67,9.7e+16,NA
"Género","Yucatán","Brecha de ingresos por Género #Con Lupa de Género (Porcentaje)","https://imco.org.mx/resultados/?cs=con%20lupa%20de%20genero&t%5B0%5D=investigacion#038;t%5B0%5D=investigacion",NA,NA,NA,NA,NA,128,195,219,NA
"Género","Zacatecas","Brecha de ingresos por Género #Con Lupa de Género (Porcentaje)","https://imco.org.mx/resultados/?cs=con%20lupa%20de%20genero&t%5B0%5D=investigacion#038;t%5B0%5D=investigacion",NA,NA,NA,NA,NA,81,122,141,NA
"Género","Aguascalientes","Cobertura de educación en la primera infancia #Con Lupa de Género (Porcentaje)","https://imco.org.mx/resultados/?cs=con%20lupa%20de%20genero&t%5B0%5D=investigacion#038;t%5B0%5D=investigacion",NA,NA,NA,NA,NA,409,421,3.92e+16,NA
"Género","Baja California","Cobertura de educación en la primera infancia #Con Lupa de Género (Porcentaje)","https://imco.org.mx/resultados/?cs=con%20lupa%20de%20genero&t%5B0%5D=investigacion#038;t%5B0%5D=investigacion",NA,NA,NA,NA,NA,3.82e+16,302,3.23e+16,NA
"Género","Baja California Sur","Cobertura de educación en la primera infancia #Con Lupa de Género (Porcentaje)","https://imco.org.mx/resultados/?cs=con%20lupa%20de%20genero&t%5B0%5D=investigacion#038;t%5B0%5D=investigacion",NA,NA,NA,NA,NA,3.82e+16,3.48e+16,3.43e+16,NA
"Género","Campeche","Cobertura de educación en la primera infancia #Con Lupa de Género (Porcentaje)","https://imco.org.mx/resultados/?cs=con%20lupa%20de%20genero&t%5B0%5D=investigacion#038;t%5B0%5D=investigacion",NA,NA,NA,NA,NA,41,385,479,NA
"Género","Coahuila de Zaragoza","Cobertura de educación en la primera infancia #Con Lupa de Género (Porcentaje)","https://imco.org.mx/resultados/?cs=con%20lupa%20de%20genero&t%5B0%5D=investigacion#038;t%5B0%5D=investigacion",NA,NA,NA,NA,NA,413,3.93e+16,415,NA
"Género","Colima","Cobertura de educación en la primera infancia #Con Lupa de Género (Porcentaje)","https://imco.org.mx/resultados/?cs=con%20lupa%20de%20genero&t%5B0%5D=investigacion#038;t%5B0%5D=investigacion",NA,NA,NA,NA,NA,3.52e+16,3.37e+16,405,NA
"Género","Chiapas","Cobertura de educación en la primera infancia #Con Lupa de Género (Porcentaje)","https://imco.org.mx/resultados/?cs=con%20lupa%20de%20genero&t%5B0%5D=investigacion#038;t%5B0%5D=investigacion",NA,NA,NA,NA,NA,42,409,389,NA
"Género","Chihuahua","Cobertura de educación en la primera infancia #Con Lupa de Género (Porcentaje)","https://imco.org.mx/resultados/?cs=con%20lupa%20de%20genero&t%5B0%5D=investigacion#038;t%5B0%5D=investigacion",NA,NA,NA,NA,NA,376,359,3.58e+16,NA
"Género","Ciudad de México","Cobertura de educación en la primera infancia #Con Lupa de Género (Porcentaje)","https://imco.org.mx/resultados/?cs=con%20lupa%20de%20genero&t%5B0%5D=investigacion#038;t%5B0%5D=investigacion",NA,NA,NA,NA,NA,413,3.83e+16,404,NA
"Género","Durango","Cobertura de educación en la primera infancia #Con Lupa de Género (Porcentaje)","https://imco.org.mx/resultados/?cs=con%20lupa%20de%20genero&t%5B0%5D=investigacion#038;t%5B0%5D=investigacion",NA,NA,NA,NA,NA,394,386,3.83e+16,NA
"Género","Guanajuato","Cobertura de educación en la primera infancia #Con Lupa de Género (Porcentaje)","https://imco.org.mx/resultados/?cs=con%20lupa%20de%20genero&t%5B0%5D=investigacion#038;t%5B0%5D=investigacion",NA,NA,NA,NA,NA,3.83e+16,379,389,NA
"Género","Guerrero","Cobertura de educación en la primera infancia #Con Lupa de Género (Porcentaje)","https://imco.org.mx/resultados/?cs=con%20lupa%20de%20genero&t%5B0%5D=investigacion#038;t%5B0%5D=investigacion",NA,NA,NA,NA,NA,47,467,456,NA
"Género","Hidalgo","Cobertura de educación en la primera infancia #Con Lupa de Género (Porcentaje)","https://imco.org.mx/resultados/?cs=con%20lupa%20de%20genero&t%5B0%5D=investigacion#038;t%5B0%5D=investigacion",NA,NA,NA,NA,NA,3.78e+16,3.58e+16,4.03e+16,NA
"Género","Jalisco","Cobertura de educación en la primera infancia #Con Lupa de Género (Porcentaje)","https://imco.org.mx/resultados/?cs=con%20lupa%20de%20genero&t%5B0%5D=investigacion#038;t%5B0%5D=investigacion",NA,NA,NA,NA,NA,36,355,3.57e+16,NA
"Género","México","Cobertura de educación en la primera infancia #Con Lupa de Género (Porcentaje)","https://imco.org.mx/resultados/?cs=con%20lupa%20de%20genero&t%5B0%5D=investigacion#038;t%5B0%5D=investigacion",NA,NA,NA,NA,NA,308,296,3.33e+16,NA
"Género","Michoacán de Ocampo","Cobertura de educación en la primera infancia #Con Lupa de Género (Porcentaje)","https://imco.org.mx/resultados/?cs=con%20lupa%20de%20genero&t%5B0%5D=investigacion#038;t%5B0%5D=investigacion",NA,NA,NA,NA,NA,3.88e+16,376,3.58e+16,NA
"Género","Morelos","Cobertura de educación en la primera infancia #Con Lupa de Género (Porcentaje)","https://imco.org.mx/resultados/?cs=con%20lupa%20de%20genero&t%5B0%5D=investigacion#038;t%5B0%5D=investigacion",NA,NA,NA,NA,NA,314,30,3.57e+16,NA
"Género","Nayarit","Cobertura de educación en la primera infancia #Con Lupa de Género (Porcentaje)","https://imco.org.mx/resultados/?cs=con%20lupa%20de%20genero&t%5B0%5D=investigacion#038;t%5B0%5D=investigacion",NA,NA,NA,NA,NA,354,3.52e+16,39,NA
"Género","Nuevo León","Cobertura de educación en la primera infancia #Con Lupa de Género (Porcentaje)","https://imco.org.mx/resultados/?cs=con%20lupa%20de%20genero&t%5B0%5D=investigacion#038;t%5B0%5D=investigacion",NA,NA,NA,NA,NA,4.03e+16,381,3.57e+16,NA
"Género","Oaxaca","Cobertura de educación en la primera infancia #Con Lupa de Género (Porcentaje)","https://imco.org.mx/resultados/?cs=con%20lupa%20de%20genero&t%5B0%5D=investigacion#038;t%5B0%5D=investigacion",NA,NA,NA,NA,NA,421,415,4.07e+16,NA
"Género","Puebla","Cobertura de educación en la primera infancia #Con Lupa de Género (Porcentaje)","https://imco.org.mx/resultados/?cs=con%20lupa%20de%20genero&t%5B0%5D=investigacion#038;t%5B0%5D=investigacion",NA,NA,NA,NA,NA,379,374,369,NA
"Género","Querétaro","Cobertura de educación en la primera infancia #Con Lupa de Género (Porcentaje)","https://imco.org.mx/resultados/?cs=con%20lupa%20de%20genero&t%5B0%5D=investigacion#038;t%5B0%5D=investigacion",NA,NA,NA,NA,NA,412,409,39,NA
"Género","Quintana Roo","Cobertura de educación en la primera infancia #Con Lupa de Género (Porcentaje)","https://imco.org.mx/resultados/?cs=con%20lupa%20de%20genero&t%5B0%5D=investigacion#038;t%5B0%5D=investigacion",NA,NA,NA,NA,NA,316,308,297,NA
"Género","San Luis Potosí","Cobertura de educación en la primera infancia #Con Lupa de Género (Porcentaje)","https://imco.org.mx/resultados/?cs=con%20lupa%20de%20genero&t%5B0%5D=investigacion#038;t%5B0%5D=investigacion",NA,NA,NA,NA,NA,469,451,419,NA
"Género","Sinaloa","Cobertura de educación en la primera infancia #Con Lupa de Género (Porcentaje)","https://imco.org.mx/resultados/?cs=con%20lupa%20de%20genero&t%5B0%5D=investigacion#038;t%5B0%5D=investigacion",NA,NA,NA,NA,NA,429,438,442,NA
"Género","Sonora","Cobertura de educación en la primera infancia #Con Lupa de Género (Porcentaje)","https://imco.org.mx/resultados/?cs=con%20lupa%20de%20genero&t%5B0%5D=investigacion#038;t%5B0%5D=investigacion",NA,NA,NA,NA,NA,3.73e+16,34,379,NA
"Género","Tabasco","Cobertura de educación en la primera infancia #Con Lupa de Género (Porcentaje)","https://imco.org.mx/resultados/?cs=con%20lupa%20de%20genero&t%5B0%5D=investigacion#038;t%5B0%5D=investigacion",NA,NA,NA,NA,NA,433,405,46,NA
"Género","Tamaulipas","Cobertura de educación en la primera infancia #Con Lupa de Género (Porcentaje)","https://imco.org.mx/resultados/?cs=con%20lupa%20de%20genero&t%5B0%5D=investigacion#038;t%5B0%5D=investigacion",NA,NA,NA,NA,NA,316,293,335,NA
"Género","Tlaxcala","Cobertura de educación en la primera infancia #Con Lupa de Género (Porcentaje)","https://imco.org.mx/resultados/?cs=con%20lupa%20de%20genero&t%5B0%5D=investigacion#038;t%5B0%5D=investigacion",NA,NA,NA,NA,NA,3.63e+16,36,354,NA
"Género","Veracruz de Ignacio de la Llave","Cobertura de educación en la primera infancia #Con Lupa de Género (Porcentaje)","https://imco.org.mx/resultados/?cs=con%20lupa%20de%20genero&t%5B0%5D=investigacion#038;t%5B0%5D=investigacion",NA,NA,NA,NA,NA,282,264,3.28e+16,NA
"Género","Yucatán","Cobertura de educación en la primera infancia #Con Lupa de Género (Porcentaje)","https://imco.org.mx/resultados/?cs=con%20lupa%20de%20genero&t%5B0%5D=investigacion#038;t%5B0%5D=investigacion",NA,NA,NA,NA,NA,437,426,486,NA
"Género","Zacatecas","Cobertura de educación en la primera infancia #Con Lupa de Género (Porcentaje)","https://imco.org.mx/resultados/?cs=con%20lupa%20de%20genero&t%5B0%5D=investigacion#038;t%5B0%5D=investigacion",NA,NA,NA,NA,NA,475,457,3.93e+16,NA
"Género","Aguascalientes","Delitos sexuales #Con Lupa de Género","https://imco.org.mx/resultados/?cs=con%20lupa%20de%20genero&t%5B0%5D=investigacion#038;t%5B0%5D=investigacion",NA,NA,NA,NA,NA,NA,9.2e+16,137,NA
"Género","Baja California","Delitos sexuales #Con Lupa de Género","https://imco.org.mx/resultados/?cs=con%20lupa%20de%20genero&t%5B0%5D=investigacion#038;t%5B0%5D=investigacion",NA,NA,NA,NA,NA,NA,131,381,NA
"Género","Baja California Sur","Delitos sexuales #Con Lupa de Género","https://imco.org.mx/resultados/?cs=con%20lupa%20de%20genero&t%5B0%5D=investigacion#038;t%5B0%5D=investigacion",NA,NA,NA,NA,NA,NA,148,226,NA
"Género","Campeche","Delitos sexuales #Con Lupa de Género","https://imco.org.mx/resultados/?cs=con%20lupa%20de%20genero&t%5B0%5D=investigacion#038;t%5B0%5D=investigacion",NA,NA,NA,NA,NA,NA,94,115,NA
"Género","Coahuila de Zaragoza","Delitos sexuales #Con Lupa de Género","https://imco.org.mx/resultados/?cs=con%20lupa%20de%20genero&t%5B0%5D=investigacion#038;t%5B0%5D=investigacion",NA,NA,NA,NA,NA,NA,155,144,NA
"Género","Colima","Delitos sexuales #Con Lupa de Género","https://imco.org.mx/resultados/?cs=con%20lupa%20de%20genero&t%5B0%5D=investigacion#038;t%5B0%5D=investigacion",NA,NA,NA,NA,NA,NA,52,123,NA
"Género","Chiapas","Delitos sexuales #Con Lupa de Género","https://imco.org.mx/resultados/?cs=con%20lupa%20de%20genero&t%5B0%5D=investigacion#038;t%5B0%5D=investigacion",NA,NA,NA,NA,NA,NA,17,21,NA
"Género","Chihuahua","Delitos sexuales #Con Lupa de Género","https://imco.org.mx/resultados/?cs=con%20lupa%20de%20genero&t%5B0%5D=investigacion#038;t%5B0%5D=investigacion",NA,NA,NA,NA,NA,NA,103,114,NA
"Género","Ciudad de México","Delitos sexuales #Con Lupa de Género","https://imco.org.mx/resultados/?cs=con%20lupa%20de%20genero&t%5B0%5D=investigacion#038;t%5B0%5D=investigacion",NA,NA,NA,NA,NA,NA,165,188,NA
"Género","Durango","Delitos sexuales #Con Lupa de Género","https://imco.org.mx/resultados/?cs=con%20lupa%20de%20genero&t%5B0%5D=investigacion#038;t%5B0%5D=investigacion",NA,NA,NA,NA,NA,NA,67,61,NA
"Género","Guanajuato","Delitos sexuales #Con Lupa de Género","https://imco.org.mx/resultados/?cs=con%20lupa%20de%20genero&t%5B0%5D=investigacion#038;t%5B0%5D=investigacion",NA,NA,NA,NA,NA,NA,7,73,NA
"Género","Guerrero","Delitos sexuales #Con Lupa de Género","https://imco.org.mx/resultados/?cs=con%20lupa%20de%20genero&t%5B0%5D=investigacion#038;t%5B0%5D=investigacion",NA,NA,NA,NA,NA,NA,5.1e+16,52,NA
"Género","Hidalgo","Delitos sexuales #Con Lupa de Género","https://imco.org.mx/resultados/?cs=con%20lupa%20de%20genero&t%5B0%5D=investigacion#038;t%5B0%5D=investigacion",NA,NA,NA,NA,NA,NA,35,67,NA
"Género","Jalisco","Delitos sexuales #Con Lupa de Género","https://imco.org.mx/resultados/?cs=con%20lupa%20de%20genero&t%5B0%5D=investigacion#038;t%5B0%5D=investigacion",NA,NA,NA,NA,NA,NA,48,55,NA
"Género","México","Delitos sexuales #Con Lupa de Género","https://imco.org.mx/resultados/?cs=con%20lupa%20de%20genero&t%5B0%5D=investigacion#038;t%5B0%5D=investigacion",NA,NA,NA,NA,NA,NA,245,329,NA
"Género","Michoacán de Ocampo","Delitos sexuales #Con Lupa de Género","https://imco.org.mx/resultados/?cs=con%20lupa%20de%20genero&t%5B0%5D=investigacion#038;t%5B0%5D=investigacion",NA,NA,NA,NA,NA,NA,45,4.4e+16,NA
"Género","Morelos","Delitos sexuales #Con Lupa de Género","https://imco.org.mx/resultados/?cs=con%20lupa%20de%20genero&t%5B0%5D=investigacion#038;t%5B0%5D=investigacion",NA,NA,NA,NA,NA,NA,4.9e+16,5,NA
"Género","Nayarit","Delitos sexuales #Con Lupa de Género","https://imco.org.mx/resultados/?cs=con%20lupa%20de%20genero&t%5B0%5D=investigacion#038;t%5B0%5D=investigacion",NA,NA,NA,NA,NA,NA,33,66,NA
"Género","Nuevo León","Delitos sexuales #Con Lupa de Género","https://imco.org.mx/resultados/?cs=con%20lupa%20de%20genero&t%5B0%5D=investigacion#038;t%5B0%5D=investigacion",NA,NA,NA,NA,NA,NA,1.64e+16,145,NA
"Género","Oaxaca","Delitos sexuales #Con Lupa de Género","https://imco.org.mx/resultados/?cs=con%20lupa%20de%20genero&t%5B0%5D=investigacion#038;t%5B0%5D=investigacion",NA,NA,NA,NA,NA,NA,84,8.3e+16,NA
"Género","Puebla","Delitos sexuales #Con Lupa de Género","https://imco.org.mx/resultados/?cs=con%20lupa%20de%20genero&t%5B0%5D=investigacion#038;t%5B0%5D=investigacion",NA,NA,NA,NA,NA,NA,47,63,NA
"Género","Querétaro","Delitos sexuales #Con Lupa de Género","https://imco.org.mx/resultados/?cs=con%20lupa%20de%20genero&t%5B0%5D=investigacion#038;t%5B0%5D=investigacion",NA,NA,NA,NA,NA,NA,3.32e+16,334,NA
"Género","Quintana Roo","Delitos sexuales #Con Lupa de Género","https://imco.org.mx/resultados/?cs=con%20lupa%20de%20genero&t%5B0%5D=investigacion#038;t%5B0%5D=investigacion",NA,NA,NA,NA,NA,NA,1.71e+16,1.66e+16,NA
"Género","San Luis Potosí","Delitos sexuales #Con Lupa de Género","https://imco.org.mx/resultados/?cs=con%20lupa%20de%20genero&t%5B0%5D=investigacion#038;t%5B0%5D=investigacion",NA,NA,NA,NA,NA,NA,108,12,NA
"Género","Sinaloa","Delitos sexuales #Con Lupa de Género","https://imco.org.mx/resultados/?cs=con%20lupa%20de%20genero&t%5B0%5D=investigacion#038;t%5B0%5D=investigacion",NA,NA,NA,NA,NA,NA,5,64,NA
"Género","Sonora","Delitos sexuales #Con Lupa de Género","https://imco.org.mx/resultados/?cs=con%20lupa%20de%20genero&t%5B0%5D=investigacion#038;t%5B0%5D=investigacion",NA,NA,NA,NA,NA,NA,37,55,NA
"Género","Tabasco","Delitos sexuales #Con Lupa de Género","https://imco.org.mx/resultados/?cs=con%20lupa%20de%20genero&t%5B0%5D=investigacion#038;t%5B0%5D=investigacion",NA,NA,NA,NA,NA,NA,108,96,NA
"Género","Tamaulipas","Delitos sexuales #Con Lupa de Género","https://imco.org.mx/resultados/?cs=con%20lupa%20de%20genero&t%5B0%5D=investigacion#038;t%5B0%5D=investigacion",NA,NA,NA,NA,NA,NA,4.1e+16,52,NA
"Género","Tlaxcala","Delitos sexuales #Con Lupa de Género","https://imco.org.mx/resultados/?cs=con%20lupa%20de%20genero&t%5B0%5D=investigacion#038;t%5B0%5D=investigacion",NA,NA,NA,NA,NA,NA,5,1,NA
"Género","Veracruz de Ignacio de la Llave","Delitos sexuales #Con Lupa de Género","https://imco.org.mx/resultados/?cs=con%20lupa%20de%20genero&t%5B0%5D=investigacion#038;t%5B0%5D=investigacion",NA,NA,NA,NA,NA,NA,55,68,NA
"Género","Yucatán","Delitos sexuales #Con Lupa de Género","https://imco.org.mx/resultados/?cs=con%20lupa%20de%20genero&t%5B0%5D=investigacion#038;t%5B0%5D=investigacion",NA,NA,NA,NA,NA,NA,6,6,NA
"Género","Zacatecas","Delitos sexuales #Con Lupa de Género","https://imco.org.mx/resultados/?cs=con%20lupa%20de%20genero&t%5B0%5D=investigacion#038;t%5B0%5D=investigacion",NA,NA,NA,NA,NA,NA,79,89,NA
"Género","Aguascalientes","Desigualdad en trabajo no remunerado (TNR) #Con Lupa de Género","https://imco.org.mx/resultados/?cs=con%20lupa%20de%20genero&t%5B0%5D=investigacion#038;t%5B0%5D=investigacion",NA,NA,NA,NA,NA,7.26e+16,7.54e+16,602,NA
"Género","Baja California","Desigualdad en trabajo no remunerado (TNR) #Con Lupa de Género","https://imco.org.mx/resultados/?cs=con%20lupa%20de%20genero&t%5B0%5D=investigacion#038;t%5B0%5D=investigacion",NA,NA,NA,NA,NA,6.74e+16,65,52,NA
"Género","Baja California Sur","Desigualdad en trabajo no remunerado (TNR) #Con Lupa de Género","https://imco.org.mx/resultados/?cs=con%20lupa%20de%20genero&t%5B0%5D=investigacion#038;t%5B0%5D=investigacion",NA,NA,NA,NA,NA,6.74e+16,6.69e+16,NA,NA
"Género","Campeche","Desigualdad en trabajo no remunerado (TNR) #Con Lupa de Género","https://imco.org.mx/resultados/?cs=con%20lupa%20de%20genero&t%5B0%5D=investigacion#038;t%5B0%5D=investigacion",NA,NA,NA,NA,NA,70,682,513,NA
"Género","Coahuila de Zaragoza","Desigualdad en trabajo no remunerado (TNR) #Con Lupa de Género","https://imco.org.mx/resultados/?cs=con%20lupa%20de%20genero&t%5B0%5D=investigacion#038;t%5B0%5D=investigacion",NA,NA,NA,NA,NA,6.91e+16,667,565,NA
"Género","Colima","Desigualdad en trabajo no remunerado (TNR) #Con Lupa de Género","https://imco.org.mx/resultados/?cs=con%20lupa%20de%20genero&t%5B0%5D=investigacion#038;t%5B0%5D=investigacion",NA,NA,NA,NA,NA,697,6.84e+16,577,NA
"Género","Chiapas","Desigualdad en trabajo no remunerado (TNR) #Con Lupa de Género","https://imco.org.mx/resultados/?cs=con%20lupa%20de%20genero&t%5B0%5D=investigacion#038;t%5B0%5D=investigacion",NA,NA,NA,NA,NA,813,7.69e+16,6.69e+16,NA
"Género","Chihuahua","Desigualdad en trabajo no remunerado (TNR) #Con Lupa de Género","https://imco.org.mx/resultados/?cs=con%20lupa%20de%20genero&t%5B0%5D=investigacion#038;t%5B0%5D=investigacion",NA,NA,NA,NA,NA,6.81e+16,6.71e+16,565,NA
"Género","Ciudad de México","Desigualdad en trabajo no remunerado (TNR) #Con Lupa de Género","https://imco.org.mx/resultados/?cs=con%20lupa%20de%20genero&t%5B0%5D=investigacion#038;t%5B0%5D=investigacion",NA,NA,NA,NA,NA,639,662,491,NA
"Género","Durango","Desigualdad en trabajo no remunerado (TNR) #Con Lupa de Género","https://imco.org.mx/resultados/?cs=con%20lupa%20de%20genero&t%5B0%5D=investigacion#038;t%5B0%5D=investigacion",NA,NA,NA,NA,NA,715,6.91e+16,594,NA
"Género","Guanajuato","Desigualdad en trabajo no remunerado (TNR) #Con Lupa de Género","https://imco.org.mx/resultados/?cs=con%20lupa%20de%20genero&t%5B0%5D=investigacion#038;t%5B0%5D=investigacion",NA,NA,NA,NA,NA,793,7.94e+16,619,NA
"Género","Guerrero","Desigualdad en trabajo no remunerado (TNR) #Con Lupa de Género","https://imco.org.mx/resultados/?cs=con%20lupa%20de%20genero&t%5B0%5D=investigacion#038;t%5B0%5D=investigacion",NA,NA,NA,NA,NA,722,713,635,NA
"Género","Hidalgo","Desigualdad en trabajo no remunerado (TNR) #Con Lupa de Género","https://imco.org.mx/resultados/?cs=con%20lupa%20de%20genero&t%5B0%5D=investigacion#038;t%5B0%5D=investigacion",NA,NA,NA,NA,NA,7.01e+16,7.06e+16,572,NA
"Género","Jalisco","Desigualdad en trabajo no remunerado (TNR) #Con Lupa de Género","https://imco.org.mx/resultados/?cs=con%20lupa%20de%20genero&t%5B0%5D=investigacion#038;t%5B0%5D=investigacion",NA,NA,NA,NA,NA,75,7.49e+16,545,NA
"Género","México","Desigualdad en trabajo no remunerado (TNR) #Con Lupa de Género","https://imco.org.mx/resultados/?cs=con%20lupa%20de%20genero&t%5B0%5D=investigacion#038;t%5B0%5D=investigacion",NA,NA,NA,NA,NA,715,732,605,NA
"Género","Michoacán de Ocampo","Desigualdad en trabajo no remunerado (TNR) #Con Lupa de Género","https://imco.org.mx/resultados/?cs=con%20lupa%20de%20genero&t%5B0%5D=investigacion#038;t%5B0%5D=investigacion",NA,NA,NA,NA,NA,763,793,609,NA
"Género","Morelos","Desigualdad en trabajo no remunerado (TNR) #Con Lupa de Género","https://imco.org.mx/resultados/?cs=con%20lupa%20de%20genero&t%5B0%5D=investigacion#038;t%5B0%5D=investigacion",NA,NA,NA,NA,NA,6.84e+16,713,569,NA
"Género","Nayarit","Desigualdad en trabajo no remunerado (TNR) #Con Lupa de Género","https://imco.org.mx/resultados/?cs=con%20lupa%20de%20genero&t%5B0%5D=investigacion#038;t%5B0%5D=investigacion",NA,NA,NA,NA,NA,7.09e+16,7.09e+16,6.49e+16,NA
"Género","Nuevo León","Desigualdad en trabajo no remunerado (TNR) #Con Lupa de Género","https://imco.org.mx/resultados/?cs=con%20lupa%20de%20genero&t%5B0%5D=investigacion#038;t%5B0%5D=investigacion",NA,NA,NA,NA,NA,7.19e+16,722,554,NA
"Género","Oaxaca","Desigualdad en trabajo no remunerado (TNR) #Con Lupa de Género","https://imco.org.mx/resultados/?cs=con%20lupa%20de%20genero&t%5B0%5D=investigacion#038;t%5B0%5D=investigacion",NA,NA,NA,NA,NA,733,7.06e+16,596,NA
"Género","Puebla","Desigualdad en trabajo no remunerado (TNR) #Con Lupa de Género","https://imco.org.mx/resultados/?cs=con%20lupa%20de%20genero&t%5B0%5D=investigacion#038;t%5B0%5D=investigacion",NA,NA,NA,NA,NA,7.26e+16,7.54e+16,687,NA
"Género","Querétaro","Desigualdad en trabajo no remunerado (TNR) #Con Lupa de Género","https://imco.org.mx/resultados/?cs=con%20lupa%20de%20genero&t%5B0%5D=investigacion#038;t%5B0%5D=investigacion",NA,NA,NA,NA,NA,78,82,60,NA
"Género","Quintana Roo","Desigualdad en trabajo no remunerado (TNR) #Con Lupa de Género","https://imco.org.mx/resultados/?cs=con%20lupa%20de%20genero&t%5B0%5D=investigacion#038;t%5B0%5D=investigacion",NA,NA,NA,NA,NA,725,7.29e+16,598,NA
"Género","San Luis Potosí","Desigualdad en trabajo no remunerado (TNR) #Con Lupa de Género","https://imco.org.mx/resultados/?cs=con%20lupa%20de%20genero&t%5B0%5D=investigacion#038;t%5B0%5D=investigacion",NA,NA,NA,NA,NA,738,7.44e+16,606,NA
"Género","Sinaloa","Desigualdad en trabajo no remunerado (TNR) #Con Lupa de Género","https://imco.org.mx/resultados/?cs=con%20lupa%20de%20genero&t%5B0%5D=investigacion#038;t%5B0%5D=investigacion",NA,NA,NA,NA,NA,7.51e+16,757,6.59e+16,NA
"Género","Sonora","Desigualdad en trabajo no remunerado (TNR) #Con Lupa de Género","https://imco.org.mx/resultados/?cs=con%20lupa%20de%20genero&t%5B0%5D=investigacion#038;t%5B0%5D=investigacion",NA,NA,NA,NA,NA,695,70,533,NA
"Género","Tabasco","Desigualdad en trabajo no remunerado (TNR) #Con Lupa de Género","https://imco.org.mx/resultados/?cs=con%20lupa%20de%20genero&t%5B0%5D=investigacion#038;t%5B0%5D=investigacion",NA,NA,NA,NA,NA,685,6.86e+16,589,NA
"Género","Tamaulipas","Desigualdad en trabajo no remunerado (TNR) #Con Lupa de Género","https://imco.org.mx/resultados/?cs=con%20lupa%20de%20genero&t%5B0%5D=investigacion#038;t%5B0%5D=investigacion",NA,NA,NA,NA,NA,668,6.69e+16,545,NA
"Género","Tlaxcala","Desigualdad en trabajo no remunerado (TNR) #Con Lupa de Género","https://imco.org.mx/resultados/?cs=con%20lupa%20de%20genero&t%5B0%5D=investigacion#038;t%5B0%5D=investigacion",NA,NA,NA,NA,NA,7.36e+16,735,575,NA
"Género","Veracruz de Ignacio de la Llave","Desigualdad en trabajo no remunerado (TNR) #Con Lupa de Género","https://imco.org.mx/resultados/?cs=con%20lupa%20de%20genero&t%5B0%5D=investigacion#038;t%5B0%5D=investigacion",NA,NA,NA,NA,NA,7.61e+16,788,6.56e+16,NA
"Género","Yucatán","Desigualdad en trabajo no remunerado (TNR) #Con Lupa de Género","https://imco.org.mx/resultados/?cs=con%20lupa%20de%20genero&t%5B0%5D=investigacion#038;t%5B0%5D=investigacion",NA,NA,NA,NA,NA,6.44e+16,70,465,NA
"Género","Zacatecas","Desigualdad en trabajo no remunerado (TNR) #Con Lupa de Género","https://imco.org.mx/resultados/?cs=con%20lupa%20de%20genero&t%5B0%5D=investigacion#038;t%5B0%5D=investigacion",NA,NA,NA,NA,NA,762,7.39e+16,665,NA
"Género","Aguascalientes","Embarazo Adolescente #Con Lupa de Género (Porcentaje)","https://imco.org.mx/resultados/?cs=con%20lupa%20de%20genero&t%5B0%5D=investigacion#038;t%5B0%5D=investigacion",NA,NA,NA,NA,NA,155,16,158,NA
"Género","Baja California","Embarazo Adolescente #Con Lupa de Género (Porcentaje)","https://imco.org.mx/resultados/?cs=con%20lupa%20de%20genero&t%5B0%5D=investigacion#038;t%5B0%5D=investigacion",NA,NA,NA,NA,NA,128,133,131,NA
"Género","Baja California Sur","Embarazo Adolescente #Con Lupa de Género (Porcentaje)","https://imco.org.mx/resultados/?cs=con%20lupa%20de%20genero&t%5B0%5D=investigacion#038;t%5B0%5D=investigacion",NA,NA,NA,NA,NA,128,132,126,NA
"Género","Campeche","Embarazo Adolescente #Con Lupa de Género (Porcentaje)","https://imco.org.mx/resultados/?cs=con%20lupa%20de%20genero&t%5B0%5D=investigacion#038;t%5B0%5D=investigacion",NA,NA,NA,NA,NA,131,136,141,NA
"Género","Coahuila de Zaragoza","Embarazo Adolescente #Con Lupa de Género (Porcentaje)","https://imco.org.mx/resultados/?cs=con%20lupa%20de%20genero&t%5B0%5D=investigacion#038;t%5B0%5D=investigacion",NA,NA,NA,NA,NA,172,1.66e+16,152,NA
"Género","Colima","Embarazo Adolescente #Con Lupa de Género (Porcentaje)","https://imco.org.mx/resultados/?cs=con%20lupa%20de%20genero&t%5B0%5D=investigacion#038;t%5B0%5D=investigacion",NA,NA,NA,NA,NA,149,136,133,NA
"Género","Chiapas","Embarazo Adolescente #Con Lupa de Género (Porcentaje)","https://imco.org.mx/resultados/?cs=con%20lupa%20de%20genero&t%5B0%5D=investigacion#038;t%5B0%5D=investigacion",NA,NA,NA,NA,NA,1.71e+16,1.74e+16,18,NA
"Género","Chihuahua","Embarazo Adolescente #Con Lupa de Género (Porcentaje)","https://imco.org.mx/resultados/?cs=con%20lupa%20de%20genero&t%5B0%5D=investigacion#038;t%5B0%5D=investigacion",NA,NA,NA,NA,NA,1.76e+16,182,1.76e+16,NA
"Género","Ciudad de México","Embarazo Adolescente #Con Lupa de Género (Porcentaje)","https://imco.org.mx/resultados/?cs=con%20lupa%20de%20genero&t%5B0%5D=investigacion#038;t%5B0%5D=investigacion",NA,NA,NA,NA,NA,9.7e+16,106,105,NA
"Género","Durango","Embarazo Adolescente #Con Lupa de Género (Porcentaje)","https://imco.org.mx/resultados/?cs=con%20lupa%20de%20genero&t%5B0%5D=investigacion#038;t%5B0%5D=investigacion",NA,NA,NA,NA,NA,172,1.76e+16,1.64e+16,NA
"Género","Guanajuato","Embarazo Adolescente #Con Lupa de Género (Porcentaje)","https://imco.org.mx/resultados/?cs=con%20lupa%20de%20genero&t%5B0%5D=investigacion#038;t%5B0%5D=investigacion",NA,NA,NA,NA,NA,14,159,15,NA
"Género","Guerrero","Embarazo Adolescente #Con Lupa de Género (Porcentaje)","https://imco.org.mx/resultados/?cs=con%20lupa%20de%20genero&t%5B0%5D=investigacion#038;t%5B0%5D=investigacion",NA,NA,NA,NA,NA,182,18,182,NA
"Género","Hidalgo","Embarazo Adolescente #Con Lupa de Género (Porcentaje)","https://imco.org.mx/resultados/?cs=con%20lupa%20de%20genero&t%5B0%5D=investigacion#038;t%5B0%5D=investigacion",NA,NA,NA,NA,NA,16,151,145,NA
"Género","Jalisco","Embarazo Adolescente #Con Lupa de Género (Porcentaje)","https://imco.org.mx/resultados/?cs=con%20lupa%20de%20genero&t%5B0%5D=investigacion#038;t%5B0%5D=investigacion",NA,NA,NA,NA,NA,136,14,139,NA
"Género","México","Embarazo Adolescente #Con Lupa de Género (Porcentaje)","https://imco.org.mx/resultados/?cs=con%20lupa%20de%20genero&t%5B0%5D=investigacion#038;t%5B0%5D=investigacion",NA,NA,NA,NA,NA,15,15,151,NA
"Género","Michoacán de Ocampo","Embarazo Adolescente #Con Lupa de Género (Porcentaje)","https://imco.org.mx/resultados/?cs=con%20lupa%20de%20genero&t%5B0%5D=investigacion#038;t%5B0%5D=investigacion",NA,NA,NA,NA,NA,158,158,159,NA
"Género","Morelos","Embarazo Adolescente #Con Lupa de Género (Porcentaje)","https://imco.org.mx/resultados/?cs=con%20lupa%20de%20genero&t%5B0%5D=investigacion#038;t%5B0%5D=investigacion",NA,NA,NA,NA,NA,15,149,148,NA
"Género","Nayarit","Embarazo Adolescente #Con Lupa de Género (Porcentaje)","https://imco.org.mx/resultados/?cs=con%20lupa%20de%20genero&t%5B0%5D=investigacion#038;t%5B0%5D=investigacion",NA,NA,NA,NA,NA,17,156,1.61e+16,NA
"Género","Nuevo León","Embarazo Adolescente #Con Lupa de Género (Porcentaje)","https://imco.org.mx/resultados/?cs=con%20lupa%20de%20genero&t%5B0%5D=investigacion#038;t%5B0%5D=investigacion",NA,NA,NA,NA,NA,129,127,124,NA
"Género","Oaxaca","Embarazo Adolescente #Con Lupa de Género (Porcentaje)","https://imco.org.mx/resultados/?cs=con%20lupa%20de%20genero&t%5B0%5D=investigacion#038;t%5B0%5D=investigacion",NA,NA,NA,NA,NA,146,16,159,NA
"Género","Puebla","Embarazo Adolescente #Con Lupa de Género (Porcentaje)","https://imco.org.mx/resultados/?cs=con%20lupa%20de%20genero&t%5B0%5D=investigacion#038;t%5B0%5D=investigacion",NA,NA,NA,NA,NA,173,175,1.69e+16,NA
"Género","Querétaro","Embarazo Adolescente #Con Lupa de Género (Porcentaje)","https://imco.org.mx/resultados/?cs=con%20lupa%20de%20genero&t%5B0%5D=investigacion#038;t%5B0%5D=investigacion",NA,NA,NA,NA,NA,128,127,121,NA
"Género","Quintana Roo","Embarazo Adolescente #Con Lupa de Género (Porcentaje)","https://imco.org.mx/resultados/?cs=con%20lupa%20de%20genero&t%5B0%5D=investigacion#038;t%5B0%5D=investigacion",NA,NA,NA,NA,NA,122,136,131,NA
"Género","San Luis Potosí","Embarazo Adolescente #Con Lupa de Género (Porcentaje)","https://imco.org.mx/resultados/?cs=con%20lupa%20de%20genero&t%5B0%5D=investigacion#038;t%5B0%5D=investigacion",NA,NA,NA,NA,NA,146,148,141,NA
"Género","Sinaloa","Embarazo Adolescente #Con Lupa de Género (Porcentaje)","https://imco.org.mx/resultados/?cs=con%20lupa%20de%20genero&t%5B0%5D=investigacion#038;t%5B0%5D=investigacion",NA,NA,NA,NA,NA,143,148,143,NA
"Género","Sonora","Embarazo Adolescente #Con Lupa de Género (Porcentaje)","https://imco.org.mx/resultados/?cs=con%20lupa%20de%20genero&t%5B0%5D=investigacion#038;t%5B0%5D=investigacion",NA,NA,NA,NA,NA,142,145,146,NA
"Género","Tabasco","Embarazo Adolescente #Con Lupa de Género (Porcentaje)","https://imco.org.mx/resultados/?cs=con%20lupa%20de%20genero&t%5B0%5D=investigacion#038;t%5B0%5D=investigacion",NA,NA,NA,NA,NA,162,16,167,NA
"Género","Tamaulipas","Embarazo Adolescente #Con Lupa de Género (Porcentaje)","https://imco.org.mx/resultados/?cs=con%20lupa%20de%20genero&t%5B0%5D=investigacion#038;t%5B0%5D=investigacion",NA,NA,NA,NA,NA,138,137,134,NA
"Género","Tlaxcala","Embarazo Adolescente #Con Lupa de Género (Porcentaje)","https://imco.org.mx/resultados/?cs=con%20lupa%20de%20genero&t%5B0%5D=investigacion#038;t%5B0%5D=investigacion",NA,NA,NA,NA,NA,173,17,158,NA
"Género","Veracruz de Ignacio de la Llave","Embarazo Adolescente #Con Lupa de Género (Porcentaje)","https://imco.org.mx/resultados/?cs=con%20lupa%20de%20genero&t%5B0%5D=investigacion#038;t%5B0%5D=investigacion",NA,NA,NA,NA,NA,1.64e+16,1.69e+16,167,NA
"Género","Yucatán","Embarazo Adolescente #Con Lupa de Género (Porcentaje)","https://imco.org.mx/resultados/?cs=con%20lupa%20de%20genero&t%5B0%5D=investigacion#038;t%5B0%5D=investigacion",NA,NA,NA,NA,NA,144,143,465,NA
"Género","Zacatecas","Embarazo Adolescente #Con Lupa de Género (Porcentaje)","https://imco.org.mx/resultados/?cs=con%20lupa%20de%20genero&t%5B0%5D=investigacion#038;t%5B0%5D=investigacion",NA,NA,NA,NA,NA,157,157,143,NA
"Género","Aguascalientes","Homicidios dolosos de mujeres y feminicidios #Con Lupa de Género","https://imco.org.mx/resultados/?cs=con%20lupa%20de%20genero&t%5B0%5D=investigacion#038;t%5B0%5D=investigacion",NA,NA,NA,NA,NA,NA,35,14,NA
"Género","Baja California","Homicidios dolosos de mujeres y feminicidios #Con Lupa de Género","https://imco.org.mx/resultados/?cs=con%20lupa%20de%20genero&t%5B0%5D=investigacion#038;t%5B0%5D=investigacion",NA,NA,NA,NA,NA,NA,173,137,NA
"Género","Campeche","Homicidios dolosos de mujeres y feminicidios #Con Lupa de Género","https://imco.org.mx/resultados/?cs=con%20lupa%20de%20genero&t%5B0%5D=investigacion#038;t%5B0%5D=investigacion",NA,NA,NA,NA,NA,NA,4.4e+16,33,NA
"Género","Coahuila de Zaragoza","Homicidios dolosos de mujeres y feminicidios #Con Lupa de Género","https://imco.org.mx/resultados/?cs=con%20lupa%20de%20genero&t%5B0%5D=investigacion#038;t%5B0%5D=investigacion",NA,NA,NA,NA,NA,NA,33,8,NA
"Género","Colima","Homicidios dolosos de mujeres y feminicidios #Con Lupa de Género","https://imco.org.mx/resultados/?cs=con%20lupa%20de%20genero&t%5B0%5D=investigacion#038;t%5B0%5D=investigacion",NA,NA,NA,NA,NA,NA,308,345,NA
"Género","Chiapas","Homicidios dolosos de mujeres y feminicidios #Con Lupa de Género","https://imco.org.mx/resultados/?cs=con%20lupa%20de%20genero&t%5B0%5D=investigacion#038;t%5B0%5D=investigacion",NA,NA,NA,NA,NA,NA,36,2,NA
"Género","Chihuahua","Homicidios dolosos de mujeres y feminicidios #Con Lupa de Género","https://imco.org.mx/resultados/?cs=con%20lupa%20de%20genero&t%5B0%5D=investigacion#038;t%5B0%5D=investigacion",NA,NA,NA,NA,NA,NA,137,129,NA
"Género","Ciudad de México","Homicidios dolosos de mujeres y feminicidios #Con Lupa de Género","https://imco.org.mx/resultados/?cs=con%20lupa%20de%20genero&t%5B0%5D=investigacion#038;t%5B0%5D=investigacion",NA,NA,NA,NA,NA,NA,4.6e+16,27,NA
"Género","Durango","Homicidios dolosos de mujeres y feminicidios #Con Lupa de Género","https://imco.org.mx/resultados/?cs=con%20lupa%20de%20genero&t%5B0%5D=investigacion#038;t%5B0%5D=investigacion",NA,NA,NA,NA,NA,NA,43,17,NA
"Género","Guanajuato","Homicidios dolosos de mujeres y feminicidios #Con Lupa de Género","https://imco.org.mx/resultados/?cs=con%20lupa%20de%20genero&t%5B0%5D=investigacion#038;t%5B0%5D=investigacion",NA,NA,NA,NA,NA,NA,14,123,NA
"Género","Guerrero","Homicidios dolosos de mujeres y feminicidios #Con Lupa de Género","https://imco.org.mx/resultados/?cs=con%20lupa%20de%20genero&t%5B0%5D=investigacion#038;t%5B0%5D=investigacion",NA,NA,NA,NA,NA,NA,74,8.3e+16,NA
"Género","Hidalgo","Homicidios dolosos de mujeres y feminicidios #Con Lupa de Género","https://imco.org.mx/resultados/?cs=con%20lupa%20de%20genero&t%5B0%5D=investigacion#038;t%5B0%5D=investigacion",NA,NA,NA,NA,NA,NA,43,2.3e+16,NA
"Género","Jalisco","Homicidios dolosos de mujeres y feminicidios #Con Lupa de Género","https://imco.org.mx/resultados/?cs=con%20lupa%20de%20genero&t%5B0%5D=investigacion#038;t%5B0%5D=investigacion",NA,NA,NA,NA,NA,NA,58,42,NA
"Género","México","Homicidios dolosos de mujeres y feminicidios #Con Lupa de Género","https://imco.org.mx/resultados/?cs=con%20lupa%20de%20genero&t%5B0%5D=investigacion#038;t%5B0%5D=investigacion",NA,NA,NA,NA,NA,NA,6,4.1e+16,NA
"Género","Michoacán de Ocampo","Homicidios dolosos de mujeres y feminicidios #Con Lupa de Género","https://imco.org.mx/resultados/?cs=con%20lupa%20de%20genero&t%5B0%5D=investigacion#038;t%5B0%5D=investigacion",NA,NA,NA,NA,NA,NA,127,69,NA
"Género","Morelos","Homicidios dolosos de mujeres y feminicidios #Con Lupa de Género","https://imco.org.mx/resultados/?cs=con%20lupa%20de%20genero&t%5B0%5D=investigacion#038;t%5B0%5D=investigacion",NA,NA,NA,NA,NA,NA,151,152,NA
"Género","Nayarit","Homicidios dolosos de mujeres y feminicidios #Con Lupa de Género","https://imco.org.mx/resultados/?cs=con%20lupa%20de%20genero&t%5B0%5D=investigacion#038;t%5B0%5D=investigacion",NA,NA,NA,NA,NA,NA,2.3e+16,26,NA
"Género","Nuevo León","Homicidios dolosos de mujeres y feminicidios #Con Lupa de Género","https://imco.org.mx/resultados/?cs=con%20lupa%20de%20genero&t%5B0%5D=investigacion#038;t%5B0%5D=investigacion",NA,NA,NA,NA,NA,NA,9,52,NA
"Género","Oaxaca","Homicidios dolosos de mujeres y feminicidios #Con Lupa de Género","https://imco.org.mx/resultados/?cs=con%20lupa%20de%20genero&t%5B0%5D=investigacion#038;t%5B0%5D=investigacion",NA,NA,NA,NA,NA,NA,10,48,NA
"Género","Puebla","Homicidios dolosos de mujeres y feminicidios #Con Lupa de Género","https://imco.org.mx/resultados/?cs=con%20lupa%20de%20genero&t%5B0%5D=investigacion#038;t%5B0%5D=investigacion",NA,NA,NA,NA,NA,NA,4.6e+16,3,NA
"Género","Querétaro","Homicidios dolosos de mujeres y feminicidios #Con Lupa de Género","https://imco.org.mx/resultados/?cs=con%20lupa%20de%20genero&t%5B0%5D=investigacion#038;t%5B0%5D=investigacion",NA,NA,NA,NA,NA,NA,29,21,NA
"Género","Quintana Roo","Homicidios dolosos de mujeres y feminicidios #Con Lupa de Género","https://imco.org.mx/resultados/?cs=con%20lupa%20de%20genero&t%5B0%5D=investigacion#038;t%5B0%5D=investigacion",NA,NA,NA,NA,NA,NA,8.2e+16,77,NA
"Género","San Luis Potosí","Homicidios dolosos de mujeres y feminicidios #Con Lupa de Género","https://imco.org.mx/resultados/?cs=con%20lupa%20de%20genero&t%5B0%5D=investigacion#038;t%5B0%5D=investigacion",NA,NA,NA,NA,NA,NA,43,33,NA
"Género","Sinaloa","Homicidios dolosos de mujeres y feminicidios #Con Lupa de Género","https://imco.org.mx/resultados/?cs=con%20lupa%20de%20genero&t%5B0%5D=investigacion#038;t%5B0%5D=investigacion",NA,NA,NA,NA,NA,NA,33,2.3e+16,NA
"Género","Sonora","Homicidios dolosos de mujeres y feminicidios #Con Lupa de Género","https://imco.org.mx/resultados/?cs=con%20lupa%20de%20genero&t%5B0%5D=investigacion#038;t%5B0%5D=investigacion",NA,NA,NA,NA,NA,NA,106,85,NA
"Género","Tabasco","Homicidios dolosos de mujeres y feminicidios #Con Lupa de Género","https://imco.org.mx/resultados/?cs=con%20lupa%20de%20genero&t%5B0%5D=investigacion#038;t%5B0%5D=investigacion",NA,NA,NA,NA,NA,NA,4.6e+16,2.2e+16,NA
"Género","Tamaulipas","Homicidios dolosos de mujeres y feminicidios #Con Lupa de Género","https://imco.org.mx/resultados/?cs=con%20lupa%20de%20genero&t%5B0%5D=investigacion#038;t%5B0%5D=investigacion",NA,NA,NA,NA,NA,NA,4.4e+16,31,NA
"Género","Tlaxcala","Homicidios dolosos de mujeres y feminicidios #Con Lupa de Género","https://imco.org.mx/resultados/?cs=con%20lupa%20de%20genero&t%5B0%5D=investigacion#038;t%5B0%5D=investigacion",NA,NA,NA,NA,NA,NA,21,2.2e+16,NA
"Género","Veracruz de Ignacio de la Llave","Homicidios dolosos de mujeres y feminicidios #Con Lupa de Género","https://imco.org.mx/resultados/?cs=con%20lupa%20de%20genero&t%5B0%5D=investigacion#038;t%5B0%5D=investigacion",NA,NA,NA,NA,NA,NA,4.9e+16,26,NA
"Género","Yucatán","Homicidios dolosos de mujeres y feminicidios #Con Lupa de Género","https://imco.org.mx/resultados/?cs=con%20lupa%20de%20genero&t%5B0%5D=investigacion#038;t%5B0%5D=investigacion",NA,NA,NA,NA,NA,NA,12,9,NA
"Género","Zacatecas","Homicidios dolosos de mujeres y feminicidios #Con Lupa de Género","https://imco.org.mx/resultados/?cs=con%20lupa%20de%20genero&t%5B0%5D=investigacion#038;t%5B0%5D=investigacion",NA,NA,NA,NA,NA,NA,185,113,NA
"Género","Aguascalientes","Igualdad laboral y no discriminación #Con Lupa de Género (Porcentaje)","https://imco.org.mx/resultados/?cs=con%20lupa%20de%20genero&t%5B0%5D=investigacion#038;t%5B0%5D=investigacion",NA,NA,NA,NA,NA,5,5.6e+16,NA,NA
"Género","Baja California","Igualdad laboral y no discriminación #Con Lupa de Género (Porcentaje)","https://imco.org.mx/resultados/?cs=con%20lupa%20de%20genero&t%5B0%5D=investigacion#038;t%5B0%5D=investigacion",NA,NA,NA,NA,NA,5,1,NA,NA
"Género","Baja California Sur","Igualdad laboral y no discriminación #Con Lupa de Género (Porcentaje)","https://imco.org.mx/resultados/?cs=con%20lupa%20de%20genero&t%5B0%5D=investigacion#038;t%5B0%5D=investigacion",NA,NA,NA,NA,NA,5,0,NA,NA
"Género","Campeche","Igualdad laboral y no discriminación #Con Lupa de Género (Porcentaje)","https://imco.org.mx/resultados/?cs=con%20lupa%20de%20genero&t%5B0%5D=investigacion#038;t%5B0%5D=investigacion",NA,NA,NA,NA,NA,1,9,NA,NA
"Género","Coahuila de Zaragoza","Igualdad laboral y no discriminación #Con Lupa de Género (Porcentaje)","https://imco.org.mx/resultados/?cs=con%20lupa%20de%20genero&t%5B0%5D=investigacion#038;t%5B0%5D=investigacion",NA,NA,NA,NA,NA,5,8,NA,NA
"Género","Colima","Igualdad laboral y no discriminación #Con Lupa de Género (Porcentaje)","https://imco.org.mx/resultados/?cs=con%20lupa%20de%20genero&t%5B0%5D=investigacion#038;t%5B0%5D=investigacion",NA,NA,NA,NA,NA,4,0,NA,NA
"Género","Chiapas","Igualdad laboral y no discriminación #Con Lupa de Género (Porcentaje)","https://imco.org.mx/resultados/?cs=con%20lupa%20de%20genero&t%5B0%5D=investigacion#038;t%5B0%5D=investigacion",NA,NA,NA,NA,NA,6,7e+14,NA,NA
"Género","Chihuahua","Igualdad laboral y no discriminación #Con Lupa de Género (Porcentaje)","https://imco.org.mx/resultados/?cs=con%20lupa%20de%20genero&t%5B0%5D=investigacion#038;t%5B0%5D=investigacion",NA,NA,NA,NA,NA,42,27,NA,NA
"Género","Ciudad de México","Igualdad laboral y no discriminación #Con Lupa de Género (Porcentaje)","https://imco.org.mx/resultados/?cs=con%20lupa%20de%20genero&t%5B0%5D=investigacion#038;t%5B0%5D=investigacion",NA,NA,NA,NA,NA,1632,924,NA,NA
"Género","Durango","Igualdad laboral y no discriminación #Con Lupa de Género (Porcentaje)","https://imco.org.mx/resultados/?cs=con%20lupa%20de%20genero&t%5B0%5D=investigacion#038;t%5B0%5D=investigacion",NA,NA,NA,NA,NA,1,1,NA,NA
"Género","Guanajuato","Igualdad laboral y no discriminación #Con Lupa de Género (Porcentaje)","https://imco.org.mx/resultados/?cs=con%20lupa%20de%20genero&t%5B0%5D=investigacion#038;t%5B0%5D=investigacion",NA,NA,NA,NA,NA,215,1.11e+16,NA,NA
"Género","Guerrero","Igualdad laboral y no discriminación #Con Lupa de Género (Porcentaje)","https://imco.org.mx/resultados/?cs=con%20lupa%20de%20genero&t%5B0%5D=investigacion#038;t%5B0%5D=investigacion",NA,NA,NA,NA,NA,1,1,NA,NA
"Género","Hidalgo","Igualdad laboral y no discriminación #Con Lupa de Género (Porcentaje)","https://imco.org.mx/resultados/?cs=con%20lupa%20de%20genero&t%5B0%5D=investigacion#038;t%5B0%5D=investigacion",NA,NA,NA,NA,NA,22,19,NA,NA
"Género","Jalisco","Igualdad laboral y no discriminación #Con Lupa de Género (Porcentaje)","https://imco.org.mx/resultados/?cs=con%20lupa%20de%20genero&t%5B0%5D=investigacion#038;t%5B0%5D=investigacion",NA,NA,NA,NA,NA,15,4,NA,NA
"Género","México","Igualdad laboral y no discriminación #Con Lupa de Género (Porcentaje)","https://imco.org.mx/resultados/?cs=con%20lupa%20de%20genero&t%5B0%5D=investigacion#038;t%5B0%5D=investigacion",NA,NA,NA,NA,NA,52,24,NA,NA
"Género","Michoacán de Ocampo","Igualdad laboral y no discriminación #Con Lupa de Género (Porcentaje)","https://imco.org.mx/resultados/?cs=con%20lupa%20de%20genero&t%5B0%5D=investigacion#038;t%5B0%5D=investigacion",NA,NA,NA,NA,NA,6,5,NA,NA
"Género","Morelos","Igualdad laboral y no discriminación #Con Lupa de Género (Porcentaje)","https://imco.org.mx/resultados/?cs=con%20lupa%20de%20genero&t%5B0%5D=investigacion#038;t%5B0%5D=investigacion",NA,NA,NA,NA,NA,33,2.8e+16,NA,NA
"Género","Nayarit","Igualdad laboral y no discriminación #Con Lupa de Género (Porcentaje)","https://imco.org.mx/resultados/?cs=con%20lupa%20de%20genero&t%5B0%5D=investigacion#038;t%5B0%5D=investigacion",NA,NA,NA,NA,NA,3,3,NA,NA
"Género","Nuevo León","Igualdad laboral y no discriminación #Con Lupa de Género (Porcentaje)","https://imco.org.mx/resultados/?cs=con%20lupa%20de%20genero&t%5B0%5D=investigacion#038;t%5B0%5D=investigacion",NA,NA,NA,NA,NA,21,342,NA,NA
"Género","Oaxaca","Igualdad laboral y no discriminación #Con Lupa de Género (Porcentaje)","https://imco.org.mx/resultados/?cs=con%20lupa%20de%20genero&t%5B0%5D=investigacion#038;t%5B0%5D=investigacion",NA,NA,NA,NA,NA,2,1,NA,NA
"Género","Puebla","Igualdad laboral y no discriminación #Con Lupa de Género (Porcentaje)","https://imco.org.mx/resultados/?cs=con%20lupa%20de%20genero&t%5B0%5D=investigacion#038;t%5B0%5D=investigacion",NA,NA,NA,NA,NA,69,54,NA,NA
"Género","Querétaro","Igualdad laboral y no discriminación #Con Lupa de Género (Porcentaje)","https://imco.org.mx/resultados/?cs=con%20lupa%20de%20genero&t%5B0%5D=investigacion#038;t%5B0%5D=investigacion",NA,NA,NA,NA,NA,9,62,NA,NA
"Género","Quintana Roo","Igualdad laboral y no discriminación #Con Lupa de Género (Porcentaje)","https://imco.org.mx/resultados/?cs=con%20lupa%20de%20genero&t%5B0%5D=investigacion#038;t%5B0%5D=investigacion",NA,NA,NA,NA,NA,7e+14,0,NA,NA
"Género","San Luis Potosí","Igualdad laboral y no discriminación #Con Lupa de Género (Porcentaje)","https://imco.org.mx/resultados/?cs=con%20lupa%20de%20genero&t%5B0%5D=investigacion#038;t%5B0%5D=investigacion",NA,NA,NA,NA,NA,37,36,NA,NA
"Género","Sinaloa","Igualdad laboral y no discriminación #Con Lupa de Género (Porcentaje)","https://imco.org.mx/resultados/?cs=con%20lupa%20de%20genero&t%5B0%5D=investigacion#038;t%5B0%5D=investigacion",NA,NA,NA,NA,NA,2,0,NA,NA
"Género","Sonora","Igualdad laboral y no discriminación #Con Lupa de Género (Porcentaje)","https://imco.org.mx/resultados/?cs=con%20lupa%20de%20genero&t%5B0%5D=investigacion#038;t%5B0%5D=investigacion",NA,NA,NA,NA,NA,9,5,NA,NA
"Género","Tabasco","Igualdad laboral y no discriminación #Con Lupa de Género (Porcentaje)","https://imco.org.mx/resultados/?cs=con%20lupa%20de%20genero&t%5B0%5D=investigacion#038;t%5B0%5D=investigacion",NA,NA,NA,NA,NA,4,4,NA,NA
"Género","Tamaulipas","Igualdad laboral y no discriminación #Con Lupa de Género (Porcentaje)","https://imco.org.mx/resultados/?cs=con%20lupa%20de%20genero&t%5B0%5D=investigacion#038;t%5B0%5D=investigacion",NA,NA,NA,NA,NA,24,5,NA,NA
"Género","Tlaxcala","Igualdad laboral y no discriminación #Con Lupa de Género (Porcentaje)","https://imco.org.mx/resultados/?cs=con%20lupa%20de%20genero&t%5B0%5D=investigacion#038;t%5B0%5D=investigacion",NA,NA,NA,NA,NA,6,6,NA,NA
"Género","Veracruz de Ignacio de la Llave","Igualdad laboral y no discriminación #Con Lupa de Género (Porcentaje)","https://imco.org.mx/resultados/?cs=con%20lupa%20de%20genero&t%5B0%5D=investigacion#038;t%5B0%5D=investigacion",NA,NA,NA,NA,NA,8,3,NA,NA
"Género","Yucatán","Igualdad laboral y no discriminación #Con Lupa de Género (Porcentaje)","https://imco.org.mx/resultados/?cs=con%20lupa%20de%20genero&t%5B0%5D=investigacion#038;t%5B0%5D=investigacion",NA,NA,NA,NA,NA,7e+14,2,NA,NA
"Género","Zacatecas","Igualdad laboral y no discriminación #Con Lupa de Género (Porcentaje)","https://imco.org.mx/resultados/?cs=con%20lupa%20de%20genero&t%5B0%5D=investigacion#038;t%5B0%5D=investigacion",NA,NA,NA,NA,NA,2,0,NA,NA
"Género","Aguascalientes","Informalidad #Con Lupa de Género (Porcentaje)","https://imco.org.mx/resultados/?cs=con%20lupa%20de%20genero&t%5B0%5D=investigacion#038;t%5B0%5D=investigacion",NA,NA,NA,NA,NA,413,424,427,NA
"Género","Baja California","Informalidad #Con Lupa de Género (Porcentaje)","https://imco.org.mx/resultados/?cs=con%20lupa%20de%20genero&t%5B0%5D=investigacion#038;t%5B0%5D=investigacion",NA,NA,NA,NA,NA,3.87e+16,355,355,NA
"Género","Baja California Sur","Informalidad #Con Lupa de Género (Porcentaje)","https://imco.org.mx/resultados/?cs=con%20lupa%20de%20genero&t%5B0%5D=investigacion#038;t%5B0%5D=investigacion",NA,NA,NA,NA,NA,3.87e+16,374,39,NA
"Género","Campeche","Informalidad #Con Lupa de Género (Porcentaje)","https://imco.org.mx/resultados/?cs=con%20lupa%20de%20genero&t%5B0%5D=investigacion#038;t%5B0%5D=investigacion",NA,NA,NA,NA,NA,603,631,613,NA
"Género","Coahuila de Zaragoza","Informalidad #Con Lupa de Género (Porcentaje)","https://imco.org.mx/resultados/?cs=con%20lupa%20de%20genero&t%5B0%5D=investigacion#038;t%5B0%5D=investigacion",NA,NA,NA,NA,NA,381,3.83e+16,355,NA
"Género","Colima","Informalidad #Con Lupa de Género (Porcentaje)","https://imco.org.mx/resultados/?cs=con%20lupa%20de%20genero&t%5B0%5D=investigacion#038;t%5B0%5D=investigacion",NA,NA,NA,NA,NA,499,507,541,NA
"Género","Chiapas","Informalidad #Con Lupa de Género (Porcentaje)","https://imco.org.mx/resultados/?cs=con%20lupa%20de%20genero&t%5B0%5D=investigacion#038;t%5B0%5D=investigacion",NA,NA,NA,NA,NA,69,7.19e+16,712,NA
"Género","Chihuahua","Informalidad #Con Lupa de Género (Porcentaje)","https://imco.org.mx/resultados/?cs=con%20lupa%20de%20genero&t%5B0%5D=investigacion#038;t%5B0%5D=investigacion",NA,NA,NA,NA,NA,3.23e+16,317,313,NA
"Género","Ciudad de México","Informalidad #Con Lupa de Género (Porcentaje)","https://imco.org.mx/resultados/?cs=con%20lupa%20de%20genero&t%5B0%5D=investigacion#038;t%5B0%5D=investigacion",NA,NA,NA,NA,NA,483,48,468,NA
"Género","Durango","Informalidad #Con Lupa de Género (Porcentaje)","https://imco.org.mx/resultados/?cs=con%20lupa%20de%20genero&t%5B0%5D=investigacion#038;t%5B0%5D=investigacion",NA,NA,NA,NA,NA,519,499,502,NA
"Género","Guanajuato","Informalidad #Con Lupa de Género (Porcentaje)","https://imco.org.mx/resultados/?cs=con%20lupa%20de%20genero&t%5B0%5D=investigacion#038;t%5B0%5D=investigacion",NA,NA,NA,NA,NA,567,539,541,NA
"Género","Guerrero","Informalidad #Con Lupa de Género (Porcentaje)","https://imco.org.mx/resultados/?cs=con%20lupa%20de%20genero&t%5B0%5D=investigacion#038;t%5B0%5D=investigacion",NA,NA,NA,NA,NA,747,7.64e+16,7.51e+16,NA
"Género","Hidalgo","Informalidad #Con Lupa de Género (Porcentaje)","https://imco.org.mx/resultados/?cs=con%20lupa%20de%20genero&t%5B0%5D=investigacion#038;t%5B0%5D=investigacion",NA,NA,NA,NA,NA,717,717,723,NA
"Género","Jalisco","Informalidad #Con Lupa de Género (Porcentaje)","https://imco.org.mx/resultados/?cs=con%20lupa%20de%20genero&t%5B0%5D=investigacion#038;t%5B0%5D=investigacion",NA,NA,NA,NA,NA,489,463,509,NA
"Género","México","Informalidad #Con Lupa de Género (Porcentaje)","https://imco.org.mx/resultados/?cs=con%20lupa%20de%20genero&t%5B0%5D=investigacion#038;t%5B0%5D=investigacion",NA,NA,NA,NA,NA,581,564,577,NA
"Género","Michoacán de Ocampo","Informalidad #Con Lupa de Género (Porcentaje)","https://imco.org.mx/resultados/?cs=con%20lupa%20de%20genero&t%5B0%5D=investigacion#038;t%5B0%5D=investigacion",NA,NA,NA,NA,NA,589,6.41e+16,6.41e+16,NA
"Género","Morelos","Informalidad #Con Lupa de Género (Porcentaje)","https://imco.org.mx/resultados/?cs=con%20lupa%20de%20genero&t%5B0%5D=investigacion#038;t%5B0%5D=investigacion",NA,NA,NA,NA,NA,662,629,658,NA
"Género","Nayarit","Informalidad #Con Lupa de Género (Porcentaje)","https://imco.org.mx/resultados/?cs=con%20lupa%20de%20genero&t%5B0%5D=investigacion#038;t%5B0%5D=investigacion",NA,NA,NA,NA,NA,596,564,563,NA
"Género","Nuevo León","Informalidad #Con Lupa de Género (Porcentaje)","https://imco.org.mx/resultados/?cs=con%20lupa%20de%20genero&t%5B0%5D=investigacion#038;t%5B0%5D=investigacion",NA,NA,NA,NA,NA,404,411,409,NA
"Género","Oaxaca","Informalidad #Con Lupa de Género (Porcentaje)","https://imco.org.mx/resultados/?cs=con%20lupa%20de%20genero&t%5B0%5D=investigacion#038;t%5B0%5D=investigacion",NA,NA,NA,NA,NA,782,788,797,NA
"Género","Puebla","Informalidad #Con Lupa de Género (Porcentaje)","https://imco.org.mx/resultados/?cs=con%20lupa%20de%20genero&t%5B0%5D=investigacion#038;t%5B0%5D=investigacion",NA,NA,NA,NA,NA,6.86e+16,6.86e+16,678,NA
"Género","Querétaro","Informalidad #Con Lupa de Género (Porcentaje)","https://imco.org.mx/resultados/?cs=con%20lupa%20de%20genero&t%5B0%5D=investigacion#038;t%5B0%5D=investigacion",NA,NA,NA,NA,NA,44,424,462,NA
"Género","Quintana Roo","Informalidad #Con Lupa de Género (Porcentaje)","https://imco.org.mx/resultados/?cs=con%20lupa%20de%20genero&t%5B0%5D=investigacion#038;t%5B0%5D=investigacion",NA,NA,NA,NA,NA,465,486,491,NA
"Género","San Luis Potosí","Informalidad #Con Lupa de Género (Porcentaje)","https://imco.org.mx/resultados/?cs=con%20lupa%20de%20genero&t%5B0%5D=investigacion#038;t%5B0%5D=investigacion",NA,NA,NA,NA,NA,548,537,536,NA
"Género","Sinaloa","Informalidad #Con Lupa de Género (Porcentaje)","https://imco.org.mx/resultados/?cs=con%20lupa%20de%20genero&t%5B0%5D=investigacion#038;t%5B0%5D=investigacion",NA,NA,NA,NA,NA,471,472,476,NA
"Género","Sonora","Informalidad #Con Lupa de Género (Porcentaje)","https://imco.org.mx/resultados/?cs=con%20lupa%20de%20genero&t%5B0%5D=investigacion#038;t%5B0%5D=investigacion",NA,NA,NA,NA,NA,4.07e+16,411,41,NA
"Género","Tabasco","Informalidad #Con Lupa de Género (Porcentaje)","https://imco.org.mx/resultados/?cs=con%20lupa%20de%20genero&t%5B0%5D=investigacion#038;t%5B0%5D=investigacion",NA,NA,NA,NA,NA,65,673,672,NA
"Género","Tamaulipas","Informalidad #Con Lupa de Género (Porcentaje)","https://imco.org.mx/resultados/?cs=con%20lupa%20de%20genero&t%5B0%5D=investigacion#038;t%5B0%5D=investigacion",NA,NA,NA,NA,NA,461,458,446,NA
"Género","Tlaxcala","Informalidad #Con Lupa de Género (Porcentaje)","https://imco.org.mx/resultados/?cs=con%20lupa%20de%20genero&t%5B0%5D=investigacion#038;t%5B0%5D=investigacion",NA,NA,NA,NA,NA,7.34e+16,71,7.09e+16,NA
"Género","Veracruz de Ignacio de la Llave","Informalidad #Con Lupa de Género (Porcentaje)","https://imco.org.mx/resultados/?cs=con%20lupa%20de%20genero&t%5B0%5D=investigacion#038;t%5B0%5D=investigacion",NA,NA,NA,NA,NA,702,637,648,NA
"Género","Yucatán","Informalidad #Con Lupa de Género (Porcentaje)","https://imco.org.mx/resultados/?cs=con%20lupa%20de%20genero&t%5B0%5D=investigacion#038;t%5B0%5D=investigacion",NA,NA,NA,NA,NA,632,635,639,NA
"Género","Zacatecas","Informalidad #Con Lupa de Género (Porcentaje)","https://imco.org.mx/resultados/?cs=con%20lupa%20de%20genero&t%5B0%5D=investigacion#038;t%5B0%5D=investigacion",NA,NA,NA,NA,NA,543,557,574,NA
"Género","Aguascalientes","Jornada laboral larga #Con Lupa de Género (Porcentaje)","https://imco.org.mx/resultados/?cs=con%20lupa%20de%20genero&t%5B0%5D=investigacion#038;t%5B0%5D=investigacion",NA,NA,NA,NA,NA,19,19,NA,NA
"Género","Baja California","Jornada laboral larga #Con Lupa de Género (Porcentaje)","https://imco.org.mx/resultados/?cs=con%20lupa%20de%20genero&t%5B0%5D=investigacion#038;t%5B0%5D=investigacion",NA,NA,NA,NA,NA,158,188,NA,NA
"Género","Baja California Sur","Jornada laboral larga #Con Lupa de Género (Porcentaje)","https://imco.org.mx/resultados/?cs=con%20lupa%20de%20genero&t%5B0%5D=investigacion#038;t%5B0%5D=investigacion",NA,NA,NA,NA,NA,158,141,NA,NA
"Género","Campeche","Jornada laboral larga #Con Lupa de Género (Porcentaje)","https://imco.org.mx/resultados/?cs=con%20lupa%20de%20genero&t%5B0%5D=investigacion#038;t%5B0%5D=investigacion",NA,NA,NA,NA,NA,1.99e+16,218,NA,NA
"Género","Coahuila de Zaragoza","Jornada laboral larga #Con Lupa de Género (Porcentaje)","https://imco.org.mx/resultados/?cs=con%20lupa%20de%20genero&t%5B0%5D=investigacion#038;t%5B0%5D=investigacion",NA,NA,NA,NA,NA,1.81e+16,16,NA,NA
"Género","Colima","Jornada laboral larga #Con Lupa de Género (Porcentaje)","https://imco.org.mx/resultados/?cs=con%20lupa%20de%20genero&t%5B0%5D=investigacion#038;t%5B0%5D=investigacion",NA,NA,NA,NA,NA,151,144,NA,NA
"Género","Chiapas","Jornada laboral larga #Con Lupa de Género (Porcentaje)","https://imco.org.mx/resultados/?cs=con%20lupa%20de%20genero&t%5B0%5D=investigacion#038;t%5B0%5D=investigacion",NA,NA,NA,NA,NA,254,24,NA,NA
"Género","Chihuahua","Jornada laboral larga #Con Lupa de Género (Porcentaje)","https://imco.org.mx/resultados/?cs=con%20lupa%20de%20genero&t%5B0%5D=investigacion#038;t%5B0%5D=investigacion",NA,NA,NA,NA,NA,126,132,NA,NA
"Género","Ciudad de México","Jornada laboral larga #Con Lupa de Género (Porcentaje)","https://imco.org.mx/resultados/?cs=con%20lupa%20de%20genero&t%5B0%5D=investigacion#038;t%5B0%5D=investigacion",NA,NA,NA,NA,NA,21,215,NA,NA
"Género","Durango","Jornada laboral larga #Con Lupa de Género (Porcentaje)","https://imco.org.mx/resultados/?cs=con%20lupa%20de%20genero&t%5B0%5D=investigacion#038;t%5B0%5D=investigacion",NA,NA,NA,NA,NA,168,151,NA,NA
"Género","Guanajuato","Jornada laboral larga #Con Lupa de Género (Porcentaje)","https://imco.org.mx/resultados/?cs=con%20lupa%20de%20genero&t%5B0%5D=investigacion#038;t%5B0%5D=investigacion",NA,NA,NA,NA,NA,263,262,NA,NA
"Género","Guerrero","Jornada laboral larga #Con Lupa de Género (Porcentaje)","https://imco.org.mx/resultados/?cs=con%20lupa%20de%20genero&t%5B0%5D=investigacion#038;t%5B0%5D=investigacion",NA,NA,NA,NA,NA,216,222,NA,NA
"Género","Hidalgo","Jornada laboral larga #Con Lupa de Género (Porcentaje)","https://imco.org.mx/resultados/?cs=con%20lupa%20de%20genero&t%5B0%5D=investigacion#038;t%5B0%5D=investigacion",NA,NA,NA,NA,NA,217,235,NA,NA
"Género","Jalisco","Jornada laboral larga #Con Lupa de Género (Porcentaje)","https://imco.org.mx/resultados/?cs=con%20lupa%20de%20genero&t%5B0%5D=investigacion#038;t%5B0%5D=investigacion",NA,NA,NA,NA,NA,138,111,NA,NA
"Género","México","Jornada laboral larga #Con Lupa de Género (Porcentaje)","https://imco.org.mx/resultados/?cs=con%20lupa%20de%20genero&t%5B0%5D=investigacion#038;t%5B0%5D=investigacion",NA,NA,NA,NA,NA,193,246,NA,NA
"Género","Michoacán de Ocampo","Jornada laboral larga #Con Lupa de Género (Porcentaje)","https://imco.org.mx/resultados/?cs=con%20lupa%20de%20genero&t%5B0%5D=investigacion#038;t%5B0%5D=investigacion",NA,NA,NA,NA,NA,157,153,NA,NA
"Género","Morelos","Jornada laboral larga #Con Lupa de Género (Porcentaje)","https://imco.org.mx/resultados/?cs=con%20lupa%20de%20genero&t%5B0%5D=investigacion#038;t%5B0%5D=investigacion",NA,NA,NA,NA,NA,202,177,NA,NA
"Género","Nayarit","Jornada laboral larga #Con Lupa de Género (Porcentaje)","https://imco.org.mx/resultados/?cs=con%20lupa%20de%20genero&t%5B0%5D=investigacion#038;t%5B0%5D=investigacion",NA,NA,NA,NA,NA,151,17,NA,NA
"Género","Nuevo León","Jornada laboral larga #Con Lupa de Género (Porcentaje)","https://imco.org.mx/resultados/?cs=con%20lupa%20de%20genero&t%5B0%5D=investigacion#038;t%5B0%5D=investigacion",NA,NA,NA,NA,NA,175,158,NA,NA
"Género","Oaxaca","Jornada laboral larga #Con Lupa de Género (Porcentaje)","https://imco.org.mx/resultados/?cs=con%20lupa%20de%20genero&t%5B0%5D=investigacion#038;t%5B0%5D=investigacion",NA,NA,NA,NA,NA,212,221,NA,NA
"Género","Puebla","Jornada laboral larga #Con Lupa de Género (Porcentaje)","https://imco.org.mx/resultados/?cs=con%20lupa%20de%20genero&t%5B0%5D=investigacion#038;t%5B0%5D=investigacion",NA,NA,NA,NA,NA,226,217,NA,NA
"Género","Querétaro","Jornada laboral larga #Con Lupa de Género (Porcentaje)","https://imco.org.mx/resultados/?cs=con%20lupa%20de%20genero&t%5B0%5D=investigacion#038;t%5B0%5D=investigacion",NA,NA,NA,NA,NA,1.74e+16,1.76e+16,NA,NA
"Género","Quintana Roo","Jornada laboral larga #Con Lupa de Género (Porcentaje)","https://imco.org.mx/resultados/?cs=con%20lupa%20de%20genero&t%5B0%5D=investigacion#038;t%5B0%5D=investigacion",NA,NA,NA,NA,NA,159,1.61e+16,NA,NA
"Género","San Luis Potosí","Jornada laboral larga #Con Lupa de Género (Porcentaje)","https://imco.org.mx/resultados/?cs=con%20lupa%20de%20genero&t%5B0%5D=investigacion#038;t%5B0%5D=investigacion",NA,NA,NA,NA,NA,1.84e+16,144,NA,NA
"Género","Sinaloa","Jornada laboral larga #Con Lupa de Género (Porcentaje)","https://imco.org.mx/resultados/?cs=con%20lupa%20de%20genero&t%5B0%5D=investigacion#038;t%5B0%5D=investigacion",NA,NA,NA,NA,NA,113,119,NA,NA
"Género","Sonora","Jornada laboral larga #Con Lupa de Género (Porcentaje)","https://imco.org.mx/resultados/?cs=con%20lupa%20de%20genero&t%5B0%5D=investigacion#038;t%5B0%5D=investigacion",NA,NA,NA,NA,NA,139,143,NA,NA
"Género","Tabasco","Jornada laboral larga #Con Lupa de Género (Porcentaje)","https://imco.org.mx/resultados/?cs=con%20lupa%20de%20genero&t%5B0%5D=investigacion#038;t%5B0%5D=investigacion",NA,NA,NA,NA,NA,221,222,NA,NA
"Género","Tamaulipas","Jornada laboral larga #Con Lupa de Género (Porcentaje)","https://imco.org.mx/resultados/?cs=con%20lupa%20de%20genero&t%5B0%5D=investigacion#038;t%5B0%5D=investigacion",NA,NA,NA,NA,NA,1.61e+16,1.74e+16,NA,NA
"Género","Tlaxcala","Jornada laboral larga #Con Lupa de Género (Porcentaje)","https://imco.org.mx/resultados/?cs=con%20lupa%20de%20genero&t%5B0%5D=investigacion#038;t%5B0%5D=investigacion",NA,NA,NA,NA,NA,233,247,NA,NA
"Género","Veracruz de Ignacio de la Llave","Jornada laboral larga #Con Lupa de Género (Porcentaje)","https://imco.org.mx/resultados/?cs=con%20lupa%20de%20genero&t%5B0%5D=investigacion#038;t%5B0%5D=investigacion",NA,NA,NA,NA,NA,221,1.96e+16,NA,NA
"Género","Yucatán","Jornada laboral larga #Con Lupa de Género (Porcentaje)","https://imco.org.mx/resultados/?cs=con%20lupa%20de%20genero&t%5B0%5D=investigacion#038;t%5B0%5D=investigacion",NA,NA,NA,NA,NA,17,163,NA,NA
"Género","Zacatecas","Jornada laboral larga #Con Lupa de Género (Porcentaje)","https://imco.org.mx/resultados/?cs=con%20lupa%20de%20genero&t%5B0%5D=investigacion#038;t%5B0%5D=investigacion",NA,NA,NA,NA,NA,20,207,NA,NA
"Género","Aguascalientes","Mujeres Preparadas #Con Lupa de Género (Porcentaje)","https://imco.org.mx/resultados/?cs=con%20lupa%20de%20genero&t%5B0%5D=investigacion#038;t%5B0%5D=investigacion",NA,NA,NA,NA,NA,428,464,497,NA
"Género","Baja California","Mujeres Preparadas #Con Lupa de Género (Porcentaje)","https://imco.org.mx/resultados/?cs=con%20lupa%20de%20genero&t%5B0%5D=investigacion#038;t%5B0%5D=investigacion",NA,NA,NA,NA,NA,534,508,56,NA
"Género","Baja California Sur","Mujeres Preparadas #Con Lupa de Género (Porcentaje)","https://imco.org.mx/resultados/?cs=con%20lupa%20de%20genero&t%5B0%5D=investigacion#038;t%5B0%5D=investigacion",NA,NA,NA,NA,NA,534,53,588,NA
"Género","Campeche","Mujeres Preparadas #Con Lupa de Género (Porcentaje)","https://imco.org.mx/resultados/?cs=con%20lupa%20de%20genero&t%5B0%5D=investigacion#038;t%5B0%5D=investigacion",NA,NA,NA,NA,NA,401,411,48,NA
"Género","Coahuila de Zaragoza","Mujeres Preparadas #Con Lupa de Género (Porcentaje)","https://imco.org.mx/resultados/?cs=con%20lupa%20de%20genero&t%5B0%5D=investigacion#038;t%5B0%5D=investigacion",NA,NA,NA,NA,NA,418,441,518,NA
"Género","Colima","Mujeres Preparadas #Con Lupa de Género (Porcentaje)","https://imco.org.mx/resultados/?cs=con%20lupa%20de%20genero&t%5B0%5D=investigacion#038;t%5B0%5D=investigacion",NA,NA,NA,NA,NA,475,482,54,NA
"Género","Chiapas","Mujeres Preparadas #Con Lupa de Género (Porcentaje)","https://imco.org.mx/resultados/?cs=con%20lupa%20de%20genero&t%5B0%5D=investigacion#038;t%5B0%5D=investigacion",NA,NA,NA,NA,NA,294,283,339,NA
"Género","Chihuahua","Mujeres Preparadas #Con Lupa de Género (Porcentaje)","https://imco.org.mx/resultados/?cs=con%20lupa%20de%20genero&t%5B0%5D=investigacion#038;t%5B0%5D=investigacion",NA,NA,NA,NA,NA,415,441,493,NA
"Género","Ciudad de México","Mujeres Preparadas #Con Lupa de Género (Porcentaje)","https://imco.org.mx/resultados/?cs=con%20lupa%20de%20genero&t%5B0%5D=investigacion#038;t%5B0%5D=investigacion",NA,NA,NA,NA,NA,559,599,192,NA
"Género","Durango","Mujeres Preparadas #Con Lupa de Género (Porcentaje)","https://imco.org.mx/resultados/?cs=con%20lupa%20de%20genero&t%5B0%5D=investigacion#038;t%5B0%5D=investigacion",NA,NA,NA,NA,NA,406,426,476,NA
"Género","Guanajuato","Mujeres Preparadas #Con Lupa de Género (Porcentaje)","https://imco.org.mx/resultados/?cs=con%20lupa%20de%20genero&t%5B0%5D=investigacion#038;t%5B0%5D=investigacion",NA,NA,NA,NA,NA,3.27e+16,3.37e+16,3.93e+16,NA
"Género","Guerrero","Mujeres Preparadas #Con Lupa de Género (Porcentaje)","https://imco.org.mx/resultados/?cs=con%20lupa%20de%20genero&t%5B0%5D=investigacion#038;t%5B0%5D=investigacion",NA,NA,NA,NA,NA,354,304,386,NA
"Género","Hidalgo","Mujeres Preparadas #Con Lupa de Género (Porcentaje)","https://imco.org.mx/resultados/?cs=con%20lupa%20de%20genero&t%5B0%5D=investigacion#038;t%5B0%5D=investigacion",NA,NA,NA,NA,NA,3.52e+16,3.92e+16,437,NA
"Género","Jalisco","Mujeres Preparadas #Con Lupa de Género (Porcentaje)","https://imco.org.mx/resultados/?cs=con%20lupa%20de%20genero&t%5B0%5D=investigacion#038;t%5B0%5D=investigacion",NA,NA,NA,NA,NA,447,442,497,NA
"Género","México","Mujeres Preparadas #Con Lupa de Género (Porcentaje)","https://imco.org.mx/resultados/?cs=con%20lupa%20de%20genero&t%5B0%5D=investigacion#038;t%5B0%5D=investigacion",NA,NA,NA,NA,NA,436,468,517,NA
"Género","Michoacán de Ocampo","Mujeres Preparadas #Con Lupa de Género (Porcentaje)","https://imco.org.mx/resultados/?cs=con%20lupa%20de%20genero&t%5B0%5D=investigacion#038;t%5B0%5D=investigacion",NA,NA,NA,NA,NA,365,335,3.87e+16,NA
"Género","Morelos","Mujeres Preparadas #Con Lupa de Género (Porcentaje)","https://imco.org.mx/resultados/?cs=con%20lupa%20de%20genero&t%5B0%5D=investigacion#038;t%5B0%5D=investigacion",NA,NA,NA,NA,NA,445,441,494,NA
"Género","Nayarit","Mujeres Preparadas #Con Lupa de Género (Porcentaje)","https://imco.org.mx/resultados/?cs=con%20lupa%20de%20genero&t%5B0%5D=investigacion#038;t%5B0%5D=investigacion",NA,NA,NA,NA,NA,447,449,51,NA
"Género","Nuevo León","Mujeres Preparadas #Con Lupa de Género (Porcentaje)","https://imco.org.mx/resultados/?cs=con%20lupa%20de%20genero&t%5B0%5D=investigacion#038;t%5B0%5D=investigacion",NA,NA,NA,NA,NA,3.88e+16,414,545,NA
"Género","Oaxaca","Mujeres Preparadas #Con Lupa de Género (Porcentaje)","https://imco.org.mx/resultados/?cs=con%20lupa%20de%20genero&t%5B0%5D=investigacion#038;t%5B0%5D=investigacion",NA,NA,NA,NA,NA,29,298,34,NA
"Género","Puebla","Mujeres Preparadas #Con Lupa de Género (Porcentaje)","https://imco.org.mx/resultados/?cs=con%20lupa%20de%20genero&t%5B0%5D=investigacion#038;t%5B0%5D=investigacion",NA,NA,NA,NA,NA,3.68e+16,396,45,NA
"Género","Querétaro","Mujeres Preparadas #Con Lupa de Género (Porcentaje)","https://imco.org.mx/resultados/?cs=con%20lupa%20de%20genero&t%5B0%5D=investigacion#038;t%5B0%5D=investigacion",NA,NA,NA,NA,NA,439,434,48,NA
"Género","Quintana Roo","Mujeres Preparadas #Con Lupa de Género (Porcentaje)","https://imco.org.mx/resultados/?cs=con%20lupa%20de%20genero&t%5B0%5D=investigacion#038;t%5B0%5D=investigacion",NA,NA,NA,NA,NA,458,49,543,NA
"Género","San Luis Potosí","Mujeres Preparadas #Con Lupa de Género (Porcentaje)","https://imco.org.mx/resultados/?cs=con%20lupa%20de%20genero&t%5B0%5D=investigacion#038;t%5B0%5D=investigacion",NA,NA,NA,NA,NA,396,3.63e+16,458,NA
"Género","Sinaloa","Mujeres Preparadas #Con Lupa de Género (Porcentaje)","https://imco.org.mx/resultados/?cs=con%20lupa%20de%20genero&t%5B0%5D=investigacion#038;t%5B0%5D=investigacion",NA,NA,NA,NA,NA,495,50,574,NA
"Género","Sonora","Mujeres Preparadas #Con Lupa de Género (Porcentaje)","https://imco.org.mx/resultados/?cs=con%20lupa%20de%20genero&t%5B0%5D=investigacion#038;t%5B0%5D=investigacion",NA,NA,NA,NA,NA,474,489,556,NA
"Género","Tabasco","Mujeres Preparadas #Con Lupa de Género (Porcentaje)","https://imco.org.mx/resultados/?cs=con%20lupa%20de%20genero&t%5B0%5D=investigacion#038;t%5B0%5D=investigacion",NA,NA,NA,NA,NA,409,423,484,NA
"Género","Tamaulipas","Mujeres Preparadas #Con Lupa de Género (Porcentaje)","https://imco.org.mx/resultados/?cs=con%20lupa%20de%20genero&t%5B0%5D=investigacion#038;t%5B0%5D=investigacion",NA,NA,NA,NA,NA,459,471,516,NA
"Género","Tlaxcala","Mujeres Preparadas #Con Lupa de Género (Porcentaje)","https://imco.org.mx/resultados/?cs=con%20lupa%20de%20genero&t%5B0%5D=investigacion#038;t%5B0%5D=investigacion",NA,NA,NA,NA,NA,404,4.03e+16,467,NA
"Género","Veracruz de Ignacio de la Llave","Mujeres Preparadas #Con Lupa de Género (Porcentaje)","https://imco.org.mx/resultados/?cs=con%20lupa%20de%20genero&t%5B0%5D=investigacion#038;t%5B0%5D=investigacion",NA,NA,NA,NA,NA,3.62e+16,385,419,NA
"Género","Yucatán","Mujeres Preparadas #Con Lupa de Género (Porcentaje)","https://imco.org.mx/resultados/?cs=con%20lupa%20de%20genero&t%5B0%5D=investigacion#038;t%5B0%5D=investigacion",NA,NA,NA,NA,NA,4.08e+16,409,465,NA
"Género","Zacatecas","Mujeres Preparadas #Con Lupa de Género (Porcentaje)","https://imco.org.mx/resultados/?cs=con%20lupa%20de%20genero&t%5B0%5D=investigacion#038;t%5B0%5D=investigacion",NA,NA,NA,NA,NA,335,3.37e+16,4.08e+16,NA
"Género","Aguascalientes","Mujeres que quieren trabajar y no pueden #Con Lupa de Género (Porcentaje)","https://imco.org.mx/resultados/?cs=con%20lupa%20de%20genero&t%5B0%5D=investigacion#038;t%5B0%5D=investigacion",NA,NA,NA,NA,NA,229,1.76e+16,146,NA
"Género","Baja California","Mujeres que quieren trabajar y no pueden #Con Lupa de Género (Porcentaje)","https://imco.org.mx/resultados/?cs=con%20lupa%20de%20genero&t%5B0%5D=investigacion#038;t%5B0%5D=investigacion",NA,NA,NA,NA,NA,304,177,153,NA
"Género","Baja California Sur","Mujeres que quieren trabajar y no pueden #Con Lupa de Género (Porcentaje)","https://imco.org.mx/resultados/?cs=con%20lupa%20de%20genero&t%5B0%5D=investigacion#038;t%5B0%5D=investigacion",NA,NA,NA,NA,NA,304,157,129,NA
"Género","Campeche","Mujeres que quieren trabajar y no pueden #Con Lupa de Género (Porcentaje)","https://imco.org.mx/resultados/?cs=con%20lupa%20de%20genero&t%5B0%5D=investigacion#038;t%5B0%5D=investigacion",NA,NA,NA,NA,NA,346,255,232,NA
"Género","Coahuila de Zaragoza","Mujeres que quieren trabajar y no pueden #Con Lupa de Género (Porcentaje)","https://imco.org.mx/resultados/?cs=con%20lupa%20de%20genero&t%5B0%5D=investigacion#038;t%5B0%5D=investigacion",NA,NA,NA,NA,NA,192,1.76e+16,143,NA
"Género","Colima","Mujeres que quieren trabajar y no pueden #Con Lupa de Género (Porcentaje)","https://imco.org.mx/resultados/?cs=con%20lupa%20de%20genero&t%5B0%5D=investigacion#038;t%5B0%5D=investigacion",NA,NA,NA,NA,NA,274,1.81e+16,153,NA
"Género","Chiapas","Mujeres que quieren trabajar y no pueden #Con Lupa de Género (Porcentaje)","https://imco.org.mx/resultados/?cs=con%20lupa%20de%20genero&t%5B0%5D=investigacion#038;t%5B0%5D=investigacion",NA,NA,NA,NA,NA,345,287,293,NA
"Género","Chihuahua","Mujeres que quieren trabajar y no pueden #Con Lupa de Género (Porcentaje)","https://imco.org.mx/resultados/?cs=con%20lupa%20de%20genero&t%5B0%5D=investigacion#038;t%5B0%5D=investigacion",NA,NA,NA,NA,NA,223,198,175,NA
"Género","Ciudad de México","Mujeres que quieren trabajar y no pueden #Con Lupa de Género (Porcentaje)","https://imco.org.mx/resultados/?cs=con%20lupa%20de%20genero&t%5B0%5D=investigacion#038;t%5B0%5D=investigacion",NA,NA,NA,NA,NA,36,28,246,NA
"Género","Durango","Mujeres que quieren trabajar y no pueden #Con Lupa de Género (Porcentaje)","https://imco.org.mx/resultados/?cs=con%20lupa%20de%20genero&t%5B0%5D=investigacion#038;t%5B0%5D=investigacion",NA,NA,NA,NA,NA,275,269,272,NA
"Género","Guanajuato","Mujeres que quieren trabajar y no pueden #Con Lupa de Género (Porcentaje)","https://imco.org.mx/resultados/?cs=con%20lupa%20de%20genero&t%5B0%5D=investigacion#038;t%5B0%5D=investigacion",NA,NA,NA,NA,NA,394,3.22e+16,3.27e+16,NA
"Género","Guerrero","Mujeres que quieren trabajar y no pueden #Con Lupa de Género (Porcentaje)","https://imco.org.mx/resultados/?cs=con%20lupa%20de%20genero&t%5B0%5D=investigacion#038;t%5B0%5D=investigacion",NA,NA,NA,NA,NA,287,139,138,NA
"Género","Hidalgo","Mujeres que quieren trabajar y no pueden #Con Lupa de Género (Porcentaje)","https://imco.org.mx/resultados/?cs=con%20lupa%20de%20genero&t%5B0%5D=investigacion#038;t%5B0%5D=investigacion",NA,NA,NA,NA,NA,285,172,256,NA
"Género","Jalisco","Mujeres que quieren trabajar y no pueden #Con Lupa de Género (Porcentaje)","https://imco.org.mx/resultados/?cs=con%20lupa%20de%20genero&t%5B0%5D=investigacion#038;t%5B0%5D=investigacion",NA,NA,NA,NA,NA,168,118,106,NA
"Género","México","Mujeres que quieren trabajar y no pueden #Con Lupa de Género (Porcentaje)","https://imco.org.mx/resultados/?cs=con%20lupa%20de%20genero&t%5B0%5D=investigacion#038;t%5B0%5D=investigacion",NA,NA,NA,NA,NA,326,225,206,NA
"Género","Michoacán de Ocampo","Mujeres que quieren trabajar y no pueden #Con Lupa de Género (Porcentaje)","https://imco.org.mx/resultados/?cs=con%20lupa%20de%20genero&t%5B0%5D=investigacion#038;t%5B0%5D=investigacion",NA,NA,NA,NA,NA,3.67e+16,279,258,NA
"Género","Morelos","Mujeres que quieren trabajar y no pueden #Con Lupa de Género (Porcentaje)","https://imco.org.mx/resultados/?cs=con%20lupa%20de%20genero&t%5B0%5D=investigacion#038;t%5B0%5D=investigacion",NA,NA,NA,NA,NA,268,229,216,NA
"Género","Nayarit","Mujeres que quieren trabajar y no pueden #Con Lupa de Género (Porcentaje)","https://imco.org.mx/resultados/?cs=con%20lupa%20de%20genero&t%5B0%5D=investigacion#038;t%5B0%5D=investigacion",NA,NA,NA,NA,NA,302,206,182,NA
"Género","Nuevo León","Mujeres que quieren trabajar y no pueden #Con Lupa de Género (Porcentaje)","https://imco.org.mx/resultados/?cs=con%20lupa%20de%20genero&t%5B0%5D=investigacion#038;t%5B0%5D=investigacion",NA,NA,NA,NA,NA,225,1.76e+16,149,NA
"Género","Oaxaca","Mujeres que quieren trabajar y no pueden #Con Lupa de Género (Porcentaje)","https://imco.org.mx/resultados/?cs=con%20lupa%20de%20genero&t%5B0%5D=investigacion#038;t%5B0%5D=investigacion",NA,NA,NA,NA,NA,3.68e+16,308,329,NA
"Género","Puebla","Mujeres que quieren trabajar y no pueden #Con Lupa de Género (Porcentaje)","https://imco.org.mx/resultados/?cs=con%20lupa%20de%20genero&t%5B0%5D=investigacion#038;t%5B0%5D=investigacion",NA,NA,NA,NA,NA,339,261,211,NA
"Género","Querétaro","Mujeres que quieren trabajar y no pueden #Con Lupa de Género (Porcentaje)","https://imco.org.mx/resultados/?cs=con%20lupa%20de%20genero&t%5B0%5D=investigacion#038;t%5B0%5D=investigacion",NA,NA,NA,NA,NA,209,12,145,NA
"Género","Quintana Roo","Mujeres que quieren trabajar y no pueden #Con Lupa de Género (Porcentaje)","https://imco.org.mx/resultados/?cs=con%20lupa%20de%20genero&t%5B0%5D=investigacion#038;t%5B0%5D=investigacion",NA,NA,NA,NA,NA,234,142,146,NA
"Género","San Luis Potosí","Mujeres que quieren trabajar y no pueden #Con Lupa de Género (Porcentaje)","https://imco.org.mx/resultados/?cs=con%20lupa%20de%20genero&t%5B0%5D=investigacion#038;t%5B0%5D=investigacion",NA,NA,NA,NA,NA,317,252,214,NA
"Género","Sinaloa","Mujeres que quieren trabajar y no pueden #Con Lupa de Género (Porcentaje)","https://imco.org.mx/resultados/?cs=con%20lupa%20de%20genero&t%5B0%5D=investigacion#038;t%5B0%5D=investigacion",NA,NA,NA,NA,NA,3.47e+16,313,249,NA
"Género","Sonora","Mujeres que quieren trabajar y no pueden #Con Lupa de Género (Porcentaje)","https://imco.org.mx/resultados/?cs=con%20lupa%20de%20genero&t%5B0%5D=investigacion#038;t%5B0%5D=investigacion",NA,NA,NA,NA,NA,258,1.96e+16,178,NA
"Género","Tabasco","Mujeres que quieren trabajar y no pueden #Con Lupa de Género (Porcentaje)","https://imco.org.mx/resultados/?cs=con%20lupa%20de%20genero&t%5B0%5D=investigacion#038;t%5B0%5D=investigacion",NA,NA,NA,NA,NA,3.82e+16,339,293,NA
"Género","Tamaulipas","Mujeres que quieren trabajar y no pueden #Con Lupa de Género (Porcentaje)","https://imco.org.mx/resultados/?cs=con%20lupa%20de%20genero&t%5B0%5D=investigacion#038;t%5B0%5D=investigacion",NA,NA,NA,NA,NA,307,254,254,NA
"Género","Tlaxcala","Mujeres que quieren trabajar y no pueden #Con Lupa de Género (Porcentaje)","https://imco.org.mx/resultados/?cs=con%20lupa%20de%20genero&t%5B0%5D=investigacion#038;t%5B0%5D=investigacion",NA,NA,NA,NA,NA,445,3.47e+16,3.32e+16,NA
"Género","Veracruz de Ignacio de la Llave","Mujeres que quieren trabajar y no pueden #Con Lupa de Género (Porcentaje)","https://imco.org.mx/resultados/?cs=con%20lupa%20de%20genero&t%5B0%5D=investigacion#038;t%5B0%5D=investigacion",NA,NA,NA,NA,NA,40,361,224,NA
"Género","Yucatán","Mujeres que quieren trabajar y no pueden #Con Lupa de Género (Porcentaje)","https://imco.org.mx/resultados/?cs=con%20lupa%20de%20genero&t%5B0%5D=investigacion#038;t%5B0%5D=investigacion",NA,NA,NA,NA,NA,227,1.71e+16,153,NA
"Género","Zacatecas","Mujeres que quieren trabajar y no pueden #Con Lupa de Género (Porcentaje)","https://imco.org.mx/resultados/?cs=con%20lupa%20de%20genero&t%5B0%5D=investigacion#038;t%5B0%5D=investigacion",NA,NA,NA,NA,NA,345,276,218,NA
"Género","Aguascalientes","Oferta de cuidados de adultos mayores #Con Lupa de Género","https://imco.org.mx/resultados/?cs=con%20lupa%20de%20genero&t%5B0%5D=investigacion#038;t%5B0%5D=investigacion",NA,NA,NA,NA,NA,188,18,1.81e+16,NA
"Género","Baja California","Oferta de cuidados de adultos mayores #Con Lupa de Género","https://imco.org.mx/resultados/?cs=con%20lupa%20de%20genero&t%5B0%5D=investigacion#038;t%5B0%5D=investigacion",NA,NA,NA,NA,NA,55,129,129,NA
"Género","Baja California Sur","Oferta de cuidados de adultos mayores #Con Lupa de Género","https://imco.org.mx/resultados/?cs=con%20lupa%20de%20genero&t%5B0%5D=investigacion#038;t%5B0%5D=investigacion",NA,NA,NA,NA,NA,55,52,55,NA
"Género","Campeche","Oferta de cuidados de adultos mayores #Con Lupa de Género","https://imco.org.mx/resultados/?cs=con%20lupa%20de%20genero&t%5B0%5D=investigacion#038;t%5B0%5D=investigacion",NA,NA,NA,NA,NA,163,156,479,NA
"Género","Coahuila de Zaragoza","Oferta de cuidados de adultos mayores #Con Lupa de Género","https://imco.org.mx/resultados/?cs=con%20lupa%20de%20genero&t%5B0%5D=investigacion#038;t%5B0%5D=investigacion",NA,NA,NA,NA,NA,96,91,95,NA
"Género","Colima","Oferta de cuidados de adultos mayores #Con Lupa de Género","https://imco.org.mx/resultados/?cs=con%20lupa%20de%20genero&t%5B0%5D=investigacion#038;t%5B0%5D=investigacion",NA,NA,NA,NA,NA,3.22e+16,308,302,NA
"Género","Chiapas","Oferta de cuidados de adultos mayores #Con Lupa de Género","https://imco.org.mx/resultados/?cs=con%20lupa%20de%20genero&t%5B0%5D=investigacion#038;t%5B0%5D=investigacion",NA,NA,NA,NA,NA,48,4.6e+16,48,NA
"Género","Chihuahua","Oferta de cuidados de adultos mayores #Con Lupa de Género","https://imco.org.mx/resultados/?cs=con%20lupa%20de%20genero&t%5B0%5D=investigacion#038;t%5B0%5D=investigacion",NA,NA,NA,NA,NA,23,22,226,NA
"Género","Ciudad de México","Oferta de cuidados de adultos mayores #Con Lupa de Género","https://imco.org.mx/resultados/?cs=con%20lupa%20de%20genero&t%5B0%5D=investigacion#038;t%5B0%5D=investigacion",NA,NA,NA,NA,NA,101,9.7e+16,101,NA
"Género","Durango","Oferta de cuidados de adultos mayores #Con Lupa de Género","https://imco.org.mx/resultados/?cs=con%20lupa%20de%20genero&t%5B0%5D=investigacion#038;t%5B0%5D=investigacion",NA,NA,NA,NA,NA,67,65,73,NA
"Género","Guanajuato","Oferta de cuidados de adultos mayores #Con Lupa de Género","https://imco.org.mx/resultados/?cs=con%20lupa%20de%20genero&t%5B0%5D=investigacion#038;t%5B0%5D=investigacion",NA,NA,NA,NA,NA,115,111,113,NA
"Género","Guerrero","Oferta de cuidados de adultos mayores #Con Lupa de Género","https://imco.org.mx/resultados/?cs=con%20lupa%20de%20genero&t%5B0%5D=investigacion#038;t%5B0%5D=investigacion",NA,NA,NA,NA,NA,37,36,35,NA
"Género","Hidalgo","Oferta de cuidados de adultos mayores #Con Lupa de Género","https://imco.org.mx/resultados/?cs=con%20lupa%20de%20genero&t%5B0%5D=investigacion#038;t%5B0%5D=investigacion",NA,NA,NA,NA,NA,4.9e+16,48,47,NA
"Género","Jalisco","Oferta de cuidados de adultos mayores #Con Lupa de Género","https://imco.org.mx/resultados/?cs=con%20lupa%20de%20genero&t%5B0%5D=investigacion#038;t%5B0%5D=investigacion",NA,NA,NA,NA,NA,203,1.96e+16,19,NA
"Género","México","Oferta de cuidados de adultos mayores #Con Lupa de Género","https://imco.org.mx/resultados/?cs=con%20lupa%20de%20genero&t%5B0%5D=investigacion#038;t%5B0%5D=investigacion",NA,NA,NA,NA,NA,48,4.6e+16,4.9e+16,NA
"Género","Michoacán de Ocampo","Oferta de cuidados de adultos mayores #Con Lupa de Género","https://imco.org.mx/resultados/?cs=con%20lupa%20de%20genero&t%5B0%5D=investigacion#038;t%5B0%5D=investigacion",NA,NA,NA,NA,NA,108,105,106,NA
"Género","Morelos","Oferta de cuidados de adultos mayores #Con Lupa de Género","https://imco.org.mx/resultados/?cs=con%20lupa%20de%20genero&t%5B0%5D=investigacion#038;t%5B0%5D=investigacion",NA,NA,NA,NA,NA,163,157,165,NA
"Género","Nayarit","Oferta de cuidados de adultos mayores #Con Lupa de Género","https://imco.org.mx/resultados/?cs=con%20lupa%20de%20genero&t%5B0%5D=investigacion#038;t%5B0%5D=investigacion",NA,NA,NA,NA,NA,237,229,219,NA
"Género","Nuevo León","Oferta de cuidados de adultos mayores #Con Lupa de Género","https://imco.org.mx/resultados/?cs=con%20lupa%20de%20genero&t%5B0%5D=investigacion#038;t%5B0%5D=investigacion",NA,NA,NA,NA,NA,209,1.99e+16,197,NA
"Género","Oaxaca","Oferta de cuidados de adultos mayores #Con Lupa de Género","https://imco.org.mx/resultados/?cs=con%20lupa%20de%20genero&t%5B0%5D=investigacion#038;t%5B0%5D=investigacion",NA,NA,NA,NA,NA,48,47,4.9e+16,NA
"Género","Puebla","Oferta de cuidados de adultos mayores #Con Lupa de Género","https://imco.org.mx/resultados/?cs=con%20lupa%20de%20genero&t%5B0%5D=investigacion#038;t%5B0%5D=investigacion",NA,NA,NA,NA,NA,78,75,77,NA
"Género","Querétaro","Oferta de cuidados de adultos mayores #Con Lupa de Género","https://imco.org.mx/resultados/?cs=con%20lupa%20de%20genero&t%5B0%5D=investigacion#038;t%5B0%5D=investigacion",NA,NA,NA,NA,NA,94,9,86,NA
"Género","Quintana Roo","Oferta de cuidados de adultos mayores #Con Lupa de Género","https://imco.org.mx/resultados/?cs=con%20lupa%20de%20genero&t%5B0%5D=investigacion#038;t%5B0%5D=investigacion",NA,NA,NA,NA,NA,43,4.1e+16,43,NA
"Género","San Luis Potosí","Oferta de cuidados de adultos mayores #Con Lupa de Género","https://imco.org.mx/resultados/?cs=con%20lupa%20de%20genero&t%5B0%5D=investigacion#038;t%5B0%5D=investigacion",NA,NA,NA,NA,NA,128,124,124,NA
"Género","Sinaloa","Oferta de cuidados de adultos mayores #Con Lupa de Género","https://imco.org.mx/resultados/?cs=con%20lupa%20de%20genero&t%5B0%5D=investigacion#038;t%5B0%5D=investigacion",NA,NA,NA,NA,NA,76,73,74,NA
"Género","Sonora","Oferta de cuidados de adultos mayores #Con Lupa de Género","https://imco.org.mx/resultados/?cs=con%20lupa%20de%20genero&t%5B0%5D=investigacion#038;t%5B0%5D=investigacion",NA,NA,NA,NA,NA,1.74e+16,1.66e+16,1.69e+16,NA
"Género","Tabasco","Oferta de cuidados de adultos mayores #Con Lupa de Género","https://imco.org.mx/resultados/?cs=con%20lupa%20de%20genero&t%5B0%5D=investigacion#038;t%5B0%5D=investigacion",NA,NA,NA,NA,NA,2.2e+16,21,2.2e+16,NA
"Género","Tamaulipas","Oferta de cuidados de adultos mayores #Con Lupa de Género","https://imco.org.mx/resultados/?cs=con%20lupa%20de%20genero&t%5B0%5D=investigacion#038;t%5B0%5D=investigacion",NA,NA,NA,NA,NA,85,8.2e+16,84,NA
"Género","Tlaxcala","Oferta de cuidados de adultos mayores #Con Lupa de Género","https://imco.org.mx/resultados/?cs=con%20lupa%20de%20genero&t%5B0%5D=investigacion#038;t%5B0%5D=investigacion",NA,NA,NA,NA,NA,68,65,69,NA
"Género","Veracruz de Ignacio de la Llave","Oferta de cuidados de adultos mayores #Con Lupa de Género","https://imco.org.mx/resultados/?cs=con%20lupa%20de%20genero&t%5B0%5D=investigacion#038;t%5B0%5D=investigacion",NA,NA,NA,NA,NA,4.6e+16,45,45,NA
"Género","Yucatán","Oferta de cuidados de adultos mayores #Con Lupa de Género","https://imco.org.mx/resultados/?cs=con%20lupa%20de%20genero&t%5B0%5D=investigacion#038;t%5B0%5D=investigacion",NA,NA,NA,NA,NA,185,178,17,NA
"Género","Zacatecas","Oferta de cuidados de adultos mayores #Con Lupa de Género","https://imco.org.mx/resultados/?cs=con%20lupa%20de%20genero&t%5B0%5D=investigacion#038;t%5B0%5D=investigacion",NA,NA,NA,NA,NA,108,105,107,NA
"Género","Aguascalientes","Percepción de inseguridad en transporte público #Con Lupa de Género (Porcentaje)","https://imco.org.mx/resultados/?cs=con%20lupa%20de%20genero&t%5B0%5D=investigacion#038;t%5B0%5D=investigacion",NA,NA,NA,NA,NA,3.38e+16,298,284,NA
"Género","Baja California","Percepción de inseguridad en transporte público #Con Lupa de Género (Porcentaje)","https://imco.org.mx/resultados/?cs=con%20lupa%20de%20genero&t%5B0%5D=investigacion#038;t%5B0%5D=investigacion",NA,NA,NA,NA,NA,256,3.23e+16,282,NA
"Género","Baja California Sur","Percepción de inseguridad en transporte público #Con Lupa de Género (Porcentaje)","https://imco.org.mx/resultados/?cs=con%20lupa%20de%20genero&t%5B0%5D=investigacion#038;t%5B0%5D=investigacion",NA,NA,NA,NA,NA,256,231,225,NA
"Género","Campeche","Percepción de inseguridad en transporte público #Con Lupa de Género (Porcentaje)","https://imco.org.mx/resultados/?cs=con%20lupa%20de%20genero&t%5B0%5D=investigacion#038;t%5B0%5D=investigacion",NA,NA,NA,NA,NA,203,1.81e+16,205,NA
"Género","Coahuila de Zaragoza","Percepción de inseguridad en transporte público #Con Lupa de Género (Porcentaje)","https://imco.org.mx/resultados/?cs=con%20lupa%20de%20genero&t%5B0%5D=investigacion#038;t%5B0%5D=investigacion",NA,NA,NA,NA,NA,283,221,312,NA
"Género","Colima","Percepción de inseguridad en transporte público #Con Lupa de Género (Porcentaje)","https://imco.org.mx/resultados/?cs=con%20lupa%20de%20genero&t%5B0%5D=investigacion#038;t%5B0%5D=investigacion",NA,NA,NA,NA,NA,389,289,3.98e+16,NA
"Género","Chiapas","Percepción de inseguridad en transporte público #Con Lupa de Género (Porcentaje)","https://imco.org.mx/resultados/?cs=con%20lupa%20de%20genero&t%5B0%5D=investigacion#038;t%5B0%5D=investigacion",NA,NA,NA,NA,NA,1.81e+16,145,203,NA
"Género","Chihuahua","Percepción de inseguridad en transporte público #Con Lupa de Género (Porcentaje)","https://imco.org.mx/resultados/?cs=con%20lupa%20de%20genero&t%5B0%5D=investigacion#038;t%5B0%5D=investigacion",NA,NA,NA,NA,NA,35,335,316,NA
"Género","Ciudad de México","Percepción de inseguridad en transporte público #Con Lupa de Género (Porcentaje)","https://imco.org.mx/resultados/?cs=con%20lupa%20de%20genero&t%5B0%5D=investigacion#038;t%5B0%5D=investigacion",NA,NA,NA,NA,NA,409,366,302,NA
"Género","Durango","Percepción de inseguridad en transporte público #Con Lupa de Género (Porcentaje)","https://imco.org.mx/resultados/?cs=con%20lupa%20de%20genero&t%5B0%5D=investigacion#038;t%5B0%5D=investigacion",NA,NA,NA,NA,NA,282,262,243,NA
"Género","Guanajuato","Percepción de inseguridad en transporte público #Con Lupa de Género (Porcentaje)","https://imco.org.mx/resultados/?cs=con%20lupa%20de%20genero&t%5B0%5D=investigacion#038;t%5B0%5D=investigacion",NA,NA,NA,NA,NA,339,289,262,NA
"Género","Guerrero","Percepción de inseguridad en transporte público #Con Lupa de Género (Porcentaje)","https://imco.org.mx/resultados/?cs=con%20lupa%20de%20genero&t%5B0%5D=investigacion#038;t%5B0%5D=investigacion",NA,NA,NA,NA,NA,1.94e+16,156,139,NA
"Género","Hidalgo","Percepción de inseguridad en transporte público #Con Lupa de Género (Porcentaje)","https://imco.org.mx/resultados/?cs=con%20lupa%20de%20genero&t%5B0%5D=investigacion#038;t%5B0%5D=investigacion",NA,NA,NA,NA,NA,255,223,228,NA
"Género","Jalisco","Percepción de inseguridad en transporte público #Con Lupa de Género (Porcentaje)","https://imco.org.mx/resultados/?cs=con%20lupa%20de%20genero&t%5B0%5D=investigacion#038;t%5B0%5D=investigacion",NA,NA,NA,NA,NA,245,229,23,NA
"Género","México","Percepción de inseguridad en transporte público #Con Lupa de Género (Porcentaje)","https://imco.org.mx/resultados/?cs=con%20lupa%20de%20genero&t%5B0%5D=investigacion#038;t%5B0%5D=investigacion",NA,NA,NA,NA,NA,421,364,366,NA
"Género","Michoacán de Ocampo","Percepción de inseguridad en transporte público #Con Lupa de Género (Porcentaje)","https://imco.org.mx/resultados/?cs=con%20lupa%20de%20genero&t%5B0%5D=investigacion#038;t%5B0%5D=investigacion",NA,NA,NA,NA,NA,253,244,197,NA
"Género","Morelos","Percepción de inseguridad en transporte público #Con Lupa de Género (Porcentaje)","https://imco.org.mx/resultados/?cs=con%20lupa%20de%20genero&t%5B0%5D=investigacion#038;t%5B0%5D=investigacion",NA,NA,NA,NA,NA,339,287,293,NA
"Género","Nayarit","Percepción de inseguridad en transporte público #Con Lupa de Género (Porcentaje)","https://imco.org.mx/resultados/?cs=con%20lupa%20de%20genero&t%5B0%5D=investigacion#038;t%5B0%5D=investigacion",NA,NA,NA,NA,NA,1.84e+16,146,146,NA
"Género","Nuevo León","Percepción de inseguridad en transporte público #Con Lupa de Género (Porcentaje)","https://imco.org.mx/resultados/?cs=con%20lupa%20de%20genero&t%5B0%5D=investigacion#038;t%5B0%5D=investigacion",NA,NA,NA,NA,NA,334,3.57e+16,319,NA
"Género","Oaxaca","Percepción de inseguridad en transporte público #Con Lupa de Género (Porcentaje)","https://imco.org.mx/resultados/?cs=con%20lupa%20de%20genero&t%5B0%5D=investigacion#038;t%5B0%5D=investigacion",NA,NA,NA,NA,NA,214,1.89e+16,158,NA
"Género","Puebla","Percepción de inseguridad en transporte público #Con Lupa de Género (Porcentaje)","https://imco.org.mx/resultados/?cs=con%20lupa%20de%20genero&t%5B0%5D=investigacion#038;t%5B0%5D=investigacion",NA,NA,NA,NA,NA,288,274,234,NA
"Género","Querétaro","Percepción de inseguridad en transporte público #Con Lupa de Género (Porcentaje)","https://imco.org.mx/resultados/?cs=con%20lupa%20de%20genero&t%5B0%5D=investigacion#038;t%5B0%5D=investigacion",NA,NA,NA,NA,NA,251,246,241,NA
"Género","Quintana Roo","Percepción de inseguridad en transporte público #Con Lupa de Género (Porcentaje)","https://imco.org.mx/resultados/?cs=con%20lupa%20de%20genero&t%5B0%5D=investigacion#038;t%5B0%5D=investigacion",NA,NA,NA,NA,NA,3.67e+16,294,265,NA
"Género","San Luis Potosí","Percepción de inseguridad en transporte público #Con Lupa de Género (Porcentaje)","https://imco.org.mx/resultados/?cs=con%20lupa%20de%20genero&t%5B0%5D=investigacion#038;t%5B0%5D=investigacion",NA,NA,NA,NA,NA,NA,263,312,NA
"Género","Sinaloa","Percepción de inseguridad en transporte público #Con Lupa de Género (Porcentaje)","https://imco.org.mx/resultados/?cs=con%20lupa%20de%20genero&t%5B0%5D=investigacion#038;t%5B0%5D=investigacion",NA,NA,NA,NA,NA,1.94e+16,187,6.59e+16,NA
"Género","Sonora","Percepción de inseguridad en transporte público #Con Lupa de Género (Porcentaje)","https://imco.org.mx/resultados/?cs=con%20lupa%20de%20genero&t%5B0%5D=investigacion#038;t%5B0%5D=investigacion",NA,NA,NA,NA,NA,266,298,267,NA
"Género","Tabasco","Percepción de inseguridad en transporte público #Con Lupa de Género (Porcentaje)","https://imco.org.mx/resultados/?cs=con%20lupa%20de%20genero&t%5B0%5D=investigacion#038;t%5B0%5D=investigacion",NA,NA,NA,NA,NA,399,258,293,NA
"Género","Tamaulipas","Percepción de inseguridad en transporte público #Con Lupa de Género (Porcentaje)","https://imco.org.mx/resultados/?cs=con%20lupa%20de%20genero&t%5B0%5D=investigacion#038;t%5B0%5D=investigacion",NA,NA,NA,NA,NA,3.32e+16,301,26,NA
"Género","Tlaxcala","Percepción de inseguridad en transporte público #Con Lupa de Género (Porcentaje)","https://imco.org.mx/resultados/?cs=con%20lupa%20de%20genero&t%5B0%5D=investigacion#038;t%5B0%5D=investigacion",NA,NA,NA,NA,NA,207,22,1.74e+16,NA
"Género","Veracruz de Ignacio de la Llave","Percepción de inseguridad en transporte público #Con Lupa de Género (Porcentaje)","https://imco.org.mx/resultados/?cs=con%20lupa%20de%20genero&t%5B0%5D=investigacion#038;t%5B0%5D=investigacion",NA,NA,NA,NA,NA,208,203,17,NA
"Género","Yucatán","Percepción de inseguridad en transporte público #Con Lupa de Género (Porcentaje)","https://imco.org.mx/resultados/?cs=con%20lupa%20de%20genero&t%5B0%5D=investigacion#038;t%5B0%5D=investigacion",NA,NA,NA,NA,NA,2.01e+16,115,135,NA
"Género","Zacatecas","Percepción de inseguridad en transporte público #Con Lupa de Género (Porcentaje)","https://imco.org.mx/resultados/?cs=con%20lupa%20de%20genero&t%5B0%5D=investigacion#038;t%5B0%5D=investigacion",NA,NA,NA,NA,NA,42,456,452,NA
"Género","Aguascalientes","Permisos de paternidad #Con Lupa de Género","https://imco.org.mx/resultados/?cs=con%20lupa%20de%20genero&t%5B0%5D=investigacion#038;t%5B0%5D=investigacion",NA,NA,NA,NA,NA,10,10,10,NA
"Género","Baja California","Permisos de paternidad #Con Lupa de Género","https://imco.org.mx/resultados/?cs=con%20lupa%20de%20genero&t%5B0%5D=investigacion#038;t%5B0%5D=investigacion",NA,NA,NA,NA,NA,5,15,15,NA
"Género","Baja California Sur","Permisos de paternidad #Con Lupa de Género","https://imco.org.mx/resultados/?cs=con%20lupa%20de%20genero&t%5B0%5D=investigacion#038;t%5B0%5D=investigacion",NA,NA,NA,NA,NA,5,5,10,NA
"Género","Campeche","Permisos de paternidad #Con Lupa de Género","https://imco.org.mx/resultados/?cs=con%20lupa%20de%20genero&t%5B0%5D=investigacion#038;t%5B0%5D=investigacion",NA,NA,NA,NA,NA,5,15,15,NA
"Género","Coahuila de Zaragoza","Permisos de paternidad #Con Lupa de Género","https://imco.org.mx/resultados/?cs=con%20lupa%20de%20genero&t%5B0%5D=investigacion#038;t%5B0%5D=investigacion",NA,NA,NA,NA,NA,10,10,10,NA
"Género","Colima","Permisos de paternidad #Con Lupa de Género","https://imco.org.mx/resultados/?cs=con%20lupa%20de%20genero&t%5B0%5D=investigacion#038;t%5B0%5D=investigacion",NA,NA,NA,NA,NA,15,15,15,NA
"Género","Chiapas","Permisos de paternidad #Con Lupa de Género","https://imco.org.mx/resultados/?cs=con%20lupa%20de%20genero&t%5B0%5D=investigacion#038;t%5B0%5D=investigacion",NA,NA,NA,NA,NA,30,30,30,NA
"Género","Chihuahua","Permisos de paternidad #Con Lupa de Género","https://imco.org.mx/resultados/?cs=con%20lupa%20de%20genero&t%5B0%5D=investigacion#038;t%5B0%5D=investigacion",NA,NA,NA,NA,NA,5,5,5,NA
"Género","Ciudad de México","Permisos de paternidad #Con Lupa de Género","https://imco.org.mx/resultados/?cs=con%20lupa%20de%20genero&t%5B0%5D=investigacion#038;t%5B0%5D=investigacion",NA,NA,NA,NA,NA,15,42,42,NA
"Género","Durango","Permisos de paternidad #Con Lupa de Género","https://imco.org.mx/resultados/?cs=con%20lupa%20de%20genero&t%5B0%5D=investigacion#038;t%5B0%5D=investigacion",NA,NA,NA,NA,NA,5,5,5,NA
"Género","Guanajuato","Permisos de paternidad #Con Lupa de Género","https://imco.org.mx/resultados/?cs=con%20lupa%20de%20genero&t%5B0%5D=investigacion#038;t%5B0%5D=investigacion",NA,NA,NA,NA,NA,5,5,5,NA
"Género","Guerrero","Permisos de paternidad #Con Lupa de Género","https://imco.org.mx/resultados/?cs=con%20lupa%20de%20genero&t%5B0%5D=investigacion#038;t%5B0%5D=investigacion",NA,NA,NA,NA,NA,5,10,10,NA
"Género","Hidalgo","Permisos de paternidad #Con Lupa de Género","https://imco.org.mx/resultados/?cs=con%20lupa%20de%20genero&t%5B0%5D=investigacion#038;t%5B0%5D=investigacion",NA,NA,NA,NA,NA,56,56,56,NA
"Género","Jalisco","Permisos de paternidad #Con Lupa de Género","https://imco.org.mx/resultados/?cs=con%20lupa%20de%20genero&t%5B0%5D=investigacion#038;t%5B0%5D=investigacion",NA,NA,NA,NA,NA,15,15,15,NA
"Género","México","Permisos de paternidad #Con Lupa de Género","https://imco.org.mx/resultados/?cs=con%20lupa%20de%20genero&t%5B0%5D=investigacion#038;t%5B0%5D=investigacion",NA,NA,NA,NA,NA,45,45,45,NA
"Género","Michoacán de Ocampo","Permisos de paternidad #Con Lupa de Género","https://imco.org.mx/resultados/?cs=con%20lupa%20de%20genero&t%5B0%5D=investigacion#038;t%5B0%5D=investigacion",NA,NA,NA,NA,NA,20,20,20,NA
"Género","Morelos","Permisos de paternidad #Con Lupa de Género","https://imco.org.mx/resultados/?cs=con%20lupa%20de%20genero&t%5B0%5D=investigacion#038;t%5B0%5D=investigacion",NA,NA,NA,NA,NA,15,15,15,NA
"Género","Nayarit","Permisos de paternidad #Con Lupa de Género","https://imco.org.mx/resultados/?cs=con%20lupa%20de%20genero&t%5B0%5D=investigacion#038;t%5B0%5D=investigacion",NA,NA,NA,NA,NA,5,15,15,NA
"Género","Nuevo León","Permisos de paternidad #Con Lupa de Género","https://imco.org.mx/resultados/?cs=con%20lupa%20de%20genero&t%5B0%5D=investigacion#038;t%5B0%5D=investigacion",NA,NA,NA,NA,NA,60,60,60,NA
"Género","Oaxaca","Permisos de paternidad #Con Lupa de Género","https://imco.org.mx/resultados/?cs=con%20lupa%20de%20genero&t%5B0%5D=investigacion#038;t%5B0%5D=investigacion",NA,NA,NA,NA,NA,5,5,5,NA
"Género","Puebla","Permisos de paternidad #Con Lupa de Género","https://imco.org.mx/resultados/?cs=con%20lupa%20de%20genero&t%5B0%5D=investigacion#038;t%5B0%5D=investigacion",NA,NA,NA,NA,NA,10,10,10,NA
"Género","Querétaro","Permisos de paternidad #Con Lupa de Género","https://imco.org.mx/resultados/?cs=con%20lupa%20de%20genero&t%5B0%5D=investigacion#038;t%5B0%5D=investigacion",NA,NA,NA,NA,NA,5,5,5,NA
"Género","Quintana Roo","Permisos de paternidad #Con Lupa de Género","https://imco.org.mx/resultados/?cs=con%20lupa%20de%20genero&t%5B0%5D=investigacion#038;t%5B0%5D=investigacion",NA,NA,NA,NA,NA,60,60,60,NA
"Género","San Luis Potosí","Permisos de paternidad #Con Lupa de Género","https://imco.org.mx/resultados/?cs=con%20lupa%20de%20genero&t%5B0%5D=investigacion#038;t%5B0%5D=investigacion",NA,NA,NA,NA,NA,5,5,5,NA
"Género","Sinaloa","Permisos de paternidad #Con Lupa de Género","https://imco.org.mx/resultados/?cs=con%20lupa%20de%20genero&t%5B0%5D=investigacion#038;t%5B0%5D=investigacion",NA,NA,NA,NA,NA,5,5,15,NA
"Género","Sonora","Permisos de paternidad #Con Lupa de Género","https://imco.org.mx/resultados/?cs=con%20lupa%20de%20genero&t%5B0%5D=investigacion#038;t%5B0%5D=investigacion",NA,NA,NA,NA,NA,6,5,NA,NA
"Género","Tabasco","Permisos de paternidad #Con Lupa de Género","https://imco.org.mx/resultados/?cs=con%20lupa%20de%20genero&t%5B0%5D=investigacion#038;t%5B0%5D=investigacion",NA,NA,NA,NA,NA,5,5,5,NA
"Género","Tamaulipas","Permisos de paternidad #Con Lupa de Género","https://imco.org.mx/resultados/?cs=con%20lupa%20de%20genero&t%5B0%5D=investigacion#038;t%5B0%5D=investigacion",NA,NA,NA,NA,NA,10,10,10,NA
"Género","Tlaxcala","Permisos de paternidad #Con Lupa de Género","https://imco.org.mx/resultados/?cs=con%20lupa%20de%20genero&t%5B0%5D=investigacion#038;t%5B0%5D=investigacion",NA,NA,NA,NA,NA,45,45,45,NA
"Género","Veracruz de Ignacio de la Llave","Permisos de paternidad #Con Lupa de Género","https://imco.org.mx/resultados/?cs=con%20lupa%20de%20genero&t%5B0%5D=investigacion#038;t%5B0%5D=investigacion",NA,NA,NA,NA,NA,5,5,5,NA
"Género","Yucatán","Permisos de paternidad #Con Lupa de Género","https://imco.org.mx/resultados/?cs=con%20lupa%20de%20genero&t%5B0%5D=investigacion#038;t%5B0%5D=investigacion",NA,NA,NA,NA,NA,8,8,10,NA
"Género","Zacatecas","Permisos de paternidad #Con Lupa de Género","https://imco.org.mx/resultados/?cs=con%20lupa%20de%20genero&t%5B0%5D=investigacion#038;t%5B0%5D=investigacion",NA,NA,NA,NA,NA,5,5,45,NA
"Género","Aguascalientes","Pobreza laboral #Con Lupa de Género (Porcentaje)","https://imco.org.mx/resultados/?cs=con%20lupa%20de%20genero&t%5B0%5D=investigacion#038;t%5B0%5D=investigacion",NA,NA,NA,NA,NA,NA,406,421,NA
"Género","Baja California Sur","Pobreza laboral #Con Lupa de Género (Porcentaje)","https://imco.org.mx/resultados/?cs=con%20lupa%20de%20genero&t%5B0%5D=investigacion#038;t%5B0%5D=investigacion",NA,NA,NA,NA,NA,NA,173,1.91e+16,NA
"Género","Campeche","Pobreza laboral #Con Lupa de Género (Porcentaje)","https://imco.org.mx/resultados/?cs=con%20lupa%20de%20genero&t%5B0%5D=investigacion#038;t%5B0%5D=investigacion",NA,NA,NA,NA,NA,NA,441,4.02e+16,NA
"Género","Coahuila de Zaragoza","Pobreza laboral #Con Lupa de Género (Porcentaje)","https://imco.org.mx/resultados/?cs=con%20lupa%20de%20genero&t%5B0%5D=investigacion#038;t%5B0%5D=investigacion",NA,NA,NA,NA,NA,NA,259,272,NA
"Género","Colima","Pobreza laboral #Con Lupa de Género (Porcentaje)","https://imco.org.mx/resultados/?cs=con%20lupa%20de%20genero&t%5B0%5D=investigacion#038;t%5B0%5D=investigacion",NA,NA,NA,NA,NA,NA,28,26,NA
"Género","Chiapas","Pobreza laboral #Con Lupa de Género (Porcentaje)","https://imco.org.mx/resultados/?cs=con%20lupa%20de%20genero&t%5B0%5D=investigacion#038;t%5B0%5D=investigacion",NA,NA,NA,NA,NA,NA,708,667,NA
"Género","Chihuahua","Pobreza laboral #Con Lupa de Género (Porcentaje)","https://imco.org.mx/resultados/?cs=con%20lupa%20de%20genero&t%5B0%5D=investigacion#038;t%5B0%5D=investigacion",NA,NA,NA,NA,NA,NA,257,264,NA
"Género","Ciudad de México","Pobreza laboral #Con Lupa de Género (Porcentaje)","https://imco.org.mx/resultados/?cs=con%20lupa%20de%20genero&t%5B0%5D=investigacion#038;t%5B0%5D=investigacion",NA,NA,NA,NA,NA,NA,375,3.28e+16,NA
"Género","Durango","Pobreza laboral #Con Lupa de Género (Porcentaje)","https://imco.org.mx/resultados/?cs=con%20lupa%20de%20genero&t%5B0%5D=investigacion#038;t%5B0%5D=investigacion",NA,NA,NA,NA,NA,NA,384,3.77e+16,NA
"Género","Hidalgo","Pobreza laboral #Con Lupa de Género (Porcentaje)","https://imco.org.mx/resultados/?cs=con%20lupa%20de%20genero&t%5B0%5D=investigacion#038;t%5B0%5D=investigacion",NA,NA,NA,NA,NA,NA,473,476,NA
"Género","Morelos","Pobreza laboral #Con Lupa de Género (Porcentaje)","https://imco.org.mx/resultados/?cs=con%20lupa%20de%20genero&t%5B0%5D=investigacion#038;t%5B0%5D=investigacion",NA,NA,NA,NA,NA,NA,522,471,NA
"Género","Nayarit","Pobreza laboral #Con Lupa de Género (Porcentaje)","https://imco.org.mx/resultados/?cs=con%20lupa%20de%20genero&t%5B0%5D=investigacion#038;t%5B0%5D=investigacion",NA,NA,NA,NA,NA,NA,33,312,NA
"Género","Nuevo León","Pobreza laboral #Con Lupa de Género (Porcentaje)","https://imco.org.mx/resultados/?cs=con%20lupa%20de%20genero&t%5B0%5D=investigacion#038;t%5B0%5D=investigacion",NA,NA,NA,NA,NA,NA,266,251,NA
"Género","Oaxaca","Pobreza laboral #Con Lupa de Género (Porcentaje)","https://imco.org.mx/resultados/?cs=con%20lupa%20de%20genero&t%5B0%5D=investigacion#038;t%5B0%5D=investigacion",NA,NA,NA,NA,NA,NA,633,603,NA
"Género","Puebla","Pobreza laboral #Con Lupa de Género (Porcentaje)","https://imco.org.mx/resultados/?cs=con%20lupa%20de%20genero&t%5B0%5D=investigacion#038;t%5B0%5D=investigacion",NA,NA,NA,NA,NA,NA,515,437,NA
"Género","Querétaro","Pobreza laboral #Con Lupa de Género (Porcentaje)","https://imco.org.mx/resultados/?cs=con%20lupa%20de%20genero&t%5B0%5D=investigacion#038;t%5B0%5D=investigacion",NA,NA,NA,NA,NA,NA,442,3.83e+16,NA
"Género","Quintana Roo","Pobreza laboral #Con Lupa de Género (Porcentaje)","https://imco.org.mx/resultados/?cs=con%20lupa%20de%20genero&t%5B0%5D=investigacion#038;t%5B0%5D=investigacion",NA,NA,NA,NA,NA,NA,308,251,NA
"Género","San Luis Potosí","Pobreza laboral #Con Lupa de Género (Porcentaje)","https://imco.org.mx/resultados/?cs=con%20lupa%20de%20genero&t%5B0%5D=investigacion#038;t%5B0%5D=investigacion",NA,NA,NA,NA,NA,NA,459,3.97e+16,NA
"Género","Sinaloa","Pobreza laboral #Con Lupa de Género (Porcentaje)","https://imco.org.mx/resultados/?cs=con%20lupa%20de%20genero&t%5B0%5D=investigacion#038;t%5B0%5D=investigacion",NA,NA,NA,NA,NA,NA,34,276,NA
"Género","Sonora","Pobreza laboral #Con Lupa de Género (Porcentaje)","https://imco.org.mx/resultados/?cs=con%20lupa%20de%20genero&t%5B0%5D=investigacion#038;t%5B0%5D=investigacion",NA,NA,NA,NA,NA,NA,3.28e+16,318,NA
"Género","Tabasco","Pobreza laboral #Con Lupa de Género (Porcentaje)","https://imco.org.mx/resultados/?cs=con%20lupa%20de%20genero&t%5B0%5D=investigacion#038;t%5B0%5D=investigacion",NA,NA,NA,NA,NA,NA,48,426,NA
"Género","Tamaulipas","Pobreza laboral #Con Lupa de Género (Porcentaje)","https://imco.org.mx/resultados/?cs=con%20lupa%20de%20genero&t%5B0%5D=investigacion#038;t%5B0%5D=investigacion",NA,NA,NA,NA,NA,NA,354,345,NA
"Género","Tlaxcala","Pobreza laboral #Con Lupa de Género (Porcentaje)","https://imco.org.mx/resultados/?cs=con%20lupa%20de%20genero&t%5B0%5D=investigacion#038;t%5B0%5D=investigacion",NA,NA,NA,NA,NA,NA,497,502,NA
"Género","Veracruz de Ignacio de la Llave","Pobreza laboral #Con Lupa de Género (Porcentaje)","https://imco.org.mx/resultados/?cs=con%20lupa%20de%20genero&t%5B0%5D=investigacion#038;t%5B0%5D=investigacion",NA,NA,NA,NA,NA,NA,564,53,NA
"Género","Yucatán","Pobreza laboral #Con Lupa de Género (Porcentaje)","https://imco.org.mx/resultados/?cs=con%20lupa%20de%20genero&t%5B0%5D=investigacion#038;t%5B0%5D=investigacion",NA,NA,NA,NA,NA,NA,365,375,NA
"Género","Zacatecas","Pobreza laboral #Con Lupa de Género (Porcentaje)","https://imco.org.mx/resultados/?cs=con%20lupa%20de%20genero&t%5B0%5D=investigacion#038;t%5B0%5D=investigacion",NA,NA,NA,NA,NA,NA,504,485,NA
"Medio ambiente","Aguascalientes","Plantas Tratadoras de Aguas residuales","https://www.inegi.org.mx/app/areasgeograficas/?ag=07000001#collapse-Tabulados",NA,NA,NA,NA,NA,2130,3170,4160,4000
"Medio ambiente","Baja California","Plantas Tratadoras de Aguas residuales","https://www.inegi.org.mx/app/areasgeograficas/?ag=07000001#collapse-Tabulados",NA,NA,NA,NA,NA,440,430,430,420
"Medio ambiente","Baja California Sur","Plantas Tratadoras de Aguas residuales","https://www.inegi.org.mx/app/areasgeograficas/?ag=07000001#collapse-Tabulados",NA,NA,NA,NA,NA,NA,540,290,300
"Medio ambiente","Campeche","Plantas Tratadoras de Aguas residuales","https://www.inegi.org.mx/app/areasgeograficas/?ag=07000001#collapse-Tabulados",NA,NA,NA,NA,NA,23650,23960,7800,8590
"Medio ambiente","Coahuila de Zaragoza","Plantas Tratadoras de Aguas residuales","https://www.inegi.org.mx/app/areasgeograficas/?ag=07000001#collapse-Resumen",NA,NA,NA,NA,NA,510,NA,460,NA
"Medio ambiente","Colima","Plantas Tratadoras de Aguas residuales","https://www.inegi.org.mx/app/areasgeograficas/?ag=07000001#collapse-Resumen",NA,NA,NA,NA,NA,860,650,890,890
"Medio ambiente","Chiapas","Plantas Tratadoras de Aguas residuales","https://www.inegi.org.mx/app/areasgeograficas/?ag=07000001#collapse-Tabulados",NA,NA,NA,NA,NA,150,140,140,110
"Medio ambiente","Chihuahua","Plantas Tratadoras de Aguas residuales","https://www.inegi.org.mx/app/areasgeograficas/?ag=07000001#collapse-Resumen",NA,NA,NA,NA,NA,1970,1960,2130,2140
"Medio ambiente","Ciudad de México","Plantas Tratadoras de Aguas residuales","https://www.inegi.org.mx/app/areasgeograficas/?ag=07000001#collapse-Resumen",NA,NA,NA,NA,NA,260,260,260,NA
"Medio ambiente","Durango","Plantas Tratadoras de Aguas residuales","https://www.inegi.org.mx/app/areasgeograficas/?ag=07000010#collapse-Tabulados",NA,NA,NA,NA,NA,NA,3160,3640,NA
"Medio ambiente","Guanajuato","Plantas Tratadoras de Aguas residuales","https://www.inegi.org.mx/app/areasgeograficas/?ag=07000010#collapse-Tabulados",NA,NA,NA,NA,NA,1800,1870,780,890
"Medio ambiente","Guerrero","Plantas Tratadoras de Aguas residuales","https://www.inegi.org.mx/app/areasgeograficas/?ag=07000010#collapse-Tabulados",NA,NA,NA,NA,NA,760,400,440,450
"Medio ambiente","Hidalgo","Plantas Tratadoras de Aguas residuales","https://www.inegi.org.mx/app/areasgeograficas/?ag=07000010#collapse-Tabulados",NA,NA,NA,NA,NA,1240,1050,1060,1570
"Medio ambiente","Jalisco","Plantas Tratadoras de Aguas residuales","https://www.inegi.org.mx/app/areasgeograficas/?ag=07000010#collapse-Tabulados",NA,NA,NA,NA,NA,2180,2310,2310,2360
"Medio ambiente","México","Plantas Tratadoras de Aguas residuales","https://www.inegi.org.mx/app/areasgeograficas/?ag=07000010#collapse-Tabulados",NA,NA,NA,NA,NA,2340,2340,2340,NA
"Medio ambiente","Michoacán de Ocampo","Plantas Tratadoras de Aguas residuales","https://www.inegi.org.mx/app/areasgeograficas/?ag=07000010#collapse-Tabulados",NA,NA,NA,NA,NA,480,480,620,NA
"Medio ambiente","Morelos","Plantas Tratadoras de Aguas residuales","https://www.inegi.org.mx/app/areasgeograficas/?ag=07000017#collapse-Tabulados",NA,NA,NA,NA,NA,2060,2270,2250,NA
"Medio ambiente","Nayarit","Plantas Tratadoras de Aguas residuales","https://www.inegi.org.mx/app/areasgeograficas/?ag=07000017#collapse-Tabulados",NA,NA,NA,NA,NA,740,NA,680,730
"Medio ambiente","Nuevo León","Plantas Tratadoras de Aguas residuales","https://www.inegi.org.mx/app/areasgeograficas/?ag=07000019#collapse-Tabulados",NA,NA,NA,NA,NA,560,570,570,570
"Medio ambiente","Oaxaca","Plantas Tratadoras de Aguas residuales","https://www.inegi.org.mx/app/areasgeograficas/?ag=07000019#collapse-Tabulados",NA,NA,NA,NA,NA,110,1790,680,NA
"Medio ambiente","Puebla","Plantas Tratadoras de Aguas residuales","https://www.inegi.org.mx/app/areasgeograficas/?ag=07000019#collapse-Tabulados",NA,NA,NA,NA,NA,3190,3210,3210,NA
"Medio ambiente","Querétaro","Plantas Tratadoras de Aguas residuales","https://www.inegi.org.mx/app/areasgeograficas/?ag=07000019#collapse-Tabulados",NA,NA,NA,NA,NA,2350,2390,2370,NA
"Medio ambiente","Quintana Roo","Plantas Tratadoras de Aguas residuales","https://www.inegi.org.mx/app/areasgeograficas/?ag=07000019#collapse-Tabulados",NA,NA,NA,NA,NA,310,310,310,310
"Medio ambiente","San Luis Potosí","Plantas Tratadoras de Aguas residuales","https://www.inegi.org.mx/app/areasgeograficas/?ag=07000019#collapse-Tabulados",NA,NA,NA,NA,NA,1680,1750,1330,NA
"Medio ambiente","Sinaloa","Plantas Tratadoras de Aguas residuales","https://www.inegi.org.mx/app/areasgeograficas/?ag=07000019#collapse-Tabulados",NA,NA,NA,NA,NA,3110,3140,3210,3190
"Medio ambiente","Sonora","Plantas Tratadoras de Aguas residuales","https://www.inegi.org.mx/app/areasgeograficas/?ag=07000019#collapse-Tabulados",NA,NA,NA,NA,NA,3070,2980,2990,NA
"Medio ambiente","Tabasco","Plantas Tratadoras de Aguas residuales","https://www.inegi.org.mx/app/areasgeograficas/?ag=07000019#collapse-Tabulados",NA,NA,NA,NA,NA,910,820,960,NA
"Medio ambiente","Tamaulipas","Plantas Tratadoras de Aguas residuales","https://www.inegi.org.mx/app/areasgeograficas/?ag=07000019#collapse-Tabulados",NA,NA,NA,NA,NA,430,430,800,NA
"Medio ambiente","Tlaxcala","Plantas Tratadoras de Aguas residuales","https://www.inegi.org.mx/app/areasgeograficas/?ag=07000019#collapse-Tabulados",NA,NA,NA,NA,NA,800,690,NA,NA
"Medio ambiente","Veracruz de Ignacio de la Llave","Plantas Tratadoras de Aguas residuales","https://www.inegi.org.mx/app/areasgeograficas/?ag=07000019#collapse-Tabulados",NA,NA,NA,NA,NA,2990,2960,2870,NA
"Medio ambiente","Yucatán","Plantas Tratadoras de Aguas residuales","https://www.inegi.org.mx/app/areasgeograficas/?ag=07000019#collapse-Tabulados",NA,NA,NA,NA,NA,370,NA,400,NA
"Medio ambiente","Zacatecas","Plantas Tratadoras de Aguas residuales","https://www.inegi.org.mx/app/areasgeograficas/?ag=07000019#collapse-Tabulados",NA,NA,NA,NA,NA,780,780,740,560
"Medio ambiente","Aguascalientes","Volumen tratado en las PTARs  (Millones m3)","https://www.inegi.org.mx/app/areasgeograficas/?ag=07000001#collapse-Tabulados",NA,NA,NA,NA,NA,788,1111,1126,727
"Medio ambiente","Baja California","Volumen tratado en las PTARs  (Millones m3)","https://www.inegi.org.mx/app/areasgeograficas/?ag=07000001#collapse-Tabulados",NA,NA,NA,NA,NA,1962,1907,1578,1542
"Medio ambiente","Baja California Sur","Volumen tratado en las PTARs  (Millones m3)","https://www.inegi.org.mx/app/areasgeograficas/?ag=07000001#collapse-Tabulados",NA,NA,NA,NA,NA,NA,729,404,446
"Medio ambiente","Campeche","Volumen tratado en las PTARs  (Millones m3)","https://www.inegi.org.mx/app/areasgeograficas/?ag=07000001#collapse-Tabulados",NA,NA,NA,NA,NA,2000,1956,1745,1751
"Medio ambiente","Coahuila de Zaragoza","Volumen tratado en las PTARs  (Millones m3)","https://www.inegi.org.mx/app/areasgeograficas/?ag=07000001#collapse-Resumen",NA,NA,NA,NA,NA,1512,NA,1481,NA
"Medio ambiente","Colima","Volumen tratado en las PTARs  (Millones m3)","https://www.inegi.org.mx/app/areasgeograficas/?ag=07000001#collapse-Resumen",NA,NA,NA,NA,NA,573,666,648,691
"Medio ambiente","Chiapas","Volumen tratado en las PTARs  (Millones m3)","https://www.inegi.org.mx/app/areasgeograficas/?ag=07000001#collapse-Tabulados",NA,NA,NA,NA,NA,353,274,274,280
"Medio ambiente","Chihuahua","Volumen tratado en las PTARs  (Millones m3)","https://www.inegi.org.mx/app/areasgeograficas/?ag=07000001#collapse-Resumen",NA,NA,NA,NA,NA,2266,2234,2251,2254
"Medio ambiente","Ciudad de México","Volumen tratado en las PTARs  (Millones m3)","https://www.inegi.org.mx/app/areasgeograficas/?ag=07000001#collapse-Resumen",NA,NA,NA,NA,NA,756,716,790,NA
"Medio ambiente","Durango","Volumen tratado en las PTARs  (Millones m3)","https://www.inegi.org.mx/app/areasgeograficas/?ag=07000010#collapse-Tabulados",NA,NA,NA,NA,NA,NA,828,1160,NA
"Medio ambiente","Guerrero","Volumen tratado en las PTARs  (Millones m3)","https://www.inegi.org.mx/app/areasgeograficas/?ag=07000010#collapse-Tabulados",NA,NA,NA,NA,NA,1200,682,2939,469
"Medio ambiente","Hidalgo","Volumen tratado en las PTARs  (Millones m3)","https://www.inegi.org.mx/app/areasgeograficas/?ag=07000010#collapse-Tabulados",NA,NA,NA,NA,NA,9495,616,616,529
"Medio ambiente","Jalisco","Volumen tratado en las PTARs  (Millones m3)","https://www.inegi.org.mx/app/areasgeograficas/?ag=07000010#collapse-Tabulados",NA,NA,NA,NA,NA,3806,3377,3377,3840
"Medio ambiente","México","Volumen tratado en las PTARs  (Millones m3)","https://www.inegi.org.mx/app/areasgeograficas/?ag=07000010#collapse-Tabulados",NA,NA,NA,NA,NA,1548,1410,1565,NA
"Medio ambiente","Michoacán de Ocampo","Volumen tratado en las PTARs  (Millones m3)","https://www.inegi.org.mx/app/areasgeograficas/?ag=07000010#collapse-Tabulados",NA,NA,NA,NA,NA,983,925,860,NA
"Medio ambiente","Morelos","Volumen tratado en las PTARs  (Millones m3)","https://www.inegi.org.mx/app/areasgeograficas/?ag=07000017#collapse-Tabulados",NA,NA,NA,NA,NA,977,1082,1502,NA
"Medio ambiente","Nuevo León","Volumen tratado en las PTARs  (Millones m3)","https://www.inegi.org.mx/app/areasgeograficas/?ag=07000019#collapse-Tabulados",NA,NA,NA,NA,NA,3907,3434,3222,3121
"Medio ambiente","Oaxaca","Volumen tratado en las PTARs  (Millones m3)","https://www.inegi.org.mx/app/areasgeograficas/?ag=07000019#collapse-Tabulados",NA,NA,NA,NA,NA,NA,66,342,NA
"Medio ambiente","Puebla","Volumen tratado en las PTARs  (Millones m3)","https://www.inegi.org.mx/app/areasgeograficas/?ag=07000019#collapse-Tabulados",NA,NA,NA,NA,NA,1598,2259,2266,NA
"Medio ambiente","Querétaro","Volumen tratado en las PTARs  (Millones m3)","https://www.inegi.org.mx/app/areasgeograficas/?ag=07000019#collapse-Tabulados",NA,NA,NA,NA,NA,689,704,745,NA
"Medio ambiente","Quintana Roo","Volumen tratado en las PTARs  (Millones m3)","https://www.inegi.org.mx/app/areasgeograficas/?ag=07000019#collapse-Tabulados",NA,NA,NA,NA,NA,586,630,577,561
"Medio ambiente","San Luis Potosí","Volumen tratado en las PTARs  (Millones m3)","https://www.inegi.org.mx/app/areasgeograficas/?ag=07000019#collapse-Tabulados",NA,NA,NA,NA,NA,933,964,831,NA
"Medio ambiente","Sinaloa","Volumen tratado en las PTARs  (Millones m3)","https://www.inegi.org.mx/app/areasgeograficas/?ag=07000019#collapse-Tabulados",NA,NA,NA,NA,NA,2015,2001,1801,1686
"Medio ambiente","Sonora","Volumen tratado en las PTARs  (Millones m3)","https://www.inegi.org.mx/app/areasgeograficas/?ag=07000019#collapse-Tabulados",NA,NA,NA,NA,NA,2375,2265,2274,NA
"Medio ambiente","Tabasco","Volumen tratado en las PTARs  (Millones m3)","https://www.inegi.org.mx/app/areasgeograficas/?ag=07000019#collapse-Tabulados",NA,NA,NA,NA,NA,335,417,456,NA
"Medio ambiente","Tamaulipas","Volumen tratado en las PTARs  (Millones m3)","https://www.inegi.org.mx/app/areasgeograficas/?ag=07000019#collapse-Tabulados",NA,NA,NA,NA,NA,1331,1253,2680,NA
"Medio ambiente","Tlaxcala","Volumen tratado en las PTARs  (Millones m3)","https://www.inegi.org.mx/app/areasgeograficas/?ag=07000019#collapse-Tabulados",NA,NA,NA,NA,NA,672,363,NA,NA
"Medio ambiente","Veracruz de Ignacio de la Llave","Volumen tratado en las PTARs  (Millones m3)","https://www.inegi.org.mx/app/areasgeograficas/?ag=07000019#collapse-Tabulados",NA,NA,NA,NA,NA,4354,4341,3149,NA
"Medio ambiente","Yucatán","Volumen tratado en las PTARs  (Millones m3)","https://www.inegi.org.mx/app/areasgeograficas/?ag=07000019#collapse-Tabulados",NA,NA,NA,NA,NA,190,NA,249,NA
"Medio ambiente","Zacatecas","Volumen tratado en las PTARs  (Millones m3)","https://www.inegi.org.mx/app/areasgeograficas/?ag=07000019#collapse-Tabulados",NA,NA,NA,NA,NA,699,57,59,433
"Seguridad Pública","Aguascalientes","Cifra negra","https://www.inegi.org.mx/programas/envipe/2024/#tabulados",NA,NA,NA,NA,NA,895365592897318,921655106784035,898498588787797,NA
"Seguridad Pública","Baja California","Cifra negra","https://www.inegi.org.mx/programas/envipe/2024/#tabulados",NA,NA,NA,NA,NA,911749712388314,877999901355326,889100167105371,NA
"Seguridad Pública","Baja California Sur","Cifra negra","https://www.inegi.org.mx/programas/envipe/2024/#tabulados",NA,NA,NA,NA,NA,907144109597396,903101974239271,918574618309094,NA
"Seguridad Pública","Campeche","Cifra negra","https://www.inegi.org.mx/programas/envipe/2024/#tabulados",NA,NA,NA,NA,NA,9076989329633,877458631694692,898616890837482,NA
"Seguridad Pública","Coahuila de Zaragoza","Cifra negra","https://www.inegi.org.mx/programas/envipe/2024/#tabulados",NA,NA,NA,NA,NA,931634982344759,916147268238577,918156538252849,NA
"Seguridad Pública","Colima","Cifra negra","https://www.inegi.org.mx/programas/envipe/2024/#tabulados",NA,NA,NA,NA,NA,9039595792947,891924400909103,900691251647751,NA
"Seguridad Pública","Chiapas","Cifra negra","https://www.inegi.org.mx/programas/envipe/2024/#tabulados",NA,NA,NA,NA,NA,914752214459326,904735253513687,966416932172343,NA
"Seguridad Pública","Chihuahua","Cifra negra","https://www.inegi.org.mx/programas/envipe/2024/#tabulados",NA,NA,NA,NA,NA,922968240070047,925892491389905,91107351674694,NA
"Seguridad Pública","Ciudad de México","Cifra negra","https://www.inegi.org.mx/programas/envipe/2024/#tabulados",NA,NA,NA,NA,NA,922030406228708,925630971782918,930131001102577,NA
"Seguridad Pública","Durango","Cifra negra","https://www.inegi.org.mx/programas/envipe/2024/#tabulados",NA,NA,NA,NA,NA,928811276628659,911794195519694,888577199281867,NA
"Seguridad Pública","Guanajuato","Cifra negra","https://www.inegi.org.mx/programas/envipe/2024/#tabulados",NA,NA,NA,NA,NA,944815656113625,91926950212132,917985221215676,NA
"Seguridad Pública","Guerrero","Cifra negra","https://www.inegi.org.mx/programas/envipe/2024/#tabulados",NA,NA,NA,NA,NA,961816242669596,967809592309406,974532287061622,NA
"Seguridad Pública","Hidalgo","Cifra negra","https://www.inegi.org.mx/programas/envipe/2024/#tabulados",NA,NA,NA,NA,NA,922739318815991,875219589742905,890121534605996,NA
"Seguridad Pública","Jalisco","Cifra negra","https://www.inegi.org.mx/programas/envipe/2024/#tabulados",NA,NA,NA,NA,NA,929642435008174,895148129117572,916092830273567,NA
"Seguridad Pública","México","Cifra negra","https://www.inegi.org.mx/programas/envipe/2024/#tabulados",NA,NA,NA,NA,NA,928206309775677,928980432155521,929402134988575,NA
"Seguridad Pública","Michoacán de Ocampo","Cifra negra","https://www.inegi.org.mx/programas/envipe/2024/#tabulados",NA,NA,NA,NA,NA,944390396213702,928370538056759,897878193055128,NA
"Seguridad Pública","Morelos","Cifra negra","https://www.inegi.org.mx/programas/envipe/2024/#tabulados",NA,NA,NA,NA,NA,92953010026249,946010287983187,926609627615396,NA
"Seguridad Pública","Nayarit","Cifra negra","https://www.inegi.org.mx/programas/envipe/2024/#tabulados",NA,NA,NA,NA,NA,940434105195294,93754501301915,961937864949128,NA
"Seguridad Pública","Nuevo León","Cifra negra","https://www.inegi.org.mx/programas/envipe/2024/#tabulados",NA,NA,NA,NA,NA,945774418306916,922906296734448,918660616646945,NA
"Seguridad Pública","Oaxaca","Cifra negra","https://www.inegi.org.mx/programas/envipe/2024/#tabulados",NA,NA,NA,NA,NA,942448942522733,93179697738667,957180263436473,NA
"Seguridad Pública","Puebla","Cifra negra","https://www.inegi.org.mx/programas/envipe/2024/#tabulados",NA,NA,NA,NA,NA,935996067375944,932147065802092,930057264929906,NA
"Seguridad Pública","Querétaro","Cifra negra","https://www.inegi.org.mx/programas/envipe/2024/#tabulados",NA,NA,NA,NA,NA,917778935162081,926055778629925,92654046729793,NA
"Seguridad Pública","Quintana Roo","Cifra negra","https://www.inegi.org.mx/programas/envipe/2024/#tabulados",NA,NA,NA,NA,NA,913374540478482,937263153053716,935406149609913,NA
"Seguridad Pública","San Luis Potosí","Cifra negra","https://www.inegi.org.mx/programas/envipe/2024/#tabulados",NA,NA,NA,NA,NA,963102830489264,92773977182404,930247440921542,NA
"Seguridad Pública","Sinaloa","Cifra negra","https://www.inegi.org.mx/programas/envipe/2024/#tabulados",NA,NA,NA,NA,NA,967028265388175,955877829748918,963343140941973,NA
"Seguridad Pública","Sonora","Cifra negra","https://www.inegi.org.mx/programas/envipe/2024/#tabulados",NA,NA,NA,NA,NA,943343629925413,906678745242873,954077403452308,NA
"Seguridad Pública","Tabasco","Cifra negra","https://www.inegi.org.mx/programas/envipe/2024/#tabulados",NA,NA,NA,NA,NA,944110941348248,935407820331517,941205744981757,NA
"Seguridad Pública","Tamaulipas","Cifra negra","https://www.inegi.org.mx/programas/envipe/2024/#tabulados",NA,NA,NA,NA,NA,941133488605745,951277356205768,963949128534529,NA
"Seguridad Pública","Tlaxcala","Cifra negra","https://www.inegi.org.mx/programas/envipe/2024/#tabulados",NA,NA,NA,NA,NA,928223430150625,929140092506243,926790568844359,NA
"Seguridad Pública","Veracruz de Ignacio de la Llave","Cifra negra","https://www.inegi.org.mx/programas/envipe/2024/#tabulados",NA,NA,NA,NA,NA,932417015028819,936870031180349,963185062806145,NA
"Seguridad Pública","Yucatán","Cifra negra","https://www.inegi.org.mx/programas/envipe/2024/#tabulados",NA,NA,NA,NA,NA,947743561374393,93784687633414,929732451912669,NA
"Seguridad Pública","Zacatecas","Cifra negra","https://www.inegi.org.mx/programas/envipe/2024/#tabulados",NA,NA,NA,NA,NA,920042194939014,959720312891169,913549852918151,NA
"Seguridad Pública","Aguascalientes","Delitos denunciados (porcentaje)","https://www.inegi.org.mx/programas/envipe/2024/#tabulados",NA,NA,NA,NA,NA,151994475101434,110111084676903,147564309141225,NA
"Seguridad Pública","Baja California","Delitos denunciados (porcentaje)","https://www.inegi.org.mx/programas/envipe/2024/#tabulados",NA,NA,NA,NA,NA,137035199996326,184925017068125,164832136111552,NA
"Seguridad Pública","Baja California Sur","Delitos denunciados (porcentaje)","https://www.inegi.org.mx/programas/envipe/2024/#tabulados",NA,NA,NA,NA,NA,115147403008287,135025873221216,107030354233299,NA
"Seguridad Pública","Campeche","Delitos denunciados (porcentaje)","https://www.inegi.org.mx/programas/envipe/2024/#tabulados",NA,NA,NA,NA,NA,141840917428266,154375519618097,14709816452404,NA
"Seguridad Pública","Coahuila de Zaragoza","Delitos denunciados (porcentaje)","https://www.inegi.org.mx/programas/envipe/2024/#tabulados",NA,NA,NA,NA,NA,105655027285373,116417760921679,126456524688009,NA
"Seguridad Pública","Colima","Delitos denunciados (porcentaje)","https://www.inegi.org.mx/programas/envipe/2024/#tabulados",NA,NA,NA,NA,NA,130576751220183,131215194247664,139279169211973,NA
"Seguridad Pública","Chiapas","Delitos denunciados (porcentaje)","https://www.inegi.org.mx/programas/envipe/2024/#tabulados",NA,NA,NA,NA,NA,143281365998515,154470634672825,684718158851974,NA
"Seguridad Pública","Chihuahua","Delitos denunciados (porcentaje)","https://www.inegi.org.mx/programas/envipe/2024/#tabulados",NA,NA,NA,NA,NA,107300633379197,103884025428229,135291866122625,NA
"Seguridad Pública","Ciudad de México","Delitos denunciados (porcentaje)","https://www.inegi.org.mx/programas/envipe/2024/#tabulados",NA,NA,NA,NA,NA,118276812578228,110915988743763,108083197847172,NA
"Seguridad Pública","Durango","Delitos denunciados (porcentaje)","https://www.inegi.org.mx/programas/envipe/2024/#tabulados",NA,NA,NA,NA,NA,12474633955465,126795843940439,135148613604628,NA
"Seguridad Pública","Guanajuato","Delitos denunciados (porcentaje)","https://www.inegi.org.mx/programas/envipe/2024/#tabulados",NA,NA,NA,NA,NA,826808409513169,109077419726983,121796901309331,NA
"Seguridad Pública","Guerrero","Delitos denunciados (porcentaje)","https://www.inegi.org.mx/programas/envipe/2024/#tabulados",NA,NA,NA,NA,NA,613191684255365,429026518272407,360241900911449,NA
"Seguridad Pública","Hidalgo","Delitos denunciados (porcentaje)","https://www.inegi.org.mx/programas/envipe/2024/#tabulados",NA,NA,NA,NA,NA,193137681057812,178267907279136,138679144089531,NA
"Seguridad Pública","Jalisco","Delitos denunciados (porcentaje)","https://www.inegi.org.mx/programas/envipe/2024/#tabulados",NA,NA,NA,NA,NA,867355728269135,130225249862161,119488108776885,NA
"Seguridad Pública","México","Delitos denunciados (porcentaje)","https://www.inegi.org.mx/programas/envipe/2024/#tabulados",NA,NA,NA,NA,NA,107174715923096,111030709975768,10346488747032,NA
"Seguridad Pública","Michoacán de Ocampo","Delitos denunciados (porcentaje)","https://www.inegi.org.mx/programas/envipe/2024/#tabulados",NA,NA,NA,NA,NA,942203086227014,101827504010314,13857200286854,NA
"Seguridad Pública","Morelos","Delitos denunciados (porcentaje)","https://www.inegi.org.mx/programas/envipe/2024/#tabulados",NA,NA,NA,NA,NA,102433409354964,924861357480988,113325293254298,NA
"Seguridad Pública","Nayarit","Delitos denunciados (porcentaje)","https://www.inegi.org.mx/programas/envipe/2024/#tabulados",NA,NA,NA,NA,NA,966045237199807,102897453417296,703948970383916,NA
"Seguridad Pública","Nuevo León","Delitos denunciados (porcentaje)","https://www.inegi.org.mx/programas/envipe/2024/#tabulados",NA,NA,NA,NA,NA,691650201475862,975096817035334,948691178894791,NA
"Seguridad Pública","Oaxaca","Delitos denunciados (porcentaje)","https://www.inegi.org.mx/programas/envipe/2024/#tabulados",NA,NA,NA,NA,NA,782124490560469,96040398319883,819570083547616,NA
"Seguridad Pública","Puebla","Delitos denunciados (porcentaje)","https://www.inegi.org.mx/programas/envipe/2024/#tabulados",NA,NA,NA,NA,NA,916191901103551,104358320384763,113597626961971,NA
"Seguridad Pública","Querétaro","Delitos denunciados (porcentaje)","https://www.inegi.org.mx/programas/envipe/2024/#tabulados",NA,NA,NA,NA,NA,125231602882492,10208585784642,988768770847254,NA
"Seguridad Pública","Quintana Roo","Delitos denunciados (porcentaje)","https://www.inegi.org.mx/programas/envipe/2024/#tabulados",NA,NA,NA,NA,NA,124456401990004,924714863870493,105259293253786,NA
"Seguridad Pública","San Luis Potosí","Delitos denunciados (porcentaje)","https://www.inegi.org.mx/programas/envipe/2024/#tabulados",NA,NA,NA,NA,NA,752829705773279,104111103932301,908256239226333,NA
"Seguridad Pública","Sinaloa","Delitos denunciados (porcentaje)","https://www.inegi.org.mx/programas/envipe/2024/#tabulados",NA,NA,NA,NA,NA,4731531914248,549399587241129,501397399877589,NA
"Seguridad Pública","Sonora","Delitos denunciados (porcentaje)","https://www.inegi.org.mx/programas/envipe/2024/#tabulados",NA,NA,NA,NA,NA,929612747683267,11799100758448,656125646304971,NA
"Seguridad Pública","Tabasco","Delitos denunciados (porcentaje)","https://www.inegi.org.mx/programas/envipe/2024/#tabulados",NA,NA,NA,NA,NA,724753796797241,932211463916293,864718396063844,NA
"Seguridad Pública","Tamaulipas","Delitos denunciados (porcentaje)","https://www.inegi.org.mx/programas/envipe/2024/#tabulados",NA,NA,NA,NA,NA,948227306632568,682820952245272,532696051325946,NA
"Seguridad Pública","Tlaxcala","Delitos denunciados (porcentaje)","https://www.inegi.org.mx/programas/envipe/2024/#tabulados",NA,NA,NA,NA,NA,106367246838339,12718982556502,112021474857661,NA
"Seguridad Pública","Veracruz de Ignacio de la Llave","Delitos denunciados (porcentaje)","https://www.inegi.org.mx/programas/envipe/2024/#tabulados",NA,NA,NA,NA,NA,883398117491373,101044609933642,705875916311526,NA
"Seguridad Pública","Yucatán","Delitos denunciados (porcentaje)","https://www.inegi.org.mx/programas/envipe/2024/#tabulados",NA,NA,NA,NA,NA,804450181326449,856458422275983,945225676048282,NA
"Seguridad Pública","Zacatecas","Delitos denunciados (porcentaje)","https://www.inegi.org.mx/programas/envipe/2024/#tabulados",NA,NA,NA,NA,NA,953036070255376,557793071946522,112035392923414,NA
"Seguridad Pública","Aguascalientes","Indice de Paz","https://static1.squarespace.com/static/5eaa390ddf0dcb548e9dd5da/t/6822e0ed6e1e3b76e9fe0348/1747116310504/MPI-ESP-2025-web.pdf",NA,NA,NA,NA,NA,215,2021,2329,244
"Seguridad Pública","Baja California","Indice de Paz","https://static1.squarespace.com/static/5eaa390ddf0dcb548e9dd5da/t/6822e0ed6e1e3b76e9fe0348/1747116310504/MPI-ESP-2025-web.pdf",NA,NA,NA,NA,NA,4307,4102,4422,4134
"Seguridad Pública","Baja California Sur","Indice de Paz","https://static1.squarespace.com/static/5eaa390ddf0dcb548e9dd5da/t/6822e0ed6e1e3b76e9fe0348/1747116310504/MPI-ESP-2025-web.pdf",NA,NA,NA,NA,NA,2478,2448,2609,2951
"Seguridad Pública","Campeche","Indice de Paz","https://static1.squarespace.com/static/5eaa390ddf0dcb548e9dd5da/t/6822e0ed6e1e3b76e9fe0348/1747116310504/MPI-ESP-2025-web.pdf",NA,NA,NA,NA,NA,1622,2007,2381,2142
"Seguridad Pública","Coahuila de Zaragoza","Indice de Paz","https://static1.squarespace.com/static/5eaa390ddf0dcb548e9dd5da/t/6822e0ed6e1e3b76e9fe0348/1747116310504/MPI-ESP-2025-web.pdf",NA,NA,NA,NA,NA,1967,1998,2074,2113
"Seguridad Pública","Colima","Indice de Paz","https://static1.squarespace.com/static/5eaa390ddf0dcb548e9dd5da/t/6822e0ed6e1e3b76e9fe0348/1747116310504/MPI-ESP-2025-web.pdf",NA,NA,NA,NA,NA,3989,4499,4742,4736
"Seguridad Pública","Chiapas","Indice de Paz","https://static1.squarespace.com/static/5eaa390ddf0dcb548e9dd5da/t/6822e0ed6e1e3b76e9fe0348/1747116310504/MPI-ESP-2025-web.pdf",NA,NA,NA,NA,NA,1613,1686,1738,1936
"Seguridad Pública","Chihuahua","Indice de Paz","https://static1.squarespace.com/static/5eaa390ddf0dcb548e9dd5da/t/6822e0ed6e1e3b76e9fe0348/1747116310504/MPI-ESP-2025-web.pdf",NA,NA,NA,NA,NA,3517,3053,357,3584
"Seguridad Pública","Ciudad de México","Indice de Paz","https://static1.squarespace.com/static/5eaa390ddf0dcb548e9dd5da/t/6822e0ed6e1e3b76e9fe0348/1747116310504/MPI-ESP-2025-web.pdf",NA,NA,NA,NA,NA,2426,2319,2726,2714
"Seguridad Pública","Durango","Indice de Paz","https://static1.squarespace.com/static/5eaa390ddf0dcb548e9dd5da/t/6822e0ed6e1e3b76e9fe0348/1747116310504/MPI-ESP-2025-web.pdf",NA,NA,NA,NA,NA,2051,2011,1961,1848
"Seguridad Pública","Guanajuato","Indice de Paz","https://static1.squarespace.com/static/5eaa390ddf0dcb548e9dd5da/t/6822e0ed6e1e3b76e9fe0348/1747116310504/MPI-ESP-2025-web.pdf",NA,NA,NA,NA,NA,3567,3472,4055,4303
"Seguridad Pública","Guerrero","Indice de Paz","https://static1.squarespace.com/static/5eaa390ddf0dcb548e9dd5da/t/6822e0ed6e1e3b76e9fe0348/1747116310504/MPI-ESP-2025-web.pdf",NA,NA,NA,NA,NA,2862,2813,3271,3328
"Seguridad Pública","Hidalgo","Indice de Paz","https://static1.squarespace.com/static/5eaa390ddf0dcb548e9dd5da/t/6822e0ed6e1e3b76e9fe0348/1747116310504/MPI-ESP-2025-web.pdf",NA,NA,NA,NA,NA,1817,1958,2336,219
"Seguridad Pública","Jalisco","Indice de Paz","https://static1.squarespace.com/static/5eaa390ddf0dcb548e9dd5da/t/6822e0ed6e1e3b76e9fe0348/1747116310504/MPI-ESP-2025-web.pdf",NA,NA,NA,NA,NA,2496,2424,2729,2694
"Seguridad Pública","México","Indice de Paz","https://static1.squarespace.com/static/5eaa390ddf0dcb548e9dd5da/t/6822e0ed6e1e3b76e9fe0348/1747116310504/MPI-ESP-2025-web.pdf",NA,NA,NA,NA,NA,2904,2948,3446,3359
"Seguridad Pública","Michoacán de Ocampo","Indice de Paz","https://static1.squarespace.com/static/5eaa390ddf0dcb548e9dd5da/t/6822e0ed6e1e3b76e9fe0348/1747116310504/MPI-ESP-2025-web.pdf",NA,NA,NA,NA,NA,319,2937,3,2934
"Seguridad Pública","Morelos","Indice de Paz","https://static1.squarespace.com/static/5eaa390ddf0dcb548e9dd5da/t/6822e0ed6e1e3b76e9fe0348/1747116310504/MPI-ESP-2025-web.pdf",NA,NA,NA,NA,NA,3299,3333,4123,4302
"Seguridad Pública","Nayarit","Indice de Paz","https://static1.squarespace.com/static/5eaa390ddf0dcb548e9dd5da/t/6822e0ed6e1e3b76e9fe0348/1747116310504/MPI-ESP-2025-web.pdf",NA,NA,NA,NA,NA,1869,1936,208,2095
"Seguridad Pública","Nuevo León","Indice de Paz","https://static1.squarespace.com/static/5eaa390ddf0dcb548e9dd5da/t/6822e0ed6e1e3b76e9fe0348/1747116310504/MPI-ESP-2025-web.pdf",NA,NA,NA,NA,NA,2802,3083,3621,3538
"Seguridad Pública","Oaxaca","Indice de Paz","https://static1.squarespace.com/static/5eaa390ddf0dcb548e9dd5da/t/6822e0ed6e1e3b76e9fe0348/1747116310504/MPI-ESP-2025-web.pdf",NA,NA,NA,NA,NA,229,2281,2578,2536
"Seguridad Pública","Puebla","Indice de Paz","https://static1.squarespace.com/static/5eaa390ddf0dcb548e9dd5da/t/6822e0ed6e1e3b76e9fe0348/1747116310504/MPI-ESP-2025-web.pdf",NA,NA,NA,NA,NA,2042,2048,2375,2391
"Seguridad Pública","Querétaro","Indice de Paz","https://static1.squarespace.com/static/5eaa390ddf0dcb548e9dd5da/t/6822e0ed6e1e3b76e9fe0348/1747116310504/MPI-ESP-2025-web.pdf",NA,NA,NA,NA,NA,2348,2315,2634,2701
"Seguridad Pública","Quintana Roo","Indice de Paz","https://static1.squarespace.com/static/5eaa390ddf0dcb548e9dd5da/t/6822e0ed6e1e3b76e9fe0348/1747116310504/MPI-ESP-2025-web.pdf",NA,NA,NA,NA,NA,3052,2996,3678,375
"Seguridad Pública","San Luis Potosí","Indice de Paz","https://static1.squarespace.com/static/5eaa390ddf0dcb548e9dd5da/t/6822e0ed6e1e3b76e9fe0348/1747116310504/MPI-ESP-2025-web.pdf",NA,NA,NA,NA,NA,273,2461,2868,2887
"Seguridad Pública","Sinaloa","Indice de Paz","https://static1.squarespace.com/static/5eaa390ddf0dcb548e9dd5da/t/6822e0ed6e1e3b76e9fe0348/1747116310504/MPI-ESP-2025-web.pdf",NA,NA,NA,NA,NA,2294,22,2794,3245
"Seguridad Pública","Sonora","Indice de Paz","https://static1.squarespace.com/static/5eaa390ddf0dcb548e9dd5da/t/6822e0ed6e1e3b76e9fe0348/1747116310504/MPI-ESP-2025-web.pdf",NA,NA,NA,NA,NA,3524,3176,3254,3267
"Seguridad Pública","Tabasco","Indice de Paz","https://static1.squarespace.com/static/5eaa390ddf0dcb548e9dd5da/t/6822e0ed6e1e3b76e9fe0348/1747116310504/MPI-ESP-2025-web.pdf",NA,NA,NA,NA,NA,2113,2004,2278,3122
"Seguridad Pública","Tamaulipas","Indice de Paz","https://static1.squarespace.com/static/5eaa390ddf0dcb548e9dd5da/t/6822e0ed6e1e3b76e9fe0348/1747116310504/MPI-ESP-2025-web.pdf",NA,NA,NA,NA,NA,2064,1905,2328,2359
"Seguridad Pública","Tlaxcala","Indice de Paz","https://static1.squarespace.com/static/5eaa390ddf0dcb548e9dd5da/t/6822e0ed6e1e3b76e9fe0348/1747116310504/MPI-ESP-2025-web.pdf",NA,NA,NA,NA,NA,1517,1661,1609,1656
"Seguridad Pública","Veracruz de Ignacio de la Llave","Indice de Paz","https://static1.squarespace.com/static/5eaa390ddf0dcb548e9dd5da/t/6822e0ed6e1e3b76e9fe0348/1747116310504/MPI-ESP-2025-web.pdf",NA,NA,NA,NA,NA,2028,2032,237,5405
"Seguridad Pública","Yucatán","Indice de Paz","https://static1.squarespace.com/static/5eaa390ddf0dcb548e9dd5da/t/6822e0ed6e1e3b76e9fe0348/1747116310504/MPI-ESP-2025-web.pdf",NA,NA,NA,NA,NA,1254,1449,1314,1265
"Seguridad Pública","Zacatecas","Indice de Paz","https://static1.squarespace.com/static/5eaa390ddf0dcb548e9dd5da/t/6822e0ed6e1e3b76e9fe0348/1747116310504/MPI-ESP-2025-web.pdf",NA,NA,NA,NA,NA,4227,4226,3791,2921
"Seguridad Pública","Aguascalientes","Mortalidad Defunciones registradas en Accidentes de Tránsito","https://www.inegi.org.mx/app/tabulados/interactivos/?px=ATUS_1&bd=ATUS&idrt=168&opc=t",NA,NA,NA,NA,NA,76,84,74,NA
"Seguridad Pública","Baja California","Mortalidad Defunciones registradas en Accidentes de Tránsito","https://www.inegi.org.mx/app/tabulados/interactivos/?px=ATUS_1&bd=ATUS&idrt=168&opc=t",NA,NA,NA,NA,NA,128,68,106,NA
"Seguridad Pública","Baja California Sur","Mortalidad Defunciones registradas en Accidentes de Tránsito","https://www.inegi.org.mx/app/tabulados/interactivos/?px=ATUS_1&bd=ATUS&idrt=168&opc=t",NA,NA,NA,NA,NA,28,35,46,NA
"Seguridad Pública","Campeche","Mortalidad Defunciones registradas en Accidentes de Tránsito","https://www.inegi.org.mx/app/tabulados/interactivos/?px=ATUS_1&bd=ATUS&idrt=168&opc=t",NA,NA,NA,NA,NA,42,50,34,NA
"Seguridad Pública","Coahuila de Zaragoza","Mortalidad Defunciones registradas en Accidentes de Tránsito","https://www.inegi.org.mx/app/tabulados/interactivos/?px=ATUS_1&bd=ATUS&idrt=168&opc=t",NA,NA,NA,NA,NA,90,100,80,NA
"Seguridad Pública","Colima","Mortalidad Defunciones registradas en Accidentes de Tránsito","https://www.inegi.org.mx/app/tabulados/interactivos/?px=ATUS_1&bd=ATUS&idrt=168&opc=t",NA,NA,NA,NA,NA,33,39,37,NA
"Seguridad Pública","Chiapas","Mortalidad Defunciones registradas en Accidentes de Tránsito","https://www.inegi.org.mx/app/tabulados/interactivos/?px=ATUS_1&bd=ATUS&idrt=168&opc=t",NA,NA,NA,NA,NA,69,84,90,NA
"Seguridad Pública","Chihuahua","Mortalidad Defunciones registradas en Accidentes de Tránsito","https://www.inegi.org.mx/app/tabulados/interactivos/?px=ATUS_1&bd=ATUS&idrt=168&opc=t",NA,NA,NA,NA,NA,303,266,241,NA
"Seguridad Pública","Ciudad de México","Mortalidad Defunciones registradas en Accidentes de Tránsito","https://www.inegi.org.mx/app/tabulados/interactivos/?px=ATUS_1&bd=ATUS&idrt=168&opc=t",NA,NA,NA,NA,NA,245,281,281,NA
"Seguridad Pública","Durango","Mortalidad Defunciones registradas en Accidentes de Tránsito","https://www.inegi.org.mx/app/tabulados/interactivos/?px=ATUS_1&bd=ATUS&idrt=168&opc=t",NA,NA,NA,NA,NA,89,96,113,NA
"Seguridad Pública","Guanajuato","Mortalidad Defunciones registradas en Accidentes de Tránsito","https://www.inegi.org.mx/app/tabulados/interactivos/?px=ATUS_1&bd=ATUS&idrt=168&opc=t",NA,NA,NA,NA,NA,200,171,178,NA
"Seguridad Pública","Guerrero","Mortalidad Defunciones registradas en Accidentes de Tránsito","https://www.inegi.org.mx/app/tabulados/interactivos/?px=ATUS_1&bd=ATUS&idrt=168&opc=t",NA,NA,NA,NA,NA,97,90,69,NA
"Seguridad Pública","Hidalgo","Mortalidad Defunciones registradas en Accidentes de Tránsito","https://www.inegi.org.mx/app/tabulados/interactivos/?px=ATUS_1&bd=ATUS&idrt=168&opc=t",NA,NA,NA,NA,NA,29,48,50,NA
"Seguridad Pública","Jalisco","Mortalidad Defunciones registradas en Accidentes de Tránsito","https://www.inegi.org.mx/app/tabulados/interactivos/?px=ATUS_1&bd=ATUS&idrt=168&opc=t",NA,NA,NA,NA,NA,339,304,362,NA
"Seguridad Pública","México","Mortalidad Defunciones registradas en Accidentes de Tránsito","https://www.inegi.org.mx/app/tabulados/interactivos/?px=ATUS_1&bd=ATUS&idrt=168&opc=t",NA,NA,NA,NA,NA,518,403,379,NA
"Seguridad Pública","Michoacán de Ocampo","Mortalidad Defunciones registradas en Accidentes de Tránsito","https://www.inegi.org.mx/app/tabulados/interactivos/?px=ATUS_1&bd=ATUS&idrt=168&opc=t",NA,NA,NA,NA,NA,261,240,249,NA
"Seguridad Pública","Morelos","Mortalidad Defunciones registradas en Accidentes de Tránsito","https://www.inegi.org.mx/app/tabulados/interactivos/?px=ATUS_1&bd=ATUS&idrt=168&opc=t",NA,NA,NA,NA,NA,105,72,59,NA
"Seguridad Pública","Nayarit","Mortalidad Defunciones registradas en Accidentes de Tránsito","https://www.inegi.org.mx/app/tabulados/interactivos/?px=ATUS_1&bd=ATUS&idrt=168&opc=t",NA,NA,NA,NA,NA,63,69,51,NA
"Seguridad Pública","Nuevo León","Mortalidad Defunciones registradas en Accidentes de Tránsito","https://www.inegi.org.mx/app/tabulados/interactivos/?px=ATUS_1&bd=ATUS&idrt=168&opc=t",NA,NA,NA,NA,NA,232,222,229,NA
"Seguridad Pública","Oaxaca","Mortalidad Defunciones registradas en Accidentes de Tránsito","https://www.inegi.org.mx/app/tabulados/interactivos/?px=ATUS_1&bd=ATUS&idrt=168&opc=t",NA,NA,NA,NA,NA,71,73,89,NA
"Seguridad Pública","Puebla","Mortalidad Defunciones registradas en Accidentes de Tránsito","https://www.inegi.org.mx/app/tabulados/interactivos/?px=ATUS_1&bd=ATUS&idrt=168&opc=t",NA,NA,NA,NA,NA,267,253,239,NA
"Seguridad Pública","Querétaro","Mortalidad Defunciones registradas en Accidentes de Tránsito","https://www.inegi.org.mx/app/tabulados/interactivos/?px=ATUS_1&bd=ATUS&idrt=168&opc=t",NA,NA,NA,NA,NA,164,150,149,NA
"Seguridad Pública","Quintana Roo","Mortalidad Defunciones registradas en Accidentes de Tránsito","https://www.inegi.org.mx/app/tabulados/interactivos/?px=ATUS_1&bd=ATUS&idrt=168&opc=t",NA,NA,NA,NA,NA,82,83,80,NA
"Seguridad Pública","San Luis Potosí","Mortalidad Defunciones registradas en Accidentes de Tránsito","https://www.inegi.org.mx/app/tabulados/interactivos/?px=ATUS_1&bd=ATUS&idrt=168&opc=t",NA,NA,NA,NA,NA,85,98,104,NA
"Seguridad Pública","Sinaloa","Mortalidad Defunciones registradas en Accidentes de Tránsito","https://www.inegi.org.mx/app/tabulados/interactivos/?px=ATUS_1&bd=ATUS&idrt=168&opc=t",NA,NA,NA,NA,NA,257,258,222,NA
"Seguridad Pública","Sonora","Mortalidad Defunciones registradas en Accidentes de Tránsito","https://www.inegi.org.mx/app/tabulados/interactivos/?px=ATUS_1&bd=ATUS&idrt=168&opc=t",NA,NA,NA,NA,NA,209,209,185,NA
"Seguridad Pública","Tabasco","Mortalidad Defunciones registradas en Accidentes de Tránsito","https://www.inegi.org.mx/app/tabulados/interactivos/?px=ATUS_1&bd=ATUS&idrt=168&opc=t",NA,NA,NA,NA,NA,13,26,30,NA
"Seguridad Pública","Tamaulipas","Mortalidad Defunciones registradas en Accidentes de Tránsito","https://www.inegi.org.mx/app/tabulados/interactivos/?px=ATUS_1&bd=ATUS&idrt=168&opc=t",NA,NA,NA,NA,NA,169,145,105,NA
"Seguridad Pública","Tlaxcala","Mortalidad Defunciones registradas en Accidentes de Tránsito","https://www.inegi.org.mx/app/tabulados/interactivos/?px=ATUS_1&bd=ATUS&idrt=168&opc=t",NA,NA,NA,NA,NA,73,65,49,NA
"Seguridad Pública","Veracruz de Ignacio de la Llave","Mortalidad Defunciones registradas en Accidentes de Tránsito","https://www.inegi.org.mx/app/tabulados/interactivos/?px=ATUS_1&bd=ATUS&idrt=168&opc=t",NA,NA,NA,NA,NA,71,58,63,NA
"Seguridad Pública","Yucatán","Mortalidad Defunciones registradas en Accidentes de Tránsito","https://www.inegi.org.mx/app/tabulados/interactivos/?px=ATUS_1&bd=ATUS&idrt=168&opc=t",NA,NA,NA,NA,NA,37,54,66,NA
"Seguridad Pública","Zacatecas","Mortalidad Defunciones registradas en Accidentes de Tránsito","https://www.inegi.org.mx/app/tabulados/interactivos/?px=ATUS_1&bd=ATUS&idrt=168&opc=t",NA,NA,NA,NA,NA,86,68,79,NA
"Seguridad Pública","Aguascalientes","Número de Accidentes de tránsito","https://www.inegi.org.mx/app/tabulados/interactivos/?px=ATUS_1&bd=ATUS&idrt=168&opc=t",NA,NA,NA,NA,NA,4533,4473,4272,NA
"Seguridad Pública","Baja California","Número de Accidentes de tránsito","https://www.inegi.org.mx/app/tabulados/interactivos/?px=ATUS_1&bd=ATUS&idrt=168&opc=t",NA,NA,NA,NA,NA,14245,11782,11893,NA
"Seguridad Pública","Baja California Sur","Número de Accidentes de tránsito","https://www.inegi.org.mx/app/tabulados/interactivos/?px=ATUS_1&bd=ATUS&idrt=168&opc=t",NA,NA,NA,NA,NA,5475,6045,6248,NA
"Seguridad Pública","Campeche","Número de Accidentes de tránsito","https://www.inegi.org.mx/app/tabulados/interactivos/?px=ATUS_1&bd=ATUS&idrt=168&opc=t",NA,NA,NA,NA,NA,3609,4574,3781,NA
"Seguridad Pública","Coahuila de Zaragoza","Número de Accidentes de tránsito","https://www.inegi.org.mx/app/tabulados/interactivos/?px=ATUS_1&bd=ATUS&idrt=168&opc=t",NA,NA,NA,NA,NA,11027,10876,10627,NA
"Seguridad Pública","Colima","Número de Accidentes de tránsito","https://www.inegi.org.mx/app/tabulados/interactivos/?px=ATUS_1&bd=ATUS&idrt=168&opc=t",NA,NA,NA,NA,NA,6110,6225,6601,NA
"Seguridad Pública","Chiapas","Número de Accidentes de tránsito","https://www.inegi.org.mx/app/tabulados/interactivos/?px=ATUS_1&bd=ATUS&idrt=168&opc=t",NA,NA,NA,NA,NA,4055,4065,3253,NA
"Seguridad Pública","Chihuahua","Número de Accidentes de tránsito","https://www.inegi.org.mx/app/tabulados/interactivos/?px=ATUS_1&bd=ATUS&idrt=168&opc=t",NA,NA,NA,NA,NA,25432,26559,26746,NA
"Seguridad Pública","Ciudad de México","Número de Accidentes de tránsito","https://www.inegi.org.mx/app/tabulados/interactivos/?px=ATUS_1&bd=ATUS&idrt=168&opc=t",NA,NA,NA,NA,NA,7596,7276,6655,NA
"Seguridad Pública","Durango","Número de Accidentes de tránsito","https://www.inegi.org.mx/app/tabulados/interactivos/?px=ATUS_1&bd=ATUS&idrt=168&opc=t",NA,NA,NA,NA,NA,10728,11631,10914,NA
"Seguridad Pública","Guanajuato","Número de Accidentes de tránsito","https://www.inegi.org.mx/app/tabulados/interactivos/?px=ATUS_1&bd=ATUS&idrt=168&opc=t",NA,NA,NA,NA,NA,16674,17703,18566,NA
"Seguridad Pública","Guerrero","Número de Accidentes de tránsito","https://www.inegi.org.mx/app/tabulados/interactivos/?px=ATUS_1&bd=ATUS&idrt=168&opc=t",NA,NA,NA,NA,NA,7647,7414,7234,NA
"Seguridad Pública","Hidalgo","Número de Accidentes de tránsito","https://www.inegi.org.mx/app/tabulados/interactivos/?px=ATUS_1&bd=ATUS&idrt=168&opc=t",NA,NA,NA,NA,NA,3275,4593,5573,NA
"Seguridad Pública","Jalisco","Número de Accidentes de tránsito","https://www.inegi.org.mx/app/tabulados/interactivos/?px=ATUS_1&bd=ATUS&idrt=168&opc=t",NA,NA,NA,NA,NA,14132,14293,17956,NA
"Seguridad Pública","México","Número de Accidentes de tránsito","https://www.inegi.org.mx/app/tabulados/interactivos/?px=ATUS_1&bd=ATUS&idrt=168&opc=t",NA,NA,NA,NA,NA,19091,21105,20685,NA
"Seguridad Pública","Michoacán de Ocampo","Número de Accidentes de tránsito","https://www.inegi.org.mx/app/tabulados/interactivos/?px=ATUS_1&bd=ATUS&idrt=168&opc=t",NA,NA,NA,NA,NA,17488,16196,15865,NA
"Seguridad Pública","Morelos","Número de Accidentes de tránsito","https://www.inegi.org.mx/app/tabulados/interactivos/?px=ATUS_1&bd=ATUS&idrt=168&opc=t",NA,NA,NA,NA,NA,9329,8864,8786,NA
"Seguridad Pública","Nayarit","Número de Accidentes de tránsito","https://www.inegi.org.mx/app/tabulados/interactivos/?px=ATUS_1&bd=ATUS&idrt=168&opc=t",NA,NA,NA,NA,NA,2630,2852,2681,NA
"Seguridad Pública","Nuevo León","Número de Accidentes de tránsito","https://www.inegi.org.mx/app/tabulados/interactivos/?px=ATUS_1&bd=ATUS&idrt=168&opc=t",NA,NA,NA,NA,NA,76615,80582,76210,NA
"Seguridad Pública","Oaxaca","Número de Accidentes de tránsito","https://www.inegi.org.mx/app/tabulados/interactivos/?px=ATUS_1&bd=ATUS&idrt=168&opc=t",NA,NA,NA,NA,NA,5362,5203,4825,NA
"Seguridad Pública","Puebla","Número de Accidentes de tránsito","https://www.inegi.org.mx/app/tabulados/interactivos/?px=ATUS_1&bd=ATUS&idrt=168&opc=t",NA,NA,NA,NA,NA,12421,13423,12920,NA
"Seguridad Pública","Querétaro","Número de Accidentes de tránsito","https://www.inegi.org.mx/app/tabulados/interactivos/?px=ATUS_1&bd=ATUS&idrt=168&opc=t",NA,NA,NA,NA,NA,10767,9307,8869,NA
"Seguridad Pública","Quintana Roo","Número de Accidentes de tránsito","https://www.inegi.org.mx/app/tabulados/interactivos/?px=ATUS_1&bd=ATUS&idrt=168&opc=t",NA,NA,NA,NA,NA,7728,6619,7081,NA
"Seguridad Pública","San Luis Potosí","Número de Accidentes de tránsito","https://www.inegi.org.mx/app/tabulados/interactivos/?px=ATUS_1&bd=ATUS&idrt=168&opc=t",NA,NA,NA,NA,NA,7705,6775,6731,NA
"Seguridad Pública","Sinaloa","Número de Accidentes de tránsito","https://www.inegi.org.mx/app/tabulados/interactivos/?px=ATUS_1&bd=ATUS&idrt=168&opc=t",NA,NA,NA,NA,NA,7059,7230,5787,NA
"Seguridad Pública","Sonora","Número de Accidentes de tránsito","https://www.inegi.org.mx/app/tabulados/interactivos/?px=ATUS_1&bd=ATUS&idrt=168&opc=t",NA,NA,NA,NA,NA,25325,26557,24799,NA
"Seguridad Pública","Tabasco","Número de Accidentes de tránsito","https://www.inegi.org.mx/app/tabulados/interactivos/?px=ATUS_1&bd=ATUS&idrt=168&opc=t",NA,NA,NA,NA,NA,2578,2492,2541,NA
"Seguridad Pública","Tamaulipas","Número de Accidentes de tránsito","https://www.inegi.org.mx/app/tabulados/interactivos/?px=ATUS_1&bd=ATUS&idrt=168&opc=t",NA,NA,NA,NA,NA,14912,14090,13390,NA
"Seguridad Pública","Tlaxcala","Número de Accidentes de tránsito","https://www.inegi.org.mx/app/tabulados/interactivos/?px=ATUS_1&bd=ATUS&idrt=168&opc=t",NA,NA,NA,NA,NA,1979,1674,1805,NA
"Seguridad Pública","Veracruz de Ignacio de la Llave","Número de Accidentes de tránsito","https://www.inegi.org.mx/app/tabulados/interactivos/?px=ATUS_1&bd=ATUS&idrt=168&opc=t",NA,NA,NA,NA,NA,10419,9659,10673,NA
"Seguridad Pública","Yucatán","Número de Accidentes de tránsito","https://www.inegi.org.mx/app/tabulados/interactivos/?px=ATUS_1&bd=ATUS&idrt=168&opc=t",NA,NA,NA,NA,NA,8864,8478,8446,NA
"Seguridad Pública","Zacatecas","Número de Accidentes de tránsito","https://www.inegi.org.mx/app/tabulados/interactivos/?px=ATUS_1&bd=ATUS&idrt=168&opc=t",NA,NA,NA,NA,NA,2421,2433,2536,NA
"Seguridad Pública","Aguascalientes","Percepcion sobre Seguridad Publica Inseguro","https://www.inegi.org.mx/programas/envipe/2024/#tabulados",NA,NA,NA,NA,NA,542158035663419,496585461663106,507939976271115,NA
"Seguridad Pública","Baja California","Percepcion sobre Seguridad Publica Inseguro","https://www.inegi.org.mx/programas/envipe/2024/#tabulados",NA,NA,NA,NA,NA,761486562943552,684989685289185,735383949512919,NA
"Seguridad Pública","Baja California Sur","Percepcion sobre Seguridad Publica Inseguro","https://www.inegi.org.mx/programas/envipe/2024/#tabulados",NA,NA,NA,NA,NA,349116969966364,333713771267944,301024366449095,NA
"Seguridad Pública","Campeche","Percepcion sobre Seguridad Publica Inseguro","https://www.inegi.org.mx/programas/envipe/2024/#tabulados",NA,NA,NA,NA,NA,540926164755399,616029613633693,631015592699781,NA
"Seguridad Pública","Coahuila de Zaragoza","Percepcion sobre Seguridad Publica Inseguro","https://www.inegi.org.mx/programas/envipe/2024/#tabulados",NA,NA,NA,NA,NA,50351069407406,441327504088904,375804171299516,NA
"Seguridad Pública","Colima","Percepcion sobre Seguridad Publica Inseguro","https://www.inegi.org.mx/programas/envipe/2024/#tabulados",NA,NA,NA,NA,NA,857563909884278,809099540678506,797121623951375,NA
"Seguridad Pública","Chiapas","Percepcion sobre Seguridad Publica Inseguro","https://www.inegi.org.mx/programas/envipe/2024/#tabulados",NA,NA,NA,NA,NA,726002971768202,680746994969655,775302651031727,NA
"Seguridad Pública","Chihuahua","Percepcion sobre Seguridad Publica Inseguro","https://www.inegi.org.mx/programas/envipe/2024/#tabulados",NA,NA,NA,NA,NA,715582370689801,781123345060118,67720708104574,NA
"Seguridad Pública","Ciudad de México","Percepcion sobre Seguridad Publica Inseguro","https://www.inegi.org.mx/programas/envipe/2024/#tabulados",NA,NA,NA,NA,NA,832289519182325,80099689403603,761129091988951,NA
"Seguridad Pública","Durango","Percepcion sobre Seguridad Publica Inseguro","https://www.inegi.org.mx/programas/envipe/2024/#tabulados",NA,NA,NA,NA,NA,560416783683699,517052214093125,456820914394897,NA
"Seguridad Pública","Guanajuato","Percepcion sobre Seguridad Publica Inseguro","https://www.inegi.org.mx/programas/envipe/2024/#tabulados",NA,NA,NA,NA,NA,873988083359203,828856717395468,875224193969168,NA
"Seguridad Pública","Guerrero","Percepcion sobre Seguridad Publica Inseguro","https://www.inegi.org.mx/programas/envipe/2024/#tabulados",NA,NA,NA,NA,NA,738826926991451,766917204596245,809967249258871,NA
"Seguridad Pública","Hidalgo","Percepcion sobre Seguridad Publica Inseguro","https://www.inegi.org.mx/programas/envipe/2024/#tabulados",NA,NA,NA,NA,NA,638058798844758,629848684173109,620599765457779,NA
"Seguridad Pública","Jalisco","Percepcion sobre Seguridad Publica Inseguro","https://www.inegi.org.mx/programas/envipe/2024/#tabulados",NA,NA,NA,NA,NA,790656306990288,787258624141242,746027579045915,NA
"Seguridad Pública","México","Percepcion sobre Seguridad Publica Inseguro","https://www.inegi.org.mx/programas/envipe/2024/#tabulados",NA,NA,NA,NA,NA,905664072092312,880103730550043,872781026277921,NA
"Seguridad Pública","Michoacán de Ocampo","Percepcion sobre Seguridad Publica Inseguro","https://www.inegi.org.mx/programas/envipe/2024/#tabulados",NA,NA,NA,NA,NA,831032955342909,807694408556859,795700156123385,NA
"Seguridad Pública","Morelos","Percepcion sobre Seguridad Publica Inseguro","https://www.inegi.org.mx/programas/envipe/2024/#tabulados",NA,NA,NA,NA,NA,867929760086745,869682796411926,901111072128538,NA
"Seguridad Pública","Nayarit","Percepcion sobre Seguridad Publica Inseguro","https://www.inegi.org.mx/programas/envipe/2024/#tabulados",NA,NA,NA,NA,NA,533530125768602,462493900004436,435505286174793,NA
"Seguridad Pública","Nuevo León","Percepcion sobre Seguridad Publica Inseguro","https://www.inegi.org.mx/programas/envipe/2024/#tabulados",NA,NA,NA,NA,NA,679086179823371,670298694670745,728339584730486,NA
"Seguridad Pública","Oaxaca","Percepcion sobre Seguridad Publica Inseguro","https://www.inegi.org.mx/programas/envipe/2024/#tabulados",NA,NA,NA,NA,NA,711671223567314,744196933346956,685040190542903,NA
"Seguridad Pública","Puebla","Percepcion sobre Seguridad Publica Inseguro","https://www.inegi.org.mx/programas/envipe/2024/#tabulados",NA,NA,NA,NA,NA,78117632496726,783232830376088,757096166645364,NA
"Seguridad Pública","Querétaro","Percepcion sobre Seguridad Publica Inseguro","https://www.inegi.org.mx/programas/envipe/2024/#tabulados",NA,NA,NA,NA,NA,564096257264966,545046977813661,54401970197508,NA
"Seguridad Pública","Quintana Roo","Percepcion sobre Seguridad Publica Inseguro","https://www.inegi.org.mx/programas/envipe/2024/#tabulados",NA,NA,NA,NA,NA,782781642002518,781498882573388,799174464854975,NA
"Seguridad Pública","San Luis Potosí","Percepcion sobre Seguridad Publica Inseguro","https://www.inegi.org.mx/programas/envipe/2024/#tabulados",NA,NA,NA,NA,NA,749231211519379,765482130309311,743694149787572,NA
"Seguridad Pública","Sinaloa","Percepcion sobre Seguridad Publica Inseguro","https://www.inegi.org.mx/programas/envipe/2024/#tabulados",NA,NA,NA,NA,NA,571830024680169,624741649954989,549279655639178,NA
"Seguridad Pública","Sonora","Percepcion sobre Seguridad Publica Inseguro","https://www.inegi.org.mx/programas/envipe/2024/#tabulados",NA,NA,NA,NA,NA,796326449158403,761740619281431,714752863287698,NA
"Seguridad Pública","Tabasco","Percepcion sobre Seguridad Publica Inseguro","https://www.inegi.org.mx/programas/envipe/2024/#tabulados",NA,NA,NA,NA,NA,849645594473615,781723259830687,848398519451953,NA
"Seguridad Pública","Tamaulipas","Percepcion sobre Seguridad Publica Inseguro","https://www.inegi.org.mx/programas/envipe/2024/#tabulados",NA,NA,NA,NA,NA,780855218152154,74902130847167,750993684048635,NA
"Seguridad Pública","Tlaxcala","Percepcion sobre Seguridad Publica Inseguro","https://www.inegi.org.mx/programas/envipe/2024/#tabulados",NA,NA,NA,NA,NA,602431384091411,623701261170183,633392061272491,NA
"Seguridad Pública","Veracruz de Ignacio de la Llave","Percepcion sobre Seguridad Publica Inseguro","https://www.inegi.org.mx/programas/envipe/2024/#tabulados",NA,NA,NA,NA,NA,802142107446928,813869297621976,793124564336383,NA
"Seguridad Pública","Yucatán","Percepcion sobre Seguridad Publica Inseguro","https://www.inegi.org.mx/programas/envipe/2024/#tabulados",NA,NA,NA,NA,NA,30588927487828,378087930512276,305695837630874,NA
"Seguridad Pública","Zacatecas","Percepcion sobre Seguridad Publica Inseguro","https://www.inegi.org.mx/programas/envipe/2024/#tabulados",NA,NA,NA,NA,NA,908527043739431,919306098388411,873514251756896,NA
"Seguridad Pública","Aguascalientes","Percepcion sobre Seguridad Publica Seguro","https://www.inegi.org.mx/programas/envipe/2024/#tabulados",NA,NA,NA,NA,NA,463206014494035,53859395925661,499457570721853,NA
"Seguridad Pública","Baja California","Percepcion sobre Seguridad Publica Seguro","https://www.inegi.org.mx/programas/envipe/2024/#tabulados",NA,NA,NA,NA,NA,271807632566792,331513145649509,269121967574161,NA
"Seguridad Pública","Baja California Sur","Percepcion sobre Seguridad Publica Seguro","https://www.inegi.org.mx/programas/envipe/2024/#tabulados",NA,NA,NA,NA,NA,689149876269646,702934373658158,715848644630787,NA
"Seguridad Pública","Campeche","Percepcion sobre Seguridad Publica Seguro","https://www.inegi.org.mx/programas/envipe/2024/#tabulados",NA,NA,NA,NA,NA,471034162398655,369417885076139,404285039277066,NA
"Seguridad Pública","Coahuila de Zaragoza","Percepcion sobre Seguridad Publica Seguro","https://www.inegi.org.mx/programas/envipe/2024/#tabulados",NA,NA,NA,NA,NA,576502387202296,615708584033432,675871453021761,NA
"Seguridad Pública","Colima","Percepcion sobre Seguridad Publica Seguro","https://www.inegi.org.mx/programas/envipe/2024/#tabulados",NA,NA,NA,NA,NA,244898257326879,28450604545566,276435244792183,NA
"Seguridad Pública","Chiapas","Percepcion sobre Seguridad Publica Seguro","https://www.inegi.org.mx/programas/envipe/2024/#tabulados",NA,NA,NA,NA,NA,32425684964797,371661920265447,307144744789568,NA
"Seguridad Pública","Chihuahua","Percepcion sobre Seguridad Publica Seguro","https://www.inegi.org.mx/programas/envipe/2024/#tabulados",NA,NA,NA,NA,NA,389544802701751,333239979827003,348256932726925,NA
"Seguridad Pública","Ciudad de México","Percepcion sobre Seguridad Publica Seguro","https://www.inegi.org.mx/programas/envipe/2024/#tabulados",NA,NA,NA,NA,NA,293223645253273,30286742203408,33978328447909,NA
"Seguridad Pública","Durango","Percepcion sobre Seguridad Publica Seguro","https://www.inegi.org.mx/programas/envipe/2024/#tabulados",NA,NA,NA,NA,NA,521455847463058,567678010650839,618457148961349,NA
"Seguridad Pública","Guanajuato","Percepcion sobre Seguridad Publica Seguro","https://www.inegi.org.mx/programas/envipe/2024/#tabulados",NA,NA,NA,NA,NA,178866256079353,213605626189582,210969570873238,NA
"Seguridad Pública","Guerrero","Percepcion sobre Seguridad Publica Seguro","https://www.inegi.org.mx/programas/envipe/2024/#tabulados",NA,NA,NA,NA,NA,357065069887366,309657134099823,298848785230826,NA
"Seguridad Pública","Hidalgo","Percepcion sobre Seguridad Publica Seguro","https://www.inegi.org.mx/programas/envipe/2024/#tabulados",NA,NA,NA,NA,NA,378257308340496,378992619049598,400766480131442,NA
"Seguridad Pública","Jalisco","Percepcion sobre Seguridad Publica Seguro","https://www.inegi.org.mx/programas/envipe/2024/#tabulados",NA,NA,NA,NA,NA,371526839687427,363312433967764,40725259779905,NA
"Seguridad Pública","México","Percepcion sobre Seguridad Publica Seguro","https://www.inegi.org.mx/programas/envipe/2024/#tabulados",NA,NA,NA,NA,NA,201417529181091,215117840414904,233169601604431,NA
"Seguridad Pública","Michoacán de Ocampo","Percepcion sobre Seguridad Publica Seguro","https://www.inegi.org.mx/programas/envipe/2024/#tabulados",NA,NA,NA,NA,NA,318032549875072,366414595126214,338034236974135,NA
"Seguridad Pública","Morelos","Percepcion sobre Seguridad Publica Seguro","https://www.inegi.org.mx/programas/envipe/2024/#tabulados",NA,NA,NA,NA,NA,207100554983053,215803303970479,191687631265216,NA
"Seguridad Pública","Nayarit","Percepcion sobre Seguridad Publica Seguro","https://www.inegi.org.mx/programas/envipe/2024/#tabulados",NA,NA,NA,NA,NA,546521845669902,596231311831773,629238520321904,NA
"Seguridad Pública","Nuevo León","Percepcion sobre Seguridad Publica Seguro","https://www.inegi.org.mx/programas/envipe/2024/#tabulados",NA,NA,NA,NA,NA,451329622173706,475744079743429,429014447834918,NA
"Seguridad Pública","Oaxaca","Percepcion sobre Seguridad Publica Seguro","https://www.inegi.org.mx/programas/envipe/2024/#tabulados",NA,NA,NA,NA,NA,483137595465869,482708602353723,490818055862737,NA
"Seguridad Pública","Puebla","Percepcion sobre Seguridad Publica Seguro","https://www.inegi.org.mx/programas/envipe/2024/#tabulados",NA,NA,NA,NA,NA,31683609206224,308920168945978,329523494967728,NA
"Seguridad Pública","Querétaro","Percepcion sobre Seguridad Publica Seguro","https://www.inegi.org.mx/programas/envipe/2024/#tabulados",NA,NA,NA,NA,NA,442208226372477,45792418267978,494746320797192,NA
"Seguridad Pública","Quintana Roo","Percepcion sobre Seguridad Publica Seguro","https://www.inegi.org.mx/programas/envipe/2024/#tabulados",NA,NA,NA,NA,NA,268783021566105,282565278755473,251597058770372,NA
"Seguridad Pública","San Luis Potosí","Percepcion sobre Seguridad Publica Seguro","https://www.inegi.org.mx/programas/envipe/2024/#tabulados",NA,NA,NA,NA,NA,295424688136802,29662267437207,341822734618573,NA
"Seguridad Pública","Sinaloa","Percepcion sobre Seguridad Publica Seguro","https://www.inegi.org.mx/programas/envipe/2024/#tabulados",NA,NA,NA,NA,NA,522353646963963,502658669139483,553275058383293,NA
"Seguridad Pública","Sonora","Percepcion sobre Seguridad Publica Seguro","https://www.inegi.org.mx/programas/envipe/2024/#tabulados",NA,NA,NA,NA,NA,324316547853856,374003496820249,365177356289313,NA
"Seguridad Pública","Tabasco","Percepcion sobre Seguridad Publica Seguro","https://www.inegi.org.mx/programas/envipe/2024/#tabulados",NA,NA,NA,NA,NA,212635510202856,258129957343687,207547159158915,NA
"Seguridad Pública","Tamaulipas","Percepcion sobre Seguridad Publica Seguro","https://www.inegi.org.mx/programas/envipe/2024/#tabulados",NA,NA,NA,NA,NA,383517782372988,423552978258249,437410182039948,NA
"Seguridad Pública","Tlaxcala","Percepcion sobre Seguridad Publica Seguro","https://www.inegi.org.mx/programas/envipe/2024/#tabulados",NA,NA,NA,NA,NA,357696229409972,362121595065821,376306354636625,NA
"Seguridad Pública","Veracruz de Ignacio de la Llave","Percepcion sobre Seguridad Publica Seguro","https://www.inegi.org.mx/programas/envipe/2024/#tabulados",NA,NA,NA,NA,NA,35704002986305,362050954718329,385398370475232,NA
"Seguridad Pública","Yucatán","Percepcion sobre Seguridad Publica Seguro","https://www.inegi.org.mx/programas/envipe/2024/#tabulados",NA,NA,NA,NA,NA,643333811065317,59937643003073,644739640132412,NA
"Seguridad Pública","Zacatecas","Percepcion sobre Seguridad Publica Seguro","https://www.inegi.org.mx/programas/envipe/2024/#tabulados",NA,NA,NA,NA,NA,237090179450291,216829266741934,283857425749701,NA
"Seguridad Pública","Aguascalientes","Percepción sobre tema de Inseguridad","https://www.inegi.org.mx/programas/envipe/2024/#tabulados",NA,NA,NA,NA,NA,62,579,643,NA
"Seguridad Pública","Baja California","Percepción sobre tema de Inseguridad","https://www.inegi.org.mx/programas/envipe/2024/#tabulados",NA,NA,NA,NA,NA,668,634,688,NA
"Seguridad Pública","Baja California Sur","Percepción sobre tema de Inseguridad","https://www.inegi.org.mx/programas/envipe/2024/#tabulados",NA,NA,NA,NA,NA,485,479,457,NA
"Seguridad Pública","Campeche","Percepción sobre tema de Inseguridad","https://www.inegi.org.mx/programas/envipe/2024/#tabulados",NA,NA,NA,NA,NA,505,542,515,NA
"Seguridad Pública","Coahuila de Zaragoza","Percepción sobre tema de Inseguridad","https://www.inegi.org.mx/programas/envipe/2024/#tabulados",NA,NA,NA,NA,NA,558,55,523,NA
"Seguridad Pública","Colima","Percepción sobre tema de Inseguridad","https://www.inegi.org.mx/programas/envipe/2024/#tabulados",NA,NA,NA,NA,NA,721,708,685,NA
"Seguridad Pública","Chiapas","Percepción sobre tema de Inseguridad","https://www.inegi.org.mx/programas/envipe/2024/#tabulados",NA,NA,NA,NA,NA,422,439,511,NA
"Seguridad Pública","Chihuahua","Percepción sobre tema de Inseguridad","https://www.inegi.org.mx/programas/envipe/2024/#tabulados",NA,NA,NA,NA,NA,572,604,603,NA
"Seguridad Pública","Ciudad de México","Percepción sobre tema de Inseguridad","https://www.inegi.org.mx/programas/envipe/2024/#tabulados",NA,NA,NA,NA,NA,701,672,659,NA
"Seguridad Pública","Durango","Percepción sobre tema de Inseguridad","https://www.inegi.org.mx/programas/envipe/2024/#tabulados",NA,NA,NA,NA,NA,478,471,469,NA
"Seguridad Pública","Guanajuato","Percepción sobre tema de Inseguridad","https://www.inegi.org.mx/programas/envipe/2024/#tabulados",NA,NA,NA,NA,NA,663,672,682,NA
"Seguridad Pública","Guerrero","Percepción sobre tema de Inseguridad","https://www.inegi.org.mx/programas/envipe/2024/#tabulados",NA,NA,NA,NA,NA,461,465,514,NA
"Seguridad Pública","Hidalgo","Percepción sobre tema de Inseguridad","https://www.inegi.org.mx/programas/envipe/2024/#tabulados",NA,NA,NA,NA,NA,564,581,563,NA
"Seguridad Pública","Jalisco","Percepción sobre tema de Inseguridad","https://www.inegi.org.mx/programas/envipe/2024/#tabulados",NA,NA,NA,NA,NA,62,62,609,NA
"Seguridad Pública","México","Percepción sobre tema de Inseguridad","https://www.inegi.org.mx/programas/envipe/2024/#tabulados",NA,NA,NA,NA,NA,716,713,676,NA
"Seguridad Pública","Michoacán de Ocampo","Percepción sobre tema de Inseguridad","https://www.inegi.org.mx/programas/envipe/2024/#tabulados",NA,NA,NA,NA,NA,548,543,577,NA
"Seguridad Pública","Morelos","Percepción sobre tema de Inseguridad","https://www.inegi.org.mx/programas/envipe/2024/#tabulados",NA,NA,NA,NA,NA,67,687,755,NA
"Seguridad Pública","Nayarit","Percepción sobre tema de Inseguridad","https://www.inegi.org.mx/programas/envipe/2024/#tabulados",NA,NA,NA,NA,NA,484,461,435,NA
"Seguridad Pública","Nuevo León","Percepción sobre tema de Inseguridad","https://www.inegi.org.mx/programas/envipe/2024/#tabulados",NA,NA,NA,NA,NA,678,667,703,NA
"Seguridad Pública","Oaxaca","Percepción sobre tema de Inseguridad","https://www.inegi.org.mx/programas/envipe/2024/#tabulados",NA,NA,NA,NA,NA,40,419,401,NA
"Seguridad Pública","Puebla","Percepción sobre tema de Inseguridad","https://www.inegi.org.mx/programas/envipe/2024/#tabulados",NA,NA,NA,NA,NA,659,634,615,NA
"Seguridad Pública","Querétaro","Percepción sobre tema de Inseguridad","https://www.inegi.org.mx/programas/envipe/2024/#tabulados",NA,NA,NA,NA,NA,679,639,63,NA
"Seguridad Pública","Quintana Roo","Percepción sobre tema de Inseguridad","https://www.inegi.org.mx/programas/envipe/2024/#tabulados",NA,NA,NA,NA,NA,671,645,64,NA
"Seguridad Pública","San Luis Potosí","Percepción sobre tema de Inseguridad","https://www.inegi.org.mx/programas/envipe/2024/#tabulados",NA,NA,NA,NA,NA,63,597,594,NA
"Seguridad Pública","Sinaloa","Percepción sobre tema de Inseguridad","https://www.inegi.org.mx/programas/envipe/2024/#tabulados",NA,NA,NA,NA,NA,505,50,486,NA
"Seguridad Pública","Sonora","Percepción sobre tema de Inseguridad","https://www.inegi.org.mx/programas/envipe/2024/#tabulados",NA,NA,NA,NA,NA,614,604,594,NA
"Seguridad Pública","Tabasco","Percepción sobre tema de Inseguridad","https://www.inegi.org.mx/programas/envipe/2024/#tabulados",NA,NA,NA,NA,NA,624,576,604,NA
"Seguridad Pública","Tamaulipas","Percepción sobre tema de Inseguridad","https://www.inegi.org.mx/programas/envipe/2024/#tabulados",NA,NA,NA,NA,NA,591,577,596,NA
"Seguridad Pública","Tlaxcala","Percepción sobre tema de Inseguridad","https://www.inegi.org.mx/programas/envipe/2024/#tabulados",NA,NA,NA,NA,NA,664,652,702,NA
"Seguridad Pública","Veracruz de Ignacio de la Llave","Percepción sobre tema de Inseguridad","https://www.inegi.org.mx/programas/envipe/2024/#tabulados",NA,NA,NA,NA,NA,561,549,575,NA
"Seguridad Pública","Yucatán","Percepción sobre tema de Inseguridad","https://www.inegi.org.mx/programas/envipe/2024/#tabulados",NA,NA,NA,NA,NA,449,459,446,NA
"Seguridad Pública","Zacatecas","Percepción sobre tema de Inseguridad","https://www.inegi.org.mx/programas/envipe/2024/#tabulados",NA,NA,NA,NA,NA,738,715,70,NA
"Seguridad Pública","Aguascalientes","Tasa bruta de homicidios por cada 100 mil habitantes","https://www.inegi.org.mx/contenidos/saladeprensa/boletines/2025/edr/DH2024_RR_Ene-dic.pdf",NA,NA,NA,NA,NA,6,8,10,NA
"Seguridad Pública","Baja California","Tasa bruta de homicidios por cada 100 mil habitantes","https://www.inegi.org.mx/contenidos/saladeprensa/boletines/2025/edr/DH2024_RR_Ene-dic.pdf",NA,NA,NA,NA,NA,77,70,65,NA
"Seguridad Pública","Baja California Sur","Tasa bruta de homicidios por cada 100 mil habitantes","https://www.inegi.org.mx/contenidos/saladeprensa/boletines/2025/edr/DH2024_RR_Ene-dic.pdf",NA,NA,NA,NA,NA,11,6,10,NA
"Seguridad Pública","Campeche","Tasa bruta de homicidios por cada 100 mil habitantes","https://www.inegi.org.mx/contenidos/saladeprensa/boletines/2025/edr/DH2024_RR_Ene-dic.pdf",NA,NA,NA,NA,NA,12,12,11,NA
"Seguridad Pública","Coahuila de Zaragoza","Tasa bruta de homicidios por cada 100 mil habitantes","https://www.inegi.org.mx/contenidos/saladeprensa/boletines/2025/edr/DH2024_RR_Ene-dic.pdf",NA,NA,NA,NA,NA,5,4,4,NA
"Seguridad Pública","Colima","Tasa bruta de homicidios por cada 100 mil habitantes","https://www.inegi.org.mx/contenidos/saladeprensa/boletines/2025/edr/DH2024_RR_Ene-dic.pdf",NA,NA,NA,NA,NA,115,119,123,NA
"Seguridad Pública","Chiapas","Tasa bruta de homicidios por cada 100 mil habitantes","https://www.inegi.org.mx/contenidos/saladeprensa/boletines/2025/edr/DH2024_RR_Ene-dic.pdf",NA,NA,NA,NA,NA,9,11,16,NA
"Seguridad Pública","Chihuahua","Tasa bruta de homicidios por cada 100 mil habitantes","https://www.inegi.org.mx/contenidos/saladeprensa/boletines/2025/edr/DH2024_RR_Ene-dic.pdf",NA,NA,NA,NA,NA,57,65,60,NA
"Seguridad Pública","Ciudad de México","Tasa bruta de homicidios por cada 100 mil habitantes","https://www.inegi.org.mx/contenidos/saladeprensa/boletines/2025/edr/DH2024_RR_Ene-dic.pdf",NA,NA,NA,NA,NA,8,8,10,NA
"Seguridad Pública","Durango","Tasa bruta de homicidios por cada 100 mil habitantes","https://www.inegi.org.mx/contenidos/saladeprensa/boletines/2025/edr/DH2024_RR_Ene-dic.pdf",NA,NA,NA,NA,NA,7,5,6,NA
"Seguridad Pública","Guanajuato","Tasa bruta de homicidios por cada 100 mil habitantes","https://www.inegi.org.mx/contenidos/saladeprensa/boletines/2025/edr/DH2024_RR_Ene-dic.pdf",NA,NA,NA,NA,NA,69,61,63,NA
"Seguridad Pública","Guerrero","Tasa bruta de homicidios por cada 100 mil habitantes","https://www.inegi.org.mx/contenidos/saladeprensa/boletines/2025/edr/DH2024_RR_Ene-dic.pdf",NA,NA,NA,NA,NA,39,48,48,NA
"Seguridad Pública","Hidalgo","Tasa bruta de homicidios por cada 100 mil habitantes","https://www.inegi.org.mx/contenidos/saladeprensa/boletines/2025/edr/DH2024_RR_Ene-dic.pdf",NA,NA,NA,NA,NA,12,12,11,NA
"Seguridad Pública","Jalisco","Tasa bruta de homicidios por cada 100 mil habitantes","https://www.inegi.org.mx/contenidos/saladeprensa/boletines/2025/edr/DH2024_RR_Ene-dic.pdf",NA,NA,NA,NA,NA,22,20,20,NA
"Seguridad Pública","México","Tasa bruta de homicidios por cada 100 mil habitantes","https://www.inegi.org.mx/contenidos/saladeprensa/boletines/2025/edr/DH2024_RR_Ene-dic.pdf",NA,NA,NA,NA,NA,19,17,19,NA
"Seguridad Pública","Michoacán de Ocampo","Tasa bruta de homicidios por cada 100 mil habitantes","https://www.inegi.org.mx/contenidos/saladeprensa/boletines/2025/edr/DH2024_RR_Ene-dic.pdf",NA,NA,NA,NA,NA,47,38,33,NA
"Seguridad Pública","Morelos","Tasa bruta de homicidios por cada 100 mil habitantes","https://www.inegi.org.mx/contenidos/saladeprensa/boletines/2025/edr/DH2024_RR_Ene-dic.pdf",NA,NA,NA,NA,NA,59,78,77,NA
"Seguridad Pública","Nayarit","Tasa bruta de homicidios por cada 100 mil habitantes","https://www.inegi.org.mx/contenidos/saladeprensa/boletines/2025/edr/DH2024_RR_Ene-dic.pdf",NA,NA,NA,NA,NA,16,12,15,NA
"Seguridad Pública","Nuevo León","Tasa bruta de homicidios por cada 100 mil habitantes","https://www.inegi.org.mx/contenidos/saladeprensa/boletines/2025/edr/DH2024_RR_Ene-dic.pdf",NA,NA,NA,NA,NA,23,23,27,NA
"Seguridad Pública","Oaxaca","Tasa bruta de homicidios por cada 100 mil habitantes","https://www.inegi.org.mx/contenidos/saladeprensa/boletines/2025/edr/DH2024_RR_Ene-dic.pdf",NA,NA,NA,NA,NA,19,20,20,NA
"Seguridad Pública","Puebla","Tasa bruta de homicidios por cada 100 mil habitantes","https://www.inegi.org.mx/contenidos/saladeprensa/boletines/2025/edr/DH2024_RR_Ene-dic.pdf",NA,NA,NA,NA,NA,16,15,16,NA
"Seguridad Pública","Querétaro","Tasa bruta de homicidios por cada 100 mil habitantes","https://www.inegi.org.mx/contenidos/saladeprensa/boletines/2025/edr/DH2024_RR_Ene-dic.pdf",NA,NA,NA,NA,NA,8,9,9,NA
"Seguridad Pública","Quintana Roo","Tasa bruta de homicidios por cada 100 mil habitantes","https://www.inegi.org.mx/contenidos/saladeprensa/boletines/2025/edr/DH2024_RR_Ene-dic.pdf",NA,NA,NA,NA,NA,34,36,33,NA
"Seguridad Pública","San Luis Potosí","Tasa bruta de homicidios por cada 100 mil habitantes","https://www.inegi.org.mx/contenidos/saladeprensa/boletines/2025/edr/DH2024_RR_Ene-dic.pdf",NA,NA,NA,NA,NA,26,20,18,NA
"Seguridad Pública","Sinaloa","Tasa bruta de homicidios por cada 100 mil habitantes","https://www.inegi.org.mx/contenidos/saladeprensa/boletines/2025/edr/DH2024_RR_Ene-dic.pdf",NA,NA,NA,NA,NA,19,21,33,NA
"Seguridad Pública","Sonora","Tasa bruta de homicidios por cada 100 mil habitantes","https://www.inegi.org.mx/contenidos/saladeprensa/boletines/2025/edr/DH2024_RR_Ene-dic.pdf",NA,NA,NA,NA,NA,59,50,52,NA
"Seguridad Pública","Tabasco","Tasa bruta de homicidios por cada 100 mil habitantes","https://www.inegi.org.mx/contenidos/saladeprensa/boletines/2025/edr/DH2024_RR_Ene-dic.pdf",NA,NA,NA,NA,NA,15,11,33,NA
"Seguridad Pública","Tamaulipas","Tasa bruta de homicidios por cada 100 mil habitantes","https://www.inegi.org.mx/contenidos/saladeprensa/boletines/2025/edr/DH2024_RR_Ene-dic.pdf",NA,NA,NA,NA,NA,13,20,16,NA
"Seguridad Pública","Tlaxcala","Tasa bruta de homicidios por cada 100 mil habitantes","https://www.inegi.org.mx/contenidos/saladeprensa/boletines/2025/edr/DH2024_RR_Ene-dic.pdf",NA,NA,NA,NA,NA,11,10,12,NA
"Seguridad Pública","Veracruz de Ignacio de la Llave","Tasa bruta de homicidios por cada 100 mil habitantes","https://www.inegi.org.mx/contenidos/saladeprensa/boletines/2025/edr/DH2024_RR_Ene-dic.pdf",NA,NA,NA,NA,NA,10,10,10,NA
"Seguridad Pública","Yucatán","Tasa bruta de homicidios por cada 100 mil habitantes","https://www.inegi.org.mx/contenidos/saladeprensa/boletines/2025/edr/DH2024_RR_Ene-dic.pdf",NA,NA,NA,NA,NA,2,2,3,NA
"Seguridad Pública","Zacatecas","Tasa bruta de homicidios por cada 100 mil habitantes","https://www.inegi.org.mx/contenidos/saladeprensa/boletines/2025/edr/DH2024_RR_Ene-dic.pdf",NA,NA,NA,NA,NA,89,66,34,NA
"Seguridad Pública","Aguascalientes","Tasa de Incidencia Delictiva (100 mil hab)","https://www.inegi.org.mx/programas/envipe/2024/#tabulados",NA,NA,NA,NA,NA,295835076821528,263048947332443,452620815100618,NA
"Seguridad Pública","Baja California","Tasa de Incidencia Delictiva (100 mil hab)","https://www.inegi.org.mx/programas/envipe/2024/#tabulados",NA,NA,NA,NA,NA,316898479737535,272107051193529,311977314340464,NA
"Seguridad Pública","Baja California Sur","Tasa de Incidencia Delictiva (100 mil hab)","https://www.inegi.org.mx/programas/envipe/2024/#tabulados",NA,NA,NA,NA,NA,217558100191732,227036846079068,256610376839872,NA
"Seguridad Pública","Campeche","Tasa de Incidencia Delictiva (100 mil hab)","https://www.inegi.org.mx/programas/envipe/2024/#tabulados",NA,NA,NA,NA,NA,186096694770492,277270881761113,317925698423011,NA
"Seguridad Pública","Coahuila de Zaragoza","Tasa de Incidencia Delictiva (100 mil hab)","https://www.inegi.org.mx/programas/envipe/2024/#tabulados",NA,NA,NA,NA,NA,244180922238692,295604713599023,246613228782527,NA
"Seguridad Pública","Colima","Tasa de Incidencia Delictiva (100 mil hab)","https://www.inegi.org.mx/programas/envipe/2024/#tabulados",NA,NA,NA,NA,NA,265646713792921,263607092680637,285224067288047,NA
"Seguridad Pública","Chiapas","Tasa de Incidencia Delictiva (100 mil hab)","https://www.inegi.org.mx/programas/envipe/2024/#tabulados",NA,NA,NA,NA,NA,163859965838552,141109857042663,160384927166872,NA
"Seguridad Pública","Chihuahua","Tasa de Incidencia Delictiva (100 mil hab)","https://www.inegi.org.mx/programas/envipe/2024/#tabulados",NA,NA,NA,NA,NA,264317173996433,237263095979044,290904016741897,NA
"Seguridad Pública","Ciudad de México","Tasa de Incidencia Delictiva (100 mil hab)","https://www.inegi.org.mx/programas/envipe/2024/#tabulados",NA,NA,NA,NA,NA,453360348594056,460321320168537,527229743070867,NA
"Seguridad Pública","Durango","Tasa de Incidencia Delictiva (100 mil hab)","https://www.inegi.org.mx/programas/envipe/2024/#tabulados",NA,NA,NA,NA,NA,173869773689719,226849613758658,182300162205203,NA
"Seguridad Pública","Guanajuato","Tasa de Incidencia Delictiva (100 mil hab)","https://www.inegi.org.mx/programas/envipe/2024/#tabulados",NA,NA,NA,NA,NA,299361021183497,230108334494738,266196121072679,NA
"Seguridad Pública","Guerrero","Tasa de Incidencia Delictiva (100 mil hab)","https://www.inegi.org.mx/programas/envipe/2024/#tabulados",NA,NA,NA,NA,NA,264814594924684,313757075324737,23989257334162,NA
"Seguridad Pública","Hidalgo","Tasa de Incidencia Delictiva (100 mil hab)","https://www.inegi.org.mx/programas/envipe/2024/#tabulados",NA,NA,NA,NA,NA,19204750224967,196492703267069,268940289641722,NA
"Seguridad Pública","Jalisco","Tasa de Incidencia Delictiva (100 mil hab)","https://www.inegi.org.mx/programas/envipe/2024/#tabulados",NA,NA,NA,NA,NA,31944188360211,289256553255387,317312257277954,NA
"Seguridad Pública","México","Tasa de Incidencia Delictiva (100 mil hab)","https://www.inegi.org.mx/programas/envipe/2024/#tabulados",NA,NA,NA,NA,NA,455007552641819,36583284980041,518809624265122,NA
"Seguridad Pública","Michoacán de Ocampo","Tasa de Incidencia Delictiva (100 mil hab)","https://www.inegi.org.mx/programas/envipe/2024/#tabulados",NA,NA,NA,NA,NA,181020713962521,194838672364151,196883910593631,NA
"Seguridad Pública","Morelos","Tasa de Incidencia Delictiva (100 mil hab)","https://www.inegi.org.mx/programas/envipe/2024/#tabulados",NA,NA,NA,NA,NA,320587898527633,323327951130878,362784208755807,NA
"Seguridad Pública","Nayarit","Tasa de Incidencia Delictiva (100 mil hab)","https://www.inegi.org.mx/programas/envipe/2024/#tabulados",NA,NA,NA,NA,NA,212136926504864,240233352557562,23607109848741,NA
"Seguridad Pública","Nuevo León","Tasa de Incidencia Delictiva (100 mil hab)","https://www.inegi.org.mx/programas/envipe/2024/#tabulados",NA,NA,NA,NA,NA,340988781460584,317422066053579,281709016575723,NA
"Seguridad Pública","Oaxaca","Tasa de Incidencia Delictiva (100 mil hab)","https://www.inegi.org.mx/programas/envipe/2024/#tabulados",NA,NA,NA,NA,NA,185524887206617,188249291904734,185749415645573,NA
"Seguridad Pública","Puebla","Tasa de Incidencia Delictiva (100 mil hab)","https://www.inegi.org.mx/programas/envipe/2024/#tabulados",NA,NA,NA,NA,NA,362341911021855,326564357181445,386417172852401,NA
"Seguridad Pública","Querétaro","Tasa de Incidencia Delictiva (100 mil hab)","https://www.inegi.org.mx/programas/envipe/2024/#tabulados",NA,NA,NA,NA,NA,318169430616037,358234355096363,407545552680543,NA
"Seguridad Pública","Quintana Roo","Tasa de Incidencia Delictiva (100 mil hab)","https://www.inegi.org.mx/programas/envipe/2024/#tabulados",NA,NA,NA,NA,NA,315379500679907,304001554680504,302937197879579,NA
"Seguridad Pública","San Luis Potosí","Tasa de Incidencia Delictiva (100 mil hab)","https://www.inegi.org.mx/programas/envipe/2024/#tabulados",NA,NA,NA,NA,NA,291215808877029,326806426538171,317642281486761,NA
"Seguridad Pública","Sinaloa","Tasa de Incidencia Delictiva (100 mil hab)","https://www.inegi.org.mx/programas/envipe/2024/#tabulados",NA,NA,NA,NA,NA,30230340601011,283286636948323,299840935653895,NA
"Seguridad Pública","Sonora","Tasa de Incidencia Delictiva (100 mil hab)","https://www.inegi.org.mx/programas/envipe/2024/#tabulados",NA,NA,NA,NA,NA,301999269063021,28600592466436,376127634537835,NA
"Seguridad Pública","Tabasco","Tasa de Incidencia Delictiva (100 mil hab)","https://www.inegi.org.mx/programas/envipe/2024/#tabulados",NA,NA,NA,NA,NA,35447517660233,307982150398314,380041959400103,NA
"Seguridad Pública","Tamaulipas","Tasa de Incidencia Delictiva (100 mil hab)","https://www.inegi.org.mx/programas/envipe/2024/#tabulados",NA,NA,NA,NA,NA,20473064259012,182051117752686,251288524885975,NA
"Seguridad Pública","Tlaxcala","Tasa de Incidencia Delictiva (100 mil hab)","https://www.inegi.org.mx/programas/envipe/2024/#tabulados",NA,NA,NA,NA,NA,287177681302625,313035487922194,285758816763944,NA
"Seguridad Pública","Veracruz de Ignacio de la Llave","Tasa de Incidencia Delictiva (100 mil hab)","https://www.inegi.org.mx/programas/envipe/2024/#tabulados",NA,NA,NA,NA,NA,195447215557175,17128966010314,202721128904,NA
"Seguridad Pública","Yucatán","Tasa de Incidencia Delictiva (100 mil hab)","https://www.inegi.org.mx/programas/envipe/2024/#tabulados",NA,NA,NA,NA,NA,235998632951554,239139139934002,249515282943987,NA
"Seguridad Pública","Zacatecas","Tasa de Incidencia Delictiva (100 mil hab)","https://www.inegi.org.mx/programas/envipe/2024/#tabulados",NA,NA,NA,NA,NA,224735619999495,206803498391862,270066767013622,NA
"Seguridad Pública","Aguascalientes","Tasa de Prevalencia Delictiva (100 mil hab) personas, hogares o propiedades que han sido víctimas de un delito","https://www.inegi.org.mx/programas/envipe/2024/#tabulados",NA,NA,NA,NA,NA,272945778008278,255413051787566,327979000511762,NA
"Seguridad Pública","Baja California","Tasa de Prevalencia Delictiva (100 mil hab) personas, hogares o propiedades que han sido víctimas de un delito","https://www.inegi.org.mx/programas/envipe/2024/#tabulados",NA,NA,NA,NA,NA,272083428691602,238144616448511,23796133986725,NA
"Seguridad Pública","Baja California Sur","Tasa de Prevalencia Delictiva (100 mil hab) personas, hogares o propiedades que han sido víctimas de un delito","https://www.inegi.org.mx/programas/envipe/2024/#tabulados",NA,NA,NA,NA,NA,190028925702079,199014798769616,216211779827027,NA
"Seguridad Pública","Campeche","Tasa de Prevalencia Delictiva (100 mil hab) personas, hogares o propiedades que han sido víctimas de un delito","https://www.inegi.org.mx/programas/envipe/2024/#tabulados",NA,NA,NA,NA,NA,168910866697041,216192018655756,225602445218829,NA
"Seguridad Pública","Coahuila de Zaragoza","Tasa de Prevalencia Delictiva (100 mil hab) personas, hogares o propiedades que han sido víctimas de un delito","https://www.inegi.org.mx/programas/envipe/2024/#tabulados",NA,NA,NA,NA,NA,200751868567139,215001053426937,193705291002857,NA
"Seguridad Pública","Colima","Tasa de Prevalencia Delictiva (100 mil hab) personas, hogares o propiedades que han sido víctimas de un delito","https://www.inegi.org.mx/programas/envipe/2024/#tabulados",NA,NA,NA,NA,NA,214604634345434,197816558697503,212061521757471,NA
"Seguridad Pública","Chiapas","Tasa de Prevalencia Delictiva (100 mil hab) personas, hogares o propiedades que han sido víctimas de un delito","https://www.inegi.org.mx/programas/envipe/2024/#tabulados",NA,NA,NA,NA,NA,151534904389607,125362353579503,141391978929646,NA
"Seguridad Pública","Chihuahua","Tasa de Prevalencia Delictiva (100 mil hab) personas, hogares o propiedades que han sido víctimas de un delito","https://www.inegi.org.mx/programas/envipe/2024/#tabulados",NA,NA,NA,NA,NA,238191203228336,20650503550973,225653373646359,NA
"Seguridad Pública","Ciudad de México","Tasa de Prevalencia Delictiva (100 mil hab) personas, hogares o propiedades que han sido víctimas de un delito","https://www.inegi.org.mx/programas/envipe/2024/#tabulados",NA,NA,NA,NA,NA,320775881939391,318760810971373,324969630584153,NA
"Seguridad Pública","Durango","Tasa de Prevalencia Delictiva (100 mil hab) personas, hogares o propiedades que han sido víctimas de un delito","https://www.inegi.org.mx/programas/envipe/2024/#tabulados",NA,NA,NA,NA,NA,158535861797809,184308709339415,16374619014753,NA
"Seguridad Pública","Guanajuato","Tasa de Prevalencia Delictiva (100 mil hab) personas, hogares o propiedades que han sido víctimas de un delito","https://www.inegi.org.mx/programas/envipe/2024/#tabulados",NA,NA,NA,NA,NA,256483565420492,177263601426823,19419540213183,NA
"Seguridad Pública","Guerrero","Tasa de Prevalencia Delictiva (100 mil hab) personas, hogares o propiedades que han sido víctimas de un delito","https://www.inegi.org.mx/programas/envipe/2024/#tabulados",NA,NA,NA,NA,NA,188308284706202,175798558073659,156021083721496,NA
"Seguridad Pública","Hidalgo","Tasa de Prevalencia Delictiva (100 mil hab) personas, hogares o propiedades que han sido víctimas de un delito","https://www.inegi.org.mx/programas/envipe/2024/#tabulados",NA,NA,NA,NA,NA,152656629736929,178629412065804,211644413712197,NA
"Seguridad Pública","Jalisco","Tasa de Prevalencia Delictiva (100 mil hab) personas, hogares o propiedades que han sido víctimas de un delito","https://www.inegi.org.mx/programas/envipe/2024/#tabulados",NA,NA,NA,NA,NA,252228237638558,235935233571723,247926368740977,NA
"Seguridad Pública","México","Tasa de Prevalencia Delictiva (100 mil hab) personas, hogares o propiedades que han sido víctimas de un delito","https://www.inegi.org.mx/programas/envipe/2024/#tabulados",NA,NA,NA,NA,NA,382527849382881,311822841607486,329705197468031,NA
"Seguridad Pública","Michoacán de Ocampo","Tasa de Prevalencia Delictiva (100 mil hab) personas, hogares o propiedades que han sido víctimas de un delito","https://www.inegi.org.mx/programas/envipe/2024/#tabulados",NA,NA,NA,NA,NA,140822579114569,159146241900465,149927736761766,NA
"Seguridad Pública","Morelos","Tasa de Prevalencia Delictiva (100 mil hab) personas, hogares o propiedades que han sido víctimas de un delito","https://www.inegi.org.mx/programas/envipe/2024/#tabulados",NA,NA,NA,NA,NA,227281631481872,217152044712841,258200614869834,NA
"Seguridad Pública","Nayarit","Tasa de Prevalencia Delictiva (100 mil hab) personas, hogares o propiedades que han sido víctimas de un delito","https://www.inegi.org.mx/programas/envipe/2024/#tabulados",NA,NA,NA,NA,NA,1853932904417,184872011002174,173820472937941,NA
"Seguridad Pública","Nuevo León","Tasa de Prevalencia Delictiva (100 mil hab) personas, hogares o propiedades que han sido víctimas de un delito","https://www.inegi.org.mx/programas/envipe/2024/#tabulados",NA,NA,NA,NA,NA,23106401727854,251588348018426,22497529818772,NA
"Seguridad Pública","Oaxaca","Tasa de Prevalencia Delictiva (100 mil hab) personas, hogares o propiedades que han sido víctimas de un delito","https://www.inegi.org.mx/programas/envipe/2024/#tabulados",NA,NA,NA,NA,NA,149607570644831,152139423265846,132738704665894,NA
"Seguridad Pública","Puebla","Tasa de Prevalencia Delictiva (100 mil hab) personas, hogares o propiedades que han sido víctimas de un delito","https://www.inegi.org.mx/programas/envipe/2024/#tabulados",NA,NA,NA,NA,NA,261385996846037,25090018835806,251959514400226,NA
"Seguridad Pública","Querétaro","Tasa de Prevalencia Delictiva (100 mil hab) personas, hogares o propiedades que han sido víctimas de un delito","https://www.inegi.org.mx/programas/envipe/2024/#tabulados",NA,NA,NA,NA,NA,264567173727527,269826567921845,277350323032108,NA
"Seguridad Pública","Quintana Roo","Tasa de Prevalencia Delictiva (100 mil hab) personas, hogares o propiedades que han sido víctimas de un delito","https://www.inegi.org.mx/programas/envipe/2024/#tabulados",NA,NA,NA,NA,NA,230485868250946,23459038293095,221895588850688,NA
"Seguridad Pública","San Luis Potosí","Tasa de Prevalencia Delictiva (100 mil hab) personas, hogares o propiedades que han sido víctimas de un delito","https://www.inegi.org.mx/programas/envipe/2024/#tabulados",NA,NA,NA,NA,NA,224672317378194,209235190103772,235914773788986,NA
"Seguridad Pública","Sinaloa","Tasa de Prevalencia Delictiva (100 mil hab) personas, hogares o propiedades que han sido víctimas de un delito","https://www.inegi.org.mx/programas/envipe/2024/#tabulados",NA,NA,NA,NA,NA,206797435023641,21357388517836,208390213098465,NA
"Seguridad Pública","Sonora","Tasa de Prevalencia Delictiva (100 mil hab) personas, hogares o propiedades que han sido víctimas de un delito","https://www.inegi.org.mx/programas/envipe/2024/#tabulados",NA,NA,NA,NA,NA,208967392721252,241016976790535,262977654629879,NA
"Seguridad Pública","Tabasco","Tasa de Prevalencia Delictiva (100 mil hab) personas, hogares o propiedades que han sido víctimas de un delito","https://www.inegi.org.mx/programas/envipe/2024/#tabulados",NA,NA,NA,NA,NA,268964523421387,229154848056301,256875424844572,NA
"Seguridad Pública","Tamaulipas","Tasa de Prevalencia Delictiva (100 mil hab) personas, hogares o propiedades que han sido víctimas de un delito","https://www.inegi.org.mx/programas/envipe/2024/#tabulados",NA,NA,NA,NA,NA,160557538906489,155831262290855,181039887834856,NA
"Seguridad Pública","Tlaxcala","Tasa de Prevalencia Delictiva (100 mil hab) personas, hogares o propiedades que han sido víctimas de un delito","https://www.inegi.org.mx/programas/envipe/2024/#tabulados",NA,NA,NA,NA,NA,236759836436072,271147670743869,230245768119426,NA
"Seguridad Pública","Veracruz de Ignacio de la Llave","Tasa de Prevalencia Delictiva (100 mil hab) personas, hogares o propiedades que han sido víctimas de un delito","https://www.inegi.org.mx/programas/envipe/2024/#tabulados",NA,NA,NA,NA,NA,156535510824673,135972939585192,154874928831806,NA
"Seguridad Pública","Yucatán","Tasa de Prevalencia Delictiva (100 mil hab) personas, hogares o propiedades que han sido víctimas de un delito","https://www.inegi.org.mx/programas/envipe/2024/#tabulados",NA,NA,NA,NA,NA,174422268267591,198832834016042,191672191398703,NA
"Seguridad Pública","Zacatecas","Tasa de Prevalencia Delictiva (100 mil hab) personas, hogares o propiedades que han sido víctimas de un delito","https://www.inegi.org.mx/programas/envipe/2024/#tabulados",NA,NA,NA,NA,NA,179013113536472,167539690252988,164224720799441,NA
"Social","Aguascalientes","Abandono escolar Educación Superior (%)","https://www.inegi.org.mx/app/tabulados/interactivos/?px=Educacion_11&bd=Educacion",NA,NA,NA,NA,NA,103,84,88,NA
"Social","Baja California","Abandono escolar Educación Superior (%)","https://www.inegi.org.mx/app/tabulados/interactivos/?px=Educacion_11&bd=Educacion",NA,NA,NA,NA,NA,87,48,51,NA
"Social","Baja California Sur","Abandono escolar Educación Superior (%)","https://www.inegi.org.mx/app/tabulados/interactivos/?px=Educacion_11&bd=Educacion",NA,NA,NA,NA,NA,162,122,136,NA
"Social","Campeche","Abandono escolar Educación Superior (%)","https://www.inegi.org.mx/app/tabulados/interactivos/?px=Educacion_11&bd=Educacion",NA,NA,NA,NA,NA,12,113,122,NA
"Social","Coahuila de Zaragoza","Abandono escolar Educación Superior (%)","https://www.inegi.org.mx/app/tabulados/interactivos/?px=Educacion_11&bd=Educacion",NA,NA,NA,NA,NA,96,79,64,NA
"Social","Colima","Abandono escolar Educación Superior (%)","https://www.inegi.org.mx/app/tabulados/interactivos/?px=Educacion_11&bd=Educacion",NA,NA,NA,NA,NA,118,102,11,NA
"Social","Chiapas","Abandono escolar Educación Superior (%)","https://www.inegi.org.mx/app/tabulados/interactivos/?px=Educacion_11&bd=Educacion",NA,NA,NA,NA,NA,73,5,43,NA
"Social","Chihuahua","Abandono escolar Educación Superior (%)","https://www.inegi.org.mx/app/tabulados/interactivos/?px=Educacion_11&bd=Educacion",NA,NA,NA,NA,NA,105,74,87,NA
"Social","Ciudad de México","Abandono escolar Educación Superior (%)","https://www.inegi.org.mx/app/tabulados/interactivos/?px=Educacion_11&bd=Educacion",NA,NA,NA,NA,NA,34,4,3,NA
"Social","Durango","Abandono escolar Educación Superior (%)","https://www.inegi.org.mx/app/tabulados/interactivos/?px=Educacion_11&bd=Educacion",NA,NA,NA,NA,NA,58,51,34,NA
"Social","Guanajuato","Abandono escolar Educación Superior (%)","https://www.inegi.org.mx/app/tabulados/interactivos/?px=Educacion_11&bd=Educacion",NA,NA,NA,NA,NA,92,88,82,NA
"Social","Guerrero","Abandono escolar Educación Superior (%)","https://www.inegi.org.mx/app/tabulados/interactivos/?px=Educacion_11&bd=Educacion",NA,NA,NA,NA,NA,117,9,56,NA
"Social","Hidalgo","Abandono escolar Educación Superior (%)","https://www.inegi.org.mx/app/tabulados/interactivos/?px=Educacion_11&bd=Educacion",NA,NA,NA,NA,NA,9,43,47,NA
"Social","Jalisco","Abandono escolar Educación Superior (%)","https://www.inegi.org.mx/app/tabulados/interactivos/?px=Educacion_11&bd=Educacion",NA,NA,NA,NA,NA,-2,-18,-47,NA
"Social","México","Abandono escolar Educación Superior (%)","https://www.inegi.org.mx/app/tabulados/interactivos/?px=Educacion_11&bd=Educacion",NA,NA,NA,NA,NA,78,8,81,NA
"Social","Michoacán de Ocampo","Abandono escolar Educación Superior (%)","https://www.inegi.org.mx/app/tabulados/interactivos/?px=Educacion_11&bd=Educacion",NA,NA,NA,NA,NA,107,124,10,NA
"Social","Morelos","Abandono escolar Educación Superior (%)","https://www.inegi.org.mx/app/tabulados/interactivos/?px=Educacion_11&bd=Educacion",NA,NA,NA,NA,NA,68,66,13,NA
"Social","Nayarit","Abandono escolar Educación Superior (%)","https://www.inegi.org.mx/app/tabulados/interactivos/?px=Educacion_11&bd=Educacion",NA,NA,NA,NA,NA,111,86,62,NA
"Social","Nuevo León","Abandono escolar Educación Superior (%)","https://www.inegi.org.mx/app/tabulados/interactivos/?px=Educacion_11&bd=Educacion",NA,NA,NA,NA,NA,3,24,-27,NA
"Social","Oaxaca","Abandono escolar Educación Superior (%)","https://www.inegi.org.mx/app/tabulados/interactivos/?px=Educacion_11&bd=Educacion",NA,NA,NA,NA,NA,154,111,98,NA
"Social","Puebla","Abandono escolar Educación Superior (%)","https://www.inegi.org.mx/app/tabulados/interactivos/?px=Educacion_11&bd=Educacion",NA,NA,NA,NA,NA,106,9,8,NA
"Social","Querétaro","Abandono escolar Educación Superior (%)","https://www.inegi.org.mx/app/tabulados/interactivos/?px=Educacion_11&bd=Educacion",NA,NA,NA,NA,NA,6,28,4,NA
"Social","Quintana Roo","Abandono escolar Educación Superior (%)","https://www.inegi.org.mx/app/tabulados/interactivos/?px=Educacion_11&bd=Educacion",NA,NA,NA,NA,NA,141,138,134,NA
"Social","San Luis Potosí","Abandono escolar Educación Superior (%)","https://www.inegi.org.mx/app/tabulados/interactivos/?px=Educacion_11&bd=Educacion",NA,NA,NA,NA,NA,104,95,33,NA
"Social","Sinaloa","Abandono escolar Educación Superior (%)","https://www.inegi.org.mx/app/tabulados/interactivos/?px=Educacion_11&bd=Educacion",NA,NA,NA,NA,NA,10,136,87,NA
"Social","Sonora","Abandono escolar Educación Superior (%)","https://www.inegi.org.mx/app/tabulados/interactivos/?px=Educacion_11&bd=Educacion",NA,NA,NA,NA,NA,149,133,13,NA
"Social","Tabasco","Abandono escolar Educación Superior (%)","https://www.inegi.org.mx/app/tabulados/interactivos/?px=Educacion_11&bd=Educacion",NA,NA,NA,NA,NA,91,8,69,NA
"Social","Tamaulipas","Abandono escolar Educación Superior (%)","https://www.inegi.org.mx/app/tabulados/interactivos/?px=Educacion_11&bd=Educacion",NA,NA,NA,NA,NA,77,87,51,NA
"Social","Tlaxcala","Abandono escolar Educación Superior (%)","https://www.inegi.org.mx/app/tabulados/interactivos/?px=Educacion_11&bd=Educacion",NA,NA,NA,NA,NA,57,78,63,NA
"Social","Veracruz de Ignacio de la Llave","Abandono escolar Educación Superior (%)","https://www.inegi.org.mx/app/tabulados/interactivos/?px=Educacion_11&bd=Educacion",NA,NA,NA,NA,NA,143,118,108,NA
"Social","Yucatán","Abandono escolar Educación Superior (%)","https://www.inegi.org.mx/app/tabulados/interactivos/?px=Educacion_11&bd=Educacion",NA,NA,NA,NA,NA,103,136,119,NA
"Social","Zacatecas","Abandono escolar Educación Superior (%)","https://www.inegi.org.mx/app/tabulados/interactivos/?px=Educacion_11&bd=Educacion",NA,NA,NA,NA,NA,122,109,56,NA
"Social","Aguascalientes","Cobertura Educación Primaria (%)","https://www.planeacion.sep.gob.mx/Doc/estadistica_e_indicadores/principales_cifras/principales_cifras_2023_2024_bolsillo.pdf",NA,NA,NA,NA,NA,NA,1026,985,NA
"Social","Baja California","Cobertura Educación Primaria (%)","https://www.planeacion.sep.gob.mx/Doc/estadistica_e_indicadores/principales_cifras/principales_cifras_2023_2024_bolsillo.pdf",NA,NA,NA,NA,NA,NA,1034,1028,NA
"Social","Baja California Sur","Cobertura Educación Primaria (%)","https://www.planeacion.sep.gob.mx/Doc/estadistica_e_indicadores/principales_cifras/principales_cifras_2023_2024_bolsillo.pdf",NA,NA,NA,NA,NA,NA,985,982,NA
"Social","Campeche","Cobertura Educación Primaria (%)","https://www.planeacion.sep.gob.mx/Doc/estadistica_e_indicadores/principales_cifras/principales_cifras_2023_2024_bolsillo.pdf",NA,NA,NA,NA,NA,NA,905,975,NA
"Social","Coahuila de Zaragoza","Cobertura Educación Primaria (%)","https://www.planeacion.sep.gob.mx/Doc/estadistica_e_indicadores/principales_cifras/principales_cifras_2023_2024_bolsillo.pdf",NA,NA,NA,NA,NA,NA,936,963,NA
"Social","Colima","Cobertura Educación Primaria (%)","https://www.planeacion.sep.gob.mx/Doc/estadistica_e_indicadores/principales_cifras/principales_cifras_2023_2024_bolsillo.pdf",NA,NA,NA,NA,NA,NA,872,978,NA
"Social","Chiapas","Cobertura Educación Primaria (%)","https://www.planeacion.sep.gob.mx/Doc/estadistica_e_indicadores/principales_cifras/principales_cifras_2023_2024_bolsillo.pdf",NA,NA,NA,NA,NA,NA,1069,1054,NA
"Social","Chihuahua","Cobertura Educación Primaria (%)","https://www.planeacion.sep.gob.mx/Doc/estadistica_e_indicadores/principales_cifras/principales_cifras_2023_2024_bolsillo.pdf",NA,NA,NA,NA,NA,NA,1042,1026,NA
"Social","Ciudad de México","Cobertura Educación Primaria (%)","https://www.planeacion.sep.gob.mx/Doc/estadistica_e_indicadores/principales_cifras/principales_cifras_2023_2024_bolsillo.pdf",NA,NA,NA,NA,NA,NA,1185,111,NA
"Social","Durango","Cobertura Educación Primaria (%)","https://www.planeacion.sep.gob.mx/Doc/estadistica_e_indicadores/principales_cifras/principales_cifras_2023_2024_bolsillo.pdf",NA,NA,NA,NA,NA,NA,1015,1005,NA
"Social","Guanajuato","Cobertura Educación Primaria (%)","https://www.planeacion.sep.gob.mx/Doc/estadistica_e_indicadores/principales_cifras/principales_cifras_2023_2024_bolsillo.pdf",NA,NA,NA,NA,NA,NA,1001,1016,NA
"Social","Guerrero","Cobertura Educación Primaria (%)","https://www.planeacion.sep.gob.mx/Doc/estadistica_e_indicadores/principales_cifras/principales_cifras_2023_2024_bolsillo.pdf",NA,NA,NA,NA,NA,NA,999,994,NA
"Social","Hidalgo","Cobertura Educación Primaria (%)","https://www.planeacion.sep.gob.mx/Doc/estadistica_e_indicadores/principales_cifras/principales_cifras_2023_2024_bolsillo.pdf",NA,NA,NA,NA,NA,NA,1007,995,NA
"Social","Jalisco","Cobertura Educación Primaria (%)","https://www.planeacion.sep.gob.mx/Doc/estadistica_e_indicadores/principales_cifras/principales_cifras_2023_2024_bolsillo.pdf",NA,NA,NA,NA,NA,NA,1035,1025,NA
"Social","México","Cobertura Educación Primaria (%)","https://www.planeacion.sep.gob.mx/Doc/estadistica_e_indicadores/principales_cifras/principales_cifras_2023_2024_bolsillo.pdf",NA,NA,NA,NA,NA,NA,998,1007,NA
"Social","Michoacán de Ocampo","Cobertura Educación Primaria (%)","https://www.planeacion.sep.gob.mx/Doc/estadistica_e_indicadores/principales_cifras/principales_cifras_2023_2024_bolsillo.pdf",NA,NA,NA,NA,NA,NA,992,1001,NA
"Social","Morelos","Cobertura Educación Primaria (%)","https://www.planeacion.sep.gob.mx/Doc/estadistica_e_indicadores/principales_cifras/principales_cifras_2023_2024_bolsillo.pdf",NA,NA,NA,NA,NA,NA,961,995,NA
"Social","Nayarit","Cobertura Educación Primaria (%)","https://www.planeacion.sep.gob.mx/Doc/estadistica_e_indicadores/principales_cifras/principales_cifras_2023_2024_bolsillo.pdf",NA,NA,NA,NA,NA,NA,924,971,NA
"Social","Nuevo León","Cobertura Educación Primaria (%)","https://www.planeacion.sep.gob.mx/Doc/estadistica_e_indicadores/principales_cifras/principales_cifras_2023_2024_bolsillo.pdf",NA,NA,NA,NA,NA,NA,1053,983,NA
"Social","Oaxaca","Cobertura Educación Primaria (%)","https://www.planeacion.sep.gob.mx/Doc/estadistica_e_indicadores/principales_cifras/principales_cifras_2023_2024_bolsillo.pdf",NA,NA,NA,NA,NA,NA,1005,1014,NA
"Social","Puebla","Cobertura Educación Primaria (%)","https://www.planeacion.sep.gob.mx/Doc/estadistica_e_indicadores/principales_cifras/principales_cifras_2023_2024_bolsillo.pdf",NA,NA,NA,NA,NA,NA,1038,1022,NA
"Social","Querétaro","Cobertura Educación Primaria (%)","https://www.planeacion.sep.gob.mx/Doc/estadistica_e_indicadores/principales_cifras/principales_cifras_2023_2024_bolsillo.pdf",NA,NA,NA,NA,NA,NA,1053,1022,NA
"Social","Quintana Roo","Cobertura Educación Primaria (%)","https://www.planeacion.sep.gob.mx/Doc/estadistica_e_indicadores/principales_cifras/principales_cifras_2023_2024_bolsillo.pdf",NA,NA,NA,NA,NA,NA,1069,957,NA
"Social","San Luis Potosí","Cobertura Educación Primaria (%)","https://www.planeacion.sep.gob.mx/Doc/estadistica_e_indicadores/principales_cifras/principales_cifras_2023_2024_bolsillo.pdf",NA,NA,NA,NA,NA,NA,999,986,NA
"Social","Sinaloa","Cobertura Educación Primaria (%)","https://www.planeacion.sep.gob.mx/Doc/estadistica_e_indicadores/principales_cifras/principales_cifras_2023_2024_bolsillo.pdf",NA,NA,NA,NA,NA,NA,977,995,NA
"Social","Sonora","Cobertura Educación Primaria (%)","https://www.planeacion.sep.gob.mx/Doc/estadistica_e_indicadores/principales_cifras/principales_cifras_2023_2024_bolsillo.pdf",NA,NA,NA,NA,NA,NA,938,965,NA
"Social","Tabasco","Cobertura Educación Primaria (%)","https://www.planeacion.sep.gob.mx/Doc/estadistica_e_indicadores/principales_cifras/principales_cifras_2023_2024_bolsillo.pdf",NA,NA,NA,NA,NA,NA,988,1014,NA
"Social","Tamaulipas","Cobertura Educación Primaria (%)","https://www.planeacion.sep.gob.mx/Doc/estadistica_e_indicadores/principales_cifras/principales_cifras_2023_2024_bolsillo.pdf",NA,NA,NA,NA,NA,NA,961,982,NA
"Social","Tlaxcala","Cobertura Educación Primaria (%)","https://www.planeacion.sep.gob.mx/Doc/estadistica_e_indicadores/principales_cifras/principales_cifras_2023_2024_bolsillo.pdf",NA,NA,NA,NA,NA,NA,1011,1013,NA
"Social","Veracruz de Ignacio de la Llave","Cobertura Educación Primaria (%)","https://www.planeacion.sep.gob.mx/Doc/estadistica_e_indicadores/principales_cifras/principales_cifras_2023_2024_bolsillo.pdf",NA,NA,NA,NA,NA,NA,914,97,NA
"Social","Yucatán","Cobertura Educación Primaria (%)","https://www.planeacion.sep.gob.mx/Doc/estadistica_e_indicadores/principales_cifras/principales_cifras_2023_2024_bolsillo.pdf",NA,NA,NA,NA,NA,NA,1054,939,NA
"Social","Zacatecas","Cobertura Educación Primaria (%)","https://www.planeacion.sep.gob.mx/Doc/estadistica_e_indicadores/principales_cifras/principales_cifras_2023_2024_bolsillo.pdf",NA,NA,NA,NA,NA,NA,1018,1009,NA
"Social","Aguascalientes","Cobertura educacíón Presescolar (%)","https://www.planeacion.sep.gob.mx/Doc/estadistica_e_indicadores/principales_cifras/principales_cifras_2023_2024_bolsillo.pdf",NA,NA,NA,NA,NA,NA,713,679,NA
"Social","Baja California","Cobertura educacíón Presescolar (%)","https://www.planeacion.sep.gob.mx/Doc/estadistica_e_indicadores/principales_cifras/principales_cifras_2023_2024_bolsillo.pdf",NA,NA,NA,NA,NA,NA,538,563,NA
"Social","Baja California Sur","Cobertura educacíón Presescolar (%)","https://www.planeacion.sep.gob.mx/Doc/estadistica_e_indicadores/principales_cifras/principales_cifras_2023_2024_bolsillo.pdf",NA,NA,NA,NA,NA,NA,588,642,NA
"Social","Campeche","Cobertura educacíón Presescolar (%)","https://www.planeacion.sep.gob.mx/Doc/estadistica_e_indicadores/principales_cifras/principales_cifras_2023_2024_bolsillo.pdf",NA,NA,NA,NA,NA,NA,606,701,NA
"Social","Coahuila de Zaragoza","Cobertura educacíón Presescolar (%)","https://www.planeacion.sep.gob.mx/Doc/estadistica_e_indicadores/principales_cifras/principales_cifras_2023_2024_bolsillo.pdf",NA,NA,NA,NA,NA,NA,713,773,NA
"Social","Colima","Cobertura educacíón Presescolar (%)","https://www.planeacion.sep.gob.mx/Doc/estadistica_e_indicadores/principales_cifras/principales_cifras_2023_2024_bolsillo.pdf",NA,NA,NA,NA,NA,NA,549,722,NA
"Social","Chiapas","Cobertura educacíón Presescolar (%)","https://www.planeacion.sep.gob.mx/Doc/estadistica_e_indicadores/principales_cifras/principales_cifras_2023_2024_bolsillo.pdf",NA,NA,NA,NA,NA,NA,778,732,NA
"Social","Chihuahua","Cobertura educacíón Presescolar (%)","https://www.planeacion.sep.gob.mx/Doc/estadistica_e_indicadores/principales_cifras/principales_cifras_2023_2024_bolsillo.pdf",NA,NA,NA,NA,NA,NA,595,623,NA
"Social","Ciudad de México","Cobertura educacíón Presescolar (%)","https://www.planeacion.sep.gob.mx/Doc/estadistica_e_indicadores/principales_cifras/principales_cifras_2023_2024_bolsillo.pdf",NA,NA,NA,NA,NA,NA,728,754,NA
"Social","Durango","Cobertura educacíón Presescolar (%)","https://www.planeacion.sep.gob.mx/Doc/estadistica_e_indicadores/principales_cifras/principales_cifras_2023_2024_bolsillo.pdf",NA,NA,NA,NA,NA,NA,666,648,NA
"Social","Guanajuato","Cobertura educacíón Presescolar (%)","https://www.planeacion.sep.gob.mx/Doc/estadistica_e_indicadores/principales_cifras/principales_cifras_2023_2024_bolsillo.pdf",NA,NA,NA,NA,NA,NA,692,682,NA
"Social","Guerrero","Cobertura educacíón Presescolar (%)","https://www.planeacion.sep.gob.mx/Doc/estadistica_e_indicadores/principales_cifras/principales_cifras_2023_2024_bolsillo.pdf",NA,NA,NA,NA,NA,NA,83,777,NA
"Social","Hidalgo","Cobertura educacíón Presescolar (%)","https://www.planeacion.sep.gob.mx/Doc/estadistica_e_indicadores/principales_cifras/principales_cifras_2023_2024_bolsillo.pdf",NA,NA,NA,NA,NA,NA,619,667,NA
"Social","Jalisco","Cobertura educacíón Presescolar (%)","https://www.planeacion.sep.gob.mx/Doc/estadistica_e_indicadores/principales_cifras/principales_cifras_2023_2024_bolsillo.pdf",NA,NA,NA,NA,NA,NA,663,655,NA
"Social","México","Cobertura educacíón Presescolar (%)","https://www.planeacion.sep.gob.mx/Doc/estadistica_e_indicadores/principales_cifras/principales_cifras_2023_2024_bolsillo.pdf",NA,NA,NA,NA,NA,NA,587,582,NA
"Social","Michoacán de Ocampo","Cobertura educacíón Presescolar (%)","https://www.planeacion.sep.gob.mx/Doc/estadistica_e_indicadores/principales_cifras/principales_cifras_2023_2024_bolsillo.pdf",NA,NA,NA,NA,NA,NA,688,687,NA
"Social","Morelos","Cobertura educacíón Presescolar (%)","https://www.planeacion.sep.gob.mx/Doc/estadistica_e_indicadores/principales_cifras/principales_cifras_2023_2024_bolsillo.pdf",NA,NA,NA,NA,NA,NA,577,646,NA
"Social","Nayarit","Cobertura educacíón Presescolar (%)","https://www.planeacion.sep.gob.mx/Doc/estadistica_e_indicadores/principales_cifras/principales_cifras_2023_2024_bolsillo.pdf",NA,NA,NA,NA,NA,NA,647,702,NA
"Social","Nuevo León","Cobertura educacíón Presescolar (%)","https://www.planeacion.sep.gob.mx/Doc/estadistica_e_indicadores/principales_cifras/principales_cifras_2023_2024_bolsillo.pdf",NA,NA,NA,NA,NA,NA,72,654,NA
"Social","Oaxaca","Cobertura educacíón Presescolar (%)","https://www.planeacion.sep.gob.mx/Doc/estadistica_e_indicadores/principales_cifras/principales_cifras_2023_2024_bolsillo.pdf",NA,NA,NA,NA,NA,NA,729,803,NA
"Social","Puebla","Cobertura educacíón Presescolar (%)","https://www.planeacion.sep.gob.mx/Doc/estadistica_e_indicadores/principales_cifras/principales_cifras_2023_2024_bolsillo.pdf",NA,NA,NA,NA,NA,NA,766,715,NA
"Social","Querétaro","Cobertura educacíón Presescolar (%)","https://www.planeacion.sep.gob.mx/Doc/estadistica_e_indicadores/principales_cifras/principales_cifras_2023_2024_bolsillo.pdf",NA,NA,NA,NA,NA,NA,682,654,NA
"Social","Quintana Roo","Cobertura educacíón Presescolar (%)","https://www.planeacion.sep.gob.mx/Doc/estadistica_e_indicadores/principales_cifras/principales_cifras_2023_2024_bolsillo.pdf",NA,NA,NA,NA,NA,NA,591,532,NA
"Social","San Luis Potosí","Cobertura educacíón Presescolar (%)","https://www.planeacion.sep.gob.mx/Doc/estadistica_e_indicadores/principales_cifras/principales_cifras_2023_2024_bolsillo.pdf",NA,NA,NA,NA,NA,NA,759,772,NA
"Social","Sinaloa","Cobertura educacíón Presescolar (%)","https://www.planeacion.sep.gob.mx/Doc/estadistica_e_indicadores/principales_cifras/principales_cifras_2023_2024_bolsillo.pdf",NA,NA,NA,NA,NA,NA,728,751,NA
"Social","Sonora","Cobertura educacíón Presescolar (%)","https://www.planeacion.sep.gob.mx/Doc/estadistica_e_indicadores/principales_cifras/principales_cifras_2023_2024_bolsillo.pdf",NA,NA,NA,NA,NA,NA,57,631,NA
"Social","Tabasco","Cobertura educacíón Presescolar (%)","https://www.planeacion.sep.gob.mx/Doc/estadistica_e_indicadores/principales_cifras/principales_cifras_2023_2024_bolsillo.pdf",NA,NA,NA,NA,NA,NA,772,848,NA
"Social","Tamaulipas","Cobertura educacíón Presescolar (%)","https://www.planeacion.sep.gob.mx/Doc/estadistica_e_indicadores/principales_cifras/principales_cifras_2023_2024_bolsillo.pdf",NA,NA,NA,NA,NA,NA,542,616,NA
"Social","Tlaxcala","Cobertura educacíón Presescolar (%)","https://www.planeacion.sep.gob.mx/Doc/estadistica_e_indicadores/principales_cifras/principales_cifras_2023_2024_bolsillo.pdf",NA,NA,NA,NA,NA,NA,682,656,NA
"Social","Veracruz de Ignacio de la Llave","Cobertura educacíón Presescolar (%)","https://www.planeacion.sep.gob.mx/Doc/estadistica_e_indicadores/principales_cifras/principales_cifras_2023_2024_bolsillo.pdf",NA,NA,NA,NA,NA,NA,524,606,NA
"Social","Yucatán","Cobertura educacíón Presescolar (%)","https://www.planeacion.sep.gob.mx/Doc/estadistica_e_indicadores/principales_cifras/principales_cifras_2023_2024_bolsillo.pdf",NA,NA,NA,NA,NA,NA,908,714,NA
"Social","Zacatecas","Cobertura educacíón Presescolar (%)","https://www.planeacion.sep.gob.mx/Doc/estadistica_e_indicadores/principales_cifras/principales_cifras_2023_2024_bolsillo.pdf",NA,NA,NA,NA,NA,NA,755,736,NA
"Social","Aguascalientes","Cobertura educacíón Secundaria (%)","https://www.planeacion.sep.gob.mx/Doc/estadistica_e_indicadores/principales_cifras/principales_cifras_2023_2024_bolsillo.pdf",NA,NA,NA,NA,NA,NA,922,904,NA
"Social","Baja California","Cobertura educacíón Secundaria (%)","https://www.planeacion.sep.gob.mx/Doc/estadistica_e_indicadores/principales_cifras/principales_cifras_2023_2024_bolsillo.pdf",NA,NA,NA,NA,NA,NA,997,945,NA
"Social","Baja California Sur","Cobertura educacíón Secundaria (%)","https://www.planeacion.sep.gob.mx/Doc/estadistica_e_indicadores/principales_cifras/principales_cifras_2023_2024_bolsillo.pdf",NA,NA,NA,NA,NA,NA,1007,955,NA
"Social","Campeche","Cobertura educacíón Secundaria (%)","https://www.planeacion.sep.gob.mx/Doc/estadistica_e_indicadores/principales_cifras/principales_cifras_2023_2024_bolsillo.pdf",NA,NA,NA,NA,NA,NA,856,894,NA
"Social","Coahuila de Zaragoza","Cobertura educacíón Secundaria (%)","https://www.planeacion.sep.gob.mx/Doc/estadistica_e_indicadores/principales_cifras/principales_cifras_2023_2024_bolsillo.pdf",NA,NA,NA,NA,NA,NA,914,899,NA
"Social","Colima","Cobertura educacíón Secundaria (%)","https://www.planeacion.sep.gob.mx/Doc/estadistica_e_indicadores/principales_cifras/principales_cifras_2023_2024_bolsillo.pdf",NA,NA,NA,NA,NA,NA,846,901,NA
"Social","Chiapas","Cobertura educacíón Secundaria (%)","https://www.planeacion.sep.gob.mx/Doc/estadistica_e_indicadores/principales_cifras/principales_cifras_2023_2024_bolsillo.pdf",NA,NA,NA,NA,NA,NA,822,804,NA
"Social","Chihuahua","Cobertura educacíón Secundaria (%)","https://www.planeacion.sep.gob.mx/Doc/estadistica_e_indicadores/principales_cifras/principales_cifras_2023_2024_bolsillo.pdf",NA,NA,NA,NA,NA,NA,923,896,NA
"Social","Ciudad de México","Cobertura educacíón Secundaria (%)","https://www.planeacion.sep.gob.mx/Doc/estadistica_e_indicadores/principales_cifras/principales_cifras_2023_2024_bolsillo.pdf",NA,NA,NA,NA,NA,NA,1197,1108,NA
"Social","Durango","Cobertura educacíón Secundaria (%)","https://www.planeacion.sep.gob.mx/Doc/estadistica_e_indicadores/principales_cifras/principales_cifras_2023_2024_bolsillo.pdf",NA,NA,NA,NA,NA,NA,917,916,NA
"Social","Guanajuato","Cobertura educacíón Secundaria (%)","https://www.planeacion.sep.gob.mx/Doc/estadistica_e_indicadores/principales_cifras/principales_cifras_2023_2024_bolsillo.pdf",NA,NA,NA,NA,NA,NA,913,917,NA
"Social","Guerrero","Cobertura educacíón Secundaria (%)","https://www.planeacion.sep.gob.mx/Doc/estadistica_e_indicadores/principales_cifras/principales_cifras_2023_2024_bolsillo.pdf",NA,NA,NA,NA,NA,NA,864,876,NA
"Social","Hidalgo","Cobertura educacíón Secundaria (%)","https://www.planeacion.sep.gob.mx/Doc/estadistica_e_indicadores/principales_cifras/principales_cifras_2023_2024_bolsillo.pdf",NA,NA,NA,NA,NA,NA,1009,963,NA
"Social","Jalisco","Cobertura educacíón Secundaria (%)","https://www.planeacion.sep.gob.mx/Doc/estadistica_e_indicadores/principales_cifras/principales_cifras_2023_2024_bolsillo.pdf",NA,NA,NA,NA,NA,NA,927,921,NA
"Social","México","Cobertura educacíón Secundaria (%)","https://www.planeacion.sep.gob.mx/Doc/estadistica_e_indicadores/principales_cifras/principales_cifras_2023_2024_bolsillo.pdf",NA,NA,NA,NA,NA,NA,97,947,NA
"Social","Michoacán de Ocampo","Cobertura educacíón Secundaria (%)","https://www.planeacion.sep.gob.mx/Doc/estadistica_e_indicadores/principales_cifras/principales_cifras_2023_2024_bolsillo.pdf",NA,NA,NA,NA,NA,NA,833,85,NA
"Social","Morelos","Cobertura educacíón Secundaria (%)","https://www.planeacion.sep.gob.mx/Doc/estadistica_e_indicadores/principales_cifras/principales_cifras_2023_2024_bolsillo.pdf",NA,NA,NA,NA,NA,NA,918,919,NA
"Social","Nayarit","Cobertura educacíón Secundaria (%)","https://www.planeacion.sep.gob.mx/Doc/estadistica_e_indicadores/principales_cifras/principales_cifras_2023_2024_bolsillo.pdf",NA,NA,NA,NA,NA,NA,894,901,NA
"Social","Nuevo León","Cobertura educacíón Secundaria (%)","https://www.planeacion.sep.gob.mx/Doc/estadistica_e_indicadores/principales_cifras/principales_cifras_2023_2024_bolsillo.pdf",NA,NA,NA,NA,NA,NA,988,941,NA
"Social","Oaxaca","Cobertura educacíón Secundaria (%)","https://www.planeacion.sep.gob.mx/Doc/estadistica_e_indicadores/principales_cifras/principales_cifras_2023_2024_bolsillo.pdf",NA,NA,NA,NA,NA,NA,845,90,NA
"Social","Puebla","Cobertura educacíón Secundaria (%)","https://www.planeacion.sep.gob.mx/Doc/estadistica_e_indicadores/principales_cifras/principales_cifras_2023_2024_bolsillo.pdf",NA,NA,NA,NA,NA,NA,923,919,NA
"Social","Querétaro","Cobertura educacíón Secundaria (%)","https://www.planeacion.sep.gob.mx/Doc/estadistica_e_indicadores/principales_cifras/principales_cifras_2023_2024_bolsillo.pdf",NA,NA,NA,NA,NA,NA,1002,964,NA
"Social","Quintana Roo","Cobertura educacíón Secundaria (%)","https://www.planeacion.sep.gob.mx/Doc/estadistica_e_indicadores/principales_cifras/principales_cifras_2023_2024_bolsillo.pdf",NA,NA,NA,NA,NA,NA,1059,927,NA
"Social","San Luis Potosí","Cobertura educacíón Secundaria (%)","https://www.planeacion.sep.gob.mx/Doc/estadistica_e_indicadores/principales_cifras/principales_cifras_2023_2024_bolsillo.pdf",NA,NA,NA,NA,NA,NA,928,922,NA
"Social","Sinaloa","Cobertura educacíón Secundaria (%)","https://www.planeacion.sep.gob.mx/Doc/estadistica_e_indicadores/principales_cifras/principales_cifras_2023_2024_bolsillo.pdf",NA,NA,NA,NA,NA,NA,935,944,NA
"Social","Sonora","Cobertura educacíón Secundaria (%)","https://www.planeacion.sep.gob.mx/Doc/estadistica_e_indicadores/principales_cifras/principales_cifras_2023_2024_bolsillo.pdf",NA,NA,NA,NA,NA,NA,916,90,NA
"Social","Tabasco","Cobertura educacíón Secundaria (%)","https://www.planeacion.sep.gob.mx/Doc/estadistica_e_indicadores/principales_cifras/principales_cifras_2023_2024_bolsillo.pdf",NA,NA,NA,NA,NA,NA,971,985,NA
"Social","Tamaulipas","Cobertura educacíón Secundaria (%)","https://www.planeacion.sep.gob.mx/Doc/estadistica_e_indicadores/principales_cifras/principales_cifras_2023_2024_bolsillo.pdf",NA,NA,NA,NA,NA,NA,901,895,NA
"Social","Tlaxcala","Cobertura educacíón Secundaria (%)","https://www.planeacion.sep.gob.mx/Doc/estadistica_e_indicadores/principales_cifras/principales_cifras_2023_2024_bolsillo.pdf",NA,NA,NA,NA,NA,NA,988,968,NA
"Social","Veracruz de Ignacio de la Llave","Cobertura educacíón Secundaria (%)","https://www.planeacion.sep.gob.mx/Doc/estadistica_e_indicadores/principales_cifras/principales_cifras_2023_2024_bolsillo.pdf",NA,NA,NA,NA,NA,NA,838,874,NA
"Social","Yucatán","Cobertura educacíón Secundaria (%)","https://www.planeacion.sep.gob.mx/Doc/estadistica_e_indicadores/principales_cifras/principales_cifras_2023_2024_bolsillo.pdf",NA,NA,NA,NA,NA,NA,955,859,NA
"Social","Zacatecas","Cobertura educacíón Secundaria (%)","https://www.planeacion.sep.gob.mx/Doc/estadistica_e_indicadores/principales_cifras/principales_cifras_2023_2024_bolsillo.pdf",NA,NA,NA,NA,NA,NA,94,939,NA
"Social","Aguascalientes","Cobertura educacíónMedia Superior (%)","https://www.planeacion.sep.gob.mx/Doc/estadistica_e_indicadores/principales_cifras/principales_cifras_2023_2024_bolsillo.pdf",NA,NA,NA,NA,NA,NA,725,739,NA
"Social","Baja California","Cobertura educacíónMedia Superior (%)","https://www.planeacion.sep.gob.mx/Doc/estadistica_e_indicadores/principales_cifras/principales_cifras_2023_2024_bolsillo.pdf",NA,NA,NA,NA,NA,NA,826,80,NA
"Social","Baja California Sur","Cobertura educacíónMedia Superior (%)","https://www.planeacion.sep.gob.mx/Doc/estadistica_e_indicadores/principales_cifras/principales_cifras_2023_2024_bolsillo.pdf",NA,NA,NA,NA,NA,NA,847,875,NA
"Social","Campeche","Cobertura educacíónMedia Superior (%)","https://www.planeacion.sep.gob.mx/Doc/estadistica_e_indicadores/principales_cifras/principales_cifras_2023_2024_bolsillo.pdf",NA,NA,NA,NA,NA,NA,749,787,NA
"Social","Coahuila de Zaragoza","Cobertura educacíónMedia Superior (%)","https://www.planeacion.sep.gob.mx/Doc/estadistica_e_indicadores/principales_cifras/principales_cifras_2023_2024_bolsillo.pdf",NA,NA,NA,NA,NA,NA,794,809,NA
"Social","Colima","Cobertura educacíónMedia Superior (%)","https://www.planeacion.sep.gob.mx/Doc/estadistica_e_indicadores/principales_cifras/principales_cifras_2023_2024_bolsillo.pdf",NA,NA,NA,NA,NA,NA,792,847,NA
"Social","Chiapas","Cobertura educacíónMedia Superior (%)","https://www.planeacion.sep.gob.mx/Doc/estadistica_e_indicadores/principales_cifras/principales_cifras_2023_2024_bolsillo.pdf",NA,NA,NA,NA,NA,NA,623,598,NA
"Social","Chihuahua","Cobertura educacíónMedia Superior (%)","https://www.planeacion.sep.gob.mx/Doc/estadistica_e_indicadores/principales_cifras/principales_cifras_2023_2024_bolsillo.pdf",NA,NA,NA,NA,NA,NA,779,768,NA
"Social","Ciudad de México","Cobertura educacíónMedia Superior (%)","https://www.planeacion.sep.gob.mx/Doc/estadistica_e_indicadores/principales_cifras/principales_cifras_2023_2024_bolsillo.pdf",NA,NA,NA,NA,NA,NA,1776,166,NA
"Social","Durango","Cobertura educacíónMedia Superior (%)","https://www.planeacion.sep.gob.mx/Doc/estadistica_e_indicadores/principales_cifras/principales_cifras_2023_2024_bolsillo.pdf",NA,NA,NA,NA,NA,NA,777,769,NA
"Social","Guanajuato","Cobertura educacíónMedia Superior (%)","https://www.planeacion.sep.gob.mx/Doc/estadistica_e_indicadores/principales_cifras/principales_cifras_2023_2024_bolsillo.pdf",NA,NA,NA,NA,NA,NA,732,749,NA
"Social","Guerrero","Cobertura educacíónMedia Superior (%)","https://www.planeacion.sep.gob.mx/Doc/estadistica_e_indicadores/principales_cifras/principales_cifras_2023_2024_bolsillo.pdf",NA,NA,NA,NA,NA,NA,687,701,NA
"Social","Hidalgo","Cobertura educacíónMedia Superior (%)","https://www.planeacion.sep.gob.mx/Doc/estadistica_e_indicadores/principales_cifras/principales_cifras_2023_2024_bolsillo.pdf",NA,NA,NA,NA,NA,NA,845,832,NA
"Social","Jalisco","Cobertura educacíónMedia Superior (%)","https://www.planeacion.sep.gob.mx/Doc/estadistica_e_indicadores/principales_cifras/principales_cifras_2023_2024_bolsillo.pdf",NA,NA,NA,NA,NA,NA,757,763,NA
"Social","México","Cobertura educacíónMedia Superior (%)","https://www.planeacion.sep.gob.mx/Doc/estadistica_e_indicadores/principales_cifras/principales_cifras_2023_2024_bolsillo.pdf",NA,NA,NA,NA,NA,NA,767,762,NA
"Social","Michoacán de Ocampo","Cobertura educacíónMedia Superior (%)","https://www.planeacion.sep.gob.mx/Doc/estadistica_e_indicadores/principales_cifras/principales_cifras_2023_2024_bolsillo.pdf",NA,NA,NA,NA,NA,NA,643,656,NA
"Social","Morelos","Cobertura educacíónMedia Superior (%)","https://www.planeacion.sep.gob.mx/Doc/estadistica_e_indicadores/principales_cifras/principales_cifras_2023_2024_bolsillo.pdf",NA,NA,NA,NA,NA,NA,78,812,NA
"Social","Nayarit","Cobertura educacíónMedia Superior (%)","https://www.planeacion.sep.gob.mx/Doc/estadistica_e_indicadores/principales_cifras/principales_cifras_2023_2024_bolsillo.pdf",NA,NA,NA,NA,NA,NA,763,819,NA
"Social","Nuevo León","Cobertura educacíónMedia Superior (%)","https://www.planeacion.sep.gob.mx/Doc/estadistica_e_indicadores/principales_cifras/principales_cifras_2023_2024_bolsillo.pdf",NA,NA,NA,NA,NA,NA,823,851,NA
"Social","Oaxaca","Cobertura educacíónMedia Superior (%)","https://www.planeacion.sep.gob.mx/Doc/estadistica_e_indicadores/principales_cifras/principales_cifras_2023_2024_bolsillo.pdf",NA,NA,NA,NA,NA,NA,642,641,NA
"Social","Puebla","Cobertura educacíónMedia Superior (%)","https://www.planeacion.sep.gob.mx/Doc/estadistica_e_indicadores/principales_cifras/principales_cifras_2023_2024_bolsillo.pdf",NA,NA,NA,NA,NA,NA,775,768,NA
"Social","Querétaro","Cobertura educacíónMedia Superior (%)","https://www.planeacion.sep.gob.mx/Doc/estadistica_e_indicadores/principales_cifras/principales_cifras_2023_2024_bolsillo.pdf",NA,NA,NA,NA,NA,NA,753,756,NA
"Social","Quintana Roo","Cobertura educacíónMedia Superior (%)","https://www.planeacion.sep.gob.mx/Doc/estadistica_e_indicadores/principales_cifras/principales_cifras_2023_2024_bolsillo.pdf",NA,NA,NA,NA,NA,NA,809,761,NA
"Social","San Luis Potosí","Cobertura educacíónMedia Superior (%)","https://www.planeacion.sep.gob.mx/Doc/estadistica_e_indicadores/principales_cifras/principales_cifras_2023_2024_bolsillo.pdf",NA,NA,NA,NA,NA,NA,69,698,NA
"Social","Sinaloa","Cobertura educacíónMedia Superior (%)","https://www.planeacion.sep.gob.mx/Doc/estadistica_e_indicadores/principales_cifras/principales_cifras_2023_2024_bolsillo.pdf",NA,NA,NA,NA,NA,NA,90,932,NA
"Social","Sonora","Cobertura educacíónMedia Superior (%)","https://www.planeacion.sep.gob.mx/Doc/estadistica_e_indicadores/principales_cifras/principales_cifras_2023_2024_bolsillo.pdf",NA,NA,NA,NA,NA,NA,754,811,NA
"Social","Tabasco","Cobertura educacíónMedia Superior (%)","https://www.planeacion.sep.gob.mx/Doc/estadistica_e_indicadores/principales_cifras/principales_cifras_2023_2024_bolsillo.pdf",NA,NA,NA,NA,NA,NA,862,889,NA
"Social","Tamaulipas","Cobertura educacíónMedia Superior (%)","https://www.planeacion.sep.gob.mx/Doc/estadistica_e_indicadores/principales_cifras/principales_cifras_2023_2024_bolsillo.pdf",NA,NA,NA,NA,NA,NA,742,765,NA
"Social","Tlaxcala","Cobertura educacíónMedia Superior (%)","https://www.planeacion.sep.gob.mx/Doc/estadistica_e_indicadores/principales_cifras/principales_cifras_2023_2024_bolsillo.pdf",NA,NA,NA,NA,NA,NA,797,807,NA
"Social","Veracruz de Ignacio de la Llave","Cobertura educacíónMedia Superior (%)","https://www.planeacion.sep.gob.mx/Doc/estadistica_e_indicadores/principales_cifras/principales_cifras_2023_2024_bolsillo.pdf",NA,NA,NA,NA,NA,NA,709,752,NA
"Social","Yucatán","Cobertura educacíónMedia Superior (%)","https://www.planeacion.sep.gob.mx/Doc/estadistica_e_indicadores/principales_cifras/principales_cifras_2023_2024_bolsillo.pdf",NA,NA,NA,NA,NA,NA,836,806,NA
"Social","Zacatecas","Cobertura educacíónMedia Superior (%)","https://www.planeacion.sep.gob.mx/Doc/estadistica_e_indicadores/principales_cifras/principales_cifras_2023_2024_bolsillo.pdf",NA,NA,NA,NA,NA,NA,712,725,NA
"Social","Aguascalientes","Eficiencia terminal Primaria (%)","https://www.planeacion.sep.gob.mx/Doc/estadistica_e_indicadores/principales_cifras/principales_cifras_2023_2024_bolsillo.pdf",NA,NA,NA,NA,NA,983,991,NA,NA
"Social","Baja California","Eficiencia terminal Primaria (%)","https://www.planeacion.sep.gob.mx/Doc/estadistica_e_indicadores/principales_cifras/principales_cifras_2023_2024_bolsillo.pdf",NA,NA,NA,NA,NA,993,1022,NA,NA
"Social","Baja California Sur","Eficiencia terminal Primaria (%)","https://www.planeacion.sep.gob.mx/Doc/estadistica_e_indicadores/principales_cifras/principales_cifras_2023_2024_bolsillo.pdf",NA,NA,NA,NA,NA,1009,105,NA,NA
"Social","Campeche","Eficiencia terminal Primaria (%)","https://www.planeacion.sep.gob.mx/Doc/estadistica_e_indicadores/principales_cifras/principales_cifras_2023_2024_bolsillo.pdf",NA,NA,NA,NA,NA,949,984,NA,NA
"Social","Coahuila de Zaragoza","Eficiencia terminal Primaria (%)","https://www.planeacion.sep.gob.mx/Doc/estadistica_e_indicadores/principales_cifras/principales_cifras_2023_2024_bolsillo.pdf",NA,NA,NA,NA,NA,992,988,NA,NA
"Social","Colima","Eficiencia terminal Primaria (%)","https://www.planeacion.sep.gob.mx/Doc/estadistica_e_indicadores/principales_cifras/principales_cifras_2023_2024_bolsillo.pdf",NA,NA,NA,NA,NA,924,963,NA,NA
"Social","Chiapas","Eficiencia terminal Primaria (%)","https://www.planeacion.sep.gob.mx/Doc/estadistica_e_indicadores/principales_cifras/principales_cifras_2023_2024_bolsillo.pdf",NA,NA,NA,NA,NA,97,967,NA,NA
"Social","Chihuahua","Eficiencia terminal Primaria (%)","https://www.planeacion.sep.gob.mx/Doc/estadistica_e_indicadores/principales_cifras/principales_cifras_2023_2024_bolsillo.pdf",NA,NA,NA,NA,NA,983,991,NA,NA
"Social","Ciudad de México","Eficiencia terminal Primaria (%)","https://www.planeacion.sep.gob.mx/Doc/estadistica_e_indicadores/principales_cifras/principales_cifras_2023_2024_bolsillo.pdf",NA,NA,NA,NA,NA,908,944,NA,NA
"Social","Durango","Eficiencia terminal Primaria (%)","https://www.planeacion.sep.gob.mx/Doc/estadistica_e_indicadores/principales_cifras/principales_cifras_2023_2024_bolsillo.pdf",NA,NA,NA,NA,NA,945,963,NA,NA
"Social","Guanajuato","Eficiencia terminal Primaria (%)","https://www.planeacion.sep.gob.mx/Doc/estadistica_e_indicadores/principales_cifras/principales_cifras_2023_2024_bolsillo.pdf",NA,NA,NA,NA,NA,969,966,NA,NA
"Social","Guerrero","Eficiencia terminal Primaria (%)","https://www.planeacion.sep.gob.mx/Doc/estadistica_e_indicadores/principales_cifras/principales_cifras_2023_2024_bolsillo.pdf",NA,NA,NA,NA,NA,928,957,NA,NA
"Social","Hidalgo","Eficiencia terminal Primaria (%)","https://www.planeacion.sep.gob.mx/Doc/estadistica_e_indicadores/principales_cifras/principales_cifras_2023_2024_bolsillo.pdf",NA,NA,NA,NA,NA,101,1023,NA,NA
"Social","Jalisco","Eficiencia terminal Primaria (%)","https://www.planeacion.sep.gob.mx/Doc/estadistica_e_indicadores/principales_cifras/principales_cifras_2023_2024_bolsillo.pdf",NA,NA,NA,NA,NA,959,985,NA,NA
"Social","México","Eficiencia terminal Primaria (%)","https://www.planeacion.sep.gob.mx/Doc/estadistica_e_indicadores/principales_cifras/principales_cifras_2023_2024_bolsillo.pdf",NA,NA,NA,NA,NA,951,958,NA,NA
"Social","Michoacán de Ocampo","Eficiencia terminal Primaria (%)","https://www.planeacion.sep.gob.mx/Doc/estadistica_e_indicadores/principales_cifras/principales_cifras_2023_2024_bolsillo.pdf",NA,NA,NA,NA,NA,899,922,NA,NA
"Social","Morelos","Eficiencia terminal Primaria (%)","https://www.planeacion.sep.gob.mx/Doc/estadistica_e_indicadores/principales_cifras/principales_cifras_2023_2024_bolsillo.pdf",NA,NA,NA,NA,NA,94,951,NA,NA
"Social","Nayarit","Eficiencia terminal Primaria (%)","https://www.planeacion.sep.gob.mx/Doc/estadistica_e_indicadores/principales_cifras/principales_cifras_2023_2024_bolsillo.pdf",NA,NA,NA,NA,NA,991,994,NA,NA
"Social","Nuevo León","Eficiencia terminal Primaria (%)","https://www.planeacion.sep.gob.mx/Doc/estadistica_e_indicadores/principales_cifras/principales_cifras_2023_2024_bolsillo.pdf",NA,NA,NA,NA,NA,1021,1022,NA,NA
"Social","Oaxaca","Eficiencia terminal Primaria (%)","https://www.planeacion.sep.gob.mx/Doc/estadistica_e_indicadores/principales_cifras/principales_cifras_2023_2024_bolsillo.pdf",NA,NA,NA,NA,NA,922,959,NA,NA
"Social","Puebla","Eficiencia terminal Primaria (%)","https://www.planeacion.sep.gob.mx/Doc/estadistica_e_indicadores/principales_cifras/principales_cifras_2023_2024_bolsillo.pdf",NA,NA,NA,NA,NA,969,984,NA,NA
"Social","Querétaro","Eficiencia terminal Primaria (%)","https://www.planeacion.sep.gob.mx/Doc/estadistica_e_indicadores/principales_cifras/principales_cifras_2023_2024_bolsillo.pdf",NA,NA,NA,NA,NA,1016,102,NA,NA
"Social","Quintana Roo","Eficiencia terminal Primaria (%)","https://www.planeacion.sep.gob.mx/Doc/estadistica_e_indicadores/principales_cifras/principales_cifras_2023_2024_bolsillo.pdf",NA,NA,NA,NA,NA,989,100,NA,NA
"Social","San Luis Potosí","Eficiencia terminal Primaria (%)","https://www.planeacion.sep.gob.mx/Doc/estadistica_e_indicadores/principales_cifras/principales_cifras_2023_2024_bolsillo.pdf",NA,NA,NA,NA,NA,978,1002,NA,NA
"Social","Sinaloa","Eficiencia terminal Primaria (%)","https://www.planeacion.sep.gob.mx/Doc/estadistica_e_indicadores/principales_cifras/principales_cifras_2023_2024_bolsillo.pdf",NA,NA,NA,NA,NA,986,1008,NA,NA
"Social","Sonora","Eficiencia terminal Primaria (%)","https://www.planeacion.sep.gob.mx/Doc/estadistica_e_indicadores/principales_cifras/principales_cifras_2023_2024_bolsillo.pdf",NA,NA,NA,NA,NA,971,97,NA,NA
"Social","Tabasco","Eficiencia terminal Primaria (%)","https://www.planeacion.sep.gob.mx/Doc/estadistica_e_indicadores/principales_cifras/principales_cifras_2023_2024_bolsillo.pdf",NA,NA,NA,NA,NA,965,986,NA,NA
"Social","Tamaulipas","Eficiencia terminal Primaria (%)","https://www.planeacion.sep.gob.mx/Doc/estadistica_e_indicadores/principales_cifras/principales_cifras_2023_2024_bolsillo.pdf",NA,NA,NA,NA,NA,964,983,NA,NA
"Social","Tlaxcala","Eficiencia terminal Primaria (%)","https://www.planeacion.sep.gob.mx/Doc/estadistica_e_indicadores/principales_cifras/principales_cifras_2023_2024_bolsillo.pdf",NA,NA,NA,NA,NA,987,1004,NA,NA
"Social","Veracruz de Ignacio de la Llave","Eficiencia terminal Primaria (%)","https://www.planeacion.sep.gob.mx/Doc/estadistica_e_indicadores/principales_cifras/principales_cifras_2023_2024_bolsillo.pdf",NA,NA,NA,NA,NA,944,976,NA,NA
"Social","Yucatán","Eficiencia terminal Primaria (%)","https://www.planeacion.sep.gob.mx/Doc/estadistica_e_indicadores/principales_cifras/principales_cifras_2023_2024_bolsillo.pdf",NA,NA,NA,NA,NA,987,1012,NA,NA
"Social","Zacatecas","Eficiencia terminal Primaria (%)","https://www.planeacion.sep.gob.mx/Doc/estadistica_e_indicadores/principales_cifras/principales_cifras_2023_2024_bolsillo.pdf",NA,NA,NA,NA,NA,968,969,NA,NA
"Social","Aguascalientes","Eficiencia terminal educación Secundaria (%)","https://www.planeacion.sep.gob.mx/Doc/estadistica_e_indicadores/principales_cifras/principales_cifras_2023_2024_bolsillo.pdf",NA,NA,NA,NA,NA,899,857,NA,NA
"Social","Baja California","Eficiencia terminal educación Secundaria (%)","https://www.planeacion.sep.gob.mx/Doc/estadistica_e_indicadores/principales_cifras/principales_cifras_2023_2024_bolsillo.pdf",NA,NA,NA,NA,NA,947,924,NA,NA
"Social","Baja California Sur","Eficiencia terminal educación Secundaria (%)","https://www.planeacion.sep.gob.mx/Doc/estadistica_e_indicadores/principales_cifras/principales_cifras_2023_2024_bolsillo.pdf",NA,NA,NA,NA,NA,956,948,NA,NA
"Social","Campeche","Eficiencia terminal educación Secundaria (%)","https://www.planeacion.sep.gob.mx/Doc/estadistica_e_indicadores/principales_cifras/principales_cifras_2023_2024_bolsillo.pdf",NA,NA,NA,NA,NA,891,841,NA,NA
"Social","Coahuila de Zaragoza","Eficiencia terminal educación Secundaria (%)","https://www.planeacion.sep.gob.mx/Doc/estadistica_e_indicadores/principales_cifras/principales_cifras_2023_2024_bolsillo.pdf",NA,NA,NA,NA,NA,929,893,NA,NA
"Social","Colima","Eficiencia terminal educación Secundaria (%)","https://www.planeacion.sep.gob.mx/Doc/estadistica_e_indicadores/principales_cifras/principales_cifras_2023_2024_bolsillo.pdf",NA,NA,NA,NA,NA,869,854,NA,NA
"Social","Chiapas","Eficiencia terminal educación Secundaria (%)","https://www.planeacion.sep.gob.mx/Doc/estadistica_e_indicadores/principales_cifras/principales_cifras_2023_2024_bolsillo.pdf",NA,NA,NA,NA,NA,873,848,NA,NA
"Social","Chihuahua","Eficiencia terminal educación Secundaria (%)","https://www.planeacion.sep.gob.mx/Doc/estadistica_e_indicadores/principales_cifras/principales_cifras_2023_2024_bolsillo.pdf",NA,NA,NA,NA,NA,90,861,NA,NA
"Social","Ciudad de México","Eficiencia terminal educación Secundaria (%)","https://www.planeacion.sep.gob.mx/Doc/estadistica_e_indicadores/principales_cifras/principales_cifras_2023_2024_bolsillo.pdf",NA,NA,NA,NA,NA,946,902,NA,NA
"Social","Durango","Eficiencia terminal educación Secundaria (%)","https://www.planeacion.sep.gob.mx/Doc/estadistica_e_indicadores/principales_cifras/principales_cifras_2023_2024_bolsillo.pdf",NA,NA,NA,NA,NA,865,867,NA,NA
"Social","Guanajuato","Eficiencia terminal educación Secundaria (%)","https://www.planeacion.sep.gob.mx/Doc/estadistica_e_indicadores/principales_cifras/principales_cifras_2023_2024_bolsillo.pdf",NA,NA,NA,NA,NA,905,882,NA,NA
"Social","Guerrero","Eficiencia terminal educación Secundaria (%)","https://www.planeacion.sep.gob.mx/Doc/estadistica_e_indicadores/principales_cifras/principales_cifras_2023_2024_bolsillo.pdf",NA,NA,NA,NA,NA,903,876,NA,NA
"Social","Hidalgo","Eficiencia terminal educación Secundaria (%)","https://www.planeacion.sep.gob.mx/Doc/estadistica_e_indicadores/principales_cifras/principales_cifras_2023_2024_bolsillo.pdf",NA,NA,NA,NA,NA,931,923,NA,NA
"Social","Jalisco","Eficiencia terminal educación Secundaria (%)","https://www.planeacion.sep.gob.mx/Doc/estadistica_e_indicadores/principales_cifras/principales_cifras_2023_2024_bolsillo.pdf",NA,NA,NA,NA,NA,903,879,NA,NA
"Social","México","Eficiencia terminal educación Secundaria (%)","https://www.planeacion.sep.gob.mx/Doc/estadistica_e_indicadores/principales_cifras/principales_cifras_2023_2024_bolsillo.pdf",NA,NA,NA,NA,NA,931,932,NA,NA
"Social","Michoacán de Ocampo","Eficiencia terminal educación Secundaria (%)","https://www.planeacion.sep.gob.mx/Doc/estadistica_e_indicadores/principales_cifras/principales_cifras_2023_2024_bolsillo.pdf",NA,NA,NA,NA,NA,81,802,NA,NA
"Social","Morelos","Eficiencia terminal educación Secundaria (%)","https://www.planeacion.sep.gob.mx/Doc/estadistica_e_indicadores/principales_cifras/principales_cifras_2023_2024_bolsillo.pdf",NA,NA,NA,NA,NA,89,872,NA,NA
"Social","Nayarit","Eficiencia terminal educación Secundaria (%)","https://www.planeacion.sep.gob.mx/Doc/estadistica_e_indicadores/principales_cifras/principales_cifras_2023_2024_bolsillo.pdf",NA,NA,NA,NA,NA,917,898,NA,NA
"Social","Nuevo León","Eficiencia terminal educación Secundaria (%)","https://www.planeacion.sep.gob.mx/Doc/estadistica_e_indicadores/principales_cifras/principales_cifras_2023_2024_bolsillo.pdf",NA,NA,NA,NA,NA,943,907,NA,NA
"Social","Oaxaca","Eficiencia terminal educación Secundaria (%)","https://www.planeacion.sep.gob.mx/Doc/estadistica_e_indicadores/principales_cifras/principales_cifras_2023_2024_bolsillo.pdf",NA,NA,NA,NA,NA,832,842,NA,NA
"Social","Puebla","Eficiencia terminal educación Secundaria (%)","https://www.planeacion.sep.gob.mx/Doc/estadistica_e_indicadores/principales_cifras/principales_cifras_2023_2024_bolsillo.pdf",NA,NA,NA,NA,NA,899,907,NA,NA
"Social","Querétaro","Eficiencia terminal educación Secundaria (%)","https://www.planeacion.sep.gob.mx/Doc/estadistica_e_indicadores/principales_cifras/principales_cifras_2023_2024_bolsillo.pdf",NA,NA,NA,NA,NA,917,875,NA,NA
"Social","Quintana Roo","Eficiencia terminal educación Secundaria (%)","https://www.planeacion.sep.gob.mx/Doc/estadistica_e_indicadores/principales_cifras/principales_cifras_2023_2024_bolsillo.pdf",NA,NA,NA,NA,NA,933,87,NA,NA
"Social","San Luis Potosí","Eficiencia terminal educación Secundaria (%)","https://www.planeacion.sep.gob.mx/Doc/estadistica_e_indicadores/principales_cifras/principales_cifras_2023_2024_bolsillo.pdf",NA,NA,NA,NA,NA,898,893,NA,NA
"Social","Sinaloa","Eficiencia terminal educación Secundaria (%)","https://www.planeacion.sep.gob.mx/Doc/estadistica_e_indicadores/principales_cifras/principales_cifras_2023_2024_bolsillo.pdf",NA,NA,NA,NA,NA,942,904,NA,NA
"Social","Sonora","Eficiencia terminal educación Secundaria (%)","https://www.planeacion.sep.gob.mx/Doc/estadistica_e_indicadores/principales_cifras/principales_cifras_2023_2024_bolsillo.pdf",NA,NA,NA,NA,NA,942,888,NA,NA
"Social","Tabasco","Eficiencia terminal educación Secundaria (%)","https://www.planeacion.sep.gob.mx/Doc/estadistica_e_indicadores/principales_cifras/principales_cifras_2023_2024_bolsillo.pdf",NA,NA,NA,NA,NA,901,922,NA,NA
"Social","Tamaulipas","Eficiencia terminal educación Secundaria (%)","https://www.planeacion.sep.gob.mx/Doc/estadistica_e_indicadores/principales_cifras/principales_cifras_2023_2024_bolsillo.pdf",NA,NA,NA,NA,NA,922,908,NA,NA
"Social","Tlaxcala","Eficiencia terminal educación Secundaria (%)","https://www.planeacion.sep.gob.mx/Doc/estadistica_e_indicadores/principales_cifras/principales_cifras_2023_2024_bolsillo.pdf",NA,NA,NA,NA,NA,938,923,NA,NA
"Social","Veracruz de Ignacio de la Llave","Eficiencia terminal educación Secundaria (%)","https://www.planeacion.sep.gob.mx/Doc/estadistica_e_indicadores/principales_cifras/principales_cifras_2023_2024_bolsillo.pdf",NA,NA,NA,NA,NA,901,886,NA,NA
"Social","Yucatán","Eficiencia terminal educación Secundaria (%)","https://www.planeacion.sep.gob.mx/Doc/estadistica_e_indicadores/principales_cifras/principales_cifras_2023_2024_bolsillo.pdf",NA,NA,NA,NA,NA,924,914,NA,NA
"Social","Zacatecas","Eficiencia terminal educación Secundaria (%)","https://www.planeacion.sep.gob.mx/Doc/estadistica_e_indicadores/principales_cifras/principales_cifras_2023_2024_bolsillo.pdf",NA,NA,NA,NA,NA,874,835,NA,NA
"Social","Aguascalientes","Tasa bruta de homicidios por cada 100 mil habitantes","https://www.inegi.org.mx/sistemas/olap/consulta/general_ver4/MDXQueryDatos.asp?proy=mortgral_mg",NA,NA,NA,NA,NA,8352,7591,7826,NA
"Social","Baja California","Tasa bruta de homicidios por cada 100 mil habitantes","https://www.inegi.org.mx/sistemas/olap/consulta/general_ver4/MDXQueryDatos.asp?proy=mortgral_mg",NA,NA,NA,NA,NA,27316,25000,24758,NA
"Social","Baja California Sur","Tasa bruta de homicidios por cada 100 mil habitantes","https://www.inegi.org.mx/sistemas/olap/consulta/general_ver4/MDXQueryDatos.asp?proy=mortgral_mg",NA,NA,NA,NA,NA,4390,4076,4329,NA
"Social","Campeche","Tasa bruta de homicidios por cada 100 mil habitantes","https://www.inegi.org.mx/sistemas/olap/consulta/general_ver4/MDXQueryDatos.asp?proy=mortgral_mg",NA,NA,NA,NA,NA,5470,5425,5706,NA
"Social","Coahuila de Zaragoza","Tasa bruta de homicidios por cada 100 mil habitantes","https://www.inegi.org.mx/sistemas/olap/consulta/general_ver4/MDXQueryDatos.asp?proy=mortgral_mg",NA,NA,NA,NA,NA,21548,19890,19978,NA
"Social","Colima","Tasa bruta de homicidios por cada 100 mil habitantes","https://www.inegi.org.mx/sistemas/olap/consulta/general_ver4/MDXQueryDatos.asp?proy=mortgral_mg",NA,NA,NA,NA,NA,6065,5971,6032,NA
"Social","Chiapas","Tasa bruta de homicidios por cada 100 mil habitantes","https://www.inegi.org.mx/sistemas/olap/consulta/general_ver4/MDXQueryDatos.asp?proy=mortgral_mg",NA,NA,NA,NA,NA,31431,30576,31368,NA
"Social","Chihuahua","Tasa bruta de homicidios por cada 100 mil habitantes","https://www.inegi.org.mx/sistemas/olap/consulta/general_ver4/MDXQueryDatos.asp?proy=mortgral_mg",NA,NA,NA,NA,NA,29338,27685,27645,NA
"Social","Ciudad de México","Tasa bruta de homicidios por cada 100 mil habitantes","https://www.inegi.org.mx/sistemas/olap/consulta/general_ver4/MDXQueryDatos.asp?proy=mortgral_mg",NA,NA,NA,NA,NA,82902,78625,80569,NA
"Social","Durango","Tasa bruta de homicidios por cada 100 mil habitantes","https://www.inegi.org.mx/sistemas/olap/consulta/general_ver4/MDXQueryDatos.asp?proy=mortgral_mg",NA,NA,NA,NA,NA,11498,10034,10192,NA
"Social","Guanajuato","Tasa bruta de homicidios por cada 100 mil habitantes","https://www.inegi.org.mx/sistemas/olap/consulta/general_ver4/MDXQueryDatos.asp?proy=mortgral_mg",NA,NA,NA,NA,NA,43363,40079,41044,NA
"Social","Guerrero","Tasa bruta de homicidios por cada 100 mil habitantes","https://www.inegi.org.mx/sistemas/olap/consulta/general_ver4/MDXQueryDatos.asp?proy=mortgral_mg",NA,NA,NA,NA,NA,20264,18618,18170,NA
"Social","Hidalgo","Tasa bruta de homicidios por cada 100 mil habitantes","https://www.inegi.org.mx/sistemas/olap/consulta/general_ver4/MDXQueryDatos.asp?proy=mortgral_mg",NA,NA,NA,NA,NA,18031,17125,17980,NA
"Social","Jalisco","Tasa bruta de homicidios por cada 100 mil habitantes","https://www.inegi.org.mx/sistemas/olap/consulta/general_ver4/MDXQueryDatos.asp?proy=mortgral_mg",NA,NA,NA,NA,NA,57679,53852,56034,NA
"Social","México","Tasa bruta de homicidios por cada 100 mil habitantes","https://www.inegi.org.mx/sistemas/olap/consulta/general_ver4/MDXQueryDatos.asp?proy=mortgral_mg",NA,NA,NA,NA,NA,91799,87642,91340,NA
"Social","Michoacán de Ocampo","Tasa bruta de homicidios por cada 100 mil habitantes","https://www.inegi.org.mx/sistemas/olap/consulta/general_ver4/MDXQueryDatos.asp?proy=mortgral_mg",NA,NA,NA,NA,NA,32498,30066,30095,NA
"Social","Morelos","Tasa bruta de homicidios por cada 100 mil habitantes","https://www.inegi.org.mx/sistemas/olap/consulta/general_ver4/MDXQueryDatos.asp?proy=mortgral_mg",NA,NA,NA,NA,NA,16003,15554,16075,NA
"Social","Nayarit","Tasa bruta de homicidios por cada 100 mil habitantes","https://www.inegi.org.mx/sistemas/olap/consulta/general_ver4/MDXQueryDatos.asp?proy=mortgral_mg",NA,NA,NA,NA,NA,7903,7256,7407,NA
"Social","Nuevo León","Tasa bruta de homicidios por cada 100 mil habitantes","https://www.inegi.org.mx/sistemas/olap/consulta/general_ver4/MDXQueryDatos.asp?proy=mortgral_mg",NA,NA,NA,NA,NA,39455,37278,38161,NA
"Social","Oaxaca","Tasa bruta de homicidios por cada 100 mil habitantes","https://www.inegi.org.mx/sistemas/olap/consulta/general_ver4/MDXQueryDatos.asp?proy=mortgral_mg",NA,NA,NA,NA,NA,29523,27478,28369,NA
"Social","Puebla","Tasa bruta de homicidios por cada 100 mil habitantes","https://www.inegi.org.mx/sistemas/olap/consulta/general_ver4/MDXQueryDatos.asp?proy=mortgral_mg",NA,NA,NA,NA,NA,44382,41736,42344,NA
"Social","Querétaro","Tasa bruta de homicidios por cada 100 mil habitantes","https://www.inegi.org.mx/sistemas/olap/consulta/general_ver4/MDXQueryDatos.asp?proy=mortgral_mg",NA,NA,NA,NA,NA,13912,12884,13278,NA
"Social","Quintana Roo","Tasa bruta de homicidios por cada 100 mil habitantes","https://www.inegi.org.mx/sistemas/olap/consulta/general_ver4/MDXQueryDatos.asp?proy=mortgral_mg",NA,NA,NA,NA,NA,8835,9447,9339,NA
"Social","San Luis Potosí","Tasa bruta de homicidios por cada 100 mil habitantes","https://www.inegi.org.mx/sistemas/olap/consulta/general_ver4/MDXQueryDatos.asp?proy=mortgral_mg",NA,NA,NA,NA,NA,20434,18624,19341,NA
"Social","Sinaloa","Tasa bruta de homicidios por cada 100 mil habitantes","https://www.inegi.org.mx/sistemas/olap/consulta/general_ver4/MDXQueryDatos.asp?proy=mortgral_mg",NA,NA,NA,NA,NA,17754,16978,17360,NA
"Social","Sonora","Tasa bruta de homicidios por cada 100 mil habitantes","https://www.inegi.org.mx/sistemas/olap/consulta/general_ver4/MDXQueryDatos.asp?proy=mortgral_mg",NA,NA,NA,NA,NA,22395,20277,20348,NA
"Social","Tabasco","Tasa bruta de homicidios por cada 100 mil habitantes","https://www.inegi.org.mx/sistemas/olap/consulta/general_ver4/MDXQueryDatos.asp?proy=mortgral_mg",NA,NA,NA,NA,NA,15464,15139,16492,NA
"Social","Tamaulipas","Tasa bruta de homicidios por cada 100 mil habitantes","https://www.inegi.org.mx/sistemas/olap/consulta/general_ver4/MDXQueryDatos.asp?proy=mortgral_mg",NA,NA,NA,NA,NA,23058,21785,22078,NA
"Social","Tlaxcala","Tasa bruta de homicidios por cada 100 mil habitantes","https://www.inegi.org.mx/sistemas/olap/consulta/general_ver4/MDXQueryDatos.asp?proy=mortgral_mg",NA,NA,NA,NA,NA,7762,7342,7371,NA
"Social","Veracruz de Ignacio de la Llave","Tasa bruta de homicidios por cada 100 mil habitantes","https://www.inegi.org.mx/sistemas/olap/consulta/general_ver4/MDXQueryDatos.asp?proy=mortgral_mg",NA,NA,NA,NA,NA,60902,59674,60512,NA
"Social","Yucatán","Tasa bruta de homicidios por cada 100 mil habitantes","https://www.inegi.org.mx/sistemas/olap/consulta/general_ver4/MDXQueryDatos.asp?proy=mortgral_mg",NA,NA,NA,NA,NA,15683,15609,16746,NA
"Social","Zacatecas","Tasa bruta de homicidios por cada 100 mil habitantes","https://www.inegi.org.mx/sistemas/olap/consulta/general_ver4/MDXQueryDatos.asp?proy=mortgral_mg",NA,NA,NA,NA,NA,12307,10553,10150,NA
"Social","Aguascalientes","Tasa de Abandono Escolar Media Superior (%)","https://www.inegi.org.mx/app/tabulados/interactivos/?px=Educacion_11&bd=Educacion",NA,NA,NA,NA,NA,83,107,103,NA
"Social","Baja California","Tasa de Abandono Escolar Media Superior (%)","https://www.inegi.org.mx/app/tabulados/interactivos/?px=Educacion_11&bd=Educacion",NA,NA,NA,NA,NA,112,117,108,NA
"Social","Baja California Sur","Tasa de Abandono Escolar Media Superior (%)","https://www.inegi.org.mx/app/tabulados/interactivos/?px=Educacion_11&bd=Educacion",NA,NA,NA,NA,NA,136,93,95,NA
"Social","Campeche","Tasa de Abandono Escolar Media Superior (%)","https://www.inegi.org.mx/app/tabulados/interactivos/?px=Educacion_11&bd=Educacion",NA,NA,NA,NA,NA,123,121,109,NA
"Social","Coahuila de Zaragoza","Tasa de Abandono Escolar Media Superior (%)","https://www.inegi.org.mx/app/tabulados/interactivos/?px=Educacion_11&bd=Educacion",NA,NA,NA,NA,NA,128,14,131,NA
"Social","Colima","Tasa de Abandono Escolar Media Superior (%)","https://www.inegi.org.mx/app/tabulados/interactivos/?px=Educacion_11&bd=Educacion",NA,NA,NA,NA,NA,124,116,105,NA
"Social","Chiapas","Tasa de Abandono Escolar Media Superior (%)","https://www.inegi.org.mx/app/tabulados/interactivos/?px=Educacion_11&bd=Educacion",NA,NA,NA,NA,NA,117,98,10,NA
"Social","Chihuahua","Tasa de Abandono Escolar Media Superior (%)","https://www.inegi.org.mx/app/tabulados/interactivos/?px=Educacion_11&bd=Educacion",NA,NA,NA,NA,NA,134,136,138,NA
"Social","Ciudad de México","Tasa de Abandono Escolar Media Superior (%)","https://www.inegi.org.mx/app/tabulados/interactivos/?px=Educacion_11&bd=Educacion",NA,NA,NA,NA,NA,145,151,128,NA
"Social","Durango","Tasa de Abandono Escolar Media Superior (%)","https://www.inegi.org.mx/app/tabulados/interactivos/?px=Educacion_11&bd=Educacion",NA,NA,NA,NA,NA,132,127,113,NA
"Social","Guanajuato","Tasa de Abandono Escolar Media Superior (%)","https://www.inegi.org.mx/app/tabulados/interactivos/?px=Educacion_11&bd=Educacion",NA,NA,NA,NA,NA,127,122,123,NA
"Social","Guerrero","Tasa de Abandono Escolar Media Superior (%)","https://www.inegi.org.mx/app/tabulados/interactivos/?px=Educacion_11&bd=Educacion",NA,NA,NA,NA,NA,132,108,112,NA
"Social","Hidalgo","Tasa de Abandono Escolar Media Superior (%)","https://www.inegi.org.mx/app/tabulados/interactivos/?px=Educacion_11&bd=Educacion",NA,NA,NA,NA,NA,135,105,105,NA
"Social","Jalisco","Tasa de Abandono Escolar Media Superior (%)","https://www.inegi.org.mx/app/tabulados/interactivos/?px=Educacion_11&bd=Educacion",NA,NA,NA,NA,NA,0,128,129,NA
"Social","México","Tasa de Abandono Escolar Media Superior (%)","https://www.inegi.org.mx/app/tabulados/interactivos/?px=Educacion_11&bd=Educacion",NA,NA,NA,NA,NA,89,98,92,NA
"Social","Michoacán de Ocampo","Tasa de Abandono Escolar Media Superior (%)","https://www.inegi.org.mx/app/tabulados/interactivos/?px=Educacion_11&bd=Educacion",NA,NA,NA,NA,NA,91,118,116,NA
"Social","Morelos","Tasa de Abandono Escolar Media Superior (%)","https://www.inegi.org.mx/app/tabulados/interactivos/?px=Educacion_11&bd=Educacion",NA,NA,NA,NA,NA,113,126,122,NA
"Social","Nayarit","Tasa de Abandono Escolar Media Superior (%)","https://www.inegi.org.mx/app/tabulados/interactivos/?px=Educacion_11&bd=Educacion",NA,NA,NA,NA,NA,115,71,107,NA
"Social","Nuevo León","Tasa de Abandono Escolar Media Superior (%)","https://www.inegi.org.mx/app/tabulados/interactivos/?px=Educacion_11&bd=Educacion",NA,NA,NA,NA,NA,99,89,105,NA
"Social","Oaxaca","Tasa de Abandono Escolar Media Superior (%)","https://www.inegi.org.mx/app/tabulados/interactivos/?px=Educacion_11&bd=Educacion",NA,NA,NA,NA,NA,122,92,9,NA
"Social","Puebla","Tasa de Abandono Escolar Media Superior (%)","https://www.inegi.org.mx/app/tabulados/interactivos/?px=Educacion_11&bd=Educacion",NA,NA,NA,NA,NA,113,97,87,NA
"Social","Querétaro","Tasa de Abandono Escolar Media Superior (%)","https://www.inegi.org.mx/app/tabulados/interactivos/?px=Educacion_11&bd=Educacion",NA,NA,NA,NA,NA,121,113,111,NA
"Social","Quintana Roo","Tasa de Abandono Escolar Media Superior (%)","https://www.inegi.org.mx/app/tabulados/interactivos/?px=Educacion_11&bd=Educacion",NA,NA,NA,NA,NA,94,108,106,NA
"Social","San Luis Potosí","Tasa de Abandono Escolar Media Superior (%)","https://www.inegi.org.mx/app/tabulados/interactivos/?px=Educacion_11&bd=Educacion",NA,NA,NA,NA,NA,106,107,108,NA
"Social","Sinaloa","Tasa de Abandono Escolar Media Superior (%)","https://www.inegi.org.mx/app/tabulados/interactivos/?px=Educacion_11&bd=Educacion",NA,NA,NA,NA,NA,82,113,111,NA
"Social","Sonora","Tasa de Abandono Escolar Media Superior (%)","https://www.inegi.org.mx/app/tabulados/interactivos/?px=Educacion_11&bd=Educacion",NA,NA,NA,NA,NA,118,96,95,NA
"Social","Tabasco","Tasa de Abandono Escolar Media Superior (%)","https://www.inegi.org.mx/app/tabulados/interactivos/?px=Educacion_11&bd=Educacion",NA,NA,NA,NA,NA,61,71,69,NA
"Social","Tamaulipas","Tasa de Abandono Escolar Media Superior (%)","https://www.inegi.org.mx/app/tabulados/interactivos/?px=Educacion_11&bd=Educacion",NA,NA,NA,NA,NA,87,95,88,NA
"Social","Tlaxcala","Tasa de Abandono Escolar Media Superior (%)","https://www.inegi.org.mx/app/tabulados/interactivos/?px=Educacion_11&bd=Educacion",NA,NA,NA,NA,NA,83,96,9,NA
"Social","Veracruz de Ignacio de la Llave","Tasa de Abandono Escolar Media Superior (%)","https://www.inegi.org.mx/app/tabulados/interactivos/?px=Educacion_11&bd=Educacion",NA,NA,NA,NA,NA,68,118,107,NA
"Social","Yucatán","Tasa de Abandono Escolar Media Superior (%)","https://www.inegi.org.mx/app/tabulados/interactivos/?px=Educacion_11&bd=Educacion",NA,NA,NA,NA,NA,112,122,11,NA
"Social","Zacatecas","Tasa de Abandono Escolar Media Superior (%)","https://www.inegi.org.mx/app/tabulados/interactivos/?px=Educacion_11&bd=Educacion",NA,NA,NA,NA,NA,11,13,123,NA
"Social","Aguascalientes","Tasa de Abandono escolar Educación Primaria (%)","https://www.inegi.org.mx/app/tabulados/interactivos/?px=Educacion_11&bd=Educacion",NA,NA,NA,NA,NA,4,0,0,NA
"Social","Baja California","Tasa de Abandono escolar Educación Primaria (%)","https://www.inegi.org.mx/app/tabulados/interactivos/?px=Educacion_11&bd=Educacion",NA,NA,NA,NA,NA,-4,-14,-9,NA
"Social","Baja California Sur","Tasa de Abandono escolar Educación Primaria (%)","https://www.inegi.org.mx/app/tabulados/interactivos/?px=Educacion_11&bd=Educacion",NA,NA,NA,NA,NA,-5,-13,-7,NA
"Social","Campeche","Tasa de Abandono escolar Educación Primaria (%)","https://www.inegi.org.mx/app/tabulados/interactivos/?px=Educacion_11&bd=Educacion",NA,NA,NA,NA,NA,3,2,2,NA
"Social","Coahuila de Zaragoza","Tasa de Abandono escolar Educación Primaria (%)","https://www.inegi.org.mx/app/tabulados/interactivos/?px=Educacion_11&bd=Educacion",NA,NA,NA,NA,NA,1,-2,-1,NA
"Social","Colima","Tasa de Abandono escolar Educación Primaria (%)","https://www.inegi.org.mx/app/tabulados/interactivos/?px=Educacion_11&bd=Educacion",NA,NA,NA,NA,NA,14,-1,-2,NA
"Social","Chiapas","Tasa de Abandono escolar Educación Primaria (%)","https://www.inegi.org.mx/app/tabulados/interactivos/?px=Educacion_11&bd=Educacion",NA,NA,NA,NA,NA,-1,5,5,NA
"Social","Chihuahua","Tasa de Abandono escolar Educación Primaria (%)","https://www.inegi.org.mx/app/tabulados/interactivos/?px=Educacion_11&bd=Educacion",NA,NA,NA,NA,NA,7,3,2,NA
"Social","Ciudad de México","Tasa de Abandono escolar Educación Primaria (%)","https://www.inegi.org.mx/app/tabulados/interactivos/?px=Educacion_11&bd=Educacion",NA,NA,NA,NA,NA,25,4,2,NA
"Social","Durango","Tasa de Abandono escolar Educación Primaria (%)","https://www.inegi.org.mx/app/tabulados/interactivos/?px=Educacion_11&bd=Educacion",NA,NA,NA,NA,NA,8,-3,-1,NA
"Social","Guanajuato","Tasa de Abandono escolar Educación Primaria (%)","https://www.inegi.org.mx/app/tabulados/interactivos/?px=Educacion_11&bd=Educacion",NA,NA,NA,NA,NA,6,3,3,NA
"Social","Guerrero","Tasa de Abandono escolar Educación Primaria (%)","https://www.inegi.org.mx/app/tabulados/interactivos/?px=Educacion_11&bd=Educacion",NA,NA,NA,NA,NA,9,14,13,NA
"Social","Hidalgo","Tasa de Abandono escolar Educación Primaria (%)","https://www.inegi.org.mx/app/tabulados/interactivos/?px=Educacion_11&bd=Educacion",NA,NA,NA,NA,NA,-3,-4,-3,NA
"Social","Jalisco","Tasa de Abandono escolar Educación Primaria (%)","https://www.inegi.org.mx/app/tabulados/interactivos/?px=Educacion_11&bd=Educacion",NA,NA,NA,NA,NA,12,5,3,NA
"Social","México","Tasa de Abandono escolar Educación Primaria (%)","https://www.inegi.org.mx/app/tabulados/interactivos/?px=Educacion_11&bd=Educacion",NA,NA,NA,NA,NA,-5,5,5,NA
"Social","Michoacán de Ocampo","Tasa de Abandono escolar Educación Primaria (%)","https://www.inegi.org.mx/app/tabulados/interactivos/?px=Educacion_11&bd=Educacion",NA,NA,NA,NA,NA,-11,1,9,NA
"Social","Morelos","Tasa de Abandono escolar Educación Primaria (%)","https://www.inegi.org.mx/app/tabulados/interactivos/?px=Educacion_11&bd=Educacion",NA,NA,NA,NA,NA,6,1,9,NA
"Social","Nayarit","Tasa de Abandono escolar Educación Primaria (%)","https://www.inegi.org.mx/app/tabulados/interactivos/?px=Educacion_11&bd=Educacion",NA,NA,NA,NA,NA,-4,-2,-1,NA
"Social","Nuevo León","Tasa de Abandono escolar Educación Primaria (%)","https://www.inegi.org.mx/app/tabulados/interactivos/?px=Educacion_11&bd=Educacion",NA,NA,NA,NA,NA,-2,-3,-2,NA
"Social","Oaxaca","Tasa de Abandono escolar Educación Primaria (%)","https://www.inegi.org.mx/app/tabulados/interactivos/?px=Educacion_11&bd=Educacion",NA,NA,NA,NA,NA,-25,-67,-43,NA
"Social","Puebla","Tasa de Abandono escolar Educación Primaria (%)","https://www.inegi.org.mx/app/tabulados/interactivos/?px=Educacion_11&bd=Educacion",NA,NA,NA,NA,NA,-6,0,0,NA
"Social","Querétaro","Tasa de Abandono escolar Educación Primaria (%)","https://www.inegi.org.mx/app/tabulados/interactivos/?px=Educacion_11&bd=Educacion",NA,NA,NA,NA,NA,7,-6,-6,NA
"Social","Quintana Roo","Tasa de Abandono escolar Educación Primaria (%)","https://www.inegi.org.mx/app/tabulados/interactivos/?px=Educacion_11&bd=Educacion",NA,NA,NA,NA,NA,-1,19,18,NA
"Social","San Luis Potosí","Tasa de Abandono escolar Educación Primaria (%)","https://www.inegi.org.mx/app/tabulados/interactivos/?px=Educacion_11&bd=Educacion",NA,NA,NA,NA,NA,-2,3,3,NA
"Social","Sinaloa","Tasa de Abandono escolar Educación Primaria (%)","https://www.inegi.org.mx/app/tabulados/interactivos/?px=Educacion_11&bd=Educacion",NA,NA,NA,NA,NA,-2,-2,-1,NA
"Social","Sonora","Tasa de Abandono escolar Educación Primaria (%)","https://www.inegi.org.mx/app/tabulados/interactivos/?px=Educacion_11&bd=Educacion",NA,NA,NA,NA,NA,7,2,2,NA
"Social","Tabasco","Tasa de Abandono escolar Educación Primaria (%)","https://www.inegi.org.mx/app/tabulados/interactivos/?px=Educacion_11&bd=Educacion",NA,NA,NA,NA,NA,1,6,5,NA
"Social","Tamaulipas","Tasa de Abandono escolar Educación Primaria (%)","https://www.inegi.org.mx/app/tabulados/interactivos/?px=Educacion_11&bd=Educacion",NA,NA,NA,NA,NA,0,1,2,NA
"Social","Tlaxcala","Tasa de Abandono escolar Educación Primaria (%)","https://www.inegi.org.mx/app/tabulados/interactivos/?px=Educacion_11&bd=Educacion",NA,NA,NA,NA,NA,-5,-1,-1,NA
"Social","Veracruz de Ignacio de la Llave","Tasa de Abandono escolar Educación Primaria (%)","https://www.inegi.org.mx/app/tabulados/interactivos/?px=Educacion_11&bd=Educacion",NA,NA,NA,NA,NA,3,5,5,NA
"Social","Yucatán","Tasa de Abandono escolar Educación Primaria (%)","https://www.inegi.org.mx/app/tabulados/interactivos/?px=Educacion_11&bd=Educacion",NA,NA,NA,NA,NA,17,29,28,NA
"Social","Zacatecas","Tasa de Abandono escolar Educación Primaria (%)","https://www.inegi.org.mx/app/tabulados/interactivos/?px=Educacion_11&bd=Educacion",NA,NA,NA,NA,NA,3,6,6,NA