"Tema","Entidad","Indicador","link.de.consulta","2019","2020","2021","2022","2023","2024"
"Económico","Aguascalientes","Aves Producción (toneladas)",NA,NA,NA,NA,NA,554975.4,NA
"Económico","Baja California","Aves Producción (toneladas)",NA,NA,NA,NA,NA,1489.9,NA
"Económico","Baja California Sur","Aves Producción (toneladas)",NA,NA,NA,NA,NA,1022.7,NA
"Económico","Campeche","Aves Producción (toneladas)",NA,NA,NA,NA,NA,30625.4,NA
"Económico","Coahuila de Zaragoza","Aves Producción (toneladas)",NA,NA,NA,NA,NA,120798.6,NA
"Económico","Colima","Aves Producción (toneladas)",NA,NA,NA,NA,NA,17377.6,NA
"Económico","Chiapas","Aves Producción (toneladas)",NA,NA,NA,NA,NA,309480.8,NA
"Económico","Chihuahua","Aves Producción (toneladas)",NA,NA,NA,NA,NA,4272.7,NA
"Económico","Ciudad de México","Aves Producción (toneladas)",NA,NA,NA,NA,NA,65.9,NA
"Económico","Durango","Aves Producción (toneladas)",NA,NA,NA,NA,NA,358886.5,NA
"Económico","Guanajuato","Aves Producción (toneladas)",NA,NA,NA,NA,NA,290037.2,NA
"Económico","Guerrero","Aves Producción (toneladas)",NA,NA,NA,NA,NA,15501.7,NA
"Económico","Hidalgo","Aves Producción (toneladas)",NA,NA,NA,NA,NA,119122.3,NA
"Económico","Jalisco","Aves Producción (toneladas)",NA,NA,NA,NA,NA,579564.8,NA
"Económico","México","Aves Producción (toneladas)",NA,NA,NA,NA,NA,150322,NA
"Económico","Michoacán de Ocampo","Aves Producción (toneladas)",NA,NA,NA,NA,NA,96728.9,NA
"Económico","Morelos","Aves Producción (toneladas)",NA,NA,NA,NA,NA,88837,NA
"Económico","Nayarit","Aves Producción (toneladas)",NA,NA,NA,NA,NA,50991.2,NA
"Económico","Nuevo León","Aves Producción (toneladas)",NA,NA,NA,NA,NA,100391.5,NA
"Económico","Oaxaca","Aves Producción (toneladas)",NA,NA,NA,NA,NA,17483.9,NA
"Económico","Puebla","Aves Producción (toneladas)",NA,NA,NA,NA,NA,271976.7,NA
"Económico","Querétaro","Aves Producción (toneladas)",NA,NA,NA,NA,NA,492452.3,NA
"Económico","Quintana Roo","Aves Producción (toneladas)",NA,NA,NA,NA,NA,8708.6,NA
"Económico","San Luis Potosí","Aves Producción (toneladas)",NA,NA,NA,NA,NA,141783.3,NA
"Económico","Sinaloa","Aves Producción (toneladas)",NA,NA,NA,NA,NA,194992.5,NA
"Económico","Sonora","Aves Producción (toneladas)",NA,NA,NA,NA,NA,56336.7,NA
"Económico","Tabasco","Aves Producción (toneladas)",NA,NA,NA,NA,NA,29050,NA
"Económico","Tamaulipas","Aves Producción (toneladas)",NA,NA,NA,NA,NA,566.2,NA
"Económico","Tlaxcala","Aves Producción (toneladas)",NA,NA,NA,NA,NA,1090.7,NA
"Económico","Veracruz de Ignacio de la Llave","Aves Producción (toneladas)",NA,NA,NA,NA,NA,695965.2,NA
"Económico","Yucatán","Aves Producción (toneladas)",NA,NA,NA,NA,NA,233394.9,NA
"Económico","Zacatecas","Aves Producción (toneladas)",NA,NA,NA,NA,NA,4051.4,NA
"Económico","Aguascalientes","Aves Valor de la Producción (miles de pesos)",NA,NA,NA,NA,NA,15102483.87,NA
"Económico","Baja California","Aves Valor de la Producción (miles de pesos)",NA,NA,NA,NA,NA,36478.03,NA
"Económico","Baja California Sur","Aves Valor de la Producción (miles de pesos)",NA,NA,NA,NA,NA,32926.88,NA
"Económico","Campeche","Aves Valor de la Producción (miles de pesos)",NA,NA,NA,NA,NA,878718.65,NA
"Económico","Coahuila de Zaragoza","Aves Valor de la Producción (miles de pesos)",NA,NA,NA,NA,NA,2844282.51,NA
"Económico","Colima","Aves Valor de la Producción (miles de pesos)",NA,NA,NA,NA,NA,479582.9,NA
"Económico","Chiapas","Aves Valor de la Producción (miles de pesos)",NA,NA,NA,NA,NA,8797756.27,NA
"Económico","Chihuahua","Aves Valor de la Producción (miles de pesos)",NA,NA,NA,NA,NA,106089.87,NA
"Económico","Ciudad de México","Aves Valor de la Producción (miles de pesos)",NA,NA,NA,NA,NA,2144.98,NA
"Económico","Durango","Aves Valor de la Producción (miles de pesos)",NA,NA,NA,NA,NA,9570933.95,NA
"Económico","Guanajuato","Aves Valor de la Producción (miles de pesos)",NA,NA,NA,NA,NA,7992574.85,NA
"Económico","Guerrero","Aves Valor de la Producción (miles de pesos)",NA,NA,NA,NA,NA,501439.14,NA
"Económico","Hidalgo","Aves Valor de la Producción (miles de pesos)",NA,NA,NA,NA,NA,3334169.73,NA
"Económico","Jalisco","Aves Valor de la Producción (miles de pesos)",NA,NA,NA,NA,NA,15168048.74,NA
"Económico","México","Aves Valor de la Producción (miles de pesos)",NA,NA,NA,NA,NA,4668837.47,NA
"Económico","Michoacán de Ocampo","Aves Valor de la Producción (miles de pesos)",NA,NA,NA,NA,NA,2258756.73,NA
"Económico","Morelos","Aves Valor de la Producción (miles de pesos)",NA,NA,NA,NA,NA,2558241.47,NA
"Económico","Nayarit","Aves Valor de la Producción (miles de pesos)",NA,NA,NA,NA,NA,1324521.57,NA
"Económico","Nuevo León","Aves Valor de la Producción (miles de pesos)",NA,NA,NA,NA,NA,2664776.39,NA
"Económico","Oaxaca","Aves Valor de la Producción (miles de pesos)",NA,NA,NA,NA,NA,457455.05,NA
"Económico","Puebla","Aves Valor de la Producción (miles de pesos)",NA,NA,NA,NA,NA,6482940.17,NA
"Económico","Querétaro","Aves Valor de la Producción (miles de pesos)",NA,NA,NA,NA,NA,14236738.32,NA
"Económico","Quintana Roo","Aves Valor de la Producción (miles de pesos)",NA,NA,NA,NA,NA,314687.13,NA
"Económico","San Luis Potosí","Aves Valor de la Producción (miles de pesos)",NA,NA,NA,NA,NA,3886022.37,NA
"Económico","Sinaloa","Aves Valor de la Producción (miles de pesos)",NA,NA,NA,NA,NA,5175765.62,NA
"Económico","Sonora","Aves Valor de la Producción (miles de pesos)",NA,NA,NA,NA,NA,1472224.39,NA
"Económico","Tabasco","Aves Valor de la Producción (miles de pesos)",NA,NA,NA,NA,NA,940274.49,NA
"Económico","Tamaulipas","Aves Valor de la Producción (miles de pesos)",NA,NA,NA,NA,NA,14001.57,NA
"Económico","Tlaxcala","Aves Valor de la Producción (miles de pesos)",NA,NA,NA,NA,NA,32817.13,NA
"Económico","Veracruz de Ignacio de la Llave","Aves Valor de la Producción (miles de pesos)",NA,NA,NA,NA,NA,18625609.14,NA
"Económico","Yucatán","Aves Valor de la Producción (miles de pesos)",NA,NA,NA,NA,NA,7049547.23,NA
"Económico","Zacatecas","Aves Valor de la Producción (miles de pesos)",NA,NA,NA,NA,NA,121354.65,NA
"Gobierno","Aguascalientes","Barometro de Información Presupuestal Estatal BIPE",NA,NA,NA,NA,NA,96.55,NA
"Gobierno","Baja California","Barometro de Información Presupuestal Estatal BIPE",NA,NA,NA,NA,NA,100,NA
"Gobierno","Baja California Sur","Barometro de Información Presupuestal Estatal BIPE",NA,NA,NA,NA,NA,87.07,NA
"Gobierno","Campeche","Barometro de Información Presupuestal Estatal BIPE",NA,NA,NA,NA,NA,99.14,NA
"Gobierno","Coahuila de Zaragoza","Barometro de Información Presupuestal Estatal BIPE",NA,NA,NA,NA,NA,100,NA
"Gobierno","Colima","Barometro de Información Presupuestal Estatal BIPE",NA,NA,NA,NA,NA,98.28,NA
"Gobierno","Chiapas","Barometro de Información Presupuestal Estatal BIPE",NA,NA,NA,NA,NA,95.69,NA
"Gobierno","Chihuahua","Barometro de Información Presupuestal Estatal BIPE",NA,NA,NA,NA,NA,92.24,NA
"Gobierno","Ciudad de México","Barometro de Información Presupuestal Estatal BIPE",NA,NA,NA,NA,NA,80.81,NA
"Gobierno","Durango","Barometro de Información Presupuestal Estatal BIPE",NA,NA,NA,NA,NA,94.83,NA
"Gobierno","Guanajuato","Barometro de Información Presupuestal Estatal BIPE",NA,NA,NA,NA,NA,100,NA
"Gobierno","Guerrero","Barometro de Información Presupuestal Estatal BIPE",NA,NA,NA,NA,NA,69.83,NA
"Gobierno","Hidalgo","Barometro de Información Presupuestal Estatal BIPE",NA,NA,NA,NA,NA,97.41,NA
"Gobierno","Jalisco","Barometro de Información Presupuestal Estatal BIPE",NA,NA,NA,NA,NA,100,NA
"Gobierno","México","Barometro de Información Presupuestal Estatal BIPE",NA,NA,NA,NA,NA,89.66,NA
"Gobierno","Michoacán de Ocampo","Barometro de Información Presupuestal Estatal BIPE",NA,NA,NA,NA,NA,83.62,NA
"Gobierno","Morelos","Barometro de Información Presupuestal Estatal BIPE",NA,NA,NA,NA,NA,78.45,NA
"Gobierno","Nayarit","Barometro de Información Presupuestal Estatal BIPE",NA,NA,NA,NA,NA,99.14,NA
"Gobierno","Nuevo León","Barometro de Información Presupuestal Estatal BIPE",NA,NA,NA,NA,NA,100,NA
"Gobierno","Oaxaca","Barometro de Información Presupuestal Estatal BIPE",NA,NA,NA,NA,NA,94.83,NA
"Gobierno","Puebla","Barometro de Información Presupuestal Estatal BIPE",NA,NA,NA,NA,NA,99.14,NA
"Gobierno","Querétaro","Barometro de Información Presupuestal Estatal BIPE",NA,NA,NA,NA,NA,99.14,NA
"Gobierno","Quintana Roo","Barometro de Información Presupuestal Estatal BIPE",NA,NA,NA,NA,NA,100,NA
"Gobierno","San Luis Potosí","Barometro de Información Presupuestal Estatal BIPE",NA,NA,NA,NA,NA,80.17,NA
"Gobierno","Sinaloa","Barometro de Información Presupuestal Estatal BIPE",NA,NA,NA,NA,NA,99.14,NA
"Gobierno","Sonora","Barometro de Información Presupuestal Estatal BIPE",NA,NA,NA,NA,NA,76.72,NA
"Gobierno","Tabasco","Barometro de Información Presupuestal Estatal BIPE",NA,NA,NA,NA,NA,93.1,NA
"Gobierno","Tamaulipas","Barometro de Información Presupuestal Estatal BIPE",NA,NA,NA,NA,NA,91.38,NA
"Gobierno","Tlaxcala","Barometro de Información Presupuestal Estatal BIPE",NA,NA,NA,NA,NA,95.69,NA
"Gobierno","Veracruz de Ignacio de la Llave","Barometro de Información Presupuestal Estatal BIPE",NA,NA,NA,NA,NA,94.83,NA
"Gobierno","Yucatán","Barometro de Información Presupuestal Estatal BIPE",NA,NA,NA,NA,NA,100,NA
"Gobierno","Zacatecas","Barometro de Información Presupuestal Estatal BIPE",NA,NA,NA,NA,NA,86.21,NA
"Género","Aguascalientes","Brecha de ingresos por género #Con Lupa de Género (Porcentaje)",NA,NA,NA,NA,NA,NA,10.4
"Género","Baja California","Brecha de ingresos por género #Con Lupa de Género (Porcentaje)",NA,NA,NA,NA,NA,NA,15.9
"Género","Baja California Sur","Brecha de ingresos por género #Con Lupa de Género (Porcentaje)",NA,NA,NA,NA,NA,NA,22.4
"Género","Campeche","Brecha de ingresos por género #Con Lupa de Género (Porcentaje)",NA,NA,NA,NA,NA,NA,13.5
"Género","Coahuila de Zaragoza","Brecha de ingresos por género #Con Lupa de Género (Porcentaje)",NA,NA,NA,NA,NA,NA,15.7
"Género","Colima","Brecha de ingresos por género #Con Lupa de Género (Porcentaje)",NA,NA,NA,NA,NA,NA,25.4
"Género","Chiapas","Brecha de ingresos por género #Con Lupa de Género (Porcentaje)",NA,NA,NA,NA,NA,NA,8.8
"Género","Chihuahua","Brecha de ingresos por género #Con Lupa de Género (Porcentaje)",NA,NA,NA,NA,NA,NA,13.8
"Género","Ciudad de México","Brecha de ingresos por género #Con Lupa de Género (Porcentaje)",NA,NA,NA,NA,NA,NA,6.1
"Género","Durango","Brecha de ingresos por género #Con Lupa de Género (Porcentaje)",NA,NA,NA,NA,NA,NA,14.3
"Género","Guanajuato","Brecha de ingresos por género #Con Lupa de Género (Porcentaje)",NA,NA,NA,NA,NA,NA,17.3
"Género","Guerrero","Brecha de ingresos por género #Con Lupa de Género (Porcentaje)",NA,NA,NA,NA,NA,NA,14.3
"Género","Hidalgo","Brecha de ingresos por género #Con Lupa de Género (Porcentaje)",NA,NA,NA,NA,NA,NA,16.3
"Género","Jalisco","Brecha de ingresos por género #Con Lupa de Género (Porcentaje)",NA,NA,NA,NA,NA,NA,19.2
"Género","México","Brecha de ingresos por género #Con Lupa de Género (Porcentaje)",NA,NA,NA,NA,NA,NA,16.3
"Género","Michoacán de Ocampo","Brecha de ingresos por género #Con Lupa de Género (Porcentaje)",NA,NA,NA,NA,NA,NA,20.8
"Género","Morelos","Brecha de ingresos por género #Con Lupa de Género (Porcentaje)",NA,NA,NA,NA,NA,NA,21.5
"Género","Nayarit","Brecha de ingresos por género #Con Lupa de Género (Porcentaje)",NA,NA,NA,NA,NA,NA,19.8
"Género","Nuevo León","Brecha de ingresos por género #Con Lupa de Género (Porcentaje)",NA,NA,NA,NA,NA,NA,16.4
"Género","Oaxaca","Brecha de ingresos por género #Con Lupa de Género (Porcentaje)",NA,NA,NA,NA,NA,NA,20.6
"Género","Puebla","Brecha de ingresos por género #Con Lupa de Género (Porcentaje)",NA,NA,NA,NA,NA,NA,15.6
"Género","Querétaro","Brecha de ingresos por género #Con Lupa de Género (Porcentaje)",NA,NA,NA,NA,NA,NA,17.4
"Género","Quintana Roo","Brecha de ingresos por género #Con Lupa de Género (Porcentaje)",NA,NA,NA,NA,NA,NA,17.3
"Género","San Luis Potosí","Brecha de ingresos por género #Con Lupa de Género (Porcentaje)",NA,NA,NA,NA,NA,NA,6.5
"Género","Sinaloa","Brecha de ingresos por género #Con Lupa de Género (Porcentaje)",NA,NA,NA,NA,NA,NA,18.5
"Género","Sonora","Brecha de ingresos por género #Con Lupa de Género (Porcentaje)",NA,NA,NA,NA,NA,NA,13.3
"Género","Tabasco","Brecha de ingresos por género #Con Lupa de Género (Porcentaje)",NA,NA,NA,NA,NA,NA,16.5
"Género","Tamaulipas","Brecha de ingresos por género #Con Lupa de Género (Porcentaje)",NA,NA,NA,NA,NA,NA,15.9
"Género","Tlaxcala","Brecha de ingresos por género #Con Lupa de Género (Porcentaje)",NA,NA,NA,NA,NA,NA,22.4
"Género","Veracruz de Ignacio de la Llave","Brecha de ingresos por género #Con Lupa de Género (Porcentaje)",NA,NA,NA,NA,NA,NA,9.7
"Género","Yucatán","Brecha de ingresos por género #Con Lupa de Género (Porcentaje)",NA,NA,NA,NA,NA,NA,21.9
"Género","Zacatecas","Brecha de ingresos por género #Con Lupa de Género (Porcentaje)",NA,NA,NA,NA,NA,NA,14.1
"Medio Ambiente","Aguascalientes","Capacidad instalada en las PTARs  (Litros por segundo)",NA,NA,NA,NA,NA,NA,5592.947
"Medio Ambiente","Baja California","Capacidad instalada en las PTARs  (Litros por segundo)",NA,NA,NA,NA,NA,NA,7717.2
"Medio Ambiente","Baja California Sur","Capacidad instalada en las PTARs  (Litros por segundo)",NA,NA,NA,NA,NA,NA,3239.29
"Medio Ambiente","Campeche","Capacidad instalada en las PTARs  (Litros por segundo)",NA,NA,NA,NA,NA,NA,5531.98
"Medio Ambiente","Coahuila de Zaragoza","Capacidad instalada en las PTARs  (Litros por segundo)",NA,NA,NA,NA,NA,NA,5892.8
"Medio Ambiente","Colima","Capacidad instalada en las PTARs  (Litros por segundo)",NA,NA,NA,NA,NA,NA,2750.5
"Medio Ambiente","Chiapas","Capacidad instalada en las PTARs  (Litros por segundo)",NA,NA,NA,NA,NA,NA,1285.12
"Medio Ambiente","Chihuahua","Capacidad instalada en las PTARs  (Litros por segundo)",NA,NA,NA,NA,NA,NA,10277.2
"Medio Ambiente","Ciudad de México","Capacidad instalada en las PTARs  (Litros por segundo)",NA,NA,NA,NA,NA,NA,5502
"Medio Ambiente","Durango","Capacidad instalada en las PTARs  (Litros por segundo)",NA,NA,NA,NA,NA,NA,3877.87
"Medio Ambiente","Guanajuato","Capacidad instalada en las PTARs  (Litros por segundo)",NA,NA,NA,NA,NA,NA,7791.19
"Medio Ambiente","Guerrero","Capacidad instalada en las PTARs  (Litros por segundo)",NA,NA,NA,NA,NA,NA,1759.51
"Medio Ambiente","Hidalgo","Capacidad instalada en las PTARs  (Litros por segundo)",NA,NA,NA,NA,NA,NA,1985.6028
"Medio Ambiente","Jalisco","Capacidad instalada en las PTARs  (Litros por segundo)",NA,NA,NA,NA,NA,NA,16427.59
"Medio Ambiente","México","Capacidad instalada en las PTARs  (Litros por segundo)",NA,NA,NA,NA,NA,NA,12123.2
"Medio Ambiente","Michoacán de Ocampo","Capacidad instalada en las PTARs  (Litros por segundo)",NA,NA,NA,NA,NA,NA,4145
"Medio Ambiente","Morelos","Capacidad instalada en las PTARs  (Litros por segundo)",NA,NA,NA,NA,NA,NA,5023.213602
"Medio Ambiente","Nayarit","Capacidad instalada en las PTARs  (Litros por segundo)",NA,NA,NA,NA,NA,NA,3466.83
"Medio Ambiente","Nuevo León","Capacidad instalada en las PTARs  (Litros por segundo)",NA,NA,NA,NA,NA,NA,16167
"Medio Ambiente","Oaxaca","Capacidad instalada en las PTARs  (Litros por segundo)",NA,NA,NA,NA,NA,NA,7543.54
"Medio Ambiente","Puebla","Capacidad instalada en las PTARs  (Litros por segundo)",NA,NA,NA,NA,NA,NA,4382.143
"Medio Ambiente","Querétaro","Capacidad instalada en las PTARs  (Litros por segundo)",NA,NA,NA,NA,NA,NA,2434.18
"Medio Ambiente","Quintana Roo","Capacidad instalada en las PTARs  (Litros por segundo)",NA,NA,NA,NA,NA,NA,3326
"Medio Ambiente","San Luis Potosí","Capacidad instalada en las PTARs  (Litros por segundo)",NA,NA,NA,NA,NA,NA,3498.9714
"Medio Ambiente","Sinaloa","Capacidad instalada en las PTARs  (Litros por segundo)",NA,NA,NA,NA,NA,NA,6789.59
"Medio Ambiente","Sonora","Capacidad instalada en las PTARs  (Litros por segundo)",NA,NA,NA,NA,NA,NA,8651.10064
"Medio Ambiente","Tabasco","Capacidad instalada en las PTARs  (Litros por segundo)",NA,NA,NA,NA,NA,NA,2986.1
"Medio Ambiente","Tamaulipas","Capacidad instalada en las PTARs  (Litros por segundo)",NA,NA,NA,NA,NA,NA,7062.18
"Medio Ambiente","Tlaxcala","Capacidad instalada en las PTARs  (Litros por segundo)",NA,NA,NA,NA,NA,NA,1596.78
"Medio Ambiente","Veracruz de Ignacio de la Llave","Capacidad instalada en las PTARs  (Litros por segundo)",NA,NA,NA,NA,NA,NA,18984.599
"Medio Ambiente","Yucatán","Capacidad instalada en las PTARs  (Litros por segundo)",NA,NA,NA,NA,NA,NA,789.67
"Medio Ambiente","Zacatecas","Capacidad instalada en las PTARs  (Litros por segundo)",NA,NA,NA,NA,NA,NA,1666.0274
"Social","Aguascalientes","Carencia por acceso a la seguridad social",NA,NA,NA,NA,34.71,NA,NA
"Social","Baja California","Carencia por acceso a la seguridad social",NA,NA,NA,NA,34.67,NA,NA
"Social","Baja California Sur","Carencia por acceso a la seguridad social",NA,NA,NA,NA,29.86,NA,NA
"Social","Campeche","Carencia por acceso a la seguridad social",NA,NA,NA,NA,54.66,NA,NA
"Social","Coahuila de Zaragoza","Carencia por acceso a la seguridad social",NA,NA,NA,NA,24.37,NA,NA
"Social","Colima","Carencia por acceso a la seguridad social",NA,NA,NA,NA,35.93,NA,NA
"Social","Chiapas","Carencia por acceso a la seguridad social",NA,NA,NA,NA,77.88,NA,NA
"Social","Chihuahua","Carencia por acceso a la seguridad social",NA,NA,NA,NA,32.39,NA,NA
"Social","Ciudad de México","Carencia por acceso a la seguridad social",NA,NA,NA,NA,39.29,NA,NA
"Social","Durango","Carencia por acceso a la seguridad social",NA,NA,NA,NA,46.16,NA,NA
"Social","Guanajuato","Carencia por acceso a la seguridad social",NA,NA,NA,NA,50.15,NA,NA
"Social","Guerrero","Carencia por acceso a la seguridad social",NA,NA,NA,NA,71.63,NA,NA
"Social","Hidalgo","Carencia por acceso a la seguridad social",NA,NA,NA,NA,65.43,NA,NA
"Social","Jalisco","Carencia por acceso a la seguridad social",NA,NA,NA,NA,41.97,NA,NA
"Social","México","Carencia por acceso a la seguridad social",NA,NA,NA,NA,52.1,NA,NA
"Social","Michoacán de Ocampo","Carencia por acceso a la seguridad social",NA,NA,NA,NA,62.81,NA,NA
"Social","Morelos","Carencia por acceso a la seguridad social",NA,NA,NA,NA,57.98,NA,NA
"Social","Nayarit","Carencia por acceso a la seguridad social",NA,NA,NA,NA,51.52,NA,NA
"Social","Nuevo León","Carencia por acceso a la seguridad social",NA,NA,NA,NA,27.18,NA,NA
"Social","Oaxaca","Carencia por acceso a la seguridad social",NA,NA,NA,NA,74.33,NA,NA
"Social","Puebla","Carencia por acceso a la seguridad social",NA,NA,NA,NA,67.25,NA,NA
"Social","Querétaro","Carencia por acceso a la seguridad social",NA,NA,NA,NA,43.22,NA,NA
"Social","Quintana Roo","Carencia por acceso a la seguridad social",NA,NA,NA,NA,42.41,NA,NA
"Social","San Luis Potosí","Carencia por acceso a la seguridad social",NA,NA,NA,NA,48.2,NA,NA
"Social","Sinaloa","Carencia por acceso a la seguridad social",NA,NA,NA,NA,39.12,NA,NA
"Social","Sonora","Carencia por acceso a la seguridad social",NA,NA,NA,NA,33.17,NA,NA
"Social","Tabasco","Carencia por acceso a la seguridad social",NA,NA,NA,NA,58.29,NA,NA
"Social","Tamaulipas","Carencia por acceso a la seguridad social",NA,NA,NA,NA,39.45,NA,NA
"Social","Tlaxcala","Carencia por acceso a la seguridad social",NA,NA,NA,NA,61.89,NA,NA
"Social","Veracruz de Ignacio de la Llave","Carencia por acceso a la seguridad social",NA,NA,NA,NA,60.92,NA,NA
"Social","Yucatán","Carencia por acceso a la seguridad social",NA,NA,NA,NA,45.84,NA,NA
"Social","Zacatecas","Carencia por acceso a la seguridad social",NA,NA,NA,NA,57.01,NA,NA
"Social","Aguascalientes","Carencia por acceso a los servicios de salud",NA,NA,NA,NA,26.19,NA,NA
"Social","Baja California","Carencia por acceso a los servicios de salud",NA,NA,NA,NA,28.41,NA,NA
"Social","Baja California Sur","Carencia por acceso a los servicios de salud",NA,NA,NA,NA,17.34,NA,NA
"Social","Campeche","Carencia por acceso a los servicios de salud",NA,NA,NA,NA,34.57,NA,NA
"Social","Coahuila de Zaragoza","Carencia por acceso a los servicios de salud",NA,NA,NA,NA,19.68,NA,NA
"Social","Colima","Carencia por acceso a los servicios de salud",NA,NA,NA,NA,21.94,NA,NA
"Social","Chiapas","Carencia por acceso a los servicios de salud",NA,NA,NA,NA,66.07,NA,NA
"Social","Chihuahua","Carencia por acceso a los servicios de salud",NA,NA,NA,NA,21.49,NA,NA
"Social","Ciudad de México","Carencia por acceso a los servicios de salud",NA,NA,NA,NA,28.75,NA,NA
"Social","Durango","Carencia por acceso a los servicios de salud",NA,NA,NA,NA,30.16,NA,NA
"Social","Guanajuato","Carencia por acceso a los servicios de salud",NA,NA,NA,NA,33.15,NA,NA
"Social","Guerrero","Carencia por acceso a los servicios de salud",NA,NA,NA,NA,52.74,NA,NA
"Social","Hidalgo","Carencia por acceso a los servicios de salud",NA,NA,NA,NA,50.41,NA,NA
"Social","Jalisco","Carencia por acceso a los servicios de salud",NA,NA,NA,NA,37.13,NA,NA
"Social","México","Carencia por acceso a los servicios de salud",NA,NA,NA,NA,44.15,NA,NA
"Social","Michoacán de Ocampo","Carencia por acceso a los servicios de salud",NA,NA,NA,NA,51.21,NA,NA
"Social","Morelos","Carencia por acceso a los servicios de salud",NA,NA,NA,NA,46.45,NA,NA
"Social","Nayarit","Carencia por acceso a los servicios de salud",NA,NA,NA,NA,34.09,NA,NA
"Social","Nuevo León","Carencia por acceso a los servicios de salud",NA,NA,NA,NA,22.83,NA,NA
"Social","Oaxaca","Carencia por acceso a los servicios de salud",NA,NA,NA,NA,65.71,NA,NA
"Social","Puebla","Carencia por acceso a los servicios de salud",NA,NA,NA,NA,48.28,NA,NA
"Social","Querétaro","Carencia por acceso a los servicios de salud",NA,NA,NA,NA,30.43,NA,NA
"Social","Quintana Roo","Carencia por acceso a los servicios de salud",NA,NA,NA,NA,32.37,NA,NA
"Social","San Luis Potosí","Carencia por acceso a los servicios de salud",NA,NA,NA,NA,34.55,NA,NA
"Social","Sinaloa","Carencia por acceso a los servicios de salud",NA,NA,NA,NA,26.58,NA,NA
"Social","Sonora","Carencia por acceso a los servicios de salud",NA,NA,NA,NA,24.43,NA,NA
"Social","Tabasco","Carencia por acceso a los servicios de salud",NA,NA,NA,NA,44.8,NA,NA
"Social","Tamaulipas","Carencia por acceso a los servicios de salud",NA,NA,NA,NA,27.95,NA,NA
"Social","Tlaxcala","Carencia por acceso a los servicios de salud",NA,NA,NA,NA,45.23,NA,NA
"Social","Veracruz de Ignacio de la Llave","Carencia por acceso a los servicios de salud",NA,NA,NA,NA,49.22,NA,NA
"Social","Yucatán","Carencia por acceso a los servicios de salud",NA,NA,NA,NA,35.13,NA,NA
"Social","Zacatecas","Carencia por acceso a los servicios de salud",NA,NA,NA,NA,36.72,NA,NA
"Social","Aguascalientes","Carencia por calidad y espacios de la vivienda",NA,NA,NA,NA,4.73,NA,NA
"Social","Baja California","Carencia por calidad y espacios de la vivienda",NA,NA,NA,NA,6.11,NA,NA
"Social","Baja California Sur","Carencia por calidad y espacios de la vivienda",NA,NA,NA,NA,8.61,NA,NA
"Social","Campeche","Carencia por calidad y espacios de la vivienda",NA,NA,NA,NA,14.91,NA,NA
"Social","Coahuila de Zaragoza","Carencia por calidad y espacios de la vivienda",NA,NA,NA,NA,3.38,NA,NA
"Social","Colima","Carencia por calidad y espacios de la vivienda",NA,NA,NA,NA,4.66,NA,NA
"Social","Chiapas","Carencia por calidad y espacios de la vivienda",NA,NA,NA,NA,22.14,NA,NA
"Social","Chihuahua","Carencia por calidad y espacios de la vivienda",NA,NA,NA,NA,5.29,NA,NA
"Social","Ciudad de México","Carencia por calidad y espacios de la vivienda",NA,NA,NA,NA,4.03,NA,NA
"Social","Durango","Carencia por calidad y espacios de la vivienda",NA,NA,NA,NA,8.28,NA,NA
"Social","Guanajuato","Carencia por calidad y espacios de la vivienda",NA,NA,NA,NA,6.17,NA,NA
"Social","Guerrero","Carencia por calidad y espacios de la vivienda",NA,NA,NA,NA,26.93,NA,NA
"Social","Hidalgo","Carencia por calidad y espacios de la vivienda",NA,NA,NA,NA,6.43,NA,NA
"Social","Jalisco","Carencia por calidad y espacios de la vivienda",NA,NA,NA,NA,5.26,NA,NA
"Social","México","Carencia por calidad y espacios de la vivienda",NA,NA,NA,NA,6.62,NA,NA
"Social","Michoacán de Ocampo","Carencia por calidad y espacios de la vivienda",NA,NA,NA,NA,10.31,NA,NA
"Social","Morelos","Carencia por calidad y espacios de la vivienda",NA,NA,NA,NA,9.99,NA,NA
"Social","Nayarit","Carencia por calidad y espacios de la vivienda",NA,NA,NA,NA,10.85,NA,NA
"Social","Nuevo León","Carencia por calidad y espacios de la vivienda",NA,NA,NA,NA,3.16,NA,NA
"Social","Oaxaca","Carencia por calidad y espacios de la vivienda",NA,NA,NA,NA,21.1,NA,NA
"Social","Puebla","Carencia por calidad y espacios de la vivienda",NA,NA,NA,NA,11.37,NA,NA
"Social","Querétaro","Carencia por calidad y espacios de la vivienda",NA,NA,NA,NA,4.98,NA,NA
"Social","Quintana Roo","Carencia por calidad y espacios de la vivienda",NA,NA,NA,NA,14.02,NA,NA
"Social","San Luis Potosí","Carencia por calidad y espacios de la vivienda",NA,NA,NA,NA,9.08,NA,NA
"Social","Sinaloa","Carencia por calidad y espacios de la vivienda",NA,NA,NA,NA,7.14,NA,NA
"Social","Sonora","Carencia por calidad y espacios de la vivienda",NA,NA,NA,NA,8.15,NA,NA
"Social","Tabasco","Carencia por calidad y espacios de la vivienda",NA,NA,NA,NA,12.34,NA,NA
"Social","Tamaulipas","Carencia por calidad y espacios de la vivienda",NA,NA,NA,NA,6.11,NA,NA
"Social","Tlaxcala","Carencia por calidad y espacios de la vivienda",NA,NA,NA,NA,8.16,NA,NA
"Social","Veracruz de Ignacio de la Llave","Carencia por calidad y espacios de la vivienda",NA,NA,NA,NA,12.56,NA,NA
"Social","Yucatán","Carencia por calidad y espacios de la vivienda",NA,NA,NA,NA,12.57,NA,NA
"Social","Zacatecas","Carencia por calidad y espacios de la vivienda",NA,NA,NA,NA,4.62,NA,NA
"Económico","Aguascalientes","Cera Producción (toneladas)",NA,NA,NA,NA,NA,NA,NA
"Económico","Baja California","Cera Producción (toneladas)",NA,NA,NA,NA,NA,6.8,NA
"Económico","Baja California Sur","Cera Producción (toneladas)",NA,NA,NA,NA,NA,6.5,NA
"Económico","Campeche","Cera Producción (toneladas)",NA,NA,NA,NA,NA,71.5,NA
"Económico","Coahuila de Zaragoza","Cera Producción (toneladas)",NA,NA,NA,NA,NA,6.7,NA
"Económico","Colima","Cera Producción (toneladas)",NA,NA,NA,NA,NA,13.3,NA
"Económico","Chiapas","Cera Producción (toneladas)",NA,NA,NA,NA,NA,129.5,NA
"Económico","Chihuahua","Cera Producción (toneladas)",NA,NA,NA,NA,NA,7.7,NA
"Económico","Ciudad de México","Cera Producción (toneladas)",NA,NA,NA,NA,NA,NA,NA
"Económico","Durango","Cera Producción (toneladas)",NA,NA,NA,NA,NA,10.4,NA
"Económico","Guanajuato","Cera Producción (toneladas)",NA,NA,NA,NA,NA,1.1,NA
"Económico","Guerrero","Cera Producción (toneladas)",NA,NA,NA,NA,NA,55.1,NA
"Económico","Hidalgo","Cera Producción (toneladas)",NA,NA,NA,NA,NA,44.1,NA
"Económico","Jalisco","Cera Producción (toneladas)",NA,NA,NA,NA,NA,166.3,NA
"Económico","México","Cera Producción (toneladas)",NA,NA,NA,NA,NA,16.8,NA
"Económico","Michoacán de Ocampo","Cera Producción (toneladas)",NA,NA,NA,NA,NA,75.1,NA
"Económico","Morelos","Cera Producción (toneladas)",NA,NA,NA,NA,NA,NA,NA
"Económico","Nayarit","Cera Producción (toneladas)",NA,NA,NA,NA,NA,9.4,NA
"Económico","Nuevo León","Cera Producción (toneladas)",NA,NA,NA,NA,NA,2.6,NA
"Económico","Oaxaca","Cera Producción (toneladas)",NA,NA,NA,NA,NA,131.9,NA
"Económico","Puebla","Cera Producción (toneladas)",NA,NA,NA,NA,NA,57.5,NA
"Económico","Querétaro","Cera Producción (toneladas)",NA,NA,NA,NA,NA,1.3,NA
"Económico","Quintana Roo","Cera Producción (toneladas)",NA,NA,NA,NA,NA,86,NA
"Económico","San Luis Potosí","Cera Producción (toneladas)",NA,NA,NA,NA,NA,32.2,NA
"Económico","Sinaloa","Cera Producción (toneladas)",NA,NA,NA,NA,NA,0.9,NA
"Económico","Sonora","Cera Producción (toneladas)",NA,NA,NA,NA,NA,NA,NA
"Económico","Tabasco","Cera Producción (toneladas)",NA,NA,NA,NA,NA,12.4,NA
"Económico","Tamaulipas","Cera Producción (toneladas)",NA,NA,NA,NA,NA,26.4,NA
"Económico","Tlaxcala","Cera Producción (toneladas)",NA,NA,NA,NA,NA,13.9,NA
"Económico","Veracruz de Ignacio de la Llave","Cera Producción (toneladas)",NA,NA,NA,NA,NA,183.7,NA
"Económico","Yucatán","Cera Producción (toneladas)",NA,NA,NA,NA,NA,160.1,NA
"Económico","Zacatecas","Cera Producción (toneladas)",NA,NA,NA,NA,NA,31,NA
"Económico","Aguascalientes","Cera Valor de la Producción (miles de pesos)",NA,NA,NA,NA,NA,NA,NA
"Económico","Baja California","Cera Valor de la Producción (miles de pesos)",NA,NA,NA,NA,NA,411.09,NA
"Económico","Baja California Sur","Cera Valor de la Producción (miles de pesos)",NA,NA,NA,NA,NA,464.56,NA
"Económico","Campeche","Cera Valor de la Producción (miles de pesos)",NA,NA,NA,NA,NA,5582.34,NA
"Económico","Coahuila de Zaragoza","Cera Valor de la Producción (miles de pesos)",NA,NA,NA,NA,NA,518.56,NA
"Económico","Colima","Cera Valor de la Producción (miles de pesos)",NA,NA,NA,NA,NA,1073.72,NA
"Económico","Chiapas","Cera Valor de la Producción (miles de pesos)",NA,NA,NA,NA,NA,9267.32,NA
"Económico","Chihuahua","Cera Valor de la Producción (miles de pesos)",NA,NA,NA,NA,NA,529.48,NA
"Económico","Ciudad de México","Cera Valor de la Producción (miles de pesos)",NA,NA,NA,NA,NA,NA,NA
"Económico","Durango","Cera Valor de la Producción (miles de pesos)",NA,NA,NA,NA,NA,794,NA
"Económico","Guanajuato","Cera Valor de la Producción (miles de pesos)",NA,NA,NA,NA,NA,73.26,NA
"Económico","Guerrero","Cera Valor de la Producción (miles de pesos)",NA,NA,NA,NA,NA,3735.14,NA
"Económico","Hidalgo","Cera Valor de la Producción (miles de pesos)",NA,NA,NA,NA,NA,3539.51,NA
"Económico","Jalisco","Cera Valor de la Producción (miles de pesos)",NA,NA,NA,NA,NA,13454.22,NA
"Económico","México","Cera Valor de la Producción (miles de pesos)",NA,NA,NA,NA,NA,1264.72,NA
"Económico","Michoacán de Ocampo","Cera Valor de la Producción (miles de pesos)",NA,NA,NA,NA,NA,5960.49,NA
"Económico","Morelos","Cera Valor de la Producción (miles de pesos)",NA,NA,NA,NA,NA,NA,NA
"Económico","Nayarit","Cera Valor de la Producción (miles de pesos)",NA,NA,NA,NA,NA,762.13,NA
"Económico","Nuevo León","Cera Valor de la Producción (miles de pesos)",NA,NA,NA,NA,NA,201.92,NA
"Económico","Oaxaca","Cera Valor de la Producción (miles de pesos)",NA,NA,NA,NA,NA,9823.5,NA
"Económico","Puebla","Cera Valor de la Producción (miles de pesos)",NA,NA,NA,NA,NA,4380.26,NA
"Económico","Querétaro","Cera Valor de la Producción (miles de pesos)",NA,NA,NA,NA,NA,108.4,NA
"Económico","Quintana Roo","Cera Valor de la Producción (miles de pesos)",NA,NA,NA,NA,NA,6741.97,NA
"Económico","San Luis Potosí","Cera Valor de la Producción (miles de pesos)",NA,NA,NA,NA,NA,2744.41,NA
"Económico","Sinaloa","Cera Valor de la Producción (miles de pesos)",NA,NA,NA,NA,NA,74.29,NA
"Económico","Sonora","Cera Valor de la Producción (miles de pesos)",NA,NA,NA,NA,NA,NA,NA
"Económico","Tabasco","Cera Valor de la Producción (miles de pesos)",NA,NA,NA,NA,NA,933.47,NA
"Económico","Tamaulipas","Cera Valor de la Producción (miles de pesos)",NA,NA,NA,NA,NA,2027.68,NA
"Económico","Tlaxcala","Cera Valor de la Producción (miles de pesos)",NA,NA,NA,NA,NA,1124.9,NA
"Económico","Veracruz de Ignacio de la Llave","Cera Valor de la Producción (miles de pesos)",NA,NA,NA,NA,NA,15087.11,NA
"Económico","Yucatán","Cera Valor de la Producción (miles de pesos)",NA,NA,NA,NA,NA,11283.32,NA
"Económico","Zacatecas","Cera Valor de la Producción (miles de pesos)",NA,NA,NA,NA,NA,2500.99,NA
"Género","Aguascalientes","Cobertura de educación en la primera infancia #Con Lupa de Género (Porcentaje)",NA,NA,NA,NA,NA,NA,32.3
"Género","Baja California","Cobertura de educación en la primera infancia #Con Lupa de Género (Porcentaje)",NA,NA,NA,NA,NA,NA,32.3
"Género","Baja California Sur","Cobertura de educación en la primera infancia #Con Lupa de Género (Porcentaje)",NA,NA,NA,NA,NA,NA,34.3
"Género","Campeche","Cobertura de educación en la primera infancia #Con Lupa de Género (Porcentaje)",NA,NA,NA,NA,NA,NA,47.9
"Género","Coahuila de Zaragoza","Cobertura de educación en la primera infancia #Con Lupa de Género (Porcentaje)",NA,NA,NA,NA,NA,NA,41.5
"Género","Colima","Cobertura de educación en la primera infancia #Con Lupa de Género (Porcentaje)",NA,NA,NA,NA,NA,NA,40.5
"Género","Chiapas","Cobertura de educación en la primera infancia #Con Lupa de Género (Porcentaje)",NA,NA,NA,NA,NA,NA,38.9
"Género","Chihuahua","Cobertura de educación en la primera infancia #Con Lupa de Género (Porcentaje)",NA,NA,NA,NA,NA,NA,35.8
"Género","Ciudad de México","Cobertura de educación en la primera infancia #Con Lupa de Género (Porcentaje)",NA,NA,NA,NA,NA,NA,40.4
"Género","Durango","Cobertura de educación en la primera infancia #Con Lupa de Género (Porcentaje)",NA,NA,NA,NA,NA,NA,38.3
"Género","Guanajuato","Cobertura de educación en la primera infancia #Con Lupa de Género (Porcentaje)",NA,NA,NA,NA,NA,NA,38.9
"Género","Guerrero","Cobertura de educación en la primera infancia #Con Lupa de Género (Porcentaje)",NA,NA,NA,NA,NA,NA,45.6
"Género","Hidalgo","Cobertura de educación en la primera infancia #Con Lupa de Género (Porcentaje)",NA,NA,NA,NA,NA,NA,40.3
"Género","Jalisco","Cobertura de educación en la primera infancia #Con Lupa de Género (Porcentaje)",NA,NA,NA,NA,NA,NA,35.7
"Género","México","Cobertura de educación en la primera infancia #Con Lupa de Género (Porcentaje)",NA,NA,NA,NA,NA,NA,33.3
"Género","Michoacán de Ocampo","Cobertura de educación en la primera infancia #Con Lupa de Género (Porcentaje)",NA,NA,NA,NA,NA,NA,35.8
"Género","Morelos","Cobertura de educación en la primera infancia #Con Lupa de Género (Porcentaje)",NA,NA,NA,NA,NA,NA,35.7
"Género","Nayarit","Cobertura de educación en la primera infancia #Con Lupa de Género (Porcentaje)",NA,NA,NA,NA,NA,NA,39
"Género","Nuevo León","Cobertura de educación en la primera infancia #Con Lupa de Género (Porcentaje)",NA,NA,NA,NA,NA,NA,35.7
"Género","Oaxaca","Cobertura de educación en la primera infancia #Con Lupa de Género (Porcentaje)",NA,NA,NA,NA,NA,NA,40.7
"Género","Puebla","Cobertura de educación en la primera infancia #Con Lupa de Género (Porcentaje)",NA,NA,NA,NA,NA,NA,36.9
"Género","Querétaro","Cobertura de educación en la primera infancia #Con Lupa de Género (Porcentaje)",NA,NA,NA,NA,NA,NA,39
"Género","Quintana Roo","Cobertura de educación en la primera infancia #Con Lupa de Género (Porcentaje)",NA,NA,NA,NA,NA,NA,29.7
"Género","San Luis Potosí","Cobertura de educación en la primera infancia #Con Lupa de Género (Porcentaje)",NA,NA,NA,NA,NA,NA,41.9
"Género","Sinaloa","Cobertura de educación en la primera infancia #Con Lupa de Género (Porcentaje)",NA,NA,NA,NA,NA,NA,44.2
"Género","Sonora","Cobertura de educación en la primera infancia #Con Lupa de Género (Porcentaje)",NA,NA,NA,NA,NA,NA,37.9
"Género","Tabasco","Cobertura de educación en la primera infancia #Con Lupa de Género (Porcentaje)",NA,NA,NA,NA,NA,NA,46
"Género","Tamaulipas","Cobertura de educación en la primera infancia #Con Lupa de Género (Porcentaje)",NA,NA,NA,NA,NA,NA,33.5
"Género","Tlaxcala","Cobertura de educación en la primera infancia #Con Lupa de Género (Porcentaje)",NA,NA,NA,NA,NA,NA,35.4
"Género","Veracruz de Ignacio de la Llave","Cobertura de educación en la primera infancia #Con Lupa de Género (Porcentaje)",NA,NA,NA,NA,NA,NA,32.8
"Género","Yucatán","Cobertura de educación en la primera infancia #Con Lupa de Género (Porcentaje)",NA,NA,NA,NA,NA,NA,48.6
"Género","Zacatecas","Cobertura de educación en la primera infancia #Con Lupa de Género (Porcentaje)",NA,NA,NA,NA,NA,NA,39.3
"Social","Aguascalientes","Cobertura Media Superior",NA,NA,NA,NA,NA,73.9,NA
"Social","Baja California","Cobertura Media Superior",NA,NA,NA,NA,NA,81.4,NA
"Social","Baja California Sur","Cobertura Media Superior",NA,NA,NA,NA,NA,85.80267966,NA
"Social","Campeche","Cobertura Media Superior",NA,NA,NA,NA,NA,72.1,NA
"Social","Coahuila de Zaragoza","Cobertura Media Superior",NA,NA,NA,NA,NA,73.39457217,NA
"Social","Colima","Cobertura Media Superior",NA,NA,NA,NA,NA,80.3921082,NA
"Social","Chiapas","Cobertura Media Superior",NA,NA,NA,NA,NA,61.16296078,NA
"Social","Chihuahua","Cobertura Media Superior",NA,NA,NA,NA,NA,75.92155969,NA
"Social","Ciudad de México","Cobertura Media Superior",NA,NA,NA,NA,NA,125.860172,NA
"Social","Durango","Cobertura Media Superior",NA,NA,NA,NA,NA,77.46938303,NA
"Social","Guanajuato","Cobertura Media Superior",NA,NA,NA,NA,NA,71.87990314,NA
"Social","Guerrero","Cobertura Media Superior",NA,NA,NA,NA,NA,67.12787088,NA
"Social","Hidalgo","Cobertura Media Superior",NA,NA,NA,NA,NA,84.6798666,NA
"Social","Jalisco","Cobertura Media Superior",NA,NA,NA,NA,NA,76.22438932,NA
"Social","México","Cobertura Media Superior",NA,NA,NA,NA,NA,77.75230922,NA
"Social","Michoacán de Ocampo","Cobertura Media Superior",NA,NA,NA,NA,NA,66.8735656,NA
"Social","Morelos","Cobertura Media Superior",NA,NA,NA,NA,NA,76.30404572,NA
"Social","Nayarit","Cobertura Media Superior",NA,NA,NA,NA,NA,76.96883893,NA
"Social","Nuevo León","Cobertura Media Superior",NA,NA,NA,NA,NA,71.80183165,NA
"Social","Oaxaca","Cobertura Media Superior",NA,NA,NA,NA,NA,64.07041878,NA
"Social","Puebla","Cobertura Media Superior",NA,NA,NA,NA,NA,76.85918575,NA
"Social","Querétaro","Cobertura Media Superior",NA,NA,NA,NA,NA,79.27157235,NA
"Social","Quintana Roo","Cobertura Media Superior",NA,NA,NA,NA,NA,86.85985236,NA
"Social","San Luis Potosí","Cobertura Media Superior",NA,NA,NA,NA,NA,67.57634361,NA
"Social","Sinaloa","Cobertura Media Superior",NA,NA,NA,NA,NA,90.30622542,NA
"Social","Sonora","Cobertura Media Superior",NA,NA,NA,NA,NA,76.42814792,NA
"Social","Tabasco","Cobertura Media Superior",NA,NA,NA,NA,NA,87.50248405,NA
"Social","Tamaulipas","Cobertura Media Superior",NA,NA,NA,NA,NA,76.34166304,NA
"Social","Tlaxcala","Cobertura Media Superior",NA,NA,NA,NA,NA,82.31100729,NA
"Social","Veracruz de Ignacio de la Llave","Cobertura Media Superior",NA,NA,NA,NA,NA,71.92562523,NA
"Social","Yucatán","Cobertura Media Superior",NA,NA,NA,NA,NA,86.37444634,NA
"Social","Zacatecas","Cobertura Media Superior",NA,NA,NA,NA,NA,73.02929035,NA
"Social","Aguascalientes","Cobertura Preescolar",NA,NA,NA,NA,NA,72.9,NA
"Social","Baja California","Cobertura Preescolar",NA,NA,NA,NA,NA,54,NA
"Social","Baja California Sur","Cobertura Preescolar",NA,NA,NA,NA,NA,59.36449384,NA
"Social","Campeche","Cobertura Preescolar",NA,NA,NA,NA,NA,61,NA
"Social","Coahuila de Zaragoza","Cobertura Preescolar",NA,NA,NA,NA,NA,71.73068789,NA
"Social","Colima","Cobertura Preescolar",NA,NA,NA,NA,NA,55.36663645,NA
"Social","Chiapas","Cobertura Preescolar",NA,NA,NA,NA,NA,79.4183855,NA
"Social","Chihuahua","Cobertura Preescolar",NA,NA,NA,NA,NA,60.60715251,NA
"Social","Ciudad de México","Cobertura Preescolar",NA,NA,NA,NA,NA,76.24656737,NA
"Social","Durango","Cobertura Preescolar",NA,NA,NA,NA,NA,67.02052079,NA
"Social","Guanajuato","Cobertura Preescolar",NA,NA,NA,NA,NA,71.369154,NA
"Social","Guerrero","Cobertura Preescolar",NA,NA,NA,NA,NA,84.54002509,NA
"Social","Hidalgo","Cobertura Preescolar",NA,NA,NA,NA,NA,62.20083687,NA
"Social","Jalisco","Cobertura Preescolar",NA,NA,NA,NA,NA,67.44205145,NA
"Social","México","Cobertura Preescolar",NA,NA,NA,NA,NA,59.98541913,NA
"Social","Michoacán de Ocampo","Cobertura Preescolar",NA,NA,NA,NA,NA,70.14865816,NA
"Social","Morelos","Cobertura Preescolar",NA,NA,NA,NA,NA,59.27992036,NA
"Social","Nayarit","Cobertura Preescolar",NA,NA,NA,NA,NA,65.9946101,NA
"Social","Nuevo León","Cobertura Preescolar",NA,NA,NA,NA,NA,74.09638114,NA
"Social","Oaxaca","Cobertura Preescolar",NA,NA,NA,NA,NA,73.97739294,NA
"Social","Puebla","Cobertura Preescolar",NA,NA,NA,NA,NA,77.46270014,NA
"Social","Querétaro","Cobertura Preescolar",NA,NA,NA,NA,NA,69.53390896,NA
"Social","Quintana Roo","Cobertura Preescolar",NA,NA,NA,NA,NA,60.54036024,NA
"Social","San Luis Potosí","Cobertura Preescolar",NA,NA,NA,NA,NA,77.69563502,NA
"Social","Sinaloa","Cobertura Preescolar",NA,NA,NA,NA,NA,73.91027173,NA
"Social","Sonora","Cobertura Preescolar",NA,NA,NA,NA,NA,58.27282209,NA
"Social","Tabasco","Cobertura Preescolar",NA,NA,NA,NA,NA,77.62644201,NA
"Social","Tamaulipas","Cobertura Preescolar",NA,NA,NA,NA,NA,56.49884974,NA
"Social","Tlaxcala","Cobertura Preescolar",NA,NA,NA,NA,NA,68.88481973,NA
"Social","Veracruz de Ignacio de la Llave","Cobertura Preescolar",NA,NA,NA,NA,NA,53.36589121,NA
"Social","Yucatán","Cobertura Preescolar",NA,NA,NA,NA,NA,80.52240423,NA
"Social","Zacatecas","Cobertura Preescolar",NA,NA,NA,NA,NA,76.09005384,NA
"Social","Aguascalientes","Cobertura Primaria",NA,NA,NA,NA,NA,103,NA
"Social","Baja California","Cobertura Primaria",NA,NA,NA,NA,NA,102.9,NA
"Social","Baja California Sur","Cobertura Primaria",NA,NA,NA,NA,NA,98.19380869,NA
"Social","Campeche","Cobertura Primaria",NA,NA,NA,NA,NA,90,NA
"Social","Coahuila de Zaragoza","Cobertura Primaria",NA,NA,NA,NA,NA,94.09981917,NA
"Social","Colima","Cobertura Primaria",NA,NA,NA,NA,NA,85.97686906,NA
"Social","Chiapas","Cobertura Primaria",NA,NA,NA,NA,NA,106.4478306,NA
"Social","Chihuahua","Cobertura Primaria",NA,NA,NA,NA,NA,103.8699977,NA
"Social","Ciudad de México","Cobertura Primaria",NA,NA,NA,NA,NA,116.6859398,NA
"Social","Durango","Cobertura Primaria",NA,NA,NA,NA,NA,101.1810094,NA
"Social","Guanajuato","Cobertura Primaria",NA,NA,NA,NA,NA,99.26244775,NA
"Social","Guerrero","Cobertura Primaria",NA,NA,NA,NA,NA,98.62026112,NA
"Social","Hidalgo","Cobertura Primaria",NA,NA,NA,NA,NA,99.62218422,NA
"Social","Jalisco","Cobertura Primaria",NA,NA,NA,NA,NA,101.386829,NA
"Social","México","Cobertura Primaria",NA,NA,NA,NA,NA,98.78023062,NA
"Social","Michoacán de Ocampo","Cobertura Primaria",NA,NA,NA,NA,NA,99.85977546,NA
"Social","Morelos","Cobertura Primaria",NA,NA,NA,NA,NA,95.44999657,NA
"Social","Nayarit","Cobertura Primaria",NA,NA,NA,NA,NA,91.73032101,NA
"Social","Nuevo León","Cobertura Primaria",NA,NA,NA,NA,NA,105.2840859,NA
"Social","Oaxaca","Cobertura Primaria",NA,NA,NA,NA,NA,100.3919649,NA
"Social","Puebla","Cobertura Primaria",NA,NA,NA,NA,NA,103.7756978,NA
"Social","Querétaro","Cobertura Primaria",NA,NA,NA,NA,NA,103.4283374,NA
"Social","Quintana Roo","Cobertura Primaria",NA,NA,NA,NA,NA,105.588053,NA
"Social","San Luis Potosí","Cobertura Primaria",NA,NA,NA,NA,NA,99.42617583,NA
"Social","Sinaloa","Cobertura Primaria",NA,NA,NA,NA,NA,97.33703858,NA
"Social","Sonora","Cobertura Primaria",NA,NA,NA,NA,NA,93.1345777,NA
"Social","Tabasco","Cobertura Primaria",NA,NA,NA,NA,NA,97.16630072,NA
"Social","Tamaulipas","Cobertura Primaria",NA,NA,NA,NA,NA,95.45438671,NA
"Social","Tlaxcala","Cobertura Primaria",NA,NA,NA,NA,NA,100.7439482,NA
"Social","Veracruz de Ignacio de la Llave","Cobertura Primaria",NA,NA,NA,NA,NA,90.59091894,NA
"Social","Yucatán","Cobertura Primaria",NA,NA,NA,NA,NA,103.5559286,NA
"Social","Zacatecas","Cobertura Primaria",NA,NA,NA,NA,NA,101.4307938,NA
"Social","Aguascalientes","Cobertura Secundaria",NA,NA,NA,NA,NA,93.4,NA
"Social","Baja California","Cobertura Secundaria",NA,NA,NA,NA,NA,100.8,NA
"Social","Baja California Sur","Cobertura Secundaria",NA,NA,NA,NA,NA,100.3706775,NA
"Social","Campeche","Cobertura Secundaria",NA,NA,NA,NA,NA,86.3,NA
"Social","Coahuila de Zaragoza","Cobertura Secundaria",NA,NA,NA,NA,NA,91.54187678,NA
"Social","Colima","Cobertura Secundaria",NA,NA,NA,NA,NA,83.65781857,NA
"Social","Chiapas","Cobertura Secundaria",NA,NA,NA,NA,NA,84.66970673,NA
"Social","Chihuahua","Cobertura Secundaria",NA,NA,NA,NA,NA,92.08673472,NA
"Social","Ciudad de México","Cobertura Secundaria",NA,NA,NA,NA,NA,118.6592078,NA
"Social","Durango","Cobertura Secundaria",NA,NA,NA,NA,NA,94.30172373,NA
"Social","Guanajuato","Cobertura Secundaria",NA,NA,NA,NA,NA,92.7059656,NA
"Social","Guerrero","Cobertura Secundaria",NA,NA,NA,NA,NA,90.01133566,NA
"Social","Hidalgo","Cobertura Secundaria",NA,NA,NA,NA,NA,102.3673201,NA
"Social","Jalisco","Cobertura Secundaria",NA,NA,NA,NA,NA,94.77100767,NA
"Social","México","Cobertura Secundaria",NA,NA,NA,NA,NA,98.82620115,NA
"Social","Michoacán de Ocampo","Cobertura Secundaria",NA,NA,NA,NA,NA,88.95077221,NA
"Social","Morelos","Cobertura Secundaria",NA,NA,NA,NA,NA,93.02946158,NA
"Social","Nayarit","Cobertura Secundaria",NA,NA,NA,NA,NA,90.48549107,NA
"Social","Nuevo León","Cobertura Secundaria",NA,NA,NA,NA,NA,99.77191957,NA
"Social","Oaxaca","Cobertura Secundaria",NA,NA,NA,NA,NA,82.32064533,NA
"Social","Puebla","Cobertura Secundaria",NA,NA,NA,NA,NA,96.46732799,NA
"Social","Querétaro","Cobertura Secundaria",NA,NA,NA,NA,NA,99.74257623,NA
"Social","Quintana Roo","Cobertura Secundaria",NA,NA,NA,NA,NA,106.1631779,NA
"Social","San Luis Potosí","Cobertura Secundaria",NA,NA,NA,NA,NA,95.04909281,NA
"Social","Sinaloa","Cobertura Secundaria",NA,NA,NA,NA,NA,94.32176656,NA
"Social","Sonora","Cobertura Secundaria",NA,NA,NA,NA,NA,91.47051411,NA
"Social","Tabasco","Cobertura Secundaria",NA,NA,NA,NA,NA,98.31574398,NA
"Social","Tamaulipas","Cobertura Secundaria",NA,NA,NA,NA,NA,91.34035744,NA
"Social","Tlaxcala","Cobertura Secundaria",NA,NA,NA,NA,NA,100.4695786,NA
"Social","Veracruz de Ignacio de la Llave","Cobertura Secundaria",NA,NA,NA,NA,NA,87.45084317,NA
"Social","Yucatán","Cobertura Secundaria",NA,NA,NA,NA,NA,95.38347657,NA
"Social","Zacatecas","Cobertura Secundaria",NA,NA,NA,NA,NA,96.60904964,NA
"Gobierno","Aguascalientes","Confianza en el Gobierno Estatal",NA,NA,NA,NA,NA,57.6,NA
"Gobierno","Baja California","Confianza en el Gobierno Estatal",NA,NA,NA,NA,NA,39.7,NA
"Gobierno","Baja California Sur","Confianza en el Gobierno Estatal",NA,NA,NA,NA,NA,49.8,NA
"Gobierno","Campeche","Confianza en el Gobierno Estatal",NA,NA,NA,NA,NA,47.5,NA
"Gobierno","Coahuila de Zaragoza","Confianza en el Gobierno Estatal",NA,NA,NA,NA,NA,58.5,NA
"Gobierno","Colima","Confianza en el Gobierno Estatal",NA,NA,NA,NA,NA,49.7,NA
"Gobierno","Chiapas","Confianza en el Gobierno Estatal",NA,NA,NA,NA,NA,38.5,NA
"Gobierno","Chihuahua","Confianza en el Gobierno Estatal",NA,NA,NA,NA,NA,44.7,NA
"Gobierno","Ciudad de México","Confianza en el Gobierno Estatal",NA,NA,NA,NA,NA,45.5,NA
"Gobierno","Durango","Confianza en el Gobierno Estatal",NA,NA,NA,NA,NA,54.6,NA
"Gobierno","Guanajuato","Confianza en el Gobierno Estatal",NA,NA,NA,NA,NA,46.7,NA
"Gobierno","Guerrero","Confianza en el Gobierno Estatal",NA,NA,NA,NA,NA,58.3,NA
"Gobierno","Hidalgo","Confianza en el Gobierno Estatal",NA,NA,NA,NA,NA,55.2,NA
"Gobierno","Jalisco","Confianza en el Gobierno Estatal",NA,NA,NA,NA,NA,41.7,NA
"Gobierno","México","Confianza en el Gobierno Estatal",NA,NA,NA,NA,NA,44.2,NA
"Gobierno","Michoacán de Ocampo","Confianza en el Gobierno Estatal",NA,NA,NA,NA,NA,38.9,NA
"Gobierno","Morelos","Confianza en el Gobierno Estatal",NA,NA,NA,NA,NA,35.1,NA
"Gobierno","Nayarit","Confianza en el Gobierno Estatal",NA,NA,NA,NA,NA,56.7,NA
"Gobierno","Nuevo León","Confianza en el Gobierno Estatal",NA,NA,NA,NA,NA,57.2,NA
"Gobierno","Oaxaca","Confianza en el Gobierno Estatal",NA,NA,NA,NA,NA,45.4,NA
"Gobierno","Puebla","Confianza en el Gobierno Estatal",NA,NA,NA,NA,NA,54.1,NA
"Gobierno","Querétaro","Confianza en el Gobierno Estatal",NA,NA,NA,NA,NA,54.1,NA
"Gobierno","Quintana Roo","Confianza en el Gobierno Estatal",NA,NA,NA,NA,NA,53,NA
"Gobierno","San Luis Potosí","Confianza en el Gobierno Estatal",NA,NA,NA,NA,NA,53.8,NA
"Gobierno","Sinaloa","Confianza en el Gobierno Estatal",NA,NA,NA,NA,NA,56,NA
"Gobierno","Sonora","Confianza en el Gobierno Estatal",NA,NA,NA,NA,NA,53.2,NA
"Gobierno","Tabasco","Confianza en el Gobierno Estatal",NA,NA,NA,NA,NA,46.5,NA
"Gobierno","Tamaulipas","Confianza en el Gobierno Estatal",NA,NA,NA,NA,NA,62.9,NA
"Gobierno","Tlaxcala","Confianza en el Gobierno Estatal",NA,NA,NA,NA,NA,54.3,NA
"Gobierno","Veracruz de Ignacio de la Llave","Confianza en el Gobierno Estatal",NA,NA,NA,NA,NA,41.6,NA
"Gobierno","Yucatán","Confianza en el Gobierno Estatal",NA,NA,NA,NA,NA,61.5,NA
"Gobierno","Zacatecas","Confianza en el Gobierno Estatal",NA,NA,NA,NA,NA,36.6,NA
"Económico","Aguascalientes","Crecimiento económico (porcentaje)",NA,NA,NA,NA,NA,NA,1.8
"Económico","Baja California","Crecimiento económico (porcentaje)",NA,NA,NA,NA,NA,NA,0
"Económico","Baja California Sur","Crecimiento económico (porcentaje)",NA,NA,NA,NA,NA,NA,4.8
"Económico","Campeche","Crecimiento económico (porcentaje)",NA,NA,NA,NA,NA,NA,5.8
"Económico","Coahuila de Zaragoza","Crecimiento económico (porcentaje)",NA,NA,NA,NA,NA,NA,-3.1
"Económico","Colima","Crecimiento económico (porcentaje)",NA,NA,NA,NA,NA,NA,3.6
"Económico","Chiapas","Crecimiento económico (porcentaje)",NA,NA,NA,NA,NA,NA,2.8
"Económico","Chihuahua","Crecimiento económico (porcentaje)",NA,NA,NA,NA,NA,NA,0.6
"Económico","Ciudad de México","Crecimiento económico (porcentaje)",NA,NA,NA,NA,NA,NA,2.3
"Económico","Durango","Crecimiento económico (porcentaje)",NA,NA,NA,NA,NA,NA,5.3
"Económico","Guanajuato","Crecimiento económico (porcentaje)",NA,NA,NA,NA,NA,NA,3.8
"Económico","Guerrero","Crecimiento económico (porcentaje)",NA,NA,NA,NA,NA,NA,-1.8
"Económico","Hidalgo","Crecimiento económico (porcentaje)",NA,NA,NA,NA,NA,NA,4.4
"Económico","Jalisco","Crecimiento económico (porcentaje)",NA,NA,NA,NA,NA,NA,-0.1
"Económico","México","Crecimiento económico (porcentaje)",NA,NA,NA,NA,NA,NA,3.5
"Económico","Michoacán de Ocampo","Crecimiento económico (porcentaje)",NA,NA,NA,NA,NA,NA,0.3
"Económico","Morelos","Crecimiento económico (porcentaje)",NA,NA,NA,NA,NA,NA,0.4
"Económico","Nayarit","Crecimiento económico (porcentaje)",NA,NA,NA,NA,NA,NA,0.4
"Económico","Nuevo León","Crecimiento económico (porcentaje)",NA,NA,NA,NA,NA,NA,3.5
"Económico","Oaxaca","Crecimiento económico (porcentaje)",NA,NA,NA,NA,NA,NA,1.9
"Económico","Puebla","Crecimiento económico (porcentaje)",NA,NA,NA,NA,NA,NA,3.6
"Económico","Querétaro","Crecimiento económico (porcentaje)",NA,NA,NA,NA,NA,NA,3
"Económico","Quintana Roo","Crecimiento económico (porcentaje)",NA,NA,NA,NA,NA,NA,20.6
"Económico","San Luis Potosí","Crecimiento económico (porcentaje)",NA,NA,NA,NA,NA,NA,3.4
"Económico","Sinaloa","Crecimiento económico (porcentaje)",NA,NA,NA,NA,NA,NA,2.8
"Económico","Sonora","Crecimiento económico (porcentaje)",NA,NA,NA,NA,NA,NA,1.6
"Económico","Tabasco","Crecimiento económico (porcentaje)",NA,NA,NA,NA,NA,NA,-2.3
"Económico","Tamaulipas","Crecimiento económico (porcentaje)",NA,NA,NA,NA,NA,NA,1.1
"Económico","Tlaxcala","Crecimiento económico (porcentaje)",NA,NA,NA,NA,NA,NA,1.4
"Económico","Veracruz de Ignacio de la Llave","Crecimiento económico (porcentaje)",NA,NA,NA,NA,NA,NA,3.6
"Económico","Yucatán","Crecimiento económico (porcentaje)",NA,NA,NA,NA,NA,NA,3.9
"Económico","Zacatecas","Crecimiento económico (porcentaje)",NA,NA,NA,NA,NA,NA,-2.1
"Económico","Aguascalientes","Cuartos de establecimientos de Hospedaje",NA,NA,NA,NA,NA,7979,NA
"Económico","Baja California","Cuartos de establecimientos de Hospedaje",NA,NA,NA,NA,NA,29968,NA
"Económico","Baja California Sur","Cuartos de establecimientos de Hospedaje",NA,NA,NA,NA,NA,27817,NA
"Económico","Campeche","Cuartos de establecimientos de Hospedaje",NA,NA,NA,NA,NA,7805,NA
"Económico","Coahuila de Zaragoza","Cuartos de establecimientos de Hospedaje",NA,NA,NA,NA,NA,14984,NA
"Económico","Colima","Cuartos de establecimientos de Hospedaje",NA,NA,NA,NA,NA,8846,NA
"Económico","Chiapas","Cuartos de establecimientos de Hospedaje",NA,NA,NA,NA,NA,24253,NA
"Económico","Chihuahua","Cuartos de establecimientos de Hospedaje",NA,NA,NA,NA,NA,23393,NA
"Económico","Ciudad de México","Cuartos de establecimientos de Hospedaje",NA,NA,NA,NA,NA,53409,NA
"Económico","Durango","Cuartos de establecimientos de Hospedaje",NA,NA,NA,NA,NA,7505,NA
"Económico","Guanajuato","Cuartos de establecimientos de Hospedaje",NA,NA,NA,NA,NA,32016,NA
"Económico","Guerrero","Cuartos de establecimientos de Hospedaje",NA,NA,NA,NA,NA,32679,NA
"Económico","Hidalgo","Cuartos de establecimientos de Hospedaje",NA,NA,NA,NA,NA,14671,NA
"Económico","Jalisco","Cuartos de establecimientos de Hospedaje",NA,NA,NA,NA,NA,78969,NA
"Económico","México","Cuartos de establecimientos de Hospedaje",NA,NA,NA,NA,NA,28648,NA
"Económico","Michoacán de Ocampo","Cuartos de establecimientos de Hospedaje",NA,NA,NA,NA,NA,18230,NA
"Económico","Morelos","Cuartos de establecimientos de Hospedaje",NA,NA,NA,NA,NA,13137,NA
"Económico","Nayarit","Cuartos de establecimientos de Hospedaje",NA,NA,NA,NA,NA,27078,NA
"Económico","Nuevo León","Cuartos de establecimientos de Hospedaje",NA,NA,NA,NA,NA,22609,NA
"Económico","Oaxaca","Cuartos de establecimientos de Hospedaje",NA,NA,NA,NA,NA,30543,NA
"Económico","Puebla","Cuartos de establecimientos de Hospedaje",NA,NA,NA,NA,NA,30767,NA
"Económico","Querétaro","Cuartos de establecimientos de Hospedaje",NA,NA,NA,NA,NA,20251,NA
"Económico","Quintana Roo","Cuartos de establecimientos de Hospedaje",NA,NA,NA,NA,NA,127399,NA
"Económico","San Luis Potosí","Cuartos de establecimientos de Hospedaje",NA,NA,NA,NA,NA,16018,NA
"Económico","Sinaloa","Cuartos de establecimientos de Hospedaje",NA,NA,NA,NA,NA,26781,NA
"Económico","Sonora","Cuartos de establecimientos de Hospedaje",NA,NA,NA,NA,NA,23647,NA
"Económico","Tabasco","Cuartos de establecimientos de Hospedaje",NA,NA,NA,NA,NA,13139,NA
"Económico","Tamaulipas","Cuartos de establecimientos de Hospedaje",NA,NA,NA,NA,NA,28263,NA
"Económico","Tlaxcala","Cuartos de establecimientos de Hospedaje",NA,NA,NA,NA,NA,5543,NA
"Económico","Veracruz de Ignacio de la Llave","Cuartos de establecimientos de Hospedaje",NA,NA,NA,NA,NA,51758,NA
"Económico","Yucatán","Cuartos de establecimientos de Hospedaje",NA,NA,NA,NA,NA,15480,NA
"Económico","Zacatecas","Cuartos de establecimientos de Hospedaje",NA,NA,NA,NA,NA,7917,NA
"Económico","Aguascalientes","Cuartos de Hospedaje según categoría 1 estrella",NA,NA,NA,NA,NA,322,NA
"Económico","Baja California","Cuartos de Hospedaje según categoría 1 estrella",NA,NA,NA,NA,NA,3120,NA
"Económico","Baja California Sur","Cuartos de Hospedaje según categoría 1 estrella",NA,NA,NA,NA,NA,382,NA
"Económico","Campeche","Cuartos de Hospedaje según categoría 1 estrella",NA,NA,NA,NA,NA,1020,NA
"Económico","Coahuila de Zaragoza","Cuartos de Hospedaje según categoría 1 estrella",NA,NA,NA,NA,NA,206,NA
"Económico","Colima","Cuartos de Hospedaje según categoría 1 estrella",NA,NA,NA,NA,NA,395,NA
"Económico","Chiapas","Cuartos de Hospedaje según categoría 1 estrella",NA,NA,NA,NA,NA,6271,NA
"Económico","Chihuahua","Cuartos de Hospedaje según categoría 1 estrella",NA,NA,NA,NA,NA,4162,NA
"Económico","Ciudad de México","Cuartos de Hospedaje según categoría 1 estrella",NA,NA,NA,NA,NA,17271,NA
"Económico","Durango","Cuartos de Hospedaje según categoría 1 estrella",NA,NA,NA,NA,NA,405,NA
"Económico","Guanajuato","Cuartos de Hospedaje según categoría 1 estrella",NA,NA,NA,NA,NA,1572,NA
"Económico","Guerrero","Cuartos de Hospedaje según categoría 1 estrella",NA,NA,NA,NA,NA,9879,NA
"Económico","Hidalgo","Cuartos de Hospedaje según categoría 1 estrella",NA,NA,NA,NA,NA,909,NA
"Económico","Jalisco","Cuartos de Hospedaje según categoría 1 estrella",NA,NA,NA,NA,NA,5523,NA
"Económico","México","Cuartos de Hospedaje según categoría 1 estrella",NA,NA,NA,NA,NA,746,NA
"Económico","Michoacán de Ocampo","Cuartos de Hospedaje según categoría 1 estrella",NA,NA,NA,NA,NA,1269,NA
"Económico","Morelos","Cuartos de Hospedaje según categoría 1 estrella",NA,NA,NA,NA,NA,820,NA
"Económico","Nayarit","Cuartos de Hospedaje según categoría 1 estrella",NA,NA,NA,NA,NA,1380,NA
"Económico","Nuevo León","Cuartos de Hospedaje según categoría 1 estrella",NA,NA,NA,NA,NA,803,NA
"Económico","Oaxaca","Cuartos de Hospedaje según categoría 1 estrella",NA,NA,NA,NA,NA,1997,NA
"Económico","Puebla","Cuartos de Hospedaje según categoría 1 estrella",NA,NA,NA,NA,NA,2813,NA
"Económico","Querétaro","Cuartos de Hospedaje según categoría 1 estrella",NA,NA,NA,NA,NA,878,NA
"Económico","Quintana Roo","Cuartos de Hospedaje según categoría 1 estrella",NA,NA,NA,NA,NA,1095,NA
"Económico","San Luis Potosí","Cuartos de Hospedaje según categoría 1 estrella",NA,NA,NA,NA,NA,1505,NA
"Económico","Sinaloa","Cuartos de Hospedaje según categoría 1 estrella",NA,NA,NA,NA,NA,2532,NA
"Económico","Sonora","Cuartos de Hospedaje según categoría 1 estrella",NA,NA,NA,NA,NA,1077,NA
"Económico","Tabasco","Cuartos de Hospedaje según categoría 1 estrella",NA,NA,NA,NA,NA,1457,NA
"Económico","Tamaulipas","Cuartos de Hospedaje según categoría 1 estrella",NA,NA,NA,NA,NA,2488,NA
"Económico","Tlaxcala","Cuartos de Hospedaje según categoría 1 estrella",NA,NA,NA,NA,NA,0,NA
"Económico","Veracruz de Ignacio de la Llave","Cuartos de Hospedaje según categoría 1 estrella",NA,NA,NA,NA,NA,4369,NA
"Económico","Yucatán","Cuartos de Hospedaje según categoría 1 estrella",NA,NA,NA,NA,NA,952,NA
"Económico","Zacatecas","Cuartos de Hospedaje según categoría 1 estrella",NA,NA,NA,NA,NA,808,NA
"Económico","Aguascalientes","Cuartos de Hospedaje según categoría 2 estrellas",NA,NA,NA,NA,NA,738,NA
"Económico","Baja California","Cuartos de Hospedaje según categoría 2 estrellas",NA,NA,NA,NA,NA,5036,NA
"Económico","Baja California Sur","Cuartos de Hospedaje según categoría 2 estrellas",NA,NA,NA,NA,NA,614,NA
"Económico","Campeche","Cuartos de Hospedaje según categoría 2 estrellas",NA,NA,NA,NA,NA,1058,NA
"Económico","Coahuila de Zaragoza","Cuartos de Hospedaje según categoría 2 estrellas",NA,NA,NA,NA,NA,1159,NA
"Económico","Colima","Cuartos de Hospedaje según categoría 2 estrellas",NA,NA,NA,NA,NA,824,NA
"Económico","Chiapas","Cuartos de Hospedaje según categoría 2 estrellas",NA,NA,NA,NA,NA,3344,NA
"Económico","Chihuahua","Cuartos de Hospedaje según categoría 2 estrellas",NA,NA,NA,NA,NA,4006,NA
"Económico","Ciudad de México","Cuartos de Hospedaje según categoría 2 estrellas",NA,NA,NA,NA,NA,13305,NA
"Económico","Durango","Cuartos de Hospedaje según categoría 2 estrellas",NA,NA,NA,NA,NA,1732,NA
"Económico","Guanajuato","Cuartos de Hospedaje según categoría 2 estrellas",NA,NA,NA,NA,NA,2936,NA
"Económico","Guerrero","Cuartos de Hospedaje según categoría 2 estrellas",NA,NA,NA,NA,NA,9761,NA
"Económico","Hidalgo","Cuartos de Hospedaje según categoría 2 estrellas",NA,NA,NA,NA,NA,2364,NA
"Económico","Jalisco","Cuartos de Hospedaje según categoría 2 estrellas",NA,NA,NA,NA,NA,5383,NA
"Económico","México","Cuartos de Hospedaje según categoría 2 estrellas",NA,NA,NA,NA,NA,2512,NA
"Económico","Michoacán de Ocampo","Cuartos de Hospedaje según categoría 2 estrellas",NA,NA,NA,NA,NA,4403,NA
"Económico","Morelos","Cuartos de Hospedaje según categoría 2 estrellas",NA,NA,NA,NA,NA,1440,NA
"Económico","Nayarit","Cuartos de Hospedaje según categoría 2 estrellas",NA,NA,NA,NA,NA,2716,NA
"Económico","Nuevo León","Cuartos de Hospedaje según categoría 2 estrellas",NA,NA,NA,NA,NA,782,NA
"Económico","Oaxaca","Cuartos de Hospedaje según categoría 2 estrellas",NA,NA,NA,NA,NA,3948,NA
"Económico","Puebla","Cuartos de Hospedaje según categoría 2 estrellas",NA,NA,NA,NA,NA,2843,NA
"Económico","Querétaro","Cuartos de Hospedaje según categoría 2 estrellas",NA,NA,NA,NA,NA,2072,NA
"Económico","Quintana Roo","Cuartos de Hospedaje según categoría 2 estrellas",NA,NA,NA,NA,NA,2170,NA
"Económico","San Luis Potosí","Cuartos de Hospedaje según categoría 2 estrellas",NA,NA,NA,NA,NA,3870,NA
"Económico","Sinaloa","Cuartos de Hospedaje según categoría 2 estrellas",NA,NA,NA,NA,NA,2352,NA
"Económico","Sonora","Cuartos de Hospedaje según categoría 2 estrellas",NA,NA,NA,NA,NA,2065,NA
"Económico","Tabasco","Cuartos de Hospedaje según categoría 2 estrellas",NA,NA,NA,NA,NA,1108,NA
"Económico","Tamaulipas","Cuartos de Hospedaje según categoría 2 estrellas",NA,NA,NA,NA,NA,8644,NA
"Económico","Tlaxcala","Cuartos de Hospedaje según categoría 2 estrellas",NA,NA,NA,NA,NA,518,NA
"Económico","Veracruz de Ignacio de la Llave","Cuartos de Hospedaje según categoría 2 estrellas",NA,NA,NA,NA,NA,6395,NA
"Económico","Yucatán","Cuartos de Hospedaje según categoría 2 estrellas",NA,NA,NA,NA,NA,1007,NA
"Económico","Zacatecas","Cuartos de Hospedaje según categoría 2 estrellas",NA,NA,NA,NA,NA,660,NA
"Económico","Aguascalientes","Cuartos de Hospedaje según categoría 3 estrellas",NA,NA,NA,NA,NA,1697,NA
"Económico","Baja California","Cuartos de Hospedaje según categoría 3 estrellas",NA,NA,NA,NA,NA,9268,NA
"Económico","Baja California Sur","Cuartos de Hospedaje según categoría 3 estrellas",NA,NA,NA,NA,NA,2253,NA
"Económico","Campeche","Cuartos de Hospedaje según categoría 3 estrellas",NA,NA,NA,NA,NA,2334,NA
"Económico","Coahuila de Zaragoza","Cuartos de Hospedaje según categoría 3 estrellas",NA,NA,NA,NA,NA,4572,NA
"Económico","Colima","Cuartos de Hospedaje según categoría 3 estrellas",NA,NA,NA,NA,NA,1485,NA
"Económico","Chiapas","Cuartos de Hospedaje según categoría 3 estrellas",NA,NA,NA,NA,NA,4668,NA
"Económico","Chihuahua","Cuartos de Hospedaje según categoría 3 estrellas",NA,NA,NA,NA,NA,6626,NA
"Económico","Ciudad de México","Cuartos de Hospedaje según categoría 3 estrellas",NA,NA,NA,NA,NA,10654,NA
"Económico","Durango","Cuartos de Hospedaje según categoría 3 estrellas",NA,NA,NA,NA,NA,2384,NA
"Económico","Guanajuato","Cuartos de Hospedaje según categoría 3 estrellas",NA,NA,NA,NA,NA,6722,NA
"Económico","Guerrero","Cuartos de Hospedaje según categoría 3 estrellas",NA,NA,NA,NA,NA,5828,NA
"Económico","Hidalgo","Cuartos de Hospedaje según categoría 3 estrellas",NA,NA,NA,NA,NA,4047,NA
"Económico","Jalisco","Cuartos de Hospedaje según categoría 3 estrellas",NA,NA,NA,NA,NA,12708,NA
"Económico","México","Cuartos de Hospedaje según categoría 3 estrellas",NA,NA,NA,NA,NA,5003,NA
"Económico","Michoacán de Ocampo","Cuartos de Hospedaje según categoría 3 estrellas",NA,NA,NA,NA,NA,5356,NA
"Económico","Morelos","Cuartos de Hospedaje según categoría 3 estrellas",NA,NA,NA,NA,NA,4148,NA
"Económico","Nayarit","Cuartos de Hospedaje según categoría 3 estrellas",NA,NA,NA,NA,NA,5975,NA
"Económico","Nuevo León","Cuartos de Hospedaje según categoría 3 estrellas",NA,NA,NA,NA,NA,2685,NA
"Económico","Oaxaca","Cuartos de Hospedaje según categoría 3 estrellas",NA,NA,NA,NA,NA,4475,NA
"Económico","Puebla","Cuartos de Hospedaje según categoría 3 estrellas",NA,NA,NA,NA,NA,6951,NA
"Económico","Querétaro","Cuartos de Hospedaje según categoría 3 estrellas",NA,NA,NA,NA,NA,4402,NA
"Económico","Quintana Roo","Cuartos de Hospedaje según categoría 3 estrellas",NA,NA,NA,NA,NA,10520,NA
"Económico","San Luis Potosí","Cuartos de Hospedaje según categoría 3 estrellas",NA,NA,NA,NA,NA,3707,NA
"Económico","Sinaloa","Cuartos de Hospedaje según categoría 3 estrellas",NA,NA,NA,NA,NA,5930,NA
"Económico","Sonora","Cuartos de Hospedaje según categoría 3 estrellas",NA,NA,NA,NA,NA,3811,NA
"Económico","Tabasco","Cuartos de Hospedaje según categoría 3 estrellas",NA,NA,NA,NA,NA,2814,NA
"Económico","Tamaulipas","Cuartos de Hospedaje según categoría 3 estrellas",NA,NA,NA,NA,NA,8207,NA
"Económico","Tlaxcala","Cuartos de Hospedaje según categoría 3 estrellas",NA,NA,NA,NA,NA,775,NA
"Económico","Veracruz de Ignacio de la Llave","Cuartos de Hospedaje según categoría 3 estrellas",NA,NA,NA,NA,NA,11177,NA
"Económico","Yucatán","Cuartos de Hospedaje según categoría 3 estrellas",NA,NA,NA,NA,NA,3222,NA
"Económico","Zacatecas","Cuartos de Hospedaje según categoría 3 estrellas",NA,NA,NA,NA,NA,1643,NA
"Económico","Aguascalientes","Cuartos de Hospedaje según categoría 4 estrellas",NA,NA,NA,NA,NA,3016,NA
"Económico","Baja California","Cuartos de Hospedaje según categoría 4 estrellas",NA,NA,NA,NA,NA,7856,NA
"Económico","Baja California Sur","Cuartos de Hospedaje según categoría 4 estrellas",NA,NA,NA,NA,NA,3203,NA
"Económico","Campeche","Cuartos de Hospedaje según categoría 4 estrellas",NA,NA,NA,NA,NA,2444,NA
"Económico","Coahuila de Zaragoza","Cuartos de Hospedaje según categoría 4 estrellas",NA,NA,NA,NA,NA,4827,NA
"Económico","Colima","Cuartos de Hospedaje según categoría 4 estrellas",NA,NA,NA,NA,NA,2872,NA
"Económico","Chiapas","Cuartos de Hospedaje según categoría 4 estrellas",NA,NA,NA,NA,NA,3992,NA
"Económico","Chihuahua","Cuartos de Hospedaje según categoría 4 estrellas",NA,NA,NA,NA,NA,4422,NA
"Económico","Ciudad de México","Cuartos de Hospedaje según categoría 4 estrellas",NA,NA,NA,NA,NA,5802,NA
"Económico","Durango","Cuartos de Hospedaje según categoría 4 estrellas",NA,NA,NA,NA,NA,724,NA
"Económico","Guanajuato","Cuartos de Hospedaje según categoría 4 estrellas",NA,NA,NA,NA,NA,10355,NA
"Económico","Guerrero","Cuartos de Hospedaje según categoría 4 estrellas",NA,NA,NA,NA,NA,2979,NA
"Económico","Hidalgo","Cuartos de Hospedaje según categoría 4 estrellas",NA,NA,NA,NA,NA,1927,NA
"Económico","Jalisco","Cuartos de Hospedaje según categoría 4 estrellas",NA,NA,NA,NA,NA,19834,NA
"Económico","México","Cuartos de Hospedaje según categoría 4 estrellas",NA,NA,NA,NA,NA,5140,NA
"Económico","Michoacán de Ocampo","Cuartos de Hospedaje según categoría 4 estrellas",NA,NA,NA,NA,NA,3102,NA
"Económico","Morelos","Cuartos de Hospedaje según categoría 4 estrellas",NA,NA,NA,NA,NA,2444,NA
"Económico","Nayarit","Cuartos de Hospedaje según categoría 4 estrellas",NA,NA,NA,NA,NA,2752,NA
"Económico","Nuevo León","Cuartos de Hospedaje según categoría 4 estrellas",NA,NA,NA,NA,NA,7529,NA
"Económico","Oaxaca","Cuartos de Hospedaje según categoría 4 estrellas",NA,NA,NA,NA,NA,5463,NA
"Económico","Puebla","Cuartos de Hospedaje según categoría 4 estrellas",NA,NA,NA,NA,NA,7281,NA
"Económico","Querétaro","Cuartos de Hospedaje según categoría 4 estrellas",NA,NA,NA,NA,NA,5576,NA
"Económico","Quintana Roo","Cuartos de Hospedaje según categoría 4 estrellas",NA,NA,NA,NA,NA,17063,NA
"Económico","San Luis Potosí","Cuartos de Hospedaje según categoría 4 estrellas",NA,NA,NA,NA,NA,1994,NA
"Económico","Sinaloa","Cuartos de Hospedaje según categoría 4 estrellas",NA,NA,NA,NA,NA,6397,NA
"Económico","Sonora","Cuartos de Hospedaje según categoría 4 estrellas",NA,NA,NA,NA,NA,6124,NA
"Económico","Tabasco","Cuartos de Hospedaje según categoría 4 estrellas",NA,NA,NA,NA,NA,2332,NA
"Económico","Tamaulipas","Cuartos de Hospedaje según categoría 4 estrellas",NA,NA,NA,NA,NA,3537,NA
"Económico","Tlaxcala","Cuartos de Hospedaje según categoría 4 estrellas",NA,NA,NA,NA,NA,811,NA
"Económico","Veracruz de Ignacio de la Llave","Cuartos de Hospedaje según categoría 4 estrellas",NA,NA,NA,NA,NA,10259,NA
"Económico","Yucatán","Cuartos de Hospedaje según categoría 4 estrellas",NA,NA,NA,NA,NA,3619,NA
"Económico","Zacatecas","Cuartos de Hospedaje según categoría 4 estrellas",NA,NA,NA,NA,NA,2454,NA
"Económico","Aguascalientes","Cuartos de Hospedaje según categoría 5 estrellas",NA,NA,NA,NA,NA,725,NA
"Económico","Baja California","Cuartos de Hospedaje según categoría 5 estrellas",NA,NA,NA,NA,NA,4368,NA
"Económico","Baja California Sur","Cuartos de Hospedaje según categoría 5 estrellas",NA,NA,NA,NA,NA,17447,NA
"Económico","Campeche","Cuartos de Hospedaje según categoría 5 estrellas",NA,NA,NA,NA,NA,493,NA
"Económico","Coahuila de Zaragoza","Cuartos de Hospedaje según categoría 5 estrellas",NA,NA,NA,NA,NA,2122,NA
"Económico","Colima","Cuartos de Hospedaje según categoría 5 estrellas",NA,NA,NA,NA,NA,1200,NA
"Económico","Chiapas","Cuartos de Hospedaje según categoría 5 estrellas",NA,NA,NA,NA,NA,1490,NA
"Económico","Chihuahua","Cuartos de Hospedaje según categoría 5 estrellas",NA,NA,NA,NA,NA,4177,NA
"Económico","Ciudad de México","Cuartos de Hospedaje según categoría 5 estrellas",NA,NA,NA,NA,NA,3848,NA
"Económico","Durango","Cuartos de Hospedaje según categoría 5 estrellas",NA,NA,NA,NA,NA,354,NA
"Económico","Guanajuato","Cuartos de Hospedaje según categoría 5 estrellas",NA,NA,NA,NA,NA,3988,NA
"Económico","Guerrero","Cuartos de Hospedaje según categoría 5 estrellas",NA,NA,NA,NA,NA,1084,NA
"Económico","Hidalgo","Cuartos de Hospedaje según categoría 5 estrellas",NA,NA,NA,NA,NA,1057,NA
"Económico","Jalisco","Cuartos de Hospedaje según categoría 5 estrellas",NA,NA,NA,NA,NA,13915,NA
"Económico","México","Cuartos de Hospedaje según categoría 5 estrellas",NA,NA,NA,NA,NA,1342,NA
"Económico","Michoacán de Ocampo","Cuartos de Hospedaje según categoría 5 estrellas",NA,NA,NA,NA,NA,1256,NA
"Económico","Morelos","Cuartos de Hospedaje según categoría 5 estrellas",NA,NA,NA,NA,NA,2082,NA
"Económico","Nayarit","Cuartos de Hospedaje según categoría 5 estrellas",NA,NA,NA,NA,NA,11275,NA
"Económico","Nuevo León","Cuartos de Hospedaje según categoría 5 estrellas",NA,NA,NA,NA,NA,7725,NA
"Económico","Oaxaca","Cuartos de Hospedaje según categoría 5 estrellas",NA,NA,NA,NA,NA,3305,NA
"Económico","Puebla","Cuartos de Hospedaje según categoría 5 estrellas",NA,NA,NA,NA,NA,3767,NA
"Económico","Querétaro","Cuartos de Hospedaje según categoría 5 estrellas",NA,NA,NA,NA,NA,2768,NA
"Económico","Quintana Roo","Cuartos de Hospedaje según categoría 5 estrellas",NA,NA,NA,NA,NA,91500,NA
"Económico","San Luis Potosí","Cuartos de Hospedaje según categoría 5 estrellas",NA,NA,NA,NA,NA,1671,NA
"Económico","Sinaloa","Cuartos de Hospedaje según categoría 5 estrellas",NA,NA,NA,NA,NA,5919,NA
"Económico","Sonora","Cuartos de Hospedaje según categoría 5 estrellas",NA,NA,NA,NA,NA,3889,NA
"Económico","Tabasco","Cuartos de Hospedaje según categoría 5 estrellas",NA,NA,NA,NA,NA,1159,NA
"Económico","Tamaulipas","Cuartos de Hospedaje según categoría 5 estrellas",NA,NA,NA,NA,NA,1103,NA
"Económico","Tlaxcala","Cuartos de Hospedaje según categoría 5 estrellas",NA,NA,NA,NA,NA,400,NA
"Económico","Veracruz de Ignacio de la Llave","Cuartos de Hospedaje según categoría 5 estrellas",NA,NA,NA,NA,NA,2287,NA
"Económico","Yucatán","Cuartos de Hospedaje según categoría 5 estrellas",NA,NA,NA,NA,NA,4176,NA
"Económico","Zacatecas","Cuartos de Hospedaje según categoría 5 estrellas",NA,NA,NA,NA,NA,636,NA
"Económico","Aguascalientes","Cuartos de Hospedaje según categoría (sin categoría)",NA,NA,NA,NA,NA,1481,NA
"Económico","Baja California","Cuartos de Hospedaje según categoría (sin categoría)",NA,NA,NA,NA,NA,320,NA
"Económico","Baja California Sur","Cuartos de Hospedaje según categoría (sin categoría)",NA,NA,NA,NA,NA,3918,NA
"Económico","Campeche","Cuartos de Hospedaje según categoría (sin categoría)",NA,NA,NA,NA,NA,456,NA
"Económico","Coahuila de Zaragoza","Cuartos de Hospedaje según categoría (sin categoría)",NA,NA,NA,NA,NA,2098,NA
"Económico","Colima","Cuartos de Hospedaje según categoría (sin categoría)",NA,NA,NA,NA,NA,2070,NA
"Económico","Chiapas","Cuartos de Hospedaje según categoría (sin categoría)",NA,NA,NA,NA,NA,4488,NA
"Económico","Chihuahua","Cuartos de Hospedaje según categoría (sin categoría)",NA,NA,NA,NA,NA,0,NA
"Económico","Ciudad de México","Cuartos de Hospedaje según categoría (sin categoría)",NA,NA,NA,NA,NA,2529,NA
"Económico","Durango","Cuartos de Hospedaje según categoría (sin categoría)",NA,NA,NA,NA,NA,1906,NA
"Económico","Guanajuato","Cuartos de Hospedaje según categoría (sin categoría)",NA,NA,NA,NA,NA,6443,NA
"Económico","Guerrero","Cuartos de Hospedaje según categoría (sin categoría)",NA,NA,NA,NA,NA,3148,NA
"Económico","Hidalgo","Cuartos de Hospedaje según categoría (sin categoría)",NA,NA,NA,NA,NA,4367,NA
"Económico","Jalisco","Cuartos de Hospedaje según categoría (sin categoría)",NA,NA,NA,NA,NA,21606,NA
"Económico","México","Cuartos de Hospedaje según categoría (sin categoría)",NA,NA,NA,NA,NA,13905,NA
"Económico","Michoacán de Ocampo","Cuartos de Hospedaje según categoría (sin categoría)",NA,NA,NA,NA,NA,2844,NA
"Económico","Morelos","Cuartos de Hospedaje según categoría (sin categoría)",NA,NA,NA,NA,NA,2203,NA
"Económico","Nayarit","Cuartos de Hospedaje según categoría (sin categoría)",NA,NA,NA,NA,NA,2980,NA
"Económico","Nuevo León","Cuartos de Hospedaje según categoría (sin categoría)",NA,NA,NA,NA,NA,3085,NA
"Económico","Oaxaca","Cuartos de Hospedaje según categoría (sin categoría)",NA,NA,NA,NA,NA,11355,NA
"Económico","Puebla","Cuartos de Hospedaje según categoría (sin categoría)",NA,NA,NA,NA,NA,7112,NA
"Económico","Querétaro","Cuartos de Hospedaje según categoría (sin categoría)",NA,NA,NA,NA,NA,4555,NA
"Económico","Quintana Roo","Cuartos de Hospedaje según categoría (sin categoría)",NA,NA,NA,NA,NA,5037,NA
"Económico","San Luis Potosí","Cuartos de Hospedaje según categoría (sin categoría)",NA,NA,NA,NA,NA,3271,NA
"Económico","Sinaloa","Cuartos de Hospedaje según categoría (sin categoría)",NA,NA,NA,NA,NA,3651,NA
"Económico","Sonora","Cuartos de Hospedaje según categoría (sin categoría)",NA,NA,NA,NA,NA,6681,NA
"Económico","Tabasco","Cuartos de Hospedaje según categoría (sin categoría)",NA,NA,NA,NA,NA,4269,NA
"Económico","Tamaulipas","Cuartos de Hospedaje según categoría (sin categoría)",NA,NA,NA,NA,NA,4284,NA
"Económico","Tlaxcala","Cuartos de Hospedaje según categoría (sin categoría)",NA,NA,NA,NA,NA,3039,NA
"Económico","Veracruz de Ignacio de la Llave","Cuartos de Hospedaje según categoría (sin categoría)",NA,NA,NA,NA,NA,17271,NA
"Económico","Yucatán","Cuartos de Hospedaje según categoría (sin categoría)",NA,NA,NA,NA,NA,2504,NA
"Económico","Zacatecas","Cuartos de Hospedaje según categoría (sin categoría)",NA,NA,NA,NA,NA,1716,NA
"Género","Aguascalientes","Delitos sexuales #Con Lupa de Género",NA,NA,NA,NA,NA,NA,13.7
"Género","Baja California","Delitos sexuales #Con Lupa de Género",NA,NA,NA,NA,NA,NA,38.1
"Género","Baja California Sur","Delitos sexuales #Con Lupa de Género",NA,NA,NA,NA,NA,NA,22.6
"Género","Campeche","Delitos sexuales #Con Lupa de Género",NA,NA,NA,NA,NA,NA,11.5
"Género","Coahuila de Zaragoza","Delitos sexuales #Con Lupa de Género",NA,NA,NA,NA,NA,NA,14.4
"Género","Colima","Delitos sexuales #Con Lupa de Género",NA,NA,NA,NA,NA,NA,12.3
"Género","Chiapas","Delitos sexuales #Con Lupa de Género",NA,NA,NA,NA,NA,NA,2.1
"Género","Chihuahua","Delitos sexuales #Con Lupa de Género",NA,NA,NA,NA,NA,NA,14.4
"Género","Ciudad de México","Delitos sexuales #Con Lupa de Género",NA,NA,NA,NA,NA,NA,18.8
"Género","Durango","Delitos sexuales #Con Lupa de Género",NA,NA,NA,NA,NA,NA,6
"Género","Guanajuato","Delitos sexuales #Con Lupa de Género",NA,NA,NA,NA,NA,NA,7.3
"Género","Guerrero","Delitos sexuales #Con Lupa de Género",NA,NA,NA,NA,NA,NA,5.2
"Género","Hidalgo","Delitos sexuales #Con Lupa de Género",NA,NA,NA,NA,NA,NA,6.7
"Género","Jalisco","Delitos sexuales #Con Lupa de Género",NA,NA,NA,NA,NA,NA,5.5
"Género","México","Delitos sexuales #Con Lupa de Género",NA,NA,NA,NA,NA,NA,32.9
"Género","Michoacán de Ocampo","Delitos sexuales #Con Lupa de Género",NA,NA,NA,NA,NA,NA,4.4
"Género","Morelos","Delitos sexuales #Con Lupa de Género",NA,NA,NA,NA,NA,NA,5
"Género","Nayarit","Delitos sexuales #Con Lupa de Género",NA,NA,NA,NA,NA,NA,6.6
"Género","Nuevo León","Delitos sexuales #Con Lupa de Género",NA,NA,NA,NA,NA,NA,14.5
"Género","Oaxaca","Delitos sexuales #Con Lupa de Género",NA,NA,NA,NA,NA,NA,8.3
"Género","Puebla","Delitos sexuales #Con Lupa de Género",NA,NA,NA,NA,NA,NA,6.3
"Género","Querétaro","Delitos sexuales #Con Lupa de Género",NA,NA,NA,NA,NA,NA,33.4
"Género","Quintana Roo","Delitos sexuales #Con Lupa de Género",NA,NA,NA,NA,NA,NA,16.6
"Género","San Luis Potosí","Delitos sexuales #Con Lupa de Género",NA,NA,NA,NA,NA,NA,12
"Género","Sinaloa","Delitos sexuales #Con Lupa de Género",NA,NA,NA,NA,NA,NA,6.4
"Género","Sonora","Delitos sexuales #Con Lupa de Género",NA,NA,NA,NA,NA,NA,5.5
"Género","Tabasco","Delitos sexuales #Con Lupa de Género",NA,NA,NA,NA,NA,NA,9.6
"Género","Tamaulipas","Delitos sexuales #Con Lupa de Género",NA,NA,NA,NA,NA,NA,5.2
"Género","Tlaxcala","Delitos sexuales #Con Lupa de Género",NA,NA,NA,NA,NA,NA,0.1
"Género","Veracruz de Ignacio de la Llave","Delitos sexuales #Con Lupa de Género",NA,NA,NA,NA,NA,NA,6.8
"Género","Yucatán","Delitos sexuales #Con Lupa de Género",NA,NA,NA,NA,NA,NA,0.6
"Género","Zacatecas","Delitos sexuales #Con Lupa de Género",NA,NA,NA,NA,NA,NA,8.9
"Género","Aguascalientes","Desigualdad en trabajo no remunerado (TNR) #Con Lupa de Género",NA,NA,NA,NA,NA,NA,60.2
"Género","Baja California","Desigualdad en trabajo no remunerado (TNR) #Con Lupa de Género",NA,NA,NA,NA,NA,NA,52
"Género","Baja California Sur","Desigualdad en trabajo no remunerado (TNR) #Con Lupa de Género",NA,NA,NA,NA,NA,NA,57.6
"Género","Campeche","Desigualdad en trabajo no remunerado (TNR) #Con Lupa de Género",NA,NA,NA,NA,NA,NA,51.3
"Género","Coahuila de Zaragoza","Desigualdad en trabajo no remunerado (TNR) #Con Lupa de Género",NA,NA,NA,NA,NA,NA,56.5
"Género","Colima","Desigualdad en trabajo no remunerado (TNR) #Con Lupa de Género",NA,NA,NA,NA,NA,NA,57.7
"Género","Chiapas","Desigualdad en trabajo no remunerado (TNR) #Con Lupa de Género",NA,NA,NA,NA,NA,NA,66.9
"Género","Chihuahua","Desigualdad en trabajo no remunerado (TNR) #Con Lupa de Género",NA,NA,NA,NA,NA,NA,56.5
"Género","Ciudad de México","Desigualdad en trabajo no remunerado (TNR) #Con Lupa de Género",NA,NA,NA,NA,NA,NA,49.1
"Género","Durango","Desigualdad en trabajo no remunerado (TNR) #Con Lupa de Género",NA,NA,NA,NA,NA,NA,59.4
"Género","Guanajuato","Desigualdad en trabajo no remunerado (TNR) #Con Lupa de Género",NA,NA,NA,NA,NA,NA,61.9
"Género","Guerrero","Desigualdad en trabajo no remunerado (TNR) #Con Lupa de Género",NA,NA,NA,NA,NA,NA,63.5
"Género","Hidalgo","Desigualdad en trabajo no remunerado (TNR) #Con Lupa de Género",NA,NA,NA,NA,NA,NA,57.2
"Género","Jalisco","Desigualdad en trabajo no remunerado (TNR) #Con Lupa de Género",NA,NA,NA,NA,NA,NA,54.5
"Género","México","Desigualdad en trabajo no remunerado (TNR) #Con Lupa de Género",NA,NA,NA,NA,NA,NA,60.5
"Género","Michoacán de Ocampo","Desigualdad en trabajo no remunerado (TNR) #Con Lupa de Género",NA,NA,NA,NA,NA,NA,60.9
"Género","Morelos","Desigualdad en trabajo no remunerado (TNR) #Con Lupa de Género",NA,NA,NA,NA,NA,NA,56.9
"Género","Nayarit","Desigualdad en trabajo no remunerado (TNR) #Con Lupa de Género",NA,NA,NA,NA,NA,NA,64.9
"Género","Nuevo León","Desigualdad en trabajo no remunerado (TNR) #Con Lupa de Género",NA,NA,NA,NA,NA,NA,55.4
"Género","Oaxaca","Desigualdad en trabajo no remunerado (TNR) #Con Lupa de Género",NA,NA,NA,NA,NA,NA,59.6
"Género","Puebla","Desigualdad en trabajo no remunerado (TNR) #Con Lupa de Género",NA,NA,NA,NA,NA,NA,68.7
"Género","Querétaro","Desigualdad en trabajo no remunerado (TNR) #Con Lupa de Género",NA,NA,NA,NA,NA,NA,60
"Género","Quintana Roo","Desigualdad en trabajo no remunerado (TNR) #Con Lupa de Género",NA,NA,NA,NA,NA,NA,59.8
"Género","San Luis Potosí","Desigualdad en trabajo no remunerado (TNR) #Con Lupa de Género",NA,NA,NA,NA,NA,NA,60.6
"Género","Sinaloa","Desigualdad en trabajo no remunerado (TNR) #Con Lupa de Género",NA,NA,NA,NA,NA,NA,65.9
"Género","Sonora","Desigualdad en trabajo no remunerado (TNR) #Con Lupa de Género",NA,NA,NA,NA,NA,NA,53.3
"Género","Tabasco","Desigualdad en trabajo no remunerado (TNR) #Con Lupa de Género",NA,NA,NA,NA,NA,NA,58.9
"Género","Tamaulipas","Desigualdad en trabajo no remunerado (TNR) #Con Lupa de Género",NA,NA,NA,NA,NA,NA,54.5
"Género","Tlaxcala","Desigualdad en trabajo no remunerado (TNR) #Con Lupa de Género",NA,NA,NA,NA,NA,NA,57.5
"Género","Veracruz de Ignacio de la Llave","Desigualdad en trabajo no remunerado (TNR) #Con Lupa de Género",NA,NA,NA,NA,NA,NA,65.6
"Género","Yucatán","Desigualdad en trabajo no remunerado (TNR) #Con Lupa de Género",NA,NA,NA,NA,NA,NA,56.2
"Género","Zacatecas","Desigualdad en trabajo no remunerado (TNR) #Con Lupa de Género",NA,NA,NA,NA,NA,NA,66.5
"Económico","Aguascalientes","Desigualdad laboral (coeficiente de Gini)",NA,NA,NA,NA,NA,NA,0.33
"Económico","Baja California","Desigualdad laboral (coeficiente de Gini)",NA,NA,NA,NA,NA,NA,0.303
"Económico","Baja California Sur","Desigualdad laboral (coeficiente de Gini)",NA,NA,NA,NA,NA,NA,0.36
"Económico","Campeche","Desigualdad laboral (coeficiente de Gini)",NA,NA,NA,NA,NA,NA,0.41
"Económico","Coahuila de Zaragoza","Desigualdad laboral (coeficiente de Gini)",NA,NA,NA,NA,NA,NA,0.325
"Económico","Colima","Desigualdad laboral (coeficiente de Gini)",NA,NA,NA,NA,NA,NA,0.353
"Económico","Chiapas","Desigualdad laboral (coeficiente de Gini)",NA,NA,NA,NA,NA,NA,0.426
"Económico","Chihuahua","Desigualdad laboral (coeficiente de Gini)",NA,NA,NA,NA,NA,NA,0.325
"Económico","Ciudad de México","Desigualdad laboral (coeficiente de Gini)",NA,NA,NA,NA,NA,NA,0.417
"Económico","Durango","Desigualdad laboral (coeficiente de Gini)",NA,NA,NA,NA,NA,NA,0.345
"Económico","Guanajuato","Desigualdad laboral (coeficiente de Gini)",NA,NA,NA,NA,NA,NA,0.324
"Económico","Guerrero","Desigualdad laboral (coeficiente de Gini)",NA,NA,NA,NA,NA,NA,0.395
"Económico","Hidalgo","Desigualdad laboral (coeficiente de Gini)",NA,NA,NA,NA,NA,NA,0.404
"Económico","Jalisco","Desigualdad laboral (coeficiente de Gini)",NA,NA,NA,NA,NA,NA,0.297
"Económico","México","Desigualdad laboral (coeficiente de Gini)",NA,NA,NA,NA,NA,NA,0.354
"Económico","Michoacán de Ocampo","Desigualdad laboral (coeficiente de Gini)",NA,NA,NA,NA,NA,NA,0.364
"Económico","Morelos","Desigualdad laboral (coeficiente de Gini)",NA,NA,NA,NA,NA,NA,0.309
"Económico","Nayarit","Desigualdad laboral (coeficiente de Gini)",NA,NA,NA,NA,NA,NA,0.358
"Económico","Nuevo León","Desigualdad laboral (coeficiente de Gini)",NA,NA,NA,NA,NA,NA,0.358
"Económico","Oaxaca","Desigualdad laboral (coeficiente de Gini)",NA,NA,NA,NA,NA,NA,0.401
"Económico","Puebla","Desigualdad laboral (coeficiente de Gini)",NA,NA,NA,NA,NA,NA,0.373
"Económico","Querétaro","Desigualdad laboral (coeficiente de Gini)",NA,NA,NA,NA,NA,NA,0.345
"Económico","Quintana Roo","Desigualdad laboral (coeficiente de Gini)",NA,NA,NA,NA,NA,NA,0.333
"Económico","San Luis Potosí","Desigualdad laboral (coeficiente de Gini)",NA,NA,NA,NA,NA,NA,0.365
"Económico","Sinaloa","Desigualdad laboral (coeficiente de Gini)",NA,NA,NA,NA,NA,NA,0.352
"Económico","Sonora","Desigualdad laboral (coeficiente de Gini)",NA,NA,NA,NA,NA,NA,0.315
"Económico","Tabasco","Desigualdad laboral (coeficiente de Gini)",NA,NA,NA,NA,NA,NA,0.417
"Económico","Tamaulipas","Desigualdad laboral (coeficiente de Gini)",NA,NA,NA,NA,NA,NA,0.34
"Económico","Tlaxcala","Desigualdad laboral (coeficiente de Gini)",NA,NA,NA,NA,NA,NA,0.354
"Económico","Veracruz de Ignacio de la Llave","Desigualdad laboral (coeficiente de Gini)",NA,NA,NA,NA,NA,NA,0.396
"Económico","Yucatán","Desigualdad laboral (coeficiente de Gini)",NA,NA,NA,NA,NA,NA,0.392
"Económico","Zacatecas","Desigualdad laboral (coeficiente de Gini)",NA,NA,NA,NA,NA,NA,0.342
"Económico","Aguascalientes","Deuda Pública (Porcentaje del PIB)",NA,NA,0.1,NA,NA,NA,NA
"Económico","Baja California","Deuda Pública (Porcentaje del PIB)",NA,NA,1.7,NA,NA,NA,NA
"Económico","Baja California Sur","Deuda Pública (Porcentaje del PIB)",NA,NA,0.4,NA,NA,NA,NA
"Económico","Campeche","Deuda Pública (Porcentaje del PIB)",NA,NA,0,NA,NA,NA,NA
"Económico","Coahuila de Zaragoza","Deuda Pública (Porcentaje del PIB)",NA,NA,0.6,NA,NA,NA,NA
"Económico","Colima","Deuda Pública (Porcentaje del PIB)",NA,NA,1.6,NA,NA,NA,NA
"Económico","Chiapas","Deuda Pública (Porcentaje del PIB)",NA,NA,0.3,NA,NA,NA,NA
"Económico","Chihuahua","Deuda Pública (Porcentaje del PIB)",NA,NA,1.2,NA,NA,NA,NA
"Económico","Ciudad de México","Deuda Pública (Porcentaje del PIB)",NA,NA,0.3,NA,NA,NA,NA
"Económico","Durango","Deuda Pública (Porcentaje del PIB)",NA,NA,0.8,NA,NA,NA,NA
"Económico","Guanajuato","Deuda Pública (Porcentaje del PIB)",NA,NA,0.2,NA,NA,NA,NA
"Económico","Guerrero","Deuda Pública (Porcentaje del PIB)",NA,NA,0.2,NA,NA,NA,NA
"Económico","Hidalgo","Deuda Pública (Porcentaje del PIB)",NA,NA,0.2,NA,NA,NA,NA
"Económico","Jalisco","Deuda Pública (Porcentaje del PIB)",NA,NA,0.2,NA,NA,NA,NA
"Económico","México","Deuda Pública (Porcentaje del PIB)",NA,NA,0.6,NA,NA,NA,NA
"Económico","Michoacán de Ocampo","Deuda Pública (Porcentaje del PIB)",NA,NA,0.4,NA,NA,NA,NA
"Económico","Morelos","Deuda Pública (Porcentaje del PIB)",NA,NA,0.3,NA,NA,NA,NA
"Económico","Nayarit","Deuda Pública (Porcentaje del PIB)",NA,NA,0.3,NA,NA,NA,NA
"Económico","Nuevo León","Deuda Pública (Porcentaje del PIB)",NA,NA,0.5,NA,NA,NA,NA
"Económico","Oaxaca","Deuda Pública (Porcentaje del PIB)",NA,NA,5,NA,NA,NA,NA
"Económico","Puebla","Deuda Pública (Porcentaje del PIB)",NA,NA,0.1,NA,NA,NA,NA
"Económico","Querétaro","Deuda Pública (Porcentaje del PIB)",NA,NA,0,NA,NA,NA,NA
"Económico","Quintana Roo","Deuda Pública (Porcentaje del PIB)",NA,NA,7.8,NA,NA,NA,NA
"Económico","San Luis Potosí","Deuda Pública (Porcentaje del PIB)",NA,NA,0.1,NA,NA,NA,NA
"Económico","Sinaloa","Deuda Pública (Porcentaje del PIB)",NA,NA,0.1,NA,NA,NA,NA
"Económico","Sonora","Deuda Pública (Porcentaje del PIB)",NA,NA,1.1,NA,NA,NA,NA
"Económico","Tabasco","Deuda Pública (Porcentaje del PIB)",NA,NA,0.6,NA,NA,NA,NA
"Económico","Tamaulipas","Deuda Pública (Porcentaje del PIB)",NA,NA,0.4,NA,NA,NA,NA
"Económico","Tlaxcala","Deuda Pública (Porcentaje del PIB)",NA,NA,0,NA,NA,NA,NA
"Económico","Veracruz de Ignacio de la Llave","Deuda Pública (Porcentaje del PIB)",NA,NA,2.6,NA,NA,NA,NA
"Económico","Yucatán","Deuda Pública (Porcentaje del PIB)",NA,NA,0.2,NA,NA,NA,NA
"Económico","Zacatecas","Deuda Pública (Porcentaje del PIB)",NA,NA,0.6,NA,NA,NA,NA
"Social","Aguascalientes","Eficiencia Terminal Primaria",NA,NA,NA,NA,NA,97.7,NA
"Social","Baja California","Eficiencia Terminal Primaria",NA,NA,NA,NA,NA,99.1,NA
"Social","Baja California Sur","Eficiencia Terminal Primaria",NA,NA,NA,NA,NA,98.19380869,NA
"Social","Campeche","Eficiencia Terminal Primaria",NA,NA,NA,NA,NA,95.6,NA
"Social","Coahuila de Zaragoza","Eficiencia Terminal Primaria",NA,NA,NA,NA,NA,98.20844313,NA
"Social","Colima","Eficiencia Terminal Primaria",NA,NA,NA,NA,NA,90.07905138,NA
"Social","Chiapas","Eficiencia Terminal Primaria",NA,NA,NA,NA,NA,98.6786356,NA
"Social","Chihuahua","Eficiencia Terminal Primaria",NA,NA,NA,NA,NA,97.15332708,NA
"Social","Ciudad de México","Eficiencia Terminal Primaria",NA,NA,NA,NA,NA,91.91427216,NA
"Social","Durango","Eficiencia Terminal Primaria",NA,NA,NA,NA,NA,94.37722231,NA
"Social","Guanajuato","Eficiencia Terminal Primaria",NA,NA,NA,NA,NA,95.17544596,NA
"Social","Guerrero","Eficiencia Terminal Primaria",NA,NA,NA,NA,NA,94.39965047,NA
"Social","Hidalgo","Eficiencia Terminal Primaria",NA,NA,NA,NA,NA,100.3666345,NA
"Social","Jalisco","Eficiencia Terminal Primaria",NA,NA,NA,NA,NA,95.49632585,NA
"Social","México","Eficiencia Terminal Primaria",NA,NA,NA,NA,NA,95.904842,NA
"Social","Michoacán de Ocampo","Eficiencia Terminal Primaria",NA,NA,NA,NA,NA,93.71712719,NA
"Social","Morelos","Eficiencia Terminal Primaria",NA,NA,NA,NA,NA,93.52123197,NA
"Social","Nayarit","Eficiencia Terminal Primaria",NA,NA,NA,NA,NA,100.0737719,NA
"Social","Nuevo León","Eficiencia Terminal Primaria",NA,NA,NA,NA,NA,99.37276266,NA
"Social","Oaxaca","Eficiencia Terminal Primaria",NA,NA,NA,NA,NA,100.9059691,NA
"Social","Puebla","Eficiencia Terminal Primaria",NA,NA,NA,NA,NA,97.41836758,NA
"Social","Querétaro","Eficiencia Terminal Primaria",NA,NA,NA,NA,NA,97.99405646,NA
"Social","Quintana Roo","Eficiencia Terminal Primaria",NA,NA,NA,NA,NA,97.00881415,NA
"Social","San Luis Potosí","Eficiencia Terminal Primaria",NA,NA,NA,NA,NA,98.67648797,NA
"Social","Sinaloa","Eficiencia Terminal Primaria",NA,NA,NA,NA,NA,99.41410337,NA
"Social","Sonora","Eficiencia Terminal Primaria",NA,NA,NA,NA,NA,96.37155865,NA
"Social","Tabasco","Eficiencia Terminal Primaria",NA,NA,NA,NA,NA,96.76572509,NA
"Social","Tamaulipas","Eficiencia Terminal Primaria",NA,NA,NA,NA,NA,97.30368583,NA
"Social","Tlaxcala","Eficiencia Terminal Primaria",NA,NA,NA,NA,NA,99.36869659,NA
"Social","Veracruz de Ignacio de la Llave","Eficiencia Terminal Primaria",NA,NA,NA,NA,NA,96.10648537,NA
"Social","Yucatán","Eficiencia Terminal Primaria",NA,NA,NA,NA,NA,94.53503864,NA
"Social","Zacatecas","Eficiencia Terminal Primaria",NA,NA,NA,NA,NA,97.34317119,NA
"Social","Aguascalientes","Eficiencia Terminal Secundaria",NA,NA,NA,NA,NA,91.7,NA
"Social","Baja California","Eficiencia Terminal Secundaria",NA,NA,NA,NA,NA,91.7,NA
"Social","Baja California Sur","Eficiencia Terminal Secundaria",NA,NA,NA,NA,NA,94.5451865,NA
"Social","Campeche","Eficiencia Terminal Secundaria",NA,NA,NA,NA,NA,88.7,NA
"Social","Coahuila de Zaragoza","Eficiencia Terminal Secundaria",NA,NA,NA,NA,NA,90.82045727,NA
"Social","Colima","Eficiencia Terminal Secundaria",NA,NA,NA,NA,NA,86.20308111,NA
"Social","Chiapas","Eficiencia Terminal Secundaria",NA,NA,NA,NA,NA,89.20902881,NA
"Social","Chihuahua","Eficiencia Terminal Secundaria",NA,NA,NA,NA,NA,89.34085511,NA
"Social","Ciudad de México","Eficiencia Terminal Secundaria",NA,NA,NA,NA,NA,90.24585078,NA
"Social","Durango","Eficiencia Terminal Secundaria",NA,NA,NA,NA,NA,88.66943556,NA
"Social","Guanajuato","Eficiencia Terminal Secundaria",NA,NA,NA,NA,NA,90.41683007,NA
"Social","Guerrero","Eficiencia Terminal Secundaria",NA,NA,NA,NA,NA,91.07962322,NA
"Social","Hidalgo","Eficiencia Terminal Secundaria",NA,NA,NA,NA,NA,95.78952929,NA
"Social","Jalisco","Eficiencia Terminal Secundaria",NA,NA,NA,NA,NA,90.76377058,NA
"Social","México","Eficiencia Terminal Secundaria",NA,NA,NA,NA,NA,96.53866804,NA
"Social","Michoacán de Ocampo","Eficiencia Terminal Secundaria",NA,NA,NA,NA,NA,88.0687789,NA
"Social","Morelos","Eficiencia Terminal Secundaria",NA,NA,NA,NA,NA,91.34741579,NA
"Social","Nayarit","Eficiencia Terminal Secundaria",NA,NA,NA,NA,NA,92.20246238,NA
"Social","Nuevo León","Eficiencia Terminal Secundaria",NA,NA,NA,NA,NA,93.95317682,NA
"Social","Oaxaca","Eficiencia Terminal Secundaria",NA,NA,NA,NA,NA,78.85839798,NA
"Social","Puebla","Eficiencia Terminal Secundaria",NA,NA,NA,NA,NA,93.02441108,NA
"Social","Querétaro","Eficiencia Terminal Secundaria",NA,NA,NA,NA,NA,89.49976065,NA
"Social","Quintana Roo","Eficiencia Terminal Secundaria",NA,NA,NA,NA,NA,94.12327836,NA
"Social","San Luis Potosí","Eficiencia Terminal Secundaria",NA,NA,NA,NA,NA,93.58086978,NA
"Social","Sinaloa","Eficiencia Terminal Secundaria",NA,NA,NA,NA,NA,93.50699694,NA
"Social","Sonora","Eficiencia Terminal Secundaria",NA,NA,NA,NA,NA,93.75274265,NA
"Social","Tabasco","Eficiencia Terminal Secundaria",NA,NA,NA,NA,NA,94.4724831,NA
"Social","Tamaulipas","Eficiencia Terminal Secundaria",NA,NA,NA,NA,NA,93.65319835,NA
"Social","Tlaxcala","Eficiencia Terminal Secundaria",NA,NA,NA,NA,NA,96.18859401,NA
"Social","Veracruz de Ignacio de la Llave","Eficiencia Terminal Secundaria",NA,NA,NA,NA,NA,93.99205561,NA
"Social","Yucatán","Eficiencia Terminal Secundaria",NA,NA,NA,NA,NA,92.81276987,NA
"Social","Zacatecas","Eficiencia Terminal Secundaria",NA,NA,NA,NA,NA,90.47172968,NA
"Gobierno","Aguascalientes","Egresos brutos de los Gobiernos de los Estados (pesos)",NA,NA,NA,NA,32932722666,NA,NA
"Gobierno","Baja California","Egresos brutos de los Gobiernos de los Estados (pesos)",NA,NA,NA,NA,87191712443,NA,NA
"Gobierno","Baja California Sur","Egresos brutos de los Gobiernos de los Estados (pesos)",NA,NA,NA,NA,25152155532,NA,NA
"Gobierno","Campeche","Egresos brutos de los Gobiernos de los Estados (pesos)",NA,NA,NA,NA,29932416267,NA,NA
"Gobierno","Coahuila de Zaragoza","Egresos brutos de los Gobiernos de los Estados (pesos)",NA,NA,NA,NA,69291382147,NA,NA
"Gobierno","Colima","Egresos brutos de los Gobiernos de los Estados (pesos)",NA,NA,NA,NA,21673383120,NA,NA
"Gobierno","Chiapas","Egresos brutos de los Gobiernos de los Estados (pesos)",NA,NA,NA,NA,137114636110,NA,NA
"Gobierno","Chihuahua","Egresos brutos de los Gobiernos de los Estados (pesos)",NA,NA,NA,NA,106366559096,NA,NA
"Gobierno","Ciudad de México","Egresos brutos de los Gobiernos de los Estados (pesos)",NA,NA,NA,NA,NA,NA,NA
"Gobierno","Durango","Egresos brutos de los Gobiernos de los Estados (pesos)",NA,NA,NA,NA,47620452248,NA,NA
"Gobierno","Guanajuato","Egresos brutos de los Gobiernos de los Estados (pesos)",NA,NA,NA,NA,119244946986,NA,NA
"Gobierno","Guerrero","Egresos brutos de los Gobiernos de los Estados (pesos)",NA,NA,NA,NA,89935760172,NA,NA
"Gobierno","Hidalgo","Egresos brutos de los Gobiernos de los Estados (pesos)",NA,NA,NA,NA,67679619574,NA,NA
"Gobierno","Jalisco","Egresos brutos de los Gobiernos de los Estados (pesos)",NA,NA,NA,NA,163734178819,NA,NA
"Gobierno","México","Egresos brutos de los Gobiernos de los Estados (pesos)",NA,NA,NA,NA,380780452400,NA,NA
"Gobierno","Michoacán de Ocampo","Egresos brutos de los Gobiernos de los Estados (pesos)",NA,NA,NA,NA,99347889207,NA,NA
"Gobierno","Morelos","Egresos brutos de los Gobiernos de los Estados (pesos)",NA,NA,NA,NA,39754315864,NA,NA
"Gobierno","Nayarit","Egresos brutos de los Gobiernos de los Estados (pesos)",NA,NA,NA,NA,34878986395,NA,NA
"Gobierno","Nuevo León","Egresos brutos de los Gobiernos de los Estados (pesos)",NA,NA,NA,NA,189054812000,NA,NA
"Gobierno","Oaxaca","Egresos brutos de los Gobiernos de los Estados (pesos)",NA,NA,NA,NA,100108873175,NA,NA
"Gobierno","Puebla","Egresos brutos de los Gobiernos de los Estados (pesos)",NA,NA,NA,NA,130192636514,NA,NA
"Gobierno","Querétaro","Egresos brutos de los Gobiernos de los Estados (pesos)",NA,NA,NA,NA,56485110697,NA,NA
"Gobierno","Quintana Roo","Egresos brutos de los Gobiernos de los Estados (pesos)",NA,NA,NA,NA,48214415494,NA,NA
"Gobierno","San Luis Potosí","Egresos brutos de los Gobiernos de los Estados (pesos)",NA,NA,NA,NA,64512218382,NA,NA
"Gobierno","Sinaloa","Egresos brutos de los Gobiernos de los Estados (pesos)",NA,NA,NA,NA,73912188677,NA,NA
"Gobierno","Sonora","Egresos brutos de los Gobiernos de los Estados (pesos)",NA,NA,NA,NA,107714520177,NA,NA
"Gobierno","Tabasco","Egresos brutos de los Gobiernos de los Estados (pesos)",NA,NA,NA,NA,68629420531,NA,NA
"Gobierno","Tamaulipas","Egresos brutos de los Gobiernos de los Estados (pesos)",NA,NA,NA,NA,79886889496,NA,NA
"Gobierno","Tlaxcala","Egresos brutos de los Gobiernos de los Estados (pesos)",NA,NA,NA,NA,29897736663,NA,NA
"Gobierno","Veracruz de Ignacio de la Llave","Egresos brutos de los Gobiernos de los Estados (pesos)",NA,NA,NA,NA,172557606569,NA,NA
"Gobierno","Yucatán","Egresos brutos de los Gobiernos de los Estados (pesos)",NA,NA,NA,NA,53253307601,NA,NA
"Gobierno","Zacatecas","Egresos brutos de los Gobiernos de los Estados (pesos)",NA,NA,NA,NA,42129991417,NA,NA
"Género","Aguascalientes","Embarazo Adolescente #Con Lupa de Género (Porcentaje)",NA,NA,NA,NA,NA,NA,15.8
"Género","Baja California","Embarazo Adolescente #Con Lupa de Género (Porcentaje)",NA,NA,NA,NA,NA,NA,13.1
"Género","Baja California Sur","Embarazo Adolescente #Con Lupa de Género (Porcentaje)",NA,NA,NA,NA,NA,NA,12.6
"Género","Campeche","Embarazo Adolescente #Con Lupa de Género (Porcentaje)",NA,NA,NA,NA,NA,NA,14.1
"Género","Coahuila de Zaragoza","Embarazo Adolescente #Con Lupa de Género (Porcentaje)",NA,NA,NA,NA,NA,NA,15.2
"Género","Colima","Embarazo Adolescente #Con Lupa de Género (Porcentaje)",NA,NA,NA,NA,NA,NA,13.3
"Género","Chiapas","Embarazo Adolescente #Con Lupa de Género (Porcentaje)",NA,NA,NA,NA,NA,NA,18
"Género","Chihuahua","Embarazo Adolescente #Con Lupa de Género (Porcentaje)",NA,NA,NA,NA,NA,NA,17.6
"Género","Ciudad de México","Embarazo Adolescente #Con Lupa de Género (Porcentaje)",NA,NA,NA,NA,NA,NA,10.5
"Género","Durango","Embarazo Adolescente #Con Lupa de Género (Porcentaje)",NA,NA,NA,NA,NA,NA,16.4
"Género","Guanajuato","Embarazo Adolescente #Con Lupa de Género (Porcentaje)",NA,NA,NA,NA,NA,NA,15
"Género","Guerrero","Embarazo Adolescente #Con Lupa de Género (Porcentaje)",NA,NA,NA,NA,NA,NA,18.2
"Género","Hidalgo","Embarazo Adolescente #Con Lupa de Género (Porcentaje)",NA,NA,NA,NA,NA,NA,14.5
"Género","Jalisco","Embarazo Adolescente #Con Lupa de Género (Porcentaje)",NA,NA,NA,NA,NA,NA,13.9
"Género","México","Embarazo Adolescente #Con Lupa de Género (Porcentaje)",NA,NA,NA,NA,NA,NA,15.1
"Género","Michoacán de Ocampo","Embarazo Adolescente #Con Lupa de Género (Porcentaje)",NA,NA,NA,NA,NA,NA,15.9
"Género","Morelos","Embarazo Adolescente #Con Lupa de Género (Porcentaje)",NA,NA,NA,NA,NA,NA,14.8
"Género","Nayarit","Embarazo Adolescente #Con Lupa de Género (Porcentaje)",NA,NA,NA,NA,NA,NA,16.1
"Género","Nuevo León","Embarazo Adolescente #Con Lupa de Género (Porcentaje)",NA,NA,NA,NA,NA,NA,12.4
"Género","Oaxaca","Embarazo Adolescente #Con Lupa de Género (Porcentaje)",NA,NA,NA,NA,NA,NA,15.9
"Género","Puebla","Embarazo Adolescente #Con Lupa de Género (Porcentaje)",NA,NA,NA,NA,NA,NA,16.9
"Género","Querétaro","Embarazo Adolescente #Con Lupa de Género (Porcentaje)",NA,NA,NA,NA,NA,NA,12.1
"Género","Quintana Roo","Embarazo Adolescente #Con Lupa de Género (Porcentaje)",NA,NA,NA,NA,NA,NA,13.1
"Género","San Luis Potosí","Embarazo Adolescente #Con Lupa de Género (Porcentaje)",NA,NA,NA,NA,NA,NA,14.1
"Género","Sinaloa","Embarazo Adolescente #Con Lupa de Género (Porcentaje)",NA,NA,NA,NA,NA,NA,14.3
"Género","Sonora","Embarazo Adolescente #Con Lupa de Género (Porcentaje)",NA,NA,NA,NA,NA,NA,14.6
"Género","Tabasco","Embarazo Adolescente #Con Lupa de Género (Porcentaje)",NA,NA,NA,NA,NA,NA,16.7
"Género","Tamaulipas","Embarazo Adolescente #Con Lupa de Género (Porcentaje)",NA,NA,NA,NA,NA,NA,13.4
"Género","Tlaxcala","Embarazo Adolescente #Con Lupa de Género (Porcentaje)",NA,NA,NA,NA,NA,NA,15.8
"Género","Veracruz de Ignacio de la Llave","Embarazo Adolescente #Con Lupa de Género (Porcentaje)",NA,NA,NA,NA,NA,NA,16.7
"Género","Yucatán","Embarazo Adolescente #Con Lupa de Género (Porcentaje)",NA,NA,NA,NA,NA,NA,13.6
"Género","Zacatecas","Embarazo Adolescente #Con Lupa de Género (Porcentaje)",NA,NA,NA,NA,NA,NA,14.3
"Económico","Aguascalientes","Empleos Formales Generados Acumulados",NA,NA,NA,NA,NA,NA,3201
"Económico","Baja California","Empleos Formales Generados Acumulados",NA,NA,NA,NA,NA,NA,7946
"Económico","Baja California Sur","Empleos Formales Generados Acumulados",NA,NA,NA,NA,NA,NA,3144
"Económico","Campeche","Empleos Formales Generados Acumulados",NA,NA,NA,NA,NA,NA,833
"Económico","Coahuila de Zaragoza","Empleos Formales Generados Acumulados",NA,NA,NA,NA,NA,NA,16851
"Económico","Colima","Empleos Formales Generados Acumulados",NA,NA,NA,NA,NA,NA,2198
"Económico","Chiapas","Empleos Formales Generados Acumulados",NA,NA,NA,NA,NA,NA,8864
"Económico","Chihuahua","Empleos Formales Generados Acumulados",NA,NA,NA,NA,NA,NA,10159
"Económico","Ciudad de México","Empleos Formales Generados Acumulados",NA,NA,NA,NA,NA,NA,44267
"Económico","Durango","Empleos Formales Generados Acumulados",NA,NA,NA,NA,NA,NA,2465
"Económico","Guanajuato","Empleos Formales Generados Acumulados",NA,NA,NA,NA,NA,NA,30808
"Económico","Guerrero","Empleos Formales Generados Acumulados",NA,NA,NA,NA,NA,NA,7609
"Económico","Hidalgo","Empleos Formales Generados Acumulados",NA,NA,NA,NA,NA,NA,8938
"Económico","Jalisco","Empleos Formales Generados Acumulados",NA,NA,NA,NA,NA,NA,28121
"Económico","México","Empleos Formales Generados Acumulados",NA,NA,NA,NA,NA,NA,56574
"Económico","Michoacán de Ocampo","Empleos Formales Generados Acumulados",NA,NA,NA,NA,NA,NA,-5852
"Económico","Morelos","Empleos Formales Generados Acumulados",NA,NA,NA,NA,NA,NA,-3501
"Económico","Nayarit","Empleos Formales Generados Acumulados",NA,NA,NA,NA,NA,NA,6498
"Económico","Nuevo León","Empleos Formales Generados Acumulados",NA,NA,NA,NA,NA,NA,68476
"Económico","Oaxaca","Empleos Formales Generados Acumulados",NA,NA,NA,NA,NA,NA,1528
"Económico","Puebla","Empleos Formales Generados Acumulados",NA,NA,NA,NA,NA,NA,9245
"Económico","Querétaro","Empleos Formales Generados Acumulados",NA,NA,NA,NA,NA,NA,17341
"Económico","Quintana Roo","Empleos Formales Generados Acumulados",NA,NA,NA,NA,NA,NA,15601
"Económico","San Luis Potosí","Empleos Formales Generados Acumulados",NA,NA,NA,NA,NA,NA,9927
"Económico","Sinaloa","Empleos Formales Generados Acumulados",NA,NA,NA,NA,NA,NA,-24929
"Económico","Sonora","Empleos Formales Generados Acumulados",NA,NA,NA,NA,NA,NA,-1897
"Económico","Tabasco","Empleos Formales Generados Acumulados",NA,NA,NA,NA,NA,NA,-15693
"Económico","Tamaulipas","Empleos Formales Generados Acumulados",NA,NA,NA,NA,NA,NA,10625
"Económico","Tlaxcala","Empleos Formales Generados Acumulados",NA,NA,NA,NA,NA,NA,3213
"Económico","Veracruz de Ignacio de la Llave","Empleos Formales Generados Acumulados",NA,NA,NA,NA,NA,NA,-9649
"Económico","Yucatán","Empleos Formales Generados Acumulados",NA,NA,NA,NA,NA,NA,-2364
"Económico","Zacatecas","Empleos Formales Generados Acumulados",NA,NA,NA,NA,NA,NA,-3145
"Económico","Aguascalientes","Establecimiento de Hospedaje",NA,NA,NA,NA,NA,208,NA
"Económico","Baja California","Establecimiento de Hospedaje",NA,NA,NA,NA,NA,687,NA
"Económico","Baja California Sur","Establecimiento de Hospedaje",NA,NA,NA,NA,NA,491,NA
"Económico","Campeche","Establecimiento de Hospedaje",NA,NA,NA,NA,NA,286,NA
"Económico","Coahuila de Zaragoza","Establecimiento de Hospedaje",NA,NA,NA,NA,NA,470,NA
"Económico","Colima","Establecimiento de Hospedaje",NA,NA,NA,NA,NA,280,NA
"Económico","Chiapas","Establecimiento de Hospedaje",NA,NA,NA,NA,NA,1119,NA
"Económico","Chihuahua","Establecimiento de Hospedaje",NA,NA,NA,NA,NA,784,NA
"Económico","Ciudad de México","Establecimiento de Hospedaje",NA,NA,NA,NA,NA,645,NA
"Económico","Durango","Establecimiento de Hospedaje",NA,NA,NA,NA,NA,451,NA
"Económico","Guanajuato","Establecimiento de Hospedaje",NA,NA,NA,NA,NA,1071,NA
"Económico","Guerrero","Establecimiento de Hospedaje",NA,NA,NA,NA,NA,795,NA
"Económico","Hidalgo","Establecimiento de Hospedaje",NA,NA,NA,NA,NA,713,NA
"Económico","Jalisco","Establecimiento de Hospedaje",NA,NA,NA,NA,NA,2644,NA
"Económico","México","Establecimiento de Hospedaje",NA,NA,NA,NA,NA,951,NA
"Económico","Michoacán de Ocampo","Establecimiento de Hospedaje",NA,NA,NA,NA,NA,724,NA
"Económico","Morelos","Establecimiento de Hospedaje",NA,NA,NA,NA,NA,618,NA
"Económico","Nayarit","Establecimiento de Hospedaje",NA,NA,NA,NA,NA,788,NA
"Económico","Nuevo León","Establecimiento de Hospedaje",NA,NA,NA,NA,NA,477,NA
"Económico","Oaxaca","Establecimiento de Hospedaje",NA,NA,NA,NA,NA,1521,NA
"Económico","Puebla","Establecimiento de Hospedaje",NA,NA,NA,NA,NA,1282,NA
"Económico","Querétaro","Establecimiento de Hospedaje",NA,NA,NA,NA,NA,1245,NA
"Económico","Quintana Roo","Establecimiento de Hospedaje",NA,NA,NA,NA,NA,1331,NA
"Económico","San Luis Potosí","Establecimiento de Hospedaje",NA,NA,NA,NA,NA,556,NA
"Económico","Sinaloa","Establecimiento de Hospedaje",NA,NA,NA,NA,NA,684,NA
"Económico","Sonora","Establecimiento de Hospedaje",NA,NA,NA,NA,NA,549,NA
"Económico","Tabasco","Establecimiento de Hospedaje",NA,NA,NA,NA,NA,534,NA
"Económico","Tamaulipas","Establecimiento de Hospedaje",NA,NA,NA,NA,NA,743,NA
"Económico","Tlaxcala","Establecimiento de Hospedaje",NA,NA,NA,NA,NA,374,NA
"Económico","Veracruz de Ignacio de la Llave","Establecimiento de Hospedaje",NA,NA,NA,NA,NA,2072,NA
"Económico","Yucatán","Establecimiento de Hospedaje",NA,NA,NA,NA,NA,575,NA
"Económico","Zacatecas","Establecimiento de Hospedaje",NA,NA,NA,NA,NA,304,NA
"Económico","Aguascalientes","Establecimiento de Hospedaje según categoría 1 estrella",NA,NA,NA,NA,NA,14,NA
"Económico","Baja California","Establecimiento de Hospedaje según categoría 1 estrella",NA,NA,NA,NA,NA,145,NA
"Económico","Baja California Sur","Establecimiento de Hospedaje según categoría 1 estrella",NA,NA,NA,NA,NA,21,NA
"Económico","Campeche","Establecimiento de Hospedaje según categoría 1 estrella",NA,NA,NA,NA,NA,68,NA
"Económico","Coahuila de Zaragoza","Establecimiento de Hospedaje según categoría 1 estrella",NA,NA,NA,NA,NA,10,NA
"Económico","Colima","Establecimiento de Hospedaje según categoría 1 estrella",NA,NA,NA,NA,NA,24,NA
"Económico","Chiapas","Establecimiento de Hospedaje según categoría 1 estrella",NA,NA,NA,NA,NA,410,NA
"Económico","Chihuahua","Establecimiento de Hospedaje según categoría 1 estrella",NA,NA,NA,NA,NA,235,NA
"Económico","Ciudad de México","Establecimiento de Hospedaje según categoría 1 estrella",NA,NA,NA,NA,NA,87,NA
"Económico","Durango","Establecimiento de Hospedaje según categoría 1 estrella",NA,NA,NA,NA,NA,24,NA
"Económico","Guanajuato","Establecimiento de Hospedaje según categoría 1 estrella",NA,NA,NA,NA,NA,73,NA
"Económico","Guerrero","Establecimiento de Hospedaje según categoría 1 estrella",NA,NA,NA,NA,NA,58,NA
"Económico","Hidalgo","Establecimiento de Hospedaje según categoría 1 estrella",NA,NA,NA,NA,NA,48,NA
"Económico","Jalisco","Establecimiento de Hospedaje según categoría 1 estrella",NA,NA,NA,NA,NA,214,NA
"Económico","México","Establecimiento de Hospedaje según categoría 1 estrella",NA,NA,NA,NA,NA,40,NA
"Económico","Michoacán de Ocampo","Establecimiento de Hospedaje según categoría 1 estrella",NA,NA,NA,NA,NA,75,NA
"Económico","Morelos","Establecimiento de Hospedaje según categoría 1 estrella",NA,NA,NA,NA,NA,73,NA
"Económico","Nayarit","Establecimiento de Hospedaje según categoría 1 estrella",NA,NA,NA,NA,NA,91,NA
"Económico","Nuevo León","Establecimiento de Hospedaje según categoría 1 estrella",NA,NA,NA,NA,NA,59,NA
"Económico","Oaxaca","Establecimiento de Hospedaje según categoría 1 estrella",NA,NA,NA,NA,NA,94,NA
"Económico","Puebla","Establecimiento de Hospedaje según categoría 1 estrella",NA,NA,NA,NA,NA,188,NA
"Económico","Querétaro","Establecimiento de Hospedaje según categoría 1 estrella",NA,NA,NA,NA,NA,77,NA
"Económico","Quintana Roo","Establecimiento de Hospedaje según categoría 1 estrella",NA,NA,NA,NA,NA,68,NA
"Económico","San Luis Potosí","Establecimiento de Hospedaje según categoría 1 estrella",NA,NA,NA,NA,NA,105,NA
"Económico","Sinaloa","Establecimiento de Hospedaje según categoría 1 estrella",NA,NA,NA,NA,NA,95,NA
"Económico","Sonora","Establecimiento de Hospedaje según categoría 1 estrella",NA,NA,NA,NA,NA,67,NA
"Económico","Tabasco","Establecimiento de Hospedaje según categoría 1 estrella",NA,NA,NA,NA,NA,76,NA
"Económico","Tamaulipas","Establecimiento de Hospedaje según categoría 1 estrella",NA,NA,NA,NA,NA,18,NA
"Económico","Tlaxcala","Establecimiento de Hospedaje según categoría 1 estrella",NA,NA,NA,NA,NA,27,NA
"Económico","Veracruz de Ignacio de la Llave","Establecimiento de Hospedaje según categoría 1 estrella",NA,NA,NA,NA,NA,195,NA
"Económico","Yucatán","Establecimiento de Hospedaje según categoría 1 estrella",NA,NA,NA,NA,NA,61,NA
"Económico","Zacatecas","Establecimiento de Hospedaje según categoría 1 estrella",NA,NA,NA,NA,NA,42,NA
"Económico","Aguascalientes","Establecimiento de Hospedaje según categoría 2 estrellas",NA,NA,NA,NA,NA,30,NA
"Económico","Baja California","Establecimiento de Hospedaje según categoría 2 estrellas",NA,NA,NA,NA,NA,149,NA
"Económico","Baja California Sur","Establecimiento de Hospedaje según categoría 2 estrellas",NA,NA,NA,NA,NA,20,NA
"Económico","Campeche","Establecimiento de Hospedaje según categoría 2 estrellas",NA,NA,NA,NA,NA,54,NA
"Económico","Coahuila de Zaragoza","Establecimiento de Hospedaje según categoría 2 estrellas",NA,NA,NA,NA,NA,49,NA
"Económico","Colima","Establecimiento de Hospedaje según categoría 2 estrellas",NA,NA,NA,NA,NA,31,NA
"Económico","Chiapas","Establecimiento de Hospedaje según categoría 2 estrellas",NA,NA,NA,NA,NA,150,NA
"Económico","Chihuahua","Establecimiento de Hospedaje según categoría 2 estrellas",NA,NA,NA,NA,NA,239,NA
"Económico","Ciudad de México","Establecimiento de Hospedaje según categoría 2 estrellas",NA,NA,NA,NA,NA,107,NA
"Económico","Durango","Establecimiento de Hospedaje según categoría 2 estrellas",NA,NA,NA,NA,NA,46,NA
"Económico","Guanajuato","Establecimiento de Hospedaje según categoría 2 estrellas",NA,NA,NA,NA,NA,130,NA
"Económico","Guerrero","Establecimiento de Hospedaje según categoría 2 estrellas",NA,NA,NA,NA,NA,134,NA
"Económico","Hidalgo","Establecimiento de Hospedaje según categoría 2 estrellas",NA,NA,NA,NA,NA,95,NA
"Económico","Jalisco","Establecimiento de Hospedaje según categoría 2 estrellas",NA,NA,NA,NA,NA,245,NA
"Económico","México","Establecimiento de Hospedaje según categoría 2 estrellas",NA,NA,NA,NA,NA,77,NA
"Económico","Michoacán de Ocampo","Establecimiento de Hospedaje según categoría 2 estrellas",NA,NA,NA,NA,NA,137,NA
"Económico","Morelos","Establecimiento de Hospedaje según categoría 2 estrellas",NA,NA,NA,NA,NA,102,NA
"Económico","Nayarit","Establecimiento de Hospedaje según categoría 2 estrellas",NA,NA,NA,NA,NA,167,NA
"Económico","Nuevo León","Establecimiento de Hospedaje según categoría 2 estrellas",NA,NA,NA,NA,NA,25,NA
"Económico","Oaxaca","Establecimiento de Hospedaje según categoría 2 estrellas",NA,NA,NA,NA,NA,163,NA
"Económico","Puebla","Establecimiento de Hospedaje según categoría 2 estrellas",NA,NA,NA,NA,NA,195,NA
"Económico","Querétaro","Establecimiento de Hospedaje según categoría 2 estrellas",NA,NA,NA,NA,NA,106,NA
"Económico","Quintana Roo","Establecimiento de Hospedaje según categoría 2 estrellas",NA,NA,NA,NA,NA,104,NA
"Económico","San Luis Potosí","Establecimiento de Hospedaje según categoría 2 estrellas",NA,NA,NA,NA,NA,93,NA
"Económico","Sinaloa","Establecimiento de Hospedaje según categoría 2 estrellas",NA,NA,NA,NA,NA,131,NA
"Económico","Sonora","Establecimiento de Hospedaje según categoría 2 estrellas",NA,NA,NA,NA,NA,90,NA
"Económico","Tabasco","Establecimiento de Hospedaje según categoría 2 estrellas",NA,NA,NA,NA,NA,44,NA
"Económico","Tamaulipas","Establecimiento de Hospedaje según categoría 2 estrellas",NA,NA,NA,NA,NA,144,NA
"Económico","Tlaxcala","Establecimiento de Hospedaje según categoría 2 estrellas",NA,NA,NA,NA,NA,50,NA
"Económico","Veracruz de Ignacio de la Llave","Establecimiento de Hospedaje según categoría 2 estrellas",NA,NA,NA,NA,NA,266,NA
"Económico","Yucatán","Establecimiento de Hospedaje según categoría 2 estrellas",NA,NA,NA,NA,NA,53,NA
"Económico","Zacatecas","Establecimiento de Hospedaje según categoría 2 estrellas",NA,NA,NA,NA,NA,33,NA
"Económico","Aguascalientes","Establecimiento de Hospedaje según categoría 3 estrellas",NA,NA,NA,NA,NA,33,NA
"Económico","Baja California","Establecimiento de Hospedaje según categoría 3 estrellas",NA,NA,NA,NA,NA,198,NA
"Económico","Baja California Sur","Establecimiento de Hospedaje según categoría 3 estrellas",NA,NA,NA,NA,NA,50,NA
"Económico","Campeche","Establecimiento de Hospedaje según categoría 3 estrellas",NA,NA,NA,NA,NA,84,NA
"Económico","Coahuila de Zaragoza","Establecimiento de Hospedaje según categoría 3 estrellas",NA,NA,NA,NA,NA,167,NA
"Económico","Colima","Establecimiento de Hospedaje según categoría 3 estrellas",NA,NA,NA,NA,NA,51,NA
"Económico","Chiapas","Establecimiento de Hospedaje según categoría 3 estrellas",NA,NA,NA,NA,NA,164,NA
"Económico","Chihuahua","Establecimiento de Hospedaje según categoría 3 estrellas",NA,NA,NA,NA,NA,205,NA
"Económico","Ciudad de México","Establecimiento de Hospedaje según categoría 3 estrellas",NA,NA,NA,NA,NA,155,NA
"Económico","Durango","Establecimiento de Hospedaje según categoría 3 estrellas",NA,NA,NA,NA,NA,89,NA
"Económico","Guanajuato","Establecimiento de Hospedaje según categoría 3 estrellas",NA,NA,NA,NA,NA,222,NA
"Económico","Guerrero","Establecimiento de Hospedaje según categoría 3 estrellas",NA,NA,NA,NA,NA,190,NA
"Económico","Hidalgo","Establecimiento de Hospedaje según categoría 3 estrellas",NA,NA,NA,NA,NA,129,NA
"Económico","Jalisco","Establecimiento de Hospedaje según categoría 3 estrellas",NA,NA,NA,NA,NA,387,NA
"Económico","México","Establecimiento de Hospedaje según categoría 3 estrellas",NA,NA,NA,NA,NA,139,NA
"Económico","Michoacán de Ocampo","Establecimiento de Hospedaje según categoría 3 estrellas",NA,NA,NA,NA,NA,194,NA
"Económico","Morelos","Establecimiento de Hospedaje según categoría 3 estrellas",NA,NA,NA,NA,NA,155,NA
"Económico","Nayarit","Establecimiento de Hospedaje según categoría 3 estrellas",NA,NA,NA,NA,NA,248,NA
"Económico","Nuevo León","Establecimiento de Hospedaje según categoría 3 estrellas",NA,NA,NA,NA,NA,57,NA
"Económico","Oaxaca","Establecimiento de Hospedaje según categoría 3 estrellas",NA,NA,NA,NA,NA,180,NA
"Económico","Puebla","Establecimiento de Hospedaje según categoría 3 estrellas",NA,NA,NA,NA,NA,281,NA
"Económico","Querétaro","Establecimiento de Hospedaje según categoría 3 estrellas",NA,NA,NA,NA,NA,142,NA
"Económico","Quintana Roo","Establecimiento de Hospedaje según categoría 3 estrellas",NA,NA,NA,NA,NA,347,NA
"Económico","San Luis Potosí","Establecimiento de Hospedaje según categoría 3 estrellas",NA,NA,NA,NA,NA,107,NA
"Económico","Sinaloa","Establecimiento de Hospedaje según categoría 3 estrellas",NA,NA,NA,NA,NA,139,NA
"Económico","Sonora","Establecimiento de Hospedaje según categoría 3 estrellas",NA,NA,NA,NA,NA,94,NA
"Económico","Tabasco","Establecimiento de Hospedaje según categoría 3 estrellas",NA,NA,NA,NA,NA,67,NA
"Económico","Tamaulipas","Establecimiento de Hospedaje según categoría 3 estrellas",NA,NA,NA,NA,NA,222,NA
"Económico","Tlaxcala","Establecimiento de Hospedaje según categoría 3 estrellas",NA,NA,NA,NA,NA,26,NA
"Económico","Veracruz de Ignacio de la Llave","Establecimiento de Hospedaje según categoría 3 estrellas",NA,NA,NA,NA,NA,352,NA
"Económico","Yucatán","Establecimiento de Hospedaje según categoría 3 estrellas",NA,NA,NA,NA,NA,123,NA
"Económico","Zacatecas","Establecimiento de Hospedaje según categoría 3 estrellas",NA,NA,NA,NA,NA,62,NA
"Económico","Aguascalientes","Establecimiento de Hospedaje según categoría 4 estrellas",NA,NA,NA,NA,NA,29,NA
"Económico","Baja California","Establecimiento de Hospedaje según categoría 4 estrellas",NA,NA,NA,NA,NA,114,NA
"Económico","Baja California Sur","Establecimiento de Hospedaje según categoría 4 estrellas",NA,NA,NA,NA,NA,43,NA
"Económico","Campeche","Establecimiento de Hospedaje según categoría 4 estrellas",NA,NA,NA,NA,NA,31,NA
"Económico","Coahuila de Zaragoza","Establecimiento de Hospedaje según categoría 4 estrellas",NA,NA,NA,NA,NA,67,NA
"Económico","Colima","Establecimiento de Hospedaje según categoría 4 estrellas",NA,NA,NA,NA,NA,47,NA
"Económico","Chiapas","Establecimiento de Hospedaje según categoría 4 estrellas",NA,NA,NA,NA,NA,88,NA
"Económico","Chihuahua","Establecimiento de Hospedaje según categoría 4 estrellas",NA,NA,NA,NA,NA,63,NA
"Económico","Ciudad de México","Establecimiento de Hospedaje según categoría 4 estrellas",NA,NA,NA,NA,NA,130,NA
"Económico","Durango","Establecimiento de Hospedaje según categoría 4 estrellas",NA,NA,NA,NA,NA,57,NA
"Económico","Guanajuato","Establecimiento de Hospedaje según categoría 4 estrellas",NA,NA,NA,NA,NA,148,NA
"Económico","Guerrero","Establecimiento de Hospedaje según categoría 4 estrellas",NA,NA,NA,NA,NA,101,NA
"Económico","Hidalgo","Establecimiento de Hospedaje según categoría 4 estrellas",NA,NA,NA,NA,NA,50,NA
"Económico","Jalisco","Establecimiento de Hospedaje según categoría 4 estrellas",NA,NA,NA,NA,NA,313,NA
"Económico","México","Establecimiento de Hospedaje según categoría 4 estrellas",NA,NA,NA,NA,NA,73,NA
"Económico","Michoacán de Ocampo","Establecimiento de Hospedaje según categoría 4 estrellas",NA,NA,NA,NA,NA,91,NA
"Económico","Morelos","Establecimiento de Hospedaje según categoría 4 estrellas",NA,NA,NA,NA,NA,76,NA
"Económico","Nayarit","Establecimiento de Hospedaje según categoría 4 estrellas",NA,NA,NA,NA,NA,44,NA
"Económico","Nuevo León","Establecimiento de Hospedaje según categoría 4 estrellas",NA,NA,NA,NA,NA,73,NA
"Económico","Oaxaca","Establecimiento de Hospedaje según categoría 4 estrellas",NA,NA,NA,NA,NA,137,NA
"Económico","Puebla","Establecimiento de Hospedaje según categoría 4 estrellas",NA,NA,NA,NA,NA,146,NA
"Económico","Querétaro","Establecimiento de Hospedaje según categoría 4 estrellas",NA,NA,NA,NA,NA,95,NA
"Económico","Quintana Roo","Establecimiento de Hospedaje según categoría 4 estrellas",NA,NA,NA,NA,NA,159,NA
"Económico","San Luis Potosí","Establecimiento de Hospedaje según categoría 4 estrellas",NA,NA,NA,NA,NA,73,NA
"Económico","Sinaloa","Establecimiento de Hospedaje según categoría 4 estrellas",NA,NA,NA,NA,NA,107,NA
"Económico","Sonora","Establecimiento de Hospedaje según categoría 4 estrellas",NA,NA,NA,NA,NA,72,NA
"Económico","Tabasco","Establecimiento de Hospedaje según categoría 4 estrellas",NA,NA,NA,NA,NA,27,NA
"Económico","Tamaulipas","Establecimiento de Hospedaje según categoría 4 estrellas",NA,NA,NA,NA,NA,122,NA
"Económico","Tlaxcala","Establecimiento de Hospedaje según categoría 4 estrellas",NA,NA,NA,NA,NA,8,NA
"Económico","Veracruz de Ignacio de la Llave","Establecimiento de Hospedaje según categoría 4 estrellas",NA,NA,NA,NA,NA,182,NA
"Económico","Yucatán","Establecimiento de Hospedaje según categoría 4 estrellas",NA,NA,NA,NA,NA,72,NA
"Económico","Zacatecas","Establecimiento de Hospedaje según categoría 4 estrellas",NA,NA,NA,NA,NA,53,NA
"Económico","Aguascalientes","Establecimiento de Hospedaje según categoría 5 estrellas",NA,NA,NA,NA,NA,10,NA
"Económico","Baja California","Establecimiento de Hospedaje según categoría 5 estrellas",NA,NA,NA,NA,NA,39,NA
"Económico","Baja California Sur","Establecimiento de Hospedaje según categoría 5 estrellas",NA,NA,NA,NA,NA,120,NA
"Económico","Campeche","Establecimiento de Hospedaje según categoría 5 estrellas",NA,NA,NA,NA,NA,10,NA
"Económico","Coahuila de Zaragoza","Establecimiento de Hospedaje según categoría 5 estrellas",NA,NA,NA,NA,NA,20,NA
"Económico","Colima","Establecimiento de Hospedaje según categoría 5 estrellas",NA,NA,NA,NA,NA,9,NA
"Económico","Chiapas","Establecimiento de Hospedaje según categoría 5 estrellas",NA,NA,NA,NA,NA,25,NA
"Económico","Chihuahua","Establecimiento de Hospedaje según categoría 5 estrellas",NA,NA,NA,NA,NA,42,NA
"Económico","Ciudad de México","Establecimiento de Hospedaje según categoría 5 estrellas",NA,NA,NA,NA,NA,100,NA
"Económico","Durango","Establecimiento de Hospedaje según categoría 5 estrellas",NA,NA,NA,NA,NA,5,NA
"Económico","Guanajuato","Establecimiento de Hospedaje según categoría 5 estrellas",NA,NA,NA,NA,NA,142,NA
"Económico","Guerrero","Establecimiento de Hospedaje según categoría 5 estrellas",NA,NA,NA,NA,NA,51,NA
"Económico","Hidalgo","Establecimiento de Hospedaje según categoría 5 estrellas",NA,NA,NA,NA,NA,25,NA
"Económico","Jalisco","Establecimiento de Hospedaje según categoría 5 estrellas",NA,NA,NA,NA,NA,156,NA
"Económico","México","Establecimiento de Hospedaje según categoría 5 estrellas",NA,NA,NA,NA,NA,18,NA
"Económico","Michoacán de Ocampo","Establecimiento de Hospedaje según categoría 5 estrellas",NA,NA,NA,NA,NA,37,NA
"Económico","Morelos","Establecimiento de Hospedaje según categoría 5 estrellas",NA,NA,NA,NA,NA,45,NA
"Económico","Nayarit","Establecimiento de Hospedaje según categoría 5 estrellas",NA,NA,NA,NA,NA,50,NA
"Económico","Nuevo León","Establecimiento de Hospedaje según categoría 5 estrellas",NA,NA,NA,NA,NA,51,NA
"Económico","Oaxaca","Establecimiento de Hospedaje según categoría 5 estrellas",NA,NA,NA,NA,NA,46,NA
"Económico","Puebla","Establecimiento de Hospedaje según categoría 5 estrellas",NA,NA,NA,NA,NA,74,NA
"Económico","Querétaro","Establecimiento de Hospedaje según categoría 5 estrellas",NA,NA,NA,NA,NA,51,NA
"Económico","Quintana Roo","Establecimiento de Hospedaje según categoría 5 estrellas",NA,NA,NA,NA,NA,268,NA
"Económico","San Luis Potosí","Establecimiento de Hospedaje según categoría 5 estrellas",NA,NA,NA,NA,NA,16,NA
"Económico","Sinaloa","Establecimiento de Hospedaje según categoría 5 estrellas",NA,NA,NA,NA,NA,34,NA
"Económico","Sonora","Establecimiento de Hospedaje según categoría 5 estrellas",NA,NA,NA,NA,NA,29,NA
"Económico","Tabasco","Establecimiento de Hospedaje según categoría 5 estrellas",NA,NA,NA,NA,NA,7,NA
"Económico","Tamaulipas","Establecimiento de Hospedaje según categoría 5 estrellas",NA,NA,NA,NA,NA,34,NA
"Económico","Tlaxcala","Establecimiento de Hospedaje según categoría 5 estrellas",NA,NA,NA,NA,NA,0,NA
"Económico","Veracruz de Ignacio de la Llave","Establecimiento de Hospedaje según categoría 5 estrellas",NA,NA,NA,NA,NA,18,NA
"Económico","Yucatán","Establecimiento de Hospedaje según categoría 5 estrellas",NA,NA,NA,NA,NA,99,NA
"Económico","Zacatecas","Establecimiento de Hospedaje según categoría 5 estrellas",NA,NA,NA,NA,NA,10,NA
"Económico","Aguascalientes","Exportaciones",NA,NA,NA,NA,NA,NA,3330817
"Económico","Baja California","Exportaciones",NA,NA,NA,NA,NA,NA,14351843
"Económico","Baja California Sur","Exportaciones",NA,NA,NA,NA,NA,NA,112106
"Económico","Campeche","Exportaciones",NA,NA,NA,NA,NA,NA,3132331
"Económico","Coahuila de Zaragoza","Exportaciones",NA,NA,NA,NA,NA,NA,17662603
"Económico","Colima","Exportaciones",NA,NA,NA,NA,NA,NA,354622
"Económico","Chiapas","Exportaciones",NA,NA,NA,NA,NA,NA,349289
"Económico","Chihuahua","Exportaciones",NA,NA,NA,NA,NA,NA,18311253
"Económico","Ciudad de México","Exportaciones",NA,NA,NA,NA,NA,NA,1032167
"Económico","Durango","Exportaciones",NA,NA,NA,NA,NA,NA,757190
"Económico","Guanajuato","Exportaciones",NA,NA,NA,NA,NA,NA,8927930
"Económico","Guerrero","Exportaciones",NA,NA,NA,NA,NA,NA,356040
"Económico","Hidalgo","Exportaciones",NA,NA,NA,NA,NA,NA,796212
"Económico","Jalisco","Exportaciones",NA,NA,NA,NA,NA,NA,7292912
"Económico","México","Exportaciones",NA,NA,NA,NA,NA,NA,6125542
"Económico","Michoacán de Ocampo","Exportaciones",NA,NA,NA,NA,NA,NA,1313467
"Económico","Morelos","Exportaciones",NA,NA,NA,NA,NA,NA,938489
"Económico","Nayarit","Exportaciones",NA,NA,NA,NA,NA,NA,103575
"Económico","Nuevo León","Exportaciones",NA,NA,NA,NA,NA,NA,13781035
"Económico","Oaxaca","Exportaciones",NA,NA,NA,NA,NA,NA,13781035
"Económico","Puebla","Exportaciones",NA,NA,NA,NA,NA,NA,4960869
"Económico","Querétaro","Exportaciones",NA,NA,NA,NA,NA,NA,4784330
"Económico","Quintana Roo","Exportaciones",NA,NA,NA,NA,NA,NA,6179
"Económico","San Luis Potosí","Exportaciones",NA,NA,NA,NA,NA,NA,5956126
"Económico","Sinaloa","Exportaciones",NA,NA,NA,NA,NA,NA,914696
"Económico","Sonora","Exportaciones",NA,NA,NA,NA,NA,NA,7840372
"Económico","Tabasco","Exportaciones",NA,NA,NA,NA,NA,NA,2271777
"Económico","Tamaulipas","Exportaciones",NA,NA,NA,NA,NA,NA,9224576
"Económico","Tlaxcala","Exportaciones",NA,NA,NA,NA,NA,NA,488693
"Económico","Veracruz de Ignacio de la Llave","Exportaciones",NA,NA,NA,NA,NA,NA,1943214
"Económico","Yucatán","Exportaciones",NA,NA,NA,NA,NA,NA,505115
"Económico","Zacatecas","Exportaciones",NA,NA,NA,NA,NA,NA,969236
"Económico","Aguascalientes","Ganado Bovino Producción (toneladas)",NA,NA,NA,NA,NA,82865.6,NA
"Económico","Baja California","Ganado Bovino Producción (toneladas)",NA,NA,NA,NA,NA,191333.3,NA
"Económico","Baja California Sur","Ganado Bovino Producción (toneladas)",NA,NA,NA,NA,NA,10113.3,NA
"Económico","Campeche","Ganado Bovino Producción (toneladas)",NA,NA,NA,NA,NA,44401.1,NA
"Económico","Coahuila de Zaragoza","Ganado Bovino Producción (toneladas)",NA,NA,NA,NA,NA,100165,NA
"Económico","Colima","Ganado Bovino Producción (toneladas)",NA,NA,NA,NA,NA,22335.3,NA
"Económico","Chiapas","Ganado Bovino Producción (toneladas)",NA,NA,NA,NA,NA,210282.6,NA
"Económico","Chihuahua","Ganado Bovino Producción (toneladas)",NA,NA,NA,NA,NA,170323.6,NA
"Económico","Ciudad de México","Ganado Bovino Producción (toneladas)",NA,NA,NA,NA,NA,1037.3,NA
"Económico","Durango","Ganado Bovino Producción (toneladas)",NA,NA,NA,NA,NA,214420.6,NA
"Económico","Guanajuato","Ganado Bovino Producción (toneladas)",NA,NA,NA,NA,NA,109062.3,NA
"Económico","Guerrero","Ganado Bovino Producción (toneladas)",NA,NA,NA,NA,NA,85945.4,NA
"Económico","Hidalgo","Ganado Bovino Producción (toneladas)",NA,NA,NA,NA,NA,61791.5,NA
"Económico","Jalisco","Ganado Bovino Producción (toneladas)",NA,NA,NA,NA,NA,472346.4,NA
"Económico","México","Ganado Bovino Producción (toneladas)",NA,NA,NA,NA,NA,81713.3,NA
"Económico","Michoacán de Ocampo","Ganado Bovino Producción (toneladas)",NA,NA,NA,NA,NA,189479.1,NA
"Económico","Morelos","Ganado Bovino Producción (toneladas)",NA,NA,NA,NA,NA,13373.2,NA
"Económico","Nayarit","Ganado Bovino Producción (toneladas)",NA,NA,NA,NA,NA,35913.1,NA
"Económico","Nuevo León","Ganado Bovino Producción (toneladas)",NA,NA,NA,NA,NA,133435.6,NA
"Económico","Oaxaca","Ganado Bovino Producción (toneladas)",NA,NA,NA,NA,NA,123880.5,NA
"Económico","Puebla","Ganado Bovino Producción (toneladas)",NA,NA,NA,NA,NA,80846.9,NA
"Económico","Querétaro","Ganado Bovino Producción (toneladas)",NA,NA,NA,NA,NA,64579.5,NA
"Económico","Quintana Roo","Ganado Bovino Producción (toneladas)",NA,NA,NA,NA,NA,8491.5,NA
"Económico","San Luis Potosí","Ganado Bovino Producción (toneladas)",NA,NA,NA,NA,NA,231832.1,NA
"Económico","Sinaloa","Ganado Bovino Producción (toneladas)",NA,NA,NA,NA,NA,197460.2,NA
"Económico","Sonora","Ganado Bovino Producción (toneladas)",NA,NA,NA,NA,NA,142871.9,NA
"Económico","Tabasco","Ganado Bovino Producción (toneladas)",NA,NA,NA,NA,NA,144133,NA
"Económico","Tamaulipas","Ganado Bovino Producción (toneladas)",NA,NA,NA,NA,NA,82737.1,NA
"Económico","Tlaxcala","Ganado Bovino Producción (toneladas)",NA,NA,NA,NA,NA,16408.7,NA
"Económico","Veracruz de Ignacio de la Llave","Ganado Bovino Producción (toneladas)",NA,NA,NA,NA,NA,525610.6,NA
"Económico","Yucatán","Ganado Bovino Producción (toneladas)",NA,NA,NA,NA,NA,64149.7,NA
"Económico","Zacatecas","Ganado Bovino Producción (toneladas)",NA,NA,NA,NA,NA,88673.7,NA
"Económico","Aguascalientes","Ganado Bovino Valor de la Producción (miles de pesos)",NA,NA,NA,NA,NA,3715224.58,NA
"Económico","Baja California","Ganado Bovino Valor de la Producción (miles de pesos)",NA,NA,NA,NA,NA,7125844.34,NA
"Económico","Baja California Sur","Ganado Bovino Valor de la Producción (miles de pesos)",NA,NA,NA,NA,NA,375901.03,NA
"Económico","Campeche","Ganado Bovino Valor de la Producción (miles de pesos)",NA,NA,NA,NA,NA,1551183.72,NA
"Económico","Coahuila de Zaragoza","Ganado Bovino Valor de la Producción (miles de pesos)",NA,NA,NA,NA,NA,3694967.89,NA
"Económico","Colima","Ganado Bovino Valor de la Producción (miles de pesos)",NA,NA,NA,NA,NA,888902.18,NA
"Económico","Chiapas","Ganado Bovino Valor de la Producción (miles de pesos)",NA,NA,NA,NA,NA,6856766.16,NA
"Económico","Chihuahua","Ganado Bovino Valor de la Producción (miles de pesos)",NA,NA,NA,NA,NA,7293857.23,NA
"Económico","Ciudad de México","Ganado Bovino Valor de la Producción (miles de pesos)",NA,NA,NA,NA,NA,46029.97,NA
"Económico","Durango","Ganado Bovino Valor de la Producción (miles de pesos)",NA,NA,NA,NA,NA,8008647.65,NA
"Económico","Guanajuato","Ganado Bovino Valor de la Producción (miles de pesos)",NA,NA,NA,NA,NA,4558713.46,NA
"Económico","Guerrero","Ganado Bovino Valor de la Producción (miles de pesos)",NA,NA,NA,NA,NA,2989566.33,NA
"Económico","Hidalgo","Ganado Bovino Valor de la Producción (miles de pesos)",NA,NA,NA,NA,NA,2322468.76,NA
"Económico","Jalisco","Ganado Bovino Valor de la Producción (miles de pesos)",NA,NA,NA,NA,NA,21021293.89,NA
"Económico","México","Ganado Bovino Valor de la Producción (miles de pesos)",NA,NA,NA,NA,NA,3620944.61,NA
"Económico","Michoacán de Ocampo","Ganado Bovino Valor de la Producción (miles de pesos)",NA,NA,NA,NA,NA,7116598.82,NA
"Económico","Morelos","Ganado Bovino Valor de la Producción (miles de pesos)",NA,NA,NA,NA,NA,511713.93,NA
"Económico","Nayarit","Ganado Bovino Valor de la Producción (miles de pesos)",NA,NA,NA,NA,NA,1418750.77,NA
"Económico","Nuevo León","Ganado Bovino Valor de la Producción (miles de pesos)",NA,NA,NA,NA,NA,6492320.44,NA
"Económico","Oaxaca","Ganado Bovino Valor de la Producción (miles de pesos)",NA,NA,NA,NA,NA,4317044.8,NA
"Económico","Puebla","Ganado Bovino Valor de la Producción (miles de pesos)",NA,NA,NA,NA,NA,2495085.23,NA
"Económico","Querétaro","Ganado Bovino Valor de la Producción (miles de pesos)",NA,NA,NA,NA,NA,2928862.09,NA
"Económico","Quintana Roo","Ganado Bovino Valor de la Producción (miles de pesos)",NA,NA,NA,NA,NA,343301.59,NA
"Económico","San Luis Potosí","Ganado Bovino Valor de la Producción (miles de pesos)",NA,NA,NA,NA,NA,9752659.63,NA
"Económico","Sinaloa","Ganado Bovino Valor de la Producción (miles de pesos)",NA,NA,NA,NA,NA,7542232.05,NA
"Económico","Sonora","Ganado Bovino Valor de la Producción (miles de pesos)",NA,NA,NA,NA,NA,6411925.5,NA
"Económico","Tabasco","Ganado Bovino Valor de la Producción (miles de pesos)",NA,NA,NA,NA,NA,6038665.32,NA
"Económico","Tamaulipas","Ganado Bovino Valor de la Producción (miles de pesos)",NA,NA,NA,NA,NA,3362905.75,NA
"Económico","Tlaxcala","Ganado Bovino Valor de la Producción (miles de pesos)",NA,NA,NA,NA,NA,669567.91,NA
"Económico","Veracruz de Ignacio de la Llave","Ganado Bovino Valor de la Producción (miles de pesos)",NA,NA,NA,NA,NA,18487741.25,NA
"Económico","Yucatán","Ganado Bovino Valor de la Producción (miles de pesos)",NA,NA,NA,NA,NA,2459638.12,NA
"Económico","Zacatecas","Ganado Bovino Valor de la Producción (miles de pesos)",NA,NA,NA,NA,NA,3569255.18,NA
"Económico","Aguascalientes","Ganado Caprino Producción (toneladas)",NA,NA,NA,NA,NA,323.4,NA
"Económico","Baja California","Ganado Caprino Producción (toneladas)",NA,NA,NA,NA,NA,401.7,NA
"Económico","Baja California Sur","Ganado Caprino Producción (toneladas)",NA,NA,NA,NA,NA,871.1,NA
"Económico","Campeche","Ganado Caprino Producción (toneladas)",NA,NA,NA,NA,NA,82.4,NA
"Económico","Coahuila de Zaragoza","Ganado Caprino Producción (toneladas)",NA,NA,NA,NA,NA,7805.7,NA
"Económico","Colima","Ganado Caprino Producción (toneladas)",NA,NA,NA,NA,NA,127.2,NA
"Económico","Chiapas","Ganado Caprino Producción (toneladas)",NA,NA,NA,NA,NA,NA,NA
"Económico","Chihuahua","Ganado Caprino Producción (toneladas)",NA,NA,NA,NA,NA,1304.9,NA
"Económico","Ciudad de México","Ganado Caprino Producción (toneladas)",NA,NA,NA,NA,NA,NA,NA
"Económico","Durango","Ganado Caprino Producción (toneladas)",NA,NA,NA,NA,NA,1826.5,NA
"Económico","Guanajuato","Ganado Caprino Producción (toneladas)",NA,NA,NA,NA,NA,2877.2,NA
"Económico","Guerrero","Ganado Caprino Producción (toneladas)",NA,NA,NA,NA,NA,7543,NA
"Económico","Hidalgo","Ganado Caprino Producción (toneladas)",NA,NA,NA,NA,NA,1558.9,NA
"Económico","Jalisco","Ganado Caprino Producción (toneladas)",NA,NA,NA,NA,NA,4075,NA
"Económico","México","Ganado Caprino Producción (toneladas)",NA,NA,NA,NA,NA,889.5,NA
"Económico","Michoacán de Ocampo","Ganado Caprino Producción (toneladas)",NA,NA,NA,NA,NA,5225.5,NA
"Económico","Morelos","Ganado Caprino Producción (toneladas)",NA,NA,NA,NA,NA,1329.9,NA
"Económico","Nayarit","Ganado Caprino Producción (toneladas)",NA,NA,NA,NA,NA,256.1,NA
"Económico","Nuevo León","Ganado Caprino Producción (toneladas)",NA,NA,NA,NA,NA,3172.3,NA
"Económico","Oaxaca","Ganado Caprino Producción (toneladas)",NA,NA,NA,NA,NA,7480.3,NA
"Económico","Puebla","Ganado Caprino Producción (toneladas)",NA,NA,NA,NA,NA,7808.4,NA
"Económico","Querétaro","Ganado Caprino Producción (toneladas)",NA,NA,NA,NA,NA,349.4,NA
"Económico","Quintana Roo","Ganado Caprino Producción (toneladas)",NA,NA,NA,NA,NA,50.3,NA
"Económico","San Luis Potosí","Ganado Caprino Producción (toneladas)",NA,NA,NA,NA,NA,8460.6,NA
"Económico","Sinaloa","Ganado Caprino Producción (toneladas)",NA,NA,NA,NA,NA,2242.5,NA
"Económico","Sonora","Ganado Caprino Producción (toneladas)",NA,NA,NA,NA,NA,568.2,NA
"Económico","Tabasco","Ganado Caprino Producción (toneladas)",NA,NA,NA,NA,NA,NA,NA
"Económico","Tamaulipas","Ganado Caprino Producción (toneladas)",NA,NA,NA,NA,NA,2978.5,NA
"Económico","Tlaxcala","Ganado Caprino Producción (toneladas)",NA,NA,NA,NA,NA,703.3,NA
"Económico","Veracruz de Ignacio de la Llave","Ganado Caprino Producción (toneladas)",NA,NA,NA,NA,NA,1400.1,NA
"Económico","Yucatán","Ganado Caprino Producción (toneladas)",NA,NA,NA,NA,NA,15.3,NA
"Económico","Zacatecas","Ganado Caprino Producción (toneladas)",NA,NA,NA,NA,NA,8931.7,NA
"Económico","Aguascalientes","Ganado Caprino Valor de la Producción (miles de pesos)",NA,NA,NA,NA,NA,11963.86,NA
"Económico","Baja California","Ganado Caprino Valor de la Producción (miles de pesos)",NA,NA,NA,NA,NA,15539.97,NA
"Económico","Baja California Sur","Ganado Caprino Valor de la Producción (miles de pesos)",NA,NA,NA,NA,NA,28754.69,NA
"Económico","Campeche","Ganado Caprino Valor de la Producción (miles de pesos)",NA,NA,NA,NA,NA,2571.31,NA
"Económico","Coahuila de Zaragoza","Ganado Caprino Valor de la Producción (miles de pesos)",NA,NA,NA,NA,NA,268435.41,NA
"Económico","Colima","Ganado Caprino Valor de la Producción (miles de pesos)",NA,NA,NA,NA,NA,5056.9,NA
"Económico","Chiapas","Ganado Caprino Valor de la Producción (miles de pesos)",NA,NA,NA,NA,NA,NA,NA
"Económico","Chihuahua","Ganado Caprino Valor de la Producción (miles de pesos)",NA,NA,NA,NA,NA,42306.23,NA
"Económico","Ciudad de México","Ganado Caprino Valor de la Producción (miles de pesos)",NA,NA,NA,NA,NA,NA,NA
"Económico","Durango","Ganado Caprino Valor de la Producción (miles de pesos)",NA,NA,NA,NA,NA,60496.18,NA
"Económico","Guanajuato","Ganado Caprino Valor de la Producción (miles de pesos)",NA,NA,NA,NA,NA,116973.02,NA
"Económico","Guerrero","Ganado Caprino Valor de la Producción (miles de pesos)",NA,NA,NA,NA,NA,255376.56,NA
"Económico","Hidalgo","Ganado Caprino Valor de la Producción (miles de pesos)",NA,NA,NA,NA,NA,56784.85,NA
"Económico","Jalisco","Ganado Caprino Valor de la Producción (miles de pesos)",NA,NA,NA,NA,NA,158387.34,NA
"Económico","México","Ganado Caprino Valor de la Producción (miles de pesos)",NA,NA,NA,NA,NA,33148.95,NA
"Económico","Michoacán de Ocampo","Ganado Caprino Valor de la Producción (miles de pesos)",NA,NA,NA,NA,NA,181202.14,NA
"Económico","Morelos","Ganado Caprino Valor de la Producción (miles de pesos)",NA,NA,NA,NA,NA,49264.61,NA
"Económico","Nayarit","Ganado Caprino Valor de la Producción (miles de pesos)",NA,NA,NA,NA,NA,8938.58,NA
"Económico","Nuevo León","Ganado Caprino Valor de la Producción (miles de pesos)",NA,NA,NA,NA,NA,164806.37,NA
"Económico","Oaxaca","Ganado Caprino Valor de la Producción (miles de pesos)",NA,NA,NA,NA,NA,257649.61,NA
"Económico","Puebla","Ganado Caprino Valor de la Producción (miles de pesos)",NA,NA,NA,NA,NA,238817.43,NA
"Económico","Querétaro","Ganado Caprino Valor de la Producción (miles de pesos)",NA,NA,NA,NA,NA,12977.41,NA
"Económico","Quintana Roo","Ganado Caprino Valor de la Producción (miles de pesos)",NA,NA,NA,NA,NA,2041.39,NA
"Económico","San Luis Potosí","Ganado Caprino Valor de la Producción (miles de pesos)",NA,NA,NA,NA,NA,300136.41,NA
"Económico","Sinaloa","Ganado Caprino Valor de la Producción (miles de pesos)",NA,NA,NA,NA,NA,78545.32,NA
"Económico","Sonora","Ganado Caprino Valor de la Producción (miles de pesos)",NA,NA,NA,NA,NA,20526.86,NA
"Económico","Tabasco","Ganado Caprino Valor de la Producción (miles de pesos)",NA,NA,NA,NA,NA,NA,NA
"Económico","Tamaulipas","Ganado Caprino Valor de la Producción (miles de pesos)",NA,NA,NA,NA,NA,103501.94,NA
"Económico","Tlaxcala","Ganado Caprino Valor de la Producción (miles de pesos)",NA,NA,NA,NA,NA,27796.3,NA
"Económico","Veracruz de Ignacio de la Llave","Ganado Caprino Valor de la Producción (miles de pesos)",NA,NA,NA,NA,NA,46410.73,NA
"Económico","Yucatán","Ganado Caprino Valor de la Producción (miles de pesos)",NA,NA,NA,NA,NA,540,NA
"Económico","Zacatecas","Ganado Caprino Valor de la Producción (miles de pesos)",NA,NA,NA,NA,NA,315740.23,NA
"Económico","Aguascalientes","Ganado Ovino Producción (toneladas)",NA,NA,NA,NA,NA,1643.5,NA
"Económico","Baja California","Ganado Ovino Producción (toneladas)",NA,NA,NA,NA,NA,577.8,NA
"Económico","Baja California Sur","Ganado Ovino Producción (toneladas)",NA,NA,NA,NA,NA,444.7,NA
"Económico","Campeche","Ganado Ovino Producción (toneladas)",NA,NA,NA,NA,NA,3337.9,NA
"Económico","Coahuila de Zaragoza","Ganado Ovino Producción (toneladas)",NA,NA,NA,NA,NA,1387.7,NA
"Económico","Colima","Ganado Ovino Producción (toneladas)",NA,NA,NA,NA,NA,215.1,NA
"Económico","Chiapas","Ganado Ovino Producción (toneladas)",NA,NA,NA,NA,NA,3760.1,NA
"Económico","Chihuahua","Ganado Ovino Producción (toneladas)",NA,NA,NA,NA,NA,3105.7,NA
"Económico","Ciudad de México","Ganado Ovino Producción (toneladas)",NA,NA,NA,NA,NA,416.1,NA
"Económico","Durango","Ganado Ovino Producción (toneladas)",NA,NA,NA,NA,NA,921,NA
"Económico","Guanajuato","Ganado Ovino Producción (toneladas)",NA,NA,NA,NA,NA,4593.2,NA
"Económico","Guerrero","Ganado Ovino Producción (toneladas)",NA,NA,NA,NA,NA,2900.1,NA
"Económico","Hidalgo","Ganado Ovino Producción (toneladas)",NA,NA,NA,NA,NA,13484.4,NA
"Económico","Jalisco","Ganado Ovino Producción (toneladas)",NA,NA,NA,NA,NA,10186.3,NA
"Económico","México","Ganado Ovino Producción (toneladas)",NA,NA,NA,NA,NA,18140,NA
"Económico","Michoacán de Ocampo","Ganado Ovino Producción (toneladas)",NA,NA,NA,NA,NA,3617.1,NA
"Económico","Morelos","Ganado Ovino Producción (toneladas)",NA,NA,NA,NA,NA,1435.5,NA
"Económico","Nayarit","Ganado Ovino Producción (toneladas)",NA,NA,NA,NA,NA,485.2,NA
"Económico","Nuevo León","Ganado Ovino Producción (toneladas)",NA,NA,NA,NA,NA,3572.8,NA
"Económico","Oaxaca","Ganado Ovino Producción (toneladas)",NA,NA,NA,NA,NA,4977.1,NA
"Económico","Puebla","Ganado Ovino Producción (toneladas)",NA,NA,NA,NA,NA,8544.6,NA
"Económico","Querétaro","Ganado Ovino Producción (toneladas)",NA,NA,NA,NA,NA,2115.4,NA
"Económico","Quintana Roo","Ganado Ovino Producción (toneladas)",NA,NA,NA,NA,NA,997.4,NA
"Económico","San Luis Potosí","Ganado Ovino Producción (toneladas)",NA,NA,NA,NA,NA,5849.3,NA
"Económico","Sinaloa","Ganado Ovino Producción (toneladas)",NA,NA,NA,NA,NA,2419.6,NA
"Económico","Sonora","Ganado Ovino Producción (toneladas)",NA,NA,NA,NA,NA,1055.1,NA
"Económico","Tabasco","Ganado Ovino Producción (toneladas)",NA,NA,NA,NA,NA,658.2,NA
"Económico","Tamaulipas","Ganado Ovino Producción (toneladas)",NA,NA,NA,NA,NA,2798.5,NA
"Económico","Tlaxcala","Ganado Ovino Producción (toneladas)",NA,NA,NA,NA,NA,6150.1,NA
"Económico","Veracruz de Ignacio de la Llave","Ganado Ovino Producción (toneladas)",NA,NA,NA,NA,NA,11751.1,NA
"Económico","Yucatán","Ganado Ovino Producción (toneladas)",NA,NA,NA,NA,NA,2127.3,NA
"Económico","Zacatecas","Ganado Ovino Producción (toneladas)",NA,NA,NA,NA,NA,8660.8,NA
"Económico","Aguascalientes","Ganado Ovino Valor de la Producción (miles de pesos)",NA,NA,NA,NA,NA,67755.47,NA
"Económico","Baja California","Ganado Ovino Valor de la Producción (miles de pesos)",NA,NA,NA,NA,NA,23928.13,NA
"Económico","Baja California Sur","Ganado Ovino Valor de la Producción (miles de pesos)",NA,NA,NA,NA,NA,16853.47,NA
"Económico","Campeche","Ganado Ovino Valor de la Producción (miles de pesos)",NA,NA,NA,NA,NA,125610.55,NA
"Económico","Coahuila de Zaragoza","Ganado Ovino Valor de la Producción (miles de pesos)",NA,NA,NA,NA,NA,49544.57,NA
"Económico","Colima","Ganado Ovino Valor de la Producción (miles de pesos)",NA,NA,NA,NA,NA,8961.1,NA
"Económico","Chiapas","Ganado Ovino Valor de la Producción (miles de pesos)",NA,NA,NA,NA,NA,143572.71,NA
"Económico","Chihuahua","Ganado Ovino Valor de la Producción (miles de pesos)",NA,NA,NA,NA,NA,113389.43,NA
"Económico","Ciudad de México","Ganado Ovino Valor de la Producción (miles de pesos)",NA,NA,NA,NA,NA,21754.37,NA
"Económico","Durango","Ganado Ovino Valor de la Producción (miles de pesos)",NA,NA,NA,NA,NA,32938.98,NA
"Económico","Guanajuato","Ganado Ovino Valor de la Producción (miles de pesos)",NA,NA,NA,NA,NA,193814.4,NA
"Económico","Guerrero","Ganado Ovino Valor de la Producción (miles de pesos)",NA,NA,NA,NA,NA,115282.87,NA
"Económico","Hidalgo","Ganado Ovino Valor de la Producción (miles de pesos)",NA,NA,NA,NA,NA,657093.59,NA
"Económico","Jalisco","Ganado Ovino Valor de la Producción (miles de pesos)",NA,NA,NA,NA,NA,499446.94,NA
"Económico","México","Ganado Ovino Valor de la Producción (miles de pesos)",NA,NA,NA,NA,NA,883509.09,NA
"Económico","Michoacán de Ocampo","Ganado Ovino Valor de la Producción (miles de pesos)",NA,NA,NA,NA,NA,149492.64,NA
"Económico","Morelos","Ganado Ovino Valor de la Producción (miles de pesos)",NA,NA,NA,NA,NA,58747.96,NA
"Económico","Nayarit","Ganado Ovino Valor de la Producción (miles de pesos)",NA,NA,NA,NA,NA,17715.98,NA
"Económico","Nuevo León","Ganado Ovino Valor de la Producción (miles de pesos)",NA,NA,NA,NA,NA,150526.63,NA
"Económico","Oaxaca","Ganado Ovino Valor de la Producción (miles de pesos)",NA,NA,NA,NA,NA,202999.53,NA
"Económico","Puebla","Ganado Ovino Valor de la Producción (miles de pesos)",NA,NA,NA,NA,NA,290394.96,NA
"Económico","Querétaro","Ganado Ovino Valor de la Producción (miles de pesos)",NA,NA,NA,NA,NA,106248.48,NA
"Económico","Quintana Roo","Ganado Ovino Valor de la Producción (miles de pesos)",NA,NA,NA,NA,NA,44933.32,NA
"Económico","San Luis Potosí","Ganado Ovino Valor de la Producción (miles de pesos)",NA,NA,NA,NA,NA,236345.94,NA
"Económico","Sinaloa","Ganado Ovino Valor de la Producción (miles de pesos)",NA,NA,NA,NA,NA,85231.71,NA
"Económico","Sonora","Ganado Ovino Valor de la Producción (miles de pesos)",NA,NA,NA,NA,NA,41845.55,NA
"Económico","Tabasco","Ganado Ovino Valor de la Producción (miles de pesos)",NA,NA,NA,NA,NA,29038.03,NA
"Económico","Tamaulipas","Ganado Ovino Valor de la Producción (miles de pesos)",NA,NA,NA,NA,NA,108530.61,NA
"Económico","Tlaxcala","Ganado Ovino Valor de la Producción (miles de pesos)",NA,NA,NA,NA,NA,303263.31,NA
"Económico","Veracruz de Ignacio de la Llave","Ganado Ovino Valor de la Producción (miles de pesos)",NA,NA,NA,NA,NA,455661.66,NA
"Económico","Yucatán","Ganado Ovino Valor de la Producción (miles de pesos)",NA,NA,NA,NA,NA,81800.96,NA
"Económico","Zacatecas","Ganado Ovino Valor de la Producción (miles de pesos)",NA,NA,NA,NA,NA,352588.3,NA
"Económico","Aguascalientes","Ganado Porcino Producción (toneladas)",NA,NA,NA,NA,NA,25253.8,NA
"Económico","Baja California","Ganado Porcino Producción (toneladas)",NA,NA,NA,NA,NA,1456.8,NA
"Económico","Baja California Sur","Ganado Porcino Producción (toneladas)",NA,NA,NA,NA,NA,1488.8,NA
"Económico","Campeche","Ganado Porcino Producción (toneladas)",NA,NA,NA,NA,NA,7790.6,NA
"Económico","Coahuila de Zaragoza","Ganado Porcino Producción (toneladas)",NA,NA,NA,NA,NA,7601.7,NA
"Económico","Colima","Ganado Porcino Producción (toneladas)",NA,NA,NA,NA,NA,10276.3,NA
"Económico","Chiapas","Ganado Porcino Producción (toneladas)",NA,NA,NA,NA,NA,42663.5,NA
"Económico","Chihuahua","Ganado Porcino Producción (toneladas)",NA,NA,NA,NA,NA,11012.2,NA
"Económico","Ciudad de México","Ganado Porcino Producción (toneladas)",NA,NA,NA,NA,NA,2088.9,NA
"Económico","Durango","Ganado Porcino Producción (toneladas)",NA,NA,NA,NA,NA,5672.3,NA
"Económico","Guanajuato","Ganado Porcino Producción (toneladas)",NA,NA,NA,NA,NA,175034.4,NA
"Económico","Guerrero","Ganado Porcino Producción (toneladas)",NA,NA,NA,NA,NA,29496.4,NA
"Económico","Hidalgo","Ganado Porcino Producción (toneladas)",NA,NA,NA,NA,NA,21055.9,NA
"Económico","Jalisco","Ganado Porcino Producción (toneladas)",NA,NA,NA,NA,NA,521149.5,NA
"Económico","México","Ganado Porcino Producción (toneladas)",NA,NA,NA,NA,NA,29489.6,NA
"Económico","Michoacán de Ocampo","Ganado Porcino Producción (toneladas)",NA,NA,NA,NA,NA,68380.7,NA
"Económico","Morelos","Ganado Porcino Producción (toneladas)",NA,NA,NA,NA,NA,7169.5,NA
"Económico","Nayarit","Ganado Porcino Producción (toneladas)",NA,NA,NA,NA,NA,6584.3,NA
"Económico","Nuevo León","Ganado Porcino Producción (toneladas)",NA,NA,NA,NA,NA,26156.3,NA
"Económico","Oaxaca","Ganado Porcino Producción (toneladas)",NA,NA,NA,NA,NA,39524.5,NA
"Económico","Puebla","Ganado Porcino Producción (toneladas)",NA,NA,NA,NA,NA,238353,NA
"Económico","Querétaro","Ganado Porcino Producción (toneladas)",NA,NA,NA,NA,NA,35144.5,NA
"Económico","Quintana Roo","Ganado Porcino Producción (toneladas)",NA,NA,NA,NA,NA,5130,NA
"Económico","San Luis Potosí","Ganado Porcino Producción (toneladas)",NA,NA,NA,NA,NA,33725.6,NA
"Económico","Sinaloa","Ganado Porcino Producción (toneladas)",NA,NA,NA,NA,NA,25750.3,NA
"Económico","Sonora","Ganado Porcino Producción (toneladas)",NA,NA,NA,NA,NA,386184,NA
"Económico","Tabasco","Ganado Porcino Producción (toneladas)",NA,NA,NA,NA,NA,18187.7,NA
"Económico","Tamaulipas","Ganado Porcino Producción (toneladas)",NA,NA,NA,NA,NA,13386.9,NA
"Económico","Tlaxcala","Ganado Porcino Producción (toneladas)",NA,NA,NA,NA,NA,16997.4,NA
"Económico","Veracruz de Ignacio de la Llave","Ganado Porcino Producción (toneladas)",NA,NA,NA,NA,NA,203989.9,NA
"Económico","Yucatán","Ganado Porcino Producción (toneladas)",NA,NA,NA,NA,NA,206096,NA
"Económico","Zacatecas","Ganado Porcino Producción (toneladas)",NA,NA,NA,NA,NA,13991.8,NA
"Económico","Aguascalientes","Ganado Porcino Valor de la Producción (miles de pesos)",NA,NA,NA,NA,NA,892198.82,NA
"Económico","Baja California","Ganado Porcino Valor de la Producción (miles de pesos)",NA,NA,NA,NA,NA,48429.8,NA
"Económico","Baja California Sur","Ganado Porcino Valor de la Producción (miles de pesos)",NA,NA,NA,NA,NA,45157.32,NA
"Económico","Campeche","Ganado Porcino Valor de la Producción (miles de pesos)",NA,NA,NA,NA,NA,286086.02,NA
"Económico","Coahuila de Zaragoza","Ganado Porcino Valor de la Producción (miles de pesos)",NA,NA,NA,NA,NA,267272.27,NA
"Económico","Colima","Ganado Porcino Valor de la Producción (miles de pesos)",NA,NA,NA,NA,NA,375651.22,NA
"Económico","Chiapas","Ganado Porcino Valor de la Producción (miles de pesos)",NA,NA,NA,NA,NA,1586581.01,NA
"Económico","Chihuahua","Ganado Porcino Valor de la Producción (miles de pesos)",NA,NA,NA,NA,NA,378856.83,NA
"Económico","Ciudad de México","Ganado Porcino Valor de la Producción (miles de pesos)",NA,NA,NA,NA,NA,74455.25,NA
"Económico","Durango","Ganado Porcino Valor de la Producción (miles de pesos)",NA,NA,NA,NA,NA,198927.66,NA
"Económico","Guanajuato","Ganado Porcino Valor de la Producción (miles de pesos)",NA,NA,NA,NA,NA,6235969.71,NA
"Económico","Guerrero","Ganado Porcino Valor de la Producción (miles de pesos)",NA,NA,NA,NA,NA,1056422.36,NA
"Económico","Hidalgo","Ganado Porcino Valor de la Producción (miles de pesos)",NA,NA,NA,NA,NA,763207.63,NA
"Económico","Jalisco","Ganado Porcino Valor de la Producción (miles de pesos)",NA,NA,NA,NA,NA,17922141.32,NA
"Económico","México","Ganado Porcino Valor de la Producción (miles de pesos)",NA,NA,NA,NA,NA,1100698.13,NA
"Económico","Michoacán de Ocampo","Ganado Porcino Valor de la Producción (miles de pesos)",NA,NA,NA,NA,NA,2406633.73,NA
"Económico","Morelos","Ganado Porcino Valor de la Producción (miles de pesos)",NA,NA,NA,NA,NA,264501.73,NA
"Económico","Nayarit","Ganado Porcino Valor de la Producción (miles de pesos)",NA,NA,NA,NA,NA,239085.81,NA
"Económico","Nuevo León","Ganado Porcino Valor de la Producción (miles de pesos)",NA,NA,NA,NA,NA,895582.59,NA
"Económico","Oaxaca","Ganado Porcino Valor de la Producción (miles de pesos)",NA,NA,NA,NA,NA,1355838.18,NA
"Económico","Puebla","Ganado Porcino Valor de la Producción (miles de pesos)",NA,NA,NA,NA,NA,8564496.4,NA
"Económico","Querétaro","Ganado Porcino Valor de la Producción (miles de pesos)",NA,NA,NA,NA,NA,1290787.19,NA
"Económico","Quintana Roo","Ganado Porcino Valor de la Producción (miles de pesos)",NA,NA,NA,NA,NA,185722.07,NA
"Económico","San Luis Potosí","Ganado Porcino Valor de la Producción (miles de pesos)",NA,NA,NA,NA,NA,1238386.03,NA
"Económico","Sinaloa","Ganado Porcino Valor de la Producción (miles de pesos)",NA,NA,NA,NA,NA,807553.6,NA
"Económico","Sonora","Ganado Porcino Valor de la Producción (miles de pesos)",NA,NA,NA,NA,NA,11491239.18,NA
"Económico","Tabasco","Ganado Porcino Valor de la Producción (miles de pesos)",NA,NA,NA,NA,NA,648294.75,NA
"Económico","Tamaulipas","Ganado Porcino Valor de la Producción (miles de pesos)",NA,NA,NA,NA,NA,469594.95,NA
"Económico","Tlaxcala","Ganado Porcino Valor de la Producción (miles de pesos)",NA,NA,NA,NA,NA,627176.33,NA
"Económico","Veracruz de Ignacio de la Llave","Ganado Porcino Valor de la Producción (miles de pesos)",NA,NA,NA,NA,NA,7452466.86,NA
"Económico","Yucatán","Ganado Porcino Valor de la Producción (miles de pesos)",NA,NA,NA,NA,NA,7736234.64,NA
"Económico","Zacatecas","Ganado Porcino Valor de la Producción (miles de pesos)",NA,NA,NA,NA,NA,511392.74,NA
"Económico","Aguascalientes","Gasto corriente promedio trimestral por hogar (tabla 4.7)",NA,NA,NA,NA,45315.23,NA,NA
"Económico","Baja California","Gasto corriente promedio trimestral por hogar (tabla 4.7)",NA,NA,NA,NA,50313.43,NA,NA
"Económico","Baja California Sur","Gasto corriente promedio trimestral por hogar (tabla 4.7)",NA,NA,NA,NA,48198.51,NA,NA
"Económico","Campeche","Gasto corriente promedio trimestral por hogar (tabla 4.7)",NA,NA,NA,NA,35775.55,NA,NA
"Económico","Coahuila de Zaragoza","Gasto corriente promedio trimestral por hogar (tabla 4.7)",NA,NA,NA,NA,44004.96,NA,NA
"Económico","Colima","Gasto corriente promedio trimestral por hogar (tabla 4.7)",NA,NA,NA,NA,43116.57,NA,NA
"Económico","Chiapas","Gasto corriente promedio trimestral por hogar (tabla 4.7)",NA,NA,NA,NA,25942.88,NA,NA
"Económico","Chihuahua","Gasto corriente promedio trimestral por hogar (tabla 4.7)",NA,NA,NA,NA,40095.89,NA,NA
"Económico","Ciudad de México","Gasto corriente promedio trimestral por hogar (tabla 4.7)",NA,NA,NA,NA,58897.63,NA,NA
"Económico","Durango","Gasto corriente promedio trimestral por hogar (tabla 4.7)",NA,NA,NA,NA,35633.29,NA,NA
"Económico","Guanajuato","Gasto corriente promedio trimestral por hogar (tabla 4.7)",NA,NA,NA,NA,36458.7,NA,NA
"Económico","Guerrero","Gasto corriente promedio trimestral por hogar (tabla 4.7)",NA,NA,NA,NA,30520.51,NA,NA
"Económico","Hidalgo","Gasto corriente promedio trimestral por hogar (tabla 4.7)",NA,NA,NA,NA,34085.62,NA,NA
"Económico","Jalisco","Gasto corriente promedio trimestral por hogar (tabla 4.7)",NA,NA,NA,NA,44694.24,NA,NA
"Económico","México","Gasto corriente promedio trimestral por hogar (tabla 4.7)",NA,NA,NA,NA,38648.63,NA,NA
"Económico","Michoacán de Ocampo","Gasto corriente promedio trimestral por hogar (tabla 4.7)",NA,NA,NA,NA,40136.21,NA,NA
"Económico","Morelos","Gasto corriente promedio trimestral por hogar (tabla 4.7)",NA,NA,NA,NA,38009.27,NA,NA
"Económico","Nayarit","Gasto corriente promedio trimestral por hogar (tabla 4.7)",NA,NA,NA,NA,38861.54,NA,NA
"Económico","Nuevo León","Gasto corriente promedio trimestral por hogar (tabla 4.7)",NA,NA,NA,NA,48395.64,NA,NA
"Económico","Oaxaca","Gasto corriente promedio trimestral por hogar (tabla 4.7)",NA,NA,NA,NA,26597.4,NA,NA
"Económico","Puebla","Gasto corriente promedio trimestral por hogar (tabla 4.7)",NA,NA,NA,NA,34027.34,NA,NA
"Económico","Querétaro","Gasto corriente promedio trimestral por hogar (tabla 4.7)",NA,NA,NA,NA,48727.7,NA,NA
"Económico","Quintana Roo","Gasto corriente promedio trimestral por hogar (tabla 4.7)",NA,NA,NA,NA,46145.03,NA,NA
"Económico","San Luis Potosí","Gasto corriente promedio trimestral por hogar (tabla 4.7)",NA,NA,NA,NA,38570.35,NA,NA
"Económico","Sinaloa","Gasto corriente promedio trimestral por hogar (tabla 4.7)",NA,NA,NA,NA,42911.1,NA,NA
"Económico","Sonora","Gasto corriente promedio trimestral por hogar (tabla 4.7)",NA,NA,NA,NA,42418.18,NA,NA
"Económico","Tabasco","Gasto corriente promedio trimestral por hogar (tabla 4.7)",NA,NA,NA,NA,32025.46,NA,NA
"Económico","Tamaulipas","Gasto corriente promedio trimestral por hogar (tabla 4.7)",NA,NA,NA,NA,39502.53,NA,NA
"Económico","Tlaxcala","Gasto corriente promedio trimestral por hogar (tabla 4.7)",NA,NA,NA,NA,32953.19,NA,NA
"Económico","Veracruz de Ignacio de la Llave","Gasto corriente promedio trimestral por hogar (tabla 4.7)",NA,NA,NA,NA,29306.1,NA,NA
"Económico","Yucatán","Gasto corriente promedio trimestral por hogar (tabla 4.7)",NA,NA,NA,NA,38077.05,NA,NA
"Económico","Zacatecas","Gasto corriente promedio trimestral por hogar (tabla 4.7)",NA,NA,NA,NA,34862.7,NA,NA
"Social","Aguascalientes","Grado Promedio de Escolaridad",NA,NA,10.35,NA,NA,NA,NA
"Social","Baja California","Grado Promedio de Escolaridad",NA,NA,10.2,NA,NA,NA,NA
"Social","Baja California Sur","Grado Promedio de Escolaridad",NA,NA,10.34,NA,NA,NA,NA
"Social","Campeche","Grado Promedio de Escolaridad",NA,NA,9.63,NA,NA,NA,NA
"Social","Coahuila de Zaragoza","Grado Promedio de Escolaridad",NA,NA,10.43,NA,NA,NA,NA
"Social","Colima","Grado Promedio de Escolaridad",NA,NA,10.05,NA,NA,NA,NA
"Social","Chiapas","Grado Promedio de Escolaridad",NA,NA,7.78,NA,NA,NA,NA
"Social","Chihuahua","Grado Promedio de Escolaridad",NA,NA,10,NA,NA,NA,NA
"Social","Ciudad de México","Grado Promedio de Escolaridad",NA,NA,11.48,NA,NA,NA,NA
"Social","Durango","Grado Promedio de Escolaridad",NA,NA,9.75,NA,NA,NA,NA
"Social","Guanajuato","Grado Promedio de Escolaridad",NA,NA,9.04,NA,NA,NA,NA
"Social","Guerrero","Grado Promedio de Escolaridad",NA,NA,8.37,NA,NA,NA,NA
"Social","Hidalgo","Grado Promedio de Escolaridad",NA,NA,9.37,NA,NA,NA,NA
"Social","Jalisco","Grado Promedio de Escolaridad",NA,NA,9.9,NA,NA,NA,NA
"Social","México","Grado Promedio de Escolaridad",NA,NA,10.08,NA,NA,NA,NA
"Social","Michoacán de Ocampo","Grado Promedio de Escolaridad",NA,NA,8.6,NA,NA,NA,NA
"Social","Morelos","Grado Promedio de Escolaridad",NA,NA,9.84,NA,NA,NA,NA
"Social","Nayarit","Grado Promedio de Escolaridad",NA,NA,9.73,NA,NA,NA,NA
"Social","Nuevo León","Grado Promedio de Escolaridad",NA,NA,10.74,NA,NA,NA,NA
"Social","Oaxaca","Grado Promedio de Escolaridad",NA,NA,8.12,NA,NA,NA,NA
"Social","Puebla","Grado Promedio de Escolaridad",NA,NA,9.16,NA,NA,NA,NA
"Social","Querétaro","Grado Promedio de Escolaridad",NA,NA,10.48,NA,NA,NA,NA
"Social","Quintana Roo","Grado Promedio de Escolaridad",NA,NA,10.24,NA,NA,NA,NA
"Social","San Luis Potosí","Grado Promedio de Escolaridad",NA,NA,9.61,NA,NA,NA,NA
"Social","Sinaloa","Grado Promedio de Escolaridad",NA,NA,10.22,NA,NA,NA,NA
"Social","Sonora","Grado Promedio de Escolaridad",NA,NA,10.4,NA,NA,NA,NA
"Social","Tabasco","Grado Promedio de Escolaridad",NA,NA,9.69,NA,NA,NA,NA
"Social","Tamaulipas","Grado Promedio de Escolaridad",NA,NA,10.09,NA,NA,NA,NA
"Social","Tlaxcala","Grado Promedio de Escolaridad",NA,NA,9.83,NA,NA,NA,NA
"Social","Veracruz de Ignacio de la Llave","Grado Promedio de Escolaridad",NA,NA,8.75,NA,NA,NA,NA
"Social","Yucatán","Grado Promedio de Escolaridad",NA,NA,9.59,NA,NA,NA,NA
"Social","Zacatecas","Grado Promedio de Escolaridad",NA,NA,9.25,NA,NA,NA,NA
"Económico","Aguascalientes","Guajolotes Producción (toneladas)",NA,NA,NA,NA,NA,NA,NA
"Económico","Baja California","Guajolotes Producción (toneladas)",NA,NA,NA,NA,NA,NA,NA
"Económico","Baja California Sur","Guajolotes Producción (toneladas)",NA,NA,NA,NA,NA,NA,NA
"Económico","Campeche","Guajolotes Producción (toneladas)",NA,NA,NA,NA,NA,1048.2,NA
"Económico","Coahuila de Zaragoza","Guajolotes Producción (toneladas)",NA,NA,NA,NA,NA,NA,NA
"Económico","Colima","Guajolotes Producción (toneladas)",NA,NA,NA,NA,NA,5.3,NA
"Económico","Chiapas","Guajolotes Producción (toneladas)",NA,NA,NA,NA,NA,1339.4,NA
"Económico","Chihuahua","Guajolotes Producción (toneladas)",NA,NA,NA,NA,NA,966.4,NA
"Económico","Ciudad de México","Guajolotes Producción (toneladas)",NA,NA,NA,NA,NA,NA,NA
"Económico","Durango","Guajolotes Producción (toneladas)",NA,NA,NA,NA,NA,NA,NA
"Económico","Guanajuato","Guajolotes Producción (toneladas)",NA,NA,NA,NA,NA,NA,NA
"Económico","Guerrero","Guajolotes Producción (toneladas)",NA,NA,NA,NA,NA,1334.5,NA
"Económico","Hidalgo","Guajolotes Producción (toneladas)",NA,NA,NA,NA,NA,1472.1,NA
"Económico","Jalisco","Guajolotes Producción (toneladas)",NA,NA,NA,NA,NA,NA,NA
"Económico","México","Guajolotes Producción (toneladas)",NA,NA,NA,NA,NA,3034.9,NA
"Económico","Michoacán de Ocampo","Guajolotes Producción (toneladas)",NA,NA,NA,NA,NA,186.2,NA
"Económico","Morelos","Guajolotes Producción (toneladas)",NA,NA,NA,NA,NA,NA,NA
"Económico","Nayarit","Guajolotes Producción (toneladas)",NA,NA,NA,NA,NA,NA,NA
"Económico","Nuevo León","Guajolotes Producción (toneladas)",NA,NA,NA,NA,NA,NA,NA
"Económico","Oaxaca","Guajolotes Producción (toneladas)",NA,NA,NA,NA,NA,829.3,NA
"Económico","Puebla","Guajolotes Producción (toneladas)",NA,NA,NA,NA,NA,3713,NA
"Económico","Querétaro","Guajolotes Producción (toneladas)",NA,NA,NA,NA,NA,101.7,NA
"Económico","Quintana Roo","Guajolotes Producción (toneladas)",NA,NA,NA,NA,NA,183,NA
"Económico","San Luis Potosí","Guajolotes Producción (toneladas)",NA,NA,NA,NA,NA,176.5,NA
"Económico","Sinaloa","Guajolotes Producción (toneladas)",NA,NA,NA,NA,NA,NA,NA
"Económico","Sonora","Guajolotes Producción (toneladas)",NA,NA,NA,NA,NA,NA,NA
"Económico","Tabasco","Guajolotes Producción (toneladas)",NA,NA,NA,NA,NA,1769.4,NA
"Económico","Tamaulipas","Guajolotes Producción (toneladas)",NA,NA,NA,NA,NA,NA,NA
"Económico","Tlaxcala","Guajolotes Producción (toneladas)",NA,NA,NA,NA,NA,490.9,NA
"Económico","Veracruz de Ignacio de la Llave","Guajolotes Producción (toneladas)",NA,NA,NA,NA,NA,1929.6,NA
"Económico","Yucatán","Guajolotes Producción (toneladas)",NA,NA,NA,NA,NA,6574.8,NA
"Económico","Zacatecas","Guajolotes Producción (toneladas)",NA,NA,NA,NA,NA,46.3,NA
"Económico","Aguascalientes","Guajolotes Valor de la Producción (miles de pesos)",NA,NA,NA,NA,NA,NA,NA
"Económico","Baja California","Guajolotes Valor de la Producción (miles de pesos)",NA,NA,NA,NA,NA,NA,NA
"Económico","Baja California Sur","Guajolotes Valor de la Producción (miles de pesos)",NA,NA,NA,NA,NA,NA,NA
"Económico","Campeche","Guajolotes Valor de la Producción (miles de pesos)",NA,NA,NA,NA,NA,39677.63,NA
"Económico","Coahuila de Zaragoza","Guajolotes Valor de la Producción (miles de pesos)",NA,NA,NA,NA,NA,NA,NA
"Económico","Colima","Guajolotes Valor de la Producción (miles de pesos)",NA,NA,NA,NA,NA,172.04,NA
"Económico","Chiapas","Guajolotes Valor de la Producción (miles de pesos)",NA,NA,NA,NA,NA,68064.05,NA
"Económico","Chihuahua","Guajolotes Valor de la Producción (miles de pesos)",NA,NA,NA,NA,NA,40482.65,NA
"Económico","Ciudad de México","Guajolotes Valor de la Producción (miles de pesos)",NA,NA,NA,NA,NA,NA,NA
"Económico","Durango","Guajolotes Valor de la Producción (miles de pesos)",NA,NA,NA,NA,NA,NA,NA
"Económico","Guanajuato","Guajolotes Valor de la Producción (miles de pesos)",NA,NA,NA,NA,NA,NA,NA
"Económico","Guerrero","Guajolotes Valor de la Producción (miles de pesos)",NA,NA,NA,NA,NA,55259.31,NA
"Económico","Hidalgo","Guajolotes Valor de la Producción (miles de pesos)",NA,NA,NA,NA,NA,59058.49,NA
"Económico","Jalisco","Guajolotes Valor de la Producción (miles de pesos)",NA,NA,NA,NA,NA,NA,NA
"Económico","México","Guajolotes Valor de la Producción (miles de pesos)",NA,NA,NA,NA,NA,131338.57,NA
"Económico","Michoacán de Ocampo","Guajolotes Valor de la Producción (miles de pesos)",NA,NA,NA,NA,NA,5285.61,NA
"Económico","Morelos","Guajolotes Valor de la Producción (miles de pesos)",NA,NA,NA,NA,NA,NA,NA
"Económico","Nayarit","Guajolotes Valor de la Producción (miles de pesos)",NA,NA,NA,NA,NA,NA,NA
"Económico","Nuevo León","Guajolotes Valor de la Producción (miles de pesos)",NA,NA,NA,NA,NA,NA,NA
"Económico","Oaxaca","Guajolotes Valor de la Producción (miles de pesos)",NA,NA,NA,NA,NA,39021.26,NA
"Económico","Puebla","Guajolotes Valor de la Producción (miles de pesos)",NA,NA,NA,NA,NA,134501.68,NA
"Económico","Querétaro","Guajolotes Valor de la Producción (miles de pesos)",NA,NA,NA,NA,NA,3253.75,NA
"Económico","Quintana Roo","Guajolotes Valor de la Producción (miles de pesos)",NA,NA,NA,NA,NA,10150.04,NA
"Económico","San Luis Potosí","Guajolotes Valor de la Producción (miles de pesos)",NA,NA,NA,NA,NA,5000.29,NA
"Económico","Sinaloa","Guajolotes Valor de la Producción (miles de pesos)",NA,NA,NA,NA,NA,NA,NA
"Económico","Sonora","Guajolotes Valor de la Producción (miles de pesos)",NA,NA,NA,NA,NA,NA,NA
"Económico","Tabasco","Guajolotes Valor de la Producción (miles de pesos)",NA,NA,NA,NA,NA,86755.07,NA
"Económico","Tamaulipas","Guajolotes Valor de la Producción (miles de pesos)",NA,NA,NA,NA,NA,NA,NA
"Económico","Tlaxcala","Guajolotes Valor de la Producción (miles de pesos)",NA,NA,NA,NA,NA,24432.32,NA
"Económico","Veracruz de Ignacio de la Llave","Guajolotes Valor de la Producción (miles de pesos)",NA,NA,NA,NA,NA,90261.95,NA
"Económico","Yucatán","Guajolotes Valor de la Producción (miles de pesos)",NA,NA,NA,NA,NA,302579.63,NA
"Económico","Zacatecas","Guajolotes Valor de la Producción (miles de pesos)",NA,NA,NA,NA,NA,1554.95,NA
"Género","Aguascalientes","Homicidios dolosos de mujeres y feminicidios #Con Lupa de Género",NA,NA,NA,NA,NA,NA,1.4
"Género","Baja California","Homicidios dolosos de mujeres y feminicidios #Con Lupa de Género",NA,NA,NA,NA,NA,NA,13.7
"Género","Baja California Sur","Homicidios dolosos de mujeres y feminicidios #Con Lupa de Género",NA,NA,NA,NA,NA,NA,0.9
"Género","Campeche","Homicidios dolosos de mujeres y feminicidios #Con Lupa de Género",NA,NA,NA,NA,NA,NA,3.3
"Género","Coahuila de Zaragoza","Homicidios dolosos de mujeres y feminicidios #Con Lupa de Género",NA,NA,NA,NA,NA,NA,0.8
"Género","Colima","Homicidios dolosos de mujeres y feminicidios #Con Lupa de Género",NA,NA,NA,NA,NA,NA,34.5
"Género","Chiapas","Homicidios dolosos de mujeres y feminicidios #Con Lupa de Género",NA,NA,NA,NA,NA,NA,2
"Género","Chihuahua","Homicidios dolosos de mujeres y feminicidios #Con Lupa de Género",NA,NA,NA,NA,NA,NA,12.9
"Género","Ciudad de México","Homicidios dolosos de mujeres y feminicidios #Con Lupa de Género",NA,NA,NA,NA,NA,NA,2.7
"Género","Durango","Homicidios dolosos de mujeres y feminicidios #Con Lupa de Género",NA,NA,NA,NA,NA,NA,1.7
"Género","Guanajuato","Homicidios dolosos de mujeres y feminicidios #Con Lupa de Género",NA,NA,NA,NA,NA,NA,12.3
"Género","Guerrero","Homicidios dolosos de mujeres y feminicidios #Con Lupa de Género",NA,NA,NA,NA,NA,NA,8.3
"Género","Hidalgo","Homicidios dolosos de mujeres y feminicidios #Con Lupa de Género",NA,NA,NA,NA,NA,NA,2.3
"Género","Jalisco","Homicidios dolosos de mujeres y feminicidios #Con Lupa de Género",NA,NA,NA,NA,NA,NA,4.2
"Género","México","Homicidios dolosos de mujeres y feminicidios #Con Lupa de Género",NA,NA,NA,NA,NA,NA,4.1
"Género","Michoacán de Ocampo","Homicidios dolosos de mujeres y feminicidios #Con Lupa de Género",NA,NA,NA,NA,NA,NA,6.9
"Género","Morelos","Homicidios dolosos de mujeres y feminicidios #Con Lupa de Género",NA,NA,NA,NA,NA,NA,15.2
"Género","Nayarit","Homicidios dolosos de mujeres y feminicidios #Con Lupa de Género",NA,NA,NA,NA,NA,NA,2.6
"Género","Nuevo León","Homicidios dolosos de mujeres y feminicidios #Con Lupa de Género",NA,NA,NA,NA,NA,NA,5.2
"Género","Oaxaca","Homicidios dolosos de mujeres y feminicidios #Con Lupa de Género",NA,NA,NA,NA,NA,NA,4.8
"Género","Puebla","Homicidios dolosos de mujeres y feminicidios #Con Lupa de Género",NA,NA,NA,NA,NA,NA,3
"Género","Querétaro","Homicidios dolosos de mujeres y feminicidios #Con Lupa de Género",NA,NA,NA,NA,NA,NA,2.1
"Género","Quintana Roo","Homicidios dolosos de mujeres y feminicidios #Con Lupa de Género",NA,NA,NA,NA,NA,NA,7.7
"Género","San Luis Potosí","Homicidios dolosos de mujeres y feminicidios #Con Lupa de Género",NA,NA,NA,NA,NA,NA,3.3
"Género","Sinaloa","Homicidios dolosos de mujeres y feminicidios #Con Lupa de Género",NA,NA,NA,NA,NA,NA,2.3
"Género","Sonora","Homicidios dolosos de mujeres y feminicidios #Con Lupa de Género",NA,NA,NA,NA,NA,NA,8.5
"Género","Tabasco","Homicidios dolosos de mujeres y feminicidios #Con Lupa de Género",NA,NA,NA,NA,NA,NA,2.2
"Género","Tamaulipas","Homicidios dolosos de mujeres y feminicidios #Con Lupa de Género",NA,NA,NA,NA,NA,NA,3.1
"Género","Tlaxcala","Homicidios dolosos de mujeres y feminicidios #Con Lupa de Género",NA,NA,NA,NA,NA,NA,2.2
"Género","Veracruz de Ignacio de la Llave","Homicidios dolosos de mujeres y feminicidios #Con Lupa de Género",NA,NA,NA,NA,NA,NA,2.6
"Género","Yucatán","Homicidios dolosos de mujeres y feminicidios #Con Lupa de Género",NA,NA,NA,NA,NA,NA,0.9
"Género","Zacatecas","Homicidios dolosos de mujeres y feminicidios #Con Lupa de Género",NA,NA,NA,NA,NA,NA,11.3
"Económico","Aguascalientes","Huevo para plato Producción (toneladas)",NA,NA,NA,NA,NA,8899.8,NA
"Económico","Baja California","Huevo para plato Producción (toneladas)",NA,NA,NA,NA,NA,31848.6,NA
"Económico","Baja California Sur","Huevo para plato Producción (toneladas)",NA,NA,NA,NA,NA,1006,NA
"Económico","Campeche","Huevo para plato Producción (toneladas)",NA,NA,NA,NA,NA,4818.4,NA
"Económico","Coahuila de Zaragoza","Huevo para plato Producción (toneladas)",NA,NA,NA,NA,NA,61699.7,NA
"Económico","Colima","Huevo para plato Producción (toneladas)",NA,NA,NA,NA,NA,1357.5,NA
"Económico","Chiapas","Huevo para plato Producción (toneladas)",NA,NA,NA,NA,NA,5459,NA
"Económico","Chihuahua","Huevo para plato Producción (toneladas)",NA,NA,NA,NA,NA,5861.6,NA
"Económico","Ciudad de México","Huevo para plato Producción (toneladas)",NA,NA,NA,NA,NA,78.8,NA
"Económico","Durango","Huevo para plato Producción (toneladas)",NA,NA,NA,NA,NA,78255.6,NA
"Económico","Guanajuato","Huevo para plato Producción (toneladas)",NA,NA,NA,NA,NA,69418.2,NA
"Económico","Guerrero","Huevo para plato Producción (toneladas)",NA,NA,NA,NA,NA,9090.4,NA
"Económico","Hidalgo","Huevo para plato Producción (toneladas)",NA,NA,NA,NA,NA,6601.1,NA
"Económico","Jalisco","Huevo para plato Producción (toneladas)",NA,NA,NA,NA,NA,1715937.6,NA
"Económico","México","Huevo para plato Producción (toneladas)",NA,NA,NA,NA,NA,15731,NA
"Económico","Michoacán de Ocampo","Huevo para plato Producción (toneladas)",NA,NA,NA,NA,NA,20736.4,NA
"Económico","Morelos","Huevo para plato Producción (toneladas)",NA,NA,NA,NA,NA,731.6,NA
"Económico","Nayarit","Huevo para plato Producción (toneladas)",NA,NA,NA,NA,NA,25199.1,NA
"Económico","Nuevo León","Huevo para plato Producción (toneladas)",NA,NA,NA,NA,NA,95245.1,NA
"Económico","Oaxaca","Huevo para plato Producción (toneladas)",NA,NA,NA,NA,NA,6879.2,NA
"Económico","Puebla","Huevo para plato Producción (toneladas)",NA,NA,NA,NA,NA,475816.3,NA
"Económico","Querétaro","Huevo para plato Producción (toneladas)",NA,NA,NA,NA,NA,19701,NA
"Económico","Quintana Roo","Huevo para plato Producción (toneladas)",NA,NA,NA,NA,NA,486,NA
"Económico","San Luis Potosí","Huevo para plato Producción (toneladas)",NA,NA,NA,NA,NA,113599.1,NA
"Económico","Sinaloa","Huevo para plato Producción (toneladas)",NA,NA,NA,NA,NA,76945.5,NA
"Económico","Sonora","Huevo para plato Producción (toneladas)",NA,NA,NA,NA,NA,181924.1,NA
"Económico","Tabasco","Huevo para plato Producción (toneladas)",NA,NA,NA,NA,NA,1389.1,NA
"Económico","Tamaulipas","Huevo para plato Producción (toneladas)",NA,NA,NA,NA,NA,1158.8,NA
"Económico","Tlaxcala","Huevo para plato Producción (toneladas)",NA,NA,NA,NA,NA,1717.6,NA
"Económico","Veracruz de Ignacio de la Llave","Huevo para plato Producción (toneladas)",NA,NA,NA,NA,NA,17549.5,NA
"Económico","Yucatán","Huevo para plato Producción (toneladas)",NA,NA,NA,NA,NA,111176.8,NA
"Económico","Zacatecas","Huevo para plato Producción (toneladas)",NA,NA,NA,NA,NA,5464.9,NA
"Económico","Aguascalientes","Huevo para plato Valor de la Producción (miles de pesos)",NA,NA,NA,NA,NA,262544.21,NA
"Económico","Baja California","Huevo para plato Valor de la Producción (miles de pesos)",NA,NA,NA,NA,NA,820578.43,NA
"Económico","Baja California Sur","Huevo para plato Valor de la Producción (miles de pesos)",NA,NA,NA,NA,NA,29719.14,NA
"Económico","Campeche","Huevo para plato Valor de la Producción (miles de pesos)",NA,NA,NA,NA,NA,134519.98,NA
"Económico","Coahuila de Zaragoza","Huevo para plato Valor de la Producción (miles de pesos)",NA,NA,NA,NA,NA,1566610.45,NA
"Económico","Colima","Huevo para plato Valor de la Producción (miles de pesos)",NA,NA,NA,NA,NA,38704.58,NA
"Económico","Chiapas","Huevo para plato Valor de la Producción (miles de pesos)",NA,NA,NA,NA,NA,194887.59,NA
"Económico","Chihuahua","Huevo para plato Valor de la Producción (miles de pesos)",NA,NA,NA,NA,NA,181124.52,NA
"Económico","Ciudad de México","Huevo para plato Valor de la Producción (miles de pesos)",NA,NA,NA,NA,NA,2988.66,NA
"Económico","Durango","Huevo para plato Valor de la Producción (miles de pesos)",NA,NA,NA,NA,NA,2024375.8,NA
"Económico","Guanajuato","Huevo para plato Valor de la Producción (miles de pesos)",NA,NA,NA,NA,NA,2246766.48,NA
"Económico","Guerrero","Huevo para plato Valor de la Producción (miles de pesos)",NA,NA,NA,NA,NA,313487.95,NA
"Económico","Hidalgo","Huevo para plato Valor de la Producción (miles de pesos)",NA,NA,NA,NA,NA,212502.95,NA
"Económico","Jalisco","Huevo para plato Valor de la Producción (miles de pesos)",NA,NA,NA,NA,NA,47456881.7,NA
"Económico","México","Huevo para plato Valor de la Producción (miles de pesos)",NA,NA,NA,NA,NA,439959.55,NA
"Económico","Michoacán de Ocampo","Huevo para plato Valor de la Producción (miles de pesos)",NA,NA,NA,NA,NA,602714.8,NA
"Económico","Morelos","Huevo para plato Valor de la Producción (miles de pesos)",NA,NA,NA,NA,NA,23982.84,NA
"Económico","Nayarit","Huevo para plato Valor de la Producción (miles de pesos)",NA,NA,NA,NA,NA,664613.4,NA
"Económico","Nuevo León","Huevo para plato Valor de la Producción (miles de pesos)",NA,NA,NA,NA,NA,2706888.66,NA
"Económico","Oaxaca","Huevo para plato Valor de la Producción (miles de pesos)",NA,NA,NA,NA,NA,194001.39,NA
"Económico","Puebla","Huevo para plato Valor de la Producción (miles de pesos)",NA,NA,NA,NA,NA,12356742.08,NA
"Económico","Querétaro","Huevo para plato Valor de la Producción (miles de pesos)",NA,NA,NA,NA,NA,569460.17,NA
"Económico","Quintana Roo","Huevo para plato Valor de la Producción (miles de pesos)",NA,NA,NA,NA,NA,19042.15,NA
"Económico","San Luis Potosí","Huevo para plato Valor de la Producción (miles de pesos)",NA,NA,NA,NA,NA,3105397.98,NA
"Económico","Sinaloa","Huevo para plato Valor de la Producción (miles de pesos)",NA,NA,NA,NA,NA,2209238.94,NA
"Económico","Sonora","Huevo para plato Valor de la Producción (miles de pesos)",NA,NA,NA,NA,NA,5516298.89,NA
"Económico","Tabasco","Huevo para plato Valor de la Producción (miles de pesos)",NA,NA,NA,NA,NA,50060.15,NA
"Económico","Tamaulipas","Huevo para plato Valor de la Producción (miles de pesos)",NA,NA,NA,NA,NA,30967.68,NA
"Económico","Tlaxcala","Huevo para plato Valor de la Producción (miles de pesos)",NA,NA,NA,NA,NA,52708.52,NA
"Económico","Veracruz de Ignacio de la Llave","Huevo para plato Valor de la Producción (miles de pesos)",NA,NA,NA,NA,NA,576806.63,NA
"Económico","Yucatán","Huevo para plato Valor de la Producción (miles de pesos)",NA,NA,NA,NA,NA,3214286.5,NA
"Económico","Zacatecas","Huevo para plato Valor de la Producción (miles de pesos)",NA,NA,NA,NA,NA,150228.24,NA
"Económico","Aguascalientes","Indicador Mensual de la Actividad Industrial por Entidad Federativa (IMAIEF)",NA,NA,NA,NA,NA,NA,96.31035221
"Económico","Baja California","Indicador Mensual de la Actividad Industrial por Entidad Federativa (IMAIEF)",NA,NA,NA,NA,NA,NA,116.4823515
"Económico","Baja California Sur","Indicador Mensual de la Actividad Industrial por Entidad Federativa (IMAIEF)",NA,NA,NA,NA,NA,NA,67.73301149
"Económico","Campeche","Indicador Mensual de la Actividad Industrial por Entidad Federativa (IMAIEF)",NA,NA,NA,NA,NA,NA,89.28183071
"Económico","Coahuila de Zaragoza","Indicador Mensual de la Actividad Industrial por Entidad Federativa (IMAIEF)",NA,NA,NA,NA,NA,NA,94.04674386
"Económico","Colima","Indicador Mensual de la Actividad Industrial por Entidad Federativa (IMAIEF)",NA,NA,NA,NA,NA,NA,98.09607337
"Económico","Chiapas","Indicador Mensual de la Actividad Industrial por Entidad Federativa (IMAIEF)",NA,NA,NA,NA,NA,NA,114.950651
"Económico","Chihuahua","Indicador Mensual de la Actividad Industrial por Entidad Federativa (IMAIEF)",NA,NA,NA,NA,NA,NA,118.2532041
"Económico","Ciudad de México","Indicador Mensual de la Actividad Industrial por Entidad Federativa (IMAIEF)",NA,NA,NA,NA,NA,NA,105.1524915
"Económico","Durango","Indicador Mensual de la Actividad Industrial por Entidad Federativa (IMAIEF)",NA,NA,NA,NA,NA,NA,123.5350191
"Económico","Guanajuato","Indicador Mensual de la Actividad Industrial por Entidad Federativa (IMAIEF)",NA,NA,NA,NA,NA,NA,101.9319819
"Económico","Guerrero","Indicador Mensual de la Actividad Industrial por Entidad Federativa (IMAIEF)",NA,NA,NA,NA,NA,NA,90.2505549
"Económico","Hidalgo","Indicador Mensual de la Actividad Industrial por Entidad Federativa (IMAIEF)",NA,NA,NA,NA,NA,NA,105.5346255
"Económico","Jalisco","Indicador Mensual de la Actividad Industrial por Entidad Federativa (IMAIEF)",NA,NA,NA,NA,NA,NA,104.1581986
"Económico","México","Indicador Mensual de la Actividad Industrial por Entidad Federativa (IMAIEF)",NA,NA,NA,NA,NA,NA,95.78573854
"Económico","Michoacán de Ocampo","Indicador Mensual de la Actividad Industrial por Entidad Federativa (IMAIEF)",NA,NA,NA,NA,NA,NA,99.98731605
"Económico","Morelos","Indicador Mensual de la Actividad Industrial por Entidad Federativa (IMAIEF)",NA,NA,NA,NA,NA,NA,96.66881464
"Económico","Nayarit","Indicador Mensual de la Actividad Industrial por Entidad Federativa (IMAIEF)",NA,NA,NA,NA,NA,NA,84.33640222
"Económico","Nuevo León","Indicador Mensual de la Actividad Industrial por Entidad Federativa (IMAIEF)",NA,NA,NA,NA,NA,NA,105.6136657
"Económico","Oaxaca","Indicador Mensual de la Actividad Industrial por Entidad Federativa (IMAIEF)",NA,NA,NA,NA,NA,NA,141.7892346
"Económico","Puebla","Indicador Mensual de la Actividad Industrial por Entidad Federativa (IMAIEF)",NA,NA,NA,NA,NA,NA,104.6141635
"Económico","Querétaro","Indicador Mensual de la Actividad Industrial por Entidad Federativa (IMAIEF)",NA,NA,NA,NA,NA,NA,102.1561122
"Económico","Quintana Roo","Indicador Mensual de la Actividad Industrial por Entidad Federativa (IMAIEF)",NA,NA,NA,NA,NA,NA,236.7882099
"Económico","San Luis Potosí","Indicador Mensual de la Actividad Industrial por Entidad Federativa (IMAIEF)",NA,NA,NA,NA,NA,NA,109.3479081
"Económico","Sinaloa","Indicador Mensual de la Actividad Industrial por Entidad Federativa (IMAIEF)",NA,NA,NA,NA,NA,NA,90.84953115
"Económico","Sonora","Indicador Mensual de la Actividad Industrial por Entidad Federativa (IMAIEF)",NA,NA,NA,NA,NA,NA,110.073389
"Económico","Tabasco","Indicador Mensual de la Actividad Industrial por Entidad Federativa (IMAIEF)",NA,NA,NA,NA,NA,NA,157.3041431
"Económico","Tamaulipas","Indicador Mensual de la Actividad Industrial por Entidad Federativa (IMAIEF)",NA,NA,NA,NA,NA,NA,100.5270264
"Económico","Tlaxcala","Indicador Mensual de la Actividad Industrial por Entidad Federativa (IMAIEF)",NA,NA,NA,NA,NA,NA,102.1067766
"Económico","Veracruz de Ignacio de la Llave","Indicador Mensual de la Actividad Industrial por Entidad Federativa (IMAIEF)",NA,NA,NA,NA,NA,NA,112.8837039
"Económico","Yucatán","Indicador Mensual de la Actividad Industrial por Entidad Federativa (IMAIEF)",NA,NA,NA,NA,NA,NA,107.5188896
"Económico","Zacatecas","Indicador Mensual de la Actividad Industrial por Entidad Federativa (IMAIEF)",NA,NA,NA,NA,NA,NA,93.80660242
"Económico","Aguascalientes","Índicador Trimestral de la Actividad Económica Estatal ITAEE",NA,NA,NA,NA,NA,NA,100.2
"Económico","Baja California","Índicador Trimestral de la Actividad Económica Estatal ITAEE",NA,NA,NA,NA,NA,NA,107.1
"Económico","Baja California Sur","Índicador Trimestral de la Actividad Económica Estatal ITAEE",NA,NA,NA,NA,NA,NA,101.6
"Económico","Campeche","Índicador Trimestral de la Actividad Económica Estatal ITAEE",NA,NA,NA,NA,NA,NA,90.3
"Económico","Coahuila de Zaragoza","Índicador Trimestral de la Actividad Económica Estatal ITAEE",NA,NA,NA,NA,NA,NA,95.1
"Económico","Colima","Índicador Trimestral de la Actividad Económica Estatal ITAEE",NA,NA,NA,NA,NA,NA,102.8
"Económico","Chiapas","Índicador Trimestral de la Actividad Económica Estatal ITAEE",NA,NA,NA,NA,NA,NA,109.3
"Económico","Chihuahua","Índicador Trimestral de la Actividad Económica Estatal ITAEE",NA,NA,NA,NA,NA,NA,109.7
"Económico","Ciudad de México","Índicador Trimestral de la Actividad Económica Estatal ITAEE",NA,NA,NA,NA,NA,NA,103.5
"Económico","Durango","Índicador Trimestral de la Actividad Económica Estatal ITAEE",NA,NA,NA,NA,NA,NA,104.4
"Económico","Guanajuato","Índicador Trimestral de la Actividad Económica Estatal ITAEE",NA,NA,NA,NA,NA,NA,102.3
"Económico","Guerrero","Índicador Trimestral de la Actividad Económica Estatal ITAEE",NA,NA,NA,NA,NA,NA,98.2
"Económico","Hidalgo","Índicador Trimestral de la Actividad Económica Estatal ITAEE",NA,NA,NA,NA,NA,NA,108.1
"Económico","Jalisco","Índicador Trimestral de la Actividad Económica Estatal ITAEE",NA,NA,NA,NA,NA,NA,103.8
"Económico","México","Índicador Trimestral de la Actividad Económica Estatal ITAEE",NA,NA,NA,NA,NA,NA,103.9
"Económico","Michoacán de Ocampo","Índicador Trimestral de la Actividad Económica Estatal ITAEE",NA,NA,NA,NA,NA,NA,105.9
"Económico","Morelos","Índicador Trimestral de la Actividad Económica Estatal ITAEE",NA,NA,NA,NA,NA,NA,98
"Económico","Nayarit","Índicador Trimestral de la Actividad Económica Estatal ITAEE",NA,NA,NA,NA,NA,NA,104.1
"Económico","Nuevo León","Índicador Trimestral de la Actividad Económica Estatal ITAEE",NA,NA,NA,NA,NA,NA,106
"Económico","Oaxaca","Índicador Trimestral de la Actividad Económica Estatal ITAEE",NA,NA,NA,NA,NA,NA,118
"Económico","Puebla","Índicador Trimestral de la Actividad Económica Estatal ITAEE",NA,NA,NA,NA,NA,NA,101.5
"Económico","Querétaro","Índicador Trimestral de la Actividad Económica Estatal ITAEE",NA,NA,NA,NA,NA,NA,1004.4
"Económico","Quintana Roo","Índicador Trimestral de la Actividad Económica Estatal ITAEE",NA,NA,NA,NA,NA,NA,111
"Económico","San Luis Potosí","Índicador Trimestral de la Actividad Económica Estatal ITAEE",NA,NA,NA,NA,NA,NA,103.6
"Económico","Sinaloa","Índicador Trimestral de la Actividad Económica Estatal ITAEE",NA,NA,NA,NA,NA,NA,101.3
"Económico","Sonora","Índicador Trimestral de la Actividad Económica Estatal ITAEE",NA,NA,NA,NA,NA,NA,105.4
"Económico","Tabasco","Índicador Trimestral de la Actividad Económica Estatal ITAEE",NA,NA,NA,NA,NA,NA,138.1
"Económico","Tamaulipas","Índicador Trimestral de la Actividad Económica Estatal ITAEE",NA,NA,NA,NA,NA,NA,102.2
"Económico","Tlaxcala","Índicador Trimestral de la Actividad Económica Estatal ITAEE",NA,NA,NA,NA,NA,NA,101.3
"Económico","Veracruz de Ignacio de la Llave","Índicador Trimestral de la Actividad Económica Estatal ITAEE",NA,NA,NA,NA,NA,NA,106.3
"Económico","Yucatán","Índicador Trimestral de la Actividad Económica Estatal ITAEE",NA,NA,NA,NA,NA,NA,107.7
"Económico","Zacatecas","Índicador Trimestral de la Actividad Económica Estatal ITAEE",NA,NA,NA,NA,NA,NA,98.9
"Económico","Aguascalientes","Índice de Competitividad Estatal ICE",NA,NA,NA,NA,NA,NA,46.9
"Económico","Baja California","Índice de Competitividad Estatal ICE",NA,NA,NA,NA,NA,NA,43.5
"Económico","Baja California Sur","Índice de Competitividad Estatal ICE",NA,NA,NA,NA,NA,NA,53.7
"Económico","Campeche","Índice de Competitividad Estatal ICE",NA,NA,NA,NA,NA,NA,45.1
"Económico","Coahuila de Zaragoza","Índice de Competitividad Estatal ICE",NA,NA,NA,NA,NA,NA,50.3
"Económico","Colima","Índice de Competitividad Estatal ICE",NA,NA,NA,NA,NA,NA,43.2
"Económico","Chiapas","Índice de Competitividad Estatal ICE",NA,NA,NA,NA,NA,NA,29.6
"Económico","Chihuahua","Índice de Competitividad Estatal ICE",NA,NA,NA,NA,NA,NA,46
"Económico","Ciudad de México","Índice de Competitividad Estatal ICE",NA,NA,NA,NA,NA,NA,75
"Económico","Durango","Índice de Competitividad Estatal ICE",NA,NA,NA,NA,NA,NA,40.4
"Económico","Guanajuato","Índice de Competitividad Estatal ICE",NA,NA,NA,NA,NA,NA,36.5
"Económico","Guerrero","Índice de Competitividad Estatal ICE",NA,NA,NA,NA,NA,NA,27.5
"Económico","Hidalgo","Índice de Competitividad Estatal ICE",NA,NA,NA,NA,NA,NA,33.3
"Económico","Jalisco","Índice de Competitividad Estatal ICE",NA,NA,NA,NA,NA,NA,45.8
"Económico","México","Índice de Competitividad Estatal ICE",NA,NA,NA,NA,NA,NA,36.6
"Económico","Michoacán de Ocampo","Índice de Competitividad Estatal ICE",NA,NA,NA,NA,NA,NA,31.3
"Económico","Morelos","Índice de Competitividad Estatal ICE",NA,NA,NA,NA,NA,NA,33.3
"Económico","Nayarit","Índice de Competitividad Estatal ICE",NA,NA,NA,NA,NA,NA,40.2
"Económico","Nuevo León","Índice de Competitividad Estatal ICE",NA,NA,NA,NA,NA,NA,49.9
"Económico","Oaxaca","Índice de Competitividad Estatal ICE",NA,NA,NA,NA,NA,NA,25
"Económico","Puebla","Índice de Competitividad Estatal ICE",NA,NA,NA,NA,NA,NA,31.6
"Económico","Querétaro","Índice de Competitividad Estatal ICE",NA,NA,NA,NA,NA,NA,47.9
"Económico","Quintana Roo","Índice de Competitividad Estatal ICE",NA,NA,NA,NA,NA,NA,43.3
"Económico","San Luis Potosí","Índice de Competitividad Estatal ICE",NA,NA,NA,NA,NA,NA,40.3
"Económico","Sinaloa","Índice de Competitividad Estatal ICE",NA,NA,NA,NA,NA,NA,43.6
"Económico","Sonora","Índice de Competitividad Estatal ICE",NA,NA,NA,NA,NA,NA,46.5
"Económico","Tabasco","Índice de Competitividad Estatal ICE",NA,NA,NA,NA,NA,NA,39.6
"Económico","Tamaulipas","Índice de Competitividad Estatal ICE",NA,NA,NA,NA,NA,NA,44.6
"Económico","Tlaxcala","Índice de Competitividad Estatal ICE",NA,NA,NA,NA,NA,NA,34.2
"Económico","Veracruz de Ignacio de la Llave","Índice de Competitividad Estatal ICE",NA,NA,NA,NA,NA,NA,34.2
"Económico","Yucatán","Índice de Competitividad Estatal ICE",NA,NA,NA,NA,NA,NA,46.5
"Económico","Zacatecas","Índice de Competitividad Estatal ICE",NA,NA,NA,NA,NA,NA,31.8
"Gobierno","Aguascalientes","Índice de Desarrollo Democrático IDD-Mex",NA,NA,NA,NA,NA,4864,NA
"Gobierno","Baja California","Índice de Desarrollo Democrático IDD-Mex",NA,NA,NA,NA,NA,6082,NA
"Gobierno","Baja California Sur","Índice de Desarrollo Democrático IDD-Mex",NA,NA,NA,NA,NA,10000,NA
"Gobierno","Campeche","Índice de Desarrollo Democrático IDD-Mex",NA,NA,NA,NA,NA,7860,NA
"Gobierno","Coahuila de Zaragoza","Índice de Desarrollo Democrático IDD-Mex",NA,NA,NA,NA,NA,3874,NA
"Gobierno","Colima","Índice de Desarrollo Democrático IDD-Mex",NA,NA,NA,NA,NA,6855,NA
"Gobierno","Chiapas","Índice de Desarrollo Democrático IDD-Mex",NA,NA,NA,NA,NA,3904,NA
"Gobierno","Chihuahua","Índice de Desarrollo Democrático IDD-Mex",NA,NA,NA,NA,NA,5277,NA
"Gobierno","Ciudad de México","Índice de Desarrollo Democrático IDD-Mex",NA,NA,NA,NA,NA,8679,NA
"Gobierno","Durango","Índice de Desarrollo Democrático IDD-Mex",NA,NA,NA,NA,NA,6258,NA
"Gobierno","Guanajuato","Índice de Desarrollo Democrático IDD-Mex",NA,NA,NA,NA,NA,3071,NA
"Gobierno","Guerrero","Índice de Desarrollo Democrático IDD-Mex",NA,NA,NA,NA,NA,1638,NA
"Gobierno","Hidalgo","Índice de Desarrollo Democrático IDD-Mex",NA,NA,NA,NA,NA,5755,NA
"Gobierno","Jalisco","Índice de Desarrollo Democrático IDD-Mex",NA,NA,NA,NA,NA,6914,NA
"Gobierno","México","Índice de Desarrollo Democrático IDD-Mex",NA,NA,NA,NA,NA,4790,NA
"Gobierno","Michoacán de Ocampo","Índice de Desarrollo Democrático IDD-Mex",NA,NA,NA,NA,NA,3702,NA
"Gobierno","Morelos","Índice de Desarrollo Democrático IDD-Mex",NA,NA,NA,NA,NA,0,NA
"Gobierno","Nayarit","Índice de Desarrollo Democrático IDD-Mex",NA,NA,NA,NA,NA,8032,NA
"Gobierno","Nuevo León","Índice de Desarrollo Democrático IDD-Mex",NA,NA,NA,NA,NA,5174,NA
"Gobierno","Oaxaca","Índice de Desarrollo Democrático IDD-Mex",NA,NA,NA,NA,NA,4130,NA
"Gobierno","Puebla","Índice de Desarrollo Democrático IDD-Mex",NA,NA,NA,NA,NA,3496,NA
"Gobierno","Querétaro","Índice de Desarrollo Democrático IDD-Mex",NA,NA,NA,NA,NA,7261,NA
"Gobierno","Quintana Roo","Índice de Desarrollo Democrático IDD-Mex",NA,NA,NA,NA,NA,3042,NA
"Gobierno","San Luis Potosí","Índice de Desarrollo Democrático IDD-Mex",NA,NA,NA,NA,NA,6877,NA
"Gobierno","Sinaloa","Índice de Desarrollo Democrático IDD-Mex",NA,NA,NA,NA,NA,5861,NA
"Gobierno","Sonora","Índice de Desarrollo Democrático IDD-Mex",NA,NA,NA,NA,NA,7358,NA
"Gobierno","Tabasco","Índice de Desarrollo Democrático IDD-Mex",NA,NA,NA,NA,NA,6849,NA
"Gobierno","Tamaulipas","Índice de Desarrollo Democrático IDD-Mex",NA,NA,NA,NA,NA,6558,NA
"Gobierno","Tlaxcala","Índice de Desarrollo Democrático IDD-Mex",NA,NA,NA,NA,NA,4962,NA
"Gobierno","Veracruz de Ignacio de la Llave","Índice de Desarrollo Democrático IDD-Mex",NA,NA,NA,NA,NA,2788,NA
"Gobierno","Yucatán","Índice de Desarrollo Democrático IDD-Mex",NA,NA,NA,NA,NA,9031,NA
"Gobierno","Zacatecas","Índice de Desarrollo Democrático IDD-Mex",NA,NA,NA,NA,NA,2640,NA
"Social","Aguascalientes","Índice de Intensidad Migratoria DP2",NA,NA,21.81,NA,NA,NA,NA
"Social","Baja California","Índice de Intensidad Migratoria DP2",NA,NA,21.89,NA,NA,NA,NA
"Social","Baja California Sur","Índice de Intensidad Migratoria DP2",NA,NA,20.9,NA,NA,NA,NA
"Social","Campeche","Índice de Intensidad Migratoria DP2",NA,NA,19.44,NA,NA,NA,NA
"Social","Coahuila de Zaragoza","Índice de Intensidad Migratoria DP2",NA,NA,21.36,NA,NA,NA,NA
"Social","Colima","Índice de Intensidad Migratoria DP2",NA,NA,19.37,NA,NA,NA,NA
"Social","Chiapas","Índice de Intensidad Migratoria DP2",NA,NA,21.92,NA,NA,NA,NA
"Social","Chihuahua","Índice de Intensidad Migratoria DP2",NA,NA,18.64,NA,NA,NA,NA
"Social","Ciudad de México","Índice de Intensidad Migratoria DP2",NA,NA,17.62,NA,NA,NA,NA
"Social","Durango","Índice de Intensidad Migratoria DP2",NA,NA,18.66,NA,NA,NA,NA
"Social","Guanajuato","Índice de Intensidad Migratoria DP2",NA,NA,18.89,NA,NA,NA,NA
"Social","Guerrero","Índice de Intensidad Migratoria DP2",NA,NA,19.71,NA,NA,NA,NA
"Social","Hidalgo","Índice de Intensidad Migratoria DP2",NA,NA,21.78,NA,NA,NA,NA
"Social","Jalisco","Índice de Intensidad Migratoria DP2",NA,NA,17.46,NA,NA,NA,NA
"Social","México","Índice de Intensidad Migratoria DP2",NA,NA,20.01,NA,NA,NA,NA
"Social","Michoacán de Ocampo","Índice de Intensidad Migratoria DP2",NA,NA,17.54,NA,NA,NA,NA
"Social","Morelos","Índice de Intensidad Migratoria DP2",NA,NA,21.39,NA,NA,NA,NA
"Social","Nayarit","Índice de Intensidad Migratoria DP2",NA,NA,18.63,NA,NA,NA,NA
"Social","Nuevo León","Índice de Intensidad Migratoria DP2",NA,NA,20.55,NA,NA,NA,NA
"Social","Oaxaca","Índice de Intensidad Migratoria DP2",NA,NA,19.91,NA,NA,NA,NA
"Social","Puebla","Índice de Intensidad Migratoria DP2",NA,NA,22.07,NA,NA,NA,NA
"Social","Querétaro","Índice de Intensidad Migratoria DP2",NA,NA,18.27,NA,NA,NA,NA
"Social","Quintana Roo","Índice de Intensidad Migratoria DP2",NA,NA,20.17,NA,NA,NA,NA
"Social","San Luis Potosí","Índice de Intensidad Migratoria DP2",NA,NA,19.99,NA,NA,NA,NA
"Social","Sinaloa","Índice de Intensidad Migratoria DP2",NA,NA,22.18,NA,NA,NA,NA
"Social","Sonora","Índice de Intensidad Migratoria DP2",NA,NA,20.4,NA,NA,NA,NA
"Social","Tabasco","Índice de Intensidad Migratoria DP2",NA,NA,21.09,NA,NA,NA,NA
"Social","Tamaulipas","Índice de Intensidad Migratoria DP2",NA,NA,21.02,NA,NA,NA,NA
"Social","Tlaxcala","Índice de Intensidad Migratoria DP2",NA,NA,21.86,NA,NA,NA,NA
"Social","Veracruz de Ignacio de la Llave","Índice de Intensidad Migratoria DP2",NA,NA,15.9,NA,NA,NA,NA
"Social","Yucatán","Índice de Intensidad Migratoria DP2",NA,NA,NA,NA,NA,NA,NA
"Social","Zacatecas","Índice de Intensidad Migratoria DP2",NA,NA,NA,NA,NA,NA,NA
"Económico","Aguascalientes","Índice de la Tendencia Laboral de la Pobreza (ITLP)",NA,NA,NA,NA,NA,NA,1.2394
"Económico","Baja California","Índice de la Tendencia Laboral de la Pobreza (ITLP)",NA,NA,NA,NA,NA,NA,0.97
"Económico","Baja California Sur","Índice de la Tendencia Laboral de la Pobreza (ITLP)",NA,NA,NA,NA,NA,NA,0.914
"Económico","Campeche","Índice de la Tendencia Laboral de la Pobreza (ITLP)",NA,NA,NA,NA,NA,NA,0.8106
"Económico","Coahuila de Zaragoza","Índice de la Tendencia Laboral de la Pobreza (ITLP)",NA,NA,NA,NA,NA,NA,0.9373
"Económico","Colima","Índice de la Tendencia Laboral de la Pobreza (ITLP)",NA,NA,NA,NA,NA,NA,0.8836
"Económico","Chiapas","Índice de la Tendencia Laboral de la Pobreza (ITLP)",NA,NA,NA,NA,NA,NA,0.9193
"Económico","Chihuahua","Índice de la Tendencia Laboral de la Pobreza (ITLP)",NA,NA,NA,NA,NA,NA,0.8697
"Económico","Ciudad de México","Índice de la Tendencia Laboral de la Pobreza (ITLP)",NA,NA,NA,NA,NA,NA,0.8921
"Económico","Durango","Índice de la Tendencia Laboral de la Pobreza (ITLP)",NA,NA,NA,NA,NA,NA,0.9004
"Económico","Guanajuato","Índice de la Tendencia Laboral de la Pobreza (ITLP)",NA,NA,NA,NA,NA,NA,1.1894
"Económico","Guerrero","Índice de la Tendencia Laboral de la Pobreza (ITLP)",NA,NA,NA,NA,NA,NA,0.9275
"Económico","Hidalgo","Índice de la Tendencia Laboral de la Pobreza (ITLP)",NA,NA,NA,NA,NA,NA,0.992
"Económico","Jalisco","Índice de la Tendencia Laboral de la Pobreza (ITLP)",NA,NA,NA,NA,NA,NA,0.968
"Económico","México","Índice de la Tendencia Laboral de la Pobreza (ITLP)",NA,NA,NA,NA,NA,NA,0.9198
"Económico","Michoacán de Ocampo","Índice de la Tendencia Laboral de la Pobreza (ITLP)",NA,NA,NA,NA,NA,NA,1.0936
"Económico","Morelos","Índice de la Tendencia Laboral de la Pobreza (ITLP)",NA,NA,NA,NA,NA,NA,0.9759
"Económico","Nayarit","Índice de la Tendencia Laboral de la Pobreza (ITLP)",NA,NA,NA,NA,NA,NA,0.7579
"Económico","Nuevo León","Índice de la Tendencia Laboral de la Pobreza (ITLP)",NA,NA,NA,NA,NA,NA,1.0986
"Económico","Oaxaca","Índice de la Tendencia Laboral de la Pobreza (ITLP)",NA,NA,NA,NA,NA,NA,0.9864
"Económico","Puebla","Índice de la Tendencia Laboral de la Pobreza (ITLP)",NA,NA,NA,NA,NA,NA,0.9786
"Económico","Querétaro","Índice de la Tendencia Laboral de la Pobreza (ITLP)",NA,NA,NA,NA,NA,NA,0.9886
"Económico","Quintana Roo","Índice de la Tendencia Laboral de la Pobreza (ITLP)",NA,NA,NA,NA,NA,NA,0.8264
"Económico","San Luis Potosí","Índice de la Tendencia Laboral de la Pobreza (ITLP)",NA,NA,NA,NA,NA,NA,0.7866
"Económico","Sinaloa","Índice de la Tendencia Laboral de la Pobreza (ITLP)",NA,NA,NA,NA,NA,NA,0.9845
"Económico","Sonora","Índice de la Tendencia Laboral de la Pobreza (ITLP)",NA,NA,NA,NA,NA,NA,1.0586
"Económico","Tabasco","Índice de la Tendencia Laboral de la Pobreza (ITLP)",NA,NA,NA,NA,NA,NA,1.011
"Económico","Tamaulipas","Índice de la Tendencia Laboral de la Pobreza (ITLP)",NA,NA,NA,NA,NA,NA,0.8355
"Económico","Tlaxcala","Índice de la Tendencia Laboral de la Pobreza (ITLP)",NA,NA,NA,NA,NA,NA,0.9093
"Económico","Veracruz de Ignacio de la Llave","Índice de la Tendencia Laboral de la Pobreza (ITLP)",NA,NA,NA,NA,NA,NA,0.9262
"Económico","Yucatán","Índice de la Tendencia Laboral de la Pobreza (ITLP)",NA,NA,NA,NA,NA,NA,0.8355
"Económico","Zacatecas","Índice de la Tendencia Laboral de la Pobreza (ITLP)",NA,NA,NA,NA,NA,NA,0.9862
"Social","Aguascalientes","Índice de marginación",NA,NA,22.21,NA,NA,NA,NA
"Social","Baja California","Índice de marginación",NA,NA,21.38,NA,NA,NA,NA
"Social","Baja California Sur","Índice de marginación",NA,NA,21.47,NA,NA,NA,NA
"Social","Campeche","Índice de marginación",NA,NA,17.81,NA,NA,NA,NA
"Social","Coahuila de Zaragoza","Índice de marginación",NA,NA,22.55,NA,NA,NA,NA
"Social","Colima","Índice de marginación",NA,NA,21.53,NA,NA,NA,NA
"Social","Chiapas","Índice de marginación",NA,NA,12,NA,NA,NA,NA
"Social","Chihuahua","Índice de marginación",NA,NA,20.02,NA,NA,NA,NA
"Social","Ciudad de México","Índice de marginación",NA,NA,23.14,NA,NA,NA,NA
"Social","Durango","Índice de marginación",NA,NA,18.47,NA,NA,NA,NA
"Social","Guanajuato","Índice de marginación",NA,NA,19.42,NA,NA,NA,NA
"Social","Guerrero","Índice de marginación",NA,NA,10.99,NA,NA,NA,NA
"Social","Hidalgo","Índice de marginación",NA,NA,18.05,NA,NA,NA,NA
"Social","Jalisco","Índice de marginación",NA,NA,21.82,NA,NA,NA,NA
"Social","México","Índice de marginación",NA,NA,20.8,NA,NA,NA,NA
"Social","Michoacán de Ocampo","Índice de marginación",NA,NA,18.28,NA,NA,NA,NA
"Social","Morelos","Índice de marginación",NA,NA,19.81,NA,NA,NA,NA
"Social","Nayarit","Índice de marginación",NA,NA,17.52,NA,NA,NA,NA
"Social","Nuevo León","Índice de marginación",NA,NA,23.44,NA,NA,NA,NA
"Social","Oaxaca","Índice de marginación",NA,NA,13.22,NA,NA,NA,NA
"Social","Puebla","Índice de marginación",NA,NA,17.72,NA,NA,NA,NA
"Social","Querétaro","Índice de marginación",NA,NA,20.84,NA,NA,NA,NA
"Social","Quintana Roo","Índice de marginación",NA,NA,20.63,NA,NA,NA,NA
"Social","San Luis Potosí","Índice de marginación",NA,NA,18.69,NA,NA,NA,NA
"Social","Sinaloa","Índice de marginación",NA,NA,20.51,NA,NA,NA,NA
"Social","Sonora","Índice de marginación",NA,NA,21.41,NA,NA,NA,NA
"Social","Tabasco","Índice de marginación",NA,NA,18.33,NA,NA,NA,NA
"Social","Tamaulipas","Índice de marginación",NA,NA,21,NA,NA,NA,NA
"Social","Tlaxcala","Índice de marginación",NA,NA,19.87,NA,NA,NA,NA
"Social","Veracruz de Ignacio de la Llave","Índice de marginación",NA,NA,16.41,NA,NA,NA,NA
"Social","Yucatán","Índice de marginación",NA,NA,17.51,NA,NA,NA,NA
"Social","Zacatecas","Índice de marginación",NA,NA,19.5,NA,NA,NA,NA
"Gobierno","Aguascalientes","Índice de Monitoreo y Evaluación",NA,NA,NA,NA,NA,93.5,NA
"Gobierno","Baja California","Índice de Monitoreo y Evaluación",NA,NA,NA,NA,NA,93.5,NA
"Gobierno","Baja California Sur","Índice de Monitoreo y Evaluación",NA,NA,NA,NA,NA,64.8,NA
"Gobierno","Campeche","Índice de Monitoreo y Evaluación",NA,NA,NA,NA,NA,92.6,NA
"Gobierno","Coahuila de Zaragoza","Índice de Monitoreo y Evaluación",NA,NA,NA,NA,NA,88,NA
"Gobierno","Colima","Índice de Monitoreo y Evaluación",NA,NA,NA,NA,NA,98.1,NA
"Gobierno","Chiapas","Índice de Monitoreo y Evaluación",NA,NA,NA,NA,NA,78.7,NA
"Gobierno","Chihuahua","Índice de Monitoreo y Evaluación",NA,NA,NA,NA,NA,95.4,NA
"Gobierno","Ciudad de México","Índice de Monitoreo y Evaluación",NA,NA,NA,NA,NA,95.4,NA
"Gobierno","Durango","Índice de Monitoreo y Evaluación",NA,NA,NA,NA,NA,96.3,NA
"Gobierno","Guanajuato","Índice de Monitoreo y Evaluación",NA,NA,NA,NA,NA,97.2,NA
"Gobierno","Guerrero","Índice de Monitoreo y Evaluación",NA,NA,NA,NA,NA,92.6,NA
"Gobierno","Hidalgo","Índice de Monitoreo y Evaluación",NA,NA,NA,NA,NA,99.1,NA
"Gobierno","Jalisco","Índice de Monitoreo y Evaluación",NA,NA,NA,NA,NA,99.1,NA
"Gobierno","México","Índice de Monitoreo y Evaluación",NA,NA,NA,NA,NA,97.2,NA
"Gobierno","Michoacán de Ocampo","Índice de Monitoreo y Evaluación",NA,NA,NA,NA,NA,88.9,NA
"Gobierno","Morelos","Índice de Monitoreo y Evaluación",NA,NA,NA,NA,NA,95.4,NA
"Gobierno","Nayarit","Índice de Monitoreo y Evaluación",NA,NA,NA,NA,NA,94.4,NA
"Gobierno","Nuevo León","Índice de Monitoreo y Evaluación",NA,NA,NA,NA,NA,96.3,NA
"Gobierno","Oaxaca","Índice de Monitoreo y Evaluación",NA,NA,NA,NA,NA,99.1,NA
"Gobierno","Puebla","Índice de Monitoreo y Evaluación",NA,NA,NA,NA,NA,95.4,NA
"Gobierno","Querétaro","Índice de Monitoreo y Evaluación",NA,NA,NA,NA,NA,90.7,NA
"Gobierno","Quintana Roo","Índice de Monitoreo y Evaluación",NA,NA,NA,NA,NA,90.7,NA
"Gobierno","San Luis Potosí","Índice de Monitoreo y Evaluación",NA,NA,NA,NA,NA,87,NA
"Gobierno","Sinaloa","Índice de Monitoreo y Evaluación",NA,NA,NA,NA,NA,77.8,NA
"Gobierno","Sonora","Índice de Monitoreo y Evaluación",NA,NA,NA,NA,NA,88,NA
"Gobierno","Tabasco","Índice de Monitoreo y Evaluación",NA,NA,NA,NA,NA,95.4,NA
"Gobierno","Tamaulipas","Índice de Monitoreo y Evaluación",NA,NA,NA,NA,NA,93.5,NA
"Gobierno","Tlaxcala","Índice de Monitoreo y Evaluación",NA,NA,NA,NA,NA,92.6,NA
"Gobierno","Veracruz de Ignacio de la Llave","Índice de Monitoreo y Evaluación",NA,NA,NA,NA,NA,93.5,NA
"Gobierno","Yucatán","Índice de Monitoreo y Evaluación",NA,NA,NA,NA,NA,96.3,NA
"Gobierno","Zacatecas","Índice de Monitoreo y Evaluación",NA,NA,NA,NA,NA,98.1,NA
"Social","Aguascalientes","Índice de Rezago Social",NA,NA,-1.1,NA,NA,NA,NA
"Social","Baja California","Índice de Rezago Social",NA,NA,-0.64,NA,NA,NA,NA
"Social","Baja California Sur","Índice de Rezago Social",NA,NA,-0.32,NA,NA,NA,NA
"Social","Campeche","Índice de Rezago Social",NA,NA,0.24,NA,NA,NA,NA
"Social","Coahuila de Zaragoza","Índice de Rezago Social",NA,NA,-1.15,NA,NA,NA,NA
"Social","Colima","Índice de Rezago Social",NA,NA,-0.69,NA,NA,NA,NA
"Social","Chiapas","Índice de Rezago Social",NA,NA,2.64,NA,NA,NA,NA
"Social","Chihuahua","Índice de Rezago Social",NA,NA,-0.52,NA,NA,NA,NA
"Social","Ciudad de México","Índice de Rezago Social",NA,NA,-1.12,NA,NA,NA,NA
"Social","Durango","Índice de Rezago Social",NA,NA,-0.05,NA,NA,NA,NA
"Social","Guanajuato","Índice de Rezago Social",NA,NA,-0.21,NA,NA,NA,NA
"Social","Guerrero","Índice de Rezago Social",NA,NA,2.45,NA,NA,NA,NA
"Social","Hidalgo","Índice de Rezago Social",NA,NA,0.32,NA,NA,NA,NA
"Social","Jalisco","Índice de Rezago Social",NA,NA,-0.62,NA,NA,NA,NA
"Social","México","Índice de Rezago Social",NA,NA,-0.3,NA,NA,NA,NA
"Social","Michoacán de Ocampo","Índice de Rezago Social",NA,NA,0.53,NA,NA,NA,NA
"Social","Morelos","Índice de Rezago Social",NA,NA,-0.13,NA,NA,NA,NA
"Social","Nayarit","Índice de Rezago Social",NA,NA,0.04,NA,NA,NA,NA
"Social","Nuevo León","Índice de Rezago Social",NA,NA,-1.25,NA,NA,NA,NA
"Social","Oaxaca","Índice de Rezago Social",NA,NA,2.59,NA,NA,NA,NA
"Social","Puebla","Índice de Rezago Social",NA,NA,0.74,NA,NA,NA,NA
"Social","Querétaro","Índice de Rezago Social",NA,NA,-0.52,NA,NA,NA,NA
"Social","Quintana Roo","Índice de Rezago Social",NA,NA,-0.32,NA,NA,NA,NA
"Social","San Luis Potosí","Índice de Rezago Social",NA,NA,0.32,NA,NA,NA,NA
"Social","Sinaloa","Índice de Rezago Social",NA,NA,-0.57,NA,NA,NA,NA
"Social","Sonora","Índice de Rezago Social",NA,NA,-0.65,NA,NA,NA,NA
"Social","Tabasco","Índice de Rezago Social",NA,NA,0.08,NA,NA,NA,NA
"Social","Tamaulipas","Índice de Rezago Social",NA,NA,-0.62,NA,NA,NA,NA
"Social","Tlaxcala","Índice de Rezago Social",NA,NA,-0.04,NA,NA,NA,NA
"Social","Veracruz de Ignacio de la Llave","Índice de Rezago Social",NA,NA,1.14,NA,NA,NA,NA
"Social","Yucatán","Índice de Rezago Social",NA,NA,0.15,NA,NA,NA,NA
"Social","Zacatecas","Índice de Rezago Social",NA,NA,-0.45,NA,NA,NA,NA
"Social","Aguascalientes","Índice de Rezago Social Longitudinal",NA,NA,0.21,NA,NA,NA,NA
"Social","Baja California","Índice de Rezago Social Longitudinal",NA,NA,0.41,NA,NA,NA,NA
"Social","Baja California Sur","Índice de Rezago Social Longitudinal",NA,NA,0.42,NA,NA,NA,NA
"Social","Campeche","Índice de Rezago Social Longitudinal",NA,NA,0.93,NA,NA,NA,NA
"Social","Coahuila de Zaragoza","Índice de Rezago Social Longitudinal",NA,NA,0.21,NA,NA,NA,NA
"Social","Colima","Índice de Rezago Social Longitudinal",NA,NA,0.45,NA,NA,NA,NA
"Social","Chiapas","Índice de Rezago Social Longitudinal",NA,NA,2.31,NA,NA,NA,NA
"Social","Chihuahua","Índice de Rezago Social Longitudinal",NA,NA,0.53,NA,NA,NA,NA
"Social","Ciudad de México","Índice de Rezago Social Longitudinal",NA,NA,0.1,NA,NA,NA,NA
"Social","Durango","Índice de Rezago Social Longitudinal",NA,NA,0.73,NA,NA,NA,NA
"Social","Guanajuato","Índice de Rezago Social Longitudinal",NA,NA,0.82,NA,NA,NA,NA
"Social","Guerrero","Índice de Rezago Social Longitudinal",NA,NA,2.02,NA,NA,NA,NA
"Social","Hidalgo","Índice de Rezago Social Longitudinal",NA,NA,0.88,NA,NA,NA,NA
"Social","Jalisco","Índice de Rezago Social Longitudinal",NA,NA,0.57,NA,NA,NA,NA
"Social","México","Índice de Rezago Social Longitudinal",NA,NA,0.59,NA,NA,NA,NA
"Social","Michoacán de Ocampo","Índice de Rezago Social Longitudinal",NA,NA,1.32,NA,NA,NA,NA
"Social","Morelos","Índice de Rezago Social Longitudinal",NA,NA,0.71,NA,NA,NA,NA
"Social","Nayarit","Índice de Rezago Social Longitudinal",NA,NA,0.76,NA,NA,NA,NA
"Social","Nuevo León","Índice de Rezago Social Longitudinal",NA,NA,0.08,NA,NA,NA,NA
"Social","Oaxaca","Índice de Rezago Social Longitudinal",NA,NA,2.07,NA,NA,NA,NA
"Social","Puebla","Índice de Rezago Social Longitudinal",NA,NA,1.16,NA,NA,NA,NA
"Social","Querétaro","Índice de Rezago Social Longitudinal",NA,NA,0.43,NA,NA,NA,NA
"Social","Quintana Roo","Índice de Rezago Social Longitudinal",NA,NA,0.6,NA,NA,NA,NA
"Social","San Luis Potosí","Índice de Rezago Social Longitudinal",NA,NA,0.87,NA,NA,NA,NA
"Social","Sinaloa","Índice de Rezago Social Longitudinal",NA,NA,0.51,NA,NA,NA,NA
"Social","Sonora","Índice de Rezago Social Longitudinal",NA,NA,0.34,NA,NA,NA,NA
"Social","Tabasco","Índice de Rezago Social Longitudinal",NA,NA,0.9,NA,NA,NA,NA
"Social","Tamaulipas","Índice de Rezago Social Longitudinal",NA,NA,0.5,NA,NA,NA,NA
"Social","Tlaxcala","Índice de Rezago Social Longitudinal",NA,NA,0.67,NA,NA,NA,NA
"Social","Veracruz de Ignacio de la Llave","Índice de Rezago Social Longitudinal",NA,NA,1.42,NA,NA,NA,NA
"Social","Yucatán","Índice de Rezago Social Longitudinal",NA,NA,0.78,NA,NA,NA,NA
"Social","Zacatecas","Índice de Rezago Social Longitudinal",NA,NA,0.66,NA,NA,NA,NA
"Gobierno","Aguascalientes","Índice de Transparencia y Disponibilidad de Información Fiscal ITDIF",NA,NA,NA,NA,NA,NA,71.65
"Gobierno","Baja California","Índice de Transparencia y Disponibilidad de Información Fiscal ITDIF",NA,NA,NA,NA,NA,NA,46.5
"Gobierno","Baja California Sur","Índice de Transparencia y Disponibilidad de Información Fiscal ITDIF",NA,NA,NA,NA,NA,NA,68.09
"Gobierno","Campeche","Índice de Transparencia y Disponibilidad de Información Fiscal ITDIF",NA,NA,NA,NA,NA,NA,80.09
"Gobierno","Coahuila de Zaragoza","Índice de Transparencia y Disponibilidad de Información Fiscal ITDIF",NA,NA,NA,NA,NA,NA,53.91
"Gobierno","Colima","Índice de Transparencia y Disponibilidad de Información Fiscal ITDIF",NA,NA,NA,NA,NA,NA,61.08
"Gobierno","Chiapas","Índice de Transparencia y Disponibilidad de Información Fiscal ITDIF",NA,NA,NA,NA,NA,NA,62.82
"Gobierno","Chihuahua","Índice de Transparencia y Disponibilidad de Información Fiscal ITDIF",NA,NA,NA,NA,NA,NA,82.79
"Gobierno","Ciudad de México","Índice de Transparencia y Disponibilidad de Información Fiscal ITDIF",NA,NA,NA,NA,NA,NA,69.55
"Gobierno","Durango","Índice de Transparencia y Disponibilidad de Información Fiscal ITDIF",NA,NA,NA,NA,NA,NA,70.87
"Gobierno","Guanajuato","Índice de Transparencia y Disponibilidad de Información Fiscal ITDIF",NA,NA,NA,NA,NA,NA,96.07
"Gobierno","Guerrero","Índice de Transparencia y Disponibilidad de Información Fiscal ITDIF",NA,NA,NA,NA,NA,NA,36.35
"Gobierno","Hidalgo","Índice de Transparencia y Disponibilidad de Información Fiscal ITDIF",NA,NA,NA,NA,NA,NA,78.98
"Gobierno","Jalisco","Índice de Transparencia y Disponibilidad de Información Fiscal ITDIF",NA,NA,NA,NA,NA,NA,86.89
"Gobierno","México","Índice de Transparencia y Disponibilidad de Información Fiscal ITDIF",NA,NA,NA,NA,NA,NA,90.7
"Gobierno","Michoacán de Ocampo","Índice de Transparencia y Disponibilidad de Información Fiscal ITDIF",NA,NA,NA,NA,NA,NA,63.23
"Gobierno","Morelos","Índice de Transparencia y Disponibilidad de Información Fiscal ITDIF",NA,NA,NA,NA,NA,NA,52.15
"Gobierno","Nayarit","Índice de Transparencia y Disponibilidad de Información Fiscal ITDIF",NA,NA,NA,NA,NA,NA,77.58
"Gobierno","Nuevo León","Índice de Transparencia y Disponibilidad de Información Fiscal ITDIF",NA,NA,NA,NA,NA,NA,76.85
"Gobierno","Oaxaca","Índice de Transparencia y Disponibilidad de Información Fiscal ITDIF",NA,NA,NA,NA,NA,NA,78.41
"Gobierno","Puebla","Índice de Transparencia y Disponibilidad de Información Fiscal ITDIF",NA,NA,NA,NA,NA,NA,85.63
"Gobierno","Querétaro","Índice de Transparencia y Disponibilidad de Información Fiscal ITDIF",NA,NA,NA,NA,NA,NA,98.95
"Gobierno","Quintana Roo","Índice de Transparencia y Disponibilidad de Información Fiscal ITDIF",NA,NA,NA,NA,NA,NA,83.35
"Gobierno","San Luis Potosí","Índice de Transparencia y Disponibilidad de Información Fiscal ITDIF",NA,NA,NA,NA,NA,NA,56.71
"Gobierno","Sinaloa","Índice de Transparencia y Disponibilidad de Información Fiscal ITDIF",NA,NA,NA,NA,NA,NA,84.65
"Gobierno","Sonora","Índice de Transparencia y Disponibilidad de Información Fiscal ITDIF",NA,NA,NA,NA,NA,NA,87.86
"Gobierno","Tabasco","Índice de Transparencia y Disponibilidad de Información Fiscal ITDIF",NA,NA,NA,NA,NA,NA,67.5
"Gobierno","Tamaulipas","Índice de Transparencia y Disponibilidad de Información Fiscal ITDIF",NA,NA,NA,NA,NA,NA,55.86
"Gobierno","Tlaxcala","Índice de Transparencia y Disponibilidad de Información Fiscal ITDIF",NA,NA,NA,NA,NA,NA,52.38
"Gobierno","Veracruz de Ignacio de la Llave","Índice de Transparencia y Disponibilidad de Información Fiscal ITDIF",NA,NA,NA,NA,NA,NA,95.65
"Gobierno","Yucatán","Índice de Transparencia y Disponibilidad de Información Fiscal ITDIF",NA,NA,NA,NA,NA,NA,79.13
"Gobierno","Zacatecas","Índice de Transparencia y Disponibilidad de Información Fiscal ITDIF",NA,NA,NA,NA,NA,NA,78.6
"Gobierno","Aguascalientes","Índice del Estado de Derecho",NA,NA,NA,NA,NA,0.471,NA
"Gobierno","Baja California","Índice del Estado de Derecho",NA,NA,NA,NA,NA,0.4,NA
"Gobierno","Baja California Sur","Índice del Estado de Derecho",NA,NA,NA,NA,NA,0.45,NA
"Gobierno","Campeche","Índice del Estado de Derecho",NA,NA,NA,NA,NA,0.42,NA
"Gobierno","Coahuila de Zaragoza","Índice del Estado de Derecho",NA,NA,NA,NA,NA,0.441,NA
"Gobierno","Colima","Índice del Estado de Derecho",NA,NA,NA,NA,NA,0.41,NA
"Gobierno","Chiapas","Índice del Estado de Derecho",NA,NA,NA,NA,NA,0.39,NA
"Gobierno","Chihuahua","Índice del Estado de Derecho",NA,NA,NA,NA,NA,0.431,NA
"Gobierno","Ciudad de México","Índice del Estado de Derecho",NA,NA,NA,NA,NA,0.37,NA
"Gobierno","Durango","Índice del Estado de Derecho",NA,NA,NA,NA,NA,0.451,NA
"Gobierno","Guanajuato","Índice del Estado de Derecho",NA,NA,NA,NA,NA,0.472,NA
"Gobierno","Guerrero","Índice del Estado de Derecho",NA,NA,NA,NA,NA,0.371,NA
"Gobierno","Hidalgo","Índice del Estado de Derecho",NA,NA,NA,NA,NA,0.421,NA
"Gobierno","Jalisco","Índice del Estado de Derecho",NA,NA,NA,NA,NA,0.381,NA
"Gobierno","México","Índice del Estado de Derecho",NA,NA,NA,NA,NA,0.35,NA
"Gobierno","Michoacán de Ocampo","Índice del Estado de Derecho",NA,NA,NA,NA,NA,0.404,NA
"Gobierno","Morelos","Índice del Estado de Derecho",NA,NA,NA,NA,NA,0.351,NA
"Gobierno","Nayarit","Índice del Estado de Derecho",NA,NA,NA,NA,NA,0.412,NA
"Gobierno","Nuevo León","Índice del Estado de Derecho",NA,NA,NA,NA,NA,0.43,NA
"Gobierno","Oaxaca","Índice del Estado de Derecho",NA,NA,NA,NA,NA,0.411,NA
"Gobierno","Puebla","Índice del Estado de Derecho",NA,NA,NA,NA,NA,0.382,NA
"Gobierno","Querétaro","Índice del Estado de Derecho",NA,NA,NA,NA,NA,0.49,NA
"Gobierno","Quintana Roo","Índice del Estado de Derecho",NA,NA,NA,NA,NA,0.36,NA
"Gobierno","San Luis Potosí","Índice del Estado de Derecho",NA,NA,NA,NA,NA,0.38,NA
"Gobierno","Sinaloa","Índice del Estado de Derecho",NA,NA,NA,NA,NA,0.46,NA
"Gobierno","Sonora","Índice del Estado de Derecho",NA,NA,NA,NA,NA,0.401,NA
"Gobierno","Tabasco","Índice del Estado de Derecho",NA,NA,NA,NA,NA,0.402,NA
"Gobierno","Tamaulipas","Índice del Estado de Derecho",NA,NA,NA,NA,NA,0.442,NA
"Gobierno","Tlaxcala","Índice del Estado de Derecho",NA,NA,NA,NA,NA,0.403,NA
"Gobierno","Veracruz de Ignacio de la Llave","Índice del Estado de Derecho",NA,NA,NA,NA,NA,0.391,NA
"Gobierno","Yucatán","Índice del Estado de Derecho",NA,NA,NA,NA,NA,0.461,NA
"Gobierno","Zacatecas","Índice del Estado de Derecho",NA,NA,NA,NA,NA,0.44,NA
"Gobierno","Aguascalientes","Índice Global de Impunidad",NA,NA,NA,NA,62.29,NA,NA
"Gobierno","Baja California","Índice Global de Impunidad",NA,NA,NA,NA,69.84,NA,NA
"Gobierno","Baja California Sur","Índice Global de Impunidad",NA,NA,NA,NA,49.05,NA,NA
"Gobierno","Campeche","Índice Global de Impunidad",NA,NA,NA,NA,49.08,NA,NA
"Gobierno","Coahuila de Zaragoza","Índice Global de Impunidad",NA,NA,NA,NA,57.08,NA,NA
"Gobierno","Colima","Índice Global de Impunidad",NA,NA,NA,NA,56.18,NA,NA
"Gobierno","Chiapas","Índice Global de Impunidad",NA,NA,NA,NA,62.07,NA,NA
"Gobierno","Chihuahua","Índice Global de Impunidad",NA,NA,NA,NA,55.13,NA,NA
"Gobierno","Ciudad de México","Índice Global de Impunidad",NA,NA,NA,NA,55.13,NA,NA
"Gobierno","Durango","Índice Global de Impunidad",NA,NA,NA,NA,60.64,NA,NA
"Gobierno","Guanajuato","Índice Global de Impunidad",NA,NA,NA,NA,59.97,NA,NA
"Gobierno","Guerrero","Índice Global de Impunidad",NA,NA,NA,NA,60.36,NA,NA
"Gobierno","Hidalgo","Índice Global de Impunidad",NA,NA,NA,NA,61.71,NA,NA
"Gobierno","Jalisco","Índice Global de Impunidad",NA,NA,NA,NA,63.4,NA,NA
"Gobierno","México","Índice Global de Impunidad",NA,NA,NA,NA,74.55,NA,NA
"Gobierno","Michoacán de Ocampo","Índice Global de Impunidad",NA,NA,NA,NA,61.99,NA,NA
"Gobierno","Morelos","Índice Global de Impunidad",NA,NA,NA,NA,61.49,NA,NA
"Gobierno","Nayarit","Índice Global de Impunidad",NA,NA,NA,NA,49.08,NA,NA
"Gobierno","Nuevo León","Índice Global de Impunidad",NA,NA,NA,NA,61.64,NA,NA
"Gobierno","Oaxaca","Índice Global de Impunidad",NA,NA,NA,NA,61.3,NA,NA
"Gobierno","Puebla","Índice Global de Impunidad",NA,NA,NA,NA,63.9,NA,NA
"Gobierno","Querétaro","Índice Global de Impunidad",NA,NA,NA,NA,63.65,NA,NA
"Gobierno","Quintana Roo","Índice Global de Impunidad",NA,NA,NA,NA,60.32,NA,NA
"Gobierno","San Luis Potosí","Índice Global de Impunidad",NA,NA,NA,NA,61.14,NA,NA
"Gobierno","Sinaloa","Índice Global de Impunidad",NA,NA,NA,NA,62.59,NA,NA
"Gobierno","Sonora","Índice Global de Impunidad",NA,NA,NA,NA,60.26,NA,NA
"Gobierno","Tabasco","Índice Global de Impunidad",NA,NA,NA,NA,58.99,NA,NA
"Gobierno","Tamaulipas","Índice Global de Impunidad",NA,NA,NA,NA,59.55,NA,NA
"Gobierno","Tlaxcala","Índice Global de Impunidad",NA,NA,NA,NA,57.78,NA,NA
"Gobierno","Veracruz de Ignacio de la Llave","Índice Global de Impunidad",NA,NA,NA,NA,65.56,NA,NA
"Gobierno","Yucatán","Índice Global de Impunidad",NA,NA,NA,NA,57.25,NA,NA
"Gobierno","Zacatecas","Índice Global de Impunidad",NA,NA,NA,NA,54.49,NA,NA
"Género","Aguascalientes","Informalidad #Con Lupa de Género (Porcentaje)",NA,NA,NA,NA,NA,NA,42.7
"Género","Baja California","Informalidad #Con Lupa de Género (Porcentaje)",NA,NA,NA,NA,NA,NA,35.5
"Género","Baja California Sur","Informalidad #Con Lupa de Género (Porcentaje)",NA,NA,NA,NA,NA,NA,39
"Género","Campeche","Informalidad #Con Lupa de Género (Porcentaje)",NA,NA,NA,NA,NA,NA,61.3
"Género","Coahuila de Zaragoza","Informalidad #Con Lupa de Género (Porcentaje)",NA,NA,NA,NA,NA,NA,35.5
"Género","Colima","Informalidad #Con Lupa de Género (Porcentaje)",NA,NA,NA,NA,NA,NA,54.1
"Género","Chiapas","Informalidad #Con Lupa de Género (Porcentaje)",NA,NA,NA,NA,NA,NA,71.2
"Género","Chihuahua","Informalidad #Con Lupa de Género (Porcentaje)",NA,NA,NA,NA,NA,NA,31.3
"Género","Ciudad de México","Informalidad #Con Lupa de Género (Porcentaje)",NA,NA,NA,NA,NA,NA,46.8
"Género","Durango","Informalidad #Con Lupa de Género (Porcentaje)",NA,NA,NA,NA,NA,NA,50.2
"Género","Guanajuato","Informalidad #Con Lupa de Género (Porcentaje)",NA,NA,NA,NA,NA,NA,54.1
"Género","Guerrero","Informalidad #Con Lupa de Género (Porcentaje)",NA,NA,NA,NA,NA,NA,75.1
"Género","Hidalgo","Informalidad #Con Lupa de Género (Porcentaje)",NA,NA,NA,NA,NA,NA,72.3
"Género","Jalisco","Informalidad #Con Lupa de Género (Porcentaje)",NA,NA,NA,NA,NA,NA,50.9
"Género","México","Informalidad #Con Lupa de Género (Porcentaje)",NA,NA,NA,NA,NA,NA,57.7
"Género","Michoacán de Ocampo","Informalidad #Con Lupa de Género (Porcentaje)",NA,NA,NA,NA,NA,NA,64.1
"Género","Morelos","Informalidad #Con Lupa de Género (Porcentaje)",NA,NA,NA,NA,NA,NA,65.8
"Género","Nayarit","Informalidad #Con Lupa de Género (Porcentaje)",NA,NA,NA,NA,NA,NA,56.3
"Género","Nuevo León","Informalidad #Con Lupa de Género (Porcentaje)",NA,NA,NA,NA,NA,NA,40.9
"Género","Oaxaca","Informalidad #Con Lupa de Género (Porcentaje)",NA,NA,NA,NA,NA,NA,79.7
"Género","Puebla","Informalidad #Con Lupa de Género (Porcentaje)",NA,NA,NA,NA,NA,NA,67.8
"Género","Querétaro","Informalidad #Con Lupa de Género (Porcentaje)",NA,NA,NA,NA,NA,NA,46.2
"Género","Quintana Roo","Informalidad #Con Lupa de Género (Porcentaje)",NA,NA,NA,NA,NA,NA,49.1
"Género","San Luis Potosí","Informalidad #Con Lupa de Género (Porcentaje)",NA,NA,NA,NA,NA,NA,53.6
"Género","Sinaloa","Informalidad #Con Lupa de Género (Porcentaje)",NA,NA,NA,NA,NA,NA,47.6
"Género","Sonora","Informalidad #Con Lupa de Género (Porcentaje)",NA,NA,NA,NA,NA,NA,41
"Género","Tabasco","Informalidad #Con Lupa de Género (Porcentaje)",NA,NA,NA,NA,NA,NA,67.2
"Género","Tamaulipas","Informalidad #Con Lupa de Género (Porcentaje)",NA,NA,NA,NA,NA,NA,44.6
"Género","Tlaxcala","Informalidad #Con Lupa de Género (Porcentaje)",NA,NA,NA,NA,NA,NA,70.9
"Género","Veracruz de Ignacio de la Llave","Informalidad #Con Lupa de Género (Porcentaje)",NA,NA,NA,NA,NA,NA,64.8
"Género","Yucatán","Informalidad #Con Lupa de Género (Porcentaje)",NA,NA,NA,NA,NA,NA,63.9
"Género","Zacatecas","Informalidad #Con Lupa de Género (Porcentaje)",NA,NA,NA,NA,NA,NA,57.4
"Económico","Aguascalientes","Informalidad (porcentaje)",NA,NA,NA,NA,NA,NA,38.9
"Económico","Baja California","Informalidad (porcentaje)",NA,NA,NA,NA,NA,NA,37.4
"Económico","Baja California Sur","Informalidad (porcentaje)",NA,NA,NA,NA,NA,NA,37.6
"Económico","Campeche","Informalidad (porcentaje)",NA,NA,NA,NA,NA,NA,58.6
"Económico","Coahuila de Zaragoza","Informalidad (porcentaje)",NA,NA,NA,NA,NA,NA,33.8
"Económico","Colima","Informalidad (porcentaje)",NA,NA,NA,NA,NA,NA,47.7
"Económico","Chiapas","Informalidad (porcentaje)",NA,NA,NA,NA,NA,NA,70.9
"Económico","Chihuahua","Informalidad (porcentaje)",NA,NA,NA,NA,NA,NA,34.5
"Económico","Ciudad de México","Informalidad (porcentaje)",NA,NA,NA,NA,NA,NA,46.5
"Económico","Durango","Informalidad (porcentaje)",NA,NA,NA,NA,NA,NA,49.8
"Económico","Guanajuato","Informalidad (porcentaje)",NA,NA,NA,NA,NA,NA,54.3
"Económico","Guerrero","Informalidad (porcentaje)",NA,NA,NA,NA,NA,NA,78.6
"Económico","Hidalgo","Informalidad (porcentaje)",NA,NA,NA,NA,NA,NA,70.9
"Económico","Jalisco","Informalidad (porcentaje)",NA,NA,NA,NA,NA,NA,47.9
"Económico","México","Informalidad (porcentaje)",NA,NA,NA,NA,NA,NA,54.3
"Económico","Michoacán de Ocampo","Informalidad (porcentaje)",NA,NA,NA,NA,NA,NA,65.4
"Económico","Morelos","Informalidad (porcentaje)",NA,NA,NA,NA,NA,NA,65.7
"Económico","Nayarit","Informalidad (porcentaje)",NA,NA,NA,NA,NA,NA,58.4
"Económico","Nuevo León","Informalidad (porcentaje)",NA,NA,NA,NA,NA,NA,36
"Económico","Oaxaca","Informalidad (porcentaje)",NA,NA,NA,NA,NA,NA,81.1
"Económico","Puebla","Informalidad (porcentaje)",NA,NA,NA,NA,NA,NA,70.1
"Económico","Querétaro","Informalidad (porcentaje)",NA,NA,NA,NA,NA,NA,43.5
"Económico","Quintana Roo","Informalidad (porcentaje)",NA,NA,NA,NA,NA,NA,46
"Económico","San Luis Potosí","Informalidad (porcentaje)",NA,NA,NA,NA,NA,NA,51.9
"Económico","Sinaloa","Informalidad (porcentaje)",NA,NA,NA,NA,NA,NA,49.4
"Económico","Sonora","Informalidad (porcentaje)",NA,NA,NA,NA,NA,NA,40.4
"Económico","Tabasco","Informalidad (porcentaje)",NA,NA,NA,NA,NA,NA,62.1
"Económico","Tamaulipas","Informalidad (porcentaje)",NA,NA,NA,NA,NA,NA,42
"Económico","Tlaxcala","Informalidad (porcentaje)",NA,NA,NA,NA,NA,NA,69.5
"Económico","Veracruz de Ignacio de la Llave","Informalidad (porcentaje)",NA,NA,NA,NA,NA,NA,66.5
"Económico","Yucatán","Informalidad (porcentaje)",NA,NA,NA,NA,NA,NA,59.3
"Económico","Zacatecas","Informalidad (porcentaje)",NA,NA,NA,NA,NA,NA,59.9
"Ecoingresosnómico","Aguascalientes","Ingreso corriente promedio trimestral por hogar",NA,NA,NA,NA,78287.89,NA,NA
"Ecoingresosnómico","Baja California","Ingreso corriente promedio trimestral por hogar",NA,NA,NA,NA,88912.22,NA,NA
"Ecoingresosnómico","Baja California Sur","Ingreso corriente promedio trimestral por hogar",NA,NA,NA,NA,91417.12,NA,NA
"Ecoingresosnómico","Campeche","Ingreso corriente promedio trimestral por hogar",NA,NA,NA,NA,57458.39,NA,NA
"Ecoingresosnómico","Coahuila de Zaragoza","Ingreso corriente promedio trimestral por hogar",NA,NA,NA,NA,75125.83,NA,NA
"Ecoingresosnómico","Colima","Ingreso corriente promedio trimestral por hogar",NA,NA,NA,NA,69320.74,NA,NA
"Ecoingresosnómico","Chiapas","Ingreso corriente promedio trimestral por hogar",NA,NA,NA,NA,39844.83,NA,NA
"Ecoingresosnómico","Chihuahua","Ingreso corriente promedio trimestral por hogar",NA,NA,NA,NA,81929.18,NA,NA
"Ecoingresosnómico","Ciudad de México","Ingreso corriente promedio trimestral por hogar",NA,NA,NA,NA,89310.27,NA,NA
"Ecoingresosnómico","Durango","Ingreso corriente promedio trimestral por hogar",NA,NA,NA,NA,57219.93,NA,NA
"Ecoingresosnómico","Guanajuato","Ingreso corriente promedio trimestral por hogar",NA,NA,NA,NA,60099.72,NA,NA
"Ecoingresosnómico","Guerrero","Ingreso corriente promedio trimestral por hogar",NA,NA,NA,NA,41754.07,NA,NA
"Ecoingresosnómico","Hidalgo","Ingreso corriente promedio trimestral por hogar",NA,NA,NA,NA,53234.08,NA,NA
"Ecoingresosnómico","Jalisco","Ingreso corriente promedio trimestral por hogar",NA,NA,NA,NA,71744.44,NA,NA
"Ecoingresosnómico","México","Ingreso corriente promedio trimestral por hogar",NA,NA,NA,NA,57232.55,NA,NA
"Ecoingresosnómico","Michoacán de Ocampo","Ingreso corriente promedio trimestral por hogar",NA,NA,NA,NA,56958.73,NA,NA
"Ecoingresosnómico","Morelos","Ingreso corriente promedio trimestral por hogar",NA,NA,NA,NA,57238.61,NA,NA
"Ecoingresosnómico","Nayarit","Ingreso corriente promedio trimestral por hogar",NA,NA,NA,NA,65325.66,NA,NA
"Ecoingresosnómico","Nuevo León","Ingreso corriente promedio trimestral por hogar",NA,NA,NA,NA,86018.03,NA,NA
"Ecoingresosnómico","Oaxaca","Ingreso corriente promedio trimestral por hogar",NA,NA,NA,NA,43342.93,NA,NA
"Ecoingresosnómico","Puebla","Ingreso corriente promedio trimestral por hogar",NA,NA,NA,NA,49383.58,NA,NA
"Ecoingresosnómico","Querétaro","Ingreso corriente promedio trimestral por hogar",NA,NA,NA,NA,74955.57,NA,NA
"Ecoingresosnómico","Quintana Roo","Ingreso corriente promedio trimestral por hogar",NA,NA,NA,NA,71902.2,NA,NA
"Ecoingresosnómico","San Luis Potosí","Ingreso corriente promedio trimestral por hogar",NA,NA,NA,NA,60144.3,NA,NA
"Ecoingresosnómico","Sinaloa","Ingreso corriente promedio trimestral por hogar",NA,NA,NA,NA,71888.24,NA,NA
"Ecoingresosnómico","Sonora","Ingreso corriente promedio trimestral por hogar",NA,NA,NA,NA,75270.48,NA,NA
"Ecoingresosnómico","Tabasco","Ingreso corriente promedio trimestral por hogar",NA,NA,NA,NA,52095.42,NA,NA
"Ecoingresosnómico","Tamaulipas","Ingreso corriente promedio trimestral por hogar",NA,NA,NA,NA,63520.76,NA,NA
"Ecoingresosnómico","Tlaxcala","Ingreso corriente promedio trimestral por hogar",NA,NA,NA,NA,46294.78,NA,NA
"Ecoingresosnómico","Veracruz de Ignacio de la Llave","Ingreso corriente promedio trimestral por hogar",NA,NA,NA,NA,44637.11,NA,NA
"Ecoingresosnómico","Yucatán","Ingreso corriente promedio trimestral por hogar",NA,NA,NA,NA,62371.24,NA,NA
"Ecoingresosnómico","Zacatecas","Ingreso corriente promedio trimestral por hogar",NA,NA,NA,NA,50135.51,NA,NA
"Económico","Aguascalientes","Ingreso laboral Per capita (Deflactado con la canasta alimentaria, pesos)",NA,NA,NA,NA,NA,2725.423695,NA
"Económico","Baja California","Ingreso laboral Per capita (Deflactado con la canasta alimentaria, pesos)",NA,NA,NA,NA,NA,4432.561895,NA
"Económico","Baja California Sur","Ingreso laboral Per capita (Deflactado con la canasta alimentaria, pesos)",NA,NA,NA,NA,NA,5082.169288,NA
"Económico","Campeche","Ingreso laboral Per capita (Deflactado con la canasta alimentaria, pesos)",NA,NA,NA,NA,NA,3031.323924,NA
"Económico","Coahuila de Zaragoza","Ingreso laboral Per capita (Deflactado con la canasta alimentaria, pesos)",NA,NA,NA,NA,NA,3659.964579,NA
"Económico","Colima","Ingreso laboral Per capita (Deflactado con la canasta alimentaria, pesos)",NA,NA,NA,NA,NA,3855.860394,NA
"Económico","Chiapas","Ingreso laboral Per capita (Deflactado con la canasta alimentaria, pesos)",NA,NA,NA,NA,NA,1551.578163,NA
"Económico","Chihuahua","Ingreso laboral Per capita (Deflactado con la canasta alimentaria, pesos)",NA,NA,NA,NA,NA,4094.176933,NA
"Económico","Ciudad de México","Ingreso laboral Per capita (Deflactado con la canasta alimentaria, pesos)",NA,NA,NA,NA,NA,4887.093777,NA
"Económico","Durango","Ingreso laboral Per capita (Deflactado con la canasta alimentaria, pesos)",NA,NA,NA,NA,NA,2716.211732,NA
"Económico","Guanajuato","Ingreso laboral Per capita (Deflactado con la canasta alimentaria, pesos)",NA,NA,NA,NA,NA,2395.553072,NA
"Económico","Guerrero","Ingreso laboral Per capita (Deflactado con la canasta alimentaria, pesos)",NA,NA,NA,NA,NA,1975.720489,NA
"Económico","Hidalgo","Ingreso laboral Per capita (Deflactado con la canasta alimentaria, pesos)",NA,NA,NA,NA,NA,2175.488773,NA
"Económico","Jalisco","Ingreso laboral Per capita (Deflactado con la canasta alimentaria, pesos)",NA,NA,NA,NA,NA,3528.981106,NA
"Económico","México","Ingreso laboral Per capita (Deflactado con la canasta alimentaria, pesos)",NA,NA,NA,NA,NA,3079.016539,NA
"Económico","Michoacán de Ocampo","Ingreso laboral Per capita (Deflactado con la canasta alimentaria, pesos)",NA,NA,NA,NA,NA,2692.359656,NA
"Económico","Morelos","Ingreso laboral Per capita (Deflactado con la canasta alimentaria, pesos)",NA,NA,NA,NA,NA,2063.262687,NA
"Económico","Nayarit","Ingreso laboral Per capita (Deflactado con la canasta alimentaria, pesos)",NA,NA,NA,NA,NA,3513.785778,NA
"Económico","Nuevo León","Ingreso laboral Per capita (Deflactado con la canasta alimentaria, pesos)",NA,NA,NA,NA,NA,4242.638364,NA
"Económico","Oaxaca","Ingreso laboral Per capita (Deflactado con la canasta alimentaria, pesos)",NA,NA,NA,NA,NA,1706.311747,NA
"Económico","Puebla","Ingreso laboral Per capita (Deflactado con la canasta alimentaria, pesos)",NA,NA,NA,NA,NA,2367.447383,NA
"Económico","Querétaro","Ingreso laboral Per capita (Deflactado con la canasta alimentaria, pesos)",NA,NA,NA,NA,NA,2961.890717,NA
"Económico","Quintana Roo","Ingreso laboral Per capita (Deflactado con la canasta alimentaria, pesos)",NA,NA,NA,NA,NA,3736.923229,NA
"Económico","San Luis Potosí","Ingreso laboral Per capita (Deflactado con la canasta alimentaria, pesos)",NA,NA,NA,NA,NA,3095.94178,NA
"Económico","Sinaloa","Ingreso laboral Per capita (Deflactado con la canasta alimentaria, pesos)",NA,NA,NA,NA,NA,3575.087945,NA
"Económico","Sonora","Ingreso laboral Per capita (Deflactado con la canasta alimentaria, pesos)",NA,NA,NA,NA,NA,3383.979393,NA
"Económico","Tabasco","Ingreso laboral Per capita (Deflactado con la canasta alimentaria, pesos)",NA,NA,NA,NA,NA,2469.48099,NA
"Económico","Tamaulipas","Ingreso laboral Per capita (Deflactado con la canasta alimentaria, pesos)",NA,NA,NA,NA,NA,3314.415991,NA
"Económico","Tlaxcala","Ingreso laboral Per capita (Deflactado con la canasta alimentaria, pesos)",NA,NA,NA,NA,NA,2275.047815,NA
"Económico","Veracruz de Ignacio de la Llave","Ingreso laboral Per capita (Deflactado con la canasta alimentaria, pesos)",NA,NA,NA,NA,NA,2207.661836,NA
"Económico","Yucatán","Ingreso laboral Per capita (Deflactado con la canasta alimentaria, pesos)",NA,NA,NA,NA,NA,3207.513781,NA
"Económico","Zacatecas","Ingreso laboral Per capita (Deflactado con la canasta alimentaria, pesos)",NA,NA,NA,NA,NA,2114.029249,NA
"Económico","Aguascalientes","Ingreso laboral per cápita a pesos corrientes (nominal)",NA,NA,NA,NA,NA,NA,3773.228581
"Económico","Baja California","Ingreso laboral per cápita a pesos corrientes (nominal)",NA,NA,NA,NA,NA,NA,6132.048737
"Económico","Baja California Sur","Ingreso laboral per cápita a pesos corrientes (nominal)",NA,NA,NA,NA,NA,NA,7030.866232
"Económico","Campeche","Ingreso laboral per cápita a pesos corrientes (nominal)",NA,NA,NA,NA,NA,NA,4195.799899
"Económico","Coahuila de Zaragoza","Ingreso laboral per cápita a pesos corrientes (nominal)",NA,NA,NA,NA,NA,NA,5062.881968
"Económico","Colima","Ingreso laboral per cápita a pesos corrientes (nominal)",NA,NA,NA,NA,NA,NA,5334.538503
"Económico","Chiapas","Ingreso laboral per cápita a pesos corrientes (nominal)",NA,NA,NA,NA,NA,NA,2150.505933
"Económico","Chihuahua","Ingreso laboral per cápita a pesos corrientes (nominal)",NA,NA,NA,NA,NA,NA,5664.369623
"Económico","Ciudad de México","Ingreso laboral per cápita a pesos corrientes (nominal)",NA,NA,NA,NA,NA,NA,6757.679811
"Económico","Durango","Ingreso laboral per cápita a pesos corrientes (nominal)",NA,NA,NA,NA,NA,NA,3761.746463
"Económico","Guanajuato","Ingreso laboral per cápita a pesos corrientes (nominal)",NA,NA,NA,NA,NA,NA,3317.797959
"Económico","Guerrero","Ingreso laboral per cápita a pesos corrientes (nominal)",NA,NA,NA,NA,NA,NA,2736.291309
"Económico","Hidalgo","Ingreso laboral per cápita a pesos corrientes (nominal)",NA,NA,NA,NA,NA,NA,3015.51004
"Económico","Jalisco","Ingreso laboral per cápita a pesos corrientes (nominal)",NA,NA,NA,NA,NA,NA,4883.409697
"Económico","México","Ingreso laboral per cápita a pesos corrientes (nominal)",NA,NA,NA,NA,NA,NA,4260.84145
"Económico","Michoacán de Ocampo","Ingreso laboral per cápita a pesos corrientes (nominal)",NA,NA,NA,NA,NA,NA,3729.031544
"Económico","Morelos","Ingreso laboral per cápita a pesos corrientes (nominal)",NA,NA,NA,NA,NA,NA,2856.758343
"Económico","Nayarit","Ingreso laboral per cápita a pesos corrientes (nominal)",NA,NA,NA,NA,NA,NA,4866.792815
"Económico","Nuevo León","Ingreso laboral per cápita a pesos corrientes (nominal)",NA,NA,NA,NA,NA,NA,5868.129348
"Económico","Oaxaca","Ingreso laboral per cápita a pesos corrientes (nominal)",NA,NA,NA,NA,NA,NA,2365.450652
"Económico","Puebla","Ingreso laboral per cápita a pesos corrientes (nominal)",NA,NA,NA,NA,NA,NA,3277.968522
"Económico","Querétaro","Ingreso laboral per cápita a pesos corrientes (nominal)",NA,NA,NA,NA,NA,NA,4100.981769
"Económico","Quintana Roo","Ingreso laboral per cápita a pesos corrientes (nominal)",NA,NA,NA,NA,NA,NA,5168.743389
"Económico","San Luis Potosí","Ingreso laboral per cápita a pesos corrientes (nominal)",NA,NA,NA,NA,NA,NA,3896.997159
"Económico","Sinaloa","Ingreso laboral per cápita a pesos corrientes (nominal)",NA,NA,NA,NA,NA,NA,4949.463998
"Económico","Sonora","Ingreso laboral per cápita a pesos corrientes (nominal)",NA,NA,NA,NA,NA,NA,4682.426706
"Económico","Tabasco","Ingreso laboral per cápita a pesos corrientes (nominal)",NA,NA,NA,NA,NA,NA,3423.308311
"Económico","Tamaulipas","Ingreso laboral per cápita a pesos corrientes (nominal)",NA,NA,NA,NA,NA,NA,4584.618102
"Económico","Tlaxcala","Ingreso laboral per cápita a pesos corrientes (nominal)",NA,NA,NA,NA,NA,NA,3149.85481
"Económico","Veracruz de Ignacio de la Llave","Ingreso laboral per cápita a pesos corrientes (nominal)",NA,NA,NA,NA,NA,NA,3059.230207
"Económico","Yucatán","Ingreso laboral per cápita a pesos corrientes (nominal)",NA,NA,NA,NA,NA,NA,4438.432346
"Económico","Zacatecas","Ingreso laboral per cápita a pesos corrientes (nominal)",NA,NA,NA,NA,NA,NA,2928.47917
"Gobierno","Aguascalientes","Ingresos brutos de los Gobiernos de los Estados (pesos)",NA,NA,NA,NA,26478.2,NA,NA
"Gobierno","Baja California","Ingresos brutos de los Gobiernos de los Estados (pesos)",NA,NA,NA,NA,65024.8,NA,NA
"Gobierno","Baja California Sur","Ingresos brutos de los Gobiernos de los Estados (pesos)",NA,NA,NA,NA,17240.7,NA,NA
"Gobierno","Campeche","Ingresos brutos de los Gobiernos de los Estados (pesos)",NA,NA,NA,NA,21454.3,NA,NA
"Gobierno","Coahuila de Zaragoza","Ingresos brutos de los Gobiernos de los Estados (pesos)",NA,NA,NA,NA,52675.7,NA,NA
"Gobierno","Colima","Ingresos brutos de los Gobiernos de los Estados (pesos)",NA,NA,NA,NA,17474,NA,NA
"Gobierno","Chiapas","Ingresos brutos de los Gobiernos de los Estados (pesos)",NA,NA,NA,NA,96180.3,NA,NA
"Gobierno","Chihuahua","Ingresos brutos de los Gobiernos de los Estados (pesos)",NA,NA,NA,NA,69362.8,NA,NA
"Gobierno","Ciudad de México","Ingresos brutos de los Gobiernos de los Estados (pesos)",NA,NA,NA,NA,217962.2,NA,NA
"Gobierno","Durango","Ingresos brutos de los Gobiernos de los Estados (pesos)",NA,NA,NA,NA,33274.7,NA,NA
"Gobierno","Guanajuato","Ingresos brutos de los Gobiernos de los Estados (pesos)",NA,NA,NA,NA,89298.5,NA,NA
"Gobierno","Guerrero","Ingresos brutos de los Gobiernos de los Estados (pesos)",NA,NA,NA,NA,61111.5,NA,NA
"Gobierno","Hidalgo","Ingresos brutos de los Gobiernos de los Estados (pesos)",NA,NA,NA,NA,50273.4,NA,NA
"Gobierno","Jalisco","Ingresos brutos de los Gobiernos de los Estados (pesos)",NA,NA,NA,NA,123500.6,NA,NA
"Gobierno","México","Ingresos brutos de los Gobiernos de los Estados (pesos)",NA,NA,NA,NA,303120.3,NA,NA
"Gobierno","Michoacán de Ocampo","Ingresos brutos de los Gobiernos de los Estados (pesos)",NA,NA,NA,NA,68661.5,NA,NA
"Gobierno","Morelos","Ingresos brutos de los Gobiernos de los Estados (pesos)",NA,NA,NA,NA,27144.8,NA,NA
"Gobierno","Nayarit","Ingresos brutos de los Gobiernos de los Estados (pesos)",NA,NA,NA,NA,23706.9,NA,NA
"Gobierno","Nuevo León","Ingresos brutos de los Gobiernos de los Estados (pesos)",NA,NA,NA,NA,107167.1,NA,NA
"Gobierno","Oaxaca","Ingresos brutos de los Gobiernos de los Estados (pesos)",NA,NA,NA,NA,76194,NA,NA
"Gobierno","Puebla","Ingresos brutos de los Gobiernos de los Estados (pesos)",NA,NA,NA,NA,96525.4,NA,NA
"Gobierno","Querétaro","Ingresos brutos de los Gobiernos de los Estados (pesos)",NA,NA,NA,NA,36226.6,NA,NA
"Gobierno","Quintana Roo","Ingresos brutos de los Gobiernos de los Estados (pesos)",NA,NA,NA,NA,33860.9,NA,NA
"Gobierno","San Luis Potosí","Ingresos brutos de los Gobiernos de los Estados (pesos)",NA,NA,NA,NA,48987.8,NA,NA
"Gobierno","Sinaloa","Ingresos brutos de los Gobiernos de los Estados (pesos)",NA,NA,NA,NA,56012.5,NA,NA
"Gobierno","Sonora","Ingresos brutos de los Gobiernos de los Estados (pesos)",NA,NA,NA,NA,67709,NA,NA
"Gobierno","Tabasco","Ingresos brutos de los Gobiernos de los Estados (pesos)",NA,NA,NA,NA,51099,NA,NA
"Gobierno","Tamaulipas","Ingresos brutos de los Gobiernos de los Estados (pesos)",NA,NA,NA,NA,52410.7,NA,NA
"Gobierno","Tlaxcala","Ingresos brutos de los Gobiernos de los Estados (pesos)",NA,NA,NA,NA,20667.7,NA,NA
"Gobierno","Veracruz de Ignacio de la Llave","Ingresos brutos de los Gobiernos de los Estados (pesos)",NA,NA,NA,NA,128420.7,NA,NA
"Gobierno","Yucatán","Ingresos brutos de los Gobiernos de los Estados (pesos)",NA,NA,NA,NA,41136.1,NA,NA
"Gobierno","Zacatecas","Ingresos brutos de los Gobiernos de los Estados (pesos)",NA,NA,NA,NA,30226.2,NA,NA
"Económico","Aguascalientes","Ingresos por Remesas (millones de dólares)",NA,NA,NA,NA,NA,NA,252.9483
"Económico","Baja California","Ingresos por Remesas (millones de dólares)",NA,NA,NA,NA,NA,NA,377.0437
"Económico","Baja California Sur","Ingresos por Remesas (millones de dólares)",NA,NA,NA,NA,NA,NA,39.1988
"Económico","Campeche","Ingresos por Remesas (millones de dólares)",NA,NA,NA,NA,NA,NA,45.2832
"Económico","Coahuila de Zaragoza","Ingresos por Remesas (millones de dólares)",NA,NA,NA,NA,NA,NA,251.1132
"Económico","Colima","Ingresos por Remesas (millones de dólares)",NA,NA,NA,NA,NA,NA,123.5231
"Económico","Chiapas","Ingresos por Remesas (millones de dólares)",NA,NA,NA,NA,NA,NA,1100.7204
"Económico","Chihuahua","Ingresos por Remesas (millones de dólares)",NA,NA,NA,NA,NA,NA,388.8017
"Económico","Ciudad de México","Ingresos por Remesas (millones de dólares)",NA,NA,NA,NA,NA,NA,1299.4597
"Económico","Durango","Ingresos por Remesas (millones de dólares)",NA,NA,NA,NA,NA,NA,365.4526
"Económico","Guanajuato","Ingresos por Remesas (millones de dólares)",NA,NA,NA,NA,NA,NA,1493.7578
"Económico","Guerrero","Ingresos por Remesas (millones de dólares)",NA,NA,NA,NA,NA,NA,880.7439
"Económico","Hidalgo","Ingresos por Remesas (millones de dólares)",NA,NA,NA,NA,NA,NA,478.5243
"Económico","Jalisco","Ingresos por Remesas (millones de dólares)",NA,NA,NA,NA,NA,NA,1441.3964
"Económico","México","Ingresos por Remesas (millones de dólares)",NA,NA,NA,NA,NA,NA,1242.3021
"Económico","Michoacán de Ocampo","Ingresos por Remesas (millones de dólares)",NA,NA,NA,NA,NA,NA,1463.3792
"Económico","Morelos","Ingresos por Remesas (millones de dólares)",NA,NA,NA,NA,NA,NA,303.9627
"Económico","Nayarit","Ingresos por Remesas (millones de dólares)",NA,NA,NA,NA,NA,NA,230.2318
"Económico","Nuevo León","Ingresos por Remesas (millones de dólares)",NA,NA,NA,NA,NA,NA,395.8597
"Económico","Oaxaca","Ingresos por Remesas (millones de dólares)",NA,NA,NA,NA,NA,NA,922.5699
"Económico","Puebla","Ingresos por Remesas (millones de dólares)",NA,NA,NA,NA,NA,NA,892.1593
"Económico","Querétaro","Ingresos por Remesas (millones de dólares)",NA,NA,NA,NA,NA,NA,341.1316
"Económico","Quintana Roo","Ingresos por Remesas (millones de dólares)",NA,NA,NA,NA,NA,NA,108.4612
"Económico","San Luis Potosí","Ingresos por Remesas (millones de dólares)",NA,NA,NA,NA,NA,NA,547.1143
"Económico","Sinaloa","Ingresos por Remesas (millones de dólares)",NA,NA,NA,NA,NA,NA,255.902
"Económico","Sonora","Ingresos por Remesas (millones de dólares)",NA,NA,NA,NA,NA,NA,223.8386
"Económico","Tabasco","Ingresos por Remesas (millones de dólares)",NA,NA,NA,NA,NA,NA,102.6938
"Económico","Tamaulipas","Ingresos por Remesas (millones de dólares)",NA,NA,NA,NA,NA,NA,266.1601
"Económico","Tlaxcala","Ingresos por Remesas (millones de dólares)",NA,NA,NA,NA,NA,NA,109.3728
"Económico","Veracruz de Ignacio de la Llave","Ingresos por Remesas (millones de dólares)",NA,NA,NA,NA,NA,NA,696.5319
"Económico","Yucatán","Ingresos por Remesas (millones de dólares)",NA,NA,NA,NA,NA,NA,118.1945
"Económico","Zacatecas","Ingresos por Remesas (millones de dólares)",NA,NA,NA,NA,NA,NA,502.112
"Económico","Aguascalientes","Inversión Extranjera Directa (IED) (millones de dólares)",NA,NA,NA,NA,NA,1379.2,NA
"Económico","Baja California","Inversión Extranjera Directa (IED) (millones de dólares)",NA,NA,NA,NA,NA,1472.8,NA
"Económico","Baja California Sur","Inversión Extranjera Directa (IED) (millones de dólares)",NA,NA,NA,NA,NA,1041,NA
"Económico","Campeche","Inversión Extranjera Directa (IED) (millones de dólares)",NA,NA,NA,NA,NA,74.2,NA
"Económico","Coahuila de Zaragoza","Inversión Extranjera Directa (IED) (millones de dólares)",NA,NA,NA,NA,NA,921.4,NA
"Económico","Colima","Inversión Extranjera Directa (IED) (millones de dólares)",NA,NA,NA,NA,NA,56.8,NA
"Económico","Chiapas","Inversión Extranjera Directa (IED) (millones de dólares)",NA,NA,NA,NA,NA,39.8,NA
"Económico","Chihuahua","Inversión Extranjera Directa (IED) (millones de dólares)",NA,NA,NA,NA,NA,1979.5,NA
"Económico","Ciudad de México","Inversión Extranjera Directa (IED) (millones de dólares)",NA,NA,NA,NA,NA,11122.3,NA
"Económico","Durango","Inversión Extranjera Directa (IED) (millones de dólares)",NA,NA,NA,NA,NA,377.8,NA
"Económico","Guanajuato","Inversión Extranjera Directa (IED) (millones de dólares)",NA,NA,NA,NA,NA,808.2,NA
"Económico","Guerrero","Inversión Extranjera Directa (IED) (millones de dólares)",NA,NA,NA,NA,NA,-179.3,NA
"Económico","Hidalgo","Inversión Extranjera Directa (IED) (millones de dólares)",NA,NA,NA,NA,NA,285.4,NA
"Económico","Jalisco","Inversión Extranjera Directa (IED) (millones de dólares)",NA,NA,NA,NA,NA,2027.8,NA
"Económico","México","Inversión Extranjera Directa (IED) (millones de dólares)",NA,NA,NA,NA,NA,1927.2,NA
"Económico","Michoacán de Ocampo","Inversión Extranjera Directa (IED) (millones de dólares)",NA,NA,NA,NA,NA,198.4,NA
"Económico","Morelos","Inversión Extranjera Directa (IED) (millones de dólares)",NA,NA,NA,NA,NA,195.5,NA
"Económico","Nayarit","Inversión Extranjera Directa (IED) (millones de dólares)",NA,NA,NA,NA,NA,309.7,NA
"Económico","Nuevo León","Inversión Extranjera Directa (IED) (millones de dólares)",NA,NA,NA,NA,NA,2537.5,NA
"Económico","Oaxaca","Inversión Extranjera Directa (IED) (millones de dólares)",NA,NA,NA,NA,NA,49.9,NA
"Económico","Puebla","Inversión Extranjera Directa (IED) (millones de dólares)",NA,NA,NA,NA,NA,269.8,NA
"Económico","Querétaro","Inversión Extranjera Directa (IED) (millones de dólares)",NA,NA,NA,NA,NA,1107.1,NA
"Económico","Quintana Roo","Inversión Extranjera Directa (IED) (millones de dólares)",NA,NA,NA,NA,NA,985.1,NA
"Económico","San Luis Potosí","Inversión Extranjera Directa (IED) (millones de dólares)",NA,NA,NA,NA,NA,115.7,NA
"Económico","Sinaloa","Inversión Extranjera Directa (IED) (millones de dólares)",NA,NA,NA,NA,NA,415.4,NA
"Económico","Sonora","Inversión Extranjera Directa (IED) (millones de dólares)",NA,NA,NA,NA,NA,2706.3,NA
"Económico","Tabasco","Inversión Extranjera Directa (IED) (millones de dólares)",NA,NA,NA,NA,NA,317.8,NA
"Económico","Tamaulipas","Inversión Extranjera Directa (IED) (millones de dólares)",NA,NA,NA,NA,NA,493.8,NA
"Económico","Tlaxcala","Inversión Extranjera Directa (IED) (millones de dólares)",NA,NA,NA,NA,NA,311.4,NA
"Económico","Veracruz de Ignacio de la Llave","Inversión Extranjera Directa (IED) (millones de dólares)",NA,NA,NA,NA,NA,803.4,NA
"Económico","Yucatán","Inversión Extranjera Directa (IED) (millones de dólares)",NA,NA,NA,NA,NA,190.5,NA
"Económico","Zacatecas","Inversión Extranjera Directa (IED) (millones de dólares)",NA,NA,NA,NA,NA,641.9,NA
"Económico","Aguascalientes","Lana Producción (toneladas)",NA,NA,NA,NA,NA,NA,NA
"Económico","Baja California","Lana Producción (toneladas)",NA,NA,NA,NA,NA,NA,NA
"Económico","Baja California Sur","Lana Producción (toneladas)",NA,NA,NA,NA,NA,NA,NA
"Económico","Campeche","Lana Producción (toneladas)",NA,NA,NA,NA,NA,NA,NA
"Económico","Coahuila de Zaragoza","Lana Producción (toneladas)",NA,NA,NA,NA,NA,17.6,NA
"Económico","Colima","Lana Producción (toneladas)",NA,NA,NA,NA,NA,NA,NA
"Económico","Chiapas","Lana Producción (toneladas)",NA,NA,NA,NA,NA,105.6,NA
"Económico","Chihuahua","Lana Producción (toneladas)",NA,NA,NA,NA,NA,3.9,NA
"Económico","Ciudad de México","Lana Producción (toneladas)",NA,NA,NA,NA,NA,NA,NA
"Económico","Durango","Lana Producción (toneladas)",NA,NA,NA,NA,NA,57.1,NA
"Económico","Guanajuato","Lana Producción (toneladas)",NA,NA,NA,NA,NA,4.2,NA
"Económico","Guerrero","Lana Producción (toneladas)",NA,NA,NA,NA,NA,NA,NA
"Económico","Hidalgo","Lana Producción (toneladas)",NA,NA,NA,NA,NA,1530.1,NA
"Económico","Jalisco","Lana Producción (toneladas)",NA,NA,NA,NA,NA,NA,NA
"Económico","México","Lana Producción (toneladas)",NA,NA,NA,NA,NA,418,NA
"Económico","Michoacán de Ocampo","Lana Producción (toneladas)",NA,NA,NA,NA,NA,72,NA
"Económico","Morelos","Lana Producción (toneladas)",NA,NA,NA,NA,NA,NA,NA
"Económico","Nayarit","Lana Producción (toneladas)",NA,NA,NA,NA,NA,NA,NA
"Económico","Nuevo León","Lana Producción (toneladas)",NA,NA,NA,NA,NA,NA,NA
"Económico","Oaxaca","Lana Producción (toneladas)",NA,NA,NA,NA,NA,130.5,NA
"Económico","Puebla","Lana Producción (toneladas)",NA,NA,NA,NA,NA,191.5,NA
"Económico","Querétaro","Lana Producción (toneladas)",NA,NA,NA,NA,NA,NA,NA
"Económico","Quintana Roo","Lana Producción (toneladas)",NA,NA,NA,NA,NA,NA,NA
"Económico","San Luis Potosí","Lana Producción (toneladas)",NA,NA,NA,NA,NA,407.2,NA
"Económico","Sinaloa","Lana Producción (toneladas)",NA,NA,NA,NA,NA,NA,NA
"Económico","Sonora","Lana Producción (toneladas)",NA,NA,NA,NA,NA,NA,NA
"Económico","Tabasco","Lana Producción (toneladas)",NA,NA,NA,NA,NA,NA,NA
"Económico","Tamaulipas","Lana Producción (toneladas)",NA,NA,NA,NA,NA,NA,NA
"Económico","Tlaxcala","Lana Producción (toneladas)",NA,NA,NA,NA,NA,215,NA
"Económico","Veracruz de Ignacio de la Llave","Lana Producción (toneladas)",NA,NA,NA,NA,NA,60.9,NA
"Económico","Yucatán","Lana Producción (toneladas)",NA,NA,NA,NA,NA,NA,NA
"Económico","Zacatecas","Lana Producción (toneladas)",NA,NA,NA,NA,NA,583.5,NA
"Económico","Aguascalientes","Lana Valor de la Producción (miles de pesos",NA,NA,NA,NA,NA,NA,NA
"Económico","Baja California","Lana Valor de la Producción (miles de pesos",NA,NA,NA,NA,NA,NA,NA
"Económico","Baja California Sur","Lana Valor de la Producción (miles de pesos",NA,NA,NA,NA,NA,NA,NA
"Económico","Campeche","Lana Valor de la Producción (miles de pesos",NA,NA,NA,NA,NA,NA,NA
"Económico","Coahuila de Zaragoza","Lana Valor de la Producción (miles de pesos",NA,NA,NA,NA,NA,131.26,NA
"Económico","Colima","Lana Valor de la Producción (miles de pesos",NA,NA,NA,NA,NA,NA,NA
"Económico","Chiapas","Lana Valor de la Producción (miles de pesos",NA,NA,NA,NA,NA,4966.01,NA
"Económico","Chihuahua","Lana Valor de la Producción (miles de pesos",NA,NA,NA,NA,NA,31.88,NA
"Económico","Ciudad de México","Lana Valor de la Producción (miles de pesos",NA,NA,NA,NA,NA,NA,NA
"Económico","Durango","Lana Valor de la Producción (miles de pesos",NA,NA,NA,NA,NA,237.64,NA
"Económico","Guanajuato","Lana Valor de la Producción (miles de pesos",NA,NA,NA,NA,NA,27.18,NA
"Económico","Guerrero","Lana Valor de la Producción (miles de pesos",NA,NA,NA,NA,NA,NA,NA
"Económico","Hidalgo","Lana Valor de la Producción (miles de pesos",NA,NA,NA,NA,NA,4808.79,NA
"Económico","Jalisco","Lana Valor de la Producción (miles de pesos",NA,NA,NA,NA,NA,NA,NA
"Económico","México","Lana Valor de la Producción (miles de pesos",NA,NA,NA,NA,NA,1014.86,NA
"Económico","Michoacán de Ocampo","Lana Valor de la Producción (miles de pesos",NA,NA,NA,NA,NA,938.95,NA
"Económico","Morelos","Lana Valor de la Producción (miles de pesos",NA,NA,NA,NA,NA,NA,NA
"Económico","Nayarit","Lana Valor de la Producción (miles de pesos",NA,NA,NA,NA,NA,NA,NA
"Económico","Nuevo León","Lana Valor de la Producción (miles de pesos",NA,NA,NA,NA,NA,NA,NA
"Económico","Oaxaca","Lana Valor de la Producción (miles de pesos",NA,NA,NA,NA,NA,1032.58,NA
"Económico","Puebla","Lana Valor de la Producción (miles de pesos",NA,NA,NA,NA,NA,1097.21,NA
"Económico","Querétaro","Lana Valor de la Producción (miles de pesos",NA,NA,NA,NA,NA,NA,NA
"Económico","Quintana Roo","Lana Valor de la Producción (miles de pesos",NA,NA,NA,NA,NA,NA,NA
"Económico","San Luis Potosí","Lana Valor de la Producción (miles de pesos",NA,NA,NA,NA,NA,3232.33,NA
"Económico","Sinaloa","Lana Valor de la Producción (miles de pesos",NA,NA,NA,NA,NA,NA,NA
"Económico","Sonora","Lana Valor de la Producción (miles de pesos",NA,NA,NA,NA,NA,NA,NA
"Económico","Tabasco","Lana Valor de la Producción (miles de pesos",NA,NA,NA,NA,NA,NA,NA
"Económico","Tamaulipas","Lana Valor de la Producción (miles de pesos",NA,NA,NA,NA,NA,NA,NA
"Económico","Tlaxcala","Lana Valor de la Producción (miles de pesos",NA,NA,NA,NA,NA,454.33,NA
"Económico","Veracruz de Ignacio de la Llave","Lana Valor de la Producción (miles de pesos",NA,NA,NA,NA,NA,207.66,NA
"Económico","Yucatán","Lana Valor de la Producción (miles de pesos",NA,NA,NA,NA,NA,NA,NA
"Económico","Zacatecas","Lana Valor de la Producción (miles de pesos",NA,NA,NA,NA,NA,3946.61,NA
"Económico","Aguascalientes","Leche de Bovino Producción (toneladas)",NA,NA,NA,NA,NA,440729.4,NA
"Económico","Baja California","Leche de Bovino Producción (toneladas)",NA,NA,NA,NA,NA,212041.9,NA
"Económico","Baja California Sur","Leche de Bovino Producción (toneladas)",NA,NA,NA,NA,NA,35319.2,NA
"Económico","Campeche","Leche de Bovino Producción (toneladas)",NA,NA,NA,NA,NA,46157.7,NA
"Económico","Coahuila de Zaragoza","Leche de Bovino Producción (toneladas)",NA,NA,NA,NA,NA,1537747.8,NA
"Económico","Colima","Leche de Bovino Producción (toneladas)",NA,NA,NA,NA,NA,46616.4,NA
"Económico","Chiapas","Leche de Bovino Producción (toneladas)",NA,NA,NA,NA,NA,463510,NA
"Económico","Chihuahua","Leche de Bovino Producción (toneladas)",NA,NA,NA,NA,NA,1262218.4,NA
"Económico","Ciudad de México","Leche de Bovino Producción (toneladas)",NA,NA,NA,NA,NA,11347,NA
"Económico","Durango","Leche de Bovino Producción (toneladas)",NA,NA,NA,NA,NA,1515249.7,NA
"Económico","Guanajuato","Leche de Bovino Producción (toneladas)",NA,NA,NA,NA,NA,912848,NA
"Económico","Guerrero","Leche de Bovino Producción (toneladas)",NA,NA,NA,NA,NA,91353.5,NA
"Económico","Hidalgo","Leche de Bovino Producción (toneladas)",NA,NA,NA,NA,NA,429856.9,NA
"Económico","Jalisco","Leche de Bovino Producción (toneladas)",NA,NA,NA,NA,NA,2799040.6,NA
"Económico","México","Leche de Bovino Producción (toneladas)",NA,NA,NA,NA,NA,434103.4,NA
"Económico","Michoacán de Ocampo","Leche de Bovino Producción (toneladas)",NA,NA,NA,NA,NA,382988.2,NA
"Económico","Morelos","Leche de Bovino Producción (toneladas)",NA,NA,NA,NA,NA,22000.7,NA
"Económico","Nayarit","Leche de Bovino Producción (toneladas)",NA,NA,NA,NA,NA,39597,NA
"Económico","Nuevo León","Leche de Bovino Producción (toneladas)",NA,NA,NA,NA,NA,17837.1,NA
"Económico","Oaxaca","Leche de Bovino Producción (toneladas)",NA,NA,NA,NA,NA,151658.8,NA
"Económico","Puebla","Leche de Bovino Producción (toneladas)",NA,NA,NA,NA,NA,462638.5,NA
"Económico","Querétaro","Leche de Bovino Producción (toneladas)",NA,NA,NA,NA,NA,419821.7,NA
"Económico","Quintana Roo","Leche de Bovino Producción (toneladas)",NA,NA,NA,NA,NA,6524.2,NA
"Económico","San Luis Potosí","Leche de Bovino Producción (toneladas)",NA,NA,NA,NA,NA,157371.5,NA
"Económico","Sinaloa","Leche de Bovino Producción (toneladas)",NA,NA,NA,NA,NA,98560.8,NA
"Económico","Sonora","Leche de Bovino Producción (toneladas)",NA,NA,NA,NA,NA,119592.7,NA
"Económico","Tabasco","Leche de Bovino Producción (toneladas)",NA,NA,NA,NA,NA,105995.2,NA
"Económico","Tamaulipas","Leche de Bovino Producción (toneladas)",NA,NA,NA,NA,NA,21699.3,NA
"Económico","Tlaxcala","Leche de Bovino Producción (toneladas)",NA,NA,NA,NA,NA,84028.1,NA
"Económico","Veracruz de Ignacio de la Llave","Leche de Bovino Producción (toneladas)",NA,NA,NA,NA,NA,807075.2,NA
"Económico","Yucatán","Leche de Bovino Producción (toneladas)",NA,NA,NA,NA,NA,2267.5,NA
"Económico","Zacatecas","Leche de Bovino Producción (toneladas)",NA,NA,NA,NA,NA,194941.5,NA
"Económico","Aguascalientes","Leche de Bovino Valor de la Producción (miles de pesos)",NA,NA,NA,NA,NA,3568553.21,NA
"Económico","Baja California","Leche de Bovino Valor de la Producción (miles de pesos)",NA,NA,NA,NA,NA,1875074.18,NA
"Económico","Baja California Sur","Leche de Bovino Valor de la Producción (miles de pesos)",NA,NA,NA,NA,NA,288651.13,NA
"Económico","Campeche","Leche de Bovino Valor de la Producción (miles de pesos)",NA,NA,NA,NA,NA,379526.81,NA
"Económico","Coahuila de Zaragoza","Leche de Bovino Valor de la Producción (miles de pesos)",NA,NA,NA,NA,NA,13108912.36,NA
"Económico","Colima","Leche de Bovino Valor de la Producción (miles de pesos)",NA,NA,NA,NA,NA,388915.67,NA
"Económico","Chiapas","Leche de Bovino Valor de la Producción (miles de pesos)",NA,NA,NA,NA,NA,3349510.53,NA
"Económico","Chihuahua","Leche de Bovino Valor de la Producción (miles de pesos)",NA,NA,NA,NA,NA,11829683.34,NA
"Económico","Ciudad de México","Leche de Bovino Valor de la Producción (miles de pesos)",NA,NA,NA,NA,NA,108866.33,NA
"Económico","Durango","Leche de Bovino Valor de la Producción (miles de pesos)",NA,NA,NA,NA,NA,13039809.73,NA
"Económico","Guanajuato","Leche de Bovino Valor de la Producción (miles de pesos)",NA,NA,NA,NA,NA,7587140.59,NA
"Económico","Guerrero","Leche de Bovino Valor de la Producción (miles de pesos)",NA,NA,NA,NA,NA,842672.9,NA
"Económico","Hidalgo","Leche de Bovino Valor de la Producción (miles de pesos)",NA,NA,NA,NA,NA,3328283.46,NA
"Económico","Jalisco","Leche de Bovino Valor de la Producción (miles de pesos)",NA,NA,NA,NA,NA,23763845.56,NA
"Económico","México","Leche de Bovino Valor de la Producción (miles de pesos)",NA,NA,NA,NA,NA,3593947.49,NA
"Económico","Michoacán de Ocampo","Leche de Bovino Valor de la Producción (miles de pesos)",NA,NA,NA,NA,NA,3516294.38,NA
"Económico","Morelos","Leche de Bovino Valor de la Producción (miles de pesos)",NA,NA,NA,NA,NA,194954.05,NA
"Económico","Nayarit","Leche de Bovino Valor de la Producción (miles de pesos)",NA,NA,NA,NA,NA,326717.43,NA
"Económico","Nuevo León","Leche de Bovino Valor de la Producción (miles de pesos)",NA,NA,NA,NA,NA,170623.96,NA
"Económico","Oaxaca","Leche de Bovino Valor de la Producción (miles de pesos)",NA,NA,NA,NA,NA,1161155.61,NA
"Económico","Puebla","Leche de Bovino Valor de la Producción (miles de pesos)",NA,NA,NA,NA,NA,3601248.22,NA
"Económico","Querétaro","Leche de Bovino Valor de la Producción (miles de pesos)",NA,NA,NA,NA,NA,3630123.15,NA
"Económico","Quintana Roo","Leche de Bovino Valor de la Producción (miles de pesos)",NA,NA,NA,NA,NA,49271.88,NA
"Económico","San Luis Potosí","Leche de Bovino Valor de la Producción (miles de pesos)",NA,NA,NA,NA,NA,1261387.83,NA
"Económico","Sinaloa","Leche de Bovino Valor de la Producción (miles de pesos)",NA,NA,NA,NA,NA,804046.21,NA
"Económico","Sonora","Leche de Bovino Valor de la Producción (miles de pesos)",NA,NA,NA,NA,NA,1048714.31,NA
"Económico","Tabasco","Leche de Bovino Valor de la Producción (miles de pesos)",NA,NA,NA,NA,NA,776610.28,NA
"Económico","Tamaulipas","Leche de Bovino Valor de la Producción (miles de pesos)",NA,NA,NA,NA,NA,173799.45,NA
"Económico","Tlaxcala","Leche de Bovino Valor de la Producción (miles de pesos)",NA,NA,NA,NA,NA,695569.18,NA
"Económico","Veracruz de Ignacio de la Llave","Leche de Bovino Valor de la Producción (miles de pesos)",NA,NA,NA,NA,NA,6533341.68,NA
"Económico","Yucatán","Leche de Bovino Valor de la Producción (miles de pesos)",NA,NA,NA,NA,NA,19394.84,NA
"Económico","Zacatecas","Leche de Bovino Valor de la Producción (miles de pesos)",NA,NA,NA,NA,NA,1803459.54,NA
"Económico","Aguascalientes","Leche de Caprino Producción (toneladas)",NA,NA,NA,NA,NA,NA,NA
"Económico","Baja California","Leche de Caprino Producción (toneladas)",NA,NA,NA,NA,NA,495.9,NA
"Económico","Baja California Sur","Leche de Caprino Producción (toneladas)",NA,NA,NA,NA,NA,4448.6,NA
"Económico","Campeche","Leche de Caprino Producción (toneladas)",NA,NA,NA,NA,NA,39.7,NA
"Económico","Coahuila de Zaragoza","Leche de Caprino Producción (toneladas)",NA,NA,NA,NA,NA,46104.9,NA
"Económico","Colima","Leche de Caprino Producción (toneladas)",NA,NA,NA,NA,NA,2.8,NA
"Económico","Chiapas","Leche de Caprino Producción (toneladas)",NA,NA,NA,NA,NA,NA,NA
"Económico","Chihuahua","Leche de Caprino Producción (toneladas)",NA,NA,NA,NA,NA,7795,NA
"Económico","Ciudad de México","Leche de Caprino Producción (toneladas)",NA,NA,NA,NA,NA,NA,NA
"Económico","Durango","Leche de Caprino Producción (toneladas)",NA,NA,NA,NA,NA,24851.1,NA
"Económico","Guanajuato","Leche de Caprino Producción (toneladas)",NA,NA,NA,NA,NA,44852.5,NA
"Económico","Guerrero","Leche de Caprino Producción (toneladas)",NA,NA,NA,NA,NA,NA,NA
"Económico","Hidalgo","Leche de Caprino Producción (toneladas)",NA,NA,NA,NA,NA,61.3,NA
"Económico","Jalisco","Leche de Caprino Producción (toneladas)",NA,NA,NA,NA,NA,10165.4,NA
"Económico","México","Leche de Caprino Producción (toneladas)",NA,NA,NA,NA,NA,NA,NA
"Económico","Michoacán de Ocampo","Leche de Caprino Producción (toneladas)",NA,NA,NA,NA,NA,4241.7,NA
"Económico","Morelos","Leche de Caprino Producción (toneladas)",NA,NA,NA,NA,NA,NA,NA
"Económico","Nayarit","Leche de Caprino Producción (toneladas)",NA,NA,NA,NA,NA,NA,NA
"Económico","Nuevo León","Leche de Caprino Producción (toneladas)",NA,NA,NA,NA,NA,4520.3,NA
"Económico","Oaxaca","Leche de Caprino Producción (toneladas)",NA,NA,NA,NA,NA,NA,NA
"Económico","Puebla","Leche de Caprino Producción (toneladas)",NA,NA,NA,NA,NA,1945.7,NA
"Económico","Querétaro","Leche de Caprino Producción (toneladas)",NA,NA,NA,NA,NA,2948.7,NA
"Económico","Quintana Roo","Leche de Caprino Producción (toneladas)",NA,NA,NA,NA,NA,13,NA
"Económico","San Luis Potosí","Leche de Caprino Producción (toneladas)",NA,NA,NA,NA,NA,5234.7,NA
"Económico","Sinaloa","Leche de Caprino Producción (toneladas)",NA,NA,NA,NA,NA,NA,NA
"Económico","Sonora","Leche de Caprino Producción (toneladas)",NA,NA,NA,NA,NA,668,NA
"Económico","Tabasco","Leche de Caprino Producción (toneladas)",NA,NA,NA,NA,NA,NA,NA
"Económico","Tamaulipas","Leche de Caprino Producción (toneladas)",NA,NA,NA,NA,NA,110.9,NA
"Económico","Tlaxcala","Leche de Caprino Producción (toneladas)",NA,NA,NA,NA,NA,1776,NA
"Económico","Veracruz de Ignacio de la Llave","Leche de Caprino Producción (toneladas)",NA,NA,NA,NA,NA,2480.8,NA
"Económico","Yucatán","Leche de Caprino Producción (toneladas)",NA,NA,NA,NA,NA,NA,NA
"Económico","Zacatecas","Leche de Caprino Producción (toneladas)",NA,NA,NA,NA,NA,6447.1,NA
"Económico","Aguascalientes","Leche de Caprino Valor de la Producción (miles de pesos)",NA,NA,NA,NA,NA,NA,NA
"Económico","Baja California","Leche de Caprino Valor de la Producción (miles de pesos)",NA,NA,NA,NA,NA,3911.08,NA
"Económico","Baja California Sur","Leche de Caprino Valor de la Producción (miles de pesos)",NA,NA,NA,NA,NA,34497.18,NA
"Económico","Campeche","Leche de Caprino Valor de la Producción (miles de pesos)",NA,NA,NA,NA,NA,318.06,NA
"Económico","Coahuila de Zaragoza","Leche de Caprino Valor de la Producción (miles de pesos)",NA,NA,NA,NA,NA,360900.01,NA
"Económico","Colima","Leche de Caprino Valor de la Producción (miles de pesos)",NA,NA,NA,NA,NA,21.23,NA
"Económico","Chiapas","Leche de Caprino Valor de la Producción (miles de pesos)",NA,NA,NA,NA,NA,NA,NA
"Económico","Chihuahua","Leche de Caprino Valor de la Producción (miles de pesos)",NA,NA,NA,NA,NA,61395.86,NA
"Económico","Ciudad de México","Leche de Caprino Valor de la Producción (miles de pesos)",NA,NA,NA,NA,NA,NA,NA
"Económico","Durango","Leche de Caprino Valor de la Producción (miles de pesos)",NA,NA,NA,NA,NA,195069.24,NA
"Económico","Guanajuato","Leche de Caprino Valor de la Producción (miles de pesos)",NA,NA,NA,NA,NA,358913.48,NA
"Económico","Guerrero","Leche de Caprino Valor de la Producción (miles de pesos)",NA,NA,NA,NA,NA,NA,NA
"Económico","Hidalgo","Leche de Caprino Valor de la Producción (miles de pesos)",NA,NA,NA,NA,NA,495.32,NA
"Económico","Jalisco","Leche de Caprino Valor de la Producción (miles de pesos)",NA,NA,NA,NA,NA,81291.11,NA
"Económico","México","Leche de Caprino Valor de la Producción (miles de pesos)",NA,NA,NA,NA,NA,NA,NA
"Económico","Michoacán de Ocampo","Leche de Caprino Valor de la Producción (miles de pesos)",NA,NA,NA,NA,NA,33540.47,NA
"Económico","Morelos","Leche de Caprino Valor de la Producción (miles de pesos)",NA,NA,NA,NA,NA,NA,NA
"Económico","Nayarit","Leche de Caprino Valor de la Producción (miles de pesos)",NA,NA,NA,NA,NA,NA,NA
"Económico","Nuevo León","Leche de Caprino Valor de la Producción (miles de pesos)",NA,NA,NA,NA,NA,36669.74,NA
"Económico","Oaxaca","Leche de Caprino Valor de la Producción (miles de pesos)",NA,NA,NA,NA,NA,NA,NA
"Económico","Puebla","Leche de Caprino Valor de la Producción (miles de pesos)",NA,NA,NA,NA,NA,15385.74,NA
"Económico","Querétaro","Leche de Caprino Valor de la Producción (miles de pesos)",NA,NA,NA,NA,NA,23882.35,NA
"Económico","Quintana Roo","Leche de Caprino Valor de la Producción (miles de pesos)",NA,NA,NA,NA,NA,105.65,NA
"Económico","San Luis Potosí","Leche de Caprino Valor de la Producción (miles de pesos)",NA,NA,NA,NA,NA,41531.38,NA
"Económico","Sinaloa","Leche de Caprino Valor de la Producción (miles de pesos)",NA,NA,NA,NA,NA,NA,NA
"Económico","Sonora","Leche de Caprino Valor de la Producción (miles de pesos)",NA,NA,NA,NA,NA,5011.59,NA
"Económico","Tabasco","Leche de Caprino Valor de la Producción (miles de pesos)",NA,NA,NA,NA,NA,NA,NA
"Económico","Tamaulipas","Leche de Caprino Valor de la Producción (miles de pesos)",NA,NA,NA,NA,NA,873.24,NA
"Económico","Tlaxcala","Leche de Caprino Valor de la Producción (miles de pesos)",NA,NA,NA,NA,NA,13887.64,NA
"Económico","Veracruz de Ignacio de la Llave","Leche de Caprino Valor de la Producción (miles de pesos)",NA,NA,NA,NA,NA,20082.86,NA
"Económico","Yucatán","Leche de Caprino Valor de la Producción (miles de pesos)",NA,NA,NA,NA,NA,NA,NA
"Económico","Zacatecas","Leche de Caprino Valor de la Producción (miles de pesos)",NA,NA,NA,NA,NA,49086.72,NA
"Económico","Aguascalientes","Longitud de la Red Carretera Federal",NA,NA,NA,NA,NA,344,NA
"Económico","Baja California","Longitud de la Red Carretera Federal",NA,NA,NA,NA,NA,1911,NA
"Económico","Baja California Sur","Longitud de la Red Carretera Federal",NA,NA,NA,NA,NA,1197,NA
"Económico","Campeche","Longitud de la Red Carretera Federal",NA,NA,NA,NA,NA,1381,NA
"Económico","Coahuila de Zaragoza","Longitud de la Red Carretera Federal",NA,NA,NA,NA,NA,1484,NA
"Económico","Colima","Longitud de la Red Carretera Federal",NA,NA,NA,NA,NA,447,NA
"Económico","Chiapas","Longitud de la Red Carretera Federal",NA,NA,NA,NA,NA,2655,NA
"Económico","Chihuahua","Longitud de la Red Carretera Federal",NA,NA,NA,NA,NA,2626,NA
"Económico","Ciudad de México","Longitud de la Red Carretera Federal",NA,NA,NA,NA,NA,NA,NA
"Económico","Durango","Longitud de la Red Carretera Federal",NA,NA,NA,NA,NA,2608,NA
"Económico","Guanajuato","Longitud de la Red Carretera Federal",NA,NA,NA,NA,NA,1486,NA
"Económico","Guerrero","Longitud de la Red Carretera Federal",NA,NA,NA,NA,NA,1941,NA
"Económico","Hidalgo","Longitud de la Red Carretera Federal",NA,NA,NA,NA,NA,756,NA
"Económico","Jalisco","Longitud de la Red Carretera Federal",NA,NA,NA,NA,NA,2599,NA
"Económico","México","Longitud de la Red Carretera Federal",NA,NA,NA,NA,NA,793,NA
"Económico","Michoacán de Ocampo","Longitud de la Red Carretera Federal",NA,NA,NA,NA,NA,2698,NA
"Económico","Morelos","Longitud de la Red Carretera Federal",NA,NA,NA,NA,NA,520,NA
"Económico","Nayarit","Longitud de la Red Carretera Federal",NA,NA,NA,NA,NA,1320,NA
"Económico","Nuevo León","Longitud de la Red Carretera Federal",NA,NA,NA,NA,NA,1254,NA
"Económico","Oaxaca","Longitud de la Red Carretera Federal",NA,NA,NA,NA,NA,3357,NA
"Económico","Puebla","Longitud de la Red Carretera Federal",NA,NA,NA,NA,NA,1696,NA
"Económico","Querétaro","Longitud de la Red Carretera Federal",NA,NA,NA,NA,NA,861,NA
"Económico","Quintana Roo","Longitud de la Red Carretera Federal",NA,NA,NA,NA,NA,877,NA
"Económico","San Luis Potosí","Longitud de la Red Carretera Federal",NA,NA,NA,NA,NA,2042,NA
"Económico","Sinaloa","Longitud de la Red Carretera Federal",NA,NA,NA,NA,NA,1316,NA
"Económico","Sonora","Longitud de la Red Carretera Federal",NA,NA,NA,NA,NA,2672,NA
"Económico","Tabasco","Longitud de la Red Carretera Federal",NA,NA,NA,NA,NA,612,NA
"Económico","Tamaulipas","Longitud de la Red Carretera Federal",NA,NA,NA,NA,NA,2268,NA
"Económico","Tlaxcala","Longitud de la Red Carretera Federal",NA,NA,NA,NA,NA,694,NA
"Económico","Veracruz de Ignacio de la Llave","Longitud de la Red Carretera Federal",NA,NA,NA,NA,NA,3507,NA
"Económico","Yucatán","Longitud de la Red Carretera Federal",NA,NA,NA,NA,NA,1333,NA
"Económico","Zacatecas","Longitud de la Red Carretera Federal",NA,NA,NA,NA,NA,1613,NA
"Económico","Aguascalientes","Longitud de la Red de Alimentadoras estatales",NA,NA,NA,NA,NA,1158,NA
"Económico","Baja California","Longitud de la Red de Alimentadoras estatales",NA,NA,NA,NA,NA,3683,NA
"Económico","Baja California Sur","Longitud de la Red de Alimentadoras estatales",NA,NA,NA,NA,NA,1832,NA
"Económico","Campeche","Longitud de la Red de Alimentadoras estatales",NA,NA,NA,NA,NA,1089,NA
"Económico","Coahuila de Zaragoza","Longitud de la Red de Alimentadoras estatales",NA,NA,NA,NA,NA,3380,NA
"Económico","Colima","Longitud de la Red de Alimentadoras estatales",NA,NA,NA,NA,NA,858,NA
"Económico","Chiapas","Longitud de la Red de Alimentadoras estatales",NA,NA,NA,NA,NA,5020,NA
"Económico","Chihuahua","Longitud de la Red de Alimentadoras estatales",NA,NA,NA,NA,NA,NA,NA
"Económico","Ciudad de México","Longitud de la Red de Alimentadoras estatales",NA,NA,NA,NA,NA,NA,NA
"Económico","Durango","Longitud de la Red de Alimentadoras estatales",NA,NA,NA,NA,NA,2683,NA
"Económico","Guanajuato","Longitud de la Red de Alimentadoras estatales",NA,NA,NA,NA,NA,2894,NA
"Económico","Guerrero","Longitud de la Red de Alimentadoras estatales",NA,NA,NA,NA,NA,4946,NA
"Económico","Hidalgo","Longitud de la Red de Alimentadoras estatales",NA,NA,NA,NA,NA,2800,NA
"Económico","Jalisco","Longitud de la Red de Alimentadoras estatales",NA,NA,NA,NA,NA,4601,NA
"Económico","México","Longitud de la Red de Alimentadoras estatales",NA,NA,NA,NA,NA,4327,NA
"Económico","Michoacán de Ocampo","Longitud de la Red de Alimentadoras estatales",NA,NA,NA,NA,NA,3027,NA
"Económico","Morelos","Longitud de la Red de Alimentadoras estatales",NA,NA,NA,NA,NA,1292,NA
"Económico","Nayarit","Longitud de la Red de Alimentadoras estatales",NA,NA,NA,NA,NA,2068,NA
"Económico","Nuevo León","Longitud de la Red de Alimentadoras estatales",NA,NA,NA,NA,NA,3324,NA
"Económico","Oaxaca","Longitud de la Red de Alimentadoras estatales",NA,NA,NA,NA,NA,4547,NA
"Económico","Puebla","Longitud de la Red de Alimentadoras estatales",NA,NA,NA,NA,NA,5436,NA
"Económico","Querétaro","Longitud de la Red de Alimentadoras estatales",NA,NA,NA,NA,NA,1152,NA
"Económico","Quintana Roo","Longitud de la Red de Alimentadoras estatales",NA,NA,NA,NA,NA,2570,NA
"Económico","San Luis Potosí","Longitud de la Red de Alimentadoras estatales",NA,NA,NA,NA,NA,5851,NA
"Económico","Sinaloa","Longitud de la Red de Alimentadoras estatales",NA,NA,NA,NA,NA,3632,NA
"Económico","Sonora","Longitud de la Red de Alimentadoras estatales",NA,NA,NA,NA,NA,5090,NA
"Económico","Tabasco","Longitud de la Red de Alimentadoras estatales",NA,NA,NA,NA,NA,5489,NA
"Económico","Tamaulipas","Longitud de la Red de Alimentadoras estatales",NA,NA,NA,NA,NA,2837,NA
"Económico","Tlaxcala","Longitud de la Red de Alimentadoras estatales",NA,NA,NA,NA,NA,1121,NA
"Económico","Veracruz de Ignacio de la Llave","Longitud de la Red de Alimentadoras estatales",NA,NA,NA,NA,NA,8138,NA
"Económico","Yucatán","Longitud de la Red de Alimentadoras estatales",NA,NA,NA,NA,NA,4731,NA
"Económico","Zacatecas","Longitud de la Red de Alimentadoras estatales",NA,NA,NA,NA,NA,4934,NA
"Económico","Aguascalientes","Longitud de la Red de Brechas Mejoradas",NA,NA,NA,NA,NA,361,NA
"Económico","Baja California","Longitud de la Red de Brechas Mejoradas",NA,NA,NA,NA,NA,4284,NA
"Económico","Baja California Sur","Longitud de la Red de Brechas Mejoradas",NA,NA,NA,NA,NA,1718,NA
"Económico","Campeche","Longitud de la Red de Brechas Mejoradas",NA,NA,NA,NA,NA,0,NA
"Económico","Coahuila de Zaragoza","Longitud de la Red de Brechas Mejoradas",NA,NA,NA,NA,NA,0,NA
"Económico","Colima","Longitud de la Red de Brechas Mejoradas",NA,NA,NA,NA,NA,147,NA
"Económico","Chiapas","Longitud de la Red de Brechas Mejoradas",NA,NA,NA,NA,NA,59,NA
"Económico","Chihuahua","Longitud de la Red de Brechas Mejoradas",NA,NA,NA,NA,NA,NA,NA
"Económico","Ciudad de México","Longitud de la Red de Brechas Mejoradas",NA,NA,NA,NA,NA,NA,NA
"Económico","Durango","Longitud de la Red de Brechas Mejoradas",NA,NA,NA,NA,NA,930,NA
"Económico","Guanajuato","Longitud de la Red de Brechas Mejoradas",NA,NA,NA,NA,NA,1323,NA
"Económico","Guerrero","Longitud de la Red de Brechas Mejoradas",NA,NA,NA,NA,NA,6220,NA
"Económico","Hidalgo","Longitud de la Red de Brechas Mejoradas",NA,NA,NA,NA,NA,2169,NA
"Económico","Jalisco","Longitud de la Red de Brechas Mejoradas",NA,NA,NA,NA,NA,NA,NA
"Económico","México","Longitud de la Red de Brechas Mejoradas",NA,NA,NA,NA,NA,0,NA
"Económico","Michoacán de Ocampo","Longitud de la Red de Brechas Mejoradas",NA,NA,NA,NA,NA,4000,NA
"Económico","Morelos","Longitud de la Red de Brechas Mejoradas",NA,NA,NA,NA,NA,NA,NA
"Económico","Nayarit","Longitud de la Red de Brechas Mejoradas",NA,NA,NA,NA,NA,296,NA
"Económico","Nuevo León","Longitud de la Red de Brechas Mejoradas",NA,NA,NA,NA,NA,12,NA
"Económico","Oaxaca","Longitud de la Red de Brechas Mejoradas",NA,NA,NA,NA,NA,337,NA
"Económico","Puebla","Longitud de la Red de Brechas Mejoradas",NA,NA,NA,NA,NA,0,NA
"Económico","Querétaro","Longitud de la Red de Brechas Mejoradas",NA,NA,NA,NA,NA,0,NA
"Económico","Quintana Roo","Longitud de la Red de Brechas Mejoradas",NA,NA,NA,NA,NA,0,NA
"Económico","San Luis Potosí","Longitud de la Red de Brechas Mejoradas",NA,NA,NA,NA,NA,0,NA
"Económico","Sinaloa","Longitud de la Red de Brechas Mejoradas",NA,NA,NA,NA,NA,0,NA
"Económico","Sonora","Longitud de la Red de Brechas Mejoradas",NA,NA,NA,NA,NA,NA,NA
"Económico","Tabasco","Longitud de la Red de Brechas Mejoradas",NA,NA,NA,NA,NA,323,NA
"Económico","Tamaulipas","Longitud de la Red de Brechas Mejoradas",NA,NA,NA,NA,NA,0,NA
"Económico","Tlaxcala","Longitud de la Red de Brechas Mejoradas",NA,NA,NA,NA,NA,0,NA
"Económico","Veracruz de Ignacio de la Llave","Longitud de la Red de Brechas Mejoradas",NA,NA,NA,NA,NA,9344,NA
"Económico","Yucatán","Longitud de la Red de Brechas Mejoradas",NA,NA,NA,NA,NA,3619,NA
"Económico","Zacatecas","Longitud de la Red de Brechas Mejoradas",NA,NA,NA,NA,NA,1295,NA
"Económico","Aguascalientes","Longitud de la Red de Caminos Rurales",NA,NA,NA,NA,NA,516,NA
"Económico","Baja California","Longitud de la Red de Caminos Rurales",NA,NA,NA,NA,NA,4791,NA
"Económico","Baja California Sur","Longitud de la Red de Caminos Rurales",NA,NA,NA,NA,NA,1317,NA
"Económico","Campeche","Longitud de la Red de Caminos Rurales",NA,NA,NA,NA,NA,2284,NA
"Económico","Coahuila de Zaragoza","Longitud de la Red de Caminos Rurales",NA,NA,NA,NA,NA,3639,NA
"Económico","Colima","Longitud de la Red de Caminos Rurales",NA,NA,NA,NA,NA,1594,NA
"Económico","Chiapas","Longitud de la Red de Caminos Rurales",NA,NA,NA,NA,NA,15717,NA
"Económico","Chihuahua","Longitud de la Red de Caminos Rurales",NA,NA,NA,NA,NA,NA,NA
"Económico","Ciudad de México","Longitud de la Red de Caminos Rurales",NA,NA,NA,NA,NA,NA,NA
"Económico","Durango","Longitud de la Red de Caminos Rurales",NA,NA,NA,NA,NA,10474,NA
"Económico","Guanajuato","Longitud de la Red de Caminos Rurales",NA,NA,NA,NA,NA,7210,NA
"Económico","Guerrero","Longitud de la Red de Caminos Rurales",NA,NA,NA,NA,NA,6021,NA
"Económico","Hidalgo","Longitud de la Red de Caminos Rurales",NA,NA,NA,NA,NA,5290,NA
"Económico","Jalisco","Longitud de la Red de Caminos Rurales",NA,NA,NA,NA,NA,14787,NA
"Económico","México","Longitud de la Red de Caminos Rurales",NA,NA,NA,NA,NA,0,NA
"Económico","Michoacán de Ocampo","Longitud de la Red de Caminos Rurales",NA,NA,NA,NA,NA,3114,NA
"Económico","Morelos","Longitud de la Red de Caminos Rurales",NA,NA,NA,NA,NA,1193,NA
"Económico","Nayarit","Longitud de la Red de Caminos Rurales",NA,NA,NA,NA,NA,2009,NA
"Económico","Nuevo León","Longitud de la Red de Caminos Rurales",NA,NA,NA,NA,NA,2468,NA
"Económico","Oaxaca","Longitud de la Red de Caminos Rurales",NA,NA,NA,NA,NA,22873,NA
"Económico","Puebla","Longitud de la Red de Caminos Rurales",NA,NA,NA,NA,NA,4874,NA
"Económico","Querétaro","Longitud de la Red de Caminos Rurales",NA,NA,NA,NA,NA,1264,NA
"Económico","Quintana Roo","Longitud de la Red de Caminos Rurales",NA,NA,NA,NA,NA,2415,NA
"Económico","San Luis Potosí","Longitud de la Red de Caminos Rurales",NA,NA,NA,NA,NA,5223,NA
"Económico","Sinaloa","Longitud de la Red de Caminos Rurales",NA,NA,NA,NA,NA,11892,NA
"Económico","Sonora","Longitud de la Red de Caminos Rurales",NA,NA,NA,NA,NA,NA,NA
"Económico","Tabasco","Longitud de la Red de Caminos Rurales",NA,NA,NA,NA,NA,4359,NA
"Económico","Tamaulipas","Longitud de la Red de Caminos Rurales",NA,NA,NA,NA,NA,3233,NA
"Económico","Tlaxcala","Longitud de la Red de Caminos Rurales",NA,NA,NA,NA,NA,1216,NA
"Económico","Veracruz de Ignacio de la Llave","Longitud de la Red de Caminos Rurales",NA,NA,NA,NA,NA,4367,NA
"Económico","Yucatán","Longitud de la Red de Caminos Rurales",NA,NA,NA,NA,NA,2511,NA
"Económico","Zacatecas","Longitud de la Red de Caminos Rurales",NA,NA,NA,NA,NA,4456,NA
"Económico","Aguascalientes","Miel (Producción toneladas)",NA,NA,NA,NA,NA,717.4,NA
"Económico","Baja California","Miel (Producción toneladas)",NA,NA,NA,NA,NA,298.1,NA
"Económico","Baja California Sur","Miel (Producción toneladas)",NA,NA,NA,NA,NA,222.2,NA
"Económico","Campeche","Miel (Producción toneladas)",NA,NA,NA,NA,NA,4605.5,NA
"Económico","Coahuila de Zaragoza","Miel (Producción toneladas)",NA,NA,NA,NA,NA,226.1,NA
"Económico","Colima","Miel (Producción toneladas)",NA,NA,NA,NA,NA,535.8,NA
"Económico","Chiapas","Miel (Producción toneladas)",NA,NA,NA,NA,NA,5892.3,NA
"Económico","Chihuahua","Miel (Producción toneladas)",NA,NA,NA,NA,NA,495.6,NA
"Económico","Ciudad de México","Miel (Producción toneladas)",NA,NA,NA,NA,NA,85.4,NA
"Económico","Durango","Miel (Producción toneladas)",NA,NA,NA,NA,NA,293.4,NA
"Económico","Guanajuato","Miel (Producción toneladas)",NA,NA,NA,NA,NA,734.7,NA
"Económico","Guerrero","Miel (Producción toneladas)",NA,NA,NA,NA,NA,2111.8,NA
"Económico","Hidalgo","Miel (Producción toneladas)",NA,NA,NA,NA,NA,1451.7,NA
"Económico","Jalisco","Miel (Producción toneladas)",NA,NA,NA,NA,NA,5806.1,NA
"Económico","México","Miel (Producción toneladas)",NA,NA,NA,NA,NA,931.2,NA
"Económico","Michoacán de Ocampo","Miel (Producción toneladas)",NA,NA,NA,NA,NA,2055.5,NA
"Económico","Morelos","Miel (Producción toneladas)",NA,NA,NA,NA,NA,2035.3,NA
"Económico","Nayarit","Miel (Producción toneladas)",NA,NA,NA,NA,NA,453.3,NA
"Económico","Nuevo León","Miel (Producción toneladas)",NA,NA,NA,NA,NA,234.3,NA
"Económico","Oaxaca","Miel (Producción toneladas)",NA,NA,NA,NA,NA,4795.2,NA
"Económico","Puebla","Miel (Producción toneladas)",NA,NA,NA,NA,NA,2383.6,NA
"Económico","Querétaro","Miel (Producción toneladas)",NA,NA,NA,NA,NA,42.9,NA
"Económico","Quintana Roo","Miel (Producción toneladas)",NA,NA,NA,NA,NA,2727.8,NA
"Económico","San Luis Potosí","Miel (Producción toneladas)",NA,NA,NA,NA,NA,1086,NA
"Económico","Sinaloa","Miel (Producción toneladas)",NA,NA,NA,NA,NA,187.5,NA
"Económico","Sonora","Miel (Producción toneladas)",NA,NA,NA,NA,NA,433,NA
"Económico","Tabasco","Miel (Producción toneladas)",NA,NA,NA,NA,NA,413.8,NA
"Económico","Tamaulipas","Miel (Producción toneladas)",NA,NA,NA,NA,NA,828.7,NA
"Económico","Tlaxcala","Miel (Producción toneladas)",NA,NA,NA,NA,NA,509.3,NA
"Económico","Veracruz de Ignacio de la Llave","Miel (Producción toneladas)",NA,NA,NA,NA,NA,5239.8,NA
"Económico","Yucatán","Miel (Producción toneladas)",NA,NA,NA,NA,NA,9450.5,NA
"Económico","Zacatecas","Miel (Producción toneladas)",NA,NA,NA,NA,NA,749.6,NA
"Económico","Aguascalientes","Miel (Valor de la Producción miles de pesos)",NA,NA,NA,NA,NA,35873.59,NA
"Económico","Baja California","Miel (Valor de la Producción miles de pesos)",NA,NA,NA,NA,NA,15205.29,NA
"Económico","Baja California Sur","Miel (Valor de la Producción miles de pesos)",NA,NA,NA,NA,NA,11661.32,NA
"Económico","Campeche","Miel (Valor de la Producción miles de pesos)",NA,NA,NA,NA,NA,134337.53,NA
"Económico","Coahuila de Zaragoza","Miel (Valor de la Producción miles de pesos)",NA,NA,NA,NA,NA,11744.42,NA
"Económico","Colima","Miel (Valor de la Producción miles de pesos)",NA,NA,NA,NA,NA,26187.59,NA
"Económico","Chiapas","Miel (Valor de la Producción miles de pesos)",NA,NA,NA,NA,NA,272454.08,NA
"Económico","Chihuahua","Miel (Valor de la Producción miles de pesos)",NA,NA,NA,NA,NA,24270.52,NA
"Económico","Ciudad de México","Miel (Valor de la Producción miles de pesos)",NA,NA,NA,NA,NA,4721.78,NA
"Económico","Durango","Miel (Valor de la Producción miles de pesos)",NA,NA,NA,NA,NA,15234.57,NA
"Económico","Guanajuato","Miel (Valor de la Producción miles de pesos)",NA,NA,NA,NA,NA,38189.87,NA
"Económico","Guerrero","Miel (Valor de la Producción miles de pesos)",NA,NA,NA,NA,NA,104412.68,NA
"Económico","Hidalgo","Miel (Valor de la Producción miles de pesos)",NA,NA,NA,NA,NA,67691.26,NA
"Económico","Jalisco","Miel (Valor de la Producción miles de pesos)",NA,NA,NA,NA,NA,298341.45,NA
"Económico","México","Miel (Valor de la Producción miles de pesos)",NA,NA,NA,NA,NA,50588.45,NA
"Económico","Michoacán de Ocampo","Miel (Valor de la Producción miles de pesos)",NA,NA,NA,NA,NA,111326.61,NA
"Económico","Morelos","Miel (Valor de la Producción miles de pesos)",NA,NA,NA,NA,NA,94668.7,NA
"Económico","Nayarit","Miel (Valor de la Producción miles de pesos)",NA,NA,NA,NA,NA,21763.69,NA
"Económico","Nuevo León","Miel (Valor de la Producción miles de pesos)",NA,NA,NA,NA,NA,12227.07,NA
"Económico","Oaxaca","Miel (Valor de la Producción miles de pesos)",NA,NA,NA,NA,NA,212493.09,NA
"Económico","Puebla","Miel (Valor de la Producción miles de pesos)",NA,NA,NA,NA,NA,117137.69,NA
"Económico","Querétaro","Miel (Valor de la Producción miles de pesos)",NA,NA,NA,NA,NA,2132.09,NA
"Económico","Quintana Roo","Miel (Valor de la Producción miles de pesos)",NA,NA,NA,NA,NA,88195.01,NA
"Económico","San Luis Potosí","Miel (Valor de la Producción miles de pesos)",NA,NA,NA,NA,NA,54907.11,NA
"Económico","Sinaloa","Miel (Valor de la Producción miles de pesos)",NA,NA,NA,NA,NA,9554.02,NA
"Económico","Sonora","Miel (Valor de la Producción miles de pesos)",NA,NA,NA,NA,NA,22659.94,NA
"Económico","Tabasco","Miel (Valor de la Producción miles de pesos)",NA,NA,NA,NA,NA,20851.14,NA
"Económico","Tamaulipas","Miel (Valor de la Producción miles de pesos)",NA,NA,NA,NA,NA,39055.89,NA
"Económico","Tlaxcala","Miel (Valor de la Producción miles de pesos)",NA,NA,NA,NA,NA,26094.99,NA
"Económico","Veracruz de Ignacio de la Llave","Miel (Valor de la Producción miles de pesos)",NA,NA,NA,NA,NA,255202.33,NA
"Económico","Yucatán","Miel (Valor de la Producción miles de pesos)",NA,NA,NA,NA,NA,287819.11,NA
"Económico","Zacatecas","Miel (Valor de la Producción miles de pesos)",NA,NA,NA,NA,NA,35531.5,NA
"Social","Aguascalientes","Mortalidad Defunciones registradas",NA,NA,NA,NA,NA,7250,NA
"Social","Baja California","Mortalidad Defunciones registradas",NA,NA,NA,NA,NA,22463,NA
"Social","Baja California Sur","Mortalidad Defunciones registradas",NA,NA,NA,NA,NA,4013,NA
"Social","Campeche","Mortalidad Defunciones registradas",NA,NA,NA,NA,NA,5579,NA
"Social","Coahuila de Zaragoza","Mortalidad Defunciones registradas",NA,NA,NA,NA,NA,19237,NA
"Social","Colima","Mortalidad Defunciones registradas",NA,NA,NA,NA,NA,5587,NA
"Social","Chiapas","Mortalidad Defunciones registradas",NA,NA,NA,NA,NA,30064,NA
"Social","Chihuahua","Mortalidad Defunciones registradas",NA,NA,NA,NA,NA,27204,NA
"Social","Ciudad de México","Mortalidad Defunciones registradas",NA,NA,NA,NA,NA,65265,NA
"Social","Durango","Mortalidad Defunciones registradas",NA,NA,NA,NA,NA,9857,NA
"Social","Guanajuato","Mortalidad Defunciones registradas",NA,NA,NA,NA,NA,40040,NA
"Social","Guerrero","Mortalidad Defunciones registradas",NA,NA,NA,NA,NA,18559,NA
"Social","Hidalgo","Mortalidad Defunciones registradas",NA,NA,NA,NA,NA,17525,NA
"Social","Jalisco","Mortalidad Defunciones registradas",NA,NA,NA,NA,NA,52671,NA
"Social","México","Mortalidad Defunciones registradas",NA,NA,NA,NA,NA,96202,NA
"Social","Michoacán de Ocampo","Mortalidad Defunciones registradas",NA,NA,NA,NA,NA,30002,NA
"Social","Morelos","Mortalidad Defunciones registradas",NA,NA,NA,NA,NA,15368,NA
"Social","Nayarit","Mortalidad Defunciones registradas",NA,NA,NA,NA,NA,7068,NA
"Social","Nuevo León","Mortalidad Defunciones registradas",NA,NA,NA,NA,NA,35692,NA
"Social","Oaxaca","Mortalidad Defunciones registradas",NA,NA,NA,NA,NA,27785,NA
"Social","Puebla","Mortalidad Defunciones registradas",NA,NA,NA,NA,NA,41625,NA
"Social","Querétaro","Mortalidad Defunciones registradas",NA,NA,NA,NA,NA,12597,NA
"Social","Quintana Roo","Mortalidad Defunciones registradas",NA,NA,NA,NA,NA,9190,NA
"Social","San Luis Potosí","Mortalidad Defunciones registradas",NA,NA,NA,NA,NA,18521,NA
"Social","Sinaloa","Mortalidad Defunciones registradas",NA,NA,NA,NA,NA,16305,NA
"Social","Sonora","Mortalidad Defunciones registradas",NA,NA,NA,NA,NA,19673,NA
"Social","Tabasco","Mortalidad Defunciones registradas",NA,NA,NA,NA,NA,14649,NA
"Social","Tamaulipas","Mortalidad Defunciones registradas",NA,NA,NA,NA,NA,20548,NA
"Social","Tlaxcala","Mortalidad Defunciones registradas",NA,NA,NA,NA,NA,7549,NA
"Social","Veracruz de Ignacio de la Llave","Mortalidad Defunciones registradas",NA,NA,NA,NA,NA,60145,NA
"Social","Yucatán","Mortalidad Defunciones registradas",NA,NA,NA,NA,NA,15093,NA
"Social","Zacatecas","Mortalidad Defunciones registradas",NA,NA,NA,NA,NA,10594,NA
"Social","Aguascalientes","Mortalidad Defunciones registradas en Accidentes de Tránsito",NA,NA,NA,NA,NA,93,NA
"Social","Baja California","Mortalidad Defunciones registradas en Accidentes de Tránsito",NA,NA,NA,NA,NA,70,NA
"Social","Baja California Sur","Mortalidad Defunciones registradas en Accidentes de Tránsito",NA,NA,NA,NA,NA,36,NA
"Social","Campeche","Mortalidad Defunciones registradas en Accidentes de Tránsito",NA,NA,NA,NA,NA,54,NA
"Social","Coahuila de Zaragoza","Mortalidad Defunciones registradas en Accidentes de Tránsito",NA,NA,NA,NA,NA,108,NA
"Social","Colima","Mortalidad Defunciones registradas en Accidentes de Tránsito",NA,NA,NA,NA,NA,43,NA
"Social","Chiapas","Mortalidad Defunciones registradas en Accidentes de Tránsito",NA,NA,NA,NA,NA,108,NA
"Social","Chihuahua","Mortalidad Defunciones registradas en Accidentes de Tránsito",NA,NA,NA,NA,NA,292,NA
"Social","Ciudad de México","Mortalidad Defunciones registradas en Accidentes de Tránsito",NA,NA,NA,NA,NA,298,NA
"Social","Durango","Mortalidad Defunciones registradas en Accidentes de Tránsito",NA,NA,NA,NA,NA,113,NA
"Social","Guanajuato","Mortalidad Defunciones registradas en Accidentes de Tránsito",NA,NA,NA,NA,NA,183,NA
"Social","Guerrero","Mortalidad Defunciones registradas en Accidentes de Tránsito",NA,NA,NA,NA,NA,111,NA
"Social","Hidalgo","Mortalidad Defunciones registradas en Accidentes de Tránsito",NA,NA,NA,NA,NA,50,NA
"Social","Jalisco","Mortalidad Defunciones registradas en Accidentes de Tránsito",NA,NA,NA,NA,NA,335,NA
"Social","México","Mortalidad Defunciones registradas en Accidentes de Tránsito",NA,NA,NA,NA,NA,482,NA
"Social","Michoacán de Ocampo","Mortalidad Defunciones registradas en Accidentes de Tránsito",NA,NA,NA,NA,NA,283,NA
"Social","Morelos","Mortalidad Defunciones registradas en Accidentes de Tránsito",NA,NA,NA,NA,NA,79,NA
"Social","Nayarit","Mortalidad Defunciones registradas en Accidentes de Tránsito",NA,NA,NA,NA,NA,77,NA
"Social","Nuevo León","Mortalidad Defunciones registradas en Accidentes de Tránsito",NA,NA,NA,NA,NA,255,NA
"Social","Oaxaca","Mortalidad Defunciones registradas en Accidentes de Tránsito",NA,NA,NA,NA,NA,85,NA
"Social","Puebla","Mortalidad Defunciones registradas en Accidentes de Tránsito",NA,NA,NA,NA,NA,282,NA
"Social","Querétaro","Mortalidad Defunciones registradas en Accidentes de Tránsito",NA,NA,NA,NA,NA,181,NA
"Social","Quintana Roo","Mortalidad Defunciones registradas en Accidentes de Tránsito",NA,NA,NA,NA,NA,88,NA
"Social","San Luis Potosí","Mortalidad Defunciones registradas en Accidentes de Tránsito",NA,NA,NA,NA,NA,109,NA
"Social","Sinaloa","Mortalidad Defunciones registradas en Accidentes de Tránsito",NA,NA,NA,NA,NA,289,NA
"Social","Sonora","Mortalidad Defunciones registradas en Accidentes de Tránsito",NA,NA,NA,NA,NA,232,NA
"Social","Tabasco","Mortalidad Defunciones registradas en Accidentes de Tránsito",NA,NA,NA,NA,NA,28,NA
"Social","Tamaulipas","Mortalidad Defunciones registradas en Accidentes de Tránsito",NA,NA,NA,NA,NA,161,NA
"Social","Tlaxcala","Mortalidad Defunciones registradas en Accidentes de Tránsito",NA,NA,NA,NA,NA,79,NA
"Social","Veracruz de Ignacio de la Llave","Mortalidad Defunciones registradas en Accidentes de Tránsito",NA,NA,NA,NA,NA,68,NA
"Social","Yucatán","Mortalidad Defunciones registradas en Accidentes de Tránsito",NA,NA,NA,NA,NA,57,NA
"Social","Zacatecas","Mortalidad Defunciones registradas en Accidentes de Tránsito",NA,NA,NA,NA,NA,74,NA
"Género","Aguascalientes","Mujeres Preparadas #Con Lupa de Género (Porcentaje)",NA,NA,NA,NA,NA,NA,49.7
"Género","Baja California","Mujeres Preparadas #Con Lupa de Género (Porcentaje)",NA,NA,NA,NA,NA,NA,56
"Género","Baja California Sur","Mujeres Preparadas #Con Lupa de Género (Porcentaje)",NA,NA,NA,NA,NA,NA,58.8
"Género","Campeche","Mujeres Preparadas #Con Lupa de Género (Porcentaje)",NA,NA,NA,NA,NA,NA,48
"Género","Coahuila de Zaragoza","Mujeres Preparadas #Con Lupa de Género (Porcentaje)",NA,NA,NA,NA,NA,NA,51.8
"Género","Colima","Mujeres Preparadas #Con Lupa de Género (Porcentaje)",NA,NA,NA,NA,NA,NA,54
"Género","Chiapas","Mujeres Preparadas #Con Lupa de Género (Porcentaje)",NA,NA,NA,NA,NA,NA,33.9
"Género","Chihuahua","Mujeres Preparadas #Con Lupa de Género (Porcentaje)",NA,NA,NA,NA,NA,NA,49.3
"Género","Ciudad de México","Mujeres Preparadas #Con Lupa de Género (Porcentaje)",NA,NA,NA,NA,NA,NA,64.1
"Género","Durango","Mujeres Preparadas #Con Lupa de Género (Porcentaje)",NA,NA,NA,NA,NA,NA,47.7
"Género","Guanajuato","Mujeres Preparadas #Con Lupa de Género (Porcentaje)",NA,NA,NA,NA,NA,NA,39.3
"Género","Guerrero","Mujeres Preparadas #Con Lupa de Género (Porcentaje)",NA,NA,NA,NA,NA,NA,38.6
"Género","Hidalgo","Mujeres Preparadas #Con Lupa de Género (Porcentaje)",NA,NA,NA,NA,NA,NA,43.7
"Género","Jalisco","Mujeres Preparadas #Con Lupa de Género (Porcentaje)",NA,NA,NA,NA,NA,NA,49.7
"Género","México","Mujeres Preparadas #Con Lupa de Género (Porcentaje)",NA,NA,NA,NA,NA,NA,51.7
"Género","Michoacán de Ocampo","Mujeres Preparadas #Con Lupa de Género (Porcentaje)",NA,NA,NA,NA,NA,NA,38.7
"Género","Morelos","Mujeres Preparadas #Con Lupa de Género (Porcentaje)",NA,NA,NA,NA,NA,NA,49.4
"Género","Nayarit","Mujeres Preparadas #Con Lupa de Género (Porcentaje)",NA,NA,NA,NA,NA,NA,51
"Género","Nuevo León","Mujeres Preparadas #Con Lupa de Género (Porcentaje)",NA,NA,NA,NA,NA,NA,54.5
"Género","Oaxaca","Mujeres Preparadas #Con Lupa de Género (Porcentaje)",NA,NA,NA,NA,NA,NA,34
"Género","Puebla","Mujeres Preparadas #Con Lupa de Género (Porcentaje)",NA,NA,NA,NA,NA,NA,45
"Género","Querétaro","Mujeres Preparadas #Con Lupa de Género (Porcentaje)",NA,NA,NA,NA,NA,NA,48
"Género","Quintana Roo","Mujeres Preparadas #Con Lupa de Género (Porcentaje)",NA,NA,NA,NA,NA,NA,54.3
"Género","San Luis Potosí","Mujeres Preparadas #Con Lupa de Género (Porcentaje)",NA,NA,NA,NA,NA,NA,45.8
"Género","Sinaloa","Mujeres Preparadas #Con Lupa de Género (Porcentaje)",NA,NA,NA,NA,NA,NA,57.4
"Género","Sonora","Mujeres Preparadas #Con Lupa de Género (Porcentaje)",NA,NA,NA,NA,NA,NA,55.6
"Género","Tabasco","Mujeres Preparadas #Con Lupa de Género (Porcentaje)",NA,NA,NA,NA,NA,NA,48.4
"Género","Tamaulipas","Mujeres Preparadas #Con Lupa de Género (Porcentaje)",NA,NA,NA,NA,NA,NA,51.6
"Género","Tlaxcala","Mujeres Preparadas #Con Lupa de Género (Porcentaje)",NA,NA,NA,NA,NA,NA,46.7
"Género","Veracruz de Ignacio de la Llave","Mujeres Preparadas #Con Lupa de Género (Porcentaje)",NA,NA,NA,NA,NA,NA,41.9
"Género","Yucatán","Mujeres Preparadas #Con Lupa de Género (Porcentaje)",NA,NA,NA,NA,NA,NA,46.5
"Género","Zacatecas","Mujeres Preparadas #Con Lupa de Género (Porcentaje)",NA,NA,NA,NA,NA,NA,40.8
"Género","Aguascalientes","Mujeres que quieren trabajar y no pueden #Con Lupa de Género (Porcentaje)",NA,NA,NA,NA,NA,NA,14.6
"Género","Baja California","Mujeres que quieren trabajar y no pueden #Con Lupa de Género (Porcentaje)",NA,NA,NA,NA,NA,NA,15.3
"Género","Baja California Sur","Mujeres que quieren trabajar y no pueden #Con Lupa de Género (Porcentaje)",NA,NA,NA,NA,NA,NA,12.9
"Género","Campeche","Mujeres que quieren trabajar y no pueden #Con Lupa de Género (Porcentaje)",NA,NA,NA,NA,NA,NA,23.2
"Género","Coahuila de Zaragoza","Mujeres que quieren trabajar y no pueden #Con Lupa de Género (Porcentaje)",NA,NA,NA,NA,NA,NA,14.3
"Género","Colima","Mujeres que quieren trabajar y no pueden #Con Lupa de Género (Porcentaje)",NA,NA,NA,NA,NA,NA,15.3
"Género","Chiapas","Mujeres que quieren trabajar y no pueden #Con Lupa de Género (Porcentaje)",NA,NA,NA,NA,NA,NA,29.3
"Género","Chihuahua","Mujeres que quieren trabajar y no pueden #Con Lupa de Género (Porcentaje)",NA,NA,NA,NA,NA,NA,17.5
"Género","Ciudad de México","Mujeres que quieren trabajar y no pueden #Con Lupa de Género (Porcentaje)",NA,NA,NA,NA,NA,NA,24.6
"Género","Durango","Mujeres que quieren trabajar y no pueden #Con Lupa de Género (Porcentaje)",NA,NA,NA,NA,NA,NA,27.2
"Género","Guanajuato","Mujeres que quieren trabajar y no pueden #Con Lupa de Género (Porcentaje)",NA,NA,NA,NA,NA,NA,30
"Género","Guerrero","Mujeres que quieren trabajar y no pueden #Con Lupa de Género (Porcentaje)",NA,NA,NA,NA,NA,NA,13.8
"Género","Hidalgo","Mujeres que quieren trabajar y no pueden #Con Lupa de Género (Porcentaje)",NA,NA,NA,NA,NA,NA,25.6
"Género","Jalisco","Mujeres que quieren trabajar y no pueden #Con Lupa de Género (Porcentaje)",NA,NA,NA,NA,NA,NA,10.6
"Género","México","Mujeres que quieren trabajar y no pueden #Con Lupa de Género (Porcentaje)",NA,NA,NA,NA,NA,NA,20.6
"Género","Michoacán de Ocampo","Mujeres que quieren trabajar y no pueden #Con Lupa de Género (Porcentaje)",NA,NA,NA,NA,NA,NA,25.8
"Género","Morelos","Mujeres que quieren trabajar y no pueden #Con Lupa de Género (Porcentaje)",NA,NA,NA,NA,NA,NA,21.6
"Género","Nayarit","Mujeres que quieren trabajar y no pueden #Con Lupa de Género (Porcentaje)",NA,NA,NA,NA,NA,NA,18.2
"Género","Nuevo León","Mujeres que quieren trabajar y no pueden #Con Lupa de Género (Porcentaje)",NA,NA,NA,NA,NA,NA,14.9
"Género","Oaxaca","Mujeres que quieren trabajar y no pueden #Con Lupa de Género (Porcentaje)",NA,NA,NA,NA,NA,NA,32.9
"Género","Puebla","Mujeres que quieren trabajar y no pueden #Con Lupa de Género (Porcentaje)",NA,NA,NA,NA,NA,NA,21.1
"Género","Querétaro","Mujeres que quieren trabajar y no pueden #Con Lupa de Género (Porcentaje)",NA,NA,NA,NA,NA,NA,14.5
"Género","Quintana Roo","Mujeres que quieren trabajar y no pueden #Con Lupa de Género (Porcentaje)",NA,NA,NA,NA,NA,NA,14.6
"Género","San Luis Potosí","Mujeres que quieren trabajar y no pueden #Con Lupa de Género (Porcentaje)",NA,NA,NA,NA,NA,NA,21.4
"Género","Sinaloa","Mujeres que quieren trabajar y no pueden #Con Lupa de Género (Porcentaje)",NA,NA,NA,NA,NA,NA,24.9
"Género","Sonora","Mujeres que quieren trabajar y no pueden #Con Lupa de Género (Porcentaje)",NA,NA,NA,NA,NA,NA,17.8
"Género","Tabasco","Mujeres que quieren trabajar y no pueden #Con Lupa de Género (Porcentaje)",NA,NA,NA,NA,NA,NA,29.3
"Género","Tamaulipas","Mujeres que quieren trabajar y no pueden #Con Lupa de Género (Porcentaje)",NA,NA,NA,NA,NA,NA,25.4
"Género","Tlaxcala","Mujeres que quieren trabajar y no pueden #Con Lupa de Género (Porcentaje)",NA,NA,NA,NA,NA,NA,33.2
"Género","Veracruz de Ignacio de la Llave","Mujeres que quieren trabajar y no pueden #Con Lupa de Género (Porcentaje)",NA,NA,NA,NA,NA,NA,22.4
"Género","Yucatán","Mujeres que quieren trabajar y no pueden #Con Lupa de Género (Porcentaje)",NA,NA,NA,NA,NA,NA,15.3
"Género","Zacatecas","Mujeres que quieren trabajar y no pueden #Con Lupa de Género (Porcentaje)",NA,NA,NA,NA,NA,NA,21.8
"Gobierno","Aguascalientes","Nivel de satisfacción general con los servicios públicos básicos y bajo demanda",NA,NA,NA,NA,NA,55.5,NA
"Gobierno","Baja California","Nivel de satisfacción general con los servicios públicos básicos y bajo demanda",NA,NA,NA,NA,NA,52.3,NA
"Gobierno","Baja California Sur","Nivel de satisfacción general con los servicios públicos básicos y bajo demanda",NA,NA,NA,NA,NA,55.6,NA
"Gobierno","Campeche","Nivel de satisfacción general con los servicios públicos básicos y bajo demanda",NA,NA,NA,NA,NA,51.8,NA
"Gobierno","Coahuila de Zaragoza","Nivel de satisfacción general con los servicios públicos básicos y bajo demanda",NA,NA,NA,NA,NA,56.7,NA
"Gobierno","Colima","Nivel de satisfacción general con los servicios públicos básicos y bajo demanda",NA,NA,NA,NA,NA,58.2,NA
"Gobierno","Chiapas","Nivel de satisfacción general con los servicios públicos básicos y bajo demanda",NA,NA,NA,NA,NA,43,NA
"Gobierno","Chihuahua","Nivel de satisfacción general con los servicios públicos básicos y bajo demanda",NA,NA,NA,NA,NA,52.32,NA
"Gobierno","Ciudad de México","Nivel de satisfacción general con los servicios públicos básicos y bajo demanda",NA,NA,NA,NA,NA,52.7,NA
"Gobierno","Durango","Nivel de satisfacción general con los servicios públicos básicos y bajo demanda",NA,NA,NA,NA,NA,51.1,NA
"Gobierno","Guanajuato","Nivel de satisfacción general con los servicios públicos básicos y bajo demanda",NA,NA,NA,NA,NA,60.2,NA
"Gobierno","Guerrero","Nivel de satisfacción general con los servicios públicos básicos y bajo demanda",NA,NA,NA,NA,NA,42.4,NA
"Gobierno","Hidalgo","Nivel de satisfacción general con los servicios públicos básicos y bajo demanda",NA,NA,NA,NA,NA,46.8,NA
"Gobierno","Jalisco","Nivel de satisfacción general con los servicios públicos básicos y bajo demanda",NA,NA,NA,NA,NA,51.6,NA
"Gobierno","México","Nivel de satisfacción general con los servicios públicos básicos y bajo demanda",NA,NA,NA,NA,NA,43.2,NA
"Gobierno","Michoacán de Ocampo","Nivel de satisfacción general con los servicios públicos básicos y bajo demanda",NA,NA,NA,NA,NA,47.9,NA
"Gobierno","Morelos","Nivel de satisfacción general con los servicios públicos básicos y bajo demanda",NA,NA,NA,NA,NA,49.2,NA
"Gobierno","Nayarit","Nivel de satisfacción general con los servicios públicos básicos y bajo demanda",NA,NA,NA,NA,NA,61.6,NA
"Gobierno","Nuevo León","Nivel de satisfacción general con los servicios públicos básicos y bajo demanda",NA,NA,NA,NA,NA,52.9,NA
"Gobierno","Oaxaca","Nivel de satisfacción general con los servicios públicos básicos y bajo demanda",NA,NA,NA,NA,NA,42.8,NA
"Gobierno","Puebla","Nivel de satisfacción general con los servicios públicos básicos y bajo demanda",NA,NA,NA,NA,NA,46.2,NA
"Gobierno","Querétaro","Nivel de satisfacción general con los servicios públicos básicos y bajo demanda",NA,NA,NA,NA,NA,51.4,NA
"Gobierno","Quintana Roo","Nivel de satisfacción general con los servicios públicos básicos y bajo demanda",NA,NA,NA,NA,NA,45.3,NA
"Gobierno","San Luis Potosí","Nivel de satisfacción general con los servicios públicos básicos y bajo demanda",NA,NA,NA,NA,NA,52.31,NA
"Gobierno","Sinaloa","Nivel de satisfacción general con los servicios públicos básicos y bajo demanda",NA,NA,NA,NA,NA,55.8,NA
"Gobierno","Sonora","Nivel de satisfacción general con los servicios públicos básicos y bajo demanda",NA,NA,NA,NA,NA,53.7,NA
"Gobierno","Tabasco","Nivel de satisfacción general con los servicios públicos básicos y bajo demanda",NA,NA,NA,NA,NA,39.6,NA
"Gobierno","Tamaulipas","Nivel de satisfacción general con los servicios públicos básicos y bajo demanda",NA,NA,NA,NA,NA,48.5,NA
"Gobierno","Tlaxcala","Nivel de satisfacción general con los servicios públicos básicos y bajo demanda",NA,NA,NA,NA,NA,51.3,NA
"Gobierno","Veracruz de Ignacio de la Llave","Nivel de satisfacción general con los servicios públicos básicos y bajo demanda",NA,NA,NA,NA,NA,45.7,NA
"Gobierno","Yucatán","Nivel de satisfacción general con los servicios públicos básicos y bajo demanda",NA,NA,NA,NA,NA,53.8,NA
"Gobierno","Zacatecas","Nivel de satisfacción general con los servicios públicos básicos y bajo demanda",NA,NA,NA,NA,NA,48,NA
"Económico","Aguascalientes","Ocupación del Gobierno (Población ocupada en el gobierno como porcentaje de la población ocupada)",NA,NA,NA,4.1,NA,NA,NA
"Económico","Baja California","Ocupación del Gobierno (Población ocupada en el gobierno como porcentaje de la población ocupada)",NA,NA,NA,208,NA,NA,NA
"Económico","Baja California Sur","Ocupación del Gobierno (Población ocupada en el gobierno como porcentaje de la población ocupada)",NA,NA,NA,5.6,NA,NA,NA
"Económico","Campeche","Ocupación del Gobierno (Población ocupada en el gobierno como porcentaje de la población ocupada)",NA,NA,NA,7.5,NA,NA,NA
"Económico","Coahuila de Zaragoza","Ocupación del Gobierno (Población ocupada en el gobierno como porcentaje de la población ocupada)",NA,NA,NA,3.8,NA,NA,NA
"Económico","Colima","Ocupación del Gobierno (Población ocupada en el gobierno como porcentaje de la población ocupada)",NA,NA,NA,5.7,NA,NA,NA
"Económico","Chiapas","Ocupación del Gobierno (Población ocupada en el gobierno como porcentaje de la población ocupada)",NA,NA,NA,3.7,NA,NA,NA
"Económico","Chihuahua","Ocupación del Gobierno (Población ocupada en el gobierno como porcentaje de la población ocupada)",NA,NA,NA,3.7,NA,NA,NA
"Económico","Ciudad de México","Ocupación del Gobierno (Población ocupada en el gobierno como porcentaje de la población ocupada)",NA,NA,NA,5,NA,NA,NA
"Económico","Durango","Ocupación del Gobierno (Población ocupada en el gobierno como porcentaje de la población ocupada)",NA,NA,NA,3.9,NA,NA,NA
"Económico","Guanajuato","Ocupación del Gobierno (Población ocupada en el gobierno como porcentaje de la población ocupada)",NA,NA,NA,3.2,NA,NA,NA
"Económico","Guerrero","Ocupación del Gobierno (Población ocupada en el gobierno como porcentaje de la población ocupada)",NA,NA,NA,5.5,NA,NA,NA
"Económico","Hidalgo","Ocupación del Gobierno (Población ocupada en el gobierno como porcentaje de la población ocupada)",NA,NA,NA,4,NA,NA,NA
"Económico","Jalisco","Ocupación del Gobierno (Población ocupada en el gobierno como porcentaje de la población ocupada)",NA,NA,NA,2.9,NA,NA,NA
"Económico","México","Ocupación del Gobierno (Población ocupada en el gobierno como porcentaje de la población ocupada)",NA,NA,NA,4.7,NA,NA,NA
"Económico","Michoacán de Ocampo","Ocupación del Gobierno (Población ocupada en el gobierno como porcentaje de la población ocupada)",NA,NA,NA,3.8,NA,NA,NA
"Económico","Morelos","Ocupación del Gobierno (Población ocupada en el gobierno como porcentaje de la población ocupada)",NA,NA,NA,3.3,NA,NA,NA
"Económico","Nayarit","Ocupación del Gobierno (Población ocupada en el gobierno como porcentaje de la población ocupada)",NA,NA,NA,6.1,NA,NA,NA
"Económico","Nuevo León","Ocupación del Gobierno (Población ocupada en el gobierno como porcentaje de la población ocupada)",NA,NA,NA,4.6,NA,NA,NA
"Económico","Oaxaca","Ocupación del Gobierno (Población ocupada en el gobierno como porcentaje de la población ocupada)",NA,NA,NA,3.4,NA,NA,NA
"Económico","Puebla","Ocupación del Gobierno (Población ocupada en el gobierno como porcentaje de la población ocupada)",NA,NA,NA,2.6,NA,NA,NA
"Económico","Querétaro","Ocupación del Gobierno (Población ocupada en el gobierno como porcentaje de la población ocupada)",NA,NA,NA,4,NA,NA,NA
"Económico","Quintana Roo","Ocupación del Gobierno (Población ocupada en el gobierno como porcentaje de la población ocupada)",NA,NA,NA,4.6,NA,NA,NA
"Económico","San Luis Potosí","Ocupación del Gobierno (Población ocupada en el gobierno como porcentaje de la población ocupada)",NA,NA,NA,4.2,NA,NA,NA
"Económico","Sinaloa","Ocupación del Gobierno (Población ocupada en el gobierno como porcentaje de la población ocupada)",NA,NA,NA,4.2,NA,NA,NA
"Económico","Sonora","Ocupación del Gobierno (Población ocupada en el gobierno como porcentaje de la población ocupada)",NA,NA,NA,5,NA,NA,NA
"Económico","Tabasco","Ocupación del Gobierno (Población ocupada en el gobierno como porcentaje de la población ocupada)",NA,NA,NA,7.4,NA,NA,NA
"Económico","Tamaulipas","Ocupación del Gobierno (Población ocupada en el gobierno como porcentaje de la población ocupada)",NA,NA,NA,4.7,NA,NA,NA
"Económico","Tlaxcala","Ocupación del Gobierno (Población ocupada en el gobierno como porcentaje de la población ocupada)",NA,NA,NA,3.3,NA,NA,NA
"Económico","Veracruz de Ignacio de la Llave","Ocupación del Gobierno (Población ocupada en el gobierno como porcentaje de la población ocupada)",NA,NA,NA,3.6,NA,NA,NA
"Económico","Yucatán","Ocupación del Gobierno (Población ocupada en el gobierno como porcentaje de la población ocupada)",NA,NA,NA,5.6,NA,NA,NA
"Económico","Zacatecas","Ocupación del Gobierno (Población ocupada en el gobierno como porcentaje de la población ocupada)",NA,NA,NA,5.2,NA,NA,NA
"Género","Aguascalientes","Oferta de cuidados de adultos mayores #Con Lupa de Género",NA,NA,NA,NA,NA,NA,16.1
"Género","Baja California","Oferta de cuidados de adultos mayores #Con Lupa de Género",NA,NA,NA,NA,NA,NA,12.9
"Género","Baja California Sur","Oferta de cuidados de adultos mayores #Con Lupa de Género",NA,NA,NA,NA,NA,NA,5.5
"Género","Campeche","Oferta de cuidados de adultos mayores #Con Lupa de Género",NA,NA,NA,NA,NA,NA,16.6
"Género","Coahuila de Zaragoza","Oferta de cuidados de adultos mayores #Con Lupa de Género",NA,NA,NA,NA,NA,NA,9.5
"Género","Colima","Oferta de cuidados de adultos mayores #Con Lupa de Género",NA,NA,NA,NA,NA,NA,30.2
"Género","Chiapas","Oferta de cuidados de adultos mayores #Con Lupa de Género",NA,NA,NA,NA,NA,NA,4.8
"Género","Chihuahua","Oferta de cuidados de adultos mayores #Con Lupa de Género",NA,NA,NA,NA,NA,NA,22.6
"Género","Ciudad de México","Oferta de cuidados de adultos mayores #Con Lupa de Género",NA,NA,NA,NA,NA,NA,10.1
"Género","Durango","Oferta de cuidados de adultos mayores #Con Lupa de Género",NA,NA,NA,NA,NA,NA,7.3
"Género","Guanajuato","Oferta de cuidados de adultos mayores #Con Lupa de Género",NA,NA,NA,NA,NA,NA,11.3
"Género","Guerrero","Oferta de cuidados de adultos mayores #Con Lupa de Género",NA,NA,NA,NA,NA,NA,3.5
"Género","Hidalgo","Oferta de cuidados de adultos mayores #Con Lupa de Género",NA,NA,NA,NA,NA,NA,4.7
"Género","Jalisco","Oferta de cuidados de adultos mayores #Con Lupa de Género",NA,NA,NA,NA,NA,NA,19
"Género","México","Oferta de cuidados de adultos mayores #Con Lupa de Género",NA,NA,NA,NA,NA,NA,33.3
"Género","Michoacán de Ocampo","Oferta de cuidados de adultos mayores #Con Lupa de Género",NA,NA,NA,NA,NA,NA,10.6
"Género","Morelos","Oferta de cuidados de adultos mayores #Con Lupa de Género",NA,NA,NA,NA,NA,NA,16.5
"Género","Nayarit","Oferta de cuidados de adultos mayores #Con Lupa de Género",NA,NA,NA,NA,NA,NA,21.9
"Género","Nuevo León","Oferta de cuidados de adultos mayores #Con Lupa de Género",NA,NA,NA,NA,NA,NA,19.7
"Género","Oaxaca","Oferta de cuidados de adultos mayores #Con Lupa de Género",NA,NA,NA,NA,NA,NA,4.9
"Género","Puebla","Oferta de cuidados de adultos mayores #Con Lupa de Género",NA,NA,NA,NA,NA,NA,7.7
"Género","Querétaro","Oferta de cuidados de adultos mayores #Con Lupa de Género",NA,NA,NA,NA,NA,NA,8.6
"Género","Quintana Roo","Oferta de cuidados de adultos mayores #Con Lupa de Género",NA,NA,NA,NA,NA,NA,4.3
"Género","San Luis Potosí","Oferta de cuidados de adultos mayores #Con Lupa de Género",NA,NA,NA,NA,NA,NA,12.4
"Género","Sinaloa","Oferta de cuidados de adultos mayores #Con Lupa de Género",NA,NA,NA,NA,NA,NA,7.4
"Género","Sonora","Oferta de cuidados de adultos mayores #Con Lupa de Género",NA,NA,NA,NA,NA,NA,16.9
"Género","Tabasco","Oferta de cuidados de adultos mayores #Con Lupa de Género",NA,NA,NA,NA,NA,NA,2.2
"Género","Tamaulipas","Oferta de cuidados de adultos mayores #Con Lupa de Género",NA,NA,NA,NA,NA,NA,8.4
"Género","Tlaxcala","Oferta de cuidados de adultos mayores #Con Lupa de Género",NA,NA,NA,NA,NA,NA,6.9
"Género","Veracruz de Ignacio de la Llave","Oferta de cuidados de adultos mayores #Con Lupa de Género",NA,NA,NA,NA,NA,NA,4.5
"Género","Yucatán","Oferta de cuidados de adultos mayores #Con Lupa de Género",NA,NA,NA,NA,NA,NA,17
"Género","Zacatecas","Oferta de cuidados de adultos mayores #Con Lupa de Género",NA,NA,NA,NA,NA,NA,10.7
"Económico","Aguascalientes","Patentes",NA,NA,NA,NA,NA,NA,10
"Económico","Baja California","Patentes",NA,NA,NA,NA,NA,NA,3
"Económico","Baja California Sur","Patentes",NA,NA,NA,NA,NA,NA,0
"Económico","Campeche","Patentes",NA,NA,NA,NA,NA,NA,0
"Económico","Coahuila de Zaragoza","Patentes",NA,NA,NA,NA,NA,NA,5
"Económico","Colima","Patentes",NA,NA,NA,NA,NA,NA,3
"Económico","Chiapas","Patentes",NA,NA,NA,NA,NA,NA,0
"Económico","Chihuahua","Patentes",NA,NA,NA,NA,NA,NA,8
"Económico","Ciudad de México","Patentes",NA,NA,NA,NA,NA,NA,52
"Económico","Durango","Patentes",NA,NA,NA,NA,NA,NA,0
"Económico","Guanajuato","Patentes",NA,NA,NA,NA,NA,NA,11
"Económico","Guerrero","Patentes",NA,NA,NA,NA,NA,NA,0
"Económico","Hidalgo","Patentes",NA,NA,NA,NA,NA,NA,10
"Económico","Jalisco","Patentes",NA,NA,NA,NA,NA,NA,49
"Económico","México","Patentes",NA,NA,NA,NA,NA,NA,12
"Económico","Michoacán de Ocampo","Patentes",NA,NA,NA,NA,NA,NA,9
"Económico","Morelos","Patentes",NA,NA,NA,NA,NA,NA,4
"Económico","Nayarit","Patentes",NA,NA,NA,NA,NA,NA,0
"Económico","Nuevo León","Patentes",NA,NA,NA,NA,NA,NA,17
"Económico","Oaxaca","Patentes",NA,NA,NA,NA,NA,NA,1
"Económico","Puebla","Patentes",NA,NA,NA,NA,NA,NA,13
"Económico","Querétaro","Patentes",NA,NA,NA,NA,NA,NA,2
"Económico","Quintana Roo","Patentes",NA,NA,NA,NA,NA,NA,2
"Económico","San Luis Potosí","Patentes",NA,NA,NA,NA,NA,NA,5
"Económico","Sinaloa","Patentes",NA,NA,NA,NA,NA,NA,4
"Económico","Sonora","Patentes",NA,NA,NA,NA,NA,NA,7
"Económico","Tabasco","Patentes",NA,NA,NA,NA,NA,NA,1
"Económico","Tamaulipas","Patentes",NA,NA,NA,NA,NA,NA,4
"Económico","Tlaxcala","Patentes",NA,NA,NA,NA,NA,NA,0
"Económico","Veracruz de Ignacio de la Llave","Patentes",NA,NA,NA,NA,NA,NA,6
"Económico","Yucatán","Patentes",NA,NA,NA,NA,NA,NA,1
"Económico","Zacatecas","Patentes",NA,NA,NA,NA,NA,NA,2
"Género","Aguascalientes","Percepción de inseguridad en transporte público #Con Lupa de Género (Porcentaje)",NA,NA,NA,NA,NA,NA,28.4
"Género","Baja California","Percepción de inseguridad en transporte público #Con Lupa de Género (Porcentaje)",NA,NA,NA,NA,NA,NA,28.2
"Género","Baja California Sur","Percepción de inseguridad en transporte público #Con Lupa de Género (Porcentaje)",NA,NA,NA,NA,NA,NA,22.5
"Género","Campeche","Percepción de inseguridad en transporte público #Con Lupa de Género (Porcentaje)",NA,NA,NA,NA,NA,NA,20.5
"Género","Coahuila de Zaragoza","Percepción de inseguridad en transporte público #Con Lupa de Género (Porcentaje)",NA,NA,NA,NA,NA,NA,31.2
"Género","Colima","Percepción de inseguridad en transporte público #Con Lupa de Género (Porcentaje)",NA,NA,NA,NA,NA,NA,39.8
"Género","Chiapas","Percepción de inseguridad en transporte público #Con Lupa de Género (Porcentaje)",NA,NA,NA,NA,NA,NA,20.3
"Género","Chihuahua","Percepción de inseguridad en transporte público #Con Lupa de Género (Porcentaje)",NA,NA,NA,NA,NA,NA,31.6
"Género","Ciudad de México","Percepción de inseguridad en transporte público #Con Lupa de Género (Porcentaje)",NA,NA,NA,NA,NA,NA,30.2
"Género","Durango","Percepción de inseguridad en transporte público #Con Lupa de Género (Porcentaje)",NA,NA,NA,NA,NA,NA,24.3
"Género","Guanajuato","Percepción de inseguridad en transporte público #Con Lupa de Género (Porcentaje)",NA,NA,NA,NA,NA,NA,26.2
"Género","Guerrero","Percepción de inseguridad en transporte público #Con Lupa de Género (Porcentaje)",NA,NA,NA,NA,NA,NA,13.9
"Género","Hidalgo","Percepción de inseguridad en transporte público #Con Lupa de Género (Porcentaje)",NA,NA,NA,NA,NA,NA,22.8
"Género","Jalisco","Percepción de inseguridad en transporte público #Con Lupa de Género (Porcentaje)",NA,NA,NA,NA,NA,NA,23
"Género","México","Percepción de inseguridad en transporte público #Con Lupa de Género (Porcentaje)",NA,NA,NA,NA,NA,NA,36.6
"Género","Michoacán de Ocampo","Percepción de inseguridad en transporte público #Con Lupa de Género (Porcentaje)",NA,NA,NA,NA,NA,NA,19.7
"Género","Morelos","Percepción de inseguridad en transporte público #Con Lupa de Género (Porcentaje)",NA,NA,NA,NA,NA,NA,29.3
"Género","Nayarit","Percepción de inseguridad en transporte público #Con Lupa de Género (Porcentaje)",NA,NA,NA,NA,NA,NA,14.6
"Género","Nuevo León","Percepción de inseguridad en transporte público #Con Lupa de Género (Porcentaje)",NA,NA,NA,NA,NA,NA,31.9
"Género","Oaxaca","Percepción de inseguridad en transporte público #Con Lupa de Género (Porcentaje)",NA,NA,NA,NA,NA,NA,15.8
"Género","Puebla","Percepción de inseguridad en transporte público #Con Lupa de Género (Porcentaje)",NA,NA,NA,NA,NA,NA,23.4
"Género","Querétaro","Percepción de inseguridad en transporte público #Con Lupa de Género (Porcentaje)",NA,NA,NA,NA,NA,NA,24.1
"Género","Quintana Roo","Percepción de inseguridad en transporte público #Con Lupa de Género (Porcentaje)",NA,NA,NA,NA,NA,NA,26.5
"Género","San Luis Potosí","Percepción de inseguridad en transporte público #Con Lupa de Género (Porcentaje)",NA,NA,NA,NA,NA,NA,31.2
"Género","Sinaloa","Percepción de inseguridad en transporte público #Con Lupa de Género (Porcentaje)",NA,NA,NA,NA,NA,NA,14.1
"Género","Sonora","Percepción de inseguridad en transporte público #Con Lupa de Género (Porcentaje)",NA,NA,NA,NA,NA,NA,26.7
"Género","Tabasco","Percepción de inseguridad en transporte público #Con Lupa de Género (Porcentaje)",NA,NA,NA,NA,NA,NA,29.3
"Género","Tamaulipas","Percepción de inseguridad en transporte público #Con Lupa de Género (Porcentaje)",NA,NA,NA,NA,NA,NA,26
"Género","Tlaxcala","Percepción de inseguridad en transporte público #Con Lupa de Género (Porcentaje)",NA,NA,NA,NA,NA,NA,17.4
"Género","Veracruz de Ignacio de la Llave","Percepción de inseguridad en transporte público #Con Lupa de Género (Porcentaje)",NA,NA,NA,NA,NA,NA,17
"Género","Yucatán","Percepción de inseguridad en transporte público #Con Lupa de Género (Porcentaje)",NA,NA,NA,NA,NA,NA,13.5
"Género","Zacatecas","Percepción de inseguridad en transporte público #Con Lupa de Género (Porcentaje)",NA,NA,NA,NA,NA,NA,45.2
"Género","Aguascalientes","Permisos de paternidad #Con Lupa de Género",NA,NA,NA,NA,NA,NA,10
"Género","Baja California","Permisos de paternidad #Con Lupa de Género",NA,NA,NA,NA,NA,NA,15
"Género","Baja California Sur","Permisos de paternidad #Con Lupa de Género",NA,NA,NA,NA,NA,NA,10
"Género","Campeche","Permisos de paternidad #Con Lupa de Género",NA,NA,NA,NA,NA,NA,15
"Género","Coahuila de Zaragoza","Permisos de paternidad #Con Lupa de Género",NA,NA,NA,NA,NA,NA,10
"Género","Colima","Permisos de paternidad #Con Lupa de Género",NA,NA,NA,NA,NA,NA,15
"Género","Chiapas","Permisos de paternidad #Con Lupa de Género",NA,NA,NA,NA,NA,NA,30
"Género","Chihuahua","Permisos de paternidad #Con Lupa de Género",NA,NA,NA,NA,NA,NA,5
"Género","Ciudad de México","Permisos de paternidad #Con Lupa de Género",NA,NA,NA,NA,NA,NA,42
"Género","Durango","Permisos de paternidad #Con Lupa de Género",NA,NA,NA,NA,NA,NA,5
"Género","Guanajuato","Permisos de paternidad #Con Lupa de Género",NA,NA,NA,NA,NA,NA,5
"Género","Guerrero","Permisos de paternidad #Con Lupa de Género",NA,NA,NA,NA,NA,NA,10
"Género","Hidalgo","Permisos de paternidad #Con Lupa de Género",NA,NA,NA,NA,NA,NA,56
"Género","Jalisco","Permisos de paternidad #Con Lupa de Género",NA,NA,NA,NA,NA,NA,15
"Género","México","Permisos de paternidad #Con Lupa de Género",NA,NA,NA,NA,NA,NA,45
"Género","Michoacán de Ocampo","Permisos de paternidad #Con Lupa de Género",NA,NA,NA,NA,NA,NA,20
"Género","Morelos","Permisos de paternidad #Con Lupa de Género",NA,NA,NA,NA,NA,NA,15
"Género","Nayarit","Permisos de paternidad #Con Lupa de Género",NA,NA,NA,NA,NA,NA,15
"Género","Nuevo León","Permisos de paternidad #Con Lupa de Género",NA,NA,NA,NA,NA,NA,60
"Género","Oaxaca","Permisos de paternidad #Con Lupa de Género",NA,NA,NA,NA,NA,NA,5
"Género","Puebla","Permisos de paternidad #Con Lupa de Género",NA,NA,NA,NA,NA,NA,10
"Género","Querétaro","Permisos de paternidad #Con Lupa de Género",NA,NA,NA,NA,NA,NA,5
"Género","Quintana Roo","Permisos de paternidad #Con Lupa de Género",NA,NA,NA,NA,NA,NA,60
"Género","San Luis Potosí","Permisos de paternidad #Con Lupa de Género",NA,NA,NA,NA,NA,NA,5
"Género","Sinaloa","Permisos de paternidad #Con Lupa de Género",NA,NA,NA,NA,NA,NA,15
"Género","Sonora","Permisos de paternidad #Con Lupa de Género",NA,NA,NA,NA,NA,NA,5
"Género","Tabasco","Permisos de paternidad #Con Lupa de Género",NA,NA,NA,NA,NA,NA,5
"Género","Tamaulipas","Permisos de paternidad #Con Lupa de Género",NA,NA,NA,NA,NA,NA,10
"Género","Tlaxcala","Permisos de paternidad #Con Lupa de Género",NA,NA,NA,NA,NA,NA,45
"Género","Veracruz de Ignacio de la Llave","Permisos de paternidad #Con Lupa de Género",NA,NA,NA,NA,NA,NA,5
"Género","Yucatán","Permisos de paternidad #Con Lupa de Género",NA,NA,NA,NA,NA,NA,10
"Género","Zacatecas","Permisos de paternidad #Con Lupa de Género",NA,NA,NA,NA,NA,NA,45
"Económico","Aguascalientes","Personal ocupado en las Unidades Económicas",NA,487086.81,NA,NA,NA,NA,NA
"Económico","Baja California","Personal ocupado en las Unidades Económicas",NA,1246117.56,NA,NA,NA,NA,NA
"Económico","Baja California Sur","Personal ocupado en las Unidades Económicas",NA,298218.05,NA,NA,NA,NA,NA
"Económico","Campeche","Personal ocupado en las Unidades Económicas",NA,292367.07,NA,NA,NA,NA,NA
"Económico","Coahuila de Zaragoza","Personal ocupado en las Unidades Económicas",NA,1162638.32,NA,NA,NA,NA,NA
"Económico","Colima","Personal ocupado en las Unidades Económicas",NA,247980.7,NA,NA,NA,NA,NA
"Económico","Chiapas","Personal ocupado en las Unidades Económicas",NA,1055904.82,NA,NA,NA,NA,NA
"Económico","Chihuahua","Personal ocupado en las Unidades Económicas",NA,1279444.01,NA,NA,NA,NA,NA
"Económico","Ciudad de México","Personal ocupado en las Unidades Económicas",NA,4950851,NA,NA,NA,NA,NA
"Económico","Durango","Personal ocupado en las Unidades Económicas",NA,486940.04,NA,NA,NA,NA,NA
"Económico","Guanajuato","Personal ocupado en las Unidades Económicas",NA,1720749.49,NA,NA,NA,NA,NA
"Económico","Guerrero","Personal ocupado en las Unidades Económicas",NA,822393.39,NA,NA,NA,NA,NA
"Económico","Hidalgo","Personal ocupado en las Unidades Económicas",NA,691873.27,NA,NA,NA,NA,NA
"Económico","Jalisco","Personal ocupado en las Unidades Económicas",NA,2433361.55,NA,NA,NA,NA,NA
"Económico","México","Personal ocupado en las Unidades Económicas",NA,3346380.53,NA,NA,NA,NA,NA
"Económico","Michoacán de Ocampo","Personal ocupado en las Unidades Económicas",NA,1141333.49,NA,NA,NA,NA,NA
"Económico","Morelos","Personal ocupado en las Unidades Económicas",NA,509484.02,NA,NA,NA,NA,NA
"Económico","Nayarit","Personal ocupado en las Unidades Económicas",NA,355679.86,NA,NA,NA,NA,NA
"Económico","Nuevo León","Personal ocupado en las Unidades Económicas",NA,2039700.79,NA,NA,NA,NA,NA
"Económico","Oaxaca","Personal ocupado en las Unidades Económicas",NA,985203.64,NA,NA,NA,NA,NA
"Económico","Puebla","Personal ocupado en las Unidades Económicas",NA,1548692.82,NA,NA,NA,NA,NA
"Económico","Querétaro","Personal ocupado en las Unidades Económicas",NA,853476.74,NA,NA,NA,NA,NA
"Económico","Quintana Roo","Personal ocupado en las Unidades Económicas",NA,618179.11,NA,NA,NA,NA,NA
"Económico","San Luis Potosí","Personal ocupado en las Unidades Económicas",NA,786204.87,NA,NA,NA,NA,NA
"Económico","Sinaloa","Personal ocupado en las Unidades Económicas",NA,857005.33,NA,NA,NA,NA,NA
"Económico","Sonora","Personal ocupado en las Unidades Económicas",NA,983912.27,NA,NA,NA,NA,NA
"Económico","Tabasco","Personal ocupado en las Unidades Económicas",NA,595282.03,NA,NA,NA,NA,NA
"Económico","Tamaulipas","Personal ocupado en las Unidades Económicas",NA,1061028.1,NA,NA,NA,NA,NA
"Económico","Tlaxcala","Personal ocupado en las Unidades Económicas",NA,334495.27,NA,NA,NA,NA,NA
"Económico","Veracruz de Ignacio de la Llave","Personal ocupado en las Unidades Económicas",NA,727591.97,NA,NA,NA,NA,NA
"Económico","Yucatán","Personal ocupado en las Unidades Económicas",NA,416779.46,NA,NA,NA,NA,NA
"Económico","Zacatecas","Personal ocupado en las Unidades Económicas",NA,NA,NA,NA,NA,NA,NA
"Medio Ambiente","Aguascalientes","Plantas Tratadoras de Aguas residuales",NA,NA,NA,NA,NA,NA,416
"Medio Ambiente","Baja California","Plantas Tratadoras de Aguas residuales",NA,NA,NA,NA,NA,NA,43
"Medio Ambiente","Baja California Sur","Plantas Tratadoras de Aguas residuales",NA,NA,NA,NA,NA,NA,54
"Medio Ambiente","Campeche","Plantas Tratadoras de Aguas residuales",NA,NA,NA,NA,NA,NA,780
"Medio Ambiente","Coahuila de Zaragoza","Plantas Tratadoras de Aguas residuales",NA,NA,NA,NA,NA,NA,51
"Medio Ambiente","Colima","Plantas Tratadoras de Aguas residuales",NA,NA,NA,NA,NA,NA,89
"Medio Ambiente","Chiapas","Plantas Tratadoras de Aguas residuales",NA,NA,NA,NA,NA,NA,14
"Medio Ambiente","Chihuahua","Plantas Tratadoras de Aguas residuales",NA,NA,NA,NA,NA,NA,196
"Medio Ambiente","Ciudad de México","Plantas Tratadoras de Aguas residuales",NA,NA,NA,NA,NA,NA,26
"Medio Ambiente","Durango","Plantas Tratadoras de Aguas residuales",NA,NA,NA,NA,NA,NA,316
"Medio Ambiente","Guanajuato","Plantas Tratadoras de Aguas residuales",NA,NA,NA,NA,NA,NA,78
"Medio Ambiente","Guerrero","Plantas Tratadoras de Aguas residuales",NA,NA,NA,NA,NA,NA,44
"Medio Ambiente","Hidalgo","Plantas Tratadoras de Aguas residuales",NA,NA,NA,NA,NA,NA,106
"Medio Ambiente","Jalisco","Plantas Tratadoras de Aguas residuales",NA,NA,NA,NA,NA,NA,231
"Medio Ambiente","México","Plantas Tratadoras de Aguas residuales",NA,NA,NA,NA,NA,NA,234
"Medio Ambiente","Michoacán de Ocampo","Plantas Tratadoras de Aguas residuales",NA,NA,NA,NA,NA,NA,48
"Medio Ambiente","Morelos","Plantas Tratadoras de Aguas residuales",NA,NA,NA,NA,NA,NA,227
"Medio Ambiente","Nayarit","Plantas Tratadoras de Aguas residuales",NA,NA,NA,NA,NA,NA,68
"Medio Ambiente","Nuevo León","Plantas Tratadoras de Aguas residuales",NA,NA,NA,NA,NA,NA,57
"Medio Ambiente","Oaxaca","Plantas Tratadoras de Aguas residuales",NA,NA,NA,NA,NA,NA,179
"Medio Ambiente","Puebla","Plantas Tratadoras de Aguas residuales",NA,NA,NA,NA,NA,NA,321
"Medio Ambiente","Querétaro","Plantas Tratadoras de Aguas residuales",NA,NA,NA,NA,NA,NA,237
"Medio Ambiente","Quintana Roo","Plantas Tratadoras de Aguas residuales",NA,NA,NA,NA,NA,NA,31
"Medio Ambiente","San Luis Potosí","Plantas Tratadoras de Aguas residuales",NA,NA,NA,NA,NA,NA,133
"Medio Ambiente","Sinaloa","Plantas Tratadoras de Aguas residuales",NA,NA,NA,NA,NA,NA,321
"Medio Ambiente","Sonora","Plantas Tratadoras de Aguas residuales",NA,NA,NA,NA,NA,NA,298
"Medio Ambiente","Tabasco","Plantas Tratadoras de Aguas residuales",NA,NA,NA,NA,NA,NA,96
"Medio Ambiente","Tamaulipas","Plantas Tratadoras de Aguas residuales",NA,NA,NA,NA,NA,NA,43
"Medio Ambiente","Tlaxcala","Plantas Tratadoras de Aguas residuales",NA,NA,NA,NA,NA,NA,69
"Medio Ambiente","Veracruz de Ignacio de la Llave","Plantas Tratadoras de Aguas residuales",NA,NA,NA,NA,NA,NA,287
"Medio Ambiente","Yucatán","Plantas Tratadoras de Aguas residuales",NA,NA,NA,NA,NA,NA,40
"Medio Ambiente","Zacatecas","Plantas Tratadoras de Aguas residuales",NA,NA,NA,NA,NA,NA,74
"Social","Aguascalientes","Población con Ingreso Inferior a la Línea de pobreza extrema por ingresos",NA,NA,NA,NA,6.07,NA,NA
"Social","Baja California","Población con Ingreso Inferior a la Línea de pobreza extrema por ingresos",NA,NA,NA,NA,2.81,NA,NA
"Social","Baja California Sur","Población con Ingreso Inferior a la Línea de pobreza extrema por ingresos",NA,NA,NA,NA,2.85,NA,NA
"Social","Campeche","Población con Ingreso Inferior a la Línea de pobreza extrema por ingresos",NA,NA,NA,NA,15.91,NA,NA
"Social","Coahuila de Zaragoza","Población con Ingreso Inferior a la Línea de pobreza extrema por ingresos",NA,NA,NA,NA,5.9,NA,NA
"Social","Colima","Población con Ingreso Inferior a la Línea de pobreza extrema por ingresos",NA,NA,NA,NA,4.42,NA,NA
"Social","Chiapas","Población con Ingreso Inferior a la Línea de pobreza extrema por ingresos",NA,NA,NA,NA,36.64,NA,NA
"Social","Chihuahua","Población con Ingreso Inferior a la Línea de pobreza extrema por ingresos",NA,NA,NA,NA,5.32,NA,NA
"Social","Ciudad de México","Población con Ingreso Inferior a la Línea de pobreza extrema por ingresos",NA,NA,NA,NA,5.88,NA,NA
"Social","Durango","Población con Ingreso Inferior a la Línea de pobreza extrema por ingresos",NA,NA,NA,NA,13.27,NA,NA
"Social","Guanajuato","Población con Ingreso Inferior a la Línea de pobreza extrema por ingresos",NA,NA,NA,NA,8.38,NA,NA
"Social","Guerrero","Población con Ingreso Inferior a la Línea de pobreza extrema por ingresos",NA,NA,NA,NA,27.22,NA,NA
"Social","Hidalgo","Población con Ingreso Inferior a la Línea de pobreza extrema por ingresos",NA,NA,NA,NA,12,NA,NA
"Social","Jalisco","Población con Ingreso Inferior a la Línea de pobreza extrema por ingresos",NA,NA,NA,NA,4.73,NA,NA
"Social","México","Población con Ingreso Inferior a la Línea de pobreza extrema por ingresos",NA,NA,NA,NA,12.12,NA,NA
"Social","Michoacán de Ocampo","Población con Ingreso Inferior a la Línea de pobreza extrema por ingresos",NA,NA,NA,NA,12.93,NA,NA
"Social","Morelos","Población con Ingreso Inferior a la Línea de pobreza extrema por ingresos",NA,NA,NA,NA,11.62,NA,NA
"Social","Nayarit","Población con Ingreso Inferior a la Línea de pobreza extrema por ingresos",NA,NA,NA,NA,10.13,NA,NA
"Social","Nuevo León","Población con Ingreso Inferior a la Línea de pobreza extrema por ingresos",NA,NA,NA,NA,3.81,NA,NA
"Social","Oaxaca","Población con Ingreso Inferior a la Línea de pobreza extrema por ingresos",NA,NA,NA,NA,24.86,NA,NA
"Social","Puebla","Población con Ingreso Inferior a la Línea de pobreza extrema por ingresos",NA,NA,NA,NA,19.13,NA,NA
"Social","Querétaro","Población con Ingreso Inferior a la Línea de pobreza extrema por ingresos",NA,NA,NA,NA,4.61,NA,NA
"Social","Quintana Roo","Población con Ingreso Inferior a la Línea de pobreza extrema por ingresos",NA,NA,NA,NA,7.07,NA,NA
"Social","San Luis Potosí","Población con Ingreso Inferior a la Línea de pobreza extrema por ingresos",NA,NA,NA,NA,13.41,NA,NA
"Social","Sinaloa","Población con Ingreso Inferior a la Línea de pobreza extrema por ingresos",NA,NA,NA,NA,4.48,NA,NA
"Social","Sonora","Población con Ingreso Inferior a la Línea de pobreza extrema por ingresos",NA,NA,NA,NA,5.59,NA,NA
"Social","Tabasco","Población con Ingreso Inferior a la Línea de pobreza extrema por ingresos",NA,NA,NA,NA,15.88,NA,NA
"Social","Tamaulipas","Población con Ingreso Inferior a la Línea de pobreza extrema por ingresos",NA,NA,NA,NA,8.03,NA,NA
"Social","Tlaxcala","Población con Ingreso Inferior a la Línea de pobreza extrema por ingresos",NA,NA,NA,NA,16.93,NA,NA
"Social","Veracruz de Ignacio de la Llave","Población con Ingreso Inferior a la Línea de pobreza extrema por ingresos",NA,NA,NA,NA,18.76,NA,NA
"Social","Yucatán","Población con Ingreso Inferior a la Línea de pobreza extrema por ingresos",NA,NA,NA,NA,10.19,NA,NA
"Social","Zacatecas","Población con Ingreso Inferior a la Línea de pobreza extrema por ingresos",NA,NA,NA,NA,16.33,NA,NA
"Social","Aguascalientes","Población con Ingreso Inferior a la Línea de pobreza por ingresos",NA,NA,NA,NA,32.98,NA,NA
"Social","Baja California","Población con Ingreso Inferior a la Línea de pobreza por ingresos",NA,NA,NA,NA,18.78,NA,NA
"Social","Baja California Sur","Población con Ingreso Inferior a la Línea de pobreza por ingresos",NA,NA,NA,NA,17.89,NA,NA
"Social","Campeche","Población con Ingreso Inferior a la Línea de pobreza por ingresos",NA,NA,NA,NA,51.02,NA,NA
"Social","Coahuila de Zaragoza","Población con Ingreso Inferior a la Línea de pobreza por ingresos",NA,NA,NA,NA,28.82,NA,NA
"Social","Colima","Población con Ingreso Inferior a la Línea de pobreza por ingresos",NA,NA,NA,NA,27.33,NA,NA
"Social","Chiapas","Población con Ingreso Inferior a la Línea de pobreza por ingresos",NA,NA,NA,NA,70.04,NA,NA
"Social","Chihuahua","Población con Ingreso Inferior a la Línea de pobreza por ingresos",NA,NA,NA,NA,25.54,NA,NA
"Social","Ciudad de México","Población con Ingreso Inferior a la Línea de pobreza por ingresos",NA,NA,NA,NA,32.17,NA,NA
"Social","Durango","Población con Ingreso Inferior a la Línea de pobreza por ingresos",NA,NA,NA,NA,43.48,NA,NA
"Social","Guanajuato","Población con Ingreso Inferior a la Línea de pobreza por ingresos",NA,NA,NA,NA,41.39,NA,NA
"Social","Guerrero","Población con Ingreso Inferior a la Línea de pobreza por ingresos",NA,NA,NA,NA,63.72,NA,NA
"Social","Hidalgo","Población con Ingreso Inferior a la Línea de pobreza por ingresos",NA,NA,NA,NA,46.07,NA,NA
"Social","Jalisco","Población con Ingreso Inferior a la Línea de pobreza por ingresos",NA,NA,NA,NA,29.16,NA,NA
"Social","México","Población con Ingreso Inferior a la Línea de pobreza por ingresos",NA,NA,NA,NA,52.95,NA,NA
"Social","Michoacán de Ocampo","Población con Ingreso Inferior a la Línea de pobreza por ingresos",NA,NA,NA,NA,46.37,NA,NA
"Social","Morelos","Población con Ingreso Inferior a la Línea de pobreza por ingresos",NA,NA,NA,NA,47.78,NA,NA
"Social","Nayarit","Población con Ingreso Inferior a la Línea de pobreza por ingresos",NA,NA,NA,NA,35.31,NA,NA
"Social","Nuevo León","Población con Ingreso Inferior a la Línea de pobreza por ingresos",NA,NA,NA,NA,25.68,NA,NA
"Social","Oaxaca","Población con Ingreso Inferior a la Línea de pobreza por ingresos",NA,NA,NA,NA,61.42,NA,NA
"Social","Puebla","Población con Ingreso Inferior a la Línea de pobreza por ingresos",NA,NA,NA,NA,60.75,NA,NA
"Social","Querétaro","Población con Ingreso Inferior a la Línea de pobreza por ingresos",NA,NA,NA,NA,29.22,NA,NA
"Social","Quintana Roo","Población con Ingreso Inferior a la Línea de pobreza por ingresos",NA,NA,NA,NA,32.96,NA,NA
"Social","San Luis Potosí","Población con Ingreso Inferior a la Línea de pobreza por ingresos",NA,NA,NA,NA,42.25,NA,NA
"Social","Sinaloa","Población con Ingreso Inferior a la Línea de pobreza por ingresos",NA,NA,NA,NA,28.31,NA,NA
"Social","Sonora","Población con Ingreso Inferior a la Línea de pobreza por ingresos",NA,NA,NA,NA,27.85,NA,NA
"Social","Tabasco","Población con Ingreso Inferior a la Línea de pobreza por ingresos",NA,NA,NA,NA,50.05,NA,NA
"Social","Tamaulipas","Población con Ingreso Inferior a la Línea de pobreza por ingresos",NA,NA,NA,NA,37.52,NA,NA
"Social","Tlaxcala","Población con Ingreso Inferior a la Línea de pobreza por ingresos",NA,NA,NA,NA,62.95,NA,NA
"Social","Veracruz de Ignacio de la Llave","Población con Ingreso Inferior a la Línea de pobreza por ingresos",NA,NA,NA,NA,57.68,NA,NA
"Social","Yucatán","Población con Ingreso Inferior a la Línea de pobreza por ingresos",NA,NA,NA,NA,45.71,NA,NA
"Social","Zacatecas","Población con Ingreso Inferior a la Línea de pobreza por ingresos",NA,NA,NA,NA,53.04,NA,NA
"Económico","Aguascalientes","Población Desocupada",NA,NA,NA,NA,NA,NA,22708
"Económico","Baja California","Población Desocupada",NA,NA,NA,NA,NA,NA,50516
"Económico","Baja California Sur","Población Desocupada",NA,NA,NA,NA,NA,NA,11277
"Económico","Campeche","Población Desocupada",NA,NA,NA,NA,NA,NA,8963
"Económico","Coahuila de Zaragoza","Población Desocupada",NA,NA,NA,NA,NA,NA,58210
"Económico","Colima","Población Desocupada",NA,NA,NA,NA,NA,NA,7949
"Económico","Chiapas","Población Desocupada",NA,NA,NA,NA,NA,NA,35205
"Económico","Chihuahua","Población Desocupada",NA,NA,NA,NA,NA,NA,46618
"Económico","Ciudad de México","Población Desocupada",NA,NA,NA,NA,NA,NA,203534
"Económico","Durango","Población Desocupada",NA,NA,NA,NA,NA,NA,24010
"Económico","Guanajuato","Población Desocupada",NA,NA,NA,NA,NA,NA,85214
"Económico","Guerrero","Población Desocupada",NA,NA,NA,NA,NA,NA,16607
"Económico","Hidalgo","Población Desocupada",NA,NA,NA,NA,NA,NA,36246
"Económico","Jalisco","Población Desocupada",NA,NA,NA,NA,NA,NA,89444
"Económico","México","Población Desocupada",NA,NA,NA,NA,NA,NA,277176
"Económico","Michoacán de Ocampo","Población Desocupada",NA,NA,NA,NA,NA,NA,39384
"Económico","Morelos","Población Desocupada",NA,NA,NA,NA,NA,NA,13989
"Económico","Nayarit","Población Desocupada",NA,NA,NA,NA,NA,NA,13924
"Económico","Nuevo León","Población Desocupada",NA,NA,NA,NA,NA,NA,78264
"Económico","Oaxaca","Población Desocupada",NA,NA,NA,NA,NA,NA,22626
"Económico","Puebla","Población Desocupada",NA,NA,NA,NA,NA,NA,71175
"Económico","Querétaro","Población Desocupada",NA,NA,NA,NA,NA,NA,32686
"Económico","Quintana Roo","Población Desocupada",NA,NA,NA,NA,NA,NA,25937
"Económico","San Luis Potosí","Población Desocupada",NA,NA,NA,NA,NA,NA,35567
"Económico","Sinaloa","Población Desocupada",NA,NA,NA,NA,NA,NA,36311
"Económico","Sonora","Población Desocupada",NA,NA,NA,NA,NA,NA,53641
"Económico","Tabasco","Población Desocupada",NA,NA,NA,NA,NA,NA,44510
"Económico","Tamaulipas","Población Desocupada",NA,NA,NA,NA,NA,NA,57253
"Económico","Tlaxcala","Población Desocupada",NA,NA,NA,NA,NA,NA,16792
"Económico","Veracruz de Ignacio de la Llave","Población Desocupada",NA,NA,NA,NA,NA,NA,69220
"Económico","Yucatán","Población Desocupada",NA,NA,NA,NA,NA,NA,21568
"Económico","Zacatecas","Población Desocupada",NA,NA,NA,NA,NA,NA,19925
"Económico","Aguascalientes","Población Económicamente Activa",NA,NA,NA,NA,NA,NA,675850
"Económico","Baja California","Población Económicamente Activa",NA,NA,NA,NA,NA,NA,1845191
"Económico","Baja California Sur","Población Económicamente Activa",NA,NA,NA,NA,NA,NA,467275
"Económico","Campeche","Población Económicamente Activa",NA,NA,NA,NA,NA,NA,448646
"Económico","Coahuila de Zaragoza","Población Económicamente Activa",NA,NA,NA,NA,NA,NA,1567258
"Económico","Colima","Población Económicamente Activa",NA,NA,NA,NA,NA,NA,376488
"Económico","Chiapas","Población Económicamente Activa",NA,NA,NA,NA,NA,NA,2235634
"Económico","Chihuahua","Población Económicamente Activa",NA,NA,NA,NA,NA,NA,1839215
"Económico","Ciudad de México","Población Económicamente Activa",NA,NA,NA,NA,NA,NA,5037773
"Económico","Durango","Población Económicamente Activa",NA,NA,NA,NA,NA,NA,853702
"Económico","Guanajuato","Población Económicamente Activa",NA,NA,NA,NA,NA,NA,2919698
"Económico","Guerrero","Población Económicamente Activa",NA,NA,NA,NA,NA,NA,1592772
"Económico","Hidalgo","Población Económicamente Activa",NA,NA,NA,NA,NA,NA,1483511
"Económico","Jalisco","Población Económicamente Activa",NA,NA,NA,NA,NA,NA,4060655
"Económico","México","Población Económicamente Activa",NA,NA,NA,NA,NA,NA,8440917
"Económico","Michoacán de Ocampo","Población Económicamente Activa",NA,NA,NA,NA,NA,NA,2288048
"Económico","Morelos","Población Económicamente Activa",NA,NA,NA,NA,NA,NA,887155
"Económico","Nayarit","Población Económicamente Activa",NA,NA,NA,NA,NA,NA,646616
"Económico","Nuevo León","Población Económicamente Activa",NA,NA,NA,NA,NA,NA,3012589
"Económico","Oaxaca","Población Económicamente Activa",NA,NA,NA,NA,NA,NA,1886140
"Económico","Puebla","Población Económicamente Activa",NA,NA,NA,NA,NA,NA,3054844
"Económico","Querétaro","Población Económicamente Activa",NA,NA,NA,NA,NA,NA,1189166
"Económico","Quintana Roo","Población Económicamente Activa",NA,NA,NA,NA,NA,NA,985107
"Económico","San Luis Potosí","Población Económicamente Activa",NA,NA,NA,NA,NA,NA,1344815
"Económico","Sinaloa","Población Económicamente Activa",NA,NA,NA,NA,NA,NA,1505813
"Económico","Sonora","Población Económicamente Activa",NA,NA,NA,NA,NA,NA,1481774
"Económico","Tabasco","Población Económicamente Activa",NA,NA,NA,NA,NA,NA,1107755
"Económico","Tamaulipas","Población Económicamente Activa",NA,NA,NA,NA,NA,NA,1669165
"Económico","Tlaxcala","Población Económicamente Activa",NA,NA,NA,NA,NA,NA,685735
"Económico","Veracruz de Ignacio de la Llave","Población Económicamente Activa",NA,NA,NA,NA,NA,NA,3440561
"Económico","Yucatán","Población Económicamente Activa",NA,NA,NA,NA,NA,NA,1230038
"Económico","Zacatecas","Población Económicamente Activa",NA,NA,NA,NA,NA,NA,693704
"Económico","Aguascalientes","Población Ocupada",NA,NA,NA,NA,NA,NA,653142
"Económico","Baja California","Población Ocupada",NA,NA,NA,NA,NA,NA,1794675
"Económico","Baja California Sur","Población Ocupada",NA,NA,NA,NA,NA,NA,455998
"Económico","Campeche","Población Ocupada",NA,NA,NA,NA,NA,NA,439683
"Económico","Coahuila de Zaragoza","Población Ocupada",NA,NA,NA,NA,NA,NA,1509048
"Económico","Colima","Población Ocupada",NA,NA,NA,NA,NA,NA,368539
"Económico","Chiapas","Población Ocupada",NA,NA,NA,NA,NA,NA,2200429
"Económico","Chihuahua","Población Ocupada",NA,NA,NA,NA,NA,NA,1792597
"Económico","Ciudad de México","Población Ocupada",NA,NA,NA,NA,NA,NA,4834239
"Económico","Durango","Población Ocupada",NA,NA,NA,NA,NA,NA,829692
"Económico","Guanajuato","Población Ocupada",NA,NA,NA,NA,NA,NA,2834484
"Económico","Guerrero","Población Ocupada",NA,NA,NA,NA,NA,NA,1576165
"Económico","Hidalgo","Población Ocupada",NA,NA,NA,NA,NA,NA,1447265
"Económico","Jalisco","Población Ocupada",NA,NA,NA,NA,NA,NA,3971211
"Económico","México","Población Ocupada",NA,NA,NA,NA,NA,NA,8163741
"Económico","Michoacán de Ocampo","Población Ocupada",NA,NA,NA,NA,NA,NA,2248664
"Económico","Morelos","Población Ocupada",NA,NA,NA,NA,NA,NA,873166
"Económico","Nayarit","Población Ocupada",NA,NA,NA,NA,NA,NA,632692
"Económico","Nuevo León","Población Ocupada",NA,NA,NA,NA,NA,NA,2934325
"Económico","Oaxaca","Población Ocupada",NA,NA,NA,NA,NA,NA,1863514
"Económico","Puebla","Población Ocupada",NA,NA,NA,NA,NA,NA,2983669
"Económico","Querétaro","Población Ocupada",NA,NA,NA,NA,NA,NA,1156480
"Económico","Quintana Roo","Población Ocupada",NA,NA,NA,NA,NA,NA,959170
"Económico","San Luis Potosí","Población Ocupada",NA,NA,NA,NA,NA,NA,1309248
"Económico","Sinaloa","Población Ocupada",NA,NA,NA,NA,NA,NA,1469502
"Económico","Sonora","Población Ocupada",NA,NA,NA,NA,NA,NA,1428133
"Económico","Tabasco","Población Ocupada",NA,NA,NA,NA,NA,NA,1063245
"Económico","Tamaulipas","Población Ocupada",NA,NA,NA,NA,NA,NA,1611912
"Económico","Tlaxcala","Población Ocupada",NA,NA,NA,NA,NA,NA,668943
"Económico","Veracruz de Ignacio de la Llave","Población Ocupada",NA,NA,NA,NA,NA,NA,3371341
"Económico","Yucatán","Población Ocupada",NA,NA,NA,NA,NA,NA,1208470
"Económico","Zacatecas","Población Ocupada",NA,NA,NA,NA,NA,NA,673779
"Género","Aguascalientes","Pobreza laboral #Con Lupa de Género (Porcentaje)",NA,NA,NA,NA,NA,NA,42.1
"Género","Baja California","Pobreza laboral #Con Lupa de Género (Porcentaje)",NA,NA,NA,NA,NA,NA,21.6
"Género","Baja California Sur","Pobreza laboral #Con Lupa de Género (Porcentaje)",NA,NA,NA,NA,NA,NA,19.1
"Género","Campeche","Pobreza laboral #Con Lupa de Género (Porcentaje)",NA,NA,NA,NA,NA,NA,40.2
"Género","Coahuila de Zaragoza","Pobreza laboral #Con Lupa de Género (Porcentaje)",NA,NA,NA,NA,NA,NA,27.2
"Género","Colima","Pobreza laboral #Con Lupa de Género (Porcentaje)",NA,NA,NA,NA,NA,NA,26
"Género","Chiapas","Pobreza laboral #Con Lupa de Género (Porcentaje)",NA,NA,NA,NA,NA,NA,66.7
"Género","Chihuahua","Pobreza laboral #Con Lupa de Género (Porcentaje)",NA,NA,NA,NA,NA,NA,26.4
"Género","Ciudad de México","Pobreza laboral #Con Lupa de Género (Porcentaje)",NA,NA,NA,NA,NA,NA,32.8
"Género","Durango","Pobreza laboral #Con Lupa de Género (Porcentaje)",NA,NA,NA,NA,NA,NA,37.7
"Género","Guanajuato","Pobreza laboral #Con Lupa de Género (Porcentaje)",NA,NA,NA,NA,NA,NA,41.9
"Género","Guerrero","Pobreza laboral #Con Lupa de Género (Porcentaje)",NA,NA,NA,NA,NA,NA,63.3
"Género","Hidalgo","Pobreza laboral #Con Lupa de Género (Porcentaje)",NA,NA,NA,NA,NA,NA,47.6
"Género","Jalisco","Pobreza laboral #Con Lupa de Género (Porcentaje)",NA,NA,NA,NA,NA,NA,27.6
"Género","México","Pobreza laboral #Con Lupa de Género (Porcentaje)",NA,NA,NA,NA,NA,NA,35.8
"Género","Michoacán de Ocampo","Pobreza laboral #Con Lupa de Género (Porcentaje)",NA,NA,NA,NA,NA,NA,38.7
"Género","Morelos","Pobreza laboral #Con Lupa de Género (Porcentaje)",NA,NA,NA,NA,NA,NA,47.1
"Género","Nayarit","Pobreza laboral #Con Lupa de Género (Porcentaje)",NA,NA,NA,NA,NA,NA,31.2
"Género","Nuevo León","Pobreza laboral #Con Lupa de Género (Porcentaje)",NA,NA,NA,NA,NA,NA,25.1
"Género","Oaxaca","Pobreza laboral #Con Lupa de Género (Porcentaje)",NA,NA,NA,NA,NA,NA,60.3
"Género","Puebla","Pobreza laboral #Con Lupa de Género (Porcentaje)",NA,NA,NA,NA,NA,NA,43.7
"Género","Querétaro","Pobreza laboral #Con Lupa de Género (Porcentaje)",NA,NA,NA,NA,NA,NA,38.3
"Género","Quintana Roo","Pobreza laboral #Con Lupa de Género (Porcentaje)",NA,NA,NA,NA,NA,NA,25.1
"Género","San Luis Potosí","Pobreza laboral #Con Lupa de Género (Porcentaje)",NA,NA,NA,NA,NA,NA,39.7
"Género","Sinaloa","Pobreza laboral #Con Lupa de Género (Porcentaje)",NA,NA,NA,NA,NA,NA,27.6
"Género","Sonora","Pobreza laboral #Con Lupa de Género (Porcentaje)",NA,NA,NA,NA,NA,NA,31.8
"Género","Tabasco","Pobreza laboral #Con Lupa de Género (Porcentaje)",NA,NA,NA,NA,NA,NA,42.6
"Género","Tamaulipas","Pobreza laboral #Con Lupa de Género (Porcentaje)",NA,NA,NA,NA,NA,NA,34.5
"Género","Tlaxcala","Pobreza laboral #Con Lupa de Género (Porcentaje)",NA,NA,NA,NA,NA,NA,50.2
"Género","Veracruz de Ignacio de la Llave","Pobreza laboral #Con Lupa de Género (Porcentaje)",NA,NA,NA,NA,NA,NA,53
"Género","Yucatán","Pobreza laboral #Con Lupa de Género (Porcentaje)",NA,NA,NA,NA,NA,NA,37.5
"Género","Zacatecas","Pobreza laboral #Con Lupa de Género (Porcentaje)",NA,NA,NA,NA,NA,NA,48.5
"Social","Aguascalientes","Porcentaje de Abandono Escolar: Media Superior",NA,NA,NA,NA,NA,6.7,NA
"Social","Baja California","Porcentaje de Abandono Escolar: Media Superior",NA,NA,NA,NA,NA,9.899344292,NA
"Social","Baja California Sur","Porcentaje de Abandono Escolar: Media Superior",NA,NA,NA,NA,NA,10.52467208,NA
"Social","Campeche","Porcentaje de Abandono Escolar: Media Superior",NA,NA,NA,NA,NA,10.70951898,NA
"Social","Coahuila de Zaragoza","Porcentaje de Abandono Escolar: Media Superior",NA,NA,NA,NA,NA,11.77304041,NA
"Social","Colima","Porcentaje de Abandono Escolar: Media Superior",NA,NA,NA,NA,NA,9.25171328,NA
"Social","Chiapas","Porcentaje de Abandono Escolar: Media Superior",NA,NA,NA,NA,NA,8.911565598,NA
"Social","Chihuahua","Porcentaje de Abandono Escolar: Media Superior",NA,NA,NA,NA,NA,10.78519002,NA
"Social","Ciudad de México","Porcentaje de Abandono Escolar: Media Superior",NA,NA,NA,NA,NA,9.881895147,NA
"Social","Durango","Porcentaje de Abandono Escolar: Media Superior",NA,NA,NA,NA,NA,10.17278537,NA
"Social","Guanajuato","Porcentaje de Abandono Escolar: Media Superior",NA,NA,NA,NA,NA,9.648031762,NA
"Social","Guerrero","Porcentaje de Abandono Escolar: Media Superior",NA,NA,NA,NA,NA,9.7686043,NA
"Social","Hidalgo","Porcentaje de Abandono Escolar: Media Superior",NA,NA,NA,NA,NA,10.05889867,NA
"Social","Jalisco","Porcentaje de Abandono Escolar: Media Superior",NA,NA,NA,NA,NA,0.673308324,NA
"Social","México","Porcentaje de Abandono Escolar: Media Superior",NA,NA,NA,NA,NA,8.121150438,NA
"Social","Michoacán de Ocampo","Porcentaje de Abandono Escolar: Media Superior",NA,NA,NA,NA,NA,10.07631576,NA
"Social","Morelos","Porcentaje de Abandono Escolar: Media Superior",NA,NA,NA,NA,NA,9.800048737,NA
"Social","Nayarit","Porcentaje de Abandono Escolar: Media Superior",NA,NA,NA,NA,NA,12.06941399,NA
"Social","Nuevo León","Porcentaje de Abandono Escolar: Media Superior",NA,NA,NA,NA,NA,9.490097503,NA
"Social","Oaxaca","Porcentaje de Abandono Escolar: Media Superior",NA,NA,NA,NA,NA,9.683187508,NA
"Social","Puebla","Porcentaje de Abandono Escolar: Media Superior",NA,NA,NA,NA,NA,8.429135118,NA
"Social","Querétaro","Porcentaje de Abandono Escolar: Media Superior",NA,NA,NA,NA,NA,10.18700634,NA
"Social","Quintana Roo","Porcentaje de Abandono Escolar: Media Superior",NA,NA,NA,NA,NA,7.81097615,NA
"Social","San Luis Potosí","Porcentaje de Abandono Escolar: Media Superior",NA,NA,NA,NA,NA,14.40767275,NA
"Social","Sinaloa","Porcentaje de Abandono Escolar: Media Superior",NA,NA,NA,NA,NA,6.274677123,NA
"Social","Sonora","Porcentaje de Abandono Escolar: Media Superior",NA,NA,NA,NA,NA,8.541773847,NA
"Social","Tabasco","Porcentaje de Abandono Escolar: Media Superior",NA,NA,NA,NA,NA,5.896355363,NA
"Social","Tamaulipas","Porcentaje de Abandono Escolar: Media Superior",NA,NA,NA,NA,NA,8.30722749,NA
"Social","Tlaxcala","Porcentaje de Abandono Escolar: Media Superior",NA,NA,NA,NA,NA,5.795044935,NA
"Social","Veracruz de Ignacio de la Llave","Porcentaje de Abandono Escolar: Media Superior",NA,NA,NA,NA,NA,6.686625452,NA
"Social","Yucatán","Porcentaje de Abandono Escolar: Media Superior",NA,NA,NA,NA,NA,8.208886478,NA
"Social","Zacatecas","Porcentaje de Abandono Escolar: Media Superior",NA,NA,NA,NA,NA,8.893375206,NA
"Social","Aguascalientes","Porcentaje de Abandono Escolar: Primaria",NA,NA,NA,NA,NA,0.5,NA
"Social","Baja California","Porcentaje de Abandono Escolar: Primaria",NA,NA,NA,NA,NA,-0.456949059,NA
"Social","Baja California Sur","Porcentaje de Abandono Escolar: Primaria",NA,NA,NA,NA,NA,-0.359232516,NA
"Social","Campeche","Porcentaje de Abandono Escolar: Primaria",NA,NA,NA,NA,NA,0.269473256,NA
"Social","Coahuila de Zaragoza","Porcentaje de Abandono Escolar: Primaria",NA,NA,NA,NA,NA,0.0322,NA
"Social","Colima","Porcentaje de Abandono Escolar: Primaria",NA,NA,NA,NA,NA,1.263229289,NA
"Social","Chiapas","Porcentaje de Abandono Escolar: Primaria",NA,NA,NA,NA,NA,0.0126,NA
"Social","Chihuahua","Porcentaje de Abandono Escolar: Primaria",NA,NA,NA,NA,NA,0.753241989,NA
"Social","Ciudad de México","Porcentaje de Abandono Escolar: Primaria",NA,NA,NA,NA,NA,1.847874652,NA
"Social","Durango","Porcentaje de Abandono Escolar: Primaria",NA,NA,NA,NA,NA,0.719756654,NA
"Social","Guanajuato","Porcentaje de Abandono Escolar: Primaria",NA,NA,NA,NA,NA,0.589520715,NA
"Social","Guerrero","Porcentaje de Abandono Escolar: Primaria",NA,NA,NA,NA,NA,0.908854274,NA
"Social","Hidalgo","Porcentaje de Abandono Escolar: Primaria",NA,NA,NA,NA,NA,-0.0152,NA
"Social","Jalisco","Porcentaje de Abandono Escolar: Primaria",NA,NA,NA,NA,NA,1.202645215,NA
"Social","México","Porcentaje de Abandono Escolar: Primaria",NA,NA,NA,NA,NA,-0.0949,NA
"Social","Michoacán de Ocampo","Porcentaje de Abandono Escolar: Primaria",NA,NA,NA,NA,NA,-0.382330147,NA
"Social","Morelos","Porcentaje de Abandono Escolar: Primaria",NA,NA,NA,NA,NA,0.676359786,NA
"Social","Nayarit","Porcentaje de Abandono Escolar: Primaria",NA,NA,NA,NA,NA,-0.0735,NA
"Social","Nuevo León","Porcentaje de Abandono Escolar: Primaria",NA,NA,NA,NA,NA,0.18755299,NA
"Social","Oaxaca","Porcentaje de Abandono Escolar: Primaria",NA,NA,NA,NA,NA,0.0339,NA
"Social","Puebla","Porcentaje de Abandono Escolar: Primaria",NA,NA,NA,NA,NA,-0.316108707,NA
"Social","Querétaro","Porcentaje de Abandono Escolar: Primaria",NA,NA,NA,NA,NA,0.608634451,NA
"Social","Quintana Roo","Porcentaje de Abandono Escolar: Primaria",NA,NA,NA,NA,NA,0.287810529,NA
"Social","San Luis Potosí","Porcentaje de Abandono Escolar: Primaria",NA,NA,NA,NA,NA,-0.0373,NA
"Social","Sinaloa","Porcentaje de Abandono Escolar: Primaria",NA,NA,NA,NA,NA,0.0723,NA
"Social","Sonora","Porcentaje de Abandono Escolar: Primaria",NA,NA,NA,NA,NA,0.710934805,NA
"Social","Tabasco","Porcentaje de Abandono Escolar: Primaria",NA,NA,NA,NA,NA,0.295302309,NA
"Social","Tamaulipas","Porcentaje de Abandono Escolar: Primaria",NA,NA,NA,NA,NA,0.446066733,NA
"Social","Tlaxcala","Porcentaje de Abandono Escolar: Primaria",NA,NA,NA,NA,NA,-0.0176,NA
"Social","Veracruz de Ignacio de la Llave","Porcentaje de Abandono Escolar: Primaria",NA,NA,NA,NA,NA,0.277380388,NA
"Social","Yucatán","Porcentaje de Abandono Escolar: Primaria",NA,NA,NA,NA,NA,1.650551594,NA
"Social","Zacatecas","Porcentaje de Abandono Escolar: Primaria",NA,NA,NA,NA,NA,0.32291721,NA
"Social","Aguascalientes","Porcentaje de Abandono Escolar: Superior",NA,NA,NA,NA,NA,4.6,NA
"Social","Baja California","Porcentaje de Abandono Escolar: Superior",NA,NA,NA,NA,NA,1.210785227,NA
"Social","Baja California Sur","Porcentaje de Abandono Escolar: Superior",NA,NA,NA,NA,NA,9.984294368,NA
"Social","Campeche","Porcentaje de Abandono Escolar: Superior",NA,NA,NA,NA,NA,10.35690236,NA
"Social","Coahuila de Zaragoza","Porcentaje de Abandono Escolar: Superior",NA,NA,NA,NA,NA,6.313733008,NA
"Social","Colima","Porcentaje de Abandono Escolar: Superior",NA,NA,NA,NA,NA,6.769334101,NA
"Social","Chiapas","Porcentaje de Abandono Escolar: Superior",NA,NA,NA,NA,NA,4.1176254,NA
"Social","Chihuahua","Porcentaje de Abandono Escolar: Superior",NA,NA,NA,NA,NA,8.440718068,NA
"Social","Ciudad de México","Porcentaje de Abandono Escolar: Superior",NA,NA,NA,NA,NA,1.656297591,NA
"Social","Durango","Porcentaje de Abandono Escolar: Superior",NA,NA,NA,NA,NA,4.039728388,NA
"Social","Guanajuato","Porcentaje de Abandono Escolar: Superior",NA,NA,NA,NA,NA,7.798380433,NA
"Social","Guerrero","Porcentaje de Abandono Escolar: Superior",NA,NA,NA,NA,NA,7.939861512,NA
"Social","Hidalgo","Porcentaje de Abandono Escolar: Superior",NA,NA,NA,NA,NA,7.349508921,NA
"Social","Jalisco","Porcentaje de Abandono Escolar: Superior",NA,NA,NA,NA,NA,-4.456835671,NA
"Social","México","Porcentaje de Abandono Escolar: Superior",NA,NA,NA,NA,NA,7.541833446,NA
"Social","Michoacán de Ocampo","Porcentaje de Abandono Escolar: Superior",NA,NA,NA,NA,NA,9.751477774,NA
"Social","Morelos","Porcentaje de Abandono Escolar: Superior",NA,NA,NA,NA,NA,1.271366252,NA
"Social","Nayarit","Porcentaje de Abandono Escolar: Superior",NA,NA,NA,NA,NA,4.884631354,NA
"Social","Nuevo León","Porcentaje de Abandono Escolar: Superior",NA,NA,NA,NA,NA,-3.202668671,NA
"Social","Oaxaca","Porcentaje de Abandono Escolar: Superior",NA,NA,NA,NA,NA,11.86777181,NA
"Social","Puebla","Porcentaje de Abandono Escolar: Superior",NA,NA,NA,NA,NA,9.18852761,NA
"Social","Querétaro","Porcentaje de Abandono Escolar: Superior",NA,NA,NA,NA,NA,-1.645020578,NA
"Social","Quintana Roo","Porcentaje de Abandono Escolar: Superior",NA,NA,NA,NA,NA,9.320413107,NA
"Social","San Luis Potosí","Porcentaje de Abandono Escolar: Superior",NA,NA,NA,NA,NA,6.981356087,NA
"Social","Sinaloa","Porcentaje de Abandono Escolar: Superior",NA,NA,NA,NA,NA,12.26220421,NA
"Social","Sonora","Porcentaje de Abandono Escolar: Superior",NA,NA,NA,NA,NA,9.947737208,NA
"Social","Tabasco","Porcentaje de Abandono Escolar: Superior",NA,NA,NA,NA,NA,7.359351389,NA
"Social","Tamaulipas","Porcentaje de Abandono Escolar: Superior",NA,NA,NA,NA,NA,3.457665079,NA
"Social","Tlaxcala","Porcentaje de Abandono Escolar: Superior",NA,NA,NA,NA,NA,2.852909415,NA
"Social","Veracruz de Ignacio de la Llave","Porcentaje de Abandono Escolar: Superior",NA,NA,NA,NA,NA,12.33233391,NA
"Social","Yucatán","Porcentaje de Abandono Escolar: Superior",NA,NA,NA,NA,NA,9.021255251,NA
"Social","Zacatecas","Porcentaje de Abandono Escolar: Superior",NA,NA,NA,NA,NA,10.34227293,NA
"Económico","Aguascalientes","Porcentaje de la población con ingreso laboral inferior al costo de la canasta alimentaria (pobreza laboral)",NA,NA,NA,NA,NA,NA,38
"Económico","Baja California","Porcentaje de la población con ingreso laboral inferior al costo de la canasta alimentaria (pobreza laboral)",NA,NA,NA,NA,NA,NA,20.1
"Económico","Baja California Sur","Porcentaje de la población con ingreso laboral inferior al costo de la canasta alimentaria (pobreza laboral)",NA,NA,NA,NA,NA,NA,15
"Económico","Campeche","Porcentaje de la población con ingreso laboral inferior al costo de la canasta alimentaria (pobreza laboral)",NA,NA,NA,NA,NA,NA,33.8
"Económico","Coahuila de Zaragoza","Porcentaje de la población con ingreso laboral inferior al costo de la canasta alimentaria (pobreza laboral)",NA,NA,NA,NA,NA,NA,23.8
"Económico","Colima","Porcentaje de la población con ingreso laboral inferior al costo de la canasta alimentaria (pobreza laboral)",NA,NA,NA,NA,NA,NA,22.8
"Económico","Chiapas","Porcentaje de la población con ingreso laboral inferior al costo de la canasta alimentaria (pobreza laboral)",NA,NA,NA,NA,NA,NA,62.5
"Económico","Chihuahua","Porcentaje de la población con ingreso laboral inferior al costo de la canasta alimentaria (pobreza laboral)",NA,NA,NA,NA,NA,NA,21.3
"Económico","Ciudad de México","Porcentaje de la población con ingreso laboral inferior al costo de la canasta alimentaria (pobreza laboral)",NA,NA,NA,NA,NA,NA,25.9
"Económico","Durango","Porcentaje de la población con ingreso laboral inferior al costo de la canasta alimentaria (pobreza laboral)",NA,NA,NA,NA,NA,NA,31.1
"Económico","Guanajuato","Porcentaje de la población con ingreso laboral inferior al costo de la canasta alimentaria (pobreza laboral)",NA,NA,NA,NA,NA,NA,36.7
"Económico","Guerrero","Porcentaje de la población con ingreso laboral inferior al costo de la canasta alimentaria (pobreza laboral)",NA,NA,NA,NA,NA,NA,52.3
"Económico","Hidalgo","Porcentaje de la población con ingreso laboral inferior al costo de la canasta alimentaria (pobreza laboral)",NA,NA,NA,NA,NA,NA,46.3
"Económico","Jalisco","Porcentaje de la población con ingreso laboral inferior al costo de la canasta alimentaria (pobreza laboral)",NA,NA,NA,NA,NA,NA,22.1
"Económico","México","Porcentaje de la población con ingreso laboral inferior al costo de la canasta alimentaria (pobreza laboral)",NA,NA,NA,NA,NA,NA,32
"Económico","Michoacán de Ocampo","Porcentaje de la población con ingreso laboral inferior al costo de la canasta alimentaria (pobreza laboral)",NA,NA,NA,NA,NA,NA,35
"Económico","Morelos","Porcentaje de la población con ingreso laboral inferior al costo de la canasta alimentaria (pobreza laboral)",NA,NA,NA,NA,NA,NA,45.4
"Económico","Nayarit","Porcentaje de la población con ingreso laboral inferior al costo de la canasta alimentaria (pobreza laboral)",NA,NA,NA,NA,NA,NA,24.1
"Económico","Nuevo León","Porcentaje de la población con ingreso laboral inferior al costo de la canasta alimentaria (pobreza laboral)",NA,NA,NA,NA,NA,NA,22.2
"Económico","Oaxaca","Porcentaje de la población con ingreso laboral inferior al costo de la canasta alimentaria (pobreza laboral)",NA,NA,NA,NA,NA,NA,57.9
"Económico","Puebla","Porcentaje de la población con ingreso laboral inferior al costo de la canasta alimentaria (pobreza laboral)",NA,NA,NA,NA,NA,NA,42
"Económico","Querétaro","Porcentaje de la población con ingreso laboral inferior al costo de la canasta alimentaria (pobreza laboral)",NA,NA,NA,NA,NA,NA,34.4
"Económico","Quintana Roo","Porcentaje de la población con ingreso laboral inferior al costo de la canasta alimentaria (pobreza laboral)",NA,NA,NA,NA,NA,NA,23
"Económico","San Luis Potosí","Porcentaje de la población con ingreso laboral inferior al costo de la canasta alimentaria (pobreza laboral)",NA,NA,NA,NA,NA,NA,32.9
"Económico","Sinaloa","Porcentaje de la población con ingreso laboral inferior al costo de la canasta alimentaria (pobreza laboral)",NA,NA,NA,NA,NA,NA,25.4
"Económico","Sonora","Porcentaje de la población con ingreso laboral inferior al costo de la canasta alimentaria (pobreza laboral)",NA,NA,NA,NA,NA,NA,28.6
"Económico","Tabasco","Porcentaje de la población con ingreso laboral inferior al costo de la canasta alimentaria (pobreza laboral)",NA,NA,NA,NA,NA,NA,39.2
"Económico","Tamaulipas","Porcentaje de la población con ingreso laboral inferior al costo de la canasta alimentaria (pobreza laboral)",NA,NA,NA,NA,NA,NA,27.6
"Económico","Tlaxcala","Porcentaje de la población con ingreso laboral inferior al costo de la canasta alimentaria (pobreza laboral)",NA,NA,NA,NA,NA,NA,42.4
"Económico","Veracruz de Ignacio de la Llave","Porcentaje de la población con ingreso laboral inferior al costo de la canasta alimentaria (pobreza laboral)",NA,NA,NA,NA,NA,NA,45.9
"Económico","Yucatán","Porcentaje de la población con ingreso laboral inferior al costo de la canasta alimentaria (pobreza laboral)",NA,NA,NA,NA,NA,NA,29
"Económico","Zacatecas","Porcentaje de la población con ingreso laboral inferior al costo de la canasta alimentaria (pobreza laboral)",NA,NA,NA,NA,NA,NA,47.2
"Social","Aguascalientes","Porcentaje de la Población en situación de Pobreza",NA,NA,NA,NA,23.72,NA,NA
"Social","Baja California","Porcentaje de la Población en situación de Pobreza",NA,NA,NA,NA,13.37,NA,NA
"Social","Baja California Sur","Porcentaje de la Población en situación de Pobreza",NA,NA,NA,NA,13.33,NA,NA
"Social","Campeche","Porcentaje de la Población en situación de Pobreza",NA,NA,NA,NA,45.13,NA,NA
"Social","Coahuila de Zaragoza","Porcentaje de la Población en situación de Pobreza",NA,NA,NA,NA,18.24,NA,NA
"Social","Colima","Porcentaje de la Población en situación de Pobreza",NA,NA,NA,NA,20.55,NA,NA
"Social","Chiapas","Porcentaje de la Población en situación de Pobreza",NA,NA,NA,NA,67.37,NA,NA
"Social","Chihuahua","Porcentaje de la Población en situación de Pobreza",NA,NA,NA,NA,17.57,NA,NA
"Social","Ciudad de México","Porcentaje de la Población en situación de Pobreza",NA,NA,NA,NA,23.97,NA,NA
"Social","Durango","Porcentaje de la Población en situación de Pobreza",NA,NA,NA,NA,34.31,NA,NA
"Social","Guanajuato","Porcentaje de la Población en situación de Pobreza",NA,NA,NA,NA,33.03,NA,NA
"Social","Guerrero","Porcentaje de la Población en situación de Pobreza",NA,NA,NA,NA,60.35,NA,NA
"Social","Hidalgo","Porcentaje de la Población en situación de Pobreza",NA,NA,NA,NA,41,NA,NA
"Social","Jalisco","Porcentaje de la Población en situación de Pobreza",NA,NA,NA,NA,21.84,NA,NA
"Social","México","Porcentaje de la Población en situación de Pobreza",NA,NA,NA,NA,42.88,NA,NA
"Social","Michoacán de Ocampo","Porcentaje de la Población en situación de Pobreza",NA,NA,NA,NA,41.74,NA,NA
"Social","Morelos","Porcentaje de la Población en situación de Pobreza",NA,NA,NA,NA,41.06,NA,NA
"Social","Nayarit","Porcentaje de la Población en situación de Pobreza",NA,NA,NA,NA,29.31,NA,NA
"Social","Nuevo León","Porcentaje de la Población en situación de Pobreza",NA,NA,NA,NA,16.04,NA,NA
"Social","Oaxaca","Porcentaje de la Población en situación de Pobreza",NA,NA,NA,NA,58.44,NA,NA
"Social","Puebla","Porcentaje de la Población en situación de Pobreza",NA,NA,NA,NA,54.02,NA,NA
"Social","Querétaro","Porcentaje de la Población en situación de Pobreza",NA,NA,NA,NA,21.69,NA,NA
"Social","Quintana Roo","Porcentaje de la Población en situación de Pobreza",NA,NA,NA,NA,26.97,NA,NA
"Social","San Luis Potosí","Porcentaje de la Población en situación de Pobreza",NA,NA,NA,NA,35.52,NA,NA
"Social","Sinaloa","Porcentaje de la Población en situación de Pobreza",NA,NA,NA,NA,21.64,NA,NA
"Social","Sonora","Porcentaje de la Población en situación de Pobreza",NA,NA,NA,NA,21.69,NA,NA
"Social","Tabasco","Porcentaje de la Población en situación de Pobreza",NA,NA,NA,NA,46.47,NA,NA
"Social","Tamaulipas","Porcentaje de la Población en situación de Pobreza",NA,NA,NA,NA,26.82,NA,NA
"Social","Tlaxcala","Porcentaje de la Población en situación de Pobreza",NA,NA,NA,NA,52.52,NA,NA
"Social","Veracruz de Ignacio de la Llave","Porcentaje de la Población en situación de Pobreza",NA,NA,NA,NA,51.73,NA,NA
"Social","Yucatán","Porcentaje de la Población en situación de Pobreza",NA,NA,NA,NA,38.77,NA,NA
"Social","Zacatecas","Porcentaje de la Población en situación de Pobreza",NA,NA,NA,NA,44.22,NA,NA
"Social","Aguascalientes","Porcentaje de la Población en situación de Pobreza Extrema",NA,NA,NA,NA,1.76,NA,NA
"Social","Baja California","Porcentaje de la Población en situación de Pobreza Extrema",NA,NA,NA,NA,1.31,NA,NA
"Social","Baja California Sur","Porcentaje de la Población en situación de Pobreza Extrema",NA,NA,NA,NA,0.76,NA,NA
"Social","Campeche","Porcentaje de la Población en situación de Pobreza Extrema",NA,NA,NA,NA,9.64,NA,NA
"Social","Coahuila de Zaragoza","Porcentaje de la Población en situación de Pobreza Extrema",NA,NA,NA,NA,1.8,NA,NA
"Social","Colima","Porcentaje de la Población en situación de Pobreza Extrema",NA,NA,NA,NA,1.21,NA,NA
"Social","Chiapas","Porcentaje de la Población en situación de Pobreza Extrema",NA,NA,NA,NA,28.21,NA,NA
"Social","Chihuahua","Porcentaje de la Población en situación de Pobreza Extrema",NA,NA,NA,NA,2.1,NA,NA
"Social","Ciudad de México","Porcentaje de la Población en situación de Pobreza Extrema",NA,NA,NA,NA,1.71,NA,NA
"Social","Durango","Porcentaje de la Población en situación de Pobreza Extrema",NA,NA,NA,NA,6.3,NA,NA
"Social","Guanajuato","Porcentaje de la Población en situación de Pobreza Extrema",NA,NA,NA,NA,3.24,NA,NA
"Social","Guerrero","Porcentaje de la Población en situación de Pobreza Extrema",NA,NA,NA,NA,22.23,NA,NA
"Social","Hidalgo","Porcentaje de la Población en situación de Pobreza Extrema",NA,NA,NA,NA,6.78,NA,NA
"Social","Jalisco","Porcentaje de la Población en situación de Pobreza Extrema",NA,NA,NA,NA,2.12,NA,NA
"Social","México","Porcentaje de la Población en situación de Pobreza Extrema",NA,NA,NA,NA,5.96,NA,NA
"Social","Michoacán de Ocampo","Porcentaje de la Población en situación de Pobreza Extrema",NA,NA,NA,NA,7.53,NA,NA
"Social","Morelos","Porcentaje de la Población en situación de Pobreza Extrema",NA,NA,NA,NA,5.85,NA,NA
"Social","Nayarit","Porcentaje de la Población en situación de Pobreza Extrema",NA,NA,NA,NA,6.43,NA,NA
"Social","Nuevo León","Porcentaje de la Población en situación de Pobreza Extrema",NA,NA,NA,NA,1.07,NA,NA
"Social","Oaxaca","Porcentaje de la Población en situación de Pobreza Extrema",NA,NA,NA,NA,20.23,NA,NA
"Social","Puebla","Porcentaje de la Población en situación de Pobreza Extrema",NA,NA,NA,NA,11.4,NA,NA
"Social","Querétaro","Porcentaje de la Población en situación de Pobreza Extrema",NA,NA,NA,NA,1.72,NA,NA
"Social","Quintana Roo","Porcentaje de la Población en situación de Pobreza Extrema",NA,NA,NA,NA,4.15,NA,NA
"Social","San Luis Potosí","Porcentaje de la Población en situación de Pobreza Extrema",NA,NA,NA,NA,7.41,NA,NA
"Social","Sinaloa","Porcentaje de la Población en situación de Pobreza Extrema",NA,NA,NA,NA,1.81,NA,NA
"Social","Sonora","Porcentaje de la Población en situación de Pobreza Extrema",NA,NA,NA,NA,1.71,NA,NA
"Social","Tabasco","Porcentaje de la Población en situación de Pobreza Extrema",NA,NA,NA,NA,11.16,NA,NA
"Social","Tamaulipas","Porcentaje de la Población en situación de Pobreza Extrema",NA,NA,NA,NA,2.86,NA,NA
"Social","Tlaxcala","Porcentaje de la Población en situación de Pobreza Extrema",NA,NA,NA,NA,6.75,NA,NA
"Social","Veracruz de Ignacio de la Llave","Porcentaje de la Población en situación de Pobreza Extrema",NA,NA,NA,NA,13.14,NA,NA
"Social","Yucatán","Porcentaje de la Población en situación de Pobreza Extrema",NA,NA,NA,NA,5.6,NA,NA
"Social","Zacatecas","Porcentaje de la Población en situación de Pobreza Extrema",NA,NA,NA,NA,5.13,NA,NA
"Social","Aguascalientes","Porcentaje de la Población en situación de Pobreza Moderada",NA,NA,NA,NA,12.06,NA,NA
"Social","Baja California","Porcentaje de la Población en situación de Pobreza Moderada",NA,NA,NA,NA,12.57,NA,NA
"Social","Baja California Sur","Porcentaje de la Población en situación de Pobreza Moderada",NA,NA,NA,NA,35.49,NA,NA
"Social","Campeche","Porcentaje de la Población en situación de Pobreza Moderada",NA,NA,NA,NA,16.45,NA,NA
"Social","Coahuila de Zaragoza","Porcentaje de la Población en situación de Pobreza Moderada",NA,NA,NA,NA,19.34,NA,NA
"Social","Colima","Porcentaje de la Población en situación de Pobreza Moderada",NA,NA,NA,NA,39.16,NA,NA
"Social","Chiapas","Porcentaje de la Población en situación de Pobreza Moderada",NA,NA,NA,NA,15.48,NA,NA
"Social","Chihuahua","Porcentaje de la Población en situación de Pobreza Moderada",NA,NA,NA,NA,22.25,NA,NA
"Social","Ciudad de México","Porcentaje de la Población en situación de Pobreza Moderada",NA,NA,NA,NA,28.01,NA,NA
"Social","Durango","Porcentaje de la Población en situación de Pobreza Moderada",NA,NA,NA,NA,29.79,NA,NA
"Social","Guanajuato","Porcentaje de la Población en situación de Pobreza Moderada",NA,NA,NA,NA,38.12,NA,NA
"Social","Guerrero","Porcentaje de la Población en situación de Pobreza Moderada",NA,NA,NA,NA,34.22,NA,NA
"Social","Hidalgo","Porcentaje de la Población en situación de Pobreza Moderada",NA,NA,NA,NA,19.71,NA,NA
"Social","Jalisco","Porcentaje de la Población en situación de Pobreza Moderada",NA,NA,NA,NA,36.92,NA,NA
"Social","México","Porcentaje de la Población en situación de Pobreza Moderada",NA,NA,NA,NA,34.21,NA,NA
"Social","Michoacán de Ocampo","Porcentaje de la Población en situación de Pobreza Moderada",NA,NA,NA,NA,35.21,NA,NA
"Social","Morelos","Porcentaje de la Población en situación de Pobreza Moderada",NA,NA,NA,NA,22.88,NA,NA
"Social","Nayarit","Porcentaje de la Población en situación de Pobreza Moderada",NA,NA,NA,NA,14.97,NA,NA
"Social","Nuevo León","Porcentaje de la Población en situación de Pobreza Moderada",NA,NA,NA,NA,38.21,NA,NA
"Social","Oaxaca","Porcentaje de la Población en situación de Pobreza Moderada",NA,NA,NA,NA,42.62,NA,NA
"Social","Puebla","Porcentaje de la Población en situación de Pobreza Moderada",NA,NA,NA,NA,19.97,NA,NA
"Social","Querétaro","Porcentaje de la Población en situación de Pobreza Moderada",NA,NA,NA,NA,22.81,NA,NA
"Social","Quintana Roo","Porcentaje de la Población en situación de Pobreza Moderada",NA,NA,NA,NA,28.11,NA,NA
"Social","San Luis Potosí","Porcentaje de la Población en situación de Pobreza Moderada",NA,NA,NA,NA,19.83,NA,NA
"Social","Sinaloa","Porcentaje de la Población en situación de Pobreza Moderada",NA,NA,NA,NA,19.99,NA,NA
"Social","Sonora","Porcentaje de la Población en situación de Pobreza Moderada",NA,NA,NA,NA,35.32,NA,NA
"Social","Tabasco","Porcentaje de la Población en situación de Pobreza Moderada",NA,NA,NA,NA,23.96,NA,NA
"Social","Tamaulipas","Porcentaje de la Población en situación de Pobreza Moderada",NA,NA,NA,NA,45.77,NA,NA
"Social","Tlaxcala","Porcentaje de la Población en situación de Pobreza Moderada",NA,NA,NA,NA,38.59,NA,NA
"Social","Veracruz de Ignacio de la Llave","Porcentaje de la Población en situación de Pobreza Moderada",NA,NA,NA,NA,33.17,NA,NA
"Social","Yucatán","Porcentaje de la Población en situación de Pobreza Moderada",NA,NA,NA,NA,39.09,NA,NA
"Social","Zacatecas","Porcentaje de la Población en situación de Pobreza Moderada",NA,NA,NA,NA,NA,NA,NA
"Social","Aguascalientes","Porcentaje de la población vulnerable por ingresos",NA,NA,NA,NA,9.25,NA,NA
"Social","Baja California","Porcentaje de la población vulnerable por ingresos",NA,NA,NA,NA,5.41,NA,NA
"Social","Baja California Sur","Porcentaje de la población vulnerable por ingresos",NA,NA,NA,NA,4.56,NA,NA
"Social","Campeche","Porcentaje de la población vulnerable por ingresos",NA,NA,NA,NA,5.89,NA,NA
"Social","Coahuila de Zaragoza","Porcentaje de la población vulnerable por ingresos",NA,NA,NA,NA,10.58,NA,NA
"Social","Colima","Porcentaje de la población vulnerable por ingresos",NA,NA,NA,NA,6.79,NA,NA
"Social","Chiapas","Porcentaje de la población vulnerable por ingresos",NA,NA,NA,NA,2.67,NA,NA
"Social","Chihuahua","Porcentaje de la población vulnerable por ingresos",NA,NA,NA,NA,7.96,NA,NA
"Social","Ciudad de México","Porcentaje de la población vulnerable por ingresos",NA,NA,NA,NA,8.2,NA,NA
"Social","Durango","Porcentaje de la población vulnerable por ingresos",NA,NA,NA,NA,9.17,NA,NA
"Social","Guanajuato","Porcentaje de la población vulnerable por ingresos",NA,NA,NA,NA,8.35,NA,NA
"Social","Guerrero","Porcentaje de la población vulnerable por ingresos",NA,NA,NA,NA,3.37,NA,NA
"Social","Hidalgo","Porcentaje de la población vulnerable por ingresos",NA,NA,NA,NA,5.08,NA,NA
"Social","Jalisco","Porcentaje de la población vulnerable por ingresos",NA,NA,NA,NA,7.32,NA,NA
"Social","México","Porcentaje de la población vulnerable por ingresos",NA,NA,NA,NA,10.07,NA,NA
"Social","Michoacán de Ocampo","Porcentaje de la población vulnerable por ingresos",NA,NA,NA,NA,4.64,NA,NA
"Social","Morelos","Porcentaje de la población vulnerable por ingresos",NA,NA,NA,NA,6.72,NA,NA
"Social","Nayarit","Porcentaje de la población vulnerable por ingresos",NA,NA,NA,NA,5.99,NA,NA
"Social","Nuevo León","Porcentaje de la población vulnerable por ingresos",NA,NA,NA,NA,9.64,NA,NA
"Social","Oaxaca","Porcentaje de la población vulnerable por ingresos",NA,NA,NA,NA,2.98,NA,NA
"Social","Puebla","Porcentaje de la población vulnerable por ingresos",NA,NA,NA,NA,6.73,NA,NA
"Social","Querétaro","Porcentaje de la población vulnerable por ingresos",NA,NA,NA,NA,7.53,NA,NA
"Social","Quintana Roo","Porcentaje de la población vulnerable por ingresos",NA,NA,NA,NA,5.99,NA,NA
"Social","San Luis Potosí","Porcentaje de la población vulnerable por ingresos",NA,NA,NA,NA,6.73,NA,NA
"Social","Sinaloa","Porcentaje de la población vulnerable por ingresos",NA,NA,NA,NA,6.67,NA,NA
"Social","Sonora","Porcentaje de la población vulnerable por ingresos",NA,NA,NA,NA,6.15,NA,NA
"Social","Tabasco","Porcentaje de la población vulnerable por ingresos",NA,NA,NA,NA,3.58,NA,NA
"Social","Tamaulipas","Porcentaje de la población vulnerable por ingresos",NA,NA,NA,NA,10.7,NA,NA
"Social","Tlaxcala","Porcentaje de la población vulnerable por ingresos",NA,NA,NA,NA,10.43,NA,NA
"Social","Veracruz de Ignacio de la Llave","Porcentaje de la población vulnerable por ingresos",NA,NA,NA,NA,5.95,NA,NA
"Social","Yucatán","Porcentaje de la población vulnerable por ingresos",NA,NA,NA,NA,6.94,NA,NA
"Social","Zacatecas","Porcentaje de la población vulnerable por ingresos",NA,NA,NA,NA,8.82,NA,NA
"Económico","Aguascalientes","Porcentaje de Ocupación en la Entidad con respecto al Porcentaje de Ocupación Nacional",NA,NA,NA,NA,NA,39.5,NA
"Económico","Baja California","Porcentaje de Ocupación en la Entidad con respecto al Porcentaje de Ocupación Nacional",NA,NA,NA,NA,NA,NA,NA
"Económico","Baja California Sur","Porcentaje de Ocupación en la Entidad con respecto al Porcentaje de Ocupación Nacional",NA,NA,NA,NA,NA,56.7,NA
"Económico","Campeche","Porcentaje de Ocupación en la Entidad con respecto al Porcentaje de Ocupación Nacional",NA,NA,NA,NA,NA,NA,NA
"Económico","Coahuila de Zaragoza","Porcentaje de Ocupación en la Entidad con respecto al Porcentaje de Ocupación Nacional",NA,NA,NA,NA,NA,NA,NA
"Económico","Colima","Porcentaje de Ocupación en la Entidad con respecto al Porcentaje de Ocupación Nacional",NA,NA,NA,NA,NA,NA,NA
"Económico","Chiapas","Porcentaje de Ocupación en la Entidad con respecto al Porcentaje de Ocupación Nacional",NA,NA,NA,NA,NA,37.6,NA
"Económico","Chihuahua","Porcentaje de Ocupación en la Entidad con respecto al Porcentaje de Ocupación Nacional",NA,NA,NA,NA,NA,NA,NA
"Económico","Ciudad de México","Porcentaje de Ocupación en la Entidad con respecto al Porcentaje de Ocupación Nacional",NA,NA,NA,NA,NA,NA,NA
"Económico","Durango","Porcentaje de Ocupación en la Entidad con respecto al Porcentaje de Ocupación Nacional",NA,NA,NA,NA,NA,36.7,NA
"Económico","Guanajuato","Porcentaje de Ocupación en la Entidad con respecto al Porcentaje de Ocupación Nacional",NA,NA,NA,NA,NA,NA,NA
"Económico","Guerrero","Porcentaje de Ocupación en la Entidad con respecto al Porcentaje de Ocupación Nacional",NA,NA,NA,NA,NA,42.5,NA
"Económico","Hidalgo","Porcentaje de Ocupación en la Entidad con respecto al Porcentaje de Ocupación Nacional",NA,NA,NA,NA,NA,42.2,NA
"Económico","Jalisco","Porcentaje de Ocupación en la Entidad con respecto al Porcentaje de Ocupación Nacional",NA,NA,NA,NA,NA,NA,NA
"Económico","México","Porcentaje de Ocupación en la Entidad con respecto al Porcentaje de Ocupación Nacional",NA,NA,NA,NA,NA,20,NA
"Económico","Michoacán de Ocampo","Porcentaje de Ocupación en la Entidad con respecto al Porcentaje de Ocupación Nacional",NA,NA,NA,NA,NA,NA,NA
"Económico","Morelos","Porcentaje de Ocupación en la Entidad con respecto al Porcentaje de Ocupación Nacional",NA,NA,NA,NA,NA,NA,NA
"Económico","Nayarit","Porcentaje de Ocupación en la Entidad con respecto al Porcentaje de Ocupación Nacional",NA,NA,NA,NA,NA,46.1,NA
"Económico","Nuevo León","Porcentaje de Ocupación en la Entidad con respecto al Porcentaje de Ocupación Nacional",NA,NA,NA,NA,NA,39.7,NA
"Económico","Oaxaca","Porcentaje de Ocupación en la Entidad con respecto al Porcentaje de Ocupación Nacional",NA,NA,NA,NA,NA,NA,NA
"Económico","Puebla","Porcentaje de Ocupación en la Entidad con respecto al Porcentaje de Ocupación Nacional",NA,NA,NA,NA,NA,NA,NA
"Económico","Querétaro","Porcentaje de Ocupación en la Entidad con respecto al Porcentaje de Ocupación Nacional",NA,NA,NA,NA,NA,NA,NA
"Económico","Quintana Roo","Porcentaje de Ocupación en la Entidad con respecto al Porcentaje de Ocupación Nacional",NA,NA,NA,NA,NA,NA,NA
"Económico","San Luis Potosí","Porcentaje de Ocupación en la Entidad con respecto al Porcentaje de Ocupación Nacional",NA,NA,NA,NA,NA,NA,NA
"Económico","Sinaloa","Porcentaje de Ocupación en la Entidad con respecto al Porcentaje de Ocupación Nacional",NA,NA,NA,NA,NA,49.9,NA
"Económico","Sonora","Porcentaje de Ocupación en la Entidad con respecto al Porcentaje de Ocupación Nacional",NA,NA,NA,NA,NA,34.8,NA
"Económico","Tabasco","Porcentaje de Ocupación en la Entidad con respecto al Porcentaje de Ocupación Nacional",NA,NA,NA,NA,NA,NA,NA
"Económico","Tamaulipas","Porcentaje de Ocupación en la Entidad con respecto al Porcentaje de Ocupación Nacional",NA,NA,NA,NA,NA,23.1,NA
"Económico","Tlaxcala","Porcentaje de Ocupación en la Entidad con respecto al Porcentaje de Ocupación Nacional",NA,NA,NA,NA,NA,NA,NA
"Económico","Veracruz de Ignacio de la Llave","Porcentaje de Ocupación en la Entidad con respecto al Porcentaje de Ocupación Nacional",NA,NA,NA,NA,NA,32.7,NA
"Económico","Yucatán","Porcentaje de Ocupación en la Entidad con respecto al Porcentaje de Ocupación Nacional",NA,NA,NA,NA,NA,33.5,NA
"Económico","Zacatecas","Porcentaje de Ocupación en la Entidad con respecto al Porcentaje de Ocupación Nacional",NA,NA,NA,NA,NA,NA,NA
"Económico","Aguascalientes","Producción Bruta Total",NA,421977.14,NA,NA,NA,NA,NA
"Económico","Baja California","Producción Bruta Total",NA,615636.27,NA,NA,NA,NA,NA
"Económico","Baja California Sur","Producción Bruta Total",NA,104995.82,NA,NA,NA,NA,NA
"Económico","Campeche","Producción Bruta Total",NA,592383.25,NA,NA,NA,NA,NA
"Económico","Coahuila de Zaragoza","Producción Bruta Total",NA,1241790.59,NA,NA,NA,NA,NA
"Económico","Colima","Producción Bruta Total",NA,80519.13,NA,NA,NA,NA,NA
"Económico","Chiapas","Producción Bruta Total",NA,191044.29,NA,NA,NA,NA,NA
"Económico","Chihuahua","Producción Bruta Total",NA,542572.82,NA,NA,NA,NA,NA
"Económico","Ciudad de México","Producción Bruta Total",NA,4280286.81,NA,NA,NA,NA,NA
"Económico","Durango","Producción Bruta Total",NA,203320.94,NA,NA,NA,NA,NA
"Económico","Guanajuato","Producción Bruta Total",NA,1364944.42,NA,NA,NA,NA,NA
"Económico","Guerrero","Producción Bruta Total",NA,115003.57,NA,NA,NA,NA,NA
"Económico","Hidalgo","Producción Bruta Total",NA,401036.69,NA,NA,NA,NA,NA
"Económico","Jalisco","Producción Bruta Total",NA,1390382.82,NA,NA,NA,NA,NA
"Económico","México","Producción Bruta Total",NA,1831551.34,NA,NA,NA,NA,NA
"Económico","Michoacán de Ocampo","Producción Bruta Total",NA,325855.33,NA,NA,NA,NA,NA
"Económico","Morelos","Producción Bruta Total",NA,232809.82,NA,NA,NA,NA,NA
"Económico","Nayarit","Producción Bruta Total",NA,74815.46,NA,NA,NA,NA,NA
"Económico","Nuevo León","Producción Bruta Total",NA,2195663.4,NA,NA,NA,NA,NA
"Económico","Oaxaca","Producción Bruta Total",NA,334615.73,NA,NA,NA,NA,NA
"Económico","Puebla","Producción Bruta Total",NA,775086,NA,NA,NA,NA,NA
"Económico","Querétaro","Producción Bruta Total",NA,670968.41,NA,NA,NA,NA,NA
"Económico","Quintana Roo","Producción Bruta Total",NA,248330.24,NA,NA,NA,NA,NA
"Económico","San Luis Potosí","Producción Bruta Total",NA,614215.64,NA,NA,NA,NA,NA
"Económico","Sinaloa","Producción Bruta Total",NA,269789.1,NA,NA,NA,NA,NA
"Económico","Sonora","Producción Bruta Total",NA,679332.35,NA,NA,NA,NA,NA
"Económico","Tabasco","Producción Bruta Total",NA,436317.54,NA,NA,NA,NA,NA
"Económico","Tamaulipas","Producción Bruta Total",NA,609593.76,NA,NA,NA,NA,NA
"Económico","Tlaxcala","Producción Bruta Total",NA,126912.34,NA,NA,NA,NA,NA
"Económico","Veracruz de Ignacio de la Llave","Producción Bruta Total",NA,885308.84,NA,NA,NA,NA,NA
"Económico","Yucatán","Producción Bruta Total",NA,219909.61,NA,NA,NA,NA,NA
"Económico","Zacatecas","Producción Bruta Total",NA,135280.47,NA,NA,NA,NA,NA
"Económico","Aguascalientes","Producción Pesquera (Peso vivo toneladas)",NA,NA,NA,NA,65173,NA,NA
"Económico","Baja California","Producción Pesquera (Peso vivo toneladas)",NA,NA,NA,NA,278994350,NA,NA
"Económico","Baja California Sur","Producción Pesquera (Peso vivo toneladas)",NA,NA,NA,NA,167013581,NA,NA
"Económico","Campeche","Producción Pesquera (Peso vivo toneladas)",NA,NA,NA,NA,49542778,NA,NA
"Económico","Coahuila de Zaragoza","Producción Pesquera (Peso vivo toneladas)",NA,NA,NA,NA,3096,NA,NA
"Económico","Colima","Producción Pesquera (Peso vivo toneladas)",NA,NA,NA,NA,32064603,NA,NA
"Económico","Chiapas","Producción Pesquera (Peso vivo toneladas)",NA,NA,NA,NA,38594420,NA,NA
"Económico","Chihuahua","Producción Pesquera (Peso vivo toneladas)",NA,NA,NA,NA,262690,NA,NA
"Económico","Ciudad de México","Producción Pesquera (Peso vivo toneladas)",NA,NA,NA,NA,NA,NA,NA
"Económico","Durango","Producción Pesquera (Peso vivo toneladas)",NA,NA,NA,NA,10098,NA,NA
"Económico","Guanajuato","Producción Pesquera (Peso vivo toneladas)",NA,NA,NA,NA,79648,NA,NA
"Económico","Guerrero","Producción Pesquera (Peso vivo toneladas)",NA,NA,NA,NA,8906175,NA,NA
"Económico","Hidalgo","Producción Pesquera (Peso vivo toneladas)",NA,NA,NA,NA,455643,NA,NA
"Económico","Jalisco","Producción Pesquera (Peso vivo toneladas)",NA,NA,NA,NA,9738439,NA,NA
"Económico","México","Producción Pesquera (Peso vivo toneladas)",NA,NA,NA,NA,82558,NA,NA
"Económico","Michoacán de Ocampo","Producción Pesquera (Peso vivo toneladas)",NA,NA,NA,NA,6547908,NA,NA
"Económico","Morelos","Producción Pesquera (Peso vivo toneladas)",NA,NA,NA,NA,570721,NA,NA
"Económico","Nayarit","Producción Pesquera (Peso vivo toneladas)",NA,NA,NA,NA,61671856,NA,NA
"Económico","Nuevo León","Producción Pesquera (Peso vivo toneladas)",NA,NA,NA,NA,NA,NA,NA
"Económico","Oaxaca","Producción Pesquera (Peso vivo toneladas)",NA,NA,NA,NA,7407204,NA,NA
"Económico","Puebla","Producción Pesquera (Peso vivo toneladas)",NA,NA,NA,NA,396394,NA,NA
"Económico","Querétaro","Producción Pesquera (Peso vivo toneladas)",NA,NA,NA,NA,363303,NA,NA
"Económico","Quintana Roo","Producción Pesquera (Peso vivo toneladas)",NA,NA,NA,NA,1943201,NA,NA
"Económico","San Luis Potosí","Producción Pesquera (Peso vivo toneladas)",NA,NA,NA,NA,184690,NA,NA
"Económico","Sinaloa","Producción Pesquera (Peso vivo toneladas)",NA,NA,NA,NA,366480357,NA,NA
"Económico","Sonora","Producción Pesquera (Peso vivo toneladas)",NA,NA,NA,NA,804489203,NA,NA
"Económico","Tabasco","Producción Pesquera (Peso vivo toneladas)",NA,NA,NA,NA,18210366,NA,NA
"Económico","Tamaulipas","Producción Pesquera (Peso vivo toneladas)",NA,NA,NA,NA,26694264,NA,NA
"Económico","Tlaxcala","Producción Pesquera (Peso vivo toneladas)",NA,NA,NA,NA,64197,NA,NA
"Económico","Veracruz de Ignacio de la Llave","Producción Pesquera (Peso vivo toneladas)",NA,NA,NA,NA,62037674,NA,NA
"Económico","Yucatán","Producción Pesquera (Peso vivo toneladas)",NA,NA,NA,NA,46823782,NA,NA
"Económico","Zacatecas","Producción Pesquera (Peso vivo toneladas)",NA,NA,NA,NA,91174,NA,NA
"Económico","Aguascalientes","Producción Pesquera Valor de la Producción (Peso vivo miles de pesos)",NA,NA,NA,NA,5108605.08,NA,NA
"Económico","Baja California","Producción Pesquera Valor de la Producción (Peso vivo miles de pesos)",NA,NA,NA,NA,2928127867,NA,NA
"Económico","Baja California Sur","Producción Pesquera Valor de la Producción (Peso vivo miles de pesos)",NA,NA,NA,NA,2352418697,NA,NA
"Económico","Campeche","Producción Pesquera Valor de la Producción (Peso vivo miles de pesos)",NA,NA,NA,NA,2020335482,NA,NA
"Económico","Coahuila de Zaragoza","Producción Pesquera Valor de la Producción (Peso vivo miles de pesos)",NA,NA,NA,NA,99340,NA,NA
"Económico","Colima","Producción Pesquera Valor de la Producción (Peso vivo miles de pesos)",NA,NA,NA,NA,994229692.6,NA,NA
"Económico","Chiapas","Producción Pesquera Valor de la Producción (Peso vivo miles de pesos)",NA,NA,NA,NA,958722621.2,NA,NA
"Económico","Chihuahua","Producción Pesquera Valor de la Producción (Peso vivo miles de pesos)",NA,NA,NA,NA,7593590,NA,NA
"Económico","Ciudad de México","Producción Pesquera Valor de la Producción (Peso vivo miles de pesos)",NA,NA,NA,NA,NA,NA,NA
"Económico","Durango","Producción Pesquera Valor de la Producción (Peso vivo miles de pesos)",NA,NA,NA,NA,777195.92,NA,NA
"Económico","Guanajuato","Producción Pesquera Valor de la Producción (Peso vivo miles de pesos)",NA,NA,NA,NA,5563030,NA,NA
"Económico","Guerrero","Producción Pesquera Valor de la Producción (Peso vivo miles de pesos)",NA,NA,NA,NA,323270959.8,NA,NA
"Económico","Hidalgo","Producción Pesquera Valor de la Producción (Peso vivo miles de pesos)",NA,NA,NA,NA,42238560.43,NA,NA
"Económico","Jalisco","Producción Pesquera Valor de la Producción (Peso vivo miles de pesos)",NA,NA,NA,NA,308609219,NA,NA
"Económico","México","Producción Pesquera Valor de la Producción (Peso vivo miles de pesos)",NA,NA,NA,NA,6501057.25,NA,NA
"Económico","Michoacán de Ocampo","Producción Pesquera Valor de la Producción (Peso vivo miles de pesos)",NA,NA,NA,NA,235567300.1,NA,NA
"Económico","Morelos","Producción Pesquera Valor de la Producción (Peso vivo miles de pesos)",NA,NA,NA,NA,31873250,NA,NA
"Económico","Nayarit","Producción Pesquera Valor de la Producción (Peso vivo miles de pesos)",NA,NA,NA,NA,5085649816,NA,NA
"Económico","Nuevo León","Producción Pesquera Valor de la Producción (Peso vivo miles de pesos)",NA,NA,NA,NA,NA,NA,NA
"Económico","Oaxaca","Producción Pesquera Valor de la Producción (Peso vivo miles de pesos)",NA,NA,NA,NA,316316743.8,NA,NA
"Económico","Puebla","Producción Pesquera Valor de la Producción (Peso vivo miles de pesos)",NA,NA,NA,NA,28948008.39,NA,NA
"Económico","Querétaro","Producción Pesquera Valor de la Producción (Peso vivo miles de pesos)",NA,NA,NA,NA,21296730.05,NA,NA
"Económico","Quintana Roo","Producción Pesquera Valor de la Producción (Peso vivo miles de pesos)",NA,NA,NA,NA,299590394.8,NA,NA
"Económico","San Luis Potosí","Producción Pesquera Valor de la Producción (Peso vivo miles de pesos)",NA,NA,NA,NA,10813142.78,NA,NA
"Económico","Sinaloa","Producción Pesquera Valor de la Producción (Peso vivo miles de pesos)",NA,NA,NA,NA,14005838973,NA,NA
"Económico","Sonora","Producción Pesquera Valor de la Producción (Peso vivo miles de pesos)",NA,NA,NA,NA,12341485112,NA,NA
"Económico","Tabasco","Producción Pesquera Valor de la Producción (Peso vivo miles de pesos)",NA,NA,NA,NA,437970468.3,NA,NA
"Económico","Tamaulipas","Producción Pesquera Valor de la Producción (Peso vivo miles de pesos)",NA,NA,NA,NA,1159776046,NA,NA
"Económico","Tlaxcala","Producción Pesquera Valor de la Producción (Peso vivo miles de pesos)",NA,NA,NA,NA,3834913,NA,NA
"Económico","Veracruz de Ignacio de la Llave","Producción Pesquera Valor de la Producción (Peso vivo miles de pesos)",NA,NA,NA,NA,1574929056,NA,NA
"Económico","Yucatán","Producción Pesquera Valor de la Producción (Peso vivo miles de pesos)",NA,NA,NA,NA,3381263042,NA,NA
"Económico","Zacatecas","Producción Pesquera Valor de la Producción (Peso vivo miles de pesos)",NA,NA,NA,NA,3649582,NA,NA
"Económico","Aguascalientes","Productividad (pesos prod/hora trab)",NA,NA,NA,NA,NA,NA,225
"Económico","Baja California","Productividad (pesos prod/hora trab)",NA,NA,NA,NA,NA,NA,272
"Económico","Baja California Sur","Productividad (pesos prod/hora trab)",NA,NA,NA,NA,NA,NA,202
"Económico","Campeche","Productividad (pesos prod/hora trab)",NA,NA,NA,NA,NA,NA,538
"Económico","Coahuila de Zaragoza","Productividad (pesos prod/hora trab)",NA,NA,NA,NA,NA,NA,314
"Económico","Colima","Productividad (pesos prod/hora trab)",NA,NA,NA,NA,NA,NA,216
"Económico","Chiapas","Productividad (pesos prod/hora trab)",NA,NA,NA,NA,NA,NA,82
"Económico","Chihuahua","Productividad (pesos prod/hora trab)",NA,NA,NA,NA,NA,NA,269
"Económico","Ciudad de México","Productividad (pesos prod/hora trab)",NA,NA,NA,NA,NA,NA,400
"Económico","Durango","Productividad (pesos prod/hora trab)",NA,NA,NA,NA,NA,NA,200
"Económico","Guanajuato","Productividad (pesos prod/hora trab)",NA,NA,NA,NA,NA,NA,195
"Económico","Guerrero","Productividad (pesos prod/hora trab)",NA,NA,NA,NA,NA,NA,103
"Económico","Hidalgo","Productividad (pesos prod/hora trab)",NA,NA,NA,NA,NA,NA,160
"Económico","Jalisco","Productividad (pesos prod/hora trab)",NA,NA,NA,NA,NA,NA,230
"Económico","México","Productividad (pesos prod/hora trab)",NA,NA,NA,NA,NA,NA,139
"Económico","Michoacán de Ocampo","Productividad (pesos prod/hora trab)",NA,NA,NA,NA,NA,NA,151
"Económico","Morelos","Productividad (pesos prod/hora trab)",NA,NA,NA,NA,NA,NA,146
"Económico","Nayarit","Productividad (pesos prod/hora trab)",NA,NA,NA,NA,NA,NA,133
"Económico","Nuevo León","Productividad (pesos prod/hora trab)",NA,NA,NA,NA,NA,NA,332
"Económico","Oaxaca","Productividad (pesos prod/hora trab)",NA,NA,NA,NA,NA,NA,120
"Económico","Puebla","Productividad (pesos prod/hora trab)",NA,NA,NA,NA,NA,NA,137
"Económico","Querétaro","Productividad (pesos prod/hora trab)",NA,NA,NA,NA,NA,NA,250
"Económico","Quintana Roo","Productividad (pesos prod/hora trab)",NA,NA,NA,NA,NA,NA,184
"Económico","San Luis Potosí","Productividad (pesos prod/hora trab)",NA,NA,NA,NA,NA,NA,215
"Económico","Sinaloa","Productividad (pesos prod/hora trab)",NA,NA,NA,NA,NA,NA,206
"Económico","Sonora","Productividad (pesos prod/hora trab)",NA,NA,NA,NA,NA,NA,295
"Económico","Tabasco","Productividad (pesos prod/hora trab)",NA,NA,NA,NA,NA,NA,299
"Económico","Tamaulipas","Productividad (pesos prod/hora trab)",NA,NA,NA,NA,NA,NA,244
"Económico","Tlaxcala","Productividad (pesos prod/hora trab)",NA,NA,NA,NA,NA,NA,109
"Económico","Veracruz de Ignacio de la Llave","Productividad (pesos prod/hora trab)",NA,NA,NA,NA,NA,NA,152
"Económico","Yucatán","Productividad (pesos prod/hora trab)",NA,NA,NA,NA,NA,NA,166
"Económico","Zacatecas","Productividad (pesos prod/hora trab)",NA,NA,NA,NA,NA,NA,185
"Económico","Aguascalientes","Producto Interno Bruto (millones de pesos) / Porcentaje de Participación (VALORES CONSTANTES)",NA,NA,NA,NA,NA,206714.88,NA
"Económico","Baja California","Producto Interno Bruto (millones de pesos) / Porcentaje de Participación (VALORES CONSTANTES)",NA,NA,NA,NA,NA,599221.03,NA
"Económico","Baja California Sur","Producto Interno Bruto (millones de pesos) / Porcentaje de Participación (VALORES CONSTANTES)",NA,NA,NA,NA,NA,141176.06,NA
"Económico","Campeche","Producto Interno Bruto (millones de pesos) / Porcentaje de Participación (VALORES CONSTANTES)",NA,NA,NA,NA,NA,462352.56,NA
"Económico","Coahuila de Zaragoza","Producto Interno Bruto (millones de pesos) / Porcentaje de Participación (VALORES CONSTANTES)",NA,NA,NA,NA,NA,567404.54,NA
"Económico","Colima","Producto Interno Bruto (millones de pesos) / Porcentaje de Participación (VALORES CONSTANTES)",NA,NA,NA,NA,NA,101360.67,NA
"Económico","Chiapas","Producto Interno Bruto (millones de pesos) / Porcentaje de Participación (VALORES CONSTANTES)",NA,NA,NA,NA,NA,268174.26,NA
"Económico","Chihuahua","Producto Interno Bruto (millones de pesos) / Porcentaje de Participación (VALORES CONSTANTES)",NA,NA,NA,NA,NA,566202.56,NA
"Económico","Ciudad de México","Producto Interno Bruto (millones de pesos) / Porcentaje de Participación (VALORES CONSTANTES)",NA,NA,NA,NA,NA,2944607.21,NA
"Económico","Durango","Producto Interno Bruto (millones de pesos) / Porcentaje de Participación (VALORES CONSTANTES)",NA,NA,NA,NA,NA,200396.98,NA
"Económico","Guanajuato","Producto Interno Bruto (millones de pesos) / Porcentaje de Participación (VALORES CONSTANTES)",NA,NA,NA,NA,NA,682552.36,NA
"Económico","Guerrero","Producto Interno Bruto (millones de pesos) / Porcentaje de Participación (VALORES CONSTANTES)",NA,NA,NA,NA,NA,227407.69,NA
"Económico","Hidalgo","Producto Interno Bruto (millones de pesos) / Porcentaje de Participación (VALORES CONSTANTES)",NA,NA,NA,NA,NA,251437.63,NA
"Económico","Jalisco","Producto Interno Bruto (millones de pesos) / Porcentaje de Participación (VALORES CONSTANTES)",NA,NA,NA,NA,NA,1186918.96,NA
"Económico","México","Producto Interno Bruto (millones de pesos) / Porcentaje de Participación (VALORES CONSTANTES)",NA,NA,NA,NA,NA,1575492.25,NA
"Económico","Michoacán de Ocampo","Producto Interno Bruto (millones de pesos) / Porcentaje de Participación (VALORES CONSTANTES)",NA,NA,NA,NA,NA,406942.65,NA
"Económico","Morelos","Producto Interno Bruto (millones de pesos) / Porcentaje de Participación (VALORES CONSTANTES)",NA,NA,NA,NA,NA,186361.9,NA
"Económico","Nayarit","Producto Interno Bruto (millones de pesos) / Porcentaje de Participación (VALORES CONSTANTES)",NA,NA,NA,NA,NA,116192.35,NA
"Económico","Nuevo León","Producto Interno Bruto (millones de pesos) / Porcentaje de Participación (VALORES CONSTANTES)",NA,NA,NA,NA,NA,1344947.07,NA
"Económico","Oaxaca","Producto Interno Bruto (millones de pesos) / Porcentaje de Participación (VALORES CONSTANTES)",NA,NA,NA,NA,NA,249590.95,NA
"Económico","Puebla","Producto Interno Bruto (millones de pesos) / Porcentaje de Participación (VALORES CONSTANTES)",NA,NA,NA,NA,NA,542718.72,NA
"Económico","Querétaro","Producto Interno Bruto (millones de pesos) / Porcentaje de Participación (VALORES CONSTANTES)",NA,NA,NA,NA,NA,388480.88,NA
"Económico","Quintana Roo","Producto Interno Bruto (millones de pesos) / Porcentaje de Participación (VALORES CONSTANTES)",NA,NA,NA,NA,NA,257699.11,NA
"Económico","San Luis Potosí","Producto Interno Bruto (millones de pesos) / Porcentaje de Participación (VALORES CONSTANTES)",NA,NA,NA,NA,NA,354895.98,NA
"Económico","Sinaloa","Producto Interno Bruto (millones de pesos) / Porcentaje de Participación (VALORES CONSTANTES)",NA,NA,NA,NA,NA,383065.99,NA
"Económico","Sonora","Producto Interno Bruto (millones de pesos) / Porcentaje de Participación (VALORES CONSTANTES)",NA,NA,NA,NA,NA,572000.02,NA
"Económico","Tabasco","Producto Interno Bruto (millones de pesos) / Porcentaje de Participación (VALORES CONSTANTES)",NA,NA,NA,NA,NA,502306,NA
"Económico","Tamaulipas","Producto Interno Bruto (millones de pesos) / Porcentaje de Participación (VALORES CONSTANTES)",NA,NA,NA,NA,NA,481559.43,NA
"Económico","Tlaxcala","Producto Interno Bruto (millones de pesos) / Porcentaje de Participación (VALORES CONSTANTES)",NA,NA,NA,NA,NA,94889.13,NA
"Económico","Veracruz de Ignacio de la Llave","Producto Interno Bruto (millones de pesos) / Porcentaje de Participación (VALORES CONSTANTES)",NA,NA,NA,NA,NA,767013.24,NA
"Económico","Yucatán","Producto Interno Bruto (millones de pesos) / Porcentaje de Participación (VALORES CONSTANTES)",NA,NA,NA,NA,NA,259829.01,NA
"Económico","Zacatecas","Producto Interno Bruto (millones de pesos) / Porcentaje de Participación (VALORES CONSTANTES)",NA,NA,NA,NA,NA,150781.62,NA
"Social","Aguascalientes","Rezago Educativo",NA,NA,NA,NA,15.67,NA,NA
"Social","Baja California","Rezago Educativo",NA,NA,NA,NA,16.09,NA,NA
"Social","Baja California Sur","Rezago Educativo",NA,NA,NA,NA,14.46,NA,NA
"Social","Campeche","Rezago Educativo",NA,NA,NA,NA,19.15,NA,NA
"Social","Coahuila de Zaragoza","Rezago Educativo",NA,NA,NA,NA,14.34,NA,NA
"Social","Colima","Rezago Educativo",NA,NA,NA,NA,17.66,NA,NA
"Social","Chiapas","Rezago Educativo",NA,NA,NA,NA,32.51,NA,NA
"Social","Chihuahua","Rezago Educativo",NA,NA,NA,NA,16.15,NA,NA
"Social","Ciudad de México","Rezago Educativo",NA,NA,NA,NA,9.51,NA,NA
"Social","Durango","Rezago Educativo",NA,NA,NA,NA,16.92,NA,NA
"Social","Guanajuato","Rezago Educativo",NA,NA,NA,NA,23.18,NA,NA
"Social","Guerrero","Rezago Educativo",NA,NA,NA,NA,26.56,NA,NA
"Social","Hidalgo","Rezago Educativo",NA,NA,NA,NA,18.85,NA,NA
"Social","Jalisco","Rezago Educativo",NA,NA,NA,NA,18.49,NA,NA
"Social","México","Rezago Educativo",NA,NA,NA,NA,14.11,NA,NA
"Social","Michoacán de Ocampo","Rezago Educativo",NA,NA,NA,NA,29.42,NA,NA
"Social","Morelos","Rezago Educativo",NA,NA,NA,NA,17.74,NA,NA
"Social","Nayarit","Rezago Educativo",NA,NA,NA,NA,18.26,NA,NA
"Social","Nuevo León","Rezago Educativo",NA,NA,NA,NA,14.37,NA,NA
"Social","Oaxaca","Rezago Educativo",NA,NA,NA,NA,29.6,NA,NA
"Social","Puebla","Rezago Educativo",NA,NA,NA,NA,23.16,NA,NA
"Social","Querétaro","Rezago Educativo",NA,NA,NA,NA,16.98,NA,NA
"Social","Quintana Roo","Rezago Educativo",NA,NA,NA,NA,17.55,NA,NA
"Social","San Luis Potosí","Rezago Educativo",NA,NA,NA,NA,19.23,NA,NA
"Social","Sinaloa","Rezago Educativo",NA,NA,NA,NA,16.85,NA,NA
"Social","Sonora","Rezago Educativo",NA,NA,NA,NA,15.59,NA,NA
"Social","Tabasco","Rezago Educativo",NA,NA,NA,NA,16.61,NA,NA
"Social","Tamaulipas","Rezago Educativo",NA,NA,NA,NA,15.62,NA,NA
"Social","Tlaxcala","Rezago Educativo",NA,NA,NA,NA,16.06,NA,NA
"Social","Veracruz de Ignacio de la Llave","Rezago Educativo",NA,NA,NA,NA,27.82,NA,NA
"Social","Yucatán","Rezago Educativo",NA,NA,NA,NA,21.85,NA,NA
"Social","Zacatecas","Rezago Educativo",NA,NA,NA,NA,21.86,NA,NA
"Económico","Aguascalientes","Superficie Cosechada (has)",NA,NA,NA,NA,NA,64312.77,NA
"Económico","Baja California","Superficie Cosechada (has)",NA,NA,NA,NA,NA,160436.57,NA
"Económico","Baja California Sur","Superficie Cosechada (has)",NA,NA,NA,NA,NA,38925.57,NA
"Económico","Campeche","Superficie Cosechada (has)",NA,NA,NA,NA,NA,338981.39,NA
"Económico","Coahuila de Zaragoza","Superficie Cosechada (has)",NA,NA,NA,NA,NA,208434.22,NA
"Económico","Colima","Superficie Cosechada (has)",NA,NA,NA,NA,NA,170283.7,NA
"Económico","Chiapas","Superficie Cosechada (has)",NA,NA,NA,NA,NA,1342685.04,NA
"Económico","Chihuahua","Superficie Cosechada (has)",NA,NA,NA,NA,NA,756600.74,NA
"Económico","Ciudad de México","Superficie Cosechada (has)",NA,NA,NA,NA,NA,14724.9,NA
"Económico","Durango","Superficie Cosechada (has)",NA,NA,NA,NA,NA,328582.86,NA
"Económico","Guanajuato","Superficie Cosechada (has)",NA,NA,NA,NA,NA,770006.25,NA
"Económico","Guerrero","Superficie Cosechada (has)",NA,NA,NA,NA,NA,902336.77,NA
"Económico","Hidalgo","Superficie Cosechada (has)",NA,NA,NA,NA,NA,429208.75,NA
"Económico","Jalisco","Superficie Cosechada (has)",NA,NA,NA,NA,NA,1514212.39,NA
"Económico","México","Superficie Cosechada (has)",NA,NA,NA,NA,NA,747520.82,NA
"Económico","Michoacán de Ocampo","Superficie Cosechada (has)",NA,NA,NA,NA,NA,1083156.45,NA
"Económico","Morelos","Superficie Cosechada (has)",NA,NA,NA,NA,NA,123205.8,NA
"Económico","Nayarit","Superficie Cosechada (has)",NA,NA,NA,NA,NA,349228.11,NA
"Económico","Nuevo León","Superficie Cosechada (has)",NA,NA,NA,NA,NA,279802.2,NA
"Económico","Oaxaca","Superficie Cosechada (has)",NA,NA,NA,NA,NA,1282029.09,NA
"Económico","Puebla","Superficie Cosechada (has)",NA,NA,NA,NA,NA,897885.55,NA
"Económico","Querétaro","Superficie Cosechada (has)",NA,NA,NA,NA,NA,90383.22,NA
"Económico","Quintana Roo","Superficie Cosechada (has)",NA,NA,NA,NA,NA,129726.94,NA
"Económico","San Luis Potosí","Superficie Cosechada (has)",NA,NA,NA,NA,NA,465334.71,NA
"Económico","Sinaloa","Superficie Cosechada (has)",NA,NA,NA,NA,NA,990177.42,NA
"Económico","Sonora","Superficie Cosechada (has)",NA,NA,NA,NA,NA,544206.18,NA
"Económico","Tabasco","Superficie Cosechada (has)",NA,NA,NA,NA,NA,257558.13,NA
"Económico","Tamaulipas","Superficie Cosechada (has)",NA,NA,NA,NA,NA,1174878.9,NA
"Económico","Tlaxcala","Superficie Cosechada (has)",NA,NA,NA,NA,NA,232919.68,NA
"Económico","Veracruz de Ignacio de la Llave","Superficie Cosechada (has)",NA,NA,NA,NA,NA,1508123.28,NA
"Económico","Yucatán","Superficie Cosechada (has)",NA,NA,NA,NA,NA,705405.55,NA
"Económico","Zacatecas","Superficie Cosechada (has)",NA,NA,NA,NA,NA,482182.36,NA
"Económico","Aguascalientes","Superficie Sembrada (has)",NA,NA,NA,NA,NA,87316.12,NA
"Económico","Baja California","Superficie Sembrada (has)",NA,NA,NA,NA,NA,161449.3,NA
"Económico","Baja California Sur","Superficie Sembrada (has)",NA,NA,NA,NA,NA,41894.85,NA
"Económico","Campeche","Superficie Sembrada (has)",NA,NA,NA,NA,NA,343294.09,NA
"Económico","Coahuila de Zaragoza","Superficie Sembrada (has)",NA,NA,NA,NA,NA,223065.03,NA
"Económico","Colima","Superficie Sembrada (has)",NA,NA,NA,NA,NA,173955.72,NA
"Económico","Chiapas","Superficie Sembrada (has)",NA,NA,NA,NA,NA,1357044.79,NA
"Económico","Chihuahua","Superficie Sembrada (has)",NA,NA,NA,NA,NA,989227.35,NA
"Económico","Ciudad de México","Superficie Sembrada (has)",NA,NA,NA,NA,NA,14876,NA
"Económico","Durango","Superficie Sembrada (has)",NA,NA,NA,NA,NA,539424.44,NA
"Económico","Guanajuato","Superficie Sembrada (has)",NA,NA,NA,NA,NA,902058.2,NA
"Económico","Guerrero","Superficie Sembrada (has)",NA,NA,NA,NA,NA,923572.6,NA
"Económico","Hidalgo","Superficie Sembrada (has)",NA,NA,NA,NA,NA,469753.04,NA
"Económico","Jalisco","Superficie Sembrada (has)",NA,NA,NA,NA,NA,1676130.59,NA
"Económico","México","Superficie Sembrada (has)",NA,NA,NA,NA,NA,750200.39,NA
"Económico","Michoacán de Ocampo","Superficie Sembrada (has)",NA,NA,NA,NA,NA,1200028.84,NA
"Económico","Morelos","Superficie Sembrada (has)",NA,NA,NA,NA,NA,143784.3,NA
"Económico","Nayarit","Superficie Sembrada (has)",NA,NA,NA,NA,NA,380405.81,NA
"Económico","Nuevo León","Superficie Sembrada (has)",NA,NA,NA,NA,NA,297564.7,NA
"Económico","Oaxaca","Superficie Sembrada (has)",NA,NA,NA,NA,NA,1369474.19,NA
"Económico","Puebla","Superficie Sembrada (has)",NA,NA,NA,NA,NA,918001.15,NA
"Económico","Querétaro","Superficie Sembrada (has)",NA,NA,NA,NA,NA,115384.47,NA
"Económico","Quintana Roo","Superficie Sembrada (has)",NA,NA,NA,NA,NA,135932.74,NA
"Económico","San Luis Potosí","Superficie Sembrada (has)",NA,NA,NA,NA,NA,568215.47,NA
"Económico","Sinaloa","Superficie Sembrada (has)",NA,NA,NA,NA,NA,1016995.13,NA
"Económico","Sonora","Superficie Sembrada (has)",NA,NA,NA,NA,NA,562795.14,NA
"Económico","Tabasco","Superficie Sembrada (has)",NA,NA,NA,NA,NA,260211.03,NA
"Económico","Tamaulipas","Superficie Sembrada (has)",NA,NA,NA,NA,NA,1233267.19,NA
"Económico","Tlaxcala","Superficie Sembrada (has)",NA,NA,NA,NA,NA,234141.68,NA
"Económico","Veracruz de Ignacio de la Llave","Superficie Sembrada (has)",NA,NA,NA,NA,NA,1551139.39,NA
"Económico","Yucatán","Superficie Sembrada (has)",NA,NA,NA,NA,NA,712005.26,NA
"Económico","Zacatecas","Superficie Sembrada (has)",NA,NA,NA,NA,NA,670985.61,NA
"Económico","Aguascalientes","Tasa de Condiciones Críticas de Ocupación",NA,NA,NA,NA,NA,NA,23.3151
"Económico","Baja California","Tasa de Condiciones Críticas de Ocupación",NA,NA,NA,NA,NA,NA,30.595
"Económico","Baja California Sur","Tasa de Condiciones Críticas de Ocupación",NA,NA,NA,NA,NA,NA,20.6641
"Económico","Campeche","Tasa de Condiciones Críticas de Ocupación",NA,NA,NA,NA,NA,NA,37.5323
"Económico","Coahuila de Zaragoza","Tasa de Condiciones Críticas de Ocupación",NA,NA,NA,NA,NA,NA,29.1443
"Económico","Colima","Tasa de Condiciones Críticas de Ocupación",NA,NA,NA,NA,NA,NA,22.7924
"Económico","Chiapas","Tasa de Condiciones Críticas de Ocupación",NA,NA,NA,NA,NA,NA,49.1325
"Económico","Chihuahua","Tasa de Condiciones Críticas de Ocupación",NA,NA,NA,NA,NA,NA,30.2877
"Económico","Ciudad de México","Tasa de Condiciones Críticas de Ocupación",NA,NA,NA,NA,NA,NA,30.1888
"Económico","Durango","Tasa de Condiciones Críticas de Ocupación",NA,NA,NA,NA,NA,NA,32.7359
"Económico","Guanajuato","Tasa de Condiciones Críticas de Ocupación",NA,NA,NA,NA,NA,NA,34.8752
"Económico","Guerrero","Tasa de Condiciones Críticas de Ocupación",NA,NA,NA,NA,NA,NA,33.7138
"Económico","Hidalgo","Tasa de Condiciones Críticas de Ocupación",NA,NA,NA,NA,NA,NA,34.8082
"Económico","Jalisco","Tasa de Condiciones Críticas de Ocupación",NA,NA,NA,NA,NA,NA,20.7074
"Económico","México","Tasa de Condiciones Críticas de Ocupación",NA,NA,NA,NA,NA,NA,38.8847
"Económico","Michoacán de Ocampo","Tasa de Condiciones Críticas de Ocupación",NA,NA,NA,NA,NA,NA,33.4416
"Económico","Morelos","Tasa de Condiciones Críticas de Ocupación",NA,NA,NA,NA,NA,NA,26.456
"Económico","Nayarit","Tasa de Condiciones Críticas de Ocupación",NA,NA,NA,NA,NA,NA,26.9814
"Económico","Nuevo León","Tasa de Condiciones Críticas de Ocupación",NA,NA,NA,NA,NA,NA,21.6979
"Económico","Oaxaca","Tasa de Condiciones Críticas de Ocupación",NA,NA,NA,NA,NA,NA,32.8799
"Económico","Puebla","Tasa de Condiciones Críticas de Ocupación",NA,NA,NA,NA,NA,NA,44.0617
"Económico","Querétaro","Tasa de Condiciones Críticas de Ocupación",NA,NA,NA,NA,NA,NA,25.2118
"Económico","Quintana Roo","Tasa de Condiciones Críticas de Ocupación",NA,NA,NA,NA,NA,NA,29.4728
"Económico","San Luis Potosí","Tasa de Condiciones Críticas de Ocupación",NA,NA,NA,NA,NA,NA,29.2439
"Económico","Sinaloa","Tasa de Condiciones Críticas de Ocupación",NA,NA,NA,NA,NA,NA,21.8475
"Económico","Sonora","Tasa de Condiciones Críticas de Ocupación",NA,NA,NA,NA,NA,NA,25.7187
"Económico","Tabasco","Tasa de Condiciones Críticas de Ocupación",NA,NA,NA,NA,NA,NA,37.2175
"Económico","Tamaulipas","Tasa de Condiciones Críticas de Ocupación",NA,NA,NA,NA,NA,NA,40.8345
"Económico","Tlaxcala","Tasa de Condiciones Críticas de Ocupación",NA,NA,NA,NA,NA,NA,44.9219
"Económico","Veracruz de Ignacio de la Llave","Tasa de Condiciones Críticas de Ocupación",NA,NA,NA,NA,NA,NA,41.8772
"Económico","Yucatán","Tasa de Condiciones Críticas de Ocupación",NA,NA,NA,NA,NA,NA,33.6397
"Económico","Zacatecas","Tasa de Condiciones Críticas de Ocupación",NA,NA,NA,NA,NA,NA,32.5886
"Económico","Aguascalientes","Tasa de Desocupación",NA,NA,NA,NA,NA,NA,3.3599
"Económico","Baja California","Tasa de Desocupación",NA,NA,NA,NA,NA,NA,2.7377
"Económico","Baja California Sur","Tasa de Desocupación",NA,NA,NA,NA,NA,NA,2.4134
"Económico","Campeche","Tasa de Desocupación",NA,NA,NA,NA,NA,NA,1.9978
"Económico","Coahuila de Zaragoza","Tasa de Desocupación",NA,NA,NA,NA,NA,NA,3.7141
"Económico","Colima","Tasa de Desocupación",NA,NA,NA,NA,NA,NA,2.1114
"Económico","Chiapas","Tasa de Desocupación",NA,NA,NA,NA,NA,NA,1.5747
"Económico","Chihuahua","Tasa de Desocupación",NA,NA,NA,NA,NA,NA,2.5347
"Económico","Ciudad de México","Tasa de Desocupación",NA,NA,NA,NA,NA,NA,4.0402
"Económico","Durango","Tasa de Desocupación",NA,NA,NA,NA,NA,NA,2.8125
"Económico","Guanajuato","Tasa de Desocupación",NA,NA,NA,NA,NA,NA,2.9186
"Económico","Guerrero","Tasa de Desocupación",NA,NA,NA,NA,NA,NA,1.0426
"Económico","Hidalgo","Tasa de Desocupación",NA,NA,NA,NA,NA,NA,2.4433
"Económico","Jalisco","Tasa de Desocupación",NA,NA,NA,NA,NA,NA,2.2027
"Económico","México","Tasa de Desocupación",NA,NA,NA,NA,NA,NA,3.2837
"Económico","Michoacán de Ocampo","Tasa de Desocupación",NA,NA,NA,NA,NA,NA,1.7213
"Económico","Morelos","Tasa de Desocupación",NA,NA,NA,NA,NA,NA,1.5768
"Económico","Nayarit","Tasa de Desocupación",NA,NA,NA,NA,NA,NA,2.1534
"Económico","Nuevo León","Tasa de Desocupación",NA,NA,NA,NA,NA,NA,2.5979
"Económico","Oaxaca","Tasa de Desocupación",NA,NA,NA,NA,NA,NA,1.1996
"Económico","Puebla","Tasa de Desocupación",NA,NA,NA,NA,NA,NA,2.3299
"Económico","Querétaro","Tasa de Desocupación",NA,NA,NA,NA,NA,NA,2.7486
"Económico","Quintana Roo","Tasa de Desocupación",NA,NA,NA,NA,NA,NA,2.6329
"Económico","San Luis Potosí","Tasa de Desocupación",NA,NA,NA,NA,NA,NA,2.6448
"Económico","Sinaloa","Tasa de Desocupación",NA,NA,NA,NA,NA,NA,2.4114
"Económico","Sonora","Tasa de Desocupación",NA,NA,NA,NA,NA,NA,3.6201
"Económico","Tabasco","Tasa de Desocupación",NA,NA,NA,NA,NA,NA,4.018
"Económico","Tamaulipas","Tasa de Desocupación",NA,NA,NA,NA,NA,NA,3.43
"Económico","Tlaxcala","Tasa de Desocupación",NA,NA,NA,NA,NA,NA,2.4488
"Económico","Veracruz de Ignacio de la Llave","Tasa de Desocupación",NA,NA,NA,NA,NA,NA,2.0119
"Económico","Yucatán","Tasa de Desocupación",NA,NA,NA,NA,NA,NA,1.7534
"Económico","Zacatecas","Tasa de Desocupación",NA,NA,NA,NA,NA,NA,2.8723
"Gobierno","Aguascalientes","Tasa de incidencia de la corrupción",NA,NA,NA,NA,NA,18678.13,NA
"Gobierno","Baja California","Tasa de incidencia de la corrupción",NA,NA,NA,NA,NA,21607.97,NA
"Gobierno","Baja California Sur","Tasa de incidencia de la corrupción",NA,NA,NA,NA,NA,14819.56,NA
"Gobierno","Campeche","Tasa de incidencia de la corrupción",NA,NA,NA,NA,NA,15659.2,NA
"Gobierno","Coahuila de Zaragoza","Tasa de incidencia de la corrupción",NA,NA,NA,NA,NA,20289.11,NA
"Gobierno","Colima","Tasa de incidencia de la corrupción",NA,NA,NA,NA,NA,16248.62,NA
"Gobierno","Chiapas","Tasa de incidencia de la corrupción",NA,NA,NA,NA,NA,18288.87,NA
"Gobierno","Chihuahua","Tasa de incidencia de la corrupción",NA,NA,NA,NA,NA,31903.88,NA
"Gobierno","Ciudad de México","Tasa de incidencia de la corrupción",NA,NA,NA,NA,NA,28777.23,NA
"Gobierno","Durango","Tasa de incidencia de la corrupción",NA,NA,NA,NA,NA,32459.66,NA
"Gobierno","Guanajuato","Tasa de incidencia de la corrupción",NA,NA,NA,NA,NA,27642.11,NA
"Gobierno","Guerrero","Tasa de incidencia de la corrupción",NA,NA,NA,NA,NA,45214.84,NA
"Gobierno","Hidalgo","Tasa de incidencia de la corrupción",NA,NA,NA,NA,NA,30353.26,NA
"Gobierno","Jalisco","Tasa de incidencia de la corrupción",NA,NA,NA,NA,NA,24390.81,NA
"Gobierno","México","Tasa de incidencia de la corrupción",NA,NA,NA,NA,NA,25856.49,NA
"Gobierno","Michoacán de Ocampo","Tasa de incidencia de la corrupción",NA,NA,NA,NA,NA,21412.93,NA
"Gobierno","Morelos","Tasa de incidencia de la corrupción",NA,NA,NA,NA,NA,23742.46,NA
"Gobierno","Nayarit","Tasa de incidencia de la corrupción",NA,NA,NA,NA,NA,15529.29,NA
"Gobierno","Nuevo León","Tasa de incidencia de la corrupción",NA,NA,NA,NA,NA,24116.43,NA
"Gobierno","Oaxaca","Tasa de incidencia de la corrupción",NA,NA,NA,NA,NA,27315.05,NA
"Gobierno","Puebla","Tasa de incidencia de la corrupción",NA,NA,NA,NA,NA,19491.5,NA
"Gobierno","Querétaro","Tasa de incidencia de la corrupción",NA,NA,NA,NA,NA,25822.45,NA
"Gobierno","Quintana Roo","Tasa de incidencia de la corrupción",NA,NA,NA,NA,NA,25623.72,NA
"Gobierno","San Luis Potosí","Tasa de incidencia de la corrupción",NA,NA,NA,NA,NA,27001.48,NA
"Gobierno","Sinaloa","Tasa de incidencia de la corrupción",NA,NA,NA,NA,NA,29554.03,NA
"Gobierno","Sonora","Tasa de incidencia de la corrupción",NA,NA,NA,NA,NA,36278.58,NA
"Gobierno","Tabasco","Tasa de incidencia de la corrupción",NA,NA,NA,NA,NA,31307.99,NA
"Gobierno","Tamaulipas","Tasa de incidencia de la corrupción",NA,NA,NA,NA,NA,18671.24,NA
"Gobierno","Tlaxcala","Tasa de incidencia de la corrupción",NA,NA,NA,NA,NA,24548.36,NA
"Gobierno","Veracruz de Ignacio de la Llave","Tasa de incidencia de la corrupción",NA,NA,NA,NA,NA,26199.46,NA
"Gobierno","Yucatán","Tasa de incidencia de la corrupción",NA,NA,NA,NA,NA,16184.38,NA
"Gobierno","Zacatecas","Tasa de incidencia de la corrupción",NA,NA,NA,NA,NA,24533.69,NA
"Económico","Aguascalientes","Tasa de Informalidad Laboral",NA,NA,NA,NA,NA,NA,40.3551
"Económico","Baja California","Tasa de Informalidad Laboral",NA,NA,NA,NA,NA,NA,36.548
"Económico","Baja California Sur","Tasa de Informalidad Laboral",NA,NA,NA,NA,NA,NA,36.9245
"Económico","Campeche","Tasa de Informalidad Laboral",NA,NA,NA,NA,NA,NA,58.0659
"Económico","Coahuila de Zaragoza","Tasa de Informalidad Laboral",NA,NA,NA,NA,NA,NA,35.0424
"Económico","Colima","Tasa de Informalidad Laboral",NA,NA,NA,NA,NA,NA,46.3457
"Económico","Chiapas","Tasa de Informalidad Laboral",NA,NA,NA,NA,NA,NA,74.7536
"Económico","Chihuahua","Tasa de Informalidad Laboral",NA,NA,NA,NA,NA,NA,35.5757
"Económico","Ciudad de México","Tasa de Informalidad Laboral",NA,NA,NA,NA,NA,NA,45.3155
"Económico","Durango","Tasa de Informalidad Laboral",NA,NA,NA,NA,NA,NA,48.9354
"Económico","Guanajuato","Tasa de Informalidad Laboral",NA,NA,NA,NA,NA,NA,53.4974
"Económico","Guerrero","Tasa de Informalidad Laboral",NA,NA,NA,NA,NA,NA,77.2533
"Económico","Hidalgo","Tasa de Informalidad Laboral",NA,NA,NA,NA,NA,NA,72.8543
"Económico","Jalisco","Tasa de Informalidad Laboral",NA,NA,NA,NA,NA,NA,48.087
"Económico","México","Tasa de Informalidad Laboral",NA,NA,NA,NA,NA,NA,53.1626
"Económico","Michoacán de Ocampo","Tasa de Informalidad Laboral",NA,NA,NA,NA,NA,NA,65.8171
"Económico","Morelos","Tasa de Informalidad Laboral",NA,NA,NA,NA,NA,NA,66.9937
"Económico","Nayarit","Tasa de Informalidad Laboral",NA,NA,NA,NA,NA,NA,58.4574
"Económico","Nuevo León","Tasa de Informalidad Laboral",NA,NA,NA,NA,NA,NA,35.3551
"Económico","Oaxaca","Tasa de Informalidad Laboral",NA,NA,NA,NA,NA,NA,80.2426
"Económico","Puebla","Tasa de Informalidad Laboral",NA,NA,NA,NA,NA,NA,69.652
"Económico","Querétaro","Tasa de Informalidad Laboral",NA,NA,NA,NA,NA,NA,42.5828
"Económico","Quintana Roo","Tasa de Informalidad Laboral",NA,NA,NA,NA,NA,NA,44.8088
"Económico","San Luis Potosí","Tasa de Informalidad Laboral",NA,NA,NA,NA,NA,NA,53.611
"Económico","Sinaloa","Tasa de Informalidad Laboral",NA,NA,NA,NA,NA,NA,47.7809
"Económico","Sonora","Tasa de Informalidad Laboral",NA,NA,NA,NA,NA,NA,42.4798
"Económico","Tabasco","Tasa de Informalidad Laboral",NA,NA,NA,NA,NA,NA,63.2655
"Económico","Tamaulipas","Tasa de Informalidad Laboral",NA,NA,NA,NA,NA,NA,42.1703
"Económico","Tlaxcala","Tasa de Informalidad Laboral",NA,NA,NA,NA,NA,NA,69.1135
"Económico","Veracruz de Ignacio de la Llave","Tasa de Informalidad Laboral",NA,NA,NA,NA,NA,NA,68.2732
"Económico","Yucatán","Tasa de Informalidad Laboral",NA,NA,NA,NA,NA,NA,59.9502
"Económico","Zacatecas","Tasa de Informalidad Laboral",NA,NA,NA,NA,NA,NA,60.9719
"Económico","Aguascalientes","Tasa de Ocupación en el Sector Informal",NA,NA,NA,NA,NA,NA,20.549
"Económico","Baja California","Tasa de Ocupación en el Sector Informal",NA,NA,NA,NA,NA,NA,17.5296
"Económico","Baja California Sur","Tasa de Ocupación en el Sector Informal",NA,NA,NA,NA,NA,NA,18.1284
"Económico","Campeche","Tasa de Ocupación en el Sector Informal",NA,NA,NA,NA,NA,NA,27.2615
"Económico","Coahuila de Zaragoza","Tasa de Ocupación en el Sector Informal",NA,NA,NA,NA,NA,NA,21.4777
"Económico","Colima","Tasa de Ocupación en el Sector Informal",NA,NA,NA,NA,NA,NA,17.3271
"Económico","Chiapas","Tasa de Ocupación en el Sector Informal",NA,NA,NA,NA,NA,NA,27.0714
"Económico","Chihuahua","Tasa de Ocupación en el Sector Informal",NA,NA,NA,NA,NA,NA,15.1516
"Económico","Ciudad de México","Tasa de Ocupación en el Sector Informal",NA,NA,NA,NA,NA,NA,27.2681
"Económico","Durango","Tasa de Ocupación en el Sector Informal",NA,NA,NA,NA,NA,NA,24.2829
"Económico","Guanajuato","Tasa de Ocupación en el Sector Informal",NA,NA,NA,NA,NA,NA,26.4331
"Económico","Guerrero","Tasa de Ocupación en el Sector Informal",NA,NA,NA,NA,NA,NA,38.7105
"Económico","Hidalgo","Tasa de Ocupación en el Sector Informal",NA,NA,NA,NA,NA,NA,36.2302
"Económico","Jalisco","Tasa de Ocupación en el Sector Informal",NA,NA,NA,NA,NA,NA,24.945
"Económico","México","Tasa de Ocupación en el Sector Informal",NA,NA,NA,NA,NA,NA,33.2367
"Económico","Michoacán de Ocampo","Tasa de Ocupación en el Sector Informal",NA,NA,NA,NA,NA,NA,33.6474
"Económico","Morelos","Tasa de Ocupación en el Sector Informal",NA,NA,NA,NA,NA,NA,36.2954
"Económico","Nayarit","Tasa de Ocupación en el Sector Informal",NA,NA,NA,NA,NA,NA,27.6266
"Económico","Nuevo León","Tasa de Ocupación en el Sector Informal",NA,NA,NA,NA,NA,NA,20.6054
"Económico","Oaxaca","Tasa de Ocupación en el Sector Informal",NA,NA,NA,NA,NA,NA,39.9098
"Económico","Puebla","Tasa de Ocupación en el Sector Informal",NA,NA,NA,NA,NA,NA,33.6942
"Económico","Querétaro","Tasa de Ocupación en el Sector Informal",NA,NA,NA,NA,NA,NA,23.4678
"Económico","Quintana Roo","Tasa de Ocupación en el Sector Informal",NA,NA,NA,NA,NA,NA,21.0966
"Económico","San Luis Potosí","Tasa de Ocupación en el Sector Informal",NA,NA,NA,NA,NA,NA,26.5161
"Económico","Sinaloa","Tasa de Ocupación en el Sector Informal",NA,NA,NA,NA,NA,NA,23.9289
"Económico","Sonora","Tasa de Ocupación en el Sector Informal",NA,NA,NA,NA,NA,NA,21.5091
"Económico","Tabasco","Tasa de Ocupación en el Sector Informal",NA,NA,NA,NA,NA,NA,32.2867
"Económico","Tamaulipas","Tasa de Ocupación en el Sector Informal",NA,NA,NA,NA,NA,NA,21.6268
"Económico","Tlaxcala","Tasa de Ocupación en el Sector Informal",NA,NA,NA,NA,NA,NA,39.3035
"Económico","Veracruz de Ignacio de la Llave","Tasa de Ocupación en el Sector Informal",NA,NA,NA,NA,NA,NA,31.3846
"Económico","Yucatán","Tasa de Ocupación en el Sector Informal",NA,NA,NA,NA,NA,NA,33.5783
"Económico","Zacatecas","Tasa de Ocupación en el Sector Informal",NA,NA,NA,NA,NA,NA,26.212
"Social","Aguascalientes","Tasa de Ocupación no Permitida porcentaje respecto a la población de 5 a 17 años)",NA,NA,NA,NA,6.7,NA,NA
"Social","Baja California","Tasa de Ocupación no Permitida porcentaje respecto a la población de 5 a 17 años)",NA,NA,NA,NA,3.4,NA,NA
"Social","Baja California Sur","Tasa de Ocupación no Permitida porcentaje respecto a la población de 5 a 17 años)",NA,NA,NA,NA,5.7,NA,NA
"Social","Campeche","Tasa de Ocupación no Permitida porcentaje respecto a la población de 5 a 17 años)",NA,NA,NA,NA,6.6,NA,NA
"Social","Coahuila de Zaragoza","Tasa de Ocupación no Permitida porcentaje respecto a la población de 5 a 17 años)",NA,NA,NA,NA,3.9,NA,NA
"Social","Colima","Tasa de Ocupación no Permitida porcentaje respecto a la población de 5 a 17 años)",NA,NA,NA,NA,8.7,NA,NA
"Social","Chiapas","Tasa de Ocupación no Permitida porcentaje respecto a la población de 5 a 17 años)",NA,NA,NA,NA,13.5,NA,NA
"Social","Chihuahua","Tasa de Ocupación no Permitida porcentaje respecto a la población de 5 a 17 años)",NA,NA,NA,NA,5.1,NA,NA
"Social","Ciudad de México","Tasa de Ocupación no Permitida porcentaje respecto a la población de 5 a 17 años)",NA,NA,NA,NA,2.5,NA,NA
"Social","Durango","Tasa de Ocupación no Permitida porcentaje respecto a la población de 5 a 17 años)",NA,NA,NA,NA,7.3,NA,NA
"Social","Guanajuato","Tasa de Ocupación no Permitida porcentaje respecto a la población de 5 a 17 años)",NA,NA,NA,NA,9,NA,NA
"Social","Guerrero","Tasa de Ocupación no Permitida porcentaje respecto a la población de 5 a 17 años)",NA,NA,NA,NA,15.2,NA,NA
"Social","Hidalgo","Tasa de Ocupación no Permitida porcentaje respecto a la población de 5 a 17 años)",NA,NA,NA,NA,8.4,NA,NA
"Social","Jalisco","Tasa de Ocupación no Permitida porcentaje respecto a la población de 5 a 17 años)",NA,NA,NA,NA,8.6,NA,NA
"Social","México","Tasa de Ocupación no Permitida porcentaje respecto a la población de 5 a 17 años)",NA,NA,NA,NA,5.1,NA,NA
"Social","Michoacán de Ocampo","Tasa de Ocupación no Permitida porcentaje respecto a la población de 5 a 17 años)",NA,NA,NA,NA,9.2,NA,NA
"Social","Morelos","Tasa de Ocupación no Permitida porcentaje respecto a la población de 5 a 17 años)",NA,NA,NA,NA,5.9,NA,NA
"Social","Nayarit","Tasa de Ocupación no Permitida porcentaje respecto a la población de 5 a 17 años)",NA,NA,NA,NA,12.6,NA,NA
"Social","Nuevo León","Tasa de Ocupación no Permitida porcentaje respecto a la población de 5 a 17 años)",NA,NA,NA,NA,4.2,NA,NA
"Social","Oaxaca","Tasa de Ocupación no Permitida porcentaje respecto a la población de 5 a 17 años)",NA,NA,NA,NA,11.8,NA,NA
"Social","Puebla","Tasa de Ocupación no Permitida porcentaje respecto a la población de 5 a 17 años)",NA,NA,NA,NA,10.4,NA,NA
"Social","Querétaro","Tasa de Ocupación no Permitida porcentaje respecto a la población de 5 a 17 años)",NA,NA,NA,NA,4.1,NA,NA
"Social","Quintana Roo","Tasa de Ocupación no Permitida porcentaje respecto a la población de 5 a 17 años)",NA,NA,NA,NA,4.3,NA,NA
"Social","San Luis Potosí","Tasa de Ocupación no Permitida porcentaje respecto a la población de 5 a 17 años)",NA,NA,NA,NA,7.6,NA,NA
"Social","Sinaloa","Tasa de Ocupación no Permitida porcentaje respecto a la población de 5 a 17 años)",NA,NA,NA,NA,5.4,NA,NA
"Social","Sonora","Tasa de Ocupación no Permitida porcentaje respecto a la población de 5 a 17 años)",NA,NA,NA,NA,5.5,NA,NA
"Social","Tabasco","Tasa de Ocupación no Permitida porcentaje respecto a la población de 5 a 17 años)",NA,NA,NA,NA,6.7,NA,NA
"Social","Tamaulipas","Tasa de Ocupación no Permitida porcentaje respecto a la población de 5 a 17 años)",NA,NA,NA,NA,4.6,NA,NA
"Social","Tlaxcala","Tasa de Ocupación no Permitida porcentaje respecto a la población de 5 a 17 años)",NA,NA,NA,NA,6.2,NA,NA
"Social","Veracruz de Ignacio de la Llave","Tasa de Ocupación no Permitida porcentaje respecto a la población de 5 a 17 años)",NA,NA,NA,NA,8.7,NA,NA
"Social","Yucatán","Tasa de Ocupación no Permitida porcentaje respecto a la población de 5 a 17 años)",NA,NA,NA,NA,9.3,NA,NA
"Social","Zacatecas","Tasa de Ocupación no Permitida porcentaje respecto a la población de 5 a 17 años)",NA,NA,NA,NA,9.3,NA,NA
"Económico","Aguascalientes","Tasa de Ocupación Parcial y Desocupación",NA,NA,NA,NA,NA,NA,6.2609
"Económico","Baja California","Tasa de Ocupación Parcial y Desocupación",NA,NA,NA,NA,NA,NA,6.9565
"Económico","Baja California Sur","Tasa de Ocupación Parcial y Desocupación",NA,NA,NA,NA,NA,NA,9.1437
"Económico","Campeche","Tasa de Ocupación Parcial y Desocupación",NA,NA,NA,NA,NA,NA,10.4405
"Económico","Coahuila de Zaragoza","Tasa de Ocupación Parcial y Desocupación",NA,NA,NA,NA,NA,NA,8.8571
"Económico","Colima","Tasa de Ocupación Parcial y Desocupación",NA,NA,NA,NA,NA,NA,8.8462
"Económico","Chiapas","Tasa de Ocupación Parcial y Desocupación",NA,NA,NA,NA,NA,NA,7.5945
"Económico","Chihuahua","Tasa de Ocupación Parcial y Desocupación",NA,NA,NA,NA,NA,NA,6.5952
"Económico","Ciudad de México","Tasa de Ocupación Parcial y Desocupación",NA,NA,NA,NA,NA,NA,10.7483
"Económico","Durango","Tasa de Ocupación Parcial y Desocupación",NA,NA,NA,NA,NA,NA,10.0769
"Económico","Guanajuato","Tasa de Ocupación Parcial y Desocupación",NA,NA,NA,NA,NA,NA,8.9666
"Económico","Guerrero","Tasa de Ocupación Parcial y Desocupación",NA,NA,NA,NA,NA,NA,10.1554
"Económico","Hidalgo","Tasa de Ocupación Parcial y Desocupación",NA,NA,NA,NA,NA,NA,12.101
"Económico","Jalisco","Tasa de Ocupación Parcial y Desocupación",NA,NA,NA,NA,NA,NA,5.3373
"Económico","México","Tasa de Ocupación Parcial y Desocupación",NA,NA,NA,NA,NA,NA,7.87
"Económico","Michoacán de Ocampo","Tasa de Ocupación Parcial y Desocupación",NA,NA,NA,NA,NA,NA,9.087
"Económico","Morelos","Tasa de Ocupación Parcial y Desocupación",NA,NA,NA,NA,NA,NA,6.4511
"Económico","Nayarit","Tasa de Ocupación Parcial y Desocupación",NA,NA,NA,NA,NA,NA,9.8522
"Económico","Nuevo León","Tasa de Ocupación Parcial y Desocupación",NA,NA,NA,NA,NA,NA,7.2256
"Económico","Oaxaca","Tasa de Ocupación Parcial y Desocupación",NA,NA,NA,NA,NA,NA,12.1971
"Económico","Puebla","Tasa de Ocupación Parcial y Desocupación",NA,NA,NA,NA,NA,NA,8.3426
"Económico","Querétaro","Tasa de Ocupación Parcial y Desocupación",NA,NA,NA,NA,NA,NA,6.217
"Económico","Quintana Roo","Tasa de Ocupación Parcial y Desocupación",NA,NA,NA,NA,NA,NA,8.8957
"Económico","San Luis Potosí","Tasa de Ocupación Parcial y Desocupación",NA,NA,NA,NA,NA,NA,10.9093
"Económico","Sinaloa","Tasa de Ocupación Parcial y Desocupación",NA,NA,NA,NA,NA,NA,11.465
"Económico","Sonora","Tasa de Ocupación Parcial y Desocupación",NA,NA,NA,NA,NA,NA,9.6531
"Económico","Tabasco","Tasa de Ocupación Parcial y Desocupación",NA,NA,NA,NA,NA,NA,14.115
"Económico","Tamaulipas","Tasa de Ocupación Parcial y Desocupación",NA,NA,NA,NA,NA,NA,11.099
"Económico","Tlaxcala","Tasa de Ocupación Parcial y Desocupación",NA,NA,NA,NA,NA,NA,9.2772
"Económico","Veracruz de Ignacio de la Llave","Tasa de Ocupación Parcial y Desocupación",NA,NA,NA,NA,NA,NA,9.7059
"Económico","Yucatán","Tasa de Ocupación Parcial y Desocupación",NA,NA,NA,NA,NA,NA,11.7754
"Económico","Zacatecas","Tasa de Ocupación Parcial y Desocupación",NA,NA,NA,NA,NA,NA,10.8959
"Económico","Aguascalientes","Tasa de Participación",NA,NA,NA,NA,NA,NA,58.2949
"Económico","Baja California","Tasa de Participación",NA,NA,NA,NA,NA,NA,60.7063
"Económico","Baja California Sur","Tasa de Participación",NA,NA,NA,NA,NA,NA,68.7984
"Económico","Campeche","Tasa de Participación",NA,NA,NA,NA,NA,NA,61.7215
"Económico","Coahuila de Zaragoza","Tasa de Participación",NA,NA,NA,NA,NA,NA,61.4564
"Económico","Colima","Tasa de Participación",NA,NA,NA,NA,NA,NA,65.389
"Económico","Chiapas","Tasa de Participación",NA,NA,NA,NA,NA,NA,54.4361
"Económico","Chihuahua","Tasa de Participación",NA,NA,NA,NA,NA,NA,61.6164
"Económico","Ciudad de México","Tasa de Participación",NA,NA,NA,NA,NA,NA,62.8506
"Económico","Durango","Tasa de Participación",NA,NA,NA,NA,NA,NA,59.9147
"Económico","Guanajuato","Tasa de Participación",NA,NA,NA,NA,NA,NA,60.2899
"Económico","Guerrero","Tasa de Participación",NA,NA,NA,NA,NA,NA,60.8033
"Económico","Hidalgo","Tasa de Participación",NA,NA,NA,NA,NA,NA,59.2424
"Económico","Jalisco","Tasa de Participación",NA,NA,NA,NA,NA,NA,59.8796
"Económico","México","Tasa de Participación",NA,NA,NA,NA,NA,NA,60.1638
"Económico","Michoacán de Ocampo","Tasa de Participación",NA,NA,NA,NA,NA,NA,61.6121
"Económico","Morelos","Tasa de Participación",NA,NA,NA,NA,NA,NA,56.0006
"Económico","Nayarit","Tasa de Participación",NA,NA,NA,NA,NA,NA,66.4063
"Económico","Nuevo León","Tasa de Participación",NA,NA,NA,NA,NA,NA,61.6225
"Económico","Oaxaca","Tasa de Participación",NA,NA,NA,NA,NA,NA,58.7033
"Económico","Puebla","Tasa de Participación",NA,NA,NA,NA,NA,NA,61.4653
"Económico","Querétaro","Tasa de Participación",NA,NA,NA,NA,NA,NA,58.9737
"Económico","Quintana Roo","Tasa de Participación",NA,NA,NA,NA,NA,NA,65.667
"Económico","San Luis Potosí","Tasa de Participación",NA,NA,NA,NA,NA,NA,60.6207
"Económico","Sinaloa","Tasa de Participación",NA,NA,NA,NA,NA,NA,62.02
"Económico","Sonora","Tasa de Participación",NA,NA,NA,NA,NA,NA,61.8849
"Económico","Tabasco","Tasa de Participación",NA,NA,NA,NA,NA,NA,57.2476
"Económico","Tamaulipas","Tasa de Participación",NA,NA,NA,NA,NA,NA,60.5709
"Económico","Tlaxcala","Tasa de Participación",NA,NA,NA,NA,NA,NA,61.4907
"Económico","Veracruz de Ignacio de la Llave","Tasa de Participación",NA,NA,NA,NA,NA,NA,54.479
"Económico","Yucatán","Tasa de Participación",NA,NA,NA,NA,NA,NA,65.9196
"Económico","Zacatecas","Tasa de Participación",NA,NA,NA,NA,NA,NA,55.8002
"Económico","Aguascalientes","Tasa de Presión General",NA,NA,NA,NA,NA,NA,4.915
"Económico","Baja California","Tasa de Presión General",NA,NA,NA,NA,NA,NA,4.3542
"Económico","Baja California Sur","Tasa de Presión General",NA,NA,NA,NA,NA,NA,7.0939
"Económico","Campeche","Tasa de Presión General",NA,NA,NA,NA,NA,NA,6.3429
"Económico","Coahuila de Zaragoza","Tasa de Presión General",NA,NA,NA,NA,NA,NA,6.0668
"Económico","Colima","Tasa de Presión General",NA,NA,NA,NA,NA,NA,4.9178
"Económico","Chiapas","Tasa de Presión General",NA,NA,NA,NA,NA,NA,5.469
"Económico","Chihuahua","Tasa de Presión General",NA,NA,NA,NA,NA,NA,5.518
"Económico","Ciudad de México","Tasa de Presión General",NA,NA,NA,NA,NA,NA,8.8467
"Económico","Durango","Tasa de Presión General",NA,NA,NA,NA,NA,NA,6.6588
"Económico","Guanajuato","Tasa de Presión General",NA,NA,NA,NA,NA,NA,5.3276
"Económico","Guerrero","Tasa de Presión General",NA,NA,NA,NA,NA,NA,2.6387
"Económico","Hidalgo","Tasa de Presión General",NA,NA,NA,NA,NA,NA,5.7909
"Económico","Jalisco","Tasa de Presión General",NA,NA,NA,NA,NA,NA,2.6879
"Económico","México","Tasa de Presión General",NA,NA,NA,NA,NA,NA,5.4013
"Económico","Michoacán de Ocampo","Tasa de Presión General",NA,NA,NA,NA,NA,NA,4.888
"Económico","Morelos","Tasa de Presión General",NA,NA,NA,NA,NA,NA,3.1307
"Económico","Nayarit","Tasa de Presión General",NA,NA,NA,NA,NA,NA,4.8808
"Económico","Nuevo León","Tasa de Presión General",NA,NA,NA,NA,NA,NA,5.474
"Económico","Oaxaca","Tasa de Presión General",NA,NA,NA,NA,NA,NA,5.4573
"Económico","Puebla","Tasa de Presión General",NA,NA,NA,NA,NA,NA,5.1612
"Económico","Querétaro","Tasa de Presión General",NA,NA,NA,NA,NA,NA,3.57
"Económico","Quintana Roo","Tasa de Presión General",NA,NA,NA,NA,NA,NA,5.3728
"Económico","San Luis Potosí","Tasa de Presión General",NA,NA,NA,NA,NA,NA,6.3255
"Económico","Sinaloa","Tasa de Presión General",NA,NA,NA,NA,NA,NA,5.1677
"Económico","Sonora","Tasa de Presión General",NA,NA,NA,NA,NA,NA,7.5284
"Económico","Tabasco","Tasa de Presión General",NA,NA,NA,NA,NA,NA,8.965
"Económico","Tamaulipas","Tasa de Presión General",NA,NA,NA,NA,NA,NA,7.5453
"Económico","Tlaxcala","Tasa de Presión General",NA,NA,NA,NA,NA,NA,6.1448
"Económico","Veracruz de Ignacio de la Llave","Tasa de Presión General",NA,NA,NA,NA,NA,NA,4.3186
"Económico","Yucatán","Tasa de Presión General",NA,NA,NA,NA,NA,NA,5.2518
"Económico","Zacatecas","Tasa de Presión General",NA,NA,NA,NA,NA,NA,6.859
"Gobierno","Aguascalientes","Tasa de prevalencia de la corrupción",NA,NA,NA,NA,NA,11950.55,NA
"Gobierno","Baja California","Tasa de prevalencia de la corrupción",NA,NA,NA,NA,NA,14643.66,NA
"Gobierno","Baja California Sur","Tasa de prevalencia de la corrupción",NA,NA,NA,NA,NA,10521.66,NA
"Gobierno","Campeche","Tasa de prevalencia de la corrupción",NA,NA,NA,NA,NA,11801.78,NA
"Gobierno","Coahuila de Zaragoza","Tasa de prevalencia de la corrupción",NA,NA,NA,NA,NA,11464,NA
"Gobierno","Colima","Tasa de prevalencia de la corrupción",NA,NA,NA,NA,NA,10262.1,NA
"Gobierno","Chiapas","Tasa de prevalencia de la corrupción",NA,NA,NA,NA,NA,12600.12,NA
"Gobierno","Chihuahua","Tasa de prevalencia de la corrupción",NA,NA,NA,NA,NA,21891.31,NA
"Gobierno","Ciudad de México","Tasa de prevalencia de la corrupción",NA,NA,NA,NA,NA,15738.95,NA
"Gobierno","Durango","Tasa de prevalencia de la corrupción",NA,NA,NA,NA,NA,15321.66,NA
"Gobierno","Guanajuato","Tasa de prevalencia de la corrupción",NA,NA,NA,NA,NA,10888.55,NA
"Gobierno","Guerrero","Tasa de prevalencia de la corrupción",NA,NA,NA,NA,NA,18278.58,NA
"Gobierno","Hidalgo","Tasa de prevalencia de la corrupción",NA,NA,NA,NA,NA,13107.49,NA
"Gobierno","Jalisco","Tasa de prevalencia de la corrupción",NA,NA,NA,NA,NA,14580.13,NA
"Gobierno","México","Tasa de prevalencia de la corrupción",NA,NA,NA,NA,NA,12030.57,NA
"Gobierno","Michoacán de Ocampo","Tasa de prevalencia de la corrupción",NA,NA,NA,NA,NA,12597.31,NA
"Gobierno","Morelos","Tasa de prevalencia de la corrupción",NA,NA,NA,NA,NA,13679.5,NA
"Gobierno","Nayarit","Tasa de prevalencia de la corrupción",NA,NA,NA,NA,NA,9459.68,NA
"Gobierno","Nuevo León","Tasa de prevalencia de la corrupción",NA,NA,NA,NA,NA,13354.14,NA
"Gobierno","Oaxaca","Tasa de prevalencia de la corrupción",NA,NA,NA,NA,NA,16711.7,NA
"Gobierno","Puebla","Tasa de prevalencia de la corrupción",NA,NA,NA,NA,NA,11896.77,NA
"Gobierno","Querétaro","Tasa de prevalencia de la corrupción",NA,NA,NA,NA,NA,12359.02,NA
"Gobierno","Quintana Roo","Tasa de prevalencia de la corrupción",NA,NA,NA,NA,NA,16953.72,NA
"Gobierno","San Luis Potosí","Tasa de prevalencia de la corrupción",NA,NA,NA,NA,NA,15616.57,NA
"Gobierno","Sinaloa","Tasa de prevalencia de la corrupción",NA,NA,NA,NA,NA,17727.77,NA
"Gobierno","Sonora","Tasa de prevalencia de la corrupción",NA,NA,NA,NA,NA,16124.34,NA
"Gobierno","Tabasco","Tasa de prevalencia de la corrupción",NA,NA,NA,NA,NA,17938.18,NA
"Gobierno","Tamaulipas","Tasa de prevalencia de la corrupción",NA,NA,NA,NA,NA,12709.78,NA
"Gobierno","Tlaxcala","Tasa de prevalencia de la corrupción",NA,NA,NA,NA,NA,15241.72,NA
"Gobierno","Veracruz de Ignacio de la Llave","Tasa de prevalencia de la corrupción",NA,NA,NA,NA,NA,13704.52,NA
"Gobierno","Yucatán","Tasa de prevalencia de la corrupción",NA,NA,NA,NA,NA,11419.04,NA
"Gobierno","Zacatecas","Tasa de prevalencia de la corrupción",NA,NA,NA,NA,NA,8911.61,NA
"Social","Aguascalientes","Tasa de Quehaceres Domésticos en Condiciones no Adecuadas (porcentaje respecto a la población de 5 a 17 años)",NA,NA,NA,NA,5.7,NA,NA
"Social","Baja California","Tasa de Quehaceres Domésticos en Condiciones no Adecuadas (porcentaje respecto a la población de 5 a 17 años)",NA,NA,NA,NA,3.5,NA,NA
"Social","Baja California Sur","Tasa de Quehaceres Domésticos en Condiciones no Adecuadas (porcentaje respecto a la población de 5 a 17 años)",NA,NA,NA,NA,8.3,NA,NA
"Social","Campeche","Tasa de Quehaceres Domésticos en Condiciones no Adecuadas (porcentaje respecto a la población de 5 a 17 años)",NA,NA,NA,NA,6.8,NA,NA
"Social","Coahuila de Zaragoza","Tasa de Quehaceres Domésticos en Condiciones no Adecuadas (porcentaje respecto a la población de 5 a 17 años)",NA,NA,NA,NA,3,NA,NA
"Social","Colima","Tasa de Quehaceres Domésticos en Condiciones no Adecuadas (porcentaje respecto a la población de 5 a 17 años)",NA,NA,NA,NA,9.7,NA,NA
"Social","Chiapas","Tasa de Quehaceres Domésticos en Condiciones no Adecuadas (porcentaje respecto a la población de 5 a 17 años)",NA,NA,NA,NA,9.1,NA,NA
"Social","Chihuahua","Tasa de Quehaceres Domésticos en Condiciones no Adecuadas (porcentaje respecto a la población de 5 a 17 años)",NA,NA,NA,NA,5.7,NA,NA
"Social","Ciudad de México","Tasa de Quehaceres Domésticos en Condiciones no Adecuadas (porcentaje respecto a la población de 5 a 17 años)",NA,NA,NA,NA,1.7,NA,NA
"Social","Durango","Tasa de Quehaceres Domésticos en Condiciones no Adecuadas (porcentaje respecto a la población de 5 a 17 años)",NA,NA,NA,NA,7,NA,NA
"Social","Guanajuato","Tasa de Quehaceres Domésticos en Condiciones no Adecuadas (porcentaje respecto a la población de 5 a 17 años)",NA,NA,NA,NA,8.3,NA,NA
"Social","Guerrero","Tasa de Quehaceres Domésticos en Condiciones no Adecuadas (porcentaje respecto a la población de 5 a 17 años)",NA,NA,NA,NA,12.9,NA,NA
"Social","Hidalgo","Tasa de Quehaceres Domésticos en Condiciones no Adecuadas (porcentaje respecto a la población de 5 a 17 años)",NA,NA,NA,NA,7.8,NA,NA
"Social","Jalisco","Tasa de Quehaceres Domésticos en Condiciones no Adecuadas (porcentaje respecto a la población de 5 a 17 años)",NA,NA,NA,NA,8,NA,NA
"Social","México","Tasa de Quehaceres Domésticos en Condiciones no Adecuadas (porcentaje respecto a la población de 5 a 17 años)",NA,NA,NA,NA,4.2,NA,NA
"Social","Michoacán de Ocampo","Tasa de Quehaceres Domésticos en Condiciones no Adecuadas (porcentaje respecto a la población de 5 a 17 años)",NA,NA,NA,NA,10.6,NA,NA
"Social","Morelos","Tasa de Quehaceres Domésticos en Condiciones no Adecuadas (porcentaje respecto a la población de 5 a 17 años)",NA,NA,NA,NA,5,NA,NA
"Social","Nayarit","Tasa de Quehaceres Domésticos en Condiciones no Adecuadas (porcentaje respecto a la población de 5 a 17 años)",NA,NA,NA,NA,8.1,NA,NA
"Social","Nuevo León","Tasa de Quehaceres Domésticos en Condiciones no Adecuadas (porcentaje respecto a la población de 5 a 17 años)",NA,NA,NA,NA,4.7,NA,NA
"Social","Oaxaca","Tasa de Quehaceres Domésticos en Condiciones no Adecuadas (porcentaje respecto a la población de 5 a 17 años)",NA,NA,NA,NA,8.4,NA,NA
"Social","Puebla","Tasa de Quehaceres Domésticos en Condiciones no Adecuadas (porcentaje respecto a la población de 5 a 17 años)",NA,NA,NA,NA,9.5,NA,NA
"Social","Querétaro","Tasa de Quehaceres Domésticos en Condiciones no Adecuadas (porcentaje respecto a la población de 5 a 17 años)",NA,NA,NA,NA,3.3,NA,NA
"Social","Quintana Roo","Tasa de Quehaceres Domésticos en Condiciones no Adecuadas (porcentaje respecto a la población de 5 a 17 años)",NA,NA,NA,NA,3.1,NA,NA
"Social","San Luis Potosí","Tasa de Quehaceres Domésticos en Condiciones no Adecuadas (porcentaje respecto a la población de 5 a 17 años)",NA,NA,NA,NA,8.1,NA,NA
"Social","Sinaloa","Tasa de Quehaceres Domésticos en Condiciones no Adecuadas (porcentaje respecto a la población de 5 a 17 años)",NA,NA,NA,NA,3.8,NA,NA
"Social","Sonora","Tasa de Quehaceres Domésticos en Condiciones no Adecuadas (porcentaje respecto a la población de 5 a 17 años)",NA,NA,NA,NA,5.9,NA,NA
"Social","Tabasco","Tasa de Quehaceres Domésticos en Condiciones no Adecuadas (porcentaje respecto a la población de 5 a 17 años)",NA,NA,NA,NA,9.9,NA,NA
"Social","Tamaulipas","Tasa de Quehaceres Domésticos en Condiciones no Adecuadas (porcentaje respecto a la población de 5 a 17 años)",NA,NA,NA,NA,4.8,NA,NA
"Social","Tlaxcala","Tasa de Quehaceres Domésticos en Condiciones no Adecuadas (porcentaje respecto a la población de 5 a 17 años)",NA,NA,NA,NA,4.7,NA,NA
"Social","Veracruz de Ignacio de la Llave","Tasa de Quehaceres Domésticos en Condiciones no Adecuadas (porcentaje respecto a la población de 5 a 17 años)",NA,NA,NA,NA,8.7,NA,NA
"Social","Yucatán","Tasa de Quehaceres Domésticos en Condiciones no Adecuadas (porcentaje respecto a la población de 5 a 17 años)",NA,NA,NA,NA,7.5,NA,NA
"Social","Zacatecas","Tasa de Quehaceres Domésticos en Condiciones no Adecuadas (porcentaje respecto a la población de 5 a 17 años)",NA,NA,NA,NA,8.9,NA,NA
"Económico","Aguascalientes","Tasa de Subocupación",NA,NA,NA,NA,NA,NA,2.158
"Económico","Baja California","Tasa de Subocupación",NA,NA,NA,NA,NA,NA,2.791
"Económico","Baja California Sur","Tasa de Subocupación",NA,NA,NA,NA,NA,NA,8.9171
"Económico","Campeche","Tasa de Subocupación",NA,NA,NA,NA,NA,NA,11.2502
"Económico","Coahuila de Zaragoza","Tasa de Subocupación",NA,NA,NA,NA,NA,NA,3.4398
"Económico","Colima","Tasa de Subocupación",NA,NA,NA,NA,NA,NA,4.5064
"Económico","Chiapas","Tasa de Subocupación",NA,NA,NA,NA,NA,NA,7.3537
"Económico","Chihuahua","Tasa de Subocupación",NA,NA,NA,NA,NA,NA,5.4046
"Económico","Ciudad de México","Tasa de Subocupación",NA,NA,NA,NA,NA,NA,9.6155
"Económico","Durango","Tasa de Subocupación",NA,NA,NA,NA,NA,NA,5.88
"Económico","Guanajuato","Tasa de Subocupación",NA,NA,NA,NA,NA,NA,11.3135
"Económico","Guerrero","Tasa de Subocupación",NA,NA,NA,NA,NA,NA,6.4522
"Económico","Hidalgo","Tasa de Subocupación",NA,NA,NA,NA,NA,NA,11.0087
"Económico","Jalisco","Tasa de Subocupación",NA,NA,NA,NA,NA,NA,1.8158
"Económico","México","Tasa de Subocupación",NA,NA,NA,NA,NA,NA,7.4045
"Económico","Michoacán de Ocampo","Tasa de Subocupación",NA,NA,NA,NA,NA,NA,9.7109
"Económico","Morelos","Tasa de Subocupación",NA,NA,NA,NA,NA,NA,4.3886
"Económico","Nayarit","Tasa de Subocupación",NA,NA,NA,NA,NA,NA,6.2734
"Económico","Nuevo León","Tasa de Subocupación",NA,NA,NA,NA,NA,NA,3.6708
"Económico","Oaxaca","Tasa de Subocupación",NA,NA,NA,NA,NA,NA,15.3421
"Económico","Puebla","Tasa de Subocupación",NA,NA,NA,NA,NA,NA,8.1923
"Económico","Querétaro","Tasa de Subocupación",NA,NA,NA,NA,NA,NA,2.1035
"Económico","Quintana Roo","Tasa de Subocupación",NA,NA,NA,NA,NA,NA,4.5254
"Económico","San Luis Potosí","Tasa de Subocupación",NA,NA,NA,NA,NA,NA,8.0006
"Económico","Sinaloa","Tasa de Subocupación",NA,NA,NA,NA,NA,NA,8.7195
"Económico","Sonora","Tasa de Subocupación",NA,NA,NA,NA,NA,NA,5.4976
"Económico","Tabasco","Tasa de Subocupación",NA,NA,NA,NA,NA,NA,11.008
"Económico","Tamaulipas","Tasa de Subocupación",NA,NA,NA,NA,NA,NA,11.0344
"Económico","Tlaxcala","Tasa de Subocupación",NA,NA,NA,NA,NA,NA,10.8604
"Económico","Veracruz de Ignacio de la Llave","Tasa de Subocupación",NA,NA,NA,NA,NA,NA,8.473
"Económico","Yucatán","Tasa de Subocupación",NA,NA,NA,NA,NA,NA,7.9217
"Económico","Zacatecas","Tasa de Subocupación",NA,NA,NA,NA,NA,NA,9.3413
"Económico","Aguascalientes","Tasa de Trabajo Asalariado",NA,NA,NA,NA,NA,NA,76.8579
"Económico","Baja California","Tasa de Trabajo Asalariado",NA,NA,NA,NA,NA,NA,72.9279
"Económico","Baja California Sur","Tasa de Trabajo Asalariado",NA,NA,NA,NA,NA,NA,76.1433
"Económico","Campeche","Tasa de Trabajo Asalariado",NA,NA,NA,NA,NA,NA,61.6365
"Económico","Coahuila de Zaragoza","Tasa de Trabajo Asalariado",NA,NA,NA,NA,NA,NA,77.3256
"Económico","Colima","Tasa de Trabajo Asalariado",NA,NA,NA,NA,NA,NA,68.0454
"Económico","Chiapas","Tasa de Trabajo Asalariado",NA,NA,NA,NA,NA,NA,46.9962
"Económico","Chihuahua","Tasa de Trabajo Asalariado",NA,NA,NA,NA,NA,NA,75.8447
"Económico","Ciudad de México","Tasa de Trabajo Asalariado",NA,NA,NA,NA,NA,NA,69.4959
"Económico","Durango","Tasa de Trabajo Asalariado",NA,NA,NA,NA,NA,NA,71.5955
"Económico","Guanajuato","Tasa de Trabajo Asalariado",NA,NA,NA,NA,NA,NA,69.4321
"Económico","Guerrero","Tasa de Trabajo Asalariado",NA,NA,NA,NA,NA,NA,43.8131
"Económico","Hidalgo","Tasa de Trabajo Asalariado",NA,NA,NA,NA,NA,NA,60.6503
"Económico","Jalisco","Tasa de Trabajo Asalariado",NA,NA,NA,NA,NA,NA,71.2372
"Económico","México","Tasa de Trabajo Asalariado",NA,NA,NA,NA,NA,NA,67.6674
"Económico","Michoacán de Ocampo","Tasa de Trabajo Asalariado",NA,NA,NA,NA,NA,NA,61.6728
"Económico","Morelos","Tasa de Trabajo Asalariado",NA,NA,NA,NA,NA,NA,62.3309
"Económico","Nayarit","Tasa de Trabajo Asalariado",NA,NA,NA,NA,NA,NA,63.1227
"Económico","Nuevo León","Tasa de Trabajo Asalariado",NA,NA,NA,NA,NA,NA,78.9874
"Económico","Oaxaca","Tasa de Trabajo Asalariado",NA,NA,NA,NA,NA,NA,42.8551
"Económico","Puebla","Tasa de Trabajo Asalariado",NA,NA,NA,NA,NA,NA,59.7411
"Económico","Querétaro","Tasa de Trabajo Asalariado",NA,NA,NA,NA,NA,NA,69.3927
"Económico","Quintana Roo","Tasa de Trabajo Asalariado",NA,NA,NA,NA,NA,NA,70.5725
"Económico","San Luis Potosí","Tasa de Trabajo Asalariado",NA,NA,NA,NA,NA,NA,66.8997
"Económico","Sinaloa","Tasa de Trabajo Asalariado",NA,NA,NA,NA,NA,NA,67.678
"Económico","Sonora","Tasa de Trabajo Asalariado",NA,NA,NA,NA,NA,NA,71.2436
"Económico","Tabasco","Tasa de Trabajo Asalariado",NA,NA,NA,NA,NA,NA,67.4433
"Económico","Tamaulipas","Tasa de Trabajo Asalariado",NA,NA,NA,NA,NA,NA,71.9109
"Económico","Tlaxcala","Tasa de Trabajo Asalariado",NA,NA,NA,NA,NA,NA,63.0779
"Económico","Veracruz de Ignacio de la Llave","Tasa de Trabajo Asalariado",NA,NA,NA,NA,NA,NA,61.4096
"Económico","Yucatán","Tasa de Trabajo Asalariado",NA,NA,NA,NA,NA,NA,65.5449
"Económico","Zacatecas","Tasa de Trabajo Asalariado",NA,NA,NA,NA,NA,NA,65.7451
"Social","Aguascalientes","Tasa de Trabajo Infantil (porcentaje respecto a la población de 5 a 17 años)",NA,NA,NA,NA,11.6,NA,NA
"Social","Baja California","Tasa de Trabajo Infantil (porcentaje respecto a la población de 5 a 17 años)",NA,NA,NA,NA,6.5,NA,NA
"Social","Baja California Sur","Tasa de Trabajo Infantil (porcentaje respecto a la población de 5 a 17 años)",NA,NA,NA,NA,13,NA,NA
"Social","Campeche","Tasa de Trabajo Infantil (porcentaje respecto a la población de 5 a 17 años)",NA,NA,NA,NA,12.6,NA,NA
"Social","Coahuila de Zaragoza","Tasa de Trabajo Infantil (porcentaje respecto a la población de 5 a 17 años)",NA,NA,NA,NA,6.4,NA,NA
"Social","Colima","Tasa de Trabajo Infantil (porcentaje respecto a la población de 5 a 17 años)",NA,NA,NA,NA,17,NA,NA
"Social","Chiapas","Tasa de Trabajo Infantil (porcentaje respecto a la población de 5 a 17 años)",NA,NA,NA,NA,20.8,NA,NA
"Social","Chihuahua","Tasa de Trabajo Infantil (porcentaje respecto a la población de 5 a 17 años)",NA,NA,NA,NA,10.1,NA,NA
"Social","Ciudad de México","Tasa de Trabajo Infantil (porcentaje respecto a la población de 5 a 17 años)",NA,NA,NA,NA,4,NA,NA
"Social","Durango","Tasa de Trabajo Infantil (porcentaje respecto a la población de 5 a 17 años)",NA,NA,NA,NA,13.1,NA,NA
"Social","Guanajuato","Tasa de Trabajo Infantil (porcentaje respecto a la población de 5 a 17 años)",NA,NA,NA,NA,15.9,NA,NA
"Social","Guerrero","Tasa de Trabajo Infantil (porcentaje respecto a la población de 5 a 17 años)",NA,NA,NA,NA,24.5,NA,NA
"Social","Hidalgo","Tasa de Trabajo Infantil (porcentaje respecto a la población de 5 a 17 años)",NA,NA,NA,NA,15.5,NA,NA
"Social","Jalisco","Tasa de Trabajo Infantil (porcentaje respecto a la población de 5 a 17 años)",NA,NA,NA,NA,15.4,NA,NA
"Social","México","Tasa de Trabajo Infantil (porcentaje respecto a la población de 5 a 17 años)",NA,NA,NA,NA,8.8,NA,NA
"Social","Michoacán de Ocampo","Tasa de Trabajo Infantil (porcentaje respecto a la población de 5 a 17 años)",NA,NA,NA,NA,18,NA,NA
"Social","Morelos","Tasa de Trabajo Infantil (porcentaje respecto a la población de 5 a 17 años)",NA,NA,NA,NA,10.4,NA,NA
"Social","Nayarit","Tasa de Trabajo Infantil (porcentaje respecto a la población de 5 a 17 años)",NA,NA,NA,NA,19.1,NA,NA
"Social","Nuevo León","Tasa de Trabajo Infantil (porcentaje respecto a la población de 5 a 17 años)",NA,NA,NA,NA,8.7,NA,NA
"Social","Oaxaca","Tasa de Trabajo Infantil (porcentaje respecto a la población de 5 a 17 años)",NA,NA,NA,NA,18.5,NA,NA
"Social","Puebla","Tasa de Trabajo Infantil (porcentaje respecto a la población de 5 a 17 años)",NA,NA,NA,NA,17.9,NA,NA
"Social","Querétaro","Tasa de Trabajo Infantil (porcentaje respecto a la población de 5 a 17 años)",NA,NA,NA,NA,7.1,NA,NA
"Social","Quintana Roo","Tasa de Trabajo Infantil (porcentaje respecto a la población de 5 a 17 años)",NA,NA,NA,NA,6.9,NA,NA
"Social","San Luis Potosí","Tasa de Trabajo Infantil (porcentaje respecto a la población de 5 a 17 años)",NA,NA,NA,NA,14.4,NA,NA
"Social","Sinaloa","Tasa de Trabajo Infantil (porcentaje respecto a la población de 5 a 17 años)",NA,NA,NA,NA,8.8,NA,NA
"Social","Sonora","Tasa de Trabajo Infantil (porcentaje respecto a la población de 5 a 17 años)",NA,NA,NA,NA,10.6,NA,NA
"Social","Tabasco","Tasa de Trabajo Infantil (porcentaje respecto a la población de 5 a 17 años)",NA,NA,NA,NA,15.1,NA,NA
"Social","Tamaulipas","Tasa de Trabajo Infantil (porcentaje respecto a la población de 5 a 17 años)",NA,NA,NA,NA,8.7,NA,NA
"Social","Tlaxcala","Tasa de Trabajo Infantil (porcentaje respecto a la población de 5 a 17 años)",NA,NA,NA,NA,10,NA,NA
"Social","Veracruz de Ignacio de la Llave","Tasa de Trabajo Infantil (porcentaje respecto a la población de 5 a 17 años)",NA,NA,NA,NA,16.3,NA,NA
"Social","Yucatán","Tasa de Trabajo Infantil (porcentaje respecto a la población de 5 a 17 años)",NA,NA,NA,NA,15,NA,NA
"Social","Zacatecas","Tasa de Trabajo Infantil (porcentaje respecto a la población de 5 a 17 años)",NA,NA,NA,NA,16.7,NA,NA
"Económico","Aguascalientes","Unidades Económicas",NA,67313.58,NA,NA,NA,NA,NA
"Económico","Baja California","Unidades Económicas",NA,127075.23,NA,NA,NA,NA,NA
"Económico","Baja California Sur","Unidades Económicas",NA,37718.13,NA,NA,NA,NA,NA
"Económico","Campeche","Unidades Económicas",NA,50886.01,NA,NA,NA,NA,NA
"Económico","Coahuila de Zaragoza","Unidades Económicas",NA,117978.82,NA,NA,NA,NA,NA
"Económico","Colima","Unidades Económicas",NA,41278.85,NA,NA,NA,NA,NA
"Económico","Chiapas","Unidades Económicas",NA,304825.13,NA,NA,NA,NA,NA
"Económico","Chihuahua","Unidades Económicas",NA,133240.28,NA,NA,NA,NA,NA
"Económico","Ciudad de México","Unidades Económicas",NA,459651,NA,NA,NA,NA,NA
"Económico","Durango","Unidades Económicas",NA,88534.74,NA,NA,NA,NA,NA
"Económico","Guanajuato","Unidades Económicas",NA,314325.69,NA,NA,NA,NA,NA
"Económico","Guerrero","Unidades Económicas",NA,244355.33,NA,NA,NA,NA,NA
"Económico","Hidalgo","Unidades Económicas",NA,180358.99,NA,NA,NA,NA,NA
"Económico","Jalisco","Unidades Económicas",NA,397119.5,NA,NA,NA,NA,NA
"Económico","México","Unidades Económicas",NA,767547,NA,NA,NA,NA,NA
"Económico","Michoacán de Ocampo","Unidades Económicas",NA,311008.27,NA,NA,NA,NA,NA
"Económico","Morelos","Unidades Económicas",NA,121094.49,NA,NA,NA,NA,NA
"Económico","Nayarit","Unidades Económicas",NA,75926.83,NA,NA,NA,NA,NA
"Económico","Nuevo León","Unidades Económicas",NA,180143.17,NA,NA,NA,NA,NA
"Económico","Oaxaca","Unidades Económicas",NA,318594.86,NA,NA,NA,NA,NA
"Económico","Puebla","Unidades Económicas",NA,405110.7,NA,NA,NA,NA,NA
"Económico","Querétaro","Unidades Económicas",NA,115532.47,NA,NA,NA,NA,NA
"Económico","Quintana Roo","Unidades Económicas",NA,70224.98,NA,NA,NA,NA,NA
"Económico","San Luis Potosí","Unidades Económicas",NA,148766.77,NA,NA,NA,NA,NA
"Económico","Sinaloa","Unidades Económicas",NA,137582.96,NA,NA,NA,NA,NA
"Económico","Sonora","Unidades Económicas",NA,123700.69,NA,NA,NA,NA,NA
"Económico","Tabasco","Unidades Económicas",NA,128327.16,NA,NA,NA,NA,NA
"Económico","Tamaulipas","Unidades Económicas",NA,141176.62,NA,NA,NA,NA,NA
"Económico","Tlaxcala","Unidades Económicas",NA,89075.65,NA,NA,NA,NA,NA
"Económico","Veracruz de Ignacio de la Llave","Unidades Económicas",NA,142976.86,NA,NA,NA,NA,NA
"Económico","Yucatán","Unidades Económicas",NA,93504.17,NA,NA,NA,NA,NA
"Económico","Zacatecas","Unidades Económicas",NA,NA,NA,NA,NA,NA,NA
"Económico","Aguascalientes","Valor de la Producción",NA,NA,NA,NA,NA,4727089.09,NA
"Económico","Baja California","Valor de la Producción",NA,NA,NA,NA,NA,26952121.24,NA
"Económico","Baja California Sur","Valor de la Producción",NA,NA,NA,NA,NA,7596906.74,NA
"Económico","Campeche","Valor de la Producción",NA,NA,NA,NA,NA,9536674.73,NA
"Económico","Coahuila de Zaragoza","Valor de la Producción",NA,NA,NA,NA,NA,9766798.64,NA
"Económico","Colima","Valor de la Producción",NA,NA,NA,NA,NA,13133313.03,NA
"Económico","Chiapas","Valor de la Producción",NA,NA,NA,NA,NA,23048612.76,NA
"Económico","Chihuahua","Valor de la Producción",NA,NA,NA,NA,NA,59475879.75,NA
"Económico","Ciudad de México","Valor de la Producción",NA,NA,NA,NA,NA,1768325.97,NA
"Económico","Durango","Valor de la Producción",NA,NA,NA,NA,NA,13243708.1,NA
"Económico","Guanajuato","Valor de la Producción",NA,NA,NA,NA,NA,52152921.28,NA
"Económico","Guerrero","Valor de la Producción",NA,NA,NA,NA,NA,21254637.61,NA
"Económico","Hidalgo","Valor de la Producción",NA,NA,NA,NA,NA,10150740.33,NA
"Económico","Jalisco","Valor de la Producción",NA,NA,NA,NA,NA,112334573.9,NA
"Económico","México","Valor de la Producción",NA,NA,NA,NA,NA,34986565.12,NA
"Económico","Michoacán de Ocampo","Valor de la Producción",NA,NA,NA,NA,NA,115748816.3,NA
"Económico","Morelos","Valor de la Producción",NA,NA,NA,NA,NA,10436445.73,NA
"Económico","Nayarit","Valor de la Producción",NA,NA,NA,NA,NA,16859588.17,NA
"Económico","Nuevo León","Valor de la Producción",NA,NA,NA,NA,NA,6389701.63,NA
"Económico","Oaxaca","Valor de la Producción",NA,NA,NA,NA,NA,29701729.51,NA
"Económico","Puebla","Valor de la Producción",NA,NA,NA,NA,NA,27527954.47,NA
"Económico","Querétaro","Valor de la Producción",NA,NA,NA,NA,NA,6073358.94,NA
"Económico","Quintana Roo","Valor de la Producción",NA,NA,NA,NA,NA,4948297.68,NA
"Económico","San Luis Potosí","Valor de la Producción",NA,NA,NA,NA,NA,26475216.72,NA
"Económico","Sinaloa","Valor de la Producción",NA,NA,NA,NA,NA,80187227.86,NA
"Económico","Sonora","Valor de la Producción",NA,NA,NA,NA,NA,68167934.91,NA
"Económico","Tabasco","Valor de la Producción",NA,NA,NA,NA,NA,8670761.15,NA
"Económico","Tamaulipas","Valor de la Producción",NA,NA,NA,NA,NA,27064556.55,NA
"Económico","Tlaxcala","Valor de la Producción",NA,NA,NA,NA,NA,4813954.33,NA
"Económico","Veracruz de Ignacio de la Llave","Valor de la Producción",NA,NA,NA,NA,NA,56861112.19,NA
"Económico","Yucatán","Valor de la Producción",NA,NA,NA,NA,NA,7449557.43,NA
"Económico","Zacatecas","Valor de la Producción",NA,NA,NA,NA,NA,24371939.93,NA
"Económico","Aguascalientes","Volumen de la Producción (toneladas)",NA,NA,NA,NA,NA,2404322.45,NA
"Económico","Baja California","Volumen de la Producción (toneladas)",NA,NA,NA,NA,NA,2591451.2,NA
"Económico","Baja California Sur","Volumen de la Producción (toneladas)",NA,NA,NA,NA,NA,797586.87,NA
"Económico","Campeche","Volumen de la Producción (toneladas)",NA,NA,NA,NA,NA,2622703.61,NA
"Económico","Coahuila de Zaragoza","Volumen de la Producción (toneladas)",NA,NA,NA,NA,NA,5085383.65,NA
"Económico","Colima","Volumen de la Producción (toneladas)",NA,NA,NA,NA,NA,3692806.62,NA
"Económico","Chiapas","Volumen de la Producción (toneladas)",NA,NA,NA,NA,NA,9331138.67,NA
"Económico","Chihuahua","Volumen de la Producción (toneladas)",NA,NA,NA,NA,NA,8592606.51,NA
"Económico","Ciudad de México","Volumen de la Producción (toneladas)",NA,NA,NA,NA,NA,18755221.77,NA
"Económico","Durango","Volumen de la Producción (toneladas)",NA,NA,NA,NA,NA,8036972.21,NA
"Económico","Guanajuato","Volumen de la Producción (toneladas)",NA,NA,NA,NA,NA,11129858.39,NA
"Económico","Guerrero","Volumen de la Producción (toneladas)",NA,NA,NA,NA,NA,6855761.2,NA
"Económico","Hidalgo","Volumen de la Producción (toneladas)",NA,NA,NA,NA,NA,6895026.57,NA
"Económico","Jalisco","Volumen de la Producción (toneladas)",NA,NA,NA,NA,NA,88460804.09,NA
"Económico","México","Volumen de la Producción (toneladas)",NA,NA,NA,NA,NA,63110063.82,NA
"Económico","Michoacán de Ocampo","Volumen de la Producción (toneladas)",NA,NA,NA,NA,NA,23509639.28,NA
"Económico","Morelos","Volumen de la Producción (toneladas)",NA,NA,NA,NA,NA,14170733.27,NA
"Económico","Nayarit","Volumen de la Producción (toneladas)",NA,NA,NA,NA,NA,146672927.2,NA
"Económico","Nuevo León","Volumen de la Producción (toneladas)",NA,NA,NA,NA,NA,3434863.17,NA
"Económico","Oaxaca","Volumen de la Producción (toneladas)",NA,NA,NA,NA,NA,23652202.7,NA
"Económico","Puebla","Volumen de la Producción (toneladas)",NA,NA,NA,NA,NA,17205860.05,NA
"Económico","Querétaro","Volumen de la Producción (toneladas)",NA,NA,NA,NA,NA,1943569.96,NA
"Económico","Quintana Roo","Volumen de la Producción (toneladas)",NA,NA,NA,NA,NA,2427199.6,NA
"Económico","San Luis Potosí","Volumen de la Producción (toneladas)",NA,NA,NA,NA,NA,11271502.53,NA
"Económico","Sinaloa","Volumen de la Producción (toneladas)",NA,NA,NA,NA,NA,12423764.07,NA
"Económico","Sonora","Volumen de la Producción (toneladas)",NA,NA,NA,NA,NA,7453667.7,NA
"Económico","Tabasco","Volumen de la Producción (toneladas)",NA,NA,NA,NA,NA,3828516.05,NA
"Económico","Tamaulipas","Volumen de la Producción (toneladas)",NA,NA,NA,NA,NA,8738272.4,NA
"Económico","Tlaxcala","Volumen de la Producción (toneladas)",NA,NA,NA,NA,NA,29614172.79,NA
"Económico","Veracruz de Ignacio de la Llave","Volumen de la Producción (toneladas)",NA,NA,NA,NA,NA,31765455.99,NA
"Económico","Yucatán","Volumen de la Producción (toneladas)",NA,NA,NA,NA,NA,6059536.95,NA
"Económico","Zacatecas","Volumen de la Producción (toneladas)",NA,NA,NA,NA,NA,6041121.58,NA
"Medio Ambiente","Aguascalientes","Volumen tratado en las PTARs  (Millones m3)",NA,NA,NA,NA,NA,NA,112.6196
"Medio Ambiente","Baja California","Volumen tratado en las PTARs  (Millones m3)",NA,NA,NA,NA,NA,NA,157.761155
"Medio Ambiente","Baja California Sur","Volumen tratado en las PTARs  (Millones m3)",NA,NA,NA,NA,NA,NA,72.8677
"Medio Ambiente","Campeche","Volumen tratado en las PTARs  (Millones m3)",NA,NA,NA,NA,NA,NA,174.4565213
"Medio Ambiente","Coahuila de Zaragoza","Volumen tratado en las PTARs  (Millones m3)",NA,NA,NA,NA,NA,NA,151.217332
"Medio Ambiente","Colima","Volumen tratado en las PTARs  (Millones m3)",NA,NA,NA,NA,NA,NA,64.82108
"Medio Ambiente","Chiapas","Volumen tratado en las PTARs  (Millones m3)",NA,NA,NA,NA,NA,NA,27.448914
"Medio Ambiente","Chihuahua","Volumen tratado en las PTARs  (Millones m3)",NA,NA,NA,NA,NA,NA,223.405
"Medio Ambiente","Ciudad de México","Volumen tratado en las PTARs  (Millones m3)",NA,NA,NA,NA,NA,NA,79
"Medio Ambiente","Durango","Volumen tratado en las PTARs  (Millones m3)",NA,NA,NA,NA,NA,NA,82.8113
"Medio Ambiente","Guanajuato","Volumen tratado en las PTARs  (Millones m3)",NA,NA,NA,NA,NA,NA,4468.63
"Medio Ambiente","Guerrero","Volumen tratado en las PTARs  (Millones m3)",NA,NA,NA,NA,NA,NA,47.10041808
"Medio Ambiente","Hidalgo","Volumen tratado en las PTARs  (Millones m3)",NA,NA,NA,NA,NA,NA,61.6308931
"Medio Ambiente","Jalisco","Volumen tratado en las PTARs  (Millones m3)",NA,NA,NA,NA,NA,NA,337.7047714
"Medio Ambiente","México","Volumen tratado en las PTARs  (Millones m3)",NA,NA,NA,NA,NA,NA,141.034158
"Medio Ambiente","Michoacán de Ocampo","Volumen tratado en las PTARs  (Millones m3)",NA,NA,NA,NA,NA,NA,92.460399
"Medio Ambiente","Morelos","Volumen tratado en las PTARs  (Millones m3)",NA,NA,NA,NA,NA,NA,108.1808409
"Medio Ambiente","Nayarit","Volumen tratado en las PTARs  (Millones m3)",NA,NA,NA,NA,NA,NA,1651.3
"Medio Ambiente","Nuevo León","Volumen tratado en las PTARs  (Millones m3)",NA,NA,NA,NA,NA,NA,322.237
"Medio Ambiente","Oaxaca","Volumen tratado en las PTARs  (Millones m3)",NA,NA,NA,NA,NA,NA,6.600415
"Medio Ambiente","Puebla","Volumen tratado en las PTARs  (Millones m3)",NA,NA,NA,NA,NA,NA,225.8566
"Medio Ambiente","Querétaro","Volumen tratado en las PTARs  (Millones m3)",NA,NA,NA,NA,NA,NA,74.52900038
"Medio Ambiente","Quintana Roo","Volumen tratado en las PTARs  (Millones m3)",NA,NA,NA,NA,NA,NA,57.678
"Medio Ambiente","San Luis Potosí","Volumen tratado en las PTARs  (Millones m3)",NA,NA,NA,NA,NA,NA,83.13846
"Medio Ambiente","Sinaloa","Volumen tratado en las PTARs  (Millones m3)",NA,NA,NA,NA,NA,NA,180.12
"Medio Ambiente","Sonora","Volumen tratado en las PTARs  (Millones m3)",NA,NA,NA,NA,NA,NA,226.5041664
"Medio Ambiente","Tabasco","Volumen tratado en las PTARs  (Millones m3)",NA,NA,NA,NA,NA,NA,45.5838464
"Medio Ambiente","Tamaulipas","Volumen tratado en las PTARs  (Millones m3)",NA,NA,NA,NA,NA,NA,125.305458
"Medio Ambiente","Tlaxcala","Volumen tratado en las PTARs  (Millones m3)",NA,NA,NA,NA,NA,NA,36.25725456
"Medio Ambiente","Veracruz de Ignacio de la Llave","Volumen tratado en las PTARs  (Millones m3)",NA,NA,NA,NA,NA,NA,314.8932583
"Medio Ambiente","Yucatán","Volumen tratado en las PTARs  (Millones m3)",NA,NA,NA,NA,NA,NA,24.91
"Medio Ambiente","Zacatecas","Volumen tratado en las PTARs  (Millones m3)",NA,NA,NA,NA,NA,NA,5.92132145
