"Tema","Entidad","Indicador","link.de.consulta","2016","2018","2020","2021","2022","2023","2024","2025"
"Gobierno","Aguascalientes","Confianza en el Gobierno Estatal","https://www.inegi.org.mx/programas/encig/2023/#tabulados",NA,NA,NA,47.1,NA,57.6,NA,49.7328537026124
"Gobierno","Baja California","Confianza en el Gobierno Estatal","https://www.inegi.org.mx/programas/encig/2023/#tabulados",NA,NA,NA,37,NA,39.7,NA,27.6166030211792
"Gobierno","Baja California Sur","Confianza en el Gobierno Estatal","https://www.inegi.org.mx/programas/encig/2023/#tabulados",NA,NA,NA,37.9,NA,49.8,NA,29.802186257695
"Gobierno","Campeche","Confianza en el Gobierno Estatal","https://www.inegi.org.mx/programas/encig/2023/#tabulados",NA,NA,NA,58.2,NA,47.5,NA,45.33598985691
"Gobierno","Coahuila de Zaragoza","Confianza en el Gobierno Estatal","https://www.inegi.org.mx/programas/encig/2023/#tabulados",NA,NA,NA,58.8,NA,58.5,NA,59.3426024141618
"Gobierno","Colima","Confianza en el Gobierno Estatal","https://www.inegi.org.mx/programas/encig/2023/#tabulados",NA,NA,NA,42.9,NA,49.7,NA,37.8555514757647
"Gobierno","Chiapas","Confianza en el Gobierno Estatal","https://www.inegi.org.mx/programas/encig/2023/#tabulados",NA,NA,NA,52,NA,38.5,NA,48.1480351593037
"Gobierno","Chihuahua","Confianza en el Gobierno Estatal","https://www.inegi.org.mx/programas/encig/2023/#tabulados",NA,NA,NA,43.1,NA,44.7,NA,41.4985438817338
"Gobierno","Ciudad de México","Confianza en el Gobierno Estatal","https://www.inegi.org.mx/programas/encig/2023/#tabulados",NA,NA,NA,48.2,NA,45.5,NA,39.6646070572469
"Gobierno","Durango","Confianza en el Gobierno Estatal","https://www.inegi.org.mx/programas/encig/2023/#tabulados",NA,NA,NA,49.4,NA,54.6,NA,42.6224467272048
"Gobierno","Guanajuato","Confianza en el Gobierno Estatal","https://www.inegi.org.mx/programas/encig/2023/#tabulados",NA,NA,NA,50.7,NA,46.7,NA,43.5721830847787
"Gobierno","Guerrero","Confianza en el Gobierno Estatal","https://www.inegi.org.mx/programas/encig/2023/#tabulados",NA,NA,NA,52.8,NA,58.3,NA,34.5499547501445
"Gobierno","Hidalgo","Confianza en el Gobierno Estatal","https://www.inegi.org.mx/programas/encig/2023/#tabulados",NA,NA,NA,46.4,NA,55.2,NA,41.0336075617014
"Gobierno","Jalisco","Confianza en el Gobierno Estatal","https://www.inegi.org.mx/programas/encig/2023/#tabulados",NA,NA,NA,38,NA,41.7,NA,38.8326065458164
"Gobierno","México","Confianza en el Gobierno Estatal","https://www.inegi.org.mx/programas/encig/2023/#tabulados",NA,NA,NA,34.1,NA,44.2,NA,35.9861893358792
"Gobierno","Michoacán de Ocampo","Confianza en el Gobierno Estatal","https://www.inegi.org.mx/programas/encig/2023/#tabulados",NA,NA,NA,38.3,NA,38.9,NA,27.661518334959
"Gobierno","Morelos","Confianza en el Gobierno Estatal","https://www.inegi.org.mx/programas/encig/2023/#tabulados",NA,NA,NA,33.7,NA,35.1,NA,39.5267445666625
"Gobierno","Nayarit","Confianza en el Gobierno Estatal","https://www.inegi.org.mx/programas/encig/2023/#tabulados",NA,NA,NA,60.3,NA,56.7,NA,41.6795733269051
"Gobierno","Nuevo León","Confianza en el Gobierno Estatal","https://www.inegi.org.mx/programas/encig/2023/#tabulados",NA,NA,NA,60.4,NA,57.2,NA,59.7611453171506
"Gobierno","Oaxaca","Confianza en el Gobierno Estatal","https://www.inegi.org.mx/programas/encig/2023/#tabulados",NA,NA,NA,38.5,NA,45.4,NA,32.5533227569188
"Gobierno","Puebla","Confianza en el Gobierno Estatal","https://www.inegi.org.mx/programas/encig/2023/#tabulados",NA,NA,NA,43.5,NA,54.1,NA,33.2252633144911
"Gobierno","Querétaro","Confianza en el Gobierno Estatal","https://www.inegi.org.mx/programas/encig/2023/#tabulados",NA,NA,NA,56.8,NA,54.1,NA,51.9492254949835
"Gobierno","Quintana Roo","Confianza en el Gobierno Estatal","https://www.inegi.org.mx/programas/encig/2023/#tabulados",NA,NA,NA,39.5,NA,53,NA,41.8180458862113
"Gobierno","San Luis Potosí","Confianza en el Gobierno Estatal","https://www.inegi.org.mx/programas/encig/2023/#tabulados",NA,NA,NA,56.2,NA,53.8,NA,44.8233694219842
"Gobierno","Sinaloa","Confianza en el Gobierno Estatal","https://www.inegi.org.mx/programas/encig/2023/#tabulados",NA,NA,NA,55.1,NA,56,NA,26.9951669706822
"Gobierno","Sonora","Confianza en el Gobierno Estatal","https://www.inegi.org.mx/programas/encig/2023/#tabulados",NA,NA,NA,44.5,NA,53.2,NA,37.8137581250984
"Gobierno","Tabasco","Confianza en el Gobierno Estatal","https://www.inegi.org.mx/programas/encig/2023/#tabulados",NA,NA,NA,42.4,NA,46.5,NA,47.0770530691074
"Gobierno","Tamaulipas","Confianza en el Gobierno Estatal","https://www.inegi.org.mx/programas/encig/2023/#tabulados",NA,NA,NA,43.4,NA,62.9,NA,45.698490394846
"Gobierno","Tlaxcala","Confianza en el Gobierno Estatal","https://www.inegi.org.mx/programas/encig/2023/#tabulados",NA,NA,NA,50.9,NA,54.3,NA,37.0355397495033
"Gobierno","Veracruz de Ignacio de la Llave","Confianza en el Gobierno Estatal","https://www.inegi.org.mx/programas/encig/2023/#tabulados",NA,NA,NA,47.5,NA,41.6,NA,34.7551034331047
"Gobierno","Yucatán","Confianza en el Gobierno Estatal","https://www.inegi.org.mx/programas/encig/2023/#tabulados",NA,NA,NA,60.6,NA,61.5,NA,45.9503366196529
"Gobierno","Zacatecas","Confianza en el Gobierno Estatal","https://www.inegi.org.mx/programas/encig/2023/#tabulados",NA,NA,NA,35.6,NA,36.6,NA,22.390632992933
"Económico","Aguascalientes","Ingreso corriente promedio trimestral por hogar","https://www.inegi.org.mx/programas/enigh/nc/2024/#tabulados",NA,NA,NA,NA,86516.9294991421,NA,89819.456933644,NA
"Económico","Aguascalientes","Gasto corriente promedio trimestral por hogar","https://www.inegi.org.mx/programas/enigh/nc/2024/#tabulados",NA,NA,NA,NA,50078.4336026027,NA,53869.6382073209,NA
"Económico","Baja California","Ingreso corriente promedio trimestral por hogar","https://www.inegi.org.mx/programas/enigh/nc/2024/#tabulados",NA,NA,NA,NA,98258.0197317774,NA,101187.423594563,NA
"Económico","Baja California","Gasto corriente promedio trimestral por hogar","https://www.inegi.org.mx/programas/enigh/nc/2024/#tabulados",NA,NA,NA,NA,55602.0028717904,NA,55268.9155687417,NA
"Económico","Baja California Sur","Ingreso corriente promedio trimestral por hogar","https://www.inegi.org.mx/programas/enigh/nc/2024/#tabulados",NA,NA,NA,NA,101026.209708634,NA,104727.724040704,NA
"Económico","Baja California Sur","Gasto corriente promedio trimestral por hogar","https://www.inegi.org.mx/programas/enigh/nc/2024/#tabulados",NA,NA,NA,NA,53264.7835233581,NA,55939.0521297954,NA
"Económico","Campeche","Ingreso corriente promedio trimestral por hogar","https://www.inegi.org.mx/programas/enigh/nc/2024/#tabulados",NA,NA,NA,NA,63497.9869482224,NA,66235.7671024304,NA
"Económico","Campeche","Gasto corriente promedio trimestral por hogar","https://www.inegi.org.mx/programas/enigh/nc/2024/#tabulados",NA,NA,NA,NA,39536.0157229675,NA,41573.6328407466,NA
"Económico","Coahuila de Zaragoza","Ingreso corriente promedio trimestral por hogar","https://www.inegi.org.mx/programas/enigh/nc/2024/#tabulados",NA,NA,NA,NA,83022.5063704869,NA,87651.7744057107,NA
"Económico","Coahuila de Zaragoza","Gasto corriente promedio trimestral por hogar","https://www.inegi.org.mx/programas/enigh/nc/2024/#tabulados",NA,NA,NA,NA,48630.4399687799,NA,50500.556520694,NA
"Económico","Colima","Ingreso corriente promedio trimestral por hogar","https://www.inegi.org.mx/programas/enigh/nc/2024/#tabulados",NA,NA,NA,NA,76607.2192825299,NA,86241.1885160266,NA
"Económico","Colima","Gasto corriente promedio trimestral por hogar","https://www.inegi.org.mx/programas/enigh/nc/2024/#tabulados",NA,NA,NA,NA,47648.668450775,NA,52016.2622925056,NA
"Económico","Chiapas","Ingreso corriente promedio trimestral por hogar","https://www.inegi.org.mx/programas/enigh/nc/2024/#tabulados",NA,NA,NA,NA,44033.0233888079,NA,41083.7712658137,NA
"Económico","Chiapas","Gasto corriente promedio trimestral por hogar","https://www.inegi.org.mx/programas/enigh/nc/2024/#tabulados",NA,NA,NA,NA,28669.8075591063,NA,27117.6689692445,NA
"Económico","Chihuahua","Ingreso corriente promedio trimestral por hogar","https://www.inegi.org.mx/programas/enigh/nc/2024/#tabulados",NA,NA,NA,NA,90540.9670888793,NA,92363.3416910891,NA
"Económico","Chihuahua","Gasto corriente promedio trimestral por hogar","https://www.inegi.org.mx/programas/enigh/nc/2024/#tabulados",NA,NA,NA,NA,44310.4717993905,NA,46880.50869035,NA
"Económico","Ciudad de México","Ingreso corriente promedio trimestral por hogar","https://www.inegi.org.mx/programas/enigh/nc/2024/#tabulados",NA,NA,NA,NA,98697.9030713318,NA,110684.847460914,NA
"Económico","Ciudad de México","Gasto corriente promedio trimestral por hogar","https://www.inegi.org.mx/programas/enigh/nc/2024/#tabulados",NA,NA,NA,NA,65088.5177144294,NA,66383.138326915,NA
"Económico","Durango","Ingreso corriente promedio trimestral por hogar","https://www.inegi.org.mx/programas/enigh/nc/2024/#tabulados",NA,NA,NA,NA,63234.4627432462,NA,69589.0916280382,NA
"Económico","Durango","Gasto corriente promedio trimestral por hogar","https://www.inegi.org.mx/programas/enigh/nc/2024/#tabulados",NA,NA,NA,NA,39378.7939577639,NA,42456.3502509658,NA
"Económico","Guanajuato","Ingreso corriente promedio trimestral por hogar","https://www.inegi.org.mx/programas/enigh/nc/2024/#tabulados",NA,NA,NA,NA,66416.9631537111,NA,74544.7484356233,NA
"Económico","Guanajuato","Gasto corriente promedio trimestral por hogar","https://www.inegi.org.mx/programas/enigh/nc/2024/#tabulados",NA,NA,NA,NA,40290.9693164881,NA,45569.5167070112,NA
"Económico","Guerrero","Ingreso corriente promedio trimestral por hogar","https://www.inegi.org.mx/programas/enigh/nc/2024/#tabulados",NA,NA,NA,NA,46142.952702687,NA,48547.9912159928,NA
"Económico","Guerrero","Gasto corriente promedio trimestral por hogar","https://www.inegi.org.mx/programas/enigh/nc/2024/#tabulados",NA,NA,NA,NA,33728.5983575231,NA,34566.4107100241,NA
"Económico","Hidalgo","Ingreso corriente promedio trimestral por hogar","https://www.inegi.org.mx/programas/enigh/nc/2024/#tabulados",NA,NA,NA,NA,58829.6495576758,NA,59460.7850570816,NA
"Económico","Hidalgo","Gasto corriente promedio trimestral por hogar","https://www.inegi.org.mx/programas/enigh/nc/2024/#tabulados",NA,NA,NA,NA,37668.4487822878,NA,36414.4698326987,NA
"Económico","Jalisco","Ingreso corriente promedio trimestral por hogar","https://www.inegi.org.mx/programas/enigh/nc/2024/#tabulados",NA,NA,NA,NA,79285.6802407912,NA,87198.982104813,NA
"Económico","Jalisco","Gasto corriente promedio trimestral por hogar","https://www.inegi.org.mx/programas/enigh/nc/2024/#tabulados",NA,NA,NA,NA,49392.1649658734,NA,56015.2789827588,NA
"Económico","México","Ingreso corriente promedio trimestral por hogar","https://www.inegi.org.mx/programas/enigh/nc/2024/#tabulados",NA,NA,NA,NA,63248.4143896309,NA,74161.7932716856,NA
"Económico","México","Gasto corriente promedio trimestral por hogar","https://www.inegi.org.mx/programas/enigh/nc/2024/#tabulados",NA,NA,NA,NA,42711.0878914801,NA,49594.734460579,NA
"Económico","Michoacán de Ocampo","Ingreso corriente promedio trimestral por hogar","https://www.inegi.org.mx/programas/enigh/nc/2024/#tabulados",NA,NA,NA,NA,62945.8110823788,NA,68233.8790480951,NA
"Económico","Michoacán de Ocampo","Gasto corriente promedio trimestral por hogar","https://www.inegi.org.mx/programas/enigh/nc/2024/#tabulados",NA,NA,NA,NA,44355.033118725,NA,45650.8558689632,NA
"Económico","Morelos","Ingreso corriente promedio trimestral por hogar","https://www.inegi.org.mx/programas/enigh/nc/2024/#tabulados",NA,NA,NA,NA,63255.1097743224,NA,66194.7129545029,NA
"Económico","Morelos","Gasto corriente promedio trimestral por hogar","https://www.inegi.org.mx/programas/enigh/nc/2024/#tabulados",NA,NA,NA,NA,42004.5273601724,NA,42253.2941213444,NA
"Económico","Nayarit","Ingreso corriente promedio trimestral por hogar","https://www.inegi.org.mx/programas/enigh/nc/2024/#tabulados",NA,NA,NA,NA,72192.2159455318,NA,74601.1312547148,NA
"Económico","Nayarit","Gasto corriente promedio trimestral por hogar","https://www.inegi.org.mx/programas/enigh/nc/2024/#tabulados",NA,NA,NA,NA,42946.3744557953,NA,44716.8061585399,NA
"Económico","Nuevo León","Ingreso corriente promedio trimestral por hogar","https://www.inegi.org.mx/programas/enigh/nc/2024/#tabulados",NA,NA,NA,NA,95059.6116786873,NA,117033.881116807,NA
"Económico","Nuevo León","Gasto corriente promedio trimestral por hogar","https://www.inegi.org.mx/programas/enigh/nc/2024/#tabulados",NA,NA,NA,NA,53482.6275449025,NA,59192.2417320831,NA
"Económico","Oaxaca","Ingreso corriente promedio trimestral por hogar","https://www.inegi.org.mx/programas/enigh/nc/2024/#tabulados",NA,NA,NA,NA,47898.8156214976,NA,52024.8931632056,NA
"Económico","Oaxaca","Gasto corriente promedio trimestral por hogar","https://www.inegi.org.mx/programas/enigh/nc/2024/#tabulados",NA,NA,NA,NA,29393.1272044633,NA,34107.3497327632,NA
"Económico","Puebla","Ingreso corriente promedio trimestral por hogar","https://www.inegi.org.mx/programas/enigh/nc/2024/#tabulados",NA,NA,NA,NA,54574.4211745512,NA,62161.6394297658,NA
"Económico","Puebla","Gasto corriente promedio trimestral por hogar","https://www.inegi.org.mx/programas/enigh/nc/2024/#tabulados",NA,NA,NA,NA,37604.0453460908,NA,41720.1697192334,NA
"Económico","Querétaro","Ingreso corriente promedio trimestral por hogar","https://www.inegi.org.mx/programas/enigh/nc/2024/#tabulados",NA,NA,NA,NA,82834.3472352542,NA,97614.6432849339,NA
"Económico","Querétaro","Gasto corriente promedio trimestral por hogar","https://www.inegi.org.mx/programas/enigh/nc/2024/#tabulados",NA,NA,NA,NA,53849.5981176177,NA,61592.7683698971,NA
"Económico","Quintana Roo","Ingreso corriente promedio trimestral por hogar","https://www.inegi.org.mx/programas/enigh/nc/2024/#tabulados",NA,NA,NA,NA,79460.0280462978,NA,88754.4153171272,NA
"Económico","Quintana Roo","Gasto corriente promedio trimestral por hogar","https://www.inegi.org.mx/programas/enigh/nc/2024/#tabulados",NA,NA,NA,NA,50995.4516278297,NA,53666.9784587952,NA
"Económico","San Luis Potosí","Ingreso corriente promedio trimestral por hogar","https://www.inegi.org.mx/programas/enigh/nc/2024/#tabulados",NA,NA,NA,NA,66466.2194503516,NA,73204.9674211823,NA
"Económico","San Luis Potosí","Gasto corriente promedio trimestral por hogar","https://www.inegi.org.mx/programas/enigh/nc/2024/#tabulados",NA,NA,NA,NA,42624.5837273752,NA,47044.7975417591,NA
"Económico","Sinaloa","Ingreso corriente promedio trimestral por hogar","https://www.inegi.org.mx/programas/enigh/nc/2024/#tabulados",NA,NA,NA,NA,79444.6000930412,NA,82837.0390308593,NA
"Económico","Sinaloa","Gasto corriente promedio trimestral por hogar","https://www.inegi.org.mx/programas/enigh/nc/2024/#tabulados",NA,NA,NA,NA,47421.5950094275,NA,48557.018631594,NA
"Económico","Sonora","Ingreso corriente promedio trimestral por hogar","https://www.inegi.org.mx/programas/enigh/nc/2024/#tabulados",NA,NA,NA,NA,83182.3565312065,NA,94721.4940240843,NA
"Económico","Sonora","Gasto corriente promedio trimestral por hogar","https://www.inegi.org.mx/programas/enigh/nc/2024/#tabulados",NA,NA,NA,NA,46876.870685733,NA,51335.505519254,NA
"Económico","Tabasco","Ingreso corriente promedio trimestral por hogar","https://www.inegi.org.mx/programas/enigh/nc/2024/#tabulados",NA,NA,NA,NA,57571.3075770152,NA,65000.5569398917,NA
"Económico","Tabasco","Gasto corriente promedio trimestral por hogar","https://www.inegi.org.mx/programas/enigh/nc/2024/#tabulados",NA,NA,NA,NA,35391.7434324129,NA,39507.6590293957,NA
"Económico","Tamaulipas","Ingreso corriente promedio trimestral por hogar","https://www.inegi.org.mx/programas/enigh/nc/2024/#tabulados",NA,NA,NA,NA,70197.5952601157,NA,77302.2871528748,NA
"Económico","Tamaulipas","Gasto corriente promedio trimestral por hogar","https://www.inegi.org.mx/programas/enigh/nc/2024/#tabulados",NA,NA,NA,NA,43654.746912963,NA,44844.2833395268,NA
"Económico","Tlaxcala","Ingreso corriente promedio trimestral por hogar","https://www.inegi.org.mx/programas/enigh/nc/2024/#tabulados",NA,NA,NA,NA,51160.9419447669,NA,58833.8954117987,NA
"Económico","Tlaxcala","Gasto corriente promedio trimestral por hogar","https://www.inegi.org.mx/programas/enigh/nc/2024/#tabulados",NA,NA,NA,NA,36416.9806475408,NA,40047.9230034263,NA
"Económico","Veracruz de Ignacio de la Llave","Ingreso corriente promedio trimestral por hogar","https://www.inegi.org.mx/programas/enigh/nc/2024/#tabulados",NA,NA,NA,NA,49329.0278962025,NA,53030.4179857877,NA
"Económico","Veracruz de Ignacio de la Llave","Gasto corriente promedio trimestral por hogar","https://www.inegi.org.mx/programas/enigh/nc/2024/#tabulados",NA,NA,NA,NA,32386.5432496857,NA,34461.3780322785,NA
"Económico","Yucatán","Ingreso corriente promedio trimestral por hogar","https://www.inegi.org.mx/programas/enigh/nc/2024/#tabulados",NA,NA,NA,NA,68927.2417876402,NA,79972.1084247346,NA
"Económico","Yucatán","Gasto corriente promedio trimestral por hogar","https://www.inegi.org.mx/programas/enigh/nc/2024/#tabulados",NA,NA,NA,NA,42079.4307811748,NA,51255.0876705121,NA
"Económico","Zacatecas","Ingreso corriente promedio trimestral por hogar","https://www.inegi.org.mx/programas/enigh/nc/2024/#tabulados",NA,NA,NA,NA,55405.3853505096,NA,60291.9710762925,NA
"Económico","Zacatecas","Gasto corriente promedio trimestral por hogar","https://www.inegi.org.mx/programas/enigh/nc/2024/#tabulados",NA,NA,NA,NA,38527.205199604,NA,39860.253319948,NA
"Gobierno","Aguascalientes","Nivel de satisfacción general con los servicios públicos básicos y bajo demanda","https://www.inegi.org.mx/programas/encig/2025/#tabulados",NA,NA,NA,53.6707510015603,NA,55.4503913609092,NA,54.15788805686
"Gobierno","Baja California","Nivel de satisfacción general con los servicios públicos básicos y bajo demanda","https://www.inegi.org.mx/programas/encig/2025/#tabulados",NA,NA,NA,49.2681854049081,NA,52.2776871485192,NA,48.1567986363026
"Gobierno","Baja California Sur","Nivel de satisfacción general con los servicios públicos básicos y bajo demanda","https://www.inegi.org.mx/programas/encig/2025/#tabulados",NA,NA,NA,49.3819112658909,NA,55.552570592026,NA,40.8225422838065
"Gobierno","Campeche","Nivel de satisfacción general con los servicios públicos básicos y bajo demanda","https://www.inegi.org.mx/programas/encig/2025/#tabulados",NA,NA,NA,47.948124245972,NA,51.7866752491191,NA,54.0802255756318
"Gobierno","Coahuila de Zaragoza","Nivel de satisfacción general con los servicios públicos básicos y bajo demanda","https://www.inegi.org.mx/programas/encig/2025/#tabulados",NA,NA,NA,59.6390760956969,NA,56.6948896462817,NA,58.3327372010397
"Gobierno","Colima","Nivel de satisfacción general con los servicios públicos básicos y bajo demanda","https://www.inegi.org.mx/programas/encig/2025/#tabulados",NA,NA,NA,54.0744469995399,NA,58.1686821755038,NA,56.8033436426903
"Gobierno","Chiapas","Nivel de satisfacción general con los servicios públicos básicos y bajo demanda","https://www.inegi.org.mx/programas/encig/2025/#tabulados",NA,NA,NA,45.2509926348838,NA,42.9597075558277,NA,45.4421717960796
"Gobierno","Chihuahua","Nivel de satisfacción general con los servicios públicos básicos y bajo demanda","https://www.inegi.org.mx/programas/encig/2025/#tabulados",NA,NA,NA,50.9118909638494,NA,52.3329147310357,NA,50.0930114008873
"Gobierno","Ciudad de México","Nivel de satisfacción general con los servicios públicos básicos y bajo demanda","https://www.inegi.org.mx/programas/encig/2025/#tabulados",NA,NA,NA,47.0706873203442,NA,52.7100611200941,NA,48.9484338795749
"Gobierno","Durango","Nivel de satisfacción general con los servicios públicos básicos y bajo demanda","https://www.inegi.org.mx/programas/encig/2025/#tabulados",NA,NA,NA,54.8987893963728,NA,51.1359663110008,NA,52.9740637591438
"Gobierno","Guanajuato","Nivel de satisfacción general con los servicios públicos básicos y bajo demanda","https://www.inegi.org.mx/programas/encig/2025/#tabulados",NA,NA,NA,59.3589726645878,NA,60.2374459735226,NA,55.7704326347466
"Gobierno","Guerrero","Nivel de satisfacción general con los servicios públicos básicos y bajo demanda","https://www.inegi.org.mx/programas/encig/2025/#tabulados",NA,NA,NA,32.7328190469687,NA,42.3585468930202,NA,36.5362014090502
"Gobierno","Hidalgo","Nivel de satisfacción general con los servicios públicos básicos y bajo demanda","https://www.inegi.org.mx/programas/encig/2025/#tabulados",NA,NA,NA,47.4448612153038,NA,46.775615050498,NA,41.3878278668004
"Gobierno","Jalisco","Nivel de satisfacción general con los servicios públicos básicos y bajo demanda","https://www.inegi.org.mx/programas/encig/2025/#tabulados",NA,NA,NA,48.3484589932397,NA,51.5837083880012,NA,47.931077894846
"Gobierno","México","Nivel de satisfacción general con los servicios públicos básicos y bajo demanda","https://www.inegi.org.mx/programas/encig/2025/#tabulados",NA,NA,NA,40.5993362899776,NA,43.2205611345484,NA,40.2321537998257
"Gobierno","Michoacán de Ocampo","Nivel de satisfacción general con los servicios públicos básicos y bajo demanda","https://www.inegi.org.mx/programas/encig/2025/#tabulados",NA,NA,NA,46.6516855960711,NA,47.9462240275889,NA,47.5183630005483
"Gobierno","Morelos","Nivel de satisfacción general con los servicios públicos básicos y bajo demanda","https://www.inegi.org.mx/programas/encig/2025/#tabulados",NA,NA,NA,44.4858612036849,NA,49.1569444178424,NA,45.4059859921499
"Gobierno","Nayarit","Nivel de satisfacción general con los servicios públicos básicos y bajo demanda","https://www.inegi.org.mx/programas/encig/2025/#tabulados",NA,NA,NA,57.2402011197696,NA,61.5948440889948,NA,56.6309855603879
"Gobierno","Nuevo León","Nivel de satisfacción general con los servicios públicos básicos y bajo demanda","https://www.inegi.org.mx/programas/encig/2025/#tabulados",NA,NA,NA,61.0398071977744,NA,52.859957233283,NA,56.0612236524666
"Gobierno","Oaxaca","Nivel de satisfacción general con los servicios públicos básicos y bajo demanda","https://www.inegi.org.mx/programas/encig/2025/#tabulados",NA,NA,NA,38.534117859886,NA,42.7928762934104,NA,42.201773289894
"Gobierno","Puebla","Nivel de satisfacción general con los servicios públicos básicos y bajo demanda","https://www.inegi.org.mx/programas/encig/2025/#tabulados",NA,NA,NA,43.7269288915142,NA,46.1772423530055,NA,40.0837772483558
"Gobierno","Querétaro","Nivel de satisfacción general con los servicios públicos básicos y bajo demanda","https://www.inegi.org.mx/programas/encig/2025/#tabulados",NA,NA,NA,56.5697481280102,NA,51.3957176285636,NA,51.9150499222956
"Gobierno","Quintana Roo","Nivel de satisfacción general con los servicios públicos básicos y bajo demanda","https://www.inegi.org.mx/programas/encig/2025/#tabulados",NA,NA,NA,40.7610390670605,NA,45.3451703807112,NA,41.2208249954988
"Gobierno","San Luis Potosí","Nivel de satisfacción general con los servicios públicos básicos y bajo demanda","https://www.inegi.org.mx/programas/encig/2025/#tabulados",NA,NA,NA,44.9675844647208,NA,52.2968363196091,NA,49.8310771164295
"Gobierno","Sinaloa","Nivel de satisfacción general con los servicios públicos básicos y bajo demanda","https://www.inegi.org.mx/programas/encig/2025/#tabulados",NA,NA,NA,53.5166281871861,NA,55.7861277636161,NA,52.0434562481569
"Gobierno","Sonora","Nivel de satisfacción general con los servicios públicos básicos y bajo demanda","https://www.inegi.org.mx/programas/encig/2025/#tabulados",NA,NA,NA,50.7217127802314,NA,53.7225449872945,NA,50.5792939925617
"Gobierno","Tabasco","Nivel de satisfacción general con los servicios públicos básicos y bajo demanda","https://www.inegi.org.mx/programas/encig/2025/#tabulados",NA,NA,NA,35.5995889764152,NA,39.5510085819219,NA,41.4442965337899
"Gobierno","Tamaulipas","Nivel de satisfacción general con los servicios públicos básicos y bajo demanda","https://www.inegi.org.mx/programas/encig/2025/#tabulados",NA,NA,NA,45.3747119664827,NA,48.4824229059271,NA,43.1749376195836
"Gobierno","Tlaxcala","Nivel de satisfacción general con los servicios públicos básicos y bajo demanda","https://www.inegi.org.mx/programas/encig/2025/#tabulados",NA,NA,NA,48.3794976424631,NA,51.2649100581603,NA,45.8372540272243
"Gobierno","Veracruz de Ignacio de la Llave","Nivel de satisfacción general con los servicios públicos básicos y bajo demanda","https://www.inegi.org.mx/programas/encig/2025/#tabulados",NA,NA,NA,47.887439274794,NA,45.7304570251709,NA,41.1680168782918
"Gobierno","Yucatán","Nivel de satisfacción general con los servicios públicos básicos y bajo demanda","https://www.inegi.org.mx/programas/encig/2025/#tabulados",NA,NA,NA,56.7350279941458,NA,53.8449782492459,NA,52.6411459196517
"Gobierno","Zacatecas","Nivel de satisfacción general con los servicios públicos básicos y bajo demanda","https://www.inegi.org.mx/programas/encig/2025/#tabulados",NA,NA,NA,44.5871052875902,NA,48.0026413743823,NA,44.8229421967545
"Social","Aguascalientes","Porcentaje de la Población en situación de Pobreza","https://inegi.org.mx/desarrollosocial/pm/#tabulados",28.9464796002,26.2654077008,27.6266928676,NA,23.7223197931,NA,17.0684818735,NA
"Social","Aguascalientes","Porcentaje de la Población en situación de Pobreza Moderada","https://inegi.org.mx/desarrollosocial/pm/#tabulados",26.7299160933,25.277145723,25.2097988593,NA,21.9636856712,NA,16.4893467741,NA
"Social","Aguascalientes","Porcentaje de la Poblaciónn en situación de Pobreza Extrema","https://inegi.org.mx/desarrollosocial/pm/#tabulados",2.2165635069,0.9882619779,2.4168940083,NA,1.7586341219,NA,0.5791350994,NA
"Social","Aguascalientes","Porcentaje de la población vulnerable por ingresos","https://inegi.org.mx/desarrollosocial/pm/#tabulados",11.5373785137,11.9815755416,11.0753171459,NA,9.2544119173,NA,7.7598223104,NA
"Social","Aguascalientes","Porcentaje de la Población con Rezago Educativo","https://inegi.org.mx/desarrollosocial/pm/#tabulados",15.7625414126,15.5659450323,15.668279834,NA,16.4997553615,NA,15.0315193292,NA
"Social","Aguascalientes","Porcentaje de la Población con Carencia por acceso a la seguridad social","https://inegi.org.mx/desarrollosocial/pm/#tabulados",12.1412334397,11.403700323,20.2022904886,NA,26.1939774447,NA,25.2041038608,NA
"Social","Aguascalientes","Porcentaje de la Población con Carencia por acceso a los servicios de salud","https://inegi.org.mx/desarrollosocial/pm/#tabulados",37.3982474849,35.7968913094,35.9821332135,NA,34.7069257633,NA,32.7986117329,NA
"Social","Aguascalientes","Porcentaje de la Población con Carencia por calidad y espacios de la vivienda","https://inegi.org.mx/desarrollosocial/pm/#tabulados",5.455490746,4.5769260445,3.9513192782,NA,4.7310930826,NA,2.9486643208,NA
"Social","Aguascalientes","Porcentaje de la Población con Carencia por acceso a los servicios básicos en la vivienda","https://inegi.org.mx/desarrollosocial/pm/#tabulados",2.2828995055,2.4928193236,2.0599066941,NA,2.4657944147,NA,1.9516324968,NA
"Social","Aguascalientes","Porcentaje de la Población con Carencia por acceso a la alimentación nutritiva y de calidad","https://inegi.org.mx/desarrollosocial/pm/#tabulados",17.8501519884,13.8112832338,18.1531150157,NA,15.6294353366,NA,8.7088100434,NA
"Social","Aguascalientes","Porcentaje de la Población con Población con Ingreso Inferior a la Línea de pobreza extrema por ingresos","https://inegi.org.mx/desarrollosocial/pm/#tabulados",8.4531340723,7.0454337012,8.5806566253,NA,6.0726286576,NA,3.4917830572,NA
"Social","Aguascalientes","Porcentaje de la Población con Población con Ingreso Inferior a la Línea de pobreza por ingresos","https://inegi.org.mx/desarrollosocial/pm/#tabulados",40.4838581138,38.2469832424,38.7020100135,NA,32.9767317104,NA,24.8283041839,NA
"Social","Baja California","Porcentaje de la Población en situación de Pobreza","https://inegi.org.mx/desarrollosocial/pm/#tabulados",22.6048671441,23.5986870832,22.510117263,NA,13.3708195012,NA,9.8716860061,NA
"Social","Baja California","Porcentaje de la Población en situación de Pobreza Moderada","https://inegi.org.mx/desarrollosocial/pm/#tabulados",21.6438458946,22.2473638641,20.9769871911,NA,12.0649173005,NA,9.5164537794,NA
"Social","Baja California","Porcentaje de la Poblaciónn en situación de Pobreza Extrema","https://inegi.org.mx/desarrollosocial/pm/#tabulados",0.9610212496,1.351323219,1.5331300718,NA,1.3059022007,NA,0.3552322268,NA
"Social","Baja California","Porcentaje de la población vulnerable por ingresos","https://inegi.org.mx/desarrollosocial/pm/#tabulados",7.7276436153,8.8015497073,7.9230749714,NA,5.4072284063,NA,4.887939394,NA
"Social","Baja California","Porcentaje de la Población con Rezago Educativo","https://inegi.org.mx/desarrollosocial/pm/#tabulados",14.0525255668,15.9178087164,16.0939541689,NA,15.5469917573,NA,14.4697979906,NA
"Social","Baja California","Porcentaje de la Población con Carencia por acceso a la seguridad social","https://inegi.org.mx/desarrollosocial/pm/#tabulados",17.2947964888,16.8604601508,23.9769882483,NA,28.4100970374,NA,23.2629654343,NA
"Social","Baja California","Porcentaje de la Población con Carencia por acceso a los servicios de salud","https://inegi.org.mx/desarrollosocial/pm/#tabulados",36.7126447435,36.6902496336,38.9171304186,NA,34.6686003676,NA,31.9761349084,NA
"Social","Baja California","Porcentaje de la Población con Carencia por calidad y espacios de la vivienda","https://inegi.org.mx/desarrollosocial/pm/#tabulados",7.7678896041,9.468870804,6.7944768413,NA,6.1116966054,NA,5.2582406369,NA
"Social","Baja California","Porcentaje de la Población con Carencia por acceso a los servicios básicos en la vivienda","https://inegi.org.mx/desarrollosocial/pm/#tabulados",6.2777949722,8.932755983,4.9807698,NA,4.0520853829,NA,2.9408638935,NA
"Social","Baja California","Porcentaje de la Población con Carencia por acceso a la alimentación nutritiva y de calidad","https://inegi.org.mx/desarrollosocial/pm/#tabulados",16.149096079,14.7628945663,13.3714642439,NA,10.0275978851,NA,8.1068927266,NA
"Social","Baja California","Porcentaje de la Población con Población con Ingreso Inferior a la Línea de pobreza extrema por ingresos","https://inegi.org.mx/desarrollosocial/pm/#tabulados",4.7609156556,4.0276536709,5.1799963633,NA,2.8088723485,NA,1.1327670203,NA
"Social","Baja California","Porcentaje de la Población con Población con Ingreso Inferior a la Línea de pobreza por ingresos","https://inegi.org.mx/desarrollosocial/pm/#tabulados",30.3325107594,32.4002367905,30.4331922343,NA,18.7780479075,NA,14.7596254001,NA
"Social","Baja California Sur","Porcentaje de la Población en situación de Pobreza","https://inegi.org.mx/desarrollosocial/pm/#tabulados",22.8800498494,18.5721642848,27.6022241686,NA,13.3290309239,NA,10.1682404802,NA
"Social","Baja California Sur","Porcentaje de la Población en situación de Pobreza Moderada","https://inegi.org.mx/desarrollosocial/pm/#tabulados",21.392875688,17.4046134483,24.7065058538,NA,12.5673142863,NA,8.9489811028,NA
"Social","Baja California Sur","Porcentaje de la Poblaciónn en situación de Pobreza Extrema","https://inegi.org.mx/desarrollosocial/pm/#tabulados",1.4871741614,1.1675508365,2.8957183148,NA,0.7617166376,NA,1.2192593774,NA
"Social","Baja California Sur","Porcentaje de la población vulnerable por ingresos","https://inegi.org.mx/desarrollosocial/pm/#tabulados",7.2885380967,5.346140001,8.2478556984,NA,4.56423842,NA,3.9923226754,NA
"Social","Baja California Sur","Porcentaje de la Población con Rezago Educativo","https://inegi.org.mx/desarrollosocial/pm/#tabulados",14.3060892443,13.5980850432,14.4568489791,NA,14.1839268163,NA,13.3736943422,NA
"Social","Baja California Sur","Porcentaje de la Población con Carencia por acceso a la seguridad social","https://inegi.org.mx/desarrollosocial/pm/#tabulados",12.4573683664,10.7454878437,17.3962995586,NA,17.3366896881,NA,19.6225125582,NA
"Social","Baja California Sur","Porcentaje de la Población con Carencia por acceso a los servicios de salud","https://inegi.org.mx/desarrollosocial/pm/#tabulados",34.0074081767,30.85647546,32.6764022429,NA,29.8624060928,NA,28.5328792245,NA
"Social","Baja California Sur","Porcentaje de la Población con Carencia por calidad y espacios de la vivienda","https://inegi.org.mx/desarrollosocial/pm/#tabulados",13.1223041507,14.1683942793,11.3737243212,NA,8.6146835768,NA,10.8708181932,NA
"Social","Baja California Sur","Porcentaje de la Población con Carencia por acceso a los servicios básicos en la vivienda","https://inegi.org.mx/desarrollosocial/pm/#tabulados",12.8148994357,13.2431033441,9.4308505184,NA,9.9278692733,NA,9.4657766741,NA
"Social","Baja California Sur","Porcentaje de la Población con Carencia por acceso a la alimentación nutritiva y de calidad","https://inegi.org.mx/desarrollosocial/pm/#tabulados",20.0530342369,18.9077021307,23.3605651098,NA,14.5433325133,NA,9.6030344796,NA
"Social","Baja California Sur","Porcentaje de la Población con Población con Ingreso Inferior a la Línea de pobreza extrema por ingresos","https://inegi.org.mx/desarrollosocial/pm/#tabulados",5.2920690968,3.2769461589,8.8555365171,NA,2.8493360384,NA,2.6970874008,NA
"Social","Baja California Sur","Porcentaje de la Población con Población con Ingreso Inferior a la Línea de pobreza por ingresos","https://inegi.org.mx/desarrollosocial/pm/#tabulados",30.1685879461,23.9183042858,35.850079867,NA,17.8932693439,NA,14.1605631557,NA
"Social","Campeche","Porcentaje de la Población en situación de Pobreza","https://inegi.org.mx/desarrollosocial/pm/#tabulados",45.6601916155,48.9642961453,50.5491472035,NA,45.1294438459,NA,36.7490351329,NA
"Social","Campeche","Porcentaje de la Población en situación de Pobreza Moderada","https://inegi.org.mx/desarrollosocial/pm/#tabulados",39.1121629408,39.4891429234,38.5039657362,NA,35.4864875101,NA,30.9026121483,NA
"Social","Campeche","Porcentaje de la Poblaciónn en situación de Pobreza Extrema","https://inegi.org.mx/desarrollosocial/pm/#tabulados",6.5480286747,9.4751532219,12.0451814673,NA,9.6429563358,NA,5.8464229846,NA
"Social","Campeche","Porcentaje de la población vulnerable por ingresos","https://inegi.org.mx/desarrollosocial/pm/#tabulados",5.5897179889,5.9347700336,7.159723998,NA,5.8950393886,NA,7.3656722022,NA
"Social","Campeche","Porcentaje de la Población con Rezago Educativo","https://inegi.org.mx/desarrollosocial/pm/#tabulados",18.0362095873,19.3681791682,19.1521573755,NA,20.3119739766,NA,20.5020376174,NA
"Social","Campeche","Porcentaje de la Población con Carencia por acceso a la seguridad social","https://inegi.org.mx/desarrollosocial/pm/#tabulados",10.7463532639,11.6958904826,21.0094679077,NA,34.5696286695,NA,28.4975572918,NA
"Social","Campeche","Porcentaje de la Población con Carencia por acceso a los servicios de salud","https://inegi.org.mx/desarrollosocial/pm/#tabulados",58.2635634321,58.3666029118,54.850951873,NA,54.6596207581,NA,51.1975563399,NA
"Social","Campeche","Porcentaje de la Población con Carencia por calidad y espacios de la vivienda","https://inegi.org.mx/desarrollosocial/pm/#tabulados",16.8839273009,16.5334178852,13.5161363148,NA,14.9125538648,NA,14.3883393075,NA
"Social","Campeche","Porcentaje de la Población con Carencia por acceso a los servicios básicos en la vivienda","https://inegi.org.mx/desarrollosocial/pm/#tabulados",29.1937173263,38.9952416832,33.4076229014,NA,34.8710400956,NA,28.8353797647,NA
"Social","Campeche","Porcentaje de la Población con Carencia por acceso a la alimentación nutritiva y de calidad","https://inegi.org.mx/desarrollosocial/pm/#tabulados",28.3235861535,29.6854419598,26.1341641782,NA,21.951799421,NA,16.9043446255,NA
"Social","Campeche","Porcentaje de la Población con Población con Ingreso Inferior a la Línea de pobreza extrema por ingresos","https://inegi.org.mx/desarrollosocial/pm/#tabulados",14.436479258,16.9281070263,22.754648626,NA,15.9097890856,NA,11.4731661708,NA
"Social","Campeche","Porcentaje de la Población con Población con Ingreso Inferior a la Línea de pobreza por ingresos","https://inegi.org.mx/desarrollosocial/pm/#tabulados",51.2499096043,54.8990661789,57.7088712016,NA,51.0244832346,NA,44.1147073351,NA
"Social","Coahuila de Zaragoza","Porcentaje de la Población en situación de Pobreza","https://inegi.org.mx/desarrollosocial/pm/#tabulados",27.0557127885,25.5077051589,25.617041249,NA,18.243321687,NA,12.3806823468,NA
"Social","Coahuila de Zaragoza","Porcentaje de la Población en situación de Pobreza Moderada","https://inegi.org.mx/desarrollosocial/pm/#tabulados",25.1305995774,23.977688708,23.0626707432,NA,16.4471215949,NA,11.6301049288,NA
"Social","Coahuila de Zaragoza","Porcentaje de la Poblaciónn en situación de Pobreza Extrema","https://inegi.org.mx/desarrollosocial/pm/#tabulados",1.9251132111,1.5300164509,2.5543705058,NA,1.7962000921,NA,0.750577418,NA
"Social","Coahuila de Zaragoza","Porcentaje de la población vulnerable por ingresos","https://inegi.org.mx/desarrollosocial/pm/#tabulados",16.0181963219,14.5739722138,14.550878126,NA,10.5802026927,NA,9.9247514732,NA
"Social","Coahuila de Zaragoza","Porcentaje de la Población con Rezago Educativo","https://inegi.org.mx/desarrollosocial/pm/#tabulados",13.7490350077,14.2413813226,14.3377458064,NA,13.4530474176,NA,13.256179892,NA
"Social","Coahuila de Zaragoza","Porcentaje de la Población con Carencia por acceso a la seguridad social","https://inegi.org.mx/desarrollosocial/pm/#tabulados",12.8003147516,13.2015799133,21.6374567829,NA,19.677330459,NA,20.2975541074,NA
"Social","Coahuila de Zaragoza","Porcentaje de la Población con Carencia por acceso a los servicios de salud","https://inegi.org.mx/desarrollosocial/pm/#tabulados",27.4108232053,25.7248317703,28.2365784519,NA,24.3658367582,NA,23.3559545603,NA
"Social","Coahuila de Zaragoza","Porcentaje de la Población con Carencia por calidad y espacios de la vivienda","https://inegi.org.mx/desarrollosocial/pm/#tabulados",5.1722574765,4.4370804913,2.8022626029,NA,3.3844953396,NA,2.4684639785,NA
"Social","Coahuila de Zaragoza","Porcentaje de la Población con Carencia por acceso a los servicios básicos en la vivienda","https://inegi.org.mx/desarrollosocial/pm/#tabulados",5.4840658705,3.8819864577,3.2003282938,NA,3.381012437,NA,1.9359978069,NA
"Social","Coahuila de Zaragoza","Porcentaje de la Población con Carencia por acceso a la alimentación nutritiva y de calidad","https://inegi.org.mx/desarrollosocial/pm/#tabulados",16.6930312837,18.5721441933,15.485512396,NA,13.1625305671,NA,8.9771078584,NA
"Social","Coahuila de Zaragoza","Porcentaje de la Población con Población con Ingreso Inferior a la Línea de pobreza extrema por ingresos","https://inegi.org.mx/desarrollosocial/pm/#tabulados",9.6119326843,6.571530482,8.9164822222,NA,5.9013507552,NA,3.1412011293,NA
"Social","Coahuila de Zaragoza","Porcentaje de la Población con Población con Ingreso Inferior a la Línea de pobreza por ingresos","https://inegi.org.mx/desarrollosocial/pm/#tabulados",43.0739091104,40.0816773727,40.167919375,NA,28.8235243797,NA,22.3054338201,NA
"Social","Colima","Porcentaje de la Población en situación de Pobreza","https://inegi.org.mx/desarrollosocial/pm/#tabulados",32.533197213,30.410750037,26.6935265356,NA,20.5471669479,NA,14.9768884103,NA
"Social","Colima","Porcentaje de la Población en situación de Pobreza Moderada","https://inegi.org.mx/desarrollosocial/pm/#tabulados",30.381294316,28.4940456672,24.8346674764,NA,19.3355496379,NA,14.0246110547,NA
"Social","Colima","Porcentaje de la Poblaciónn en situación de Pobreza Extrema","https://inegi.org.mx/desarrollosocial/pm/#tabulados",2.151902897,1.9167043698,1.8588590592,NA,1.21161731,NA,0.9522773556,NA
"Social","Colima","Porcentaje de la población vulnerable por ingresos","https://inegi.org.mx/desarrollosocial/pm/#tabulados",6.7345266743,6.2133431846,7.0814197152,NA,6.7873138829,NA,4.4636968354,NA
"Social","Colima","Porcentaje de la Población con Rezago Educativo","https://inegi.org.mx/desarrollosocial/pm/#tabulados",17.0056092459,18.1460835059,17.6586164217,NA,15.6372697168,NA,15.0451836053,NA
"Social","Colima","Porcentaje de la Población con Carencia por acceso a la seguridad social","https://inegi.org.mx/desarrollosocial/pm/#tabulados",11.866350387,10.8358203586,18.9771918048,NA,21.9358378526,NA,24.028204814,NA
"Social","Colima","Porcentaje de la Población con Carencia por acceso a los servicios de salud","https://inegi.org.mx/desarrollosocial/pm/#tabulados",44.8316439823,43.8839932425,42.1767114316,NA,35.9295573141,NA,37.2590219192,NA
"Social","Colima","Porcentaje de la Población con Carencia por calidad y espacios de la vivienda","https://inegi.org.mx/desarrollosocial/pm/#tabulados",11.3779184736,9.3929998021,7.4241349402,NA,4.6626707465,NA,6.022782506,NA
"Social","Colima","Porcentaje de la Población con Carencia por acceso a los servicios básicos en la vivienda","https://inegi.org.mx/desarrollosocial/pm/#tabulados",8.6173344715,10.5438802575,7.8597114221,NA,4.7830412489,NA,5.3160098532,NA
"Social","Colima","Porcentaje de la Población con Carencia por acceso a la alimentación nutritiva y de calidad","https://inegi.org.mx/desarrollosocial/pm/#tabulados",22.1801850494,23.0333821745,17.678495811,NA,14.0398960767,NA,10.1255888051,NA
"Social","Colima","Porcentaje de la Población con Población con Ingreso Inferior a la Línea de pobreza extrema por ingresos","https://inegi.org.mx/desarrollosocial/pm/#tabulados",6.2480965311,7.4681321783,6.2538380157,NA,4.4164819386,NA,3.1614066056,NA
"Social","Colima","Porcentaje de la Población con Población con Ingreso Inferior a la Línea de pobreza por ingresos","https://inegi.org.mx/desarrollosocial/pm/#tabulados",39.2677238873,36.6240932216,33.7749462508,NA,27.3344808309,NA,19.4405852458,NA
"Social","Chiapas","Porcentaje de la Población en situación de Pobreza","https://inegi.org.mx/desarrollosocial/pm/#tabulados",77.9127645707,77.9950184748,75.4912899195,NA,67.370829892,NA,65.9682118776,NA
"Social","Chiapas","Porcentaje de la Población en situación de Pobreza Moderada","https://inegi.org.mx/desarrollosocial/pm/#tabulados",48.277416131,47.4274039304,46.4414971166,NA,39.1583773176,NA,38.8414885421,NA
"Social","Chiapas","Porcentaje de la Poblaciónn en situación de Pobreza Extrema","https://inegi.org.mx/desarrollosocial/pm/#tabulados",29.6353484397,30.5676145444,29.0497928029,NA,28.2124525744,NA,27.1267233355,NA
"Social","Chiapas","Porcentaje de la población vulnerable por ingresos","https://inegi.org.mx/desarrollosocial/pm/#tabulados",3.6088979852,2.9658497425,3.2826517503,NA,2.6687322324,NA,4.0755993867,NA
"Social","Chiapas","Porcentaje de la Población con Rezago Educativo","https://inegi.org.mx/desarrollosocial/pm/#tabulados",30.1756408843,31.2204100248,32.5112744061,NA,31.106865473,NA,33.9548304585,NA
"Social","Chiapas","Porcentaje de la Población con Carencia por acceso a la seguridad social","https://inegi.org.mx/desarrollosocial/pm/#tabulados",15.0377247382,17.5925086907,37.0935567203,NA,66.0662029381,NA,63.3423515429,NA
"Social","Chiapas","Porcentaje de la Población con Carencia por acceso a los servicios de salud","https://inegi.org.mx/desarrollosocial/pm/#tabulados",81.9084928769,83.1302880029,78.934426787,NA,77.8773275787,NA,76.4146943066,NA
"Social","Chiapas","Porcentaje de la Población con Carencia por calidad y espacios de la vivienda","https://inegi.org.mx/desarrollosocial/pm/#tabulados",24.5232126179,23.5861964123,20.0056770246,NA,22.1420656196,NA,19.0456055212,NA
"Social","Chiapas","Porcentaje de la Población con Carencia por acceso a los servicios básicos en la vivienda","https://inegi.org.mx/desarrollosocial/pm/#tabulados",52.3012273689,57.1111796749,55.8450623309,NA,50.831046808,NA,48.5868883593,NA
"Social","Chiapas","Porcentaje de la Población con Carencia por acceso a la alimentación nutritiva y de calidad","https://inegi.org.mx/desarrollosocial/pm/#tabulados",23.4979829507,25.680897064,24.5124506169,NA,20.903042082,NA,20.6341413888,NA
"Social","Chiapas","Porcentaje de la Población con Población con Ingreso Inferior a la Línea de pobreza extrema por ingresos","https://inegi.org.mx/desarrollosocial/pm/#tabulados",49.5193572464,49.3562472011,44.1425885299,NA,36.6417720013,NA,35.2846452397,NA
"Social","Chiapas","Porcentaje de la Población con Población con Ingreso Inferior a la Línea de pobreza por ingresos","https://inegi.org.mx/desarrollosocial/pm/#tabulados",81.5216625559,80.9608682172,78.7739416698,NA,70.0395621244,NA,70.0438112643,NA
"Social","Chihuahua","Porcentaje de la Población en situación de Pobreza","https://inegi.org.mx/desarrollosocial/pm/#tabulados",30.7016416821,26.6427871853,25.30499339,NA,17.5721992268,NA,15.1128018254,NA
"Social","Chihuahua","Porcentaje de la Población en situación de Pobreza Moderada","https://inegi.org.mx/desarrollosocial/pm/#tabulados",27.3938045911,24.1088787019,22.3700961951,NA,15.4760579065,NA,12.8759621241,NA
"Social","Chihuahua","Porcentaje de la Poblaciónn en situación de Pobreza Extrema","https://inegi.org.mx/desarrollosocial/pm/#tabulados",3.307837091,2.5339084834,2.9348971949,NA,2.0961413203,NA,2.2368397013,NA
"Social","Chihuahua","Porcentaje de la población vulnerable por ingresos","https://inegi.org.mx/desarrollosocial/pm/#tabulados",12.8127238708,11.7429902912,12.3433853629,NA,7.9645280918,NA,5.7453777769,NA
"Social","Chihuahua","Porcentaje de la Población con Rezago Educativo","https://inegi.org.mx/desarrollosocial/pm/#tabulados",17.1124615665,17.1561254183,16.1546072068,NA,16.0886351221,NA,16.6000396803,NA
"Social","Chihuahua","Porcentaje de la Población con Carencia por acceso a la seguridad social","https://inegi.org.mx/desarrollosocial/pm/#tabulados",12.2364164653,11.3050821034,17.0548690548,NA,21.4914432491,NA,20.889162116,NA
"Social","Chihuahua","Porcentaje de la Población con Carencia por acceso a los servicios de salud","https://inegi.org.mx/desarrollosocial/pm/#tabulados",37.398187453,35.6907259504,33.7814982721,NA,32.3947083666,NA,30.9217323548,NA
"Social","Chihuahua","Porcentaje de la Población con Carencia por calidad y espacios de la vivienda","https://inegi.org.mx/desarrollosocial/pm/#tabulados",7.1241250962,6.9783656027,6.0138957964,NA,5.2927102156,NA,5.1569416142,NA
"Social","Chihuahua","Porcentaje de la Población con Carencia por acceso a los servicios básicos en la vivienda","https://inegi.org.mx/desarrollosocial/pm/#tabulados",5.3529038129,5.0172441796,4.8558242048,NA,4.7382285582,NA,3.4986051436,NA
"Social","Chihuahua","Porcentaje de la Población con Carencia por acceso a la alimentación nutritiva y de calidad","https://inegi.org.mx/desarrollosocial/pm/#tabulados",18.650412256,18.1132059073,13.469841786,NA,9.7346041518,NA,9.9034163883,NA
"Social","Chihuahua","Porcentaje de la Población con Población con Ingreso Inferior a la Línea de pobreza extrema por ingresos","https://inegi.org.mx/desarrollosocial/pm/#tabulados",10.014839436,8.2423050327,8.9579853008,NA,5.324830861,NA,4.7677302195,NA
"Social","Chihuahua","Porcentaje de la Población con Población con Ingreso Inferior a la Línea de pobreza por ingresos","https://inegi.org.mx/desarrollosocial/pm/#tabulados",43.5143655529,38.3857774765,37.6483787529,NA,25.5367273186,NA,20.8581796023,NA
"Social","Ciudad de México","Porcentaje de la Población en situación de Pobreza","https://inegi.org.mx/desarrollosocial/pm/#tabulados",26.5998545524,29.9678064849,32.604471244,NA,23.9676053836,NA,19.7260753872,NA
"Social","Ciudad de México","Porcentaje de la Población en situación de Pobreza Moderada","https://inegi.org.mx/desarrollosocial/pm/#tabulados",24.8969399076,28.3141998347,28.2663582811,NA,22.2549733683,NA,17.9118777636,NA
"Social","Ciudad de México","Porcentaje de la Poblaciónn en situación de Pobreza Extrema","https://inegi.org.mx/desarrollosocial/pm/#tabulados",1.7029146448,1.6536066502,4.3381129629,NA,1.7126320153,NA,1.8141976236,NA
"Social","Ciudad de México","Porcentaje de la población vulnerable por ingresos","https://inegi.org.mx/desarrollosocial/pm/#tabulados",7.4079518718,8.6077038692,11.2075682741,NA,8.199443947,NA,5.9596831181,NA
"Social","Ciudad de México","Porcentaje de la Población con Rezago Educativo","https://inegi.org.mx/desarrollosocial/pm/#tabulados",8.9005500963,9.40727874,9.5128127788,NA,9.6995338497,NA,8.5064743016,NA
"Social","Ciudad de México","Porcentaje de la Población con Carencia por acceso a la seguridad social","https://inegi.org.mx/desarrollosocial/pm/#tabulados",19.634597298,20.0579322338,26.7412776853,NA,28.7459230788,NA,21.7933556498,NA
"Social","Ciudad de México","Porcentaje de la Población con Carencia por acceso a los servicios de salud","https://inegi.org.mx/desarrollosocial/pm/#tabulados",43.5492231589,43.4797312212,40.735930342,NA,39.2867157203,NA,37.9574630274,NA
"Social","Ciudad de México","Porcentaje de la Población con Carencia por calidad y espacios de la vivienda","https://inegi.org.mx/desarrollosocial/pm/#tabulados",5.9074219393,5.0772150685,5.0605611872,NA,4.0331628461,NA,4.0502852476,NA
"Social","Ciudad de México","Porcentaje de la Población con Carencia por acceso a los servicios básicos en la vivienda","https://inegi.org.mx/desarrollosocial/pm/#tabulados",2.0937624413,2.9181965455,3.0572684476,NA,3.3896361431,NA,2.4341602069,NA
"Social","Ciudad de México","Porcentaje de la Población con Carencia por acceso a la alimentación nutritiva y de calidad","https://inegi.org.mx/desarrollosocial/pm/#tabulados",13.723873223,15.152830574,17.8096239178,NA,11.3945507495,NA,9.8653007994,NA
"Social","Ciudad de México","Porcentaje de la Población con Población con Ingreso Inferior a la Línea de pobreza extrema por ingresos","https://inegi.org.mx/desarrollosocial/pm/#tabulados",5.5903181822,6.363868276,11.8007424482,NA,5.8774407118,NA,4.548596532,NA
"Social","Ciudad de México","Porcentaje de la Población con Población con Ingreso Inferior a la Línea de pobreza por ingresos","https://inegi.org.mx/desarrollosocial/pm/#tabulados",34.0078064242,38.5755103541,43.8120395181,NA,32.1670493306,NA,25.6857585053,NA
"Social","Durango","Porcentaje de la Población en situación de Pobreza","https://inegi.org.mx/desarrollosocial/pm/#tabulados",37.1931159706,38.7871666319,38.6916709565,NA,34.311066869,NA,27.8836341402,NA
"Social","Durango","Porcentaje de la Población en situación de Pobreza Moderada","https://inegi.org.mx/desarrollosocial/pm/#tabulados",34.4785385435,36.636990513,34.3872611575,NA,28.0090767753,NA,23.5443725226,NA
"Social","Durango","Porcentaje de la Poblaciónn en situación de Pobreza Extrema","https://inegi.org.mx/desarrollosocial/pm/#tabulados",2.714577427,2.150176119,4.304409799,NA,6.3019900937,NA,4.3392616176,NA
"Social","Durango","Porcentaje de la población vulnerable por ingresos","https://inegi.org.mx/desarrollosocial/pm/#tabulados",10.8072314076,12.2969409975,12.3773073146,NA,9.1716104586,NA,7.4842392679,NA
"Social","Durango","Porcentaje de la Población con Rezago Educativo","https://inegi.org.mx/desarrollosocial/pm/#tabulados",16.0073337927,16.3440192432,16.9241284439,NA,17.8679746642,NA,17.6602428945,NA
"Social","Durango","Porcentaje de la Población con Carencia por acceso a la seguridad social","https://inegi.org.mx/desarrollosocial/pm/#tabulados",14.0924688645,13.0628504857,22.8983267508,NA,30.1583886583,NA,30.4479948554,NA
"Social","Durango","Porcentaje de la Población con Carencia por acceso a los servicios de salud","https://inegi.org.mx/desarrollosocial/pm/#tabulados",46.5355314143,44.4837929777,45.7233839605,NA,46.1610752982,NA,42.2335434764,NA
"Social","Durango","Porcentaje de la Población con Carencia por calidad y espacios de la vivienda","https://inegi.org.mx/desarrollosocial/pm/#tabulados",7.0172672081,4.7789200084,5.81727712,NA,8.2752253807,NA,7.0369296618,NA
"Social","Durango","Porcentaje de la Población con Carencia por acceso a los servicios básicos en la vivienda","https://inegi.org.mx/desarrollosocial/pm/#tabulados",8.0905971362,5.6589284528,5.9153123067,NA,9.6991980219,NA,6.9486379354,NA
"Social","Durango","Porcentaje de la Población con Carencia por acceso a la alimentación nutritiva y de calidad","https://inegi.org.mx/desarrollosocial/pm/#tabulados",18.7769889399,18.9819223245,18.9045149178,NA,20.3108367385,NA,14.516793877,NA
"Social","Durango","Porcentaje de la Población con Población con Ingreso Inferior a la Línea de pobreza extrema por ingresos","https://inegi.org.mx/desarrollosocial/pm/#tabulados",11.9047292564,13.1276350129,14.0316308124,NA,13.27232199,NA,10.0102787383,NA
"Social","Durango","Porcentaje de la Población con Población con Ingreso Inferior a la Línea de pobreza por ingresos","https://inegi.org.mx/desarrollosocial/pm/#tabulados",48.0003473782,51.0841076294,51.0689782711,NA,43.4826773276,NA,35.3678734081,NA
"Social","Guanajuato","Porcentaje de la Población en situación de Pobreza","https://inegi.org.mx/desarrollosocial/pm/#tabulados",39.3510964793,41.4881289134,42.7423888536,NA,33.0343047594,NA,25.9901386777,NA
"Social","Guanajuato","Porcentaje de la Población en situación de Pobreza Moderada","https://inegi.org.mx/desarrollosocial/pm/#tabulados",35.679615979,37.9188996235,38.2070362161,NA,29.7941134584,NA,24.2641462451,NA
"Social","Guanajuato","Porcentaje de la Poblaciónn en situación de Pobreza Extrema","https://inegi.org.mx/desarrollosocial/pm/#tabulados",3.6714805003,3.5692292899,4.5353526375,NA,3.240191301,NA,1.7259924326,NA
"Social","Guanajuato","Porcentaje de la población vulnerable por ingresos","https://inegi.org.mx/desarrollosocial/pm/#tabulados",7.5529598532,7.815359801,8.3855734519,NA,8.3518945149,NA,6.0736658209,NA
"Social","Guanajuato","Porcentaje de la Población con Rezago Educativo","https://inegi.org.mx/desarrollosocial/pm/#tabulados",21.7085851205,22.2406284968,23.182723812,NA,22.8444151898,NA,21.0611386478,NA
"Social","Guanajuato","Porcentaje de la Población con Carencia por acceso a la seguridad social","https://inegi.org.mx/desarrollosocial/pm/#tabulados",13.445781365,13.6594224136,24.8488046408,NA,33.1530952596,NA,33.7149518775,NA
"Social","Guanajuato","Porcentaje de la Población con Carencia por acceso a los servicios de salud","https://inegi.org.mx/desarrollosocial/pm/#tabulados",53.1777257875,54.2346048646,51.8701669388,NA,50.1515905056,NA,46.0149478118,NA
"Social","Guanajuato","Porcentaje de la Población con Carencia por calidad y espacios de la vivienda","https://inegi.org.mx/desarrollosocial/pm/#tabulados",7.7345932143,9.0889931393,5.9437185952,NA,6.171418977,NA,4.8372432531,NA
"Social","Guanajuato","Porcentaje de la Población con Carencia por acceso a los servicios básicos en la vivienda","https://inegi.org.mx/desarrollosocial/pm/#tabulados",13.4797829417,11.9468265943,10.4612944559,NA,9.3568267819,NA,6.0291954244,NA
"Social","Guanajuato","Porcentaje de la Población con Carencia por acceso a la alimentación nutritiva y de calidad","https://inegi.org.mx/desarrollosocial/pm/#tabulados",21.0757452839,22.073193783,24.6481625798,NA,18.2552499921,NA,16.896124526,NA
"Social","Guanajuato","Porcentaje de la Población con Población con Ingreso Inferior a la Línea de pobreza extrema por ingresos","https://inegi.org.mx/desarrollosocial/pm/#tabulados",10.9067333889,10.7316941449,11.8495607184,NA,8.380759794,NA,5.0287776146,NA
"Social","Guanajuato","Porcentaje de la Población con Población con Ingreso Inferior a la Línea de pobreza por ingresos","https://inegi.org.mx/desarrollosocial/pm/#tabulados",46.9040563326,49.3034887144,51.1279623055,NA,41.3861992743,NA,32.0638044986,NA
"Social","Guerrero","Porcentaje de la Población en situación de Pobreza","https://inegi.org.mx/desarrollosocial/pm/#tabulados",66.8281581496,67.8900185017,66.4057108302,NA,60.3547446472,NA,58.0610891027,NA
"Social","Guerrero","Porcentaje de la Población en situación de Pobreza Moderada","https://inegi.org.mx/desarrollosocial/pm/#tabulados",43.6080331611,40.9626249692,40.9012867577,NA,38.1247465911,NA,36.7247955012,NA
"Social","Guerrero","Porcentaje de la Poblaciónn en situación de Pobreza Extrema","https://inegi.org.mx/desarrollosocial/pm/#tabulados",23.2201249885,26.9273935325,25.5044240725,NA,22.229998056,NA,21.3362936015,NA
"Social","Guerrero","Porcentaje de la población vulnerable por ingresos","https://inegi.org.mx/desarrollosocial/pm/#tabulados",3.3520028134,4.0330964058,4.0092033297,NA,3.367741398,NA,2.7032793608,NA
"Social","Guerrero","Porcentaje de la Población con Rezago Educativo","https://inegi.org.mx/desarrollosocial/pm/#tabulados",26.0112362789,25.8470621345,26.5559561999,NA,28.8151850926,NA,28.3025144707,NA
"Social","Guerrero","Porcentaje de la Población con Carencia por acceso a la seguridad social","https://inegi.org.mx/desarrollosocial/pm/#tabulados",13.3221105064,13.778885,33.4781516459,NA,52.7394540254,NA,38.8583471738,NA
"Social","Guerrero","Porcentaje de la Población con Carencia por acceso a los servicios de salud","https://inegi.org.mx/desarrollosocial/pm/#tabulados",75.2694919749,74.8970304231,73.5142658355,NA,71.6255380599,NA,72.5634527484,NA
"Social","Guerrero","Porcentaje de la Población con Carencia por calidad y espacios de la vivienda","https://inegi.org.mx/desarrollosocial/pm/#tabulados",31.6500149894,28.8267719187,25.9435155191,NA,26.933322225,NA,26.107839291,NA
"Social","Guerrero","Porcentaje de la Población con Carencia por acceso a los servicios básicos en la vivienda","https://inegi.org.mx/desarrollosocial/pm/#tabulados",50.2140312241,58.6255823525,56.2859540193,NA,53.9168818906,NA,47.3594811355,NA
"Social","Guerrero","Porcentaje de la Población con Carencia por acceso a la alimentación nutritiva y de calidad","https://inegi.org.mx/desarrollosocial/pm/#tabulados",30.3775885527,38.8919874113,36.0520323083,NA,31.4842122803,NA,27.9199584482,NA
"Social","Guerrero","Porcentaje de la Población con Población con Ingreso Inferior a la Línea de pobreza extrema por ingresos","https://inegi.org.mx/desarrollosocial/pm/#tabulados",33.7883094272,36.396227503,34.8493218895,NA,27.2223610764,NA,28.9080894451,NA
"Social","Guerrero","Porcentaje de la Población con Población con Ingreso Inferior a la Línea de pobreza por ingresos","https://inegi.org.mx/desarrollosocial/pm/#tabulados",70.180160963,71.9231149075,70.41491416,NA,63.7224860452,NA,60.7643684635,NA
"Social","Hidalgo","Porcentaje de la Población en situación de Pobreza","https://inegi.org.mx/desarrollosocial/pm/#tabulados",56.9022435963,49.8697088104,50.7507934467,NA,40.9990212816,NA,35.3090128011,NA
"Social","Hidalgo","Porcentaje de la Población en situación de Pobreza Moderada","https://inegi.org.mx/desarrollosocial/pm/#tabulados",47.3901078357,42.8404596873,42.6081016542,NA,34.220271824,NA,29.656244466,NA
"Social","Hidalgo","Porcentaje de la Poblaciónn en situación de Pobreza Extrema","https://inegi.org.mx/desarrollosocial/pm/#tabulados",9.5121357606,7.0292491231,8.1426917924,NA,6.7787494576,NA,5.6527683351,NA
"Social","Hidalgo","Porcentaje de la población vulnerable por ingresos","https://inegi.org.mx/desarrollosocial/pm/#tabulados",5.6322071163,5.3247156207,6.4590855539,NA,5.0754626741,NA,5.8221476718,NA
"Social","Hidalgo","Porcentaje de la Población con Rezago Educativo","https://inegi.org.mx/desarrollosocial/pm/#tabulados",19.9204319409,19.7427307771,18.852008223,NA,19.9960407831,NA,18.012754069,NA
"Social","Hidalgo","Porcentaje de la Población con Carencia por acceso a la seguridad social","https://inegi.org.mx/desarrollosocial/pm/#tabulados",14.432520113,14.4327731645,26.9262933132,NA,50.4085911839,NA,43.5261242317,NA
"Social","Hidalgo","Porcentaje de la Población con Carencia por acceso a los servicios de salud","https://inegi.org.mx/desarrollosocial/pm/#tabulados",72.0223503034,69.7326729809,66.6277402264,NA,65.4317288475,NA,61.9386581169,NA
"Social","Hidalgo","Porcentaje de la Población con Carencia por calidad y espacios de la vivienda","https://inegi.org.mx/desarrollosocial/pm/#tabulados",11.2240319469,9.7564567107,7.8839936072,NA,6.4273293657,NA,6.2367570807,NA
"Social","Hidalgo","Porcentaje de la Población con Carencia por acceso a los servicios básicos en la vivienda","https://inegi.org.mx/desarrollosocial/pm/#tabulados",28.0483526883,25.6283821805,20.5211059073,NA,24.462354182,NA,18.199811271,NA
"Social","Hidalgo","Porcentaje de la Población con Carencia por acceso a la alimentación nutritiva y de calidad","https://inegi.org.mx/desarrollosocial/pm/#tabulados",27.6594522422,27.305240309,28.5066593941,NA,19.0691405965,NA,16.3980931435,NA
"Social","Hidalgo","Porcentaje de la Población con Población con Ingreso Inferior a la Línea de pobreza extrema por ingresos","https://inegi.org.mx/desarrollosocial/pm/#tabulados",19.2603107396,14.5269417463,16.8795234215,NA,12.0021601487,NA,10.1944317511,NA
"Social","Hidalgo","Porcentaje de la Población con Población con Ingreso Inferior a la Línea de pobreza por ingresos","https://inegi.org.mx/desarrollosocial/pm/#tabulados",62.5344507125,55.1944244311,57.2098790006,NA,46.0744839557,NA,41.1311604729,NA
"Social","Jalisco","Porcentaje de la Población en situación de Pobreza","https://inegi.org.mx/desarrollosocial/pm/#tabulados",30.4683992931,27.8015028208,31.4155048612,NA,21.8361530981,NA,18.6316104925,NA
"Social","Jalisco","Porcentaje de la Población en situación de Pobreza Moderada","https://inegi.org.mx/desarrollosocial/pm/#tabulados",28.995187614,25.5016730645,28.411283364,NA,19.7124161049,NA,17.3238028708,NA
"Social","Jalisco","Porcentaje de la Poblaciónn en situación de Pobreza Extrema","https://inegi.org.mx/desarrollosocial/pm/#tabulados",1.4732116791,2.2998297562,3.0042214972,NA,2.1237369932,NA,1.3078076217,NA
"Social","Jalisco","Porcentaje de la población vulnerable por ingresos","https://inegi.org.mx/desarrollosocial/pm/#tabulados",7.9619027289,8.2906304858,9.7534992546,NA,7.3192372737,NA,5.4353123065,NA
"Social","Jalisco","Porcentaje de la Población con Rezago Educativo","https://inegi.org.mx/desarrollosocial/pm/#tabulados",17.9314462586,19.3409447807,18.4931806721,NA,20.4421801476,NA,19.0960212121,NA
"Social","Jalisco","Porcentaje de la Población con Carencia por acceso a la seguridad social","https://inegi.org.mx/desarrollosocial/pm/#tabulados",17.5825184506,19.3510521314,32.0883413931,NA,37.1306730394,NA,32.0414413824,NA
"Social","Jalisco","Porcentaje de la Población con Carencia por acceso a los servicios de salud","https://inegi.org.mx/desarrollosocial/pm/#tabulados",46.9515841948,45.5185454075,44.4018428236,NA,41.9749069577,NA,40.3217103878,NA
"Social","Jalisco","Porcentaje de la Población con Carencia por calidad y espacios de la vivienda","https://inegi.org.mx/desarrollosocial/pm/#tabulados",6.0593998487,7.0766172461,6.2974831946,NA,5.2579852753,NA,3.1603642061,NA
"Social","Jalisco","Porcentaje de la Población con Carencia por acceso a los servicios básicos en la vivienda","https://inegi.org.mx/desarrollosocial/pm/#tabulados",4.8525928181,8.1204961627,5.3831097882,NA,4.1523349356,NA,2.6189030055,NA
"Social","Jalisco","Porcentaje de la Población con Carencia por acceso a la alimentación nutritiva y de calidad","https://inegi.org.mx/desarrollosocial/pm/#tabulados",15.9538161625,15.9042995648,14.8215982901,NA,13.8386736713,NA,7.9676910356,NA
"Social","Jalisco","Porcentaje de la Población con Población con Ingreso Inferior a la Línea de pobreza extrema por ingresos","https://inegi.org.mx/desarrollosocial/pm/#tabulados",5.4529575926,5.8522412351,7.406331542,NA,4.7314856737,NA,3.8048572275,NA
"Social","Jalisco","Porcentaje de la Población con Población con Ingreso Inferior a la Línea de pobreza por ingresos","https://inegi.org.mx/desarrollosocial/pm/#tabulados",38.430302022,36.0921333066,41.1690041158,NA,29.1553903718,NA,24.066922799,NA
"Social","México","Porcentaje de la Población en situación de Pobreza","https://inegi.org.mx/desarrollosocial/pm/#tabulados",46.6453891394,41.7744965656,48.8645644136,NA,42.8755149927,NA,31.1960352171,NA
"Social","México","Porcentaje de la Población en situación de Pobreza Moderada","https://inegi.org.mx/desarrollosocial/pm/#tabulados",40.9689237263,37.1224597922,40.6531445321,NA,36.9155028307,NA,27.4892357411,NA
"Social","México","Porcentaje de la Poblaciónn en situación de Pobreza Extrema","https://inegi.org.mx/desarrollosocial/pm/#tabulados",5.6764654131,4.6520367733,8.2114198815,NA,5.960012162,NA,3.7067994759,NA
"Social","México","Porcentaje de la población vulnerable por ingresos","https://inegi.org.mx/desarrollosocial/pm/#tabulados",10.0276686246,9.5939004141,11.8010456343,NA,10.0732230791,NA,7.0728306446,NA
"Social","México","Porcentaje de la Población con Rezago Educativo","https://inegi.org.mx/desarrollosocial/pm/#tabulados",14.761052706,14.7148419949,14.1115297587,NA,16.3426017835,NA,14.3916354132,NA
"Social","México","Porcentaje de la Población con Carencia por acceso a la seguridad social","https://inegi.org.mx/desarrollosocial/pm/#tabulados",15.5211837509,19.7536807068,34.2359752257,NA,44.1543658863,NA,40.2351245476,NA
"Social","México","Porcentaje de la Población con Carencia por acceso a los servicios de salud","https://inegi.org.mx/desarrollosocial/pm/#tabulados",52.9749696199,54.6696756209,52.7468855393,NA,52.0978718415,NA,48.7714747183,NA
"Social","México","Porcentaje de la Población con Carencia por calidad y espacios de la vivienda","https://inegi.org.mx/desarrollosocial/pm/#tabulados",12.6453778656,9.6483724527,7.1896892225,NA,6.6180402414,NA,5.6021923884,NA
"Social","México","Porcentaje de la Población con Carencia por acceso a los servicios básicos en la vivienda","https://inegi.org.mx/desarrollosocial/pm/#tabulados",11.7019146805,10.3306236042,9.8790062427,NA,9.4612210012,NA,8.4499269822,NA
"Social","México","Porcentaje de la Población con Carencia por acceso a la alimentación nutritiva y de calidad","https://inegi.org.mx/desarrollosocial/pm/#tabulados",24.1816771991,23.4125037166,24.1974101459,NA,20.2865850283,NA,14.6053270552,NA
"Social","México","Porcentaje de la Población con Población con Ingreso Inferior a la Línea de pobreza extrema por ingresos","https://inegi.org.mx/desarrollosocial/pm/#tabulados",13.7635784552,10.788687437,19.4623767455,NA,12.1178616619,NA,7.4548108711,NA
"Social","México","Porcentaje de la Población con Población con Ingreso Inferior a la Línea de pobreza por ingresos","https://inegi.org.mx/desarrollosocial/pm/#tabulados",56.673057764,51.3683969796,60.6656100479,NA,52.9487380719,NA,38.2688658616,NA
"Social","Michoacán de Ocampo","Porcentaje de la Población en situación de Pobreza","https://inegi.org.mx/desarrollosocial/pm/#tabulados",54.1625036539,46.2115110109,44.509288722,NA,41.7362776403,NA,34.2986448426,NA
"Social","Michoacán de Ocampo","Porcentaje de la Población en situación de Pobreza Moderada","https://inegi.org.mx/desarrollosocial/pm/#tabulados",45.8538845508,40.8957601348,36.921506972,NA,34.2101594897,NA,28.85187698,NA
"Social","Michoacán de Ocampo","Porcentaje de la Poblaciónn en situación de Pobreza Extrema","https://inegi.org.mx/desarrollosocial/pm/#tabulados",8.3086191031,5.3157508761,7.58778175,NA,7.5261181506,NA,5.4467678626,NA
"Social","Michoacán de Ocampo","Porcentaje de la población vulnerable por ingresos","https://inegi.org.mx/desarrollosocial/pm/#tabulados",4.9567072685,5.2572671645,5.335826235,NA,4.6382970717,NA,4.1370435407,NA
"Social","Michoacán de Ocampo","Porcentaje de la Población con Rezago Educativo","https://inegi.org.mx/desarrollosocial/pm/#tabulados",28.428005502,27.0299481673,29.4192926896,NA,28.9364163464,NA,25.7312470554,NA
"Social","Michoacán de Ocampo","Porcentaje de la Población con Carencia por acceso a la seguridad social","https://inegi.org.mx/desarrollosocial/pm/#tabulados",22.7777538706,21.1943683083,38.6550930166,NA,51.2139308133,NA,46.0542148001,NA
"Social","Michoacán de Ocampo","Porcentaje de la Población con Carencia por acceso a los servicios de salud","https://inegi.org.mx/desarrollosocial/pm/#tabulados",69.9435643743,66.9956563235,64.2786070067,NA,62.8141345024,NA,61.2233609516,NA
"Social","Michoacán de Ocampo","Porcentaje de la Población con Carencia por calidad y espacios de la vivienda","https://inegi.org.mx/desarrollosocial/pm/#tabulados",14.8115256125,12.6868018037,11.6076796281,NA,10.314684289,NA,11.126430945,NA
"Social","Michoacán de Ocampo","Porcentaje de la Población con Carencia por acceso a los servicios básicos en la vivienda","https://inegi.org.mx/desarrollosocial/pm/#tabulados",24.4732530007,17.6719963034,16.9158664447,NA,21.7857108897,NA,16.1263185771,NA
"Social","Michoacán de Ocampo","Porcentaje de la Población con Carencia por acceso a la alimentación nutritiva y de calidad","https://inegi.org.mx/desarrollosocial/pm/#tabulados",27.7720313771,22.8122531209,23.3337602667,NA,23.0360277631,NA,20.4210214307,NA
"Social","Michoacán de Ocampo","Porcentaje de la Población con Población con Ingreso Inferior a la Línea de pobreza extrema por ingresos","https://inegi.org.mx/desarrollosocial/pm/#tabulados",16.995616211,12.781663457,14.4921501966,NA,12.9261453011,NA,9.4293105407,NA
"Social","Michoacán de Ocampo","Porcentaje de la Población con Población con Ingreso Inferior a la Línea de pobreza por ingresos","https://inegi.org.mx/desarrollosocial/pm/#tabulados",59.1192109224,51.4687781755,49.845114957,NA,46.374574712,NA,38.4356883832,NA
"Social","Morelos","Porcentaje de la Población en situación de Pobreza","https://inegi.org.mx/desarrollosocial/pm/#tabulados",46.6933816479,48.5441448656,50.9457899582,NA,41.055885694,NA,35.3565354264,NA
"Social","Morelos","Porcentaje de la Población en situación de Pobreza Moderada","https://inegi.org.mx/desarrollosocial/pm/#tabulados",41.5947768506,42.3748527027,42.5040977737,NA,35.2104203331,NA,30.4680614562,NA
"Social","Morelos","Porcentaje de la Poblaciónn en situación de Pobreza Extrema","https://inegi.org.mx/desarrollosocial/pm/#tabulados",5.0986047973,6.1692921629,8.4416921844,NA,5.8454653608,NA,4.8884739702,NA
"Social","Morelos","Porcentaje de la población vulnerable por ingresos","https://inegi.org.mx/desarrollosocial/pm/#tabulados",7.0546237327,5.8899049197,9.1016374395,NA,6.7212900228,NA,5.941868331,NA
"Social","Morelos","Porcentaje de la Población con Rezago Educativo","https://inegi.org.mx/desarrollosocial/pm/#tabulados",17.4798867719,19.3209728423,17.7426137597,NA,17.8979810057,NA,17.3713974501,NA
"Social","Morelos","Porcentaje de la Población con Carencia por acceso a la seguridad social","https://inegi.org.mx/desarrollosocial/pm/#tabulados",15.044898185,16.813263456,31.7724092177,NA,46.4475164485,NA,43.9949979868,NA
"Social","Morelos","Porcentaje de la Población con Carencia por acceso a los servicios de salud","https://inegi.org.mx/desarrollosocial/pm/#tabulados",61.8753520109,64.0806534523,60.1464115951,NA,57.9790751447,NA,54.6885759982,NA
"Social","Morelos","Porcentaje de la Población con Carencia por calidad y espacios de la vivienda","https://inegi.org.mx/desarrollosocial/pm/#tabulados",10.9156640719,11.2948559429,9.0564974067,NA,9.9930688345,NA,8.0128052349,NA
"Social","Morelos","Porcentaje de la Población con Carencia por acceso a los servicios básicos en la vivienda","https://inegi.org.mx/desarrollosocial/pm/#tabulados",16.9717905875,19.9295724061,17.9297525952,NA,17.4310602792,NA,12.7163406197,NA
"Social","Morelos","Porcentaje de la Población con Carencia por acceso a la alimentación nutritiva y de calidad","https://inegi.org.mx/desarrollosocial/pm/#tabulados",21.5643349259,25.6301114645,24.3629157425,NA,18.529846554,NA,16.8544111935,NA
"Social","Morelos","Porcentaje de la Población con Población con Ingreso Inferior a la Línea de pobreza extrema por ingresos","https://inegi.org.mx/desarrollosocial/pm/#tabulados",12.1235278182,14.7341108695,20.0769404774,NA,11.6229127514,NA,8.7909975933,NA
"Social","Morelos","Porcentaje de la Población con Población con Ingreso Inferior a la Línea de pobreza por ingresos","https://inegi.org.mx/desarrollosocial/pm/#tabulados",53.7480053806,54.4340497853,60.0474273977,NA,47.7771757167,NA,41.2984037574,NA
"Social","Nayarit","Porcentaje de la Población en situación de Pobreza","https://inegi.org.mx/desarrollosocial/pm/#tabulados",38.1043460591,35.7205399549,30.4054414123,NA,29.3131620821,NA,23.5022095909,NA
"Social","Nayarit","Porcentaje de la Población en situación de Pobreza Moderada","https://inegi.org.mx/desarrollosocial/pm/#tabulados",30.353662357,30.14439931,26.6106958245,NA,22.8839521748,NA,19.7850114744,NA
"Social","Nayarit","Porcentaje de la Poblaciónn en situación de Pobreza Extrema","https://inegi.org.mx/desarrollosocial/pm/#tabulados",7.7506837021,5.5761406449,3.7947455878,NA,6.4292099074,NA,3.7171981165,NA
"Social","Nayarit","Porcentaje de la población vulnerable por ingresos","https://inegi.org.mx/desarrollosocial/pm/#tabulados",6.4321335738,5.9602562298,7.0592538405,NA,5.9936066083,NA,4.644325069,NA
"Social","Nayarit","Porcentaje de la Población con Rezago Educativo","https://inegi.org.mx/desarrollosocial/pm/#tabulados",17.6796464223,19.1601174441,18.2601239239,NA,20.3331727325,NA,18.4157249486,NA
"Social","Nayarit","Porcentaje de la Población con Carencia por acceso a la seguridad social","https://inegi.org.mx/desarrollosocial/pm/#tabulados",15.0484729948,13.6543516188,24.7283411734,NA,34.0885533881,NA,25.6974775581,NA
"Social","Nayarit","Porcentaje de la Población con Carencia por acceso a los servicios de salud","https://inegi.org.mx/desarrollosocial/pm/#tabulados",56.2647429873,52.9070528662,47.9709358564,NA,51.5196588078,NA,48.9634395589,NA
"Social","Nayarit","Porcentaje de la Población con Carencia por calidad y espacios de la vivienda","https://inegi.org.mx/desarrollosocial/pm/#tabulados",9.6668275377,11.8641307728,7.162120045,NA,10.8466568616,NA,7.7165093292,NA
"Social","Nayarit","Porcentaje de la Población con Carencia por acceso a los servicios básicos en la vivienda","https://inegi.org.mx/desarrollosocial/pm/#tabulados",18.2043401323,17.2238279319,11.7921489025,NA,14.386874687,NA,9.7825492209,NA
"Social","Nayarit","Porcentaje de la Población con Carencia por acceso a la alimentación nutritiva y de calidad","https://inegi.org.mx/desarrollosocial/pm/#tabulados",20.7146062469,19.7160785187,20.4337982498,NA,16.9730761184,NA,12.928198757,NA
"Social","Nayarit","Porcentaje de la Población con Población con Ingreso Inferior a la Línea de pobreza extrema por ingresos","https://inegi.org.mx/desarrollosocial/pm/#tabulados",14.9073297942,11.2065353658,9.7256201443,NA,10.1331454726,NA,7.1016701482,NA
"Social","Nayarit","Porcentaje de la Población con Población con Ingreso Inferior a la Línea de pobreza por ingresos","https://inegi.org.mx/desarrollosocial/pm/#tabulados",44.5364796329,41.6807961847,37.4646952528,NA,35.3067686904,NA,28.1465346598,NA
"Social","Nuevo León","Porcentaje de la Población en situación de Pobreza","https://inegi.org.mx/desarrollosocial/pm/#tabulados",18.8403397485,19.3832686388,24.3304028016,NA,16.0404460395,NA,10.5795446073,NA
"Social","Nuevo León","Porcentaje de la Población en situación de Pobreza Moderada","https://inegi.org.mx/desarrollosocial/pm/#tabulados",17.5775443806,18.6488076004,22.2155708049,NA,14.9686629693,NA,10.0970462269,NA
"Social","Nuevo León","Porcentaje de la Poblaciónn en situación de Pobreza Extrema","https://inegi.org.mx/desarrollosocial/pm/#tabulados",1.2627953679,0.7344610384,2.1148319967,NA,1.0717830702,NA,0.4824983803,NA
"Social","Nuevo León","Porcentaje de la población vulnerable por ingresos","https://inegi.org.mx/desarrollosocial/pm/#tabulados",9.2142885597,11.9561104461,11.3166391485,NA,9.637793877,NA,7.3534750113,NA
"Social","Nuevo León","Porcentaje de la Población con Rezago Educativo","https://inegi.org.mx/desarrollosocial/pm/#tabulados",12.2311625205,13.4364096538,14.3692640774,NA,13.5154573843,NA,13.2746930464,NA
"Social","Nuevo León","Porcentaje de la Población con Carencia por acceso a la seguridad social","https://inegi.org.mx/desarrollosocial/pm/#tabulados",13.3237022539,12.9598787118,21.5247586964,NA,22.8338969822,NA,15.8220280235,NA
"Social","Nuevo León","Porcentaje de la Población con Carencia por acceso a los servicios de salud","https://inegi.org.mx/desarrollosocial/pm/#tabulados",31.0766752613,28.3034117216,31.8502816418,NA,27.1841374719,NA,24.6916678074,NA
"Social","Nuevo León","Porcentaje de la Población con Carencia por calidad y espacios de la vivienda","https://inegi.org.mx/desarrollosocial/pm/#tabulados",4.9845555975,3.0574675961,3.9112439877,NA,3.1646051263,NA,2.584157823,NA
"Social","Nuevo León","Porcentaje de la Población con Carencia por acceso a los servicios básicos en la vivienda","https://inegi.org.mx/desarrollosocial/pm/#tabulados",2.7304336761,2.3852899878,2.3407259682,NA,3.8075065919,NA,1.9101055953,NA
"Social","Nuevo León","Porcentaje de la Población con Carencia por acceso a la alimentación nutritiva y de calidad","https://inegi.org.mx/desarrollosocial/pm/#tabulados",14.7139911126,12.4972693069,14.7160275444,NA,11.6994332477,NA,9.271183374,NA
"Social","Nuevo León","Porcentaje de la Población con Población con Ingreso Inferior a la Línea de pobreza extrema por ingresos","https://inegi.org.mx/desarrollosocial/pm/#tabulados",4.2981523922,4.2338011285,7.3426126866,NA,3.8118480669,NA,2.4947518879,NA
"Social","Nuevo León","Porcentaje de la Población con Población con Ingreso Inferior a la Línea de pobreza por ingresos","https://inegi.org.mx/desarrollosocial/pm/#tabulados",28.0546283082,31.3393790849,35.64704195,NA,25.6782399165,NA,17.9330196186,NA
"Social","Oaxaca","Porcentaje de la Población en situación de Pobreza","https://inegi.org.mx/desarrollosocial/pm/#tabulados",67.9776094787,64.3359593979,61.6642479179,NA,58.440346184,NA,51.6137646138,NA
"Social","Oaxaca","Porcentaje de la Población en situación de Pobreza Moderada","https://inegi.org.mx/desarrollosocial/pm/#tabulados",43.7212795036,42.64549527,41.0169638752,NA,38.2079113311,NA,35.3444772402,NA
"Social","Oaxaca","Porcentaje de la Poblaciónn en situación de Pobreza Extrema","https://inegi.org.mx/desarrollosocial/pm/#tabulados",24.256329975,21.6904641279,20.6472840427,NA,20.2324348529,NA,16.2692873735,NA
"Social","Oaxaca","Porcentaje de la población vulnerable por ingresos","https://inegi.org.mx/desarrollosocial/pm/#tabulados",2.0373299702,2.9121537427,2.4335539962,NA,2.9834967066,NA,2.5439317489,NA
"Social","Oaxaca","Porcentaje de la Población con Rezago Educativo","https://inegi.org.mx/desarrollosocial/pm/#tabulados",28.5074936143,29.5778261421,29.5962465242,NA,29.1302411198,NA,30.514391643,NA
"Social","Oaxaca","Porcentaje de la Población con Carencia por acceso a la seguridad social","https://inegi.org.mx/desarrollosocial/pm/#tabulados",15.8760324687,16.2564939639,36.9258711095,NA,65.7087413548,NA,43.850328131,NA
"Social","Oaxaca","Porcentaje de la Población con Carencia por acceso a los servicios de salud","https://inegi.org.mx/desarrollosocial/pm/#tabulados",80.4727325036,78.2647688653,72.9967337294,NA,74.3253396156,NA,73.8540126802,NA
"Social","Oaxaca","Porcentaje de la Población con Carencia por calidad y espacios de la vivienda","https://inegi.org.mx/desarrollosocial/pm/#tabulados",26.2737304598,25.1141908413,22.7012048632,NA,21.103612597,NA,18.8889479687,NA
"Social","Oaxaca","Porcentaje de la Población con Carencia por acceso a los servicios básicos en la vivienda","https://inegi.org.mx/desarrollosocial/pm/#tabulados",61.9842511074,58.2768499616,53.6890477712,NA,55.1704413232,NA,46.6954184868,NA
"Social","Oaxaca","Porcentaje de la Población con Carencia por acceso a la alimentación nutritiva y de calidad","https://inegi.org.mx/desarrollosocial/pm/#tabulados",34.9554231068,32.0027889445,33.2624265617,NA,28.6111675179,NA,23.5179644611,NA
"Social","Oaxaca","Porcentaje de la Población con Población con Ingreso Inferior a la Línea de pobreza extrema por ingresos","https://inegi.org.mx/desarrollosocial/pm/#tabulados",33.0954144554,30.4319466553,28.7193781128,NA,24.8609430998,NA,22.3299140186,NA
"Social","Oaxaca","Porcentaje de la Población con Población con Ingreso Inferior a la Línea de pobreza por ingresos","https://inegi.org.mx/desarrollosocial/pm/#tabulados",70.0149394489,67.2481131406,64.0978019141,NA,61.4238428906,NA,54.1576963627,NA
"Social","Puebla","Porcentaje de la Población en situación de Pobreza","https://inegi.org.mx/desarrollosocial/pm/#tabulados",58.1260894098,58.0094416678,62.432099535,NA,54.0172651267,NA,43.442769114,NA
"Social","Puebla","Porcentaje de la Población en situación de Pobreza Moderada","https://inegi.org.mx/desarrollosocial/pm/#tabulados",50.1682391183,49.9032560303,49.6889456511,NA,42.6156300601,NA,36.1460294123,NA
"Social","Puebla","Porcentaje de la Poblaciónn en situación de Pobreza Extrema","https://inegi.org.mx/desarrollosocial/pm/#tabulados",7.9578502915,8.1061856375,12.7431538839,NA,11.4016350667,NA,7.2967397017,NA
"Social","Puebla","Porcentaje de la población vulnerable por ingresos","https://inegi.org.mx/desarrollosocial/pm/#tabulados",5.6051601661,6.3256765399,7.5088470018,NA,6.7348500464,NA,5.7831651584,NA
"Social","Puebla","Porcentaje de la Población con Rezago Educativo","https://inegi.org.mx/desarrollosocial/pm/#tabulados",21.133003578,21.3137258142,23.1554565403,NA,21.8982822447,NA,22.6501072492,NA
"Social","Puebla","Porcentaje de la Población con Carencia por acceso a la seguridad social","https://inegi.org.mx/desarrollosocial/pm/#tabulados",17.3781494314,20.8035131443,32.006940861,NA,48.2831532016,NA,47.3050612608,NA
"Social","Puebla","Porcentaje de la Población con Carencia por acceso a los servicios de salud","https://inegi.org.mx/desarrollosocial/pm/#tabulados",69.4027689259,70.6293832647,68.8658435777,NA,67.2549842546,NA,67.6567017209,NA
"Social","Puebla","Porcentaje de la Población con Carencia por calidad y espacios de la vivienda","https://inegi.org.mx/desarrollosocial/pm/#tabulados",14.4676308759,11.6572584076,10.3526560475,NA,11.3672162165,NA,10.7454103296,NA
"Social","Puebla","Porcentaje de la Población con Carencia por acceso a los servicios básicos en la vivienda","https://inegi.org.mx/desarrollosocial/pm/#tabulados",25.7174187084,26.4871692432,26.1866724542,NA,27.0780883434,NA,18.7697102527,NA
"Social","Puebla","Porcentaje de la Población con Carencia por acceso a la alimentación nutritiva y de calidad","https://inegi.org.mx/desarrollosocial/pm/#tabulados",23.6868593155,24.5023001885,30.8120466228,NA,22.1679437336,NA,16.9514768796,NA
"Social","Puebla","Porcentaje de la Población con Población con Ingreso Inferior a la Línea de pobreza extrema por ingresos","https://inegi.org.mx/desarrollosocial/pm/#tabulados",17.6636125623,17.7808451419,26.2187596735,NA,19.1268424734,NA,13.4766345844,NA
"Social","Puebla","Porcentaje de la Población con Población con Ingreso Inferior a la Línea de pobreza por ingresos","https://inegi.org.mx/desarrollosocial/pm/#tabulados",63.7312495759,64.3351182077,69.9409465367,NA,60.7521151731,NA,49.2259342724,NA
"Social","Querétaro","Porcentaje de la Población en situación de Pobreza","https://inegi.org.mx/desarrollosocial/pm/#tabulados",29.6880861919,26.3734686336,31.3252961754,NA,21.6907220327,NA,16.3260099131,NA
"Social","Querétaro","Porcentaje de la Población en situación de Pobreza Moderada","https://inegi.org.mx/desarrollosocial/pm/#tabulados",27.1810339191,24.7050051287,28.4145119681,NA,19.9727894675,NA,15.2116244065,NA
"Social","Querétaro","Porcentaje de la Poblaciónn en situación de Pobreza Extrema","https://inegi.org.mx/desarrollosocial/pm/#tabulados",2.5070522728,1.6684635048,2.9107842073,NA,1.7179325652,NA,1.1143855066,NA
"Social","Querétaro","Porcentaje de la población vulnerable por ingresos","https://inegi.org.mx/desarrollosocial/pm/#tabulados",8.5920171471,7.0787861547,8.5875001044,NA,7.5339313401,NA,4.7781856641,NA
"Social","Querétaro","Porcentaje de la Población con Rezago Educativo","https://inegi.org.mx/desarrollosocial/pm/#tabulados",15.6579702161,17.4552757452,16.9770907603,NA,17.6099503107,NA,14.5368176267,NA
"Social","Querétaro","Porcentaje de la Población con Carencia por acceso a la seguridad social","https://inegi.org.mx/desarrollosocial/pm/#tabulados",13.1750786149,11.8346117717,20.8811791913,NA,30.4314691788,NA,24.1364488333,NA
"Social","Querétaro","Porcentaje de la Población con Carencia por acceso a los servicios de salud","https://inegi.org.mx/desarrollosocial/pm/#tabulados",45.9354191274,45.8948537711,44.9285338588,NA,43.2160958341,NA,37.4399852987,NA
"Social","Querétaro","Porcentaje de la Población con Carencia por calidad y espacios de la vivienda","https://inegi.org.mx/desarrollosocial/pm/#tabulados",9.7153724477,8.4797091086,6.7171493692,NA,4.9839642117,NA,5.1310868956,NA
"Social","Querétaro","Porcentaje de la Población con Carencia por acceso a los servicios básicos en la vivienda","https://inegi.org.mx/desarrollosocial/pm/#tabulados",12.7482091656,12.6744500083,9.968357865,NA,7.8118957789,NA,6.7107625608,NA
"Social","Querétaro","Porcentaje de la Población con Carencia por acceso a la alimentación nutritiva y de calidad","https://inegi.org.mx/desarrollosocial/pm/#tabulados",14.6939547773,15.1611111572,18.2138056555,NA,13.0251735813,NA,9.9152666358,NA
"Social","Querétaro","Porcentaje de la Población con Población con Ingreso Inferior a la Línea de pobreza extrema por ingresos","https://inegi.org.mx/desarrollosocial/pm/#tabulados",6.7784828118,5.0575286356,8.3788623859,NA,4.60498057,NA,3.8222882622,NA
"Social","Querétaro","Porcentaje de la Población con Población con Ingreso Inferior a la Línea de pobreza por ingresos","https://inegi.org.mx/desarrollosocial/pm/#tabulados",38.280103339,33.4522547883,39.9127962798,NA,29.2246533728,NA,21.1041955772,NA
"Social","Quintana Roo","Porcentaje de la Población en situación de Pobreza","https://inegi.org.mx/desarrollosocial/pm/#tabulados",31.6528532657,30.1920646578,47.480293983,NA,26.9660148973,NA,17.7468519293,NA
"Social","Quintana Roo","Porcentaje de la Población en situación de Pobreza Moderada","https://inegi.org.mx/desarrollosocial/pm/#tabulados",26.6237121289,26.3788984727,36.8747530599,NA,22.8145522114,NA,15.1341347316,NA
"Social","Quintana Roo","Porcentaje de la Poblaciónn en situación de Pobreza Extrema","https://inegi.org.mx/desarrollosocial/pm/#tabulados",5.0291411368,3.8131661851,10.6055409231,NA,4.151462686,NA,2.6127171977,NA
"Social","Quintana Roo","Porcentaje de la población vulnerable por ingresos","https://inegi.org.mx/desarrollosocial/pm/#tabulados",6.3396684313,5.8924621377,9.4934531302,NA,5.9901293019,NA,4.3625708456,NA
"Social","Quintana Roo","Porcentaje de la Población con Rezago Educativo","https://inegi.org.mx/desarrollosocial/pm/#tabulados",15.9799589953,16.977085637,17.5450155463,NA,16.5228559192,NA,16.0204459443,NA
"Social","Quintana Roo","Porcentaje de la Población con Carencia por acceso a la seguridad social","https://inegi.org.mx/desarrollosocial/pm/#tabulados",17.626386146,15.6341747663,24.819717131,NA,32.3706942196,NA,30.3481690717,NA
"Social","Quintana Roo","Porcentaje de la Población con Carencia por acceso a los servicios de salud","https://inegi.org.mx/desarrollosocial/pm/#tabulados",45.417921093,44.0066067988,48.3140540607,NA,42.4094164436,NA,39.4589177624,NA
"Social","Quintana Roo","Porcentaje de la Población con Carencia por calidad y espacios de la vivienda","https://inegi.org.mx/desarrollosocial/pm/#tabulados",16.9886589663,20.9892404668,14.1920014549,NA,14.0209610185,NA,10.447422141,NA
"Social","Quintana Roo","Porcentaje de la Población con Carencia por acceso a los servicios básicos en la vivienda","https://inegi.org.mx/desarrollosocial/pm/#tabulados",19.5053774578,21.7823215637,21.3673154776,NA,22.4837727121,NA,12.0411843315,NA
"Social","Quintana Roo","Porcentaje de la Población con Carencia por acceso a la alimentación nutritiva y de calidad","https://inegi.org.mx/desarrollosocial/pm/#tabulados",19.3429591671,19.9518028614,29.4089338198,NA,14.9911814738,NA,13.0818636766,NA
"Social","Quintana Roo","Porcentaje de la Población con Población con Ingreso Inferior a la Línea de pobreza extrema por ingresos","https://inegi.org.mx/desarrollosocial/pm/#tabulados",9.8802694731,7.1443057252,23.1176320129,NA,7.0665059283,NA,4.4077950685,NA
"Social","Quintana Roo","Porcentaje de la Población con Población con Ingreso Inferior a la Línea de pobreza por ingresos","https://inegi.org.mx/desarrollosocial/pm/#tabulados",37.992521697,36.0845267955,56.9737471132,NA,32.9561441992,NA,22.1094227749,NA
"Social","San Luis Potosí","Porcentaje de la Población en situación de Pobreza","https://inegi.org.mx/desarrollosocial/pm/#tabulados",44.1371867817,42.068167098,42.846151104,NA,35.5227592699,NA,30.4051503805,NA
"Social","San Luis Potosí","Porcentaje de la Población en situación de Pobreza Moderada","https://inegi.org.mx/desarrollosocial/pm/#tabulados",37.7269085357,35.3400151793,34.0011428398,NA,28.1100691684,NA,25.3406837378,NA
"Social","San Luis Potosí","Porcentaje de la Poblaciónn en situación de Pobreza Extrema","https://inegi.org.mx/desarrollosocial/pm/#tabulados",6.410278246,6.7281519187,8.8450082642,NA,7.4126901016,NA,5.0644666427,NA
"Social","San Luis Potosí","Porcentaje de la población vulnerable por ingresos","https://inegi.org.mx/desarrollosocial/pm/#tabulados",7.2427367345,7.4846566251,8.68004121,NA,6.7275516186,NA,4.8956279181,NA
"Social","San Luis Potosí","Porcentaje de la Población con Rezago Educativo","https://inegi.org.mx/desarrollosocial/pm/#tabulados",18.7721708388,19.6831033135,19.2303796325,NA,20.5576706963,NA,18.7632719819,NA
"Social","San Luis Potosí","Porcentaje de la Población con Carencia por acceso a la seguridad social","https://inegi.org.mx/desarrollosocial/pm/#tabulados",9.0902930455,8.9575778154,19.7641048773,NA,34.5504405357,NA,33.4315966833,NA
"Social","San Luis Potosí","Porcentaje de la Población con Carencia por acceso a los servicios de salud","https://inegi.org.mx/desarrollosocial/pm/#tabulados",55.9167715454,52.6079100768,51.6234995816,NA,48.2021381334,NA,51.2385213648,NA
"Social","San Luis Potosí","Porcentaje de la Población con Carencia por calidad y espacios de la vivienda","https://inegi.org.mx/desarrollosocial/pm/#tabulados",9.6972426896,8.5736011208,9.3271327745,NA,9.0803826192,NA,7.1247995518,NA
"Social","San Luis Potosí","Porcentaje de la Población con Carencia por acceso a los servicios básicos en la vivienda","https://inegi.org.mx/desarrollosocial/pm/#tabulados",24.7251984663,26.4080809868,25.0133678374,NA,23.9258504699,NA,18.7826999043,NA
"Social","San Luis Potosí","Porcentaje de la Población con Carencia por acceso a la alimentación nutritiva y de calidad","https://inegi.org.mx/desarrollosocial/pm/#tabulados",20.8010256793,17.8499587705,18.684265976,NA,13.8914960667,NA,11.6794135617,NA
"Social","San Luis Potosí","Porcentaje de la Población con Población con Ingreso Inferior a la Línea de pobreza extrema por ingresos","https://inegi.org.mx/desarrollosocial/pm/#tabulados",14.8619859056,14.6876613872,17.8044063921,NA,13.4115509892,NA,10.0420810885,NA
"Social","San Luis Potosí","Porcentaje de la Población con Población con Ingreso Inferior a la Línea de pobreza por ingresos","https://inegi.org.mx/desarrollosocial/pm/#tabulados",51.3799235162,49.5528237231,51.526192314,NA,42.2503108885,NA,35.3007782986,NA
"Social","Sinaloa","Porcentaje de la Población en situación de Pobreza","https://inegi.org.mx/desarrollosocial/pm/#tabulados",30.458042392,30.9842554126,28.0713953195,NA,21.6388114638,NA,16.9986100247,NA
"Social","Sinaloa","Porcentaje de la Población en situación de Pobreza Moderada","https://inegi.org.mx/desarrollosocial/pm/#tabulados",27.8998668768,28.7928214779,25.6406589447,NA,19.8308382986,NA,15.5429784246,NA
"Social","Sinaloa","Porcentaje de la Poblaciónn en situación de Pobreza Extrema","https://inegi.org.mx/desarrollosocial/pm/#tabulados",2.5581755152,2.1914339348,2.4307363748,NA,1.8079731652,NA,1.4556316001,NA
"Social","Sinaloa","Porcentaje de la población vulnerable por ingresos","https://inegi.org.mx/desarrollosocial/pm/#tabulados",7.5969308558,6.9787180619,8.1520867196,NA,6.6695747609,NA,6.2739574627,NA
"Social","Sinaloa","Porcentaje de la Población con Rezago Educativo","https://inegi.org.mx/desarrollosocial/pm/#tabulados",16.4967688298,17.9181244061,16.846072212,NA,17.0028300484,NA,15.4903321942,NA
"Social","Sinaloa","Porcentaje de la Población con Carencia por acceso a la seguridad social","https://inegi.org.mx/desarrollosocial/pm/#tabulados",12.2103040411,13.1603567892,19.5731548549,NA,26.5751232297,NA,24.7062923884,NA
"Social","Sinaloa","Porcentaje de la Población con Carencia por acceso a los servicios de salud","https://inegi.org.mx/desarrollosocial/pm/#tabulados",41.5676913582,41.6697329557,39.1655422999,NA,39.1231934113,NA,36.9072077504,NA
"Social","Sinaloa","Porcentaje de la Población con Carencia por calidad y espacios de la vivienda","https://inegi.org.mx/desarrollosocial/pm/#tabulados",11.2691587736,8.5026247657,6.9727508719,NA,7.1440669211,NA,5.9195281163,NA
"Social","Sinaloa","Porcentaje de la Población con Carencia por acceso a los servicios básicos en la vivienda","https://inegi.org.mx/desarrollosocial/pm/#tabulados",12.7853690301,14.9178913459,11.6688890993,NA,9.6807476069,NA,5.6126430034,NA
"Social","Sinaloa","Porcentaje de la Población con Carencia por acceso a la alimentación nutritiva y de calidad","https://inegi.org.mx/desarrollosocial/pm/#tabulados",22.9774710674,24.846858061,22.062049267,NA,17.2913725784,NA,12.230443169,NA
"Social","Sinaloa","Porcentaje de la Población con Población con Ingreso Inferior a la Línea de pobreza extrema por ingresos","https://inegi.org.mx/desarrollosocial/pm/#tabulados",7.3346288617,5.2534379723,6.5555187342,NA,4.4766191494,NA,3.927867968,NA
"Social","Sinaloa","Porcentaje de la Población con Población con Ingreso Inferior a la Línea de pobreza por ingresos","https://inegi.org.mx/desarrollosocial/pm/#tabulados",38.0549732478,37.9629734745,36.2234820391,NA,28.3083862247,NA,23.2725674875,NA
"Social","Sonora","Porcentaje de la Población en situación de Pobreza","https://inegi.org.mx/desarrollosocial/pm/#tabulados",27.0077695154,26.6640193527,29.9240225224,NA,21.6931100455,NA,14.1142650311,NA
"Social","Sonora","Porcentaje de la Población en situación de Pobreza Moderada","https://inegi.org.mx/desarrollosocial/pm/#tabulados",24.899689768,24.4365216361,26.3761978938,NA,19.9859311085,NA,12.637078245,NA
"Social","Sonora","Porcentaje de la Poblaciónn en situación de Pobreza Extrema","https://inegi.org.mx/desarrollosocial/pm/#tabulados",2.1080797474,2.2274977166,3.5478246287,NA,1.7071789371,NA,1.4771867861,NA
"Social","Sonora","Porcentaje de la población vulnerable por ingresos","https://inegi.org.mx/desarrollosocial/pm/#tabulados",8.3688800209,9.1261384254,10.1860739853,NA,6.1531888153,NA,4.5185671766,NA
"Social","Sonora","Porcentaje de la Población con Rezago Educativo","https://inegi.org.mx/desarrollosocial/pm/#tabulados",13.4163924326,14.038983707,15.5883157452,NA,14.5653386273,NA,13.7365161502,NA
"Social","Sonora","Porcentaje de la Población con Carencia por acceso a la seguridad social","https://inegi.org.mx/desarrollosocial/pm/#tabulados",14.6869300955,12.6332324461,20.0703816997,NA,24.4289057351,NA,24.1188720437,NA
"Social","Sonora","Porcentaje de la Población con Carencia por acceso a los servicios de salud","https://inegi.org.mx/desarrollosocial/pm/#tabulados",38.3839168851,35.6387580539,34.0175622898,NA,33.1733322126,NA,31.4326436111,NA
"Social","Sonora","Porcentaje de la Población con Carencia por calidad y espacios de la vivienda","https://inegi.org.mx/desarrollosocial/pm/#tabulados",9.5025175143,8.6358457789,8.5714131148,NA,8.1487833644,NA,7.289379577,NA
"Social","Sonora","Porcentaje de la Población con Carencia por acceso a los servicios básicos en la vivienda","https://inegi.org.mx/desarrollosocial/pm/#tabulados",9.7253978826,10.72303356,10.1171664604,NA,9.1916424514,NA,6.7895072589,NA
"Social","Sonora","Porcentaje de la Población con Carencia por acceso a la alimentación nutritiva y de calidad","https://inegi.org.mx/desarrollosocial/pm/#tabulados",21.1970201971,22.1029132393,22.3479478372,NA,19.5618630975,NA,14.2306010925,NA
"Social","Sonora","Porcentaje de la Población con Población con Ingreso Inferior a la Línea de pobreza extrema por ingresos","https://inegi.org.mx/desarrollosocial/pm/#tabulados",5.8451765636,5.8167663829,10.0890016084,NA,5.5874312566,NA,3.3107385901,NA
"Social","Sonora","Porcentaje de la Población con Población con Ingreso Inferior a la Línea de pobreza por ingresos","https://inegi.org.mx/desarrollosocial/pm/#tabulados",35.3766495363,35.7901577781,40.1100965077,NA,27.8462988609,NA,18.6328322076,NA
"Social","Tabasco","Porcentaje de la Población en situación de Pobreza","https://inegi.org.mx/desarrollosocial/pm/#tabulados",53.8436146247,56.3513647173,54.4777873995,NA,46.4740941404,NA,34.8039271812,NA
"Social","Tabasco","Porcentaje de la Población en situación de Pobreza Moderada","https://inegi.org.mx/desarrollosocial/pm/#tabulados",42.3479884337,44.2844776354,40.7846393547,NA,35.3174879395,NA,28.3222303774,NA
"Social","Tabasco","Porcentaje de la Poblaciónn en situación de Pobreza Extrema","https://inegi.org.mx/desarrollosocial/pm/#tabulados",11.495626191,12.0668870819,13.6931480448,NA,11.156606201,NA,6.4816968038,NA
"Social","Tabasco","Porcentaje de la población vulnerable por ingresos","https://inegi.org.mx/desarrollosocial/pm/#tabulados",3.1265071475,3.3072002394,5.1719570368,NA,3.5786437677,NA,4.4768476423,NA
"Social","Tabasco","Porcentaje de la Población con Rezago Educativo","https://inegi.org.mx/desarrollosocial/pm/#tabulados",17.6226885046,18.0175481161,16.612303153,NA,17.9337549636,NA,17.9007576173,NA
"Social","Tabasco","Porcentaje de la Población con Carencia por acceso a la seguridad social","https://inegi.org.mx/desarrollosocial/pm/#tabulados",13.4084843964,12.6475270073,26.9942578884,NA,44.8000340667,NA,35.0750490858,NA
"Social","Tabasco","Porcentaje de la Población con Carencia por acceso a los servicios de salud","https://inegi.org.mx/desarrollosocial/pm/#tabulados",62.8220445976,63.212654459,58.4792179602,NA,58.2856249074,NA,54.83781051,NA
"Social","Tabasco","Porcentaje de la Población con Carencia por calidad y espacios de la vivienda","https://inegi.org.mx/desarrollosocial/pm/#tabulados",12.3297043901,12.2823709823,9.5306966201,NA,12.3382137736,NA,9.8016865859,NA
"Social","Tabasco","Porcentaje de la Población con Carencia por acceso a los servicios básicos en la vivienda","https://inegi.org.mx/desarrollosocial/pm/#tabulados",48.7972185961,46.0051364464,42.9604906956,NA,43.9413233448,NA,33.7789782017,NA
"Social","Tabasco","Porcentaje de la Población con Carencia por acceso a la alimentación nutritiva y de calidad","https://inegi.org.mx/desarrollosocial/pm/#tabulados",48.0646993636,50.0254032609,43.3454092082,NA,38.8968687276,NA,32.6571802295,NA
"Social","Tabasco","Porcentaje de la Población con Población con Ingreso Inferior a la Línea de pobreza extrema por ingresos","https://inegi.org.mx/desarrollosocial/pm/#tabulados",18.4693704759,19.5459283349,22.4497441051,NA,15.8809073213,NA,9.9996091296,NA
"Social","Tabasco","Porcentaje de la Población con Población con Ingreso Inferior a la Línea de pobreza por ingresos","https://inegi.org.mx/desarrollosocial/pm/#tabulados",56.9701217722,59.6585649567,59.6497444363,NA,50.0527379082,NA,39.2807748235,NA
"Social","Tamaulipas","Porcentaje de la Población en situación de Pobreza","https://inegi.org.mx/desarrollosocial/pm/#tabulados",32.0434211295,34.5468297298,34.9424597966,NA,26.8227483836,NA,20.1531927416,NA
"Social","Tamaulipas","Porcentaje de la Población en situación de Pobreza Moderada","https://inegi.org.mx/desarrollosocial/pm/#tabulados",29.3244174502,31.5540685199,31.1055778274,NA,23.9629407632,NA,18.688401141,NA
"Social","Tamaulipas","Porcentaje de la Poblaciónn en situación de Pobreza Extrema","https://inegi.org.mx/desarrollosocial/pm/#tabulados",2.7190036793,2.9927612099,3.8368819692,NA,2.8598076203,NA,1.4647916006,NA
"Social","Tamaulipas","Porcentaje de la población vulnerable por ingresos","https://inegi.org.mx/desarrollosocial/pm/#tabulados",10.524703615,13.8727856516,13.3659666808,NA,10.6998403013,NA,6.7629823184,NA
"Social","Tamaulipas","Porcentaje de la Población con Rezago Educativo","https://inegi.org.mx/desarrollosocial/pm/#tabulados",15.5363546108,16.0861237464,15.6205957087,NA,16.0955717679,NA,15.1794917987,NA
"Social","Tamaulipas","Porcentaje de la Población con Carencia por acceso a la seguridad social","https://inegi.org.mx/desarrollosocial/pm/#tabulados",12.7547450797,11.9816205753,19.5527385082,NA,27.9477171391,NA,25.123452974,NA
"Social","Tamaulipas","Porcentaje de la Población con Carencia por acceso a los servicios de salud","https://inegi.org.mx/desarrollosocial/pm/#tabulados",41.2304210711,39.6278258208,39.826531274,NA,39.4471098048,NA,37.9344491492,NA
"Social","Tamaulipas","Porcentaje de la Población con Carencia por calidad y espacios de la vivienda","https://inegi.org.mx/desarrollosocial/pm/#tabulados",6.4259183554,7.6945784882,5.5943366813,NA,6.1145845786,NA,4.2964124578,NA
"Social","Tamaulipas","Porcentaje de la Población con Carencia por acceso a los servicios básicos en la vivienda","https://inegi.org.mx/desarrollosocial/pm/#tabulados",9.7447877124,8.8905824078,8.0787640559,NA,6.8114237371,NA,4.8423105574,NA
"Social","Tamaulipas","Porcentaje de la Población con Carencia por acceso a la alimentación nutritiva y de calidad","https://inegi.org.mx/desarrollosocial/pm/#tabulados",19.6279565497,17.3562437968,14.1095335306,NA,12.4411161576,NA,9.7457986267,NA
"Social","Tamaulipas","Porcentaje de la Población con Población con Ingreso Inferior a la Línea de pobreza extrema por ingresos","https://inegi.org.mx/desarrollosocial/pm/#tabulados",10.0297845004,11.9455083074,12.6575138113,NA,8.0343127871,NA,5.0062058669,NA
"Social","Tamaulipas","Porcentaje de la Población con Población con Ingreso Inferior a la Línea de pobreza por ingresos","https://inegi.org.mx/desarrollosocial/pm/#tabulados",42.5681247445,48.4196153814,48.3084264774,NA,37.5225886849,NA,26.91617506,NA
"Social","Tlaxcala","Porcentaje de la Población en situación de Pobreza","https://inegi.org.mx/desarrollosocial/pm/#tabulados",55.9333096374,50.9655232684,59.2875216289,NA,52.5199807963,NA,40.8051931057,NA
"Social","Tlaxcala","Porcentaje de la Población en situación de Pobreza Moderada","https://inegi.org.mx/desarrollosocial/pm/#tabulados",50.0765923181,47.6943963621,49.4439456967,NA,45.7663476257,NA,36.4507053005,NA
"Social","Tlaxcala","Porcentaje de la Poblaciónn en situación de Pobreza Extrema","https://inegi.org.mx/desarrollosocial/pm/#tabulados",5.8567173193,3.2711269063,9.8435759321,NA,6.7536331705,NA,4.3544878051,NA
"Social","Tlaxcala","Porcentaje de la población vulnerable por ingresos","https://inegi.org.mx/desarrollosocial/pm/#tabulados",9.084053385,9.4503991647,9.4245537936,NA,10.428830133,NA,9.6159560952,NA
"Social","Tlaxcala","Porcentaje de la Población con Rezago Educativo","https://inegi.org.mx/desarrollosocial/pm/#tabulados",14.2018199719,15.9062580013,16.0575031406,NA,16.1423820524,NA,14.3119162255,NA
"Social","Tlaxcala","Porcentaje de la Población con Carencia por acceso a la seguridad social","https://inegi.org.mx/desarrollosocial/pm/#tabulados",12.524574024,13.7368011934,27.5621311242,NA,45.2308754194,NA,39.2702034384,NA
"Social","Tlaxcala","Porcentaje de la Población con Carencia por acceso a los servicios de salud","https://inegi.org.mx/desarrollosocial/pm/#tabulados",66.286483579,63.9999724027,64.8526570907,NA,61.893918279,NA,58.7163366903,NA
"Social","Tlaxcala","Porcentaje de la Población con Carencia por calidad y espacios de la vivienda","https://inegi.org.mx/desarrollosocial/pm/#tabulados",10.2356904475,8.71278385,8.1671910925,NA,8.1646560618,NA,5.8088463824,NA
"Social","Tlaxcala","Porcentaje de la Población con Carencia por acceso a los servicios básicos en la vivienda","https://inegi.org.mx/desarrollosocial/pm/#tabulados",10.7143531173,10.1304433818,7.698392946,NA,8.0608303431,NA,6.1933264993,NA
"Social","Tlaxcala","Porcentaje de la Población con Carencia por acceso a la alimentación nutritiva y de calidad","https://inegi.org.mx/desarrollosocial/pm/#tabulados",24.9465269237,24.3123281875,32.9491988433,NA,22.7359353727,NA,20.815157827,NA
"Social","Tlaxcala","Porcentaje de la Población con Población con Ingreso Inferior a la Línea de pobreza extrema por ingresos","https://inegi.org.mx/desarrollosocial/pm/#tabulados",18.3481852182,12.6950019701,27.7095332907,NA,16.9315450697,NA,12.0328440487,NA
"Social","Tlaxcala","Porcentaje de la Población con Población con Ingreso Inferior a la Línea de pobreza por ingresos","https://inegi.org.mx/desarrollosocial/pm/#tabulados",65.0173630224,60.4159224331,68.7120754225,NA,62.9488109292,NA,50.4211492009,NA
"Social","Veracruz de Ignacio de la Llave","Porcentaje de la Población en situación de Pobreza","https://inegi.org.mx/desarrollosocial/pm/#tabulados",60.4919076652,60.1553371599,58.6031541958,NA,51.7324255322,NA,44.5017883949,NA
"Social","Veracruz de Ignacio de la Llave","Porcentaje de la Población en situación de Pobreza Moderada","https://inegi.org.mx/desarrollosocial/pm/#tabulados",45.7308015679,44.0199235971,44.6637901678,NA,38.5912516082,NA,35.6809552932,NA
"Social","Veracruz de Ignacio de la Llave","Porcentaje de la Poblaciónn en situación de Pobreza Extrema","https://inegi.org.mx/desarrollosocial/pm/#tabulados",14.7611060973,16.1354135629,13.9393640281,NA,13.1411739241,NA,8.8208331017,NA
"Social","Veracruz de Ignacio de la Llave","Porcentaje de la población vulnerable por ingresos","https://inegi.org.mx/desarrollosocial/pm/#tabulados",4.6877322975,6.9559301679,5.9345372349,NA,5.9508023617,NA,5.6905428195,NA
"Social","Veracruz de Ignacio de la Llave","Porcentaje de la Población con Rezago Educativo","https://inegi.org.mx/desarrollosocial/pm/#tabulados",26.4014987401,26.3856687724,27.8201451986,NA,25.4997179778,NA,26.3108285921,NA
"Social","Veracruz de Ignacio de la Llave","Porcentaje de la Población con Carencia por acceso a la seguridad social","https://inegi.org.mx/desarrollosocial/pm/#tabulados",19.4287181682,16.7452340107,30.9559320695,NA,49.2190642128,NA,40.7247601574,NA
"Social","Veracruz de Ignacio de la Llave","Porcentaje de la Población con Carencia por acceso a los servicios de salud","https://inegi.org.mx/desarrollosocial/pm/#tabulados",67.7638522915,65.7228342577,65.1625958079,NA,60.9162942527,NA,60.1515595174,NA
"Social","Veracruz de Ignacio de la Llave","Porcentaje de la Población con Carencia por calidad y espacios de la vivienda","https://inegi.org.mx/desarrollosocial/pm/#tabulados",17.5075297844,16.8683491564,14.9546439376,NA,12.5579096135,NA,11.7462641388,NA
"Social","Veracruz de Ignacio de la Llave","Porcentaje de la Población con Carencia por acceso a los servicios básicos en la vivienda","https://inegi.org.mx/desarrollosocial/pm/#tabulados",39.2044146174,42.083063935,37.7515188605,NA,37.3541686878,NA,28.4671200974,NA
"Social","Veracruz de Ignacio de la Llave","Porcentaje de la Población con Carencia por acceso a la alimentación nutritiva y de calidad","https://inegi.org.mx/desarrollosocial/pm/#tabulados",23.794463087,28.4918243534,24.3902472127,NA,21.566958699,NA,14.1524490817,NA
"Social","Veracruz de Ignacio de la Llave","Porcentaje de la Población con Población con Ingreso Inferior a la Línea de pobreza extrema por ingresos","https://inegi.org.mx/desarrollosocial/pm/#tabulados",24.8391720667,26.2415474828,24.4066819992,NA,18.7597775413,NA,14.6022597404,NA
"Social","Veracruz de Ignacio de la Llave","Porcentaje de la Población con Población con Ingreso Inferior a la Línea de pobreza por ingresos","https://inegi.org.mx/desarrollosocial/pm/#tabulados",65.1796399627,67.1112673279,64.5376914307,NA,57.6832278939,NA,50.1923312144,NA
"Social","Yucatán","Porcentaje de la Población en situación de Pobreza","https://inegi.org.mx/desarrollosocial/pm/#tabulados",45.5045678535,44.0300302272,49.4856261929,NA,38.7726252089,NA,26.6402300924,NA
"Social","Yucatán","Porcentaje de la Población en situación de Pobreza Moderada","https://inegi.org.mx/desarrollosocial/pm/#tabulados",39.0049259409,37.4812521854,38.2064031305,NA,33.1685973877,NA,23.0540549745,NA
"Social","Yucatán","Porcentaje de la Poblaciónn en situación de Pobreza Extrema","https://inegi.org.mx/desarrollosocial/pm/#tabulados",6.4996419126,6.5487780418,11.2792230624,NA,5.6040278213,NA,3.5861751179,NA
"Social","Yucatán","Porcentaje de la población vulnerable por ingresos","https://inegi.org.mx/desarrollosocial/pm/#tabulados",7.0170425704,7.3378280757,9.0688058914,NA,6.9419157264,NA,5.3132973698,NA
"Social","Yucatán","Porcentaje de la Población con Rezago Educativo","https://inegi.org.mx/desarrollosocial/pm/#tabulados",21.7045969783,21.5914476242,21.8499576952,NA,21.2200937684,NA,19.6534151656,NA
"Social","Yucatán","Porcentaje de la Población con Carencia por acceso a la seguridad social","https://inegi.org.mx/desarrollosocial/pm/#tabulados",14.4105018139,14.0633458703,24.7440108068,NA,35.1272683145,NA,26.0559599382,NA
"Social","Yucatán","Porcentaje de la Población con Carencia por acceso a los servicios de salud","https://inegi.org.mx/desarrollosocial/pm/#tabulados",51.7730033815,49.7615366729,49.3989205208,NA,45.8371132431,NA,42.3449342302,NA
"Social","Yucatán","Porcentaje de la Población con Carencia por calidad y espacios de la vivienda","https://inegi.org.mx/desarrollosocial/pm/#tabulados",15.7691206945,13.5754589554,11.9803113534,NA,12.5706349785,NA,10.5511277377,NA
"Social","Yucatán","Porcentaje de la Población con Carencia por acceso a los servicios básicos en la vivienda","https://inegi.org.mx/desarrollosocial/pm/#tabulados",35.4767431551,38.4443795605,34.6143843298,NA,34.7608575932,NA,29.6435224717,NA
"Social","Yucatán","Porcentaje de la Población con Carencia por acceso a la alimentación nutritiva y de calidad","https://inegi.org.mx/desarrollosocial/pm/#tabulados",21.9960741312,21.3589303495,24.6117921425,NA,15.4485771458,NA,14.6527908286,NA
"Social","Yucatán","Porcentaje de la Población con Población con Ingreso Inferior a la Línea de pobreza extrema por ingresos","https://inegi.org.mx/desarrollosocial/pm/#tabulados",12.0528214483,11.5389803674,21.3495286582,NA,10.1918305072,NA,6.5189195143,NA
"Social","Yucatán","Porcentaje de la Población con Población con Ingreso Inferior a la Línea de pobreza por ingresos","https://inegi.org.mx/desarrollosocial/pm/#tabulados",52.5216104239,51.3678583029,58.5544320843,NA,45.7145409353,NA,31.9535274622,NA
"Social","Zacatecas","Porcentaje de la Población en situación de Pobreza","https://inegi.org.mx/desarrollosocial/pm/#tabulados",50.1945735155,49.2321481961,45.7707604493,NA,44.2158881807,NA,36.4275948228,NA
"Social","Zacatecas","Porcentaje de la Población en situación de Pobreza Moderada","https://inegi.org.mx/desarrollosocial/pm/#tabulados",46.42295171,45.637738853,41.8406063954,NA,39.0905545874,NA,32.9039219321,NA
"Social","Zacatecas","Porcentaje de la Poblaciónn en situación de Pobreza Extrema","https://inegi.org.mx/desarrollosocial/pm/#tabulados",3.7716218055,3.5944093431,3.9301540539,NA,5.1253335933,NA,3.5236728907,NA
"Social","Zacatecas","Porcentaje de la población vulnerable por ingresos","https://inegi.org.mx/desarrollosocial/pm/#tabulados",9.9271062701,9.3590701469,8.5202847849,NA,8.8233143637,NA,8.3967210116,NA
"Social","Zacatecas","Porcentaje de la Población con Rezago Educativo","https://inegi.org.mx/desarrollosocial/pm/#tabulados",19.2724048032,20.8250050604,21.863008654,NA,20.7248875836,NA,18.7769748672,NA
"Social","Zacatecas","Porcentaje de la Población con Carencia por acceso a la seguridad social","https://inegi.org.mx/desarrollosocial/pm/#tabulados",11.4760431555,11.6825886532,23.8047014055,NA,36.7209758594,NA,33.7807179497,NA
"Social","Zacatecas","Porcentaje de la Población con Carencia por acceso a los servicios de salud","https://inegi.org.mx/desarrollosocial/pm/#tabulados",61.5278771637,61.6423839092,59.9669183085,NA,57.0049719111,NA,52.9335657013,NA
"Social","Zacatecas","Porcentaje de la Población con Carencia por calidad y espacios de la vivienda","https://inegi.org.mx/desarrollosocial/pm/#tabulados",5.1453954907,5.4183243257,3.3897993003,NA,4.6160173529,NA,3.1078416977,NA
"Social","Zacatecas","Porcentaje de la Población con Carencia por acceso a los servicios básicos en la vivienda","https://inegi.org.mx/desarrollosocial/pm/#tabulados",10.7437192422,10.4467957221,7.3313692997,NA,7.3511168521,NA,5.4704368695,NA
"Social","Zacatecas","Porcentaje de la Población con Carencia por acceso a la alimentación nutritiva y de calidad","https://inegi.org.mx/desarrollosocial/pm/#tabulados",15.8994000049,17.3662209583,17.0050942122,NA,16.6414009091,NA,11.2796768673,NA
"Social","Zacatecas","Porcentaje de la Población con Población con Ingreso Inferior a la Línea de pobreza extrema por ingresos","https://inegi.org.mx/desarrollosocial/pm/#tabulados",19.4985553583,14.6925281077,17.0104953047,NA,16.3346169313,NA,13.0185252496,NA
"Social","Zacatecas","Porcentaje de la Población con Población con Ingreso Inferior a la Línea de pobreza por ingresos","https://inegi.org.mx/desarrollosocial/pm/#tabulados",60.1216797856,58.591218343,54.2910452341,NA,53.0392025444,NA,44.8243158343,NA
"Gobierno","Aguascalientes","Tasa de incidencia de corrupción por cada cien mil habitantes","https://www.inegi.org.mx/programas/encig/2025/#tabulados",NA,NA,NA,19821.2242793381,NA,18678.1306044941,NA,21392.012062159
"Gobierno","Baja California","Tasa de incidencia de corrupción por cada cien mil habitantes","https://www.inegi.org.mx/programas/encig/2025/#tabulados",NA,NA,NA,30567.3052407203,NA,21607.9699976405,NA,23879.7047533777
"Gobierno","Baja California Sur","Tasa de incidencia de corrupción por cada cien mil habitantes","https://www.inegi.org.mx/programas/encig/2025/#tabulados",NA,NA,NA,8226.01705112778,NA,14819.5642372395,NA,23381.6712509149
"Gobierno","Campeche","Tasa de incidencia de corrupción por cada cien mil habitantes","https://www.inegi.org.mx/programas/encig/2025/#tabulados",NA,NA,NA,20586.4487495141,NA,15659.2002002181,NA,18937.179416469
"Gobierno","Coahuila de Zaragoza","Tasa de incidencia de corrupción por cada cien mil habitantes","https://www.inegi.org.mx/programas/encig/2025/#tabulados",NA,NA,NA,27589.2835692054,NA,20289.1094986054,NA,22143.4921056123
"Gobierno","Colima","Tasa de incidencia de corrupción por cada cien mil habitantes","https://www.inegi.org.mx/programas/encig/2025/#tabulados",NA,NA,NA,8919.87469177511,NA,16248.6214973959,NA,9909.29186675814
"Gobierno","Chiapas","Tasa de incidencia de corrupción por cada cien mil habitantes","https://www.inegi.org.mx/programas/encig/2025/#tabulados",NA,NA,NA,16697.612856593,NA,18288.8733293836,NA,21078.2330368809
"Gobierno","Chihuahua","Tasa de incidencia de corrupción por cada cien mil habitantes","https://www.inegi.org.mx/programas/encig/2025/#tabulados",NA,NA,NA,15368.1313384576,NA,31903.8772084099,NA,36329.9609222819
"Gobierno","Ciudad de México","Tasa de incidencia de corrupción por cada cien mil habitantes","https://www.inegi.org.mx/programas/encig/2025/#tabulados",NA,NA,NA,25771.484375,NA,28777.2304540879,NA,38866.4080561822
"Gobierno","Durango","Tasa de incidencia de corrupción por cada cien mil habitantes","https://www.inegi.org.mx/programas/encig/2025/#tabulados",NA,NA,NA,50884.6671773872,NA,32459.6602822009,NA,27138.5173875306
"Gobierno","Guanajuato","Tasa de incidencia de corrupción por cada cien mil habitantes","https://www.inegi.org.mx/programas/encig/2025/#tabulados",NA,NA,NA,24185.4242032588,NA,27642.1057023064,NA,17834.0204402945
"Gobierno","Guerrero","Tasa de incidencia de corrupción por cada cien mil habitantes","https://www.inegi.org.mx/programas/encig/2025/#tabulados",NA,NA,NA,24373.0196412825,NA,45214.8444000666,NA,27739.9047113967
"Gobierno","Hidalgo","Tasa de incidencia de corrupción por cada cien mil habitantes","https://www.inegi.org.mx/programas/encig/2025/#tabulados",NA,NA,NA,11848.5775282252,NA,30353.2619005035,NA,46218.9505240552
"Gobierno","Jalisco","Tasa de incidencia de corrupción por cada cien mil habitantes","https://www.inegi.org.mx/programas/encig/2025/#tabulados",NA,NA,NA,16496.9572025345,NA,24390.8117787649,NA,18306.3446033967
"Gobierno","México","Tasa de incidencia de corrupción por cada cien mil habitantes","https://www.inegi.org.mx/programas/encig/2025/#tabulados",NA,NA,NA,32905.6827658061,NA,25856.4887278284,NA,30086.1882893598
"Gobierno","Michoacán de Ocampo","Tasa de incidencia de corrupción por cada cien mil habitantes","https://www.inegi.org.mx/programas/encig/2025/#tabulados",NA,NA,NA,29716.4283667166,NA,21412.9314323258,NA,22276.2425892659
"Gobierno","Morelos","Tasa de incidencia de corrupción por cada cien mil habitantes","https://www.inegi.org.mx/programas/encig/2025/#tabulados",NA,NA,NA,23344.8949384562,NA,23742.4567010966,NA,23675.0363875432
"Gobierno","Nayarit","Tasa de incidencia de corrupción por cada cien mil habitantes","https://www.inegi.org.mx/programas/encig/2025/#tabulados",NA,NA,NA,19650.7105582723,NA,15529.2945275297,NA,17663.5260948862
"Gobierno","Nuevo León","Tasa de incidencia de corrupción por cada cien mil habitantes","https://www.inegi.org.mx/programas/encig/2025/#tabulados",NA,NA,NA,18684.2350495794,NA,24116.427370106,NA,31833.276392684
"Gobierno","Oaxaca","Tasa de incidencia de corrupción por cada cien mil habitantes","https://www.inegi.org.mx/programas/encig/2025/#tabulados",NA,NA,NA,27484.3532343189,NA,27315.0537986397,NA,34965.723453909
"Gobierno","Puebla","Tasa de incidencia de corrupción por cada cien mil habitantes","https://www.inegi.org.mx/programas/encig/2025/#tabulados",NA,NA,NA,37895.706460846,NA,19491.4973337187,NA,20099.6521449271
"Gobierno","Querétaro","Tasa de incidencia de corrupción por cada cien mil habitantes","https://www.inegi.org.mx/programas/encig/2025/#tabulados",NA,NA,NA,21849.031774305,NA,25822.4473071011,NA,14510.5395855717
"Gobierno","Quintana Roo","Tasa de incidencia de corrupción por cada cien mil habitantes","https://www.inegi.org.mx/programas/encig/2025/#tabulados",NA,NA,NA,31389.2108886935,NA,25623.7175004682,NA,29462.9834201302
"Gobierno","San Luis Potosí","Tasa de incidencia de corrupción por cada cien mil habitantes","https://www.inegi.org.mx/programas/encig/2025/#tabulados",NA,NA,NA,18732.3642858992,NA,27001.4759055473,NA,29523.0842686103
"Gobierno","Sinaloa","Tasa de incidencia de corrupción por cada cien mil habitantes","https://www.inegi.org.mx/programas/encig/2025/#tabulados",NA,NA,NA,21065.4637357306,NA,29554.0272031675,NA,31994.6707462467
"Gobierno","Sonora","Tasa de incidencia de corrupción por cada cien mil habitantes","https://www.inegi.org.mx/programas/encig/2025/#tabulados",NA,NA,NA,31883.484573041,NA,36278.5847429274,NA,36864.5370435551
"Gobierno","Tabasco","Tasa de incidencia de corrupción por cada cien mil habitantes","https://www.inegi.org.mx/programas/encig/2025/#tabulados",NA,NA,NA,25277.3383332357,NA,31307.9902364654,NA,41327.5539856951
"Gobierno","Tamaulipas","Tasa de incidencia de corrupción por cada cien mil habitantes","https://www.inegi.org.mx/programas/encig/2025/#tabulados",NA,NA,NA,14570.5127963265,NA,18671.241791398,NA,15591.3303776244
"Gobierno","Tlaxcala","Tasa de incidencia de corrupción por cada cien mil habitantes","https://www.inegi.org.mx/programas/encig/2025/#tabulados",NA,NA,NA,30006.531459865,NA,24548.3590713137,NA,17705.4401975047
"Gobierno","Veracruz de Ignacio de la Llave","Tasa de incidencia de corrupción por cada cien mil habitantes","https://www.inegi.org.mx/programas/encig/2025/#tabulados",NA,NA,NA,39296.2977582724,NA,26199.4618070215,NA,18164.6294836653
"Gobierno","Yucatán","Tasa de incidencia de corrupción por cada cien mil habitantes","https://www.inegi.org.mx/programas/encig/2025/#tabulados",NA,NA,NA,19495.2550711097,NA,16184.3805360924,NA,26439.1969844384
"Gobierno","Zacatecas","Tasa de incidencia de corrupción por cada cien mil habitantes","https://www.inegi.org.mx/programas/encig/2025/#tabulados",NA,NA,NA,12218.553956881,NA,24533.6901385949,NA,18607.8899203645
"Gobierno","Aguascalientes","Tasa de prevalencia de la corrupción por cada 100 mil habitantes","https://www.inegi.org.mx/app/tabulados/interactivos/?px=ENCIG_PREVALENCIA_ENT&bd=encig",NA,NA,NA,11316.285589984,NA,11950.5549472336,NA,13546
"Gobierno","Baja California","Tasa de prevalencia de la corrupción por cada 100 mil habitantes","https://www.inegi.org.mx/app/tabulados/interactivos/?px=ENCIG_PREVALENCIA_ENT&bd=encig",NA,NA,NA,19383.7604658418,NA,14643.6598904715,NA,15598
"Gobierno","Baja California Sur","Tasa de prevalencia de la corrupción por cada 100 mil habitantes","https://www.inegi.org.mx/app/tabulados/interactivos/?px=ENCIG_PREVALENCIA_ENT&bd=encig",NA,NA,NA,5223.72137876887,NA,10521.6622458002,NA,11575
"Gobierno","Campeche","Tasa de prevalencia de la corrupción por cada 100 mil habitantes","https://www.inegi.org.mx/app/tabulados/interactivos/?px=ENCIG_PREVALENCIA_ENT&bd=encig",NA,NA,NA,14378.5635609693,NA,11801.7840862368,NA,12311
"Gobierno","Coahuila de Zaragoza","Tasa de prevalencia de la corrupción por cada 100 mil habitantes","https://www.inegi.org.mx/app/tabulados/interactivos/?px=ENCIG_PREVALENCIA_ENT&bd=encig",NA,NA,NA,11473.0494473859,NA,11464.0021004007,NA,14619
"Gobierno","Colima","Tasa de prevalencia de la corrupción por cada 100 mil habitantes","https://www.inegi.org.mx/app/tabulados/interactivos/?px=ENCIG_PREVALENCIA_ENT&bd=encig",NA,NA,NA,6229.87214700024,NA,10262.0966119022,NA,6992
"Gobierno","Chiapas","Tasa de prevalencia de la corrupción por cada 100 mil habitantes","https://www.inegi.org.mx/app/tabulados/interactivos/?px=ENCIG_PREVALENCIA_ENT&bd=encig",NA,NA,NA,12315.1442330257,NA,12600.1215693214,NA,14192
"Gobierno","Chihuahua","Tasa de prevalencia de la corrupción por cada 100 mil habitantes","https://www.inegi.org.mx/app/tabulados/interactivos/?px=ENCIG_PREVALENCIA_ENT&bd=encig",NA,NA,NA,10383.3299283539,NA,21891.3102566152,NA,18420
"Gobierno","Ciudad de México","Tasa de prevalencia de la corrupción por cada 100 mil habitantes","https://www.inegi.org.mx/app/tabulados/interactivos/?px=ENCIG_PREVALENCIA_ENT&bd=encig",NA,NA,NA,16224.8985512743,NA,15738.9493439452,NA,17905
"Gobierno","Durango","Tasa de prevalencia de la corrupción por cada 100 mil habitantes","https://www.inegi.org.mx/app/tabulados/interactivos/?px=ENCIG_PREVALENCIA_ENT&bd=encig",NA,NA,NA,18398.6155431733,NA,15321.6552388508,NA,15334
"Gobierno","Guanajuato","Tasa de prevalencia de la corrupción por cada 100 mil habitantes","https://www.inegi.org.mx/app/tabulados/interactivos/?px=ENCIG_PREVALENCIA_ENT&bd=encig",NA,NA,NA,15804.4034615297,NA,10888.5474102865,NA,11646
"Gobierno","Guerrero","Tasa de prevalencia de la corrupción por cada 100 mil habitantes","https://www.inegi.org.mx/app/tabulados/interactivos/?px=ENCIG_PREVALENCIA_ENT&bd=encig",NA,NA,NA,13316.3438338776,NA,18278.5821268098,NA,17255
"Gobierno","Hidalgo","Tasa de prevalencia de la corrupción por cada 100 mil habitantes","https://www.inegi.org.mx/app/tabulados/interactivos/?px=ENCIG_PREVALENCIA_ENT&bd=encig",NA,NA,NA,9350.30082383569,NA,13107.490691511,NA,21452
"Gobierno","Jalisco","Tasa de prevalencia de la corrupción por cada 100 mil habitantes","https://www.inegi.org.mx/app/tabulados/interactivos/?px=ENCIG_PREVALENCIA_ENT&bd=encig",NA,NA,NA,12192.7504157773,NA,14580.1263307774,NA,13514
"Gobierno","México","Tasa de prevalencia de la corrupción por cada 100 mil habitantes","https://www.inegi.org.mx/app/tabulados/interactivos/?px=ENCIG_PREVALENCIA_ENT&bd=encig",NA,NA,NA,17727.4556745882,NA,12030.5732666966,NA,17899
"Gobierno","Michoacán de Ocampo","Tasa de prevalencia de la corrupción por cada 100 mil habitantes","https://www.inegi.org.mx/app/tabulados/interactivos/?px=ENCIG_PREVALENCIA_ENT&bd=encig",NA,NA,NA,15882.2405502659,NA,12597.3135354052,NA,12581
"Gobierno","Morelos","Tasa de prevalencia de la corrupción por cada 100 mil habitantes","https://www.inegi.org.mx/app/tabulados/interactivos/?px=ENCIG_PREVALENCIA_ENT&bd=encig",NA,NA,NA,15544.7844348888,NA,13679.4957898057,NA,13605
"Gobierno","Nayarit","Tasa de prevalencia de la corrupción por cada 100 mil habitantes","https://www.inegi.org.mx/app/tabulados/interactivos/?px=ENCIG_PREVALENCIA_ENT&bd=encig",NA,NA,NA,9458.79418425285,NA,9459.67533356661,NA,8915
"Gobierno","Nuevo León","Tasa de prevalencia de la corrupción por cada 100 mil habitantes","https://www.inegi.org.mx/app/tabulados/interactivos/?px=ENCIG_PREVALENCIA_ENT&bd=encig",NA,NA,NA,10714.139049731,NA,13354.1420463996,NA,16131
"Gobierno","Oaxaca","Tasa de prevalencia de la corrupción por cada 100 mil habitantes","https://www.inegi.org.mx/app/tabulados/interactivos/?px=ENCIG_PREVALENCIA_ENT&bd=encig",NA,NA,NA,14750.3874904354,NA,16711.6982139305,NA,20330
"Gobierno","Puebla","Tasa de prevalencia de la corrupción por cada 100 mil habitantes","https://www.inegi.org.mx/app/tabulados/interactivos/?px=ENCIG_PREVALENCIA_ENT&bd=encig",NA,NA,NA,19584.9937983202,NA,11896.7720892985,NA,15185
"Gobierno","Querétaro","Tasa de prevalencia de la corrupción por cada 100 mil habitantes","https://www.inegi.org.mx/app/tabulados/interactivos/?px=ENCIG_PREVALENCIA_ENT&bd=encig",NA,NA,NA,8448.2039530048,NA,12359.022970491,NA,9484
"Gobierno","Quintana Roo","Tasa de prevalencia de la corrupción por cada 100 mil habitantes","https://www.inegi.org.mx/app/tabulados/interactivos/?px=ENCIG_PREVALENCIA_ENT&bd=encig",NA,NA,NA,20412.6049308759,NA,16953.7175139416,NA,17176
"Gobierno","San Luis Potosí","Tasa de prevalencia de la corrupción por cada 100 mil habitantes","https://www.inegi.org.mx/app/tabulados/interactivos/?px=ENCIG_PREVALENCIA_ENT&bd=encig",NA,NA,NA,12611.1535374977,NA,15616.5736204474,NA,16720
"Gobierno","Sinaloa","Tasa de prevalencia de la corrupción por cada 100 mil habitantes","https://www.inegi.org.mx/app/tabulados/interactivos/?px=ENCIG_PREVALENCIA_ENT&bd=encig",NA,NA,NA,16536.9082983555,NA,17727.7724095979,NA,19836
"Gobierno","Sonora","Tasa de prevalencia de la corrupción por cada 100 mil habitantes","https://www.inegi.org.mx/app/tabulados/interactivos/?px=ENCIG_PREVALENCIA_ENT&bd=encig",NA,NA,NA,16890.335203846,NA,16124.3368426541,NA,18355
"Gobierno","Tabasco","Tasa de prevalencia de la corrupción por cada 100 mil habitantes","https://www.inegi.org.mx/app/tabulados/interactivos/?px=ENCIG_PREVALENCIA_ENT&bd=encig",NA,NA,NA,16164.7233452472,NA,17938.1848141617,NA,16171
"Gobierno","Tamaulipas","Tasa de prevalencia de la corrupción por cada 100 mil habitantes","https://www.inegi.org.mx/app/tabulados/interactivos/?px=ENCIG_PREVALENCIA_ENT&bd=encig",NA,NA,NA,9131.27223746118,NA,12709.7753850401,NA,10813
"Gobierno","Tlaxcala","Tasa de prevalencia de la corrupción por cada 100 mil habitantes","https://www.inegi.org.mx/app/tabulados/interactivos/?px=ENCIG_PREVALENCIA_ENT&bd=encig",NA,NA,NA,8810.10199125789,NA,15241.7188371879,NA,13170
"Gobierno","Veracruz de Ignacio de la Llave","Tasa de prevalencia de la corrupción por cada 100 mil habitantes","https://www.inegi.org.mx/app/tabulados/interactivos/?px=ENCIG_PREVALENCIA_ENT&bd=encig",NA,NA,NA,16899.3321826253,NA,13704.5249572003,NA,11648
"Gobierno","Yucatán","Tasa de prevalencia de la corrupción por cada 100 mil habitantes","https://www.inegi.org.mx/app/tabulados/interactivos/?px=ENCIG_PREVALENCIA_ENT&bd=encig",NA,NA,NA,11054.6184629666,NA,11419.0376764406,NA,15570
"Gobierno","Zacatecas","Tasa de prevalencia de la corrupción por cada 100 mil habitantes","https://www.inegi.org.mx/app/tabulados/interactivos/?px=ENCIG_PREVALENCIA_ENT&bd=encig",NA,NA,NA,8191.57390118942,NA,8911.61081599233,NA,9366
