"Tema","Tipo de delito","Mes","Aguascalientes","Baja California","Baja California Sur","Campeche","Chiapas","Chihuahua","Ciudad de México","Coahuila","Colima","Durango","Guanajuato","Guerrero","Hidalgo","Jalisco","Michoacán","Morelos","México","Nayarit","Nuevo León","Oaxaca","Puebla","Querétaro","Quintana Roo","San Luis Potosí","Sinaloa","Sonora","Tabasco","Tamaulipas","Tlaxcala","Veracruz","Yucatán","Zacatecas"
"Seguridad","Aborto","2015_1",0,1,0,0,0,1,12,1,0,0,2,0,0,1,0,0,10,0,4,0,0,0,2,0,0,0,0,3,0,2,0,0
"Seguridad","Aborto","2015_2",3,4,0,0,2,0,11,1,0,0,2,0,1,4,1,3,9,0,8,0,0,2,0,1,0,0,0,0,0,3,1,0
"Seguridad","Aborto","2015_3",1,4,0,0,0,0,13,0,0,0,2,0,2,2,0,0,5,0,9,0,3,0,1,0,2,0,0,3,0,3,2,0
"Seguridad","Aborto","2015_4",0,9,0,0,1,1,17,0,0,0,3,0,4,2,1,0,5,0,9,0,0,0,0,0,0,0,1,0,1,0,0,0
"Seguridad","Aborto","2015_5",0,10,1,0,2,3,11,0,0,1,1,0,2,0,0,0,7,0,7,0,0,0,0,0,2,0,0,3,0,1,0,0
"Seguridad","Aborto","2015_6",0,4,0,0,0,1,8,0,0,1,1,0,1,0,0,1,7,0,5,0,2,1,2,1,0,0,0,3,1,1,3,1
"Seguridad","Aborto","2015_7",0,1,1,0,2,0,13,0,0,0,2,1,2,3,2,0,6,0,3,0,1,0,0,0,1,0,0,2,1,0,2,1
"Seguridad","Aborto","2015_8",0,4,1,0,2,0,11,0,0,0,2,0,7,3,0,2,5,0,6,0,0,0,1,1,0,0,0,3,1,2,1,0
"Seguridad","Aborto","2015_9",0,1,0,0,5,0,8,0,0,0,2,0,2,0,2,1,5,0,1,0,0,0,0,1,2,0,0,2,0,2,1,0
"Seguridad","Aborto","2015_10",0,6,0,0,1,1,11,0,0,0,2,0,2,6,2,2,4,0,2,0,1,0,0,0,0,0,0,1,0,0,4,0
"Seguridad","Aborto","2015_11",1,4,0,1,1,1,11,0,0,0,1,0,0,0,1,2,4,0,1,0,0,2,0,1,0,0,0,4,0,1,1,0
"Seguridad","Aborto","2015_12",0,5,0,0,4,0,5,1,0,0,2,1,1,2,0,1,4,0,3,0,0,0,0,0,2,3,0,1,0,0,0,0
"Seguridad","Aborto","2016_1",1,3,0,0,0,2,8,0,0,0,3,1,0,3,1,3,4,0,4,1,3,1,1,0,0,0,0,3,0,3,1,0
"Seguridad","Aborto","2016_2",0,3,0,1,2,1,10,0,0,2,2,1,0,4,2,0,5,0,2,1,2,1,0,1,0,0,1,2,0,1,0,0
"Seguridad","Aborto","2016_3",0,4,0,0,1,0,17,1,0,1,4,2,0,3,0,1,3,0,3,0,1,0,0,0,1,0,0,3,0,1,3,0
"Seguridad","Aborto","2016_4",2,0,1,0,2,0,11,0,0,0,1,1,0,3,0,0,7,0,3,3,2,0,0,1,4,0,1,1,1,2,0,0
"Seguridad","Aborto","2016_5",1,3,0,0,3,0,10,0,0,0,5,0,0,0,1,1,5,0,5,2,1,0,0,0,1,1,0,3,0,2,1,0
"Seguridad","Aborto","2016_6",0,4,0,0,1,1,10,0,0,0,4,0,4,1,2,0,10,0,9,0,0,2,0,0,0,1,0,2,0,5,1,0
"Seguridad","Aborto","2016_7",0,6,0,0,1,3,4,0,0,0,0,0,0,4,1,2,5,0,2,0,2,1,0,0,0,0,0,3,0,2,2,0
"Seguridad","Aborto","2016_8",0,3,0,0,2,0,11,1,0,0,1,0,1,5,0,1,5,0,4,3,0,0,0,3,1,0,0,3,1,5,0,1
"Seguridad","Aborto","2016_9",1,6,1,0,3,0,7,0,0,1,1,0,1,3,4,1,7,0,1,4,1,1,0,1,0,0,0,2,1,1,0,0
"Seguridad","Aborto","2016_10",1,7,1,0,2,3,9,0,0,0,1,0,1,2,0,2,4,0,7,0,1,0,1,0,1,0,0,6,1,2,0,0
"Seguridad","Aborto","2016_11",1,3,0,0,0,1,11,0,0,0,2,0,0,1,0,3,7,0,5,2,0,0,1,0,0,1,1,1,0,2,0,0
"Seguridad","Aborto","2016_12",0,1,0,0,5,2,7,0,0,1,3,0,0,2,0,2,4,0,2,0,0,4,0,2,1,1,0,4,0,3,0,0
"Seguridad","Aborto","2017_1",0,4,2,0,2,0,7,0,0,0,2,0,1,3,0,4,11,0,1,4,1,1,0,0,0,0,0,2,0,3,0,0
"Seguridad","Aborto","2017_2",0,7,0,0,0,1,6,0,1,0,3,0,2,1,2,2,3,0,2,1,1,1,0,1,0,0,3,3,0,4,0,1
"Seguridad","Aborto","2017_3",0,4,3,0,1,1,8,0,1,1,3,0,1,2,0,4,7,0,3,2,2,0,0,2,2,0,0,3,0,1,0,0
"Seguridad","Aborto","2017_4",0,8,1,2,0,1,11,0,1,0,3,0,0,2,3,3,6,0,3,1,2,2,0,2,0,0,0,3,1,3,0,0
"Seguridad","Aborto","2017_5",1,8,2,0,0,1,5,0,0,0,0,0,1,4,2,1,9,0,2,1,0,3,0,0,1,1,0,5,1,2,0,0
"Seguridad","Aborto","2017_6",1,9,0,0,0,1,4,0,0,0,3,0,0,1,0,2,1,0,3,0,1,1,0,0,1,0,0,3,0,2,0,0
"Seguridad","Aborto","2017_7",1,4,1,0,2,2,6,0,0,0,2,0,0,5,2,1,9,0,2,1,2,1,0,1,2,0,0,1,1,4,0,0
"Seguridad","Aborto","2017_8",0,10,3,0,2,2,4,0,2,0,3,0,0,3,0,3,9,0,4,3,0,0,0,0,0,0,0,5,0,4,0,0
"Seguridad","Aborto","2017_9",1,4,1,0,2,2,7,0,0,0,1,0,2,1,0,0,6,0,4,0,0,1,1,1,0,0,0,3,1,2,0,0
"Seguridad","Aborto","2017_10",0,10,0,0,2,1,9,2,0,0,2,2,3,1,0,2,4,0,3,1,0,0,2,0,1,1,0,1,0,4,0,0
"Seguridad","Aborto","2017_11",0,4,0,0,0,0,7,1,0,0,3,0,1,5,2,0,4,0,1,0,0,0,1,0,1,0,0,1,0,3,0,0
"Seguridad","Aborto","2017_12",0,1,1,0,0,1,10,0,0,0,3,0,0,1,0,0,3,0,0,1,0,2,1,0,1,0,0,2,0,1,0,0
"Seguridad","Aborto","2018_1",2,7,1,0,0,1,8,0,0,0,0,0,2,0,1,0,3,0,3,0,0,4,0,0,1,2,0,4,0,4,0,1
"Seguridad","Aborto","2018_2",0,2,1,0,1,1,6,1,0,0,2,0,2,2,0,0,8,0,3,0,0,0,1,1,0,0,2,2,0,1,0,0
"Seguridad","Aborto","2018_3",0,2,1,0,1,0,6,5,0,2,2,0,2,1,0,0,10,0,1,2,0,3,0,0,1,0,0,4,0,3,0,1
"Seguridad","Aborto","2018_4",1,5,1,0,0,2,12,0,0,0,4,0,1,0,0,0,8,0,3,3,1,1,0,3,0,0,0,7,0,4,0,2
"Seguridad","Aborto","2018_5",0,6,2,0,4,0,8,0,0,0,3,1,4,3,1,0,12,0,2,2,0,0,0,1,1,0,0,4,0,4,0,0
"Seguridad","Aborto","2018_6",1,10,2,0,1,2,10,0,0,1,1,0,0,3,0,1,7,0,1,1,0,2,0,1,3,1,0,3,0,2,0,0
"Seguridad","Aborto","2018_7",1,6,0,1,1,1,9,1,0,2,5,0,0,0,0,0,7,0,5,0,0,0,1,2,0,0,0,0,0,2,0,0
"Seguridad","Aborto","2018_8",1,8,1,0,0,1,8,1,0,0,2,1,4,3,0,1,8,0,2,1,0,1,0,0,1,0,0,6,0,1,0,0
"Seguridad","Aborto","2018_9",0,6,2,0,3,0,12,0,0,1,5,1,0,2,0,0,14,0,6,2,1,1,1,0,0,0,0,4,0,3,0,0
"Seguridad","Aborto","2018_10",0,4,2,0,2,2,7,0,0,0,1,0,3,0,0,1,7,0,5,2,1,1,0,0,0,1,0,4,0,1,0,0
"Seguridad","Aborto","2018_11",0,4,1,0,0,0,9,0,0,0,0,0,0,3,1,1,12,0,6,0,2,0,0,2,2,2,0,4,0,2,0,0
"Seguridad","Aborto","2018_12",1,3,2,0,2,0,15,1,0,0,5,1,0,0,2,0,11,0,1,3,0,1,1,0,0,1,0,4,0,1,0,0
"Seguridad","Aborto","2019_1",0,5,0,0,1,1,12,0,2,0,1,2,2,0,0,1,13,0,3,2,2,1,2,0,0,0,0,4,0,2,0,0
"Seguridad","Aborto","2019_2",0,3,2,0,2,0,12,0,0,0,2,0,0,0,1,1,12,0,7,1,0,0,1,0,0,0,0,4,0,3,0,0
"Seguridad","Aborto","2019_3",0,3,0,0,0,1,14,0,0,0,1,1,3,2,0,0,15,0,7,1,2,1,0,0,2,0,1,4,0,7,0,0
"Seguridad","Aborto","2019_4",2,7,2,0,2,0,13,1,0,0,2,0,0,1,0,0,14,0,8,2,0,2,3,0,1,0,0,4,0,4,0,0
"Seguridad","Aborto","2019_5",2,6,1,0,0,0,13,0,0,0,0,0,2,2,2,0,9,0,14,1,0,1,1,0,1,0,1,5,0,5,0,0
"Seguridad","Aborto","2019_6",0,5,1,0,0,1,8,0,1,1,2,0,1,0,4,2,8,0,8,0,0,1,1,0,0,0,0,2,0,2,0,0
"Seguridad","Aborto","2019_7",1,5,0,0,1,0,6,1,0,0,3,1,1,0,1,0,14,0,8,1,0,3,0,2,2,0,0,4,0,3,0,0
"Seguridad","Aborto","2019_8",0,5,2,0,1,0,15,0,0,0,2,1,0,0,4,2,10,0,6,1,0,2,1,0,1,0,0,1,0,1,0,0
"Seguridad","Aborto","2019_9",1,3,0,0,0,2,8,0,0,0,3,1,4,0,3,1,12,0,5,2,0,3,0,1,0,1,0,4,0,3,0,0
"Seguridad","Aborto","2019_10",2,6,3,0,4,1,11,0,0,0,3,1,1,0,2,3,18,0,8,0,0,1,2,1,1,0,0,3,0,2,0,0
"Seguridad","Aborto","2019_11",2,5,0,0,0,1,10,0,0,0,2,0,1,0,0,2,13,0,8,3,0,3,1,3,0,0,0,4,0,3,0,0
"Seguridad","Aborto","2019_12",0,4,1,0,0,1,10,0,1,0,3,3,0,0,0,0,17,0,2,2,0,4,1,0,1,2,0,6,0,1,0,0
"Seguridad","Aborto","2020_1",1,3,0,0,1,0,11,0,0,0,2,0,2,1,0,1,12,0,8,1,1,0,2,0,0,0,0,4,0,0,0,0
"Seguridad","Aborto","2020_2",0,4,1,0,0,2,12,0,0,0,1,0,3,0,1,0,14,0,8,1,0,3,0,1,2,0,0,2,0,3,0,0
"Seguridad","Aborto","2020_3",0,6,2,0,3,2,9,0,1,0,3,0,4,2,3,0,15,0,6,0,1,3,1,0,0,0,0,6,0,2,0,1
"Seguridad","Aborto","2020_4",0,0,1,0,0,0,8,0,0,0,4,0,1,3,1,0,3,0,10,0,0,1,0,0,0,0,0,2,0,5,0,0
"Seguridad","Aborto","2020_5",1,3,2,0,1,1,4,0,0,0,3,1,0,2,0,0,13,0,13,0,0,3,1,3,0,1,0,3,0,1,0,0
"Seguridad","Aborto","2020_6",1,3,0,0,1,1,3,0,0,0,0,0,2,2,0,1,14,0,7,2,1,0,2,1,0,0,0,1,0,1,0,0
"Seguridad","Aborto","2020_7",0,4,0,0,0,1,5,0,0,0,4,1,2,0,1,2,19,0,5,1,1,5,2,3,0,1,2,2,0,1,0,0
"Seguridad","Aborto","2020_8",0,5,0,0,0,0,5,0,1,0,3,0,0,1,0,3,11,0,10,2,0,4,3,1,0,0,0,4,0,3,0,0
"Seguridad","Aborto","2020_9",0,2,1,0,0,0,10,0,0,0,2,0,2,1,2,0,11,0,5,0,1,0,1,0,2,2,0,5,0,2,0,0
"Seguridad","Aborto","2020_10",0,3,0,0,2,0,4,1,0,0,3,1,3,0,0,2,13,1,15,2,0,3,0,0,0,0,0,0,0,0,0,0
"Seguridad","Aborto","2020_11",0,2,2,0,0,2,4,0,1,0,1,0,2,0,0,3,11,0,8,0,1,3,0,0,0,1,0,4,0,3,0,1
"Seguridad","Aborto","2020_12",2,4,1,0,2,0,4,1,1,0,5,1,2,1,3,1,9,0,5,0,0,3,0,0,0,0,0,1,0,1,0,1
"Seguridad","Aborto","2021_1",0,1,1,0,3,1,8,0,0,0,4,0,1,0,2,0,9,1,10,1,1,3,1,0,0,1,0,2,0,0,0,1
"Seguridad","Aborto","2021_2",0,2,2,0,0,0,7,0,0,0,2,0,3,0,2,0,15,0,10,2,0,5,0,1,0,3,1,3,0,2,0,0
"Seguridad","Aborto","2021_3",0,0,1,0,0,0,3,1,0,0,1,0,1,3,3,1,14,0,12,1,0,2,1,0,0,4,1,3,0,3,0,3
"Seguridad","Aborto","2021_4",1,3,1,0,0,0,7,1,0,0,3,2,4,0,2,1,13,1,9,1,0,4,1,2,2,0,0,6,0,2,0,0
"Seguridad","Aborto","2021_5",3,4,1,0,1,2,9,0,0,0,1,0,2,0,0,4,21,1,11,0,1,3,0,2,0,0,0,4,0,1,0,1
"Seguridad","Aborto","2021_6",2,3,1,0,1,0,10,0,0,0,3,1,3,2,2,1,11,0,6,0,1,1,1,1,1,1,1,9,0,2,0,0
"Seguridad","Aborto","2021_7",4,5,0,0,1,0,8,2,0,0,4,0,1,1,2,0,10,0,9,1,1,4,0,0,1,1,1,1,0,3,0,0
"Seguridad","Aborto","2021_8",1,4,1,0,1,0,6,0,0,0,1,0,1,0,0,0,9,0,15,0,0,2,0,0,1,1,0,5,0,0,0,0
"Seguridad","Aborto","2021_9",1,5,0,0,0,0,11,0,0,0,0,1,1,1,1,0,22,0,13,0,0,3,0,0,2,0,1,2,0,2,0,0
"Seguridad","Aborto","2021_10",1,2,2,0,0,1,13,0,0,0,3,1,0,1,1,1,7,0,6,0,1,2,0,1,0,0,0,2,0,5,0,0
"Seguridad","Aborto","2021_11",0,3,2,1,1,0,14,0,0,0,1,0,0,2,1,1,13,0,9,1,0,3,1,1,0,0,0,4,0,2,0,1
"Seguridad","Aborto","2021_12",1,2,2,0,1,2,6,0,0,0,0,0,2,1,2,1,5,0,9,1,0,5,0,1,1,0,0,3,0,2,0,0
"Seguridad","Aborto","2022_1",2,4,0,0,0,0,10,0,1,0,1,1,1,1,4,2,16,0,9,2,1,2,0,1,2,0,0,2,0,0,0,0
"Seguridad","Aborto","2022_2",1,1,1,0,0,0,8,1,0,0,3,0,1,0,2,2,10,0,15,1,0,6,1,1,1,0,0,4,0,7,0,0
"Seguridad","Aborto","2022_3",0,5,0,1,0,0,23,0,1,0,2,0,2,0,2,1,14,0,12,3,0,5,0,0,0,0,1,3,0,4,0,0
"Seguridad","Aborto","2022_4",0,9,1,0,0,0,14,0,0,0,3,0,4,2,4,0,10,0,9,0,0,1,0,1,1,1,1,9,0,2,0,0
"Seguridad","Aborto","2022_5",0,0,0,0,2,1,25,0,0,0,3,0,2,1,1,0,8,1,17,0,0,6,1,0,1,2,1,4,0,3,0,0
"Seguridad","Aborto","2022_6",1,1,0,1,1,1,15,0,0,1,2,0,1,1,3,0,8,0,12,0,0,1,0,1,0,1,0,4,0,3,0,0
"Seguridad","Aborto","2022_7",3,2,0,0,0,1,15,0,0,1,3,1,0,0,2,1,14,0,8,3,0,2,1,1,0,0,0,3,0,2,0,0
"Seguridad","Aborto","2022_8",2,3,0,0,0,3,17,0,0,0,1,0,1,1,2,3,18,1,11,1,0,2,1,1,0,0,2,3,0,1,0,0
"Seguridad","Aborto","2022_9",1,6,0,0,0,0,15,1,1,0,3,1,2,0,2,1,10,0,15,1,0,2,0,0,1,0,1,1,0,1,1,0
"Seguridad","Aborto","2022_10",0,3,1,0,0,2,20,0,0,0,1,1,0,0,4,0,15,1,9,0,0,4,0,2,0,1,0,0,0,1,0,0
"Seguridad","Aborto","2022_11",2,4,0,2,0,0,11,0,2,0,2,1,3,0,1,0,9,0,16,1,0,4,0,0,0,0,1,2,0,0,0,1
"Seguridad","Aborto","2022_12",1,4,0,1,0,1,19,0,0,0,0,1,1,0,4,0,12,0,11,1,0,4,0,1,0,1,1,5,0,2,0,2
"Seguridad","Aborto","2023_1",2,1,1,0,0,1,19,0,1,0,0,0,0,1,1,0,10,0,9,2,0,4,0,0,0,1,1,6,0,2,0,1
"Seguridad","Aborto","2023_2",1,3,0,3,0,0,12,1,0,0,0,0,2,2,1,0,14,0,12,3,0,3,1,1,0,0,1,5,0,0,1,2
"Seguridad","Aborto","2023_3",0,3,1,0,0,1,13,0,0,0,1,0,0,3,2,0,16,1,17,2,1,4,1,1,0,3,0,6,0,1,0,1
"Seguridad","Aborto","2023_4",4,3,1,0,0,0,20,0,0,0,1,1,2,0,0,0,16,0,11,1,0,5,1,0,0,0,3,7,0,2,1,1
"Seguridad","Aborto","2023_5",0,1,0,0,0,1,17,0,0,0,2,0,1,0,1,0,14,1,12,1,0,1,0,1,0,0,2,5,0,10,0,3
"Seguridad","Aborto","2023_6",1,1,1,0,0,0,20,1,0,0,1,0,1,1,5,2,20,1,10,1,0,4,0,2,0,3,2,5,0,5,0,0
"Seguridad","Aborto","2023_7",1,5,2,0,0,3,13,0,0,0,1,0,1,1,3,0,14,0,15,1,0,1,0,1,0,0,1,2,0,3,0,0
"Seguridad","Aborto","2023_8",1,5,1,0,0,0,17,0,0,0,5,0,0,0,0,1,13,1,14,3,0,3,0,0,0,0,0,0,0,6,0,0
"Seguridad","Aborto","2023_9",0,6,0,0,0,2,7,0,0,0,2,0,3,1,2,0,14,0,12,1,0,4,0,1,0,2,0,1,0,4,0,1
"Seguridad","Aborto","2023_10",0,5,0,0,0,0,12,0,0,0,2,0,1,0,4,0,6,0,9,1,1,2,1,0,0,0,0,4,0,1,0,0
"Seguridad","Aborto","2023_11",0,3,1,0,0,2,14,0,0,0,1,0,1,1,1,0,12,0,9,0,0,4,0,2,0,0,0,4,0,1,0,0
"Seguridad","Aborto","2023_12",0,2,0,0,0,1,17,0,0,0,2,0,0,1,1,0,7,0,11,0,0,2,0,3,0,0,0,3,0,5,0,0
"Seguridad","Aborto","2024_1",0,2,0,0,0,2,22,0,0,0,3,0,2,3,0,0,16,0,15,3,0,4,1,2,0,0,0,8,0,0,0,0
"Seguridad","Aborto","2024_2",1,7,0,0,0,0,13,0,0,0,0,0,4,0,0,1,11,0,15,0,0,1,0,0,0,1,1,7,0,1,0,1
"Seguridad","Aborto","2024_3",1,0,0,0,0,0,15,0,2,0,1,0,0,2,0,0,7,0,7,1,0,5,1,0,0,0,0,3,0,3,0,0
"Seguridad","Aborto","2024_4",0,5,3,0,1,1,18,0,0,0,2,1,2,2,0,0,7,0,7,2,1,4,1,0,0,0,0,6,0,1,0,0
"Seguridad","Aborto","2024_5",0,3,0,0,1,1,13,0,0,0,2,1,0,3,2,1,13,0,16,1,0,6,1,0,0,0,0,8,0,1,1,1
"Seguridad","Aborto","2024_6",1,2,0,0,0,0,6,0,0,0,3,0,1,3,3,1,6,0,21,0,1,3,0,3,0,0,1,7,0,0,0,0
"Seguridad","Aborto","2024_7",0,1,1,0,0,0,12,0,0,0,1,1,0,1,1,0,13,0,21,0,1,6,0,2,0,1,0,1,0,0,0,0
"Seguridad","Aborto","2024_8",0,7,1,0,0,1,15,0,0,0,0,0,0,2,3,3,6,1,13,2,2,0,1,1,0,1,0,5,0,1,0,0
"Seguridad","Aborto","2024_9",1,3,0,0,2,0,16,0,0,0,0,0,0,2,0,3,12,0,12,2,0,0,0,1,0,0,1,3,0,0,0,2
"Seguridad","Aborto","2024_10",1,3,0,0,1,2,19,0,0,0,0,0,0,1,0,0,2,0,18,1,0,0,1,2,0,1,0,2,0,1,0,0
"Seguridad","Aborto","2024_11",0,5,1,0,0,0,17,0,0,0,7,1,0,0,0,0,9,0,16,1,0,0,1,1,0,0,0,11,0,2,0,2
"Seguridad","Aborto","2024_12",2,3,4,0,1,0,20,0,0,0,3,1,0,2,4,0,6,0,14,0,1,0,0,0,0,1,0,8,0,1,0,0
"Seguridad","Aborto","2025_1",1,5,1,0,0,0,24,0,1,0,3,0,2,0,2,1,6,0,25,1,0,0,0,1,0,0,0,3,0,1,0,0
"Seguridad","Aborto","2025_2",1,7,0,0,0,0,20,0,0,0,3,1,1,2,1,0,5,0,22,0,0,0,0,1,0,1,0,4,0,2,0,0
"Seguridad","Aborto","2025_3",2,3,1,0,0,2,22,1,0,0,1,0,0,1,2,0,12,0,15,2,1,0,0,0,0,0,0,3,0,0,0,2
"Seguridad","Aborto","2025_4",1,4,2,0,1,1,14,1,0,0,1,0,0,3,1,1,7,0,25,1,1,0,0,0,0,2,0,4,0,1,0,0
"Seguridad","Aborto","2025_5",0,8,0,0,1,0,16,0,1,0,1,0,1,0,1,0,14,0,27,0,0,0,1,2,0,2,0,6,0,0,0,0
"Seguridad","Aborto","2025_6",1,4,1,0,0,1,19,0,0,0,2,0,1,1,2,0,8,0,12,1,1,0,2,0,0,1,0,7,0,3,0,0
"Seguridad","Aborto","2025_7",0,0,0,0,0,0,0,0,0,0,0,0,0,0,0,0,0,0,0,0,0,0,0,0,0,0,0,0,0,0,0,0
"Seguridad","Aborto","2025_8",0,0,0,0,0,0,0,0,0,0,0,0,0,0,0,0,0,0,0,0,0,0,0,0,0,0,0,0,0,0,0,0
"Seguridad","Aborto","2025_9",0,0,0,0,0,0,0,0,0,0,0,0,0,0,0,0,0,0,0,0,0,0,0,0,0,0,0,0,0,0,0,0
"Seguridad","Aborto","2025_10",0,0,0,0,0,0,0,0,0,0,0,0,0,0,0,0,0,0,0,0,0,0,0,0,0,0,0,0,0,0,0,0
"Seguridad","Aborto","2025_11",0,0,0,0,0,0,0,0,0,0,0,0,0,0,0,0,0,0,0,0,0,0,0,0,0,0,0,0,0,0,0,0
"Seguridad","Aborto","2025_12",0,0,0,0,0,0,0,0,0,0,0,0,0,0,0,0,0,0,0,0,0,0,0,0,0,0,0,0,0,0,0,0
"Seguridad","Abuso de confianza","2015_1",41,63,30,0,5,75,194,46,4,36,94,24,56,67,8,47,232,7,69,0,115,36,47,35,33,11,33,24,3,37,91,27
"Seguridad","Abuso de confianza","2015_2",33,62,42,0,8,71,175,28,5,30,100,41,68,54,11,67,211,18,64,5,111,23,40,33,30,22,21,38,8,74,99,20
"Seguridad","Abuso de confianza","2015_3",31,88,28,0,10,76,188,42,2,25,98,28,35,67,12,56,252,19,58,0,120,30,58,43,24,29,34,28,8,74,82,31
"Seguridad","Abuso de confianza","2015_4",22,77,22,0,11,77,205,58,5,36,90,23,21,57,7,50,185,14,67,0,95,33,52,22,14,33,33,24,7,80,72,25
"Seguridad","Abuso de confianza","2015_5",36,71,19,0,8,54,193,47,4,36,86,17,48,65,13,61,218,16,72,6,108,40,54,29,26,23,24,41,4,70,98,27
"Seguridad","Abuso de confianza","2015_6",43,83,30,0,11,74,205,49,3,42,90,26,32,81,9,58,225,13,78,0,113,39,65,28,23,18,40,52,7,78,107,27
"Seguridad","Abuso de confianza","2015_7",30,86,31,0,6,88,281,45,1,44,77,26,34,81,16,63,220,9,50,0,106,60,67,32,25,22,34,24,3,82,93,22
"Seguridad","Abuso de confianza","2015_8",40,96,29,0,10,52,246,47,2,42,94,20,57,66,24,57,238,9,44,11,115,32,56,29,22,15,25,27,6,81,79,18
"Seguridad","Abuso de confianza","2015_9",40,85,20,0,7,69,245,52,3,58,107,25,42,62,20,74,251,10,94,0,85,39,47,26,16,21,25,55,5,77,97,34
"Seguridad","Abuso de confianza","2015_10",34,95,27,0,7,71,268,45,3,76,103,25,43,54,7,77,263,24,84,0,118,41,38,35,15,17,22,45,7,67,107,21
"Seguridad","Abuso de confianza","2015_11",43,61,34,0,3,63,243,25,2,39,91,20,53,76,24,51,217,12,60,9,96,54,43,29,7,14,33,52,3,60,115,20
"Seguridad","Abuso de confianza","2015_12",26,50,42,0,3,58,262,42,4,53,75,27,46,62,18,48,192,10,74,0,89,32,34,40,4,18,29,34,4,41,91,18
"Seguridad","Abuso de confianza","2016_1",32,43,24,0,11,45,236,31,24,56,84,16,67,58,11,57,191,5,69,18,77,44,33,21,28,13,22,35,11,33,108,14
"Seguridad","Abuso de confianza","2016_2",29,34,24,0,13,47,219,38,21,42,98,17,56,81,14,56,188,9,53,29,91,31,25,25,37,45,42,30,7,49,154,19
"Seguridad","Abuso de confianza","2016_3",29,64,26,0,6,62,242,22,18,64,85,21,38,74,13,61,218,6,47,32,83,52,26,28,44,25,25,40,5,42,158,21
"Seguridad","Abuso de confianza","2016_4",47,51,37,0,18,56,258,32,14,58,120,18,46,78,16,68,230,4,61,33,78,42,24,32,36,43,35,58,8,53,105,20
"Seguridad","Abuso de confianza","2016_5",23,55,27,0,10,66,255,38,13,48,114,21,47,89,17,45,187,10,73,27,96,54,14,26,28,38,36,73,5,52,101,13
"Seguridad","Abuso de confianza","2016_6",52,57,42,0,12,55,305,55,1,64,114,19,80,118,12,50,163,9,91,28,75,54,18,23,23,42,36,81,4,40,112,39
"Seguridad","Abuso de confianza","2016_7",31,46,32,0,3,51,312,35,1,65,68,19,30,95,15,53,192,5,74,23,13,44,21,68,15,49,44,77,7,29,115,30
"Seguridad","Abuso de confianza","2016_8",33,57,33,0,16,48,279,47,0,69,84,28,34,129,22,46,216,7,88,21,9,35,16,40,18,34,40,74,4,33,113,28
"Seguridad","Abuso de confianza","2016_9",27,44,29,0,12,60,306,69,0,64,88,31,62,121,16,59,215,5,100,32,23,67,30,44,14,27,33,92,2,34,98,22
"Seguridad","Abuso de confianza","2016_10",31,77,37,0,18,55,261,45,0,66,58,30,57,157,18,56,237,14,93,0,56,52,42,24,11,30,44,97,0,32,102,38
"Seguridad","Abuso de confianza","2016_11",39,63,24,1,15,62,277,45,0,57,79,22,84,169,27,56,199,10,97,22,56,39,37,22,12,24,44,75,0,39,128,31
"Seguridad","Abuso de confianza","2016_12",21,62,29,0,12,49,263,33,0,63,64,13,55,157,15,55,189,3,157,15,36,50,36,28,13,21,48,80,2,30,114,30
"Seguridad","Abuso de confianza","2017_1",29,58,29,0,15,45,279,49,36,62,70,26,63,149,18,72,230,3,108,18,62,46,28,35,20,34,41,85,1,58,121,27
"Seguridad","Abuso de confianza","2017_2",40,35,27,0,25,78,302,57,49,55,74,18,69,187,14,69,215,13,101,8,49,59,39,38,15,25,48,54,0,66,119,27
"Seguridad","Abuso de confianza","2017_3",44,42,23,0,34,79,339,58,57,74,78,23,67,212,27,48,237,6,117,3,65,49,46,37,19,49,48,61,3,78,125,34
"Seguridad","Abuso de confianza","2017_4",30,48,23,0,16,70,281,29,34,58,51,15,80,167,20,61,239,2,100,32,82,54,55,35,10,43,33,47,1,39,86,16
"Seguridad","Abuso de confianza","2017_5",62,57,23,0,24,65,370,36,53,66,74,30,75,158,18,65,290,2,115,10,62,60,45,35,18,34,58,59,2,57,98,36
"Seguridad","Abuso de confianza","2017_6",76,51,24,0,16,74,324,56,61,93,87,29,85,205,26,55,275,2,94,13,87,44,37,34,21,45,52,67,2,53,57,30
"Seguridad","Abuso de confianza","2017_7",81,58,28,0,12,58,291,30,52,70,62,23,76,179,32,50,291,1,103,12,72,60,39,27,11,14,47,67,1,56,27,25
"Seguridad","Abuso de confianza","2017_8",96,71,19,0,22,59,318,46,36,70,94,33,123,179,60,56,314,0,95,12,60,61,31,34,15,29,71,66,5,58,40,29
"Seguridad","Abuso de confianza","2017_9",70,54,15,0,15,62,273,29,37,68,69,17,101,153,64,73,317,3,85,18,55,64,42,26,23,41,37,62,8,69,36,16
"Seguridad","Abuso de confianza","2017_10",66,69,18,0,19,72,335,45,33,59,95,23,76,217,44,72,353,1,120,35,71,46,35,41,17,33,44,63,4,73,24,32
"Seguridad","Abuso de confianza","2017_11",58,47,26,0,19,54,283,56,46,85,88,31,84,220,38,69,283,3,117,15,57,48,38,16,17,22,51,81,1,49,26,28
"Seguridad","Abuso de confianza","2017_12",56,43,15,0,16,50,288,34,28,52,75,24,60,161,46,59,212,1,112,23,48,44,44,17,10,19,31,46,3,51,20,23
"Seguridad","Abuso de confianza","2018_1",73,21,18,0,10,64,340,18,40,62,62,25,96,259,55,65,263,0,91,32,59,42,28,27,20,9,41,55,2,39,35,26
"Seguridad","Abuso de confianza","2018_2",60,40,22,0,23,63,277,42,35,70,126,18,75,224,45,51,261,0,92,28,54,53,37,30,16,22,43,61,5,58,32,43
"Seguridad","Abuso de confianza","2018_3",67,49,28,0,15,47,308,51,33,44,124,17,82,235,37,54,306,2,118,33,65,55,43,26,18,15,38,43,1,55,44,30
"Seguridad","Abuso de confianza","2018_4",73,45,23,0,14,69,326,28,45,41,130,18,109,188,55,88,322,0,90,40,68,64,43,33,23,24,52,66,2,61,13,34
"Seguridad","Abuso de confianza","2018_5",78,66,21,0,20,64,290,51,54,62,118,18,243,192,56,69,293,1,116,42,44,58,37,37,13,23,42,70,4,38,26,31
"Seguridad","Abuso de confianza","2018_6",41,48,19,0,16,45,348,43,29,61,131,21,90,149,36,67,290,3,107,20,49,45,44,31,23,20,43,53,4,36,37,39
"Seguridad","Abuso de confianza","2018_7",77,54,23,0,20,63,342,39,32,59,121,30,87,160,38,62,263,1,102,32,54,68,49,29,5,11,51,71,5,49,26,32
"Seguridad","Abuso de confianza","2018_8",70,45,29,0,20,89,384,46,37,48,133,36,106,161,48,83,289,3,120,29,72,55,42,45,11,25,38,53,7,62,31,49
"Seguridad","Abuso de confianza","2018_9",72,45,18,1,17,55,347,35,51,42,112,28,99,170,36,71,261,1,76,32,68,44,36,24,12,30,35,60,0,54,30,47
"Seguridad","Abuso de confianza","2018_10",70,69,25,0,16,59,363,32,48,61,137,20,88,176,45,85,278,2,111,34,62,49,45,76,7,22,47,52,1,63,34,31
"Seguridad","Abuso de confianza","2018_11",57,42,26,0,19,68,334,41,38,55,106,19,94,138,18,69,285,2,83,29,74,46,40,59,9,16,33,38,3,49,39,24
"Seguridad","Abuso de confianza","2018_12",39,36,18,0,15,75,364,28,39,31,96,17,75,129,28,49,212,5,57,27,62,43,30,47,11,7,26,47,4,48,36,31
"Seguridad","Abuso de confianza","2019_1",50,35,18,0,18,72,343,29,51,44,139,23,85,197,45,44,212,2,89,44,62,53,50,52,11,14,54,58,1,52,18,29
"Seguridad","Abuso de confianza","2019_2",59,27,21,0,22,61,353,54,29,44,162,20,81,230,45,48,253,5,69,37,117,64,43,68,11,17,59,53,1,118,13,23
"Seguridad","Abuso de confianza","2019_3",62,42,17,0,14,47,340,45,34,52,140,25,69,222,50,61,277,2,88,42,146,55,52,93,12,19,59,59,1,82,51,46
"Seguridad","Abuso de confianza","2019_4",60,45,12,0,9,64,314,28,36,37,142,19,65,193,45,54,254,1,74,46,151,44,46,71,12,20,64,65,2,90,85,22
"Seguridad","Abuso de confianza","2019_5",64,54,32,0,14,76,298,52,45,43,166,26,82,221,51,52,265,5,80,47,167,53,64,70,18,27,73,66,2,115,54,35
"Seguridad","Abuso de confianza","2019_6",54,47,30,0,16,63,329,47,43,72,163,24,51,195,49,42,373,4,80,32,155,48,72,71,11,25,60,57,1,113,34,36
"Seguridad","Abuso de confianza","2019_7",68,72,32,0,25,86,342,38,64,45,144,25,59,205,49,55,307,4,87,53,201,75,43,101,17,15,64,55,4,102,80,31
"Seguridad","Abuso de confianza","2019_8",70,56,29,0,13,89,380,47,59,53,169,19,55,193,44,58,394,7,87,40,92,59,67,104,19,15,45,58,0,86,42,33
"Seguridad","Abuso de confianza","2019_9",62,80,37,0,13,69,330,46,41,58,150,21,66,179,59,57,358,0,87,48,76,61,48,95,21,24,54,44,1,108,44,28
"Seguridad","Abuso de confianza","2019_10",69,76,36,1,13,69,334,47,52,43,140,23,55,187,49,60,339,2,121,62,86,69,61,102,23,20,63,50,0,117,42,34
"Seguridad","Abuso de confianza","2019_11",63,56,17,0,13,55,334,32,58,45,128,25,45,191,48,51,280,7,85,37,87,47,53,82,37,31,54,44,0,97,43,36
"Seguridad","Abuso de confianza","2019_12",29,47,20,1,15,67,335,33,30,36,102,19,54,181,31,56,249,6,91,45,69,53,43,72,16,19,41,38,1,81,43,21
"Seguridad","Abuso de confianza","2020_1",38,43,19,0,12,66,321,30,47,42,119,22,67,206,40,51,298,4,61,41,76,53,179,76,18,16,49,36,1,110,61,27
"Seguridad","Abuso de confianza","2020_2",47,35,23,0,10,76,366,47,45,26,141,24,62,182,54,51,287,1,89,37,64,48,140,65,19,12,64,42,2,121,36,36
"Seguridad","Abuso de confianza","2020_3",49,38,33,0,18,66,331,46,47,42,100,22,63,171,64,43,248,2,49,38,84,55,167,52,13,14,49,49,3,116,40,23
"Seguridad","Abuso de confianza","2020_4",16,17,13,0,5,37,265,24,29,11,52,17,25,98,34,21,267,1,24,16,46,38,53,21,4,5,10,10,0,51,20,14
"Seguridad","Abuso de confianza","2020_5",25,27,20,0,5,56,237,35,31,14,76,7,6,125,41,32,180,3,25,27,58,26,91,27,7,4,16,20,0,61,14,11
"Seguridad","Abuso de confianza","2020_6",53,34,22,0,8,83,276,29,39,12,90,20,4,176,42,37,219,1,62,41,64,33,152,46,16,4,46,38,0,77,19,41
"Seguridad","Abuso de confianza","2020_7",67,50,29,0,4,73,349,45,36,41,113,24,16,190,70,54,287,1,49,41,99,54,209,108,24,20,55,26,0,77,24,26
"Seguridad","Abuso de confianza","2020_8",70,52,20,0,4,87,315,55,31,32,101,20,34,141,47,60,339,1,86,62,93,50,187,57,16,17,57,46,0,103,26,21
"Seguridad","Abuso de confianza","2020_9",73,53,19,0,4,73,340,36,32,40,120,24,40,158,44,57,304,6,83,55,108,66,213,68,33,24,80,40,0,132,44,25
"Seguridad","Abuso de confianza","2020_10",72,48,25,0,8,73,408,57,36,36,112,31,55,156,67,51,352,2,89,51,109,53,176,80,27,25,52,50,2,122,45,17
"Seguridad","Abuso de confianza","2020_11",50,47,19,0,7,54,335,44,34,19,110,29,51,127,44,45,287,4,105,38,106,50,239,68,30,29,45,33,2,134,60,27
"Seguridad","Abuso de confianza","2020_12",54,31,16,0,3,64,314,39,28,37,100,22,27,125,44,48,265,4,123,45,92,61,230,49,26,31,60,31,1,90,38,26
"Seguridad","Abuso de confianza","2021_1",50,29,12,0,4,60,302,52,27,41,82,19,9,119,43,58,270,0,57,41,90,66,204,52,28,21,50,46,0,109,40,21
"Seguridad","Abuso de confianza","2021_2",53,35,26,1,8,61,323,47,25,53,108,21,9,114,45,52,406,3,116,47,114,76,216,39,35,12,46,30,1,107,33,33
"Seguridad","Abuso de confianza","2021_3",60,39,38,0,7,82,431,49,38,58,140,29,34,129,44,64,394,1,76,51,121,76,246,74,30,35,70,36,2,145,24,34
"Seguridad","Abuso de confianza","2021_4",50,63,25,0,4,86,342,51,44,55,122,28,54,142,54,65,352,0,72,35,146,57,230,69,27,23,55,56,3,131,54,30
"Seguridad","Abuso de confianza","2021_5",57,41,23,0,2,68,415,51,39,60,120,24,42,110,49,45,333,7,84,40,126,48,213,65,31,25,67,51,1,110,66,20
"Seguridad","Abuso de confianza","2021_6",62,35,29,0,7,91,425,59,40,53,151,29,33,110,45,59,350,3,107,41,138,85,253,140,27,15,66,43,4,134,7,37
"Seguridad","Abuso de confianza","2021_7",71,50,26,0,2,91,436,61,43,54,138,35,41,112,51,65,287,0,83,44,155,61,253,72,16,15,64,45,0,116,10,36
"Seguridad","Abuso de confianza","2021_8",58,43,15,0,10,99,466,59,43,71,144,31,46,117,64,72,358,2,109,48,120,40,198,86,24,12,75,48,2,91,8,21
"Seguridad","Abuso de confianza","2021_9",68,44,23,0,6,96,550,73,38,68,159,26,52,109,52,61,492,0,77,40,120,57,218,72,26,15,66,55,1,102,9,25
"Seguridad","Abuso de confianza","2021_10",67,45,20,0,11,98,589,58,41,63,146,36,51,125,51,60,369,3,89,30,147,54,270,61,26,15,67,58,3,97,13,28
"Seguridad","Abuso de confianza","2021_11",67,46,18,35,8,75,473,46,44,76,123,23,44,133,43,64,315,2,137,33,112,41,238,62,22,8,64,40,3,119,10,36
"Seguridad","Abuso de confianza","2021_12",48,48,12,39,13,98,576,53,37,77,128,23,30,112,54,58,285,2,89,40,157,54,255,60,20,7,55,55,1,131,5,21
"Seguridad","Abuso de confianza","2022_1",43,26,15,41,10,92,411,51,38,46,122,30,46,111,46,43,291,2,85,39,112,31,271,52,25,5,54,48,2,87,8,37
"Seguridad","Abuso de confianza","2022_2",60,26,19,34,8,86,510,56,53,77,113,31,45,127,56,39,352,0,69,27,103,52,233,54,24,8,52,38,2,121,8,28
"Seguridad","Abuso de confianza","2022_3",68,45,22,47,12,102,380,67,46,66,175,33,31,124,49,71,303,2,96,35,147,59,241,78,26,11,74,41,3,146,7,37
"Seguridad","Abuso de confianza","2022_4",67,30,27,40,8,98,468,61,39,66,136,23,50,104,55,53,305,2,74,38,106,68,251,55,21,8,62,58,0,124,1,31
"Seguridad","Abuso de confianza","2022_5",78,44,22,34,8,97,474,73,52,45,151,22,43,124,71,55,332,7,88,38,118,62,306,63,25,11,61,53,2,127,11,34
"Seguridad","Abuso de confianza","2022_6",71,46,34,37,10,111,456,85,37,73,134,30,36,114,60,61,305,5,88,42,148,47,232,72,36,7,85,51,1,96,15,24
"Seguridad","Abuso de confianza","2022_7",63,48,19,37,8,96,405,59,44,62,137,27,26,118,60,50,314,6,89,35,135,79,257,64,26,10,76,76,1,86,13,38
"Seguridad","Abuso de confianza","2022_8",103,51,30,44,12,109,461,68,57,60,148,33,30,147,71,70,307,9,109,29,141,59,325,55,39,7,82,60,0,99,12,36
"Seguridad","Abuso de confianza","2022_9",93,55,22,41,17,86,406,68,31,56,133,27,48,132,61,51,316,6,134,33,109,58,281,60,30,18,53,51,2,102,12,18
"Seguridad","Abuso de confianza","2022_10",80,56,22,48,14,85,357,56,42,51,165,21,40,128,67,62,366,10,106,35,131,55,293,46,40,15,72,64,0,88,7,24
"Seguridad","Abuso de confianza","2022_11",60,37,24,40,11,85,472,53,37,51,128,27,42,133,51,38,367,8,112,19,118,63,264,62,31,16,74,54,2,124,6,27
"Seguridad","Abuso de confianza","2022_12",47,48,10,43,18,52,347,38,22,63,108,20,29,147,48,46,280,1,94,30,144,74,312,46,21,3,59,51,0,101,9,18
"Seguridad","Abuso de confianza","2023_1",69,34,27,42,11,77,401,42,25,42,131,31,30,168,47,45,344,12,102,31,89,56,278,68,33,8,65,63,0,107,8,23
"Seguridad","Abuso de confianza","2023_2",48,28,25,39,17,80,404,43,28,71,150,16,36,136,61,56,297,7,95,32,100,61,227,58,29,9,48,51,0,84,7,20
"Seguridad","Abuso de confianza","2023_3",87,59,30,48,13,105,487,60,28,66,194,37,48,139,58,61,347,6,132,33,116,75,353,57,36,11,65,67,0,125,7,39
"Seguridad","Abuso de confianza","2023_4",71,65,26,40,18,93,339,34,21,42,128,21,37,116,57,58,295,6,66,24,110,53,274,61,21,8,53,47,0,97,8,22
"Seguridad","Abuso de confianza","2023_5",74,54,25,53,26,138,356,56,26,43,159,34,32,149,56,55,324,10,77,41,110,64,323,74,45,9,73,54,0,122,6,26
"Seguridad","Abuso de confianza","2023_6",81,57,25,48,23,106,390,69,36,66,160,31,44,114,71,41,367,6,91,34,141,78,353,71,37,9,58,65,0,112,7,30
"Seguridad","Abuso de confianza","2023_7",80,66,25,33,23,106,351,60,35,38,157,21,31,128,57,51,294,7,81,42,127,79,263,66,24,7,65,55,0,123,13,31
"Seguridad","Abuso de confianza","2023_8",61,67,25,47,39,80,370,45,43,52,160,19,27,147,63,58,348,6,98,47,125,65,327,62,36,10,72,75,0,109,7,15
"Seguridad","Abuso de confianza","2023_9",64,48,20,3,23,98,331,76,40,47,150,23,37,146,55,64,358,13,87,44,115,75,363,58,37,19,51,60,0,114,9,17
"Seguridad","Abuso de confianza","2023_10",67,54,35,8,15,124,316,57,31,51,158,29,35,201,62,43,437,24,87,32,114,64,346,60,24,13,70,63,1,107,9,33
"Seguridad","Abuso de confianza","2023_11",70,68,32,17,17,101,275,44,34,38,146,22,37,145,56,58,369,27,104,36,113,67,348,63,17,8,51,52,1,101,6,31
"Seguridad","Abuso de confianza","2023_12",45,51,25,14,12,115,257,49,42,43,101,26,23,154,57,35,289,21,76,29,129,59,269,42,17,5,45,39,0,93,13,14
"Seguridad","Abuso de confianza","2024_1",66,41,33,13,11,97,328,40,60,40,143,36,33,122,68,50,345,21,89,56,135,73,328,52,23,12,46,35,0,103,14,17
"Seguridad","Abuso de confianza","2024_2",72,48,42,9,19,103,279,54,30,33,145,23,27,118,45,58,398,21,120,30,108,58,313,58,38,7,56,42,0,147,4,26
"Seguridad","Abuso de confianza","2024_3",77,32,26,9,17,105,316,49,32,53,141,18,19,149,59,42,355,16,88,39,122,57,423,37,30,5,62,45,0,121,6,21
"Seguridad","Abuso de confianza","2024_4",72,61,34,10,17,132,352,42,32,41,175,19,25,121,57,52,369,22,101,32,97,65,379,70,28,4,46,68,0,148,10,20
"Seguridad","Abuso de confianza","2024_5",68,69,30,13,15,110,334,62,39,43,174,31,33,110,78,54,342,23,77,31,94,58,354,67,26,5,58,55,0,146,5,18
"Seguridad","Abuso de confianza","2024_6",63,44,18,15,13,99,274,57,27,27,145,29,36,147,54,52,387,19,89,41,102,73,299,57,33,6,62,54,0,138,4,26
"Seguridad","Abuso de confianza","2024_7",76,50,32,4,15,147,332,65,29,34,170,26,15,164,58,57,399,22,94,32,124,78,354,70,19,4,71,54,0,121,2,30
"Seguridad","Abuso de confianza","2024_8",73,65,49,3,15,127,291,63,37,21,160,29,34,131,64,54,444,17,93,33,119,68,400,36,29,6,60,53,0,70,8,36
"Seguridad","Abuso de confianza","2024_9",57,53,27,0,18,128,293,53,37,26,140,19,22,122,59,45,453,14,93,31,114,50,315,85,41,18,50,63,1,78,2,32
"Seguridad","Abuso de confianza","2024_10",60,72,32,3,17,118,309,58,29,54,158,27,16,122,87,49,447,18,108,37,97,79,360,45,35,14,57,64,0,81,8,25
"Seguridad","Abuso de confianza","2024_11",59,59,21,3,16,97,319,47,20,51,168,27,22,118,72,41,419,12,65,28,92,78,328,64,28,28,33,55,0,76,9,18
"Seguridad","Abuso de confianza","2024_12",48,55,21,2,16,79,306,29,25,6,129,29,16,132,64,41,354,8,35,32,89,37,312,40,33,19,34,46,0,70,5,24
"Seguridad","Abuso de confianza","2025_1",71,42,13,0,19,92,292,46,27,40,141,22,2,142,48,62,436,24,51,30,112,72,294,66,28,14,29,32,0,84,8,29
"Seguridad","Abuso de confianza","2025_2",62,46,17,4,13,116,269,63,30,48,164,21,28,111,63,44,429,8,38,23,108,55,378,50,33,26,29,48,1,85,5,29
"Seguridad","Abuso de confianza","2025_3",85,40,35,1,15,117,388,52,30,56,178,26,36,117,65,54,417,17,47,26,132,57,310,62,22,15,53,56,0,93,3,27
"Seguridad","Abuso de confianza","2025_4",54,61,22,0,7,113,373,70,28,29,184,23,33,113,79,53,400,16,63,36,133,55,378,61,31,28,43,61,0,77,9,15
"Seguridad","Abuso de confianza","2025_5",70,50,35,0,5,122,328,65,33,22,181,27,49,83,68,49,448,11,61,20,110,70,415,67,30,20,64,49,0,72,12,33
"Seguridad","Abuso de confianza","2025_6",68,53,29,3,4,126,350,91,21,20,172,24,66,100,65,57,463,13,54,19,149,65,361,66,40,11,42,49,0,91,9,26
"Seguridad","Abuso de confianza","2025_7",0,0,0,0,0,0,0,0,0,0,0,0,0,0,0,0,0,0,0,0,0,0,0,0,0,0,0,0,0,0,0,0
"Seguridad","Abuso de confianza","2025_8",0,0,0,0,0,0,0,0,0,0,0,0,0,0,0,0,0,0,0,0,0,0,0,0,0,0,0,0,0,0,0,0
"Seguridad","Abuso de confianza","2025_9",0,0,0,0,0,0,0,0,0,0,0,0,0,0,0,0,0,0,0,0,0,0,0,0,0,0,0,0,0,0,0,0
"Seguridad","Abuso de confianza","2025_10",0,0,0,0,0,0,0,0,0,0,0,0,0,0,0,0,0,0,0,0,0,0,0,0,0,0,0,0,0,0,0,0
"Seguridad","Abuso de confianza","2025_11",0,0,0,0,0,0,0,0,0,0,0,0,0,0,0,0,0,0,0,0,0,0,0,0,0,0,0,0,0,0,0,0
"Seguridad","Abuso de confianza","2025_12",0,0,0,0,0,0,0,0,0,0,0,0,0,0,0,0,0,0,0,0,0,0,0,0,0,0,0,0,0,0,0,0
"Seguridad","Abuso sexual","2015_1",6,87,0,0,16,60,96,19,8,1,78,26,0,112,21,28,0,0,48,0,0,20,41,13,12,15,6,0,3,3,34,0
"Seguridad","Abuso sexual","2015_2",4,77,0,0,19,84,102,22,1,1,83,28,0,101,20,36,0,0,53,21,0,13,27,14,24,21,4,0,2,2,32,0
"Seguridad","Abuso sexual","2015_3",0,122,0,0,36,85,123,28,3,2,80,18,0,125,27,33,2,0,60,0,0,14,31,36,25,29,11,0,2,7,36,0
"Seguridad","Abuso sexual","2015_4",2,105,8,1,26,84,126,26,4,2,87,29,0,122,28,26,0,0,76,0,0,25,45,24,22,20,12,0,2,3,36,0
"Seguridad","Abuso sexual","2015_5",1,119,5,2,22,135,157,19,2,15,81,21,15,105,19,33,0,0,73,22,0,25,56,32,18,20,7,0,0,0,42,0
"Seguridad","Abuso sexual","2015_6",1,131,7,1,27,124,158,36,1,25,74,23,18,125,18,26,9,0,98,0,0,17,27,32,17,25,7,0,3,0,45,0
"Seguridad","Abuso sexual","2015_7",1,102,11,0,17,85,149,28,1,32,75,17,26,115,34,22,78,0,88,0,0,21,40,20,18,21,7,0,1,6,42,0
"Seguridad","Abuso sexual","2015_8",1,112,17,2,12,104,156,21,0,20,94,16,26,127,21,26,83,0,95,22,0,23,31,26,15,16,4,0,4,7,28,0
"Seguridad","Abuso sexual","2015_9",0,118,7,0,19,81,153,34,3,24,81,18,17,125,17,26,74,0,97,0,0,20,27,22,16,23,7,0,6,6,28,0
"Seguridad","Abuso sexual","2015_10",0,105,15,2,26,84,173,34,0,26,99,24,19,180,28,33,100,0,81,0,0,29,30,26,29,26,10,0,2,6,28,0
"Seguridad","Abuso sexual","2015_11",1,92,19,0,25,69,158,20,2,22,75,15,11,180,22,34,93,0,82,17,0,26,43,20,13,20,8,0,3,4,34,0
"Seguridad","Abuso sexual","2015_12",1,77,4,1,21,69,95,24,1,12,61,16,26,155,18,29,93,0,50,0,0,17,39,22,17,15,0,0,1,2,35,0
"Seguridad","Abuso sexual","2016_1",1,75,15,0,32,68,123,12,9,21,59,17,19,147,22,26,90,0,57,38,0,22,30,11,13,18,5,0,1,6,38,0
"Seguridad","Abuso sexual","2016_2",0,89,18,3,27,79,143,31,6,18,69,17,23,140,18,24,112,0,70,35,0,14,16,20,15,22,10,0,7,8,32,0
"Seguridad","Abuso sexual","2016_3",0,96,11,3,19,81,151,32,4,21,81,19,20,168,20,42,110,0,92,26,0,16,25,21,25,25,7,0,1,8,45,0
"Seguridad","Abuso sexual","2016_4",0,99,9,3,30,100,193,40,0,30,85,25,12,238,20,35,149,0,89,51,0,20,25,35,23,37,9,0,2,4,42,0
"Seguridad","Abuso sexual","2016_5",0,120,17,2,24,116,249,42,0,19,106,19,26,226,17,32,177,0,91,32,0,28,32,18,19,36,13,0,2,5,43,0
"Seguridad","Abuso sexual","2016_6",0,96,12,0,23,99,229,50,0,28,74,18,33,208,21,41,153,0,97,42,0,24,26,4,30,61,10,0,0,4,32,0
"Seguridad","Abuso sexual","2016_7",0,124,19,2,29,121,175,41,1,17,80,19,23,146,8,29,121,0,89,35,0,31,28,28,21,72,9,11,1,4,42,0
"Seguridad","Abuso sexual","2016_8",0,115,20,2,21,84,135,34,0,30,82,16,22,179,23,23,122,0,78,29,0,28,21,31,24,42,15,21,3,2,33,0
"Seguridad","Abuso sexual","2016_9",0,99,16,0,24,88,141,52,1,26,83,16,46,192,12,25,139,0,72,28,0,34,25,34,16,43,11,29,0,2,35,4
"Seguridad","Abuso sexual","2016_10",0,107,19,3,41,93,115,30,5,31,97,16,25,272,14,36,124,0,81,0,0,25,26,26,21,27,12,47,3,4,30,12
"Seguridad","Abuso sexual","2016_11",0,81,11,2,24,76,126,37,3,42,77,16,45,172,18,25,111,0,84,23,0,30,20,23,29,28,15,30,2,4,26,4
"Seguridad","Abuso sexual","2016_12",0,74,14,1,17,71,95,30,1,34,77,15,40,257,18,31,121,0,46,20,0,22,64,28,10,12,12,33,1,3,34,6
"Seguridad","Abuso sexual","2017_1",0,80,19,4,20,74,94,28,15,29,75,14,22,156,18,30,88,0,64,20,0,27,18,36,13,23,15,32,1,9,27,10
"Seguridad","Abuso sexual","2017_2",0,75,8,2,17,83,95,30,15,27,85,9,50,183,23,37,118,0,60,20,0,25,18,26,12,38,10,31,1,6,30,12
"Seguridad","Abuso sexual","2017_3",0,102,19,3,16,85,126,55,7,20,79,21,32,193,19,45,148,0,84,41,0,34,20,23,28,50,6,47,0,12,56,13
"Seguridad","Abuso sexual","2017_4",0,97,14,2,15,98,144,43,11,21,91,20,27,223,15,45,129,0,72,32,0,27,23,30,15,26,11,33,1,7,47,4
"Seguridad","Abuso sexual","2017_5",0,105,14,4,17,124,141,46,12,12,104,20,63,234,21,44,167,0,115,26,0,43,37,44,15,35,11,37,1,7,54,14
"Seguridad","Abuso sexual","2017_6",0,81,26,3,18,109,170,53,14,37,98,24,40,202,23,48,188,0,111,31,0,35,35,27,19,25,17,52,1,11,35,24
"Seguridad","Abuso sexual","2017_7",0,127,26,4,20,122,130,34,18,20,76,18,27,223,20,36,154,0,82,34,0,30,24,30,10,33,9,26,2,8,19,21
"Seguridad","Abuso sexual","2017_8",0,86,25,4,18,93,136,47,16,22,85,14,39,195,26,39,143,0,97,32,0,23,19,30,22,29,12,49,2,6,26,12
"Seguridad","Abuso sexual","2017_9",0,99,27,7,16,103,105,43,19,21,86,22,28,213,21,30,134,0,98,38,0,27,34,30,20,28,17,40,5,9,41,8
"Seguridad","Abuso sexual","2017_10",0,89,31,8,15,107,142,40,31,19,63,13,35,187,39,45,166,0,97,34,0,32,31,28,27,43,16,45,7,7,34,14
"Seguridad","Abuso sexual","2017_11",0,102,16,5,23,112,141,54,10,27,71,21,47,185,27,31,149,0,77,38,0,32,33,31,23,15,12,21,5,3,27,7
"Seguridad","Abuso sexual","2017_12",0,68,7,5,18,72,102,17,16,18,55,13,32,127,18,23,119,0,50,37,0,23,20,33,10,17,13,24,1,6,25,3
"Seguridad","Abuso sexual","2018_1",0,76,20,3,15,77,143,31,12,25,67,11,23,174,21,20,115,0,53,31,0,19,25,26,23,16,8,19,2,7,22,18
"Seguridad","Abuso sexual","2018_2",0,76,19,1,18,78,161,34,9,23,81,11,28,134,24,35,138,0,79,39,38,29,32,32,29,17,8,47,9,15,42,6
"Seguridad","Abuso sexual","2018_3",0,92,28,3,22,116,205,44,19,19,69,6,39,188,31,47,174,0,94,45,58,35,33,28,24,22,13,50,12,12,40,7
"Seguridad","Abuso sexual","2018_4",0,103,25,3,14,113,224,53,13,30,79,13,53,191,31,34,161,0,93,50,48,43,24,24,19,18,16,51,7,16,21,19
"Seguridad","Abuso sexual","2018_5",0,124,22,3,20,137,202,67,9,50,94,11,49,204,34,41,164,0,117,58,61,31,33,38,37,30,18,55,12,11,19,14
"Seguridad","Abuso sexual","2018_6",0,119,22,5,20,145,183,65,16,49,62,11,38,173,23,45,176,0,118,49,64,39,45,48,30,32,20,39,8,28,13,17
"Seguridad","Abuso sexual","2018_7",0,126,13,8,11,113,172,28,27,34,72,13,37,186,23,43,183,0,113,54,41,46,38,43,24,27,13,38,12,27,20,16
"Seguridad","Abuso sexual","2018_8",0,143,24,3,14,135,198,58,24,38,87,12,65,216,34,36,178,0,108,49,56,27,33,27,27,29,8,55,1,23,17,16
"Seguridad","Abuso sexual","2018_9",0,126,23,3,24,108,252,53,17,22,80,17,48,176,34,39,184,0,85,46,52,37,36,42,27,28,19,56,2,23,14,17
"Seguridad","Abuso sexual","2018_10",0,125,43,6,25,93,323,52,27,39,100,22,51,168,26,36,201,0,103,38,67,34,27,39,17,51,14,59,2,19,14,22
"Seguridad","Abuso sexual","2018_11",0,97,28,4,14,104,256,45,17,30,90,18,50,193,41,40,199,0,71,31,58,39,29,33,18,27,14,38,2,19,9,10
"Seguridad","Abuso sexual","2018_12",0,91,23,2,11,82,242,44,14,19,67,20,33,153,17,38,104,0,78,35,32,34,37,40,19,27,11,36,2,11,10,19
"Seguridad","Abuso sexual","2019_1",0,86,22,6,12,87,288,36,15,31,68,15,65,215,24,28,172,0,60,39,40,29,48,32,22,34,15,38,3,41,14,13
"Seguridad","Abuso sexual","2019_2",0,109,24,4,14,101,392,57,20,44,97,22,85,175,26,49,238,0,90,44,53,47,38,42,18,22,12,54,3,63,13,16
"Seguridad","Abuso sexual","2019_3",0,127,26,2,18,117,379,41,27,40,86,29,58,221,38,49,246,0,77,62,57,48,57,51,19,17,16,37,0,57,21,29
"Seguridad","Abuso sexual","2019_4",0,99,22,5,13,122,302,43,19,39,106,27,57,229,39,49,190,0,113,58,59,54,59,42,24,37,12,50,2,63,22,23
"Seguridad","Abuso sexual","2019_5",0,124,26,9,25,121,366,48,21,51,127,28,54,286,38,34,242,0,97,67,70,59,44,38,41,49,16,66,2,71,23,13
"Seguridad","Abuso sexual","2019_6",0,142,37,4,5,150,347,39,19,57,93,24,71,198,40,46,268,0,130,45,53,44,51,43,27,51,15,61,0,61,12,21
"Seguridad","Abuso sexual","2019_7",0,117,31,4,10,110,333,39,21,45,90,23,48,176,41,41,187,0,99,44,66,50,52,50,27,44,17,53,1,61,6,10
"Seguridad","Abuso sexual","2019_8",0,111,21,3,15,134,350,64,23,35,99,23,42,226,42,33,249,0,116,61,67,57,38,52,27,53,21,52,2,48,12,16
"Seguridad","Abuso sexual","2019_9",0,148,31,6,16,131,304,58,18,44,96,27,54,181,35,37,219,0,86,52,64,34,40,46,40,43,23,59,2,69,21,21
"Seguridad","Abuso sexual","2019_10",0,122,34,3,15,127,371,62,18,53,98,19,70,180,40,45,238,0,132,54,78,39,41,51,29,28,16,54,2,88,15,23
"Seguridad","Abuso sexual","2019_11",0,116,20,2,9,88,313,43,19,26,102,30,68,166,33,49,219,0,81,53,52,39,47,63,31,40,6,35,4,62,14,17
"Seguridad","Abuso sexual","2019_12",0,83,21,7,10,91,308,29,20,14,100,19,31,170,31,36,203,0,90,43,53,40,41,39,19,33,9,32,1,69,8,15
"Seguridad","Abuso sexual","2020_1",0,134,29,9,17,96,268,43,27,30,94,20,49,161,43,31,236,0,84,52,62,36,40,34,32,30,16,49,2,35,10,10
"Seguridad","Abuso sexual","2020_2",0,155,35,7,19,105,419,46,33,43,89,27,68,199,36,41,275,0,123,59,84,39,58,52,28,47,18,53,1,55,4,17
"Seguridad","Abuso sexual","2020_3",0,136,25,3,19,153,427,48,30,38,130,34,70,220,47,49,308,0,156,78,81,69,67,71,38,41,27,63,5,69,12,25
"Seguridad","Abuso sexual","2020_4",0,52,15,2,10,79,168,55,17,22,81,22,44,176,42,26,187,0,64,27,48,22,19,26,22,20,8,22,0,43,2,18
"Seguridad","Abuso sexual","2020_5",0,79,12,1,11,103,129,32,26,29,91,13,44,176,49,31,140,0,82,30,50,47,32,27,22,45,2,40,8,56,3,12
"Seguridad","Abuso sexual","2020_6",0,98,19,2,3,122,192,61,36,26,107,20,40,183,43,23,179,0,92,50,51,46,47,41,22,59,9,39,0,64,4,15
"Seguridad","Abuso sexual","2020_7",0,107,30,4,10,132,234,39,25,22,85,30,66,165,39,44,181,0,123,28,50,56,57,50,32,39,9,33,4,56,3,22
"Seguridad","Abuso sexual","2020_8",0,132,23,3,15,146,239,42,22,51,83,29,76,179,50,43,268,0,103,34,55,41,49,40,25,46,11,38,0,58,8,17
"Seguridad","Abuso sexual","2020_9",0,108,24,7,12,114,266,59,30,53,94,28,74,188,49,42,270,0,130,39,65,51,54,45,39,57,18,55,2,67,2,21
"Seguridad","Abuso sexual","2020_10",0,112,26,6,8,117,277,56,26,34,108,29,66,184,33,52,293,0,105,53,61,54,50,38,26,54,14,51,0,65,13,16
"Seguridad","Abuso sexual","2020_11",0,78,23,5,12,60,260,52,23,26,85,37,67,161,39,42,299,0,121,43,63,48,55,48,37,54,11,50,4,64,9,19
"Seguridad","Abuso sexual","2020_12",0,77,19,4,12,66,242,45,24,30,94,27,42,145,46,45,255,0,105,35,48,42,48,32,36,40,17,50,1,42,3,12
"Seguridad","Abuso sexual","2021_1",0,70,20,3,17,103,206,46,17,37,76,21,41,163,44,41,258,0,97,41,51,42,70,40,34,45,11,36,0,53,2,15
"Seguridad","Abuso sexual","2021_2",0,90,23,2,12,105,280,71,18,46,86,29,38,165,44,47,290,0,94,38,54,39,63,44,31,52,16,51,3,64,4,19
"Seguridad","Abuso sexual","2021_3",0,121,24,6,17,149,405,64,39,46,144,30,80,241,62,53,447,0,174,77,94,69,77,69,34,106,30,69,7,86,5,24
"Seguridad","Abuso sexual","2021_4",0,104,13,3,18,150,346,81,30,38,127,31,59,224,58,55,370,0,154,48,65,68,63,62,36,60,14,53,3,59,15,27
"Seguridad","Abuso sexual","2021_5",0,121,26,4,18,150,333,61,41,50,123,35,78,206,36,44,367,0,160,55,80,48,96,51,35,75,24,63,4,91,5,23
"Seguridad","Abuso sexual","2021_6",0,136,36,6,19,165,369,76,31,52,92,25,67,206,47,42,356,0,171,44,59,53,72,58,35,84,25,66,5,66,8,24
"Seguridad","Abuso sexual","2021_7",0,144,19,5,21,157,320,73,25,45,115,29,52,207,48,46,369,0,141,39,70,77,87,50,28,54,23,70,0,78,9,25
"Seguridad","Abuso sexual","2021_8",0,138,26,6,22,150,353,58,26,58,114,20,44,202,46,52,347,0,119,39,80,68,115,67,38,37,20,66,4,72,3,32
"Seguridad","Abuso sexual","2021_9",0,97,34,0,10,143,307,96,36,45,95,30,50,199,45,44,289,0,158,34,69,51,82,51,37,65,13,61,2,66,3,22
"Seguridad","Abuso sexual","2021_10",0,115,37,7,17,160,373,75,28,46,113,41,64,196,46,56,342,0,152,48,81,61,84,48,36,48,20,70,2,82,4,13
"Seguridad","Abuso sexual","2021_11",0,90,28,25,20,129,308,72,27,42,85,30,49,183,41,34,307,0,115,43,70,54,71,44,36,60,18,46,3,72,0,23
"Seguridad","Abuso sexual","2021_12",0,71,27,29,16,130,332,55,24,43,104,34,33,186,54,36,329,0,118,40,55,48,86,64,27,32,21,50,0,90,1,12
"Seguridad","Abuso sexual","2022_1",0,86,26,33,20,88,247,44,14,29,84,26,38,160,53,37,276,0,84,40,50,61,58,38,24,42,28,40,2,63,6,18
"Seguridad","Abuso sexual","2022_2",0,73,26,24,18,145,291,74,24,38,110,34,43,202,45,43,356,0,105,22,75,36,63,53,38,43,21,36,3,63,3,16
"Seguridad","Abuso sexual","2022_3",0,139,34,37,21,167,433,97,41,71,140,39,58,254,60,70,509,0,205,43,101,73,127,70,52,49,22,61,1,84,15,23
"Seguridad","Abuso sexual","2022_4",0,152,38,33,23,177,432,83,28,58,145,52,45,256,55,36,564,0,160,39,83,76,113,72,51,45,22,68,0,87,7,22
"Seguridad","Abuso sexual","2022_5",0,169,39,43,21,214,466,110,39,57,146,41,77,260,73,73,573,0,212,48,89,67,123,69,54,80,21,76,5,105,3,33
"Seguridad","Abuso sexual","2022_6",0,190,43,43,13,226,462,144,44,54,134,30,74,223,55,65,539,0,192,38,69,75,127,56,46,41,15,83,4,73,12,39
"Seguridad","Abuso sexual","2022_7",0,174,30,39,18,155,401,77,38,47,106,36,46,272,35,57,463,0,148,58,87,70,92,53,37,57,25,52,4,101,11,19
"Seguridad","Abuso sexual","2022_8",0,131,45,20,22,148,370,82,34,50,134,29,73,265,57,47,429,0,173,34,75,60,89,42,37,57,11,86,1,88,6,33
"Seguridad","Abuso sexual","2022_9",0,152,35,22,15,159,380,96,39,55,123,37,53,329,49,50,462,0,152,50,90,57,92,53,45,71,22,58,3,87,3,36
"Seguridad","Abuso sexual","2022_10",0,166,37,24,12,184,431,80,40,41,135,46,60,357,56,71,513,0,166,47,81,70,120,62,56,37,26,89,1,106,3,22
"Seguridad","Abuso sexual","2022_11",0,146,48,30,18,156,433,81,41,40,100,48,74,359,60,43,441,0,135,49,79,60,100,52,39,54,25,54,0,67,3,20
"Seguridad","Abuso sexual","2022_12",0,102,28,22,17,135,310,78,22,30,93,33,32,361,59,33,361,0,93,23,54,48,102,52,30,43,18,45,0,58,6,15
"Seguridad","Abuso sexual","2023_1",0,118,30,28,13,152,329,68,28,28,95,30,57,331,48,46,393,0,141,45,68,60,105,44,43,55,21,74,3,78,10,17
"Seguridad","Abuso sexual","2023_2",0,125,36,36,13,143,385,70,27,35,126,33,61,347,57,64,456,0,113,53,71,62,90,63,41,75,22,59,0,72,8,22
"Seguridad","Abuso sexual","2023_3",0,183,43,43,11,227,510,128,39,62,169,53,81,427,74,67,563,19,210,58,96,80,120,88,63,54,26,78,2,82,4,28
"Seguridad","Abuso sexual","2023_4",0,156,31,33,15,174,352,87,26,57,121,44,57,423,57,46,462,22,163,33,84,66,95,60,39,64,13,90,0,97,4,25
"Seguridad","Abuso sexual","2023_5",0,168,34,40,13,207,426,74,25,56,136,42,62,429,56,63,470,28,200,56,82,83,91,59,64,75,25,93,1,127,8,19
"Seguridad","Abuso sexual","2023_6",0,230,37,31,16,250,456,104,31,54,145,46,83,371,59,61,582,37,164,61,87,70,93,68,60,63,21,83,1,121,7,39
"Seguridad","Abuso sexual","2023_7",0,159,34,26,15,177,376,53,49,41,125,33,69,397,41,51,428,23,135,48,71,64,73,66,40,59,21,66,0,81,8,33
"Seguridad","Abuso sexual","2023_8",0,136,34,24,14,145,394,68,43,49,122,27,73,441,61,41,400,28,143,51,78,52,76,75,46,68,17,57,1,99,10,24
"Seguridad","Abuso sexual","2023_9",0,160,42,21,13,167,373,83,44,55,123,35,73,516,49,47,441,31,173,51,90,63,86,59,37,74,18,76,1,110,9,37
"Seguridad","Abuso sexual","2023_10",0,195,47,22,11,181,433,55,47,41,129,39,48,499,44,53,453,35,157,49,71,61,105,52,50,102,30,76,0,101,10,22
"Seguridad","Abuso sexual","2023_11",0,173,25,21,20,131,350,77,28,38,118,20,56,450,52,50,400,27,117,43,62,40,80,52,39,58,25,58,2,81,14,20
"Seguridad","Abuso sexual","2023_12",0,106,36,16,15,90,358,68,15,30,82,29,36,371,33,33,265,27,96,39,55,44,71,37,32,49,11,53,2,67,11,28
"Seguridad","Abuso sexual","2024_1",0,111,44,20,14,111,311,46,19,27,94,22,33,401,32,37,336,25,113,39,78,50,104,51,50,42,17,51,0,69,17,25
"Seguridad","Abuso sexual","2024_2",0,129,36,17,14,139,350,82,23,29,80,21,65,395,42,44,411,11,135,44,74,63,86,52,33,38,32,72,0,87,7,21
"Seguridad","Abuso sexual","2024_3",0,147,42,30,12,162,379,68,31,54,137,38,65,458,47,66,465,24,133,46,69,71,115,67,42,47,29,59,5,115,5,40
"Seguridad","Abuso sexual","2024_4",0,156,34,26,21,188,374,85,39,44,121,33,66,504,56,44,491,35,133,50,92,77,102,60,59,67,22,64,2,122,6,33
"Seguridad","Abuso sexual","2024_5",0,159,35,32,9,197,400,95,36,55,139,41,63,521,58,51,497,25,164,50,79,96,109,59,65,61,27,79,3,101,10,45
"Seguridad","Abuso sexual","2024_6",0,211,39,24,11,183,379,95,37,52,124,36,78,493,50,60,493,27,119,30,87,57,71,48,49,83,23,73,3,105,9,36
"Seguridad","Abuso sexual","2024_7",0,178,44,17,11,158,437,68,33,41,120,27,36,424,44,42,361,35,133,37,92,67,89,61,42,50,20,68,1,114,5,28
"Seguridad","Abuso sexual","2024_8",0,154,36,14,8,136,368,91,38,49,119,25,56,396,48,43,381,23,123,60,106,62,84,56,44,48,14,66,2,105,7,26
"Seguridad","Abuso sexual","2024_9",0,184,45,6,10,154,330,80,27,54,121,22,54,431,54,50,394,27,130,36,86,75,81,75,44,83,22,69,1,93,13,28
"Seguridad","Abuso sexual","2024_10",0,186,49,17,13,183,369,88,38,41,118,34,62,455,54,62,403,37,155,57,82,71,88,74,49,108,23,66,2,103,11,45
"Seguridad","Abuso sexual","2024_11",0,117,48,5,10,183,347,81,23,38,113,34,54,442,39,56,434,24,122,34,94,63,88,52,43,99,20,52,2,85,14,25
"Seguridad","Abuso sexual","2024_12",0,108,26,17,9,114,239,37,24,30,73,39,40,403,56,44,308,18,76,37,61,46,70,49,35,73,17,41,1,84,6,19
"Seguridad","Abuso sexual","2025_1",0,106,31,9,13,121,310,59,36,27,97,33,53,410,47,44,350,18,91,31,71,56,67,54,34,69,14,53,0,76,6,26
"Seguridad","Abuso sexual","2025_2",0,129,31,11,5,123,319,59,26,29,142,30,56,402,41,52,426,25,121,33,76,45,88,60,47,42,10,56,1,91,15,26
"Seguridad","Abuso sexual","2025_3",0,151,35,12,9,172,317,83,30,49,169,32,60,506,62,58,510,26,167,34,88,62,83,62,49,61,33,68,0,119,10,24
"Seguridad","Abuso sexual","2025_4",0,135,36,8,9,183,342,75,27,42,143,31,63,470,62,42,387,19,117,47,80,48,79,50,37,56,21,64,2,85,7,26
"Seguridad","Abuso sexual","2025_5",0,121,32,9,13,184,374,66,20,49,146,37,63,523,56,59,432,23,119,29,84,52,80,61,39,52,23,63,3,100,10,26
"Seguridad","Abuso sexual","2025_6",0,152,39,12,12,173,322,70,30,51,139,24,62,460,42,52,395,12,152,40,78,55,90,61,51,69,14,66,1,90,7,29
"Seguridad","Abuso sexual","2025_7",0,0,0,0,0,0,0,0,0,0,0,0,0,0,0,0,0,0,0,0,0,0,0,0,0,0,0,0,0,0,0,0
"Seguridad","Abuso sexual","2025_8",0,0,0,0,0,0,0,0,0,0,0,0,0,0,0,0,0,0,0,0,0,0,0,0,0,0,0,0,0,0,0,0
"Seguridad","Abuso sexual","2025_9",0,0,0,0,0,0,0,0,0,0,0,0,0,0,0,0,0,0,0,0,0,0,0,0,0,0,0,0,0,0,0,0
"Seguridad","Abuso sexual","2025_10",0,0,0,0,0,0,0,0,0,0,0,0,0,0,0,0,0,0,0,0,0,0,0,0,0,0,0,0,0,0,0,0
"Seguridad","Abuso sexual","2025_11",0,0,0,0,0,0,0,0,0,0,0,0,0,0,0,0,0,0,0,0,0,0,0,0,0,0,0,0,0,0,0,0
"Seguridad","Abuso sexual","2025_12",0,0,0,0,0,0,0,0,0,0,0,0,0,0,0,0,0,0,0,0,0,0,0,0,0,0,0,0,0,0,0,0
"Seguridad","Acoso sexual","2015_1",0,0,3,0,0,0,1,5,0,0,14,0,14,14,0,0,12,1,0,0,11,5,6,2,0,0,0,3,0,4,0,0
"Seguridad","Acoso sexual","2015_2",0,0,1,0,0,0,1,7,0,0,10,0,32,8,0,0,17,0,0,0,8,1,4,3,0,0,0,4,0,5,0,0
"Seguridad","Acoso sexual","2015_3",0,0,0,0,0,0,4,4,0,0,23,0,9,7,0,0,19,0,0,0,11,0,11,6,0,0,0,4,0,5,0,0
"Seguridad","Acoso sexual","2015_4",0,0,0,0,0,0,8,16,0,0,23,0,13,6,0,0,8,2,0,0,9,0,4,5,0,0,0,3,0,5,0,0
"Seguridad","Acoso sexual","2015_5",0,0,1,0,0,0,9,2,0,0,21,1,13,5,0,0,11,1,0,1,18,3,1,5,2,0,0,5,0,4,0,0
"Seguridad","Acoso sexual","2015_6",0,0,1,0,0,0,2,7,0,0,22,0,6,7,0,0,17,1,0,0,11,3,4,7,1,0,0,4,0,3,0,0
"Seguridad","Acoso sexual","2015_7",0,0,1,0,0,0,3,4,0,1,16,0,1,3,0,0,15,2,0,0,5,0,5,2,0,0,0,4,0,3,0,0
"Seguridad","Acoso sexual","2015_8",0,0,1,0,0,0,1,8,0,0,15,2,5,7,0,0,10,0,0,3,9,4,1,3,1,0,0,4,0,5,0,0
"Seguridad","Acoso sexual","2015_9",0,0,1,0,0,0,0,5,0,0,25,2,3,17,0,1,10,0,0,0,13,1,3,2,1,0,0,5,0,2,0,0
"Seguridad","Acoso sexual","2015_10",0,0,1,0,0,0,1,4,0,2,15,0,3,26,0,0,19,0,0,0,14,2,3,3,0,0,0,4,0,7,0,0
"Seguridad","Acoso sexual","2015_11",0,0,3,0,0,0,3,4,0,0,18,3,16,21,0,0,17,0,0,1,4,2,6,4,0,0,0,2,0,9,0,0
"Seguridad","Acoso sexual","2015_12",0,0,1,0,0,0,0,2,0,0,10,0,3,9,0,1,11,0,0,0,3,2,4,2,0,0,0,3,0,6,0,0
"Seguridad","Acoso sexual","2016_1",0,0,0,0,0,0,1,8,0,0,13,1,6,30,0,0,12,1,0,3,5,1,1,5,0,0,0,2,0,10,0,0
"Seguridad","Acoso sexual","2016_2",0,0,3,0,0,0,0,9,0,0,11,0,0,21,0,0,8,1,0,0,8,4,6,6,0,0,0,2,0,7,0,0
"Seguridad","Acoso sexual","2016_3",0,0,5,0,0,0,0,11,0,1,9,0,1,24,0,0,17,0,0,3,12,3,4,7,3,0,0,5,0,7,0,0
"Seguridad","Acoso sexual","2016_4",0,0,1,0,0,0,0,14,0,1,23,1,0,26,0,0,16,1,0,5,8,6,0,4,0,0,0,4,0,6,0,0
"Seguridad","Acoso sexual","2016_5",0,0,3,0,0,0,4,11,0,1,24,2,0,23,0,1,17,1,0,6,10,4,1,0,2,0,0,3,0,9,0,0
"Seguridad","Acoso sexual","2016_6",0,0,8,0,0,0,16,20,0,1,19,1,0,5,0,0,1,0,0,1,9,5,4,12,0,0,0,0,0,4,0,0
"Seguridad","Acoso sexual","2016_7",0,0,4,0,0,0,40,15,0,0,9,0,0,2,0,0,19,0,0,4,5,6,2,0,0,0,0,0,0,6,0,0
"Seguridad","Acoso sexual","2016_8",0,0,5,0,0,0,28,7,0,0,9,0,0,6,0,1,18,0,0,3,7,2,2,1,1,0,0,0,0,6,0,0
"Seguridad","Acoso sexual","2016_9",0,0,0,0,0,0,26,17,0,1,15,3,0,8,0,1,16,0,0,6,2,2,6,10,0,0,0,0,0,7,0,0
"Seguridad","Acoso sexual","2016_10",0,0,2,0,0,0,25,9,0,1,13,3,0,33,0,1,20,0,0,0,9,6,1,3,1,0,0,5,0,3,0,0
"Seguridad","Acoso sexual","2016_11",0,0,1,0,0,0,18,9,0,3,10,2,0,7,0,0,17,0,0,5,10,0,5,5,1,0,0,3,0,7,0,0
"Seguridad","Acoso sexual","2016_12",0,0,1,0,0,0,23,9,0,0,11,2,0,14,0,2,14,0,0,2,9,1,9,9,0,0,0,4,0,8,0,0
"Seguridad","Acoso sexual","2017_1",0,0,0,0,0,0,20,8,0,0,16,1,0,8,0,2,18,0,0,4,3,1,2,11,1,0,0,5,0,16,0,0
"Seguridad","Acoso sexual","2017_2",0,0,4,0,0,0,18,15,0,0,8,0,0,3,0,0,13,1,0,1,2,4,3,14,0,0,0,6,0,14,0,0
"Seguridad","Acoso sexual","2017_3",0,0,3,0,0,0,20,13,0,0,14,2,0,6,0,0,18,0,0,8,7,1,6,13,0,0,0,8,0,9,0,0
"Seguridad","Acoso sexual","2017_4",0,0,0,0,0,0,17,17,0,0,14,5,0,16,0,0,21,0,0,1,1,2,5,14,0,0,0,3,0,11,0,0
"Seguridad","Acoso sexual","2017_5",0,0,0,0,0,0,29,12,0,0,17,2,0,21,0,2,31,0,0,4,6,7,9,16,1,1,0,10,0,18,0,0
"Seguridad","Acoso sexual","2017_6",0,0,0,0,0,0,15,14,0,0,19,4,4,22,0,2,29,0,4,1,8,3,5,12,1,1,0,3,0,14,0,0
"Seguridad","Acoso sexual","2017_7",0,0,3,0,0,0,21,13,0,1,12,3,0,18,0,1,31,0,5,4,3,3,7,10,0,0,0,6,0,11,0,0
"Seguridad","Acoso sexual","2017_8",0,0,1,0,0,0,17,18,0,0,8,2,0,17,0,0,20,2,7,6,1,9,4,11,0,0,0,4,0,18,0,0
"Seguridad","Acoso sexual","2017_9",0,0,1,0,0,0,15,19,0,0,12,2,0,19,0,2,19,0,14,4,7,4,11,13,1,2,0,0,0,19,0,0
"Seguridad","Acoso sexual","2017_10",0,0,2,0,0,0,10,10,0,0,16,2,0,11,0,4,32,0,9,7,7,4,8,13,0,1,0,8,0,14,0,0
"Seguridad","Acoso sexual","2017_11",0,0,3,0,0,0,15,8,0,0,15,2,2,17,0,2,25,0,6,4,13,4,3,6,0,1,0,3,0,17,0,0
"Seguridad","Acoso sexual","2017_12",0,0,0,0,0,0,11,11,0,0,10,0,1,14,0,1,14,0,13,5,5,2,5,2,3,0,0,5,0,9,0,0
"Seguridad","Acoso sexual","2018_1",0,0,2,0,0,0,26,11,0,0,8,1,4,26,0,2,11,0,3,4,5,2,5,10,1,1,0,7,0,10,0,0
"Seguridad","Acoso sexual","2018_2",0,0,2,0,0,0,18,7,0,0,18,4,5,20,0,2,22,0,12,4,9,16,2,11,3,1,0,9,1,10,0,0
"Seguridad","Acoso sexual","2018_3",0,0,2,0,7,0,30,10,0,0,18,2,0,30,0,5,34,0,15,12,12,9,7,6,9,1,0,4,2,16,0,0
"Seguridad","Acoso sexual","2018_4",0,0,3,0,7,0,32,17,0,0,17,4,3,29,0,3,26,0,14,10,14,18,5,13,7,0,0,6,0,20,0,0
"Seguridad","Acoso sexual","2018_5",0,0,4,0,6,0,40,29,0,1,11,3,1,24,0,1,27,0,16,16,17,9,7,10,3,1,0,7,0,19,0,0
"Seguridad","Acoso sexual","2018_6",0,0,3,0,4,0,40,27,0,1,10,3,0,33,0,3,16,1,17,10,12,10,11,16,1,1,0,6,0,22,0,0
"Seguridad","Acoso sexual","2018_7",0,0,4,0,2,0,46,6,0,0,21,3,0,17,0,5,17,0,24,5,11,13,12,10,2,3,0,7,2,16,0,0
"Seguridad","Acoso sexual","2018_8",0,0,2,0,10,0,41,10,0,0,13,10,0,15,0,4,14,0,18,7,8,13,6,11,5,0,0,7,0,19,0,0
"Seguridad","Acoso sexual","2018_9",0,0,1,0,11,0,59,24,0,0,12,4,0,25,0,0,24,1,21,15,9,11,8,11,4,0,0,9,0,16,0,0
"Seguridad","Acoso sexual","2018_10",0,0,2,0,13,0,39,26,0,1,16,6,0,27,0,5,27,0,20,13,20,12,8,18,5,4,0,10,0,17,0,0
"Seguridad","Acoso sexual","2018_11",0,0,5,0,9,0,44,27,0,5,16,3,0,18,0,2,20,0,19,8,15,14,7,10,4,0,0,8,0,9,0,0
"Seguridad","Acoso sexual","2018_12",0,0,1,0,5,0,34,9,0,4,11,2,0,20,0,3,23,0,12,10,13,1,10,10,7,3,0,5,0,0,0,0
"Seguridad","Acoso sexual","2019_1",0,0,0,1,8,0,43,12,0,0,17,1,0,19,2,0,28,2,13,10,16,11,9,13,4,2,0,6,0,0,0,0
"Seguridad","Acoso sexual","2019_2",0,0,3,1,11,0,77,17,0,5,19,1,0,16,1,2,41,1,16,20,18,14,17,16,5,3,0,12,0,1,0,2
"Seguridad","Acoso sexual","2019_3",0,0,5,0,4,0,92,20,0,4,19,5,0,22,3,1,39,3,22,14,35,14,15,14,7,3,0,10,0,0,0,10
"Seguridad","Acoso sexual","2019_4",0,0,1,0,13,0,83,13,0,5,17,2,3,17,4,2,50,0,15,12,22,19,12,14,8,4,0,8,0,0,0,7
"Seguridad","Acoso sexual","2019_5",0,0,6,0,6,0,94,20,0,3,25,4,0,30,3,3,61,0,15,7,35,17,11,12,4,9,0,7,0,0,0,6
"Seguridad","Acoso sexual","2019_6",0,0,2,0,9,0,66,14,0,3,18,3,1,35,1,4,85,1,27,12,26,19,15,11,4,5,0,7,0,0,0,7
"Seguridad","Acoso sexual","2019_7",0,0,2,1,6,0,76,16,0,5,13,1,0,26,1,4,53,1,21,10,36,22,25,7,2,1,0,4,0,0,0,8
"Seguridad","Acoso sexual","2019_8",0,0,1,0,4,0,85,26,0,2,8,3,0,34,0,3,60,1,17,18,36,37,13,12,5,9,0,12,0,0,0,7
"Seguridad","Acoso sexual","2019_9",0,0,2,0,9,0,77,20,0,5,17,3,0,22,0,4,52,0,25,14,21,31,19,13,6,2,0,12,0,0,2,11
"Seguridad","Acoso sexual","2019_10",0,0,11,0,15,0,87,20,0,5,21,5,0,24,1,2,42,1,38,23,25,33,13,11,8,2,0,8,0,0,1,19
"Seguridad","Acoso sexual","2019_11",0,0,12,0,7,0,64,16,0,14,16,5,0,19,0,0,61,0,19,18,12,44,9,11,5,5,0,4,0,0,1,12
"Seguridad","Acoso sexual","2019_12",0,0,4,0,2,0,102,17,0,3,23,3,0,28,0,1,51,0,29,10,20,33,12,9,10,3,0,1,0,0,1,8
"Seguridad","Acoso sexual","2020_1",0,0,8,0,8,0,97,17,0,2,19,2,0,18,0,1,57,0,20,6,16,34,11,14,11,5,0,6,0,0,0,12
"Seguridad","Acoso sexual","2020_2",0,0,9,0,11,0,167,22,0,15,17,5,0,26,0,4,69,1,49,24,34,55,16,14,7,5,0,8,0,0,0,7
"Seguridad","Acoso sexual","2020_3",0,0,15,0,19,0,184,37,0,10,25,10,0,31,0,4,96,1,57,26,35,52,25,18,14,3,0,11,1,0,1,12
"Seguridad","Acoso sexual","2020_4",0,0,8,0,5,0,46,4,0,2,18,5,0,10,1,1,76,0,27,14,16,54,4,11,5,2,0,1,0,0,1,4
"Seguridad","Acoso sexual","2020_5",0,0,3,0,4,0,46,15,0,6,10,7,0,18,0,0,101,0,32,14,16,42,8,14,2,6,0,3,0,0,0,3
"Seguridad","Acoso sexual","2020_6",0,0,9,0,3,0,46,8,0,5,16,7,0,24,0,1,89,1,34,15,15,50,22,15,6,6,0,3,0,16,1,4
"Seguridad","Acoso sexual","2020_7",0,0,14,0,9,0,68,36,0,12,18,2,0,21,4,2,84,0,27,12,17,48,14,22,6,3,0,9,1,0,0,13
"Seguridad","Acoso sexual","2020_8",0,0,15,0,7,0,65,18,0,8,30,4,0,28,9,5,95,0,38,14,13,57,21,14,6,6,0,8,0,0,0,7
"Seguridad","Acoso sexual","2020_9",0,0,13,0,3,0,84,16,0,11,26,11,0,24,6,3,126,1,48,24,17,57,24,18,2,9,0,7,0,0,0,9
"Seguridad","Acoso sexual","2020_10",0,0,7,1,4,0,103,28,0,9,19,8,0,26,14,2,137,1,48,28,19,60,19,18,13,7,0,4,0,0,0,10
"Seguridad","Acoso sexual","2020_11",0,0,4,1,6,0,97,27,0,7,14,8,0,18,13,0,96,4,47,10,13,42,12,15,7,8,0,9,0,0,0,3
"Seguridad","Acoso sexual","2020_12",0,0,5,0,6,0,62,20,0,3,15,10,0,19,15,2,86,1,28,22,7,48,19,18,8,10,0,10,0,0,1,9
"Seguridad","Acoso sexual","2021_1",0,0,8,0,7,0,86,15,0,11,15,5,0,12,9,0,88,2,31,11,19,39,21,10,2,6,0,6,0,0,0,8
"Seguridad","Acoso sexual","2021_2",0,0,5,0,6,0,84,33,0,8,20,4,0,25,21,0,130,1,36,30,18,41,20,20,3,11,0,4,0,0,1,9
"Seguridad","Acoso sexual","2021_3",0,0,15,0,11,0,130,29,0,11,26,7,0,35,15,1,141,2,72,29,25,76,32,25,13,7,0,2,0,0,2,15
"Seguridad","Acoso sexual","2021_4",0,0,8,0,7,0,152,23,0,9,23,6,0,37,18,3,121,2,47,17,28,65,25,23,8,9,0,7,0,0,0,11
"Seguridad","Acoso sexual","2021_5",0,0,16,0,9,0,120,47,0,5,25,14,0,17,20,7,92,1,68,21,28,64,20,28,9,10,0,14,1,0,1,7
"Seguridad","Acoso sexual","2021_6",0,0,18,0,6,0,124,33,0,4,14,8,0,18,10,2,120,0,45,20,21,56,19,41,6,10,0,5,1,0,1,11
"Seguridad","Acoso sexual","2021_7",0,0,6,0,5,0,122,30,0,8,20,15,0,17,4,6,116,2,42,24,26,71,28,26,5,0,0,13,0,0,0,14
"Seguridad","Acoso sexual","2021_8",0,0,12,0,3,0,133,33,0,8,27,11,0,19,18,0,129,0,44,11,27,55,16,17,7,5,0,12,0,0,0,6
"Seguridad","Acoso sexual","2021_9",0,0,8,0,4,0,115,31,0,1,11,4,0,28,19,3,119,1,46,17,10,57,20,23,8,3,0,10,1,0,0,14
"Seguridad","Acoso sexual","2021_10",0,0,9,0,4,0,126,34,0,12,18,8,0,15,22,4,138,2,63,19,19,59,25,15,12,10,0,9,0,0,1,7
"Seguridad","Acoso sexual","2021_11",0,0,7,8,19,0,119,22,0,9,19,6,0,31,11,6,105,0,43,20,23,54,18,19,14,8,0,10,0,0,0,9
"Seguridad","Acoso sexual","2021_12",0,0,7,8,7,0,113,17,0,9,16,11,0,23,14,2,132,0,49,14,16,54,14,15,12,2,0,7,1,0,1,11
"Seguridad","Acoso sexual","2022_1",0,0,5,5,4,0,85,21,0,6,16,9,1,11,13,0,125,1,33,13,11,44,17,20,8,5,0,4,1,0,0,7
"Seguridad","Acoso sexual","2022_2",0,0,10,4,6,1,100,33,0,7,21,5,0,24,10,0,118,2,45,25,18,57,9,16,5,3,0,4,1,0,0,6
"Seguridad","Acoso sexual","2022_3",0,0,7,6,10,14,150,56,0,11,32,16,0,29,21,1,232,1,73,23,24,78,14,33,14,5,0,6,0,0,2,12
"Seguridad","Acoso sexual","2022_4",0,0,11,10,5,27,170,43,0,11,29,22,0,40,15,2,446,1,96,29,25,69,27,25,14,10,0,19,1,0,0,10
"Seguridad","Acoso sexual","2022_5",0,0,12,2,6,23,159,48,0,15,43,10,0,44,19,8,464,1,130,37,25,77,36,41,22,14,0,12,0,0,3,18
"Seguridad","Acoso sexual","2022_6",0,0,14,7,6,22,138,62,0,10,36,12,0,34,12,4,444,4,80,26,27,87,30,26,15,8,0,8,0,0,1,11
"Seguridad","Acoso sexual","2022_7",0,0,7,8,8,25,110,39,0,8,35,11,0,22,17,0,325,2,69,22,21,59,17,20,16,2,0,8,1,0,3,9
"Seguridad","Acoso sexual","2022_8",0,0,13,6,9,20,130,39,0,10,33,12,0,21,12,2,411,1,87,24,19,69,17,20,13,5,0,9,0,0,1,11
"Seguridad","Acoso sexual","2022_9",0,0,7,6,12,31,97,49,0,7,26,17,0,20,21,2,391,7,73,23,28,63,26,19,9,17,0,10,0,0,0,11
"Seguridad","Acoso sexual","2022_10",0,0,9,4,7,27,109,40,7,9,27,19,0,24,22,2,403,8,59,25,20,52,34,26,7,8,0,14,0,0,1,13
"Seguridad","Acoso sexual","2022_11",0,0,7,11,7,30,131,20,4,6,27,14,0,30,16,1,460,6,68,25,20,57,16,17,12,14,0,7,1,0,1,11
"Seguridad","Acoso sexual","2022_12",0,0,9,3,7,14,102,26,3,3,27,10,0,22,12,1,301,10,47,17,10,41,28,11,7,9,0,12,0,0,3,2
"Seguridad","Acoso sexual","2023_1",0,0,7,11,7,28,140,28,2,6,26,11,0,24,14,3,380,5,67,21,17,67,23,18,15,10,0,18,0,30,1,5
"Seguridad","Acoso sexual","2023_2",0,0,9,4,9,18,109,25,2,6,27,15,0,17,17,2,442,9,57,21,28,51,16,9,14,16,0,7,0,31,2,12
"Seguridad","Acoso sexual","2023_3",0,0,17,10,12,42,207,59,9,11,31,16,0,46,18,1,575,12,81,26,33,87,36,26,15,8,0,16,0,44,1,18
"Seguridad","Acoso sexual","2023_4",0,4,17,9,9,26,158,36,5,11,33,16,1,33,22,1,493,2,76,28,33,75,20,23,16,5,0,12,0,41,0,8
"Seguridad","Acoso sexual","2023_5",0,15,20,8,4,34,136,42,9,13,33,18,0,39,18,1,388,13,81,24,36,83,22,32,19,11,0,14,0,48,2,19
"Seguridad","Acoso sexual","2023_6",0,9,19,12,7,44,166,50,6,9,42,17,1,30,15,5,645,5,94,29,38,93,31,21,13,18,0,14,0,53,2,9
"Seguridad","Acoso sexual","2023_7",0,12,14,6,15,32,141,24,5,6,31,10,1,38,18,1,303,7,73,22,28,53,23,27,18,12,0,5,0,36,0,6
"Seguridad","Acoso sexual","2023_8",0,19,12,7,12,39,163,31,8,10,34,12,1,36,13,1,608,3,62,25,34,83,31,30,21,17,0,9,0,40,3,4
"Seguridad","Acoso sexual","2023_9",0,23,19,2,6,17,137,47,2,7,41,13,0,30,17,0,519,12,71,31,34,77,29,36,18,9,0,13,0,52,0,10
"Seguridad","Acoso sexual","2023_10",0,16,15,3,9,39,137,41,8,9,29,22,0,23,13,2,503,2,66,15,28,61,23,26,13,21,0,11,0,45,0,14
"Seguridad","Acoso sexual","2023_11",0,12,19,3,7,28,127,34,8,5,36,5,0,30,15,1,384,9,56,13,28,56,26,35,10,7,0,11,2,25,1,10
"Seguridad","Acoso sexual","2023_12",0,11,6,0,5,19,112,32,1,3,27,5,0,9,7,0,259,7,37,10,13,37,17,24,12,15,0,7,0,31,0,1
"Seguridad","Acoso sexual","2024_1",0,13,10,6,10,16,130,30,6,6,29,12,0,15,11,1,278,3,42,14,33,62,26,34,10,9,0,1,0,38,3,9
"Seguridad","Acoso sexual","2024_2",0,22,17,5,8,24,115,43,8,6,32,10,0,17,10,0,297,6,43,28,24,62,22,16,15,11,0,15,0,40,0,5
"Seguridad","Acoso sexual","2024_3",0,25,16,10,6,29,145,45,16,10,33,11,0,33,19,1,304,10,63,20,28,64,26,29,20,10,0,15,1,49,2,10
"Seguridad","Acoso sexual","2024_4",0,15,14,4,18,23,154,50,7,10,51,24,0,25,25,1,312,6,71,23,38,51,28,30,22,9,0,7,1,45,0,10
"Seguridad","Acoso sexual","2024_5",0,24,14,6,7,45,163,70,14,12,44,18,0,33,28,2,298,4,76,24,46,79,32,48,16,14,0,15,0,38,1,14
"Seguridad","Acoso sexual","2024_6",0,17,19,4,6,38,142,40,9,7,32,13,1,29,12,2,316,6,47,16,41,69,20,22,14,9,0,9,0,47,2,13
"Seguridad","Acoso sexual","2024_7",0,13,16,0,5,31,122,43,7,6,33,9,0,27,8,0,248,5,60,22,47,59,24,25,25,12,0,26,0,35,1,10
"Seguridad","Acoso sexual","2024_8",0,14,19,0,8,31,103,39,4,9,43,12,0,20,19,4,287,9,78,13,46,58,23,20,21,3,0,6,0,30,2,16
"Seguridad","Acoso sexual","2024_9",0,19,9,2,7,33,115,34,7,7,32,8,1,29,19,0,285,8,74,19,44,74,27,18,21,20,0,18,0,53,1,7
"Seguridad","Acoso sexual","2024_10",0,18,26,0,11,36,128,46,11,9,38,10,0,27,20,0,301,5,77,31,35,73,17,33,12,35,0,14,1,43,4,16
"Seguridad","Acoso sexual","2024_11",0,46,12,1,11,33,125,22,10,5,27,21,0,23,17,0,266,3,71,23,48,68,28,25,27,21,0,8,0,41,2,20
"Seguridad","Acoso sexual","2024_12",0,4,8,0,13,25,86,19,10,10,23,8,0,21,15,3,180,2,41,20,28,42,23,7,13,11,0,2,0,28,2,7
"Seguridad","Acoso sexual","2025_1",0,12,12,3,5,25,97,35,6,6,22,11,1,11,8,1,289,4,50,14,27,77,24,19,14,11,0,14,1,28,1,9
"Seguridad","Acoso sexual","2025_2",0,16,19,2,6,30,98,44,10,6,50,9,0,36,14,2,297,3,60,21,45,66,23,31,8,12,0,9,0,41,3,9
"Seguridad","Acoso sexual","2025_3",0,15,21,3,10,37,180,54,13,10,30,26,1,26,19,1,270,4,87,15,52,66,32,33,23,11,0,19,0,56,2,16
"Seguridad","Acoso sexual","2025_4",0,17,17,1,12,35,178,56,7,9,39,9,0,26,25,1,202,3,93,30,29,68,26,30,24,14,0,10,0,54,3,16
"Seguridad","Acoso sexual","2025_5",0,24,7,1,8,42,150,45,11,12,43,12,1,19,23,0,225,6,67,24,38,65,35,36,15,9,0,11,0,43,3,13
"Seguridad","Acoso sexual","2025_6",0,24,19,1,4,44,131,43,10,7,40,20,3,17,27,0,240,3,72,18,32,73,17,32,25,11,0,12,0,31,1,16
"Seguridad","Acoso sexual","2025_7",0,0,0,0,0,0,0,0,0,0,0,0,0,0,0,0,0,0,0,0,0,0,0,0,0,0,0,0,0,0,0,0
"Seguridad","Acoso sexual","2025_8",0,0,0,0,0,0,0,0,0,0,0,0,0,0,0,0,0,0,0,0,0,0,0,0,0,0,0,0,0,0,0,0
"Seguridad","Acoso sexual","2025_9",0,0,0,0,0,0,0,0,0,0,0,0,0,0,0,0,0,0,0,0,0,0,0,0,0,0,0,0,0,0,0,0
"Seguridad","Acoso sexual","2025_10",0,0,0,0,0,0,0,0,0,0,0,0,0,0,0,0,0,0,0,0,0,0,0,0,0,0,0,0,0,0,0,0
"Seguridad","Acoso sexual","2025_11",0,0,0,0,0,0,0,0,0,0,0,0,0,0,0,0,0,0,0,0,0,0,0,0,0,0,0,0,0,0,0,0
"Seguridad","Acoso sexual","2025_12",0,0,0,0,0,0,0,0,0,0,0,0,0,0,0,0,0,0,0,0,0,0,0,0,0,0,0,0,0,0,0,0
"Seguridad","Allanamiento de morada","2015_1",13,245,4,3,11,9,31,17,0,16,20,24,24,26,9,37,117,3,23,0,33,10,27,29,7,9,38,22,14,17,66,4
"Seguridad","Allanamiento de morada","2015_2",11,217,5,4,11,18,40,15,7,10,16,24,12,29,7,37,105,4,27,8,26,10,14,20,4,9,38,23,4,15,34,9
"Seguridad","Allanamiento de morada","2015_3",18,283,4,2,6,19,48,25,12,7,16,26,15,38,9,45,129,1,36,0,42,9,24,34,15,15,44,28,6,8,61,5
"Seguridad","Allanamiento de morada","2015_4",16,267,13,1,11,25,49,32,8,9,12,27,10,43,12,35,127,1,21,0,39,5,23,21,19,18,45,21,2,19,71,9
"Seguridad","Allanamiento de morada","2015_5",16,293,9,3,7,35,53,27,4,16,13,20,18,48,10,42,134,0,32,9,34,12,30,16,21,14,45,37,5,13,75,11
"Seguridad","Allanamiento de morada","2015_6",19,296,11,2,10,32,65,30,10,13,25,29,12,61,9,39,132,1,34,0,29,6,15,19,16,10,51,38,6,23,70,11
"Seguridad","Allanamiento de morada","2015_7",18,349,11,5,8,32,53,32,9,13,14,22,6,48,11,33,131,5,18,0,37,5,28,16,16,17,43,2,6,21,69,8
"Seguridad","Allanamiento de morada","2015_8",19,310,10,0,8,28,63,32,8,28,17,19,11,57,17,46,103,3,29,7,36,4,23,22,17,9,32,33,4,14,62,12
"Seguridad","Allanamiento de morada","2015_9",15,308,14,4,11,31,54,18,9,16,13,13,10,56,4,46,113,1,45,0,33,5,17,23,13,8,42,34,0,20,56,4
"Seguridad","Allanamiento de morada","2015_10",11,299,14,6,11,34,54,24,4,16,14,20,9,57,24,37,126,3,46,0,25,9,14,21,21,17,35,44,11,15,49,6
"Seguridad","Allanamiento de morada","2015_11",4,297,13,9,6,18,53,27,7,10,12,11,143,49,16,41,97,0,33,13,20,16,17,17,5,12,31,29,3,13,80,7
"Seguridad","Allanamiento de morada","2015_12",9,276,16,4,4,32,52,27,4,5,18,15,25,42,7,24,107,2,24,0,16,10,27,12,8,12,39,25,6,14,81,5
"Seguridad","Allanamiento de morada","2016_1",13,296,13,7,10,28,45,26,12,13,18,13,27,49,12,29,77,0,16,83,26,10,20,11,10,28,33,23,1,15,60,11
"Seguridad","Allanamiento de morada","2016_2",9,310,9,4,11,18,41,32,19,13,18,11,14,47,9,34,102,0,28,14,20,10,12,23,6,29,32,16,1,29,81,9
"Seguridad","Allanamiento de morada","2016_3",12,348,9,2,18,19,60,33,16,12,15,25,16,42,12,37,109,2,30,27,35,10,19,17,14,32,36,24,6,16,97,8
"Seguridad","Allanamiento de morada","2016_4",10,341,13,1,7,23,60,18,0,12,15,16,16,47,9,37,105,0,22,12,28,12,15,22,16,28,55,27,3,16,90,9
"Seguridad","Allanamiento de morada","2016_5",18,294,15,1,10,31,75,37,11,21,22,23,16,49,13,38,130,2,22,21,29,9,8,14,8,27,49,29,0,16,92,14
"Seguridad","Allanamiento de morada","2016_6",15,338,17,1,7,32,73,30,0,30,34,18,28,54,8,27,86,2,37,27,19,11,19,50,15,51,46,36,1,23,117,12
"Seguridad","Allanamiento de morada","2016_7",16,260,14,4,10,22,79,44,3,16,25,11,4,49,10,29,82,0,33,15,15,15,12,39,17,44,46,36,2,12,146,7
"Seguridad","Allanamiento de morada","2016_8",17,260,20,5,12,25,51,38,5,19,28,16,13,57,12,35,101,2,34,20,12,16,6,53,13,17,45,31,1,21,154,14
"Seguridad","Allanamiento de morada","2016_9",2,244,14,4,18,16,71,37,1,10,27,16,38,35,13,23,102,1,36,14,6,13,18,44,15,21,43,37,1,12,155,5
"Seguridad","Allanamiento de morada","2016_10",20,237,21,3,14,24,59,35,2,22,24,23,32,57,12,40,120,2,32,0,4,20,13,32,8,12,34,34,2,14,161,13
"Seguridad","Allanamiento de morada","2016_11",10,230,21,6,9,24,65,45,5,15,18,19,22,42,10,30,104,2,34,13,8,11,18,29,7,17,35,18,2,40,171,11
"Seguridad","Allanamiento de morada","2016_12",16,149,18,5,15,18,73,54,3,23,28,16,31,37,13,39,116,0,27,12,8,12,14,39,2,13,39,32,4,17,173,10
"Seguridad","Allanamiento de morada","2017_1",24,152,19,2,12,35,68,31,19,8,18,7,24,40,9,26,94,1,39,17,10,11,12,36,2,15,43,32,3,28,187,8
"Seguridad","Allanamiento de morada","2017_2",26,133,17,1,13,31,49,35,20,14,22,13,25,44,15,26,112,0,42,14,7,17,9,51,4,14,33,13,0,36,196,10
"Seguridad","Allanamiento de morada","2017_3",35,199,10,1,13,32,51,68,23,24,22,13,21,31,17,35,134,1,40,14,8,17,9,35,6,29,33,21,4,30,287,8
"Seguridad","Allanamiento de morada","2017_4",21,234,15,4,9,42,75,31,11,21,15,15,22,35,19,29,115,0,32,21,8,11,12,27,10,9,38,17,5,14,167,11
"Seguridad","Allanamiento de morada","2017_5",31,183,9,4,14,34,57,53,22,12,27,16,26,40,28,36,132,2,43,12,19,17,16,34,6,17,42,22,1,23,213,10
"Seguridad","Allanamiento de morada","2017_6",33,192,17,1,13,42,71,47,6,26,31,10,28,44,13,24,119,0,46,16,19,15,18,19,6,21,40,19,3,25,103,9
"Seguridad","Allanamiento de morada","2017_7",41,197,17,3,10,42,67,49,19,18,38,12,26,37,15,26,145,0,49,19,9,12,11,25,5,7,46,31,2,31,58,18
"Seguridad","Allanamiento de morada","2017_8",31,201,13,3,8,51,69,57,22,14,30,14,25,41,22,29,133,0,47,19,9,13,10,20,7,11,35,29,2,34,46,11
"Seguridad","Allanamiento de morada","2017_9",49,188,7,6,9,55,69,58,25,9,35,18,33,48,22,30,134,0,40,25,15,15,24,22,7,10,39,25,3,23,59,7
"Seguridad","Allanamiento de morada","2017_10",41,215,16,5,12,55,87,46,26,19,35,20,30,34,27,52,157,0,36,20,14,18,16,21,11,19,40,23,0,25,54,9
"Seguridad","Allanamiento de morada","2017_11",45,212,12,4,6,60,57,58,0,18,36,12,26,42,17,40,131,0,34,29,16,12,15,16,8,9,46,20,2,37,2,7
"Seguridad","Allanamiento de morada","2017_12",28,155,8,4,9,63,52,31,14,13,27,9,23,37,32,16,136,1,29,25,6,14,19,16,4,4,42,25,6,24,38,7
"Seguridad","Allanamiento de morada","2018_1",38,208,20,4,11,63,45,35,18,24,36,14,18,43,23,30,118,2,16,27,11,15,8,22,6,3,35,20,2,25,34,5
"Seguridad","Allanamiento de morada","2018_2",25,170,14,5,21,84,71,48,19,16,42,16,30,41,27,33,125,1,19,18,11,10,17,15,10,7,30,15,1,29,32,11
"Seguridad","Allanamiento de morada","2018_3",33,197,18,5,13,70,65,61,27,9,26,13,30,34,21,25,136,0,34,18,15,16,10,16,2,11,43,29,3,28,30,8
"Seguridad","Allanamiento de morada","2018_4",37,207,11,2,10,67,77,52,17,9,41,10,29,35,16,20,119,1,29,24,3,18,22,21,2,8,47,23,0,34,10,5
"Seguridad","Allanamiento de morada","2018_5",33,214,18,2,14,89,75,69,22,28,45,15,23,46,21,36,144,1,21,23,16,27,21,29,3,5,54,28,2,28,3,7
"Seguridad","Allanamiento de morada","2018_6",43,223,19,2,13,43,64,69,18,16,42,7,30,36,15,32,153,2,36,20,6,26,14,30,7,4,33,29,1,26,14,9
"Seguridad","Allanamiento de morada","2018_7",37,205,16,2,15,70,84,56,9,9,47,17,33,32,19,39,118,1,21,26,12,31,19,11,5,6,51,29,2,23,12,12
"Seguridad","Allanamiento de morada","2018_8",52,207,16,5,7,81,76,94,15,18,39,16,22,25,20,25,110,4,34,28,11,13,25,31,6,6,50,22,6,32,11,12
"Seguridad","Allanamiento de morada","2018_9",45,239,13,3,12,121,75,74,10,12,39,15,22,40,24,23,122,1,40,24,14,23,12,20,5,7,38,23,2,42,8,18
"Seguridad","Allanamiento de morada","2018_10",40,304,19,3,15,71,68,68,14,19,32,14,26,35,24,37,104,2,32,15,9,14,14,26,5,6,60,15,2,29,8,12
"Seguridad","Allanamiento de morada","2018_11",46,220,19,1,18,74,65,66,5,14,39,12,44,31,18,26,111,0,23,26,10,8,16,22,3,2,25,16,4,21,9,11
"Seguridad","Allanamiento de morada","2018_12",31,229,14,2,10,87,47,60,13,12,35,14,30,33,13,26,115,0,23,25,16,31,20,28,2,13,23,19,2,24,5,13
"Seguridad","Allanamiento de morada","2019_1",27,274,15,2,9,85,68,47,11,11,34,15,37,22,20,34,108,1,23,24,13,26,14,42,7,6,47,20,3,25,8,13
"Seguridad","Allanamiento de morada","2019_2",37,240,10,2,8,98,58,91,18,4,42,10,53,31,17,25,89,2,31,21,27,20,17,39,4,1,35,18,4,50,11,23
"Seguridad","Allanamiento de morada","2019_3",47,292,10,1,6,96,77,44,21,7,43,22,33,28,20,33,109,2,17,28,28,26,17,49,10,13,33,21,5,47,24,13
"Seguridad","Allanamiento de morada","2019_4",47,293,10,1,9,60,86,72,22,0,50,15,50,38,20,39,123,2,22,17,28,25,19,42,6,13,48,13,4,46,29,17
"Seguridad","Allanamiento de morada","2019_5",57,224,19,0,9,82,73,74,29,8,55,31,38,31,29,39,141,3,24,23,27,25,17,47,2,12,42,20,3,50,35,14
"Seguridad","Allanamiento de morada","2019_6",44,247,16,2,12,85,100,58,22,4,34,23,31,23,29,33,160,5,32,22,38,20,17,40,5,10,35,28,0,43,15,23
"Seguridad","Allanamiento de morada","2019_7",56,228,21,1,11,73,73,50,23,6,55,26,24,22,15,34,141,0,22,30,39,39,10,41,2,13,59,25,7,47,4,16
"Seguridad","Allanamiento de morada","2019_8",57,257,9,1,13,71,61,61,25,9,38,6,29,30,22,28,138,0,30,32,29,32,14,44,5,11,46,25,5,39,14,14
"Seguridad","Allanamiento de morada","2019_9",45,219,8,1,9,79,78,67,14,2,43,10,35,24,31,23,145,1,28,29,19,17,13,50,3,18,47,29,4,49,17,21
"Seguridad","Allanamiento de morada","2019_10",30,223,18,1,14,93,70,75,9,5,45,11,32,45,12,37,143,0,20,22,31,28,11,42,7,14,38,23,5,30,20,15
"Seguridad","Allanamiento de morada","2019_11",36,211,9,3,10,68,70,59,12,8,35,14,23,27,26,23,124,2,18,20,22,30,15,46,10,17,31,11,5,46,14,12
"Seguridad","Allanamiento de morada","2019_12",35,230,7,2,12,50,69,50,9,11,29,16,23,17,26,27,127,2,18,20,33,27,12,35,3,30,25,10,5,46,11,18
"Seguridad","Allanamiento de morada","2020_1",28,203,16,2,7,54,74,52,15,15,49,18,21,26,34,21,149,1,12,35,34,23,11,37,1,19,30,9,2,49,6,14
"Seguridad","Allanamiento de morada","2020_2",52,213,7,0,18,57,83,44,14,15,39,21,26,23,22,23,138,3,20,21,42,27,18,39,4,15,41,16,9,40,5,8
"Seguridad","Allanamiento de morada","2020_3",45,210,8,3,8,65,91,47,14,20,41,13,29,20,35,27,142,0,20,32,37,22,15,47,13,20,46,30,2,68,7,23
"Seguridad","Allanamiento de morada","2020_4",33,172,20,1,3,77,46,34,14,20,23,7,24,16,35,13,152,1,17,25,32,24,14,40,6,20,22,21,3,43,0,18
"Seguridad","Allanamiento de morada","2020_5",39,185,7,0,3,67,36,38,6,8,27,10,9,27,28,22,134,2,19,16,34,27,17,45,3,24,16,11,5,36,2,8
"Seguridad","Allanamiento de morada","2020_6",44,164,9,1,1,85,40,39,16,20,17,11,12,22,24,25,139,1,18,8,24,21,25,44,6,15,43,14,2,35,14,23
"Seguridad","Allanamiento de morada","2020_7",39,218,19,2,6,73,64,51,24,13,29,15,5,12,30,25,140,2,17,24,27,30,20,37,12,14,36,17,3,46,7,11
"Seguridad","Allanamiento de morada","2020_8",34,204,13,1,8,81,64,41,18,17,28,20,17,22,33,35,138,3,25,21,37,28,30,44,9,8,39,21,7,59,4,18
"Seguridad","Allanamiento de morada","2020_9",42,173,17,1,7,83,78,45,18,15,21,21,26,23,30,33,139,1,21,21,38,22,19,32,10,17,51,16,4,45,7,16
"Seguridad","Allanamiento de morada","2020_10",32,211,8,1,6,101,70,65,17,17,32,16,28,29,32,29,163,2,28,26,29,23,18,43,12,29,39,17,3,63,10,17
"Seguridad","Allanamiento de morada","2020_11",43,142,16,3,7,58,67,43,18,2,36,15,38,17,15,29,120,0,37,21,16,25,16,46,9,14,36,14,5,54,10,15
"Seguridad","Allanamiento de morada","2020_12",46,155,9,1,7,96,61,34,16,16,28,17,15,17,24,32,112,1,43,23,34,24,18,29,16,16,35,12,7,41,9,12
"Seguridad","Allanamiento de morada","2021_1",35,185,9,6,8,70,47,39,13,7,29,15,15,18,22,35,108,3,37,20,28,17,20,46,5,34,27,16,2,49,8,8
"Seguridad","Allanamiento de morada","2021_2",31,159,13,1,3,87,78,51,22,11,35,22,7,19,21,32,201,6,28,23,30,25,17,40,3,33,45,22,7,36,9,23
"Seguridad","Allanamiento de morada","2021_3",44,179,15,0,5,106,94,58,24,21,39,15,25,25,25,40,144,2,32,25,33,22,37,57,3,53,64,24,2,56,10,23
"Seguridad","Allanamiento de morada","2021_4",57,148,22,2,6,99,80,68,20,19,36,10,30,17,27,32,148,7,39,25,36,25,22,54,12,25,44,16,8,66,15,19
"Seguridad","Allanamiento de morada","2021_5",67,163,19,2,11,106,88,60,25,16,27,17,34,20,34,24,149,3,34,31,33,19,21,37,6,30,39,22,3,63,9,20
"Seguridad","Allanamiento de morada","2021_6",36,150,12,1,4,62,78,52,11,19,39,17,26,31,19,33,146,3,39,20,34,24,15,59,5,32,37,14,0,57,6,15
"Seguridad","Allanamiento de morada","2021_7",42,186,15,1,14,70,88,64,22,15,35,21,33,35,23,33,149,5,28,27,28,26,21,47,1,39,35,23,6,47,3,14
"Seguridad","Allanamiento de morada","2021_8",45,144,16,0,8,69,61,69,17,31,40,21,23,21,18,34,135,4,46,30,31,20,20,43,10,27,38,13,7,48,1,19
"Seguridad","Allanamiento de morada","2021_9",43,161,18,0,7,91,74,84,19,14,22,13,21,23,25,38,131,4,23,25,39,26,13,42,7,36,41,17,10,52,3,13
"Seguridad","Allanamiento de morada","2021_10",62,152,18,2,11,123,74,65,19,10,41,17,23,23,17,19,135,2,44,29,38,23,22,40,7,35,43,18,6,50,6,23
"Seguridad","Allanamiento de morada","2021_11",54,136,22,35,9,81,84,53,15,12,34,14,23,15,27,30,119,1,45,19,39,23,17,45,7,47,27,25,6,47,4,17
"Seguridad","Allanamiento de morada","2021_12",60,143,10,36,11,73,64,59,19,9,37,18,26,20,23,29,122,5,50,20,36,24,20,43,3,38,27,23,5,54,0,13
"Seguridad","Allanamiento de morada","2022_1",53,126,12,30,8,89,57,67,16,6,24,13,26,11,28,23,116,1,45,26,39,19,19,24,3,27,27,15,11,47,4,11
"Seguridad","Allanamiento de morada","2022_2",41,138,17,33,14,106,70,58,14,9,41,13,20,24,26,25,114,3,32,24,32,23,25,34,4,32,19,6,9,65,1,16
"Seguridad","Allanamiento de morada","2022_3",71,166,25,48,5,51,89,91,13,16,36,15,20,24,36,40,153,1,53,30,49,24,25,43,10,39,30,23,4,71,1,13
"Seguridad","Allanamiento de morada","2022_4",51,199,17,39,5,36,65,63,25,12,47,20,27,30,32,20,162,8,50,32,38,41,17,52,4,32,40,27,4,71,4,12
"Seguridad","Allanamiento de morada","2022_5",73,196,19,28,7,28,66,74,18,13,35,22,28,18,38,39,155,5,65,28,34,34,26,40,9,37,22,26,6,64,1,14
"Seguridad","Allanamiento de morada","2022_6",65,203,23,36,7,29,76,96,11,14,33,21,26,23,39,33,155,4,50,26,19,24,24,47,8,34,28,18,11,50,4,11
"Seguridad","Allanamiento de morada","2022_7",48,172,29,29,6,20,69,82,14,9,42,19,22,21,30,29,148,2,37,18,31,24,23,49,4,33,30,18,5,66,3,14
"Seguridad","Allanamiento de morada","2022_8",76,188,20,38,10,17,88,70,15,7,45,12,18,28,24,34,179,3,57,18,34,33,25,67,11,56,22,18,8,50,0,12
"Seguridad","Allanamiento de morada","2022_9",76,166,13,42,5,29,71,93,14,10,40,23,22,19,29,29,156,4,60,15,28,27,34,41,8,45,24,22,0,65,5,23
"Seguridad","Allanamiento de morada","2022_10",52,228,10,48,10,31,76,73,17,17,37,20,23,26,16,23,165,4,47,21,25,23,17,46,9,42,23,22,3,59,1,16
"Seguridad","Allanamiento de morada","2022_11",53,174,19,44,7,24,61,80,20,8,39,21,23,19,26,36,145,8,59,15,31,23,18,41,10,38,22,12,3,54,5,18
"Seguridad","Allanamiento de morada","2022_12",62,164,16,33,7,25,65,71,16,9,35,17,16,10,15,29,135,3,36,15,14,31,23,34,4,37,29,15,7,49,4,12
"Seguridad","Allanamiento de morada","2023_1",48,185,15,36,13,28,62,77,9,6,33,17,14,22,26,43,135,4,51,17,25,26,22,50,7,38,23,19,3,69,1,10
"Seguridad","Allanamiento de morada","2023_2",45,160,16,40,8,28,65,71,16,9,34,17,16,20,29,33,167,7,46,11,15,20,28,48,4,36,19,11,4,65,3,11
"Seguridad","Allanamiento de morada","2023_3",41,223,21,48,17,36,62,104,19,13,49,22,29,24,28,38,170,3,61,22,29,39,36,38,10,58,29,21,3,70,3,13
"Seguridad","Allanamiento de morada","2023_4",45,234,15,50,16,16,81,71,21,8,33,15,19,25,28,46,152,8,62,30,28,27,24,45,11,45,23,25,4,70,1,12
"Seguridad","Allanamiento de morada","2023_5",51,227,14,49,6,36,85,71,16,10,49,21,33,20,22,27,146,1,54,24,19,23,19,58,16,63,28,24,6,73,3,18
"Seguridad","Allanamiento de morada","2023_6",60,259,22,51,11,31,87,93,15,7,55,31,15,22,28,25,176,6,53,11,15,41,27,38,12,66,29,18,6,73,1,22
"Seguridad","Allanamiento de morada","2023_7",58,259,15,56,12,29,75,59,15,6,50,16,32,16,28,37,139,3,36,26,20,29,22,32,7,49,24,20,5,66,0,20
"Seguridad","Allanamiento de morada","2023_8",58,267,23,51,19,26,76,72,12,6,50,22,22,12,23,33,152,6,45,17,20,28,24,50,6,40,28,20,1,57,3,9
"Seguridad","Allanamiento de morada","2023_9",52,255,14,40,6,19,65,78,15,10,60,15,29,11,22,33,180,9,52,30,17,34,31,37,11,30,18,14,6,56,3,18
"Seguridad","Allanamiento de morada","2023_10",61,241,29,39,12,35,69,59,15,11,50,14,26,10,30,36,168,9,50,32,19,30,24,40,11,40,25,20,4,52,2,15
"Seguridad","Allanamiento de morada","2023_11",40,182,19,35,7,22,55,42,15,5,48,14,21,11,27,32,133,6,36,17,16,19,15,43,4,62,13,20,7,41,4,12
"Seguridad","Allanamiento de morada","2023_12",40,199,14,29,6,13,62,71,11,8,47,10,22,10,17,26,117,4,38,22,13,20,20,28,4,42,15,5,6,41,2,13
"Seguridad","Allanamiento de morada","2024_1",46,261,18,22,3,28,66,47,20,5,40,21,20,19,26,21,131,11,28,21,24,27,23,50,5,51,24,13,6,43,6,14
"Seguridad","Allanamiento de morada","2024_2",52,223,20,32,9,25,55,69,14,4,38,20,19,12,31,14,140,3,40,14,10,17,17,30,7,40,26,22,5,46,3,11
"Seguridad","Allanamiento de morada","2024_3",61,232,20,34,13,31,60,63,13,7,41,12,24,15,21,29,205,2,44,21,12,30,21,44,9,27,26,18,4,45,1,14
"Seguridad","Allanamiento de morada","2024_4",49,231,14,28,8,37,67,69,14,8,59,17,25,17,27,29,162,4,56,20,10,21,32,49,5,29,20,22,5,73,0,9
"Seguridad","Allanamiento de morada","2024_5",62,203,31,33,7,25,89,61,22,4,53,16,32,19,36,23,162,6,54,29,10,22,25,59,10,34,22,25,3,60,3,18
"Seguridad","Allanamiento de morada","2024_6",69,226,18,21,7,29,74,66,7,7,37,11,23,17,27,23,154,5,36,16,9,19,19,46,5,42,20,16,3,62,1,14
"Seguridad","Allanamiento de morada","2024_7",49,166,28,22,5,27,70,57,13,6,49,19,13,13,33,37,159,3,48,30,18,22,24,61,3,32,26,20,3,58,0,11
"Seguridad","Allanamiento de morada","2024_8",36,207,22,9,11,26,82,60,9,6,34,21,18,19,24,29,132,4,35,27,13,14,31,48,7,32,21,25,1,35,3,16
"Seguridad","Allanamiento de morada","2024_9",60,146,17,16,11,31,57,58,10,7,46,15,19,19,24,27,157,7,44,26,17,26,29,39,5,37,15,28,3,58,0,13
"Seguridad","Allanamiento de morada","2024_10",43,178,23,10,15,35,58,76,13,7,48,24,16,24,23,34,148,5,40,26,12,23,23,44,7,52,20,19,6,67,1,9
"Seguridad","Allanamiento de morada","2024_11",51,153,21,13,19,26,72,55,15,9,49,12,13,13,24,15,132,11,37,24,13,18,28,55,3,55,20,11,3,32,4,13
"Seguridad","Allanamiento de morada","2024_12",38,143,24,12,18,18,54,55,8,5,50,20,18,11,21,20,138,7,25,27,20,15,23,27,2,35,27,23,4,32,4,10
"Seguridad","Allanamiento de morada","2025_1",33,163,23,13,10,28,57,58,15,5,41,21,16,16,23,16,158,6,30,26,16,25,25,46,4,37,14,11,3,41,2,8
"Seguridad","Allanamiento de morada","2025_2",47,144,23,11,10,18,61,67,8,4,57,30,28,16,21,28,165,5,30,28,24,31,15,52,6,33,22,21,6,43,2,13
"Seguridad","Allanamiento de morada","2025_3",47,158,16,16,8,32,70,63,8,10,62,21,20,19,29,29,170,2,19,17,19,22,30,51,6,43,29,23,2,51,4,17
"Seguridad","Allanamiento de morada","2025_4",49,175,27,14,5,40,66,76,19,8,58,20,32,22,29,29,144,8,21,21,21,26,29,58,9,48,18,21,4,38,1,10
"Seguridad","Allanamiento de morada","2025_5",43,193,30,19,2,25,62,71,20,4,49,18,27,20,19,33,158,5,21,1,17,30,27,46,11,37,17,29,3,54,2,24
"Seguridad","Allanamiento de morada","2025_6",46,223,21,15,4,26,63,58,14,7,59,12,22,18,17,28,128,3,23,18,26,27,27,55,6,38,19,19,5,35,3,23
"Seguridad","Allanamiento de morada","2025_7",0,0,0,0,0,0,0,0,0,0,0,0,0,0,0,0,0,0,0,0,0,0,0,0,0,0,0,0,0,0,0,0
"Seguridad","Allanamiento de morada","2025_8",0,0,0,0,0,0,0,0,0,0,0,0,0,0,0,0,0,0,0,0,0,0,0,0,0,0,0,0,0,0,0,0
"Seguridad","Allanamiento de morada","2025_9",0,0,0,0,0,0,0,0,0,0,0,0,0,0,0,0,0,0,0,0,0,0,0,0,0,0,0,0,0,0,0,0
"Seguridad","Allanamiento de morada","2025_10",0,0,0,0,0,0,0,0,0,0,0,0,0,0,0,0,0,0,0,0,0,0,0,0,0,0,0,0,0,0,0,0
"Seguridad","Allanamiento de morada","2025_11",0,0,0,0,0,0,0,0,0,0,0,0,0,0,0,0,0,0,0,0,0,0,0,0,0,0,0,0,0,0,0,0
"Seguridad","Allanamiento de morada","2025_12",0,0,0,0,0,0,0,0,0,0,0,0,0,0,0,0,0,0,0,0,0,0,0,0,0,0,0,0,0,0,0,0
"Seguridad","Amenazas","2015_1",98,320,56,2,9,151,742,170,15,69,263,122,146,543,30,213,0,22,313,0,312,78,54,93,111,13,228,122,29,149,395,24
"Seguridad","Amenazas","2015_2",111,345,59,3,6,165,587,156,15,99,318,123,193,638,34,261,0,17,290,44,386,81,44,98,87,22,271,155,27,216,364,23
"Seguridad","Amenazas","2015_3",87,363,64,0,11,224,769,151,16,121,325,121,124,708,21,323,0,11,271,0,411,95,69,160,85,39,284,177,12,223,525,23
"Seguridad","Amenazas","2015_4",123,366,69,1,9,210,795,203,10,164,317,117,193,610,26,283,0,17,322,0,443,94,57,119,76,32,290,197,21,223,455,24
"Seguridad","Amenazas","2015_5",93,337,87,9,5,216,878,166,33,156,323,116,213,741,51,275,0,11,336,61,409,88,58,109,104,26,269,199,7,217,514,30
"Seguridad","Amenazas","2015_6",109,387,106,1,6,259,970,235,15,146,300,114,128,699,99,292,0,20,323,0,399,85,72,117,95,42,311,287,5,212,472,29
"Seguridad","Amenazas","2015_7",99,437,71,1,5,221,913,194,14,181,306,115,153,576,22,261,0,21,283,0,373,103,70,118,89,22,264,227,6,208,473,37
"Seguridad","Amenazas","2015_8",95,376,97,0,3,220,849,191,24,152,325,97,152,697,29,263,0,14,258,47,363,98,86,91,88,15,232,215,7,201,412,39
"Seguridad","Amenazas","2015_9",84,373,76,1,3,238,913,183,10,192,313,79,179,668,33,251,0,15,405,0,347,95,80,101,75,23,252,217,7,234,343,32
"Seguridad","Amenazas","2015_10",101,348,88,5,9,185,895,187,17,172,345,93,80,784,10,305,0,14,392,0,388,102,76,93,83,27,272,205,7,235,515,41
"Seguridad","Amenazas","2015_11",81,251,114,3,7,174,781,127,12,162,295,78,193,536,46,245,0,14,303,45,313,103,65,92,66,26,260,186,8,209,504,20
"Seguridad","Amenazas","2015_12",67,294,66,1,4,129,768,134,20,151,322,83,174,496,46,210,0,17,245,0,257,86,61,83,49,28,236,177,0,108,578,22
"Seguridad","Amenazas","2016_1",76,232,74,1,10,166,677,192,90,119,292,97,173,655,56,198,0,10,204,69,274,71,38,54,67,97,223,121,4,118,580,21
"Seguridad","Amenazas","2016_2",51,296,79,1,28,192,797,217,103,126,312,83,174,430,85,262,0,13,323,118,305,67,29,129,64,158,234,146,4,103,652,33
"Seguridad","Amenazas","2016_3",58,311,102,4,31,212,841,260,96,183,347,95,155,548,68,303,0,9,323,94,269,89,48,100,54,160,295,175,5,170,700,41
"Seguridad","Amenazas","2016_4",71,308,101,1,28,210,910,295,87,177,396,83,127,897,88,315,0,11,362,94,332,106,40,149,83,214,303,201,3,167,759,31
"Seguridad","Amenazas","2016_5",56,305,90,3,19,230,932,310,59,216,437,112,196,565,93,366,0,10,390,124,338,113,58,215,63,213,355,216,2,196,560,48
"Seguridad","Amenazas","2016_6",92,317,98,4,23,271,866,429,8,172,518,96,297,952,107,324,0,12,455,98,241,189,47,249,44,369,340,251,2,156,469,42
"Seguridad","Amenazas","2016_7",92,307,99,1,25,165,834,299,8,142,498,105,67,787,96,332,0,6,413,88,60,187,29,272,32,301,281,220,2,157,455,29
"Seguridad","Amenazas","2016_8",100,345,112,0,63,186,781,262,3,158,483,99,174,786,81,333,0,12,453,137,51,223,36,204,22,40,278,273,4,170,499,35
"Seguridad","Amenazas","2016_9",109,327,108,1,53,212,902,333,0,175,542,104,289,786,104,286,0,13,368,108,40,159,29,192,33,50,294,250,4,155,505,49
"Seguridad","Amenazas","2016_10",145,367,94,1,61,195,951,255,6,180,620,130,306,846,91,333,0,10,498,0,48,184,52,160,25,59,290,260,1,159,498,45
"Seguridad","Amenazas","2016_11",91,254,93,1,34,202,738,189,4,175,488,114,250,822,115,278,0,7,393,109,56,148,73,108,26,48,271,248,1,177,467,46
"Seguridad","Amenazas","2016_12",100,226,78,2,31,165,685,258,6,149,482,108,278,747,98,311,0,2,399,77,40,174,70,139,19,57,262,200,1,146,475,45
"Seguridad","Amenazas","2017_1",99,263,104,1,41,168,705,205,161,172,504,122,256,789,77,305,0,9,388,103,36,169,48,184,25,114,272,250,2,239,566,45
"Seguridad","Amenazas","2017_2",111,234,86,5,31,185,730,211,177,158,430,112,265,678,111,272,0,15,369,60,50,186,40,198,18,106,311,201,1,257,529,51
"Seguridad","Amenazas","2017_3",117,301,86,1,33,228,777,345,171,188,594,138,218,777,56,337,0,6,482,101,53,176,51,251,26,142,336,210,1,276,666,53
"Seguridad","Amenazas","2017_4",99,295,69,4,34,234,732,241,146,166,487,104,286,722,145,337,0,5,368,130,40,189,53,189,22,71,328,153,1,210,613,35
"Seguridad","Amenazas","2017_5",196,284,109,7,51,270,826,311,208,213,665,118,371,866,142,333,0,10,491,92,37,294,75,214,29,80,371,214,1,249,754,54
"Seguridad","Amenazas","2017_6",299,324,93,4,40,248,845,341,243,177,586,113,279,939,206,306,0,1,540,105,44,231,81,181,30,99,386,225,3,281,494,61
"Seguridad","Amenazas","2017_7",183,325,101,2,42,250,734,188,203,163,558,112,285,853,240,283,0,1,491,112,33,208,63,120,12,57,351,164,2,267,203,37
"Seguridad","Amenazas","2017_8",268,321,101,3,56,279,835,234,187,161,687,123,342,876,210,362,0,2,540,137,39,281,69,151,40,70,317,200,5,259,95,42
"Seguridad","Amenazas","2017_9",273,325,78,3,45,233,856,232,194,158,648,128,325,892,233,313,0,1,398,113,54,241,109,147,18,59,353,214,5,342,79,42
"Seguridad","Amenazas","2017_10",241,261,100,6,54,266,813,198,210,158,769,161,272,941,245,373,0,1,472,165,45,245,84,125,33,62,375,213,0,290,104,57
"Seguridad","Amenazas","2017_11",223,203,115,3,33,235,764,223,196,145,650,110,310,800,192,340,0,1,446,144,62,230,115,96,37,26,303,180,5,235,104,55
"Seguridad","Amenazas","2017_12",199,192,94,5,44,186,687,157,176,142,502,116,243,718,224,280,0,1,295,145,56,215,131,83,17,15,261,123,3,227,91,33
"Seguridad","Amenazas","2018_1",224,232,101,6,39,194,711,191,186,177,591,124,311,912,211,316,0,2,277,171,51,233,93,83,24,6,286,108,7,229,96,36
"Seguridad","Amenazas","2018_2",233,227,74,4,47,233,759,237,206,147,685,143,230,759,221,351,0,7,325,234,29,210,90,106,29,13,295,152,0,252,165,44
"Seguridad","Amenazas","2018_3",237,281,96,9,41,238,969,354,220,135,807,153,359,929,287,402,0,6,374,219,46,287,105,116,39,24,328,195,3,277,119,53
"Seguridad","Amenazas","2018_4",259,304,62,6,38,263,904,312,191,112,813,151,394,907,238,451,0,10,333,239,59,263,101,151,42,28,363,172,1,292,88,58
"Seguridad","Amenazas","2018_5",299,318,84,10,50,276,1033,378,220,131,849,175,350,914,295,354,0,4,442,304,64,315,116,158,42,18,369,216,2,241,104,67
"Seguridad","Amenazas","2018_6",220,300,86,6,51,284,955,379,212,150,740,147,355,828,252,358,0,5,500,285,66,276,129,176,51,19,338,213,7,244,63,54
"Seguridad","Amenazas","2018_7",295,340,101,9,37,255,942,311,214,119,784,159,356,789,219,354,0,6,382,229,62,315,123,151,39,9,378,223,11,264,86,78
"Seguridad","Amenazas","2018_8",289,275,97,4,47,279,949,391,223,145,794,128,327,829,187,389,0,6,494,278,87,297,140,175,35,73,320,214,18,243,127,105
"Seguridad","Amenazas","2018_9",253,260,121,8,49,260,1025,338,190,137,776,134,408,780,193,415,0,4,508,280,76,273,125,136,41,30,330,188,6,281,185,68
"Seguridad","Amenazas","2018_10",284,292,129,6,58,258,1069,309,219,154,866,154,352,897,235,444,0,15,429,286,79,341,126,142,31,30,383,223,6,310,219,67
"Seguridad","Amenazas","2018_11",221,282,91,2,47,262,898,375,212,107,745,147,373,731,148,383,0,12,411,268,100,278,113,171,44,9,271,166,6,242,213,70
"Seguridad","Amenazas","2018_12",204,229,83,3,45,204,838,269,182,76,632,120,272,610,159,304,0,1,373,232,90,273,157,190,29,6,255,145,3,217,236,62
"Seguridad","Amenazas","2019_1",202,253,98,5,47,210,940,257,207,95,796,162,386,817,225,367,0,6,246,292,80,319,145,231,27,9,354,150,5,292,215,69
"Seguridad","Amenazas","2019_2",214,212,102,9,31,261,1040,454,185,78,779,149,378,848,236,309,0,13,249,325,265,307,157,258,30,3,344,159,3,604,210,64
"Seguridad","Amenazas","2019_3",273,325,102,6,41,288,1190,341,203,85,852,190,337,958,257,443,0,20,323,355,463,333,179,330,42,25,388,170,5,543,249,94
"Seguridad","Amenazas","2019_4",261,308,108,7,27,309,1147,327,185,62,937,179,367,939,220,393,0,17,266,365,476,376,180,303,44,10,398,180,3,560,322,100
"Seguridad","Amenazas","2019_5",321,316,110,6,60,321,1318,564,258,62,1007,225,386,1007,252,373,0,25,321,365,541,417,225,346,52,16,454,203,1,548,345,112
"Seguridad","Amenazas","2019_6",286,335,113,4,75,372,1136,424,227,88,931,191,254,975,217,324,0,30,344,294,501,344,219,280,42,12,433,186,2,540,368,100
"Seguridad","Amenazas","2019_7",310,364,108,3,66,319,1087,379,203,74,836,163,304,955,225,415,0,10,310,350,588,399,231,340,28,11,449,201,4,429,272,96
"Seguridad","Amenazas","2019_8",314,353,123,3,64,377,1099,483,241,75,913,209,268,990,216,362,0,19,340,375,392,391,184,325,36,7,406,229,5,469,243,106
"Seguridad","Amenazas","2019_9",301,358,119,4,54,326,1286,438,227,76,891,201,292,927,268,322,0,7,276,420,245,308,178,281,67,21,370,168,1,533,254,115
"Seguridad","Amenazas","2019_10",341,386,123,6,60,377,1287,535,251,105,947,190,296,925,251,366,0,10,363,392,316,367,178,286,97,47,367,191,0,583,361,120
"Seguridad","Amenazas","2019_11",318,326,117,2,58,272,1177,339,207,86,787,182,249,872,317,365,0,2,255,349,241,353,167,239,102,46,269,140,2,508,264,96
"Seguridad","Amenazas","2019_12",238,335,115,3,46,208,1138,275,199,84,654,166,196,826,255,299,0,5,268,327,225,328,154,210,86,40,299,120,3,530,269,107
"Seguridad","Amenazas","2020_1",295,306,115,2,46,307,1163,414,238,107,784,207,318,932,305,385,0,3,248,337,263,342,162,220,81,22,368,136,4,540,248,99
"Seguridad","Amenazas","2020_2",295,357,117,3,49,263,1403,386,208,135,872,215,337,857,331,403,0,9,412,395,297,390,180,271,84,27,357,129,1,620,203,109
"Seguridad","Amenazas","2020_3",332,410,117,3,67,271,1606,345,236,142,891,210,313,893,362,404,0,4,241,392,301,380,230,232,76,43,395,129,1,585,221,116
"Seguridad","Amenazas","2020_4",198,230,71,5,30,177,809,238,191,69,475,139,209,701,224,259,0,8,163,304,250,251,101,165,47,37,110,92,3,440,104,75
"Seguridad","Amenazas","2020_5",229,227,95,3,21,209,668,310,221,63,590,140,126,742,340,310,0,5,151,309,304,201,125,218,67,38,125,108,1,431,120,94
"Seguridad","Amenazas","2020_6",290,302,148,4,25,253,899,369,228,71,735,138,122,907,330,322,0,7,202,289,349,278,170,280,80,49,303,142,2,533,153,125
"Seguridad","Amenazas","2020_7",292,348,113,2,33,262,1258,437,224,106,710,155,139,841,354,387,0,2,169,325,418,322,202,319,92,67,422,125,1,538,153,95
"Seguridad","Amenazas","2020_8",239,416,118,3,25,285,1271,375,210,110,642,192,183,826,341,458,0,6,332,349,359,350,190,218,111,53,461,124,2,598,140,96
"Seguridad","Amenazas","2020_9",243,436,124,3,25,306,1318,383,212,88,758,217,238,768,355,373,0,6,392,342,411,333,235,264,91,59,402,143,0,666,243,113
"Seguridad","Amenazas","2020_10",246,410,106,5,43,256,1545,478,262,109,738,178,283,880,425,400,0,9,431,381,465,324,191,257,136,108,405,138,1,592,205,89
"Seguridad","Amenazas","2020_11",211,368,107,6,44,178,1245,356,206,27,672,163,266,761,367,369,0,11,452,330,382,271,214,220,131,85,364,122,2,547,140,96
"Seguridad","Amenazas","2020_12",209,289,103,4,44,209,1178,338,213,92,672,170,177,733,353,351,0,6,514,331,362,281,212,216,149,77,341,112,1,444,205,72
"Seguridad","Amenazas","2021_1",227,324,102,5,26,248,1110,359,200,96,607,167,55,747,322,341,0,9,469,352,372,296,174,171,107,112,355,110,2,509,182,69
"Seguridad","Amenazas","2021_2",248,341,110,5,41,249,1207,419,176,110,676,161,79,788,344,371,0,10,436,374,395,308,204,171,136,90,374,131,2,573,268,91
"Seguridad","Amenazas","2021_3",315,365,148,2,32,333,1622,487,266,120,895,207,181,994,429,441,0,8,429,418,518,407,283,268,118,143,532,187,3,688,214,112
"Seguridad","Amenazas","2021_4",306,382,148,8,31,355,1477,508,243,125,931,167,223,928,398,424,0,8,454,401,508,429,205,292,96,124,475,169,4,727,255,118
"Seguridad","Amenazas","2021_5",318,373,159,3,19,339,1594,501,250,122,903,174,225,905,425,409,0,9,413,412,552,374,218,296,123,114,389,170,4,699,356,121
"Seguridad","Amenazas","2021_6",298,396,122,2,37,340,1505,486,234,104,889,199,193,825,390,374,0,8,426,381,587,365,201,260,124,120,446,153,1,705,98,106
"Seguridad","Amenazas","2021_7",276,415,124,2,54,302,1392,534,237,110,814,200,167,829,366,358,0,9,416,375,472,352,227,232,89,99,432,118,0,542,82,95
"Seguridad","Amenazas","2021_8",340,439,117,1,51,338,1357,437,188,90,820,186,182,901,381,419,0,9,554,312,481,311,197,208,113,94,393,157,0,584,76,112
"Seguridad","Amenazas","2021_9",322,471,116,7,51,355,1375,548,265,124,755,182,201,899,322,362,0,5,454,374,420,316,222,278,98,113,389,137,3,524,114,124
"Seguridad","Amenazas","2021_10",333,408,122,7,63,361,1487,431,225,108,898,184,311,874,430,395,0,3,487,341,499,254,261,253,96,116,395,158,2,523,112,113
"Seguridad","Amenazas","2021_11",270,400,130,243,53,267,1319,377,226,94,844,182,246,780,371,372,0,8,702,273,494,271,244,199,131,138,335,163,2,496,66,108
"Seguridad","Amenazas","2021_12",290,370,106,231,54,260,1374,316,239,71,880,175,238,780,320,381,0,10,714,364,486,310,228,206,80,105,319,155,2,567,75,96
"Seguridad","Amenazas","2022_1",248,419,131,276,57,275,1098,469,245,86,743,198,196,736,301,330,0,6,727,331,441,301,228,183,113,113,268,115,0,423,60,92
"Seguridad","Amenazas","2022_2",280,352,114,238,49,275,1276,610,258,72,767,200,236,835,359,366,0,15,502,351,454,264,199,161,94,111,293,103,1,467,60,120
"Seguridad","Amenazas","2022_3",359,487,165,356,81,287,1666,796,305,105,956,226,307,985,417,513,0,7,599,450,602,373,258,243,129,189,407,156,3,690,82,134
"Seguridad","Amenazas","2022_4",340,481,145,229,76,315,1564,715,266,114,995,246,306,905,404,448,0,13,523,419,429,359,248,248,121,159,399,176,0,665,88,107
"Seguridad","Amenazas","2022_5",355,540,162,254,96,309,1842,687,240,131,1106,229,307,933,458,474,0,17,601,385,548,436,308,326,160,163,491,164,1,676,90,145
"Seguridad","Amenazas","2022_6",341,600,155,314,137,289,1621,884,267,121,1043,259,264,904,410,408,0,21,574,384,518,343,284,296,136,164,377,167,2,639,77,140
"Seguridad","Amenazas","2022_7",346,596,124,330,105,258,1600,648,304,112,953,241,219,853,372,404,0,22,507,362,459,343,292,257,108,180,388,175,0,617,81,121
"Seguridad","Amenazas","2022_8",375,617,156,234,153,273,1634,668,282,132,959,269,249,892,393,503,0,37,844,378,536,377,267,254,183,152,403,180,1,608,86,122
"Seguridad","Amenazas","2022_9",319,560,133,246,193,279,1635,895,211,109,905,253,258,884,410,425,0,106,762,343,409,360,257,249,157,159,372,155,0,654,89,123
"Seguridad","Amenazas","2022_10",347,557,161,258,168,251,1666,668,246,115,975,302,279,778,435,463,0,103,592,369,434,386,298,242,188,127,356,189,0,585,80,121
"Seguridad","Amenazas","2022_11",266,473,127,249,203,193,1788,662,241,94,950,273,229,744,403,443,0,112,640,309,423,391,299,246,141,141,347,150,2,609,58,102
"Seguridad","Amenazas","2022_12",243,437,104,236,163,194,1460,608,237,71,842,227,184,613,397,385,0,85,483,275,385,311,263,199,143,159,309,151,1,528,84,85
"Seguridad","Amenazas","2023_1",255,444,123,247,160,237,1510,660,246,86,931,252,248,732,421,453,0,50,555,325,409,385,259,270,126,105,377,153,0,610,74,94
"Seguridad","Amenazas","2023_2",317,454,129,255,185,167,1601,669,207,70,902,314,240,747,441,447,0,68,514,326,360,395,292,214,151,110,323,154,1,578,75,84
"Seguridad","Amenazas","2023_3",404,500,202,307,259,274,1905,896,271,105,1061,341,314,981,433,494,0,57,622,411,486,492,351,316,170,204,414,227,0,715,68,152
"Seguridad","Amenazas","2023_4",311,423,160,311,199,241,1676,585,214,91,997,274,247,771,409,444,0,76,441,371,472,406,269,225,147,152,351,154,3,630,71,101
"Seguridad","Amenazas","2023_5",366,591,198,383,274,307,1704,554,236,114,1144,319,298,805,484,442,0,69,498,414,521,450,365,301,207,119,395,202,1,738,72,132
"Seguridad","Amenazas","2023_6",393,645,169,365,271,301,1908,801,245,121,1209,270,312,901,474,462,0,79,558,362,597,500,338,274,204,145,392,216,1,744,78,148
"Seguridad","Amenazas","2023_7",313,594,171,327,232,255,1677,672,211,110,993,239,256,859,383,373,0,56,449,319,491,389,324,228,150,116,355,176,3,631,65,110
"Seguridad","Amenazas","2023_8",327,618,138,295,282,302,1559,563,222,130,1057,261,250,923,442,503,0,127,556,351,499,444,289,267,170,143,364,191,0,619,56,57
"Seguridad","Amenazas","2023_9",296,611,142,129,112,321,1674,702,236,105,1153,273,324,907,487,486,0,124,475,342,533,483,301,292,218,142,371,179,1,667,76,111
"Seguridad","Amenazas","2023_10",252,652,136,120,186,296,1701,594,195,115,1061,257,302,923,535,504,0,119,534,328,553,425,347,255,182,195,391,221,0,640,48,136
"Seguridad","Amenazas","2023_11",267,533,121,102,160,241,1427,546,223,93,997,201,317,837,425,475,0,86,493,320,490,378,280,218,149,152,283,165,0,623,60,96
"Seguridad","Amenazas","2023_12",303,480,133,119,152,217,1316,667,190,61,754,195,201,676,335,366,0,47,398,279,400,325,221,159,133,62,261,140,1,477,82,87
"Seguridad","Amenazas","2024_1",287,508,154,110,128,279,1448,547,191,85,1083,245,263,803,426,442,0,66,391,335,484,385,274,238,154,93,270,149,0,580,47,117
"Seguridad","Amenazas","2024_2",362,527,174,134,120,306,1590,798,201,69,979,265,279,824,411,447,0,62,472,355,438,344,246,209,158,130,304,213,0,694,31,90
"Seguridad","Amenazas","2024_3",364,556,162,141,155,287,1744,667,214,104,1031,211,287,903,440,455,0,51,495,395,474,364,307,256,180,130,392,222,0,664,38,99
"Seguridad","Amenazas","2024_4",327,575,177,124,267,336,1892,661,215,91,1137,279,309,873,469,549,0,56,630,446,435,471,321,260,190,136,408,224,1,824,28,98
"Seguridad","Amenazas","2024_5",392,605,201,136,139,385,1934,884,240,114,1341,272,361,883,520,558,0,75,564,474,624,478,362,336,173,124,410,261,1,845,77,148
"Seguridad","Amenazas","2024_6",326,398,187,106,131,364,1787,742,210,84,1085,270,294,847,509,488,0,58,522,407,576,355,270,281,166,148,386,187,0,844,59,139
"Seguridad","Amenazas","2024_7",296,381,253,51,164,407,1713,662,229,86,1075,234,185,781,455,453,0,75,473,394,511,355,294,229,153,124,381,170,0,747,71,102
"Seguridad","Amenazas","2024_8",286,411,183,16,171,330,1573,845,210,127,1032,240,265,764,397,415,0,68,445,378,495,308,283,248,154,100,356,177,0,540,60,99
"Seguridad","Amenazas","2024_9",321,373,195,22,147,338,1745,676,184,103,1056,192,223,760,414,453,0,72,527,438,490,297,285,259,151,144,336,193,2,530,55,114
"Seguridad","Amenazas","2024_10",296,354,220,26,178,344,1729,947,201,102,1113,255,282,901,436,532,0,58,514,485,524,313,278,294,155,156,309,187,0,618,64,122
"Seguridad","Amenazas","2024_11",322,309,165,41,238,273,1601,775,214,107,1098,271,257,724,414,423,0,28,417,353,550,307,263,268,174,189,304,180,0,556,59,113
"Seguridad","Amenazas","2024_12",208,286,179,25,260,215,1376,647,195,72,1015,219,213,727,345,405,0,57,198,446,428,284,243,220,137,139,264,128,0,487,79,105
"Seguridad","Amenazas","2025_1",265,271,189,42,207,257,1373,847,200,85,1054,288,267,811,376,426,0,59,231,440,490,329,276,209,177,102,336,137,1,489,49,105
"Seguridad","Amenazas","2025_2",274,293,174,46,219,313,1588,1025,174,78,1226,275,261,762,394,489,0,50,248,452,515,343,323,262,188,88,402,147,1,538,41,126
"Seguridad","Amenazas","2025_3",318,335,190,35,213,361,1917,945,264,129,1422,287,282,897,447,561,0,67,232,386,621,395,307,288,226,89,463,193,0,623,62,122
"Seguridad","Amenazas","2025_4",223,362,226,39,11,324,1725,1062,217,99,1343,273,361,830,430,474,0,40,259,313,553,297,338,278,193,95,368,164,0,581,51,112
"Seguridad","Amenazas","2025_5",234,352,204,42,11,281,1789,1030,263,114,1478,294,393,834,451,512,0,55,294,331,491,345,364,277,194,122,410,172,0,712,59,120
"Seguridad","Amenazas","2025_6",253,335,227,37,1,326,1497,1026,282,83,1341,234,447,772,380,405,0,48,318,336,442,325,399,274,215,87,387,178,0,608,55,145
"Seguridad","Amenazas","2025_7",0,0,0,0,0,0,0,0,0,0,0,0,0,0,0,0,0,0,0,0,0,0,0,0,0,0,0,0,0,0,0,0
"Seguridad","Amenazas","2025_8",0,0,0,0,0,0,0,0,0,0,0,0,0,0,0,0,0,0,0,0,0,0,0,0,0,0,0,0,0,0,0,0
"Seguridad","Amenazas","2025_9",0,0,0,0,0,0,0,0,0,0,0,0,0,0,0,0,0,0,0,0,0,0,0,0,0,0,0,0,0,0,0,0
"Seguridad","Amenazas","2025_10",0,0,0,0,0,0,0,0,0,0,0,0,0,0,0,0,0,0,0,0,0,0,0,0,0,0,0,0,0,0,0,0
"Seguridad","Amenazas","2025_11",0,0,0,0,0,0,0,0,0,0,0,0,0,0,0,0,0,0,0,0,0,0,0,0,0,0,0,0,0,0,0,0
"Seguridad","Amenazas","2025_12",0,0,0,0,0,0,0,0,0,0,0,0,0,0,0,0,0,0,0,0,0,0,0,0,0,0,0,0,0,0,0,0
"Seguridad","Contra el medio ambiente","2015_1",0,1,0,0,10,2,39,0,0,0,1,0,0,1,7,0,17,0,0,0,3,2,3,5,0,0,0,0,0,0,0,0
"Seguridad","Contra el medio ambiente","2015_2",0,0,0,0,6,4,50,3,0,0,0,0,0,1,5,0,24,0,0,0,1,1,1,3,0,0,0,0,0,1,0,0
"Seguridad","Contra el medio ambiente","2015_3",1,0,0,0,4,3,45,5,0,0,1,2,0,2,7,4,22,0,0,0,3,0,1,0,0,0,0,0,0,0,0,0
"Seguridad","Contra el medio ambiente","2015_4",0,2,1,0,7,4,52,3,0,0,0,0,5,1,5,2,28,0,0,0,2,0,1,0,0,0,0,0,0,1,2,1
"Seguridad","Contra el medio ambiente","2015_5",1,0,0,0,10,1,29,5,0,0,0,0,0,2,7,0,14,0,0,0,1,0,0,1,0,0,0,0,0,1,1,0
"Seguridad","Contra el medio ambiente","2015_6",0,0,0,0,6,5,49,5,0,0,2,0,0,2,5,2,12,0,0,0,1,0,6,1,0,0,0,1,0,0,1,0
"Seguridad","Contra el medio ambiente","2015_7",0,2,0,0,7,0,52,1,0,0,0,0,0,2,3,1,21,0,0,0,4,0,2,2,0,0,0,0,0,0,0,0
"Seguridad","Contra el medio ambiente","2015_8",0,0,0,0,5,4,52,3,0,0,1,0,0,1,1,2,19,0,0,0,0,0,5,0,0,0,0,0,0,0,1,0
"Seguridad","Contra el medio ambiente","2015_9",0,0,0,2,8,2,57,0,0,0,0,0,0,4,10,0,16,1,0,0,4,0,4,3,0,0,0,0,0,0,0,0
"Seguridad","Contra el medio ambiente","2015_10",0,2,0,1,5,1,54,3,0,0,0,0,0,1,5,0,18,0,0,0,1,0,5,3,0,0,0,0,0,0,0,0
"Seguridad","Contra el medio ambiente","2015_11",3,0,0,1,5,0,66,1,0,0,1,0,0,0,11,1,19,0,0,0,0,0,0,0,0,0,0,0,0,0,1,0
"Seguridad","Contra el medio ambiente","2015_12",0,0,0,0,3,3,48,3,0,0,1,1,0,0,12,0,22,0,0,0,0,0,0,1,0,0,1,0,0,0,0,0
"Seguridad","Contra el medio ambiente","2016_1",3,0,0,0,1,0,36,4,0,0,0,0,0,3,14,1,26,0,0,0,2,1,0,1,0,0,0,0,0,0,0,0
"Seguridad","Contra el medio ambiente","2016_2",0,2,0,0,3,5,42,3,0,0,1,0,0,3,12,0,23,0,0,0,0,0,1,1,0,0,0,0,0,2,0,0
"Seguridad","Contra el medio ambiente","2016_3",0,0,0,1,2,1,59,2,0,0,0,0,0,3,10,0,30,0,0,0,1,1,1,0,0,0,0,0,0,1,0,0
"Seguridad","Contra el medio ambiente","2016_4",0,0,0,0,5,5,92,1,0,0,0,0,0,2,8,0,31,0,0,0,0,1,0,1,0,0,0,0,0,0,0,0
"Seguridad","Contra el medio ambiente","2016_5",0,5,0,0,4,2,63,0,0,0,2,0,0,2,9,0,20,1,0,0,1,1,2,1,0,0,0,0,0,0,0,0
"Seguridad","Contra el medio ambiente","2016_6",0,4,0,1,1,3,79,0,0,0,1,0,0,92,7,2,27,0,0,0,1,0,1,1,0,2,0,0,0,1,0,0
"Seguridad","Contra el medio ambiente","2016_7",0,6,0,0,2,0,56,0,0,0,0,0,0,5,4,2,13,0,0,0,0,0,1,1,0,0,0,0,0,0,1,0
"Seguridad","Contra el medio ambiente","2016_8",0,1,0,0,1,1,58,2,0,0,1,0,0,6,5,0,33,0,0,0,2,0,0,1,0,0,0,0,0,0,0,1
"Seguridad","Contra el medio ambiente","2016_9",0,6,0,0,3,1,63,5,0,0,0,0,0,2,7,0,37,0,0,0,0,0,0,2,0,0,0,0,0,1,0,0
"Seguridad","Contra el medio ambiente","2016_10",1,2,0,0,2,1,83,2,0,0,0,0,0,1,6,0,26,0,0,0,1,0,3,3,0,0,0,0,0,0,0,0
"Seguridad","Contra el medio ambiente","2016_11",0,2,0,0,7,6,52,0,0,0,0,0,0,3,4,1,23,0,0,0,1,0,0,1,0,0,0,0,0,1,0,0
"Seguridad","Contra el medio ambiente","2016_12",0,0,0,1,1,7,43,7,0,0,0,0,0,4,5,0,21,2,0,0,3,0,3,5,0,0,0,0,1,0,0,0
"Seguridad","Contra el medio ambiente","2017_1",0,1,0,0,0,5,64,1,0,0,0,0,0,2,1,1,30,0,0,0,3,0,0,5,0,0,0,0,0,5,1,0
"Seguridad","Contra el medio ambiente","2017_2",0,2,0,0,1,2,58,1,0,0,1,0,0,4,4,0,17,0,0,0,0,0,3,3,0,0,0,0,0,9,0,0
"Seguridad","Contra el medio ambiente","2017_3",1,1,0,0,0,4,69,3,0,0,0,0,0,0,14,1,27,0,0,0,1,0,10,7,0,0,0,0,1,15,1,0
"Seguridad","Contra el medio ambiente","2017_4",0,2,0,0,2,4,59,11,0,0,2,0,0,6,10,0,29,0,0,0,4,0,0,7,0,0,0,2,0,3,0,1
"Seguridad","Contra el medio ambiente","2017_5",0,2,0,0,2,4,81,5,2,0,2,0,0,4,4,1,30,0,0,0,2,0,5,2,0,0,0,3,0,11,0,1
"Seguridad","Contra el medio ambiente","2017_6",0,1,0,0,2,1,84,0,0,0,1,0,0,3,6,0,25,0,0,0,1,0,5,3,0,0,0,0,0,15,0,0
"Seguridad","Contra el medio ambiente","2017_7",0,0,0,0,4,3,110,0,0,0,0,0,0,0,7,2,26,0,0,0,1,2,2,4,0,0,0,1,0,6,0,1
"Seguridad","Contra el medio ambiente","2017_8",0,4,0,0,3,1,76,0,0,0,0,0,0,4,7,1,34,0,0,0,1,0,1,6,0,0,0,7,0,14,0,0
"Seguridad","Contra el medio ambiente","2017_9",0,3,0,0,2,0,83,0,0,0,1,0,0,2,2,0,16,0,0,0,3,0,6,1,0,0,0,5,0,8,0,0
"Seguridad","Contra el medio ambiente","2017_10",0,0,0,0,3,2,115,0,0,0,1,0,0,1,6,1,52,0,0,0,2,0,2,8,0,0,0,2,0,11,0,1
"Seguridad","Contra el medio ambiente","2017_11",0,4,0,2,2,2,119,0,0,0,0,0,0,2,1,0,46,0,0,0,3,0,1,2,0,0,0,1,0,13,0,0
"Seguridad","Contra el medio ambiente","2017_12",0,2,0,0,2,2,54,0,1,0,0,0,0,4,6,0,20,0,0,0,3,0,1,4,0,0,0,1,0,13,0,0
"Seguridad","Contra el medio ambiente","2018_1",0,0,0,0,3,2,89,0,0,0,1,0,0,89,2,0,41,0,0,0,2,0,1,1,0,0,0,5,0,13,0,0
"Seguridad","Contra el medio ambiente","2018_2",0,0,0,0,1,6,125,0,0,0,0,0,1,1,7,0,44,0,0,0,1,0,2,1,0,0,0,5,0,10,0,0
"Seguridad","Contra el medio ambiente","2018_3",1,0,0,0,4,2,98,0,0,0,0,0,1,5,6,0,32,0,0,0,3,0,1,2,0,0,0,1,0,9,0,0
"Seguridad","Contra el medio ambiente","2018_4",5,7,1,0,4,1,79,2,0,0,8,0,0,7,4,1,45,0,0,0,0,1,2,2,0,0,0,1,0,15,0,0
"Seguridad","Contra el medio ambiente","2018_5",0,1,0,0,2,6,109,1,0,0,0,0,3,3,6,1,47,0,0,0,1,0,3,3,0,1,0,1,0,8,0,0
"Seguridad","Contra el medio ambiente","2018_6",0,2,0,0,6,0,89,0,0,0,1,0,0,3,2,0,40,0,0,0,1,0,2,5,0,0,0,1,0,6,0,0
"Seguridad","Contra el medio ambiente","2018_7",0,1,0,0,1,2,86,0,0,0,0,0,0,1,6,0,31,0,0,0,0,1,4,8,0,0,0,3,0,10,0,0
"Seguridad","Contra el medio ambiente","2018_8",2,13,0,0,4,2,91,1,0,0,0,0,0,4,4,0,50,0,0,0,1,0,3,8,0,0,0,2,0,11,0,0
"Seguridad","Contra el medio ambiente","2018_9",1,1,0,0,5,0,104,1,0,0,0,1,0,5,2,1,50,1,0,0,5,0,4,2,0,0,0,1,0,10,0,0
"Seguridad","Contra el medio ambiente","2018_10",2,7,0,0,3,4,73,0,0,0,7,1,0,2,6,0,42,0,0,0,3,0,5,6,0,0,0,5,0,10,0,0
"Seguridad","Contra el medio ambiente","2018_11",1,4,0,0,0,2,58,0,0,0,11,0,0,3,3,3,34,1,0,0,0,0,3,3,0,0,0,0,0,2,0,0
"Seguridad","Contra el medio ambiente","2018_12",1,5,0,0,2,5,56,0,0,0,0,0,0,2,1,2,28,1,0,0,2,0,2,4,0,0,0,3,0,1,0,0
"Seguridad","Contra el medio ambiente","2019_1",1,5,0,0,2,3,77,0,1,0,1,0,1,1,3,0,37,0,0,0,2,0,2,18,0,0,0,0,0,20,0,0
"Seguridad","Contra el medio ambiente","2019_2",2,6,0,0,2,4,64,1,0,0,0,0,1,7,11,0,33,0,0,0,3,0,1,10,0,0,0,0,0,22,0,0
"Seguridad","Contra el medio ambiente","2019_3",0,5,0,0,2,17,81,0,1,0,0,0,0,1,13,0,48,1,0,0,3,0,2,8,0,0,0,0,0,13,0,0
"Seguridad","Contra el medio ambiente","2019_4",1,1,0,0,7,5,79,0,0,0,0,1,0,4,8,0,48,0,0,0,3,0,2,14,0,0,0,1,0,14,0,0
"Seguridad","Contra el medio ambiente","2019_5",1,1,0,1,12,5,67,0,0,0,0,1,0,37,6,1,39,0,0,0,3,0,7,9,0,0,0,1,0,25,1,1
"Seguridad","Contra el medio ambiente","2019_6",1,5,0,0,3,9,78,0,0,0,0,2,1,2,5,2,34,0,0,0,1,0,4,7,0,0,0,0,0,17,0,0
"Seguridad","Contra el medio ambiente","2019_7",5,3,0,0,6,5,87,1,0,0,25,0,2,2,14,1,52,0,0,0,1,0,5,13,0,0,0,0,0,16,0,0
"Seguridad","Contra el medio ambiente","2019_8",3,6,0,1,3,2,52,0,0,0,0,0,0,2,7,0,45,0,0,0,3,0,1,10,0,0,0,1,0,8,0,0
"Seguridad","Contra el medio ambiente","2019_9",1,4,0,0,2,2,65,0,1,0,0,0,2,6,10,1,48,0,0,0,4,0,10,8,0,0,0,3,0,19,0,0
"Seguridad","Contra el medio ambiente","2019_10",3,4,0,0,4,5,76,0,0,0,10,0,1,2,10,3,37,0,0,0,1,2,11,19,0,0,0,0,0,24,0,0
"Seguridad","Contra el medio ambiente","2019_11",8,4,0,0,3,0,57,0,0,0,3,0,0,3,7,1,30,2,0,0,3,1,5,10,0,0,0,3,0,16,0,0
"Seguridad","Contra el medio ambiente","2019_12",1,1,0,0,1,2,59,0,0,0,1,0,0,2,7,0,29,0,0,0,1,0,3,10,0,0,0,1,0,24,1,0
"Seguridad","Contra el medio ambiente","2020_1",0,4,0,0,2,8,51,0,0,0,0,1,0,4,5,0,32,0,0,1,6,0,6,11,0,0,0,1,0,20,0,0
"Seguridad","Contra el medio ambiente","2020_2",2,2,0,0,6,7,58,0,0,0,0,1,0,9,10,1,46,0,0,0,2,0,9,4,0,0,0,1,0,25,1,0
"Seguridad","Contra el medio ambiente","2020_3",2,0,1,1,5,2,45,0,0,0,13,0,0,27,9,2,39,0,0,0,2,0,9,2,0,0,0,1,0,27,0,0
"Seguridad","Contra el medio ambiente","2020_4",3,1,0,0,4,0,29,0,1,0,1,0,0,8,7,0,36,0,0,0,5,1,0,2,0,0,0,1,0,8,0,0
"Seguridad","Contra el medio ambiente","2020_5",3,2,1,0,6,12,22,0,1,0,5,1,0,4,18,3,36,0,0,0,4,1,7,1,0,0,0,0,0,9,0,0
"Seguridad","Contra el medio ambiente","2020_6",5,2,0,0,0,5,52,0,0,0,1,0,1,6,27,0,46,0,0,0,10,0,6,8,0,0,0,0,0,5,0,0
"Seguridad","Contra el medio ambiente","2020_7",4,1,0,0,2,15,56,0,0,0,0,0,0,6,12,1,43,0,0,0,8,0,3,6,0,0,0,0,0,13,0,1
"Seguridad","Contra el medio ambiente","2020_8",6,5,0,0,3,12,95,0,2,0,0,0,0,4,18,1,38,0,0,1,1,1,4,8,0,0,0,0,0,21,0,0
"Seguridad","Contra el medio ambiente","2020_9",4,4,0,0,14,4,59,0,0,0,1,2,0,1,19,1,51,0,0,0,7,0,6,3,0,0,0,1,0,23,0,1
"Seguridad","Contra el medio ambiente","2020_10",4,4,0,0,2,6,57,0,0,0,0,0,0,0,12,1,31,2,0,0,8,0,8,5,0,0,0,0,0,26,0,0
"Seguridad","Contra el medio ambiente","2020_11",4,1,0,0,1,6,48,0,0,0,0,0,0,2,5,0,29,3,0,0,5,0,8,2,0,0,0,1,0,21,0,0
"Seguridad","Contra el medio ambiente","2020_12",6,0,0,1,5,10,56,0,0,0,0,1,0,1,6,2,29,0,0,0,2,0,3,3,0,0,0,2,0,21,0,0
"Seguridad","Contra el medio ambiente","2021_1",2,0,0,0,1,18,45,0,0,0,1,0,0,5,8,0,30,0,0,0,2,0,6,1,0,0,0,0,0,12,0,0
"Seguridad","Contra el medio ambiente","2021_2",5,0,0,0,4,11,46,0,0,0,0,1,0,3,10,1,45,0,0,0,5,0,10,11,0,0,0,3,0,22,0,0
"Seguridad","Contra el medio ambiente","2021_3",2,0,2,0,2,9,111,0,1,0,0,2,0,2,6,0,38,0,0,0,3,0,3,4,0,0,0,0,0,25,0,2
"Seguridad","Contra el medio ambiente","2021_4",2,0,0,0,5,12,122,0,0,0,0,1,0,4,11,0,27,0,0,0,2,0,2,8,0,0,0,0,0,20,0,0
"Seguridad","Contra el medio ambiente","2021_5",4,3,0,0,3,7,86,1,1,0,0,1,0,5,19,3,25,1,0,0,1,1,12,6,0,0,0,0,0,8,0,1
"Seguridad","Contra el medio ambiente","2021_6",4,0,1,0,4,14,60,0,1,0,0,2,0,5,9,1,21,0,1,0,1,1,6,10,0,0,0,1,0,20,0,1
"Seguridad","Contra el medio ambiente","2021_7",6,2,0,0,10,10,80,1,6,0,1,0,0,2,12,0,25,0,0,0,4,0,6,10,0,1,0,0,0,19,0,0
"Seguridad","Contra el medio ambiente","2021_8",7,2,0,0,2,5,93,0,0,0,0,0,0,2,4,3,29,0,0,0,2,0,18,11,0,0,0,2,0,10,0,1
"Seguridad","Contra el medio ambiente","2021_9",8,1,0,0,7,6,82,0,0,0,2,0,0,3,3,0,24,0,0,0,2,1,11,12,0,0,0,1,0,13,0,1
"Seguridad","Contra el medio ambiente","2021_10",5,1,1,0,16,1,58,0,0,0,2,1,0,2,8,0,29,0,0,0,4,0,5,7,0,0,0,0,0,14,1,1
"Seguridad","Contra el medio ambiente","2021_11",5,0,0,3,8,4,71,0,0,0,0,1,0,1,5,0,31,0,0,0,0,0,10,9,0,0,0,0,0,15,0,0
"Seguridad","Contra el medio ambiente","2021_12",12,0,0,0,8,5,43,1,0,0,0,0,0,1,6,0,22,0,1,0,1,0,6,11,0,0,0,0,0,7,1,1
"Seguridad","Contra el medio ambiente","2022_1",4,3,0,2,7,1,76,1,1,0,0,0,0,1,8,2,17,0,3,0,7,1,7,12,0,0,0,2,0,23,0,1
"Seguridad","Contra el medio ambiente","2022_2",6,1,0,1,4,7,74,0,0,0,1,0,0,5,6,0,21,1,1,0,3,0,3,11,0,0,0,0,0,4,1,0
"Seguridad","Contra el medio ambiente","2022_3",3,1,0,1,4,3,90,0,0,0,1,1,0,6,13,0,34,2,1,0,6,0,12,16,0,0,0,1,0,36,2,0
"Seguridad","Contra el medio ambiente","2022_4",7,2,0,2,5,2,64,1,1,0,0,1,0,13,11,0,22,0,2,0,3,0,7,10,0,4,0,0,0,17,0,0
"Seguridad","Contra el medio ambiente","2022_5",6,2,0,2,5,2,88,0,0,0,2,3,0,5,14,1,23,1,1,0,2,0,4,17,0,0,0,2,0,19,0,0
"Seguridad","Contra el medio ambiente","2022_6",9,0,0,2,4,0,91,1,2,2,0,1,0,3,7,0,36,1,1,0,1,0,8,11,0,1,0,1,0,12,0,0
"Seguridad","Contra el medio ambiente","2022_7",10,0,1,0,8,2,80,0,0,0,1,0,0,5,6,1,27,0,0,0,1,1,4,7,0,0,0,0,0,18,0,0
"Seguridad","Contra el medio ambiente","2022_8",10,3,0,1,4,3,103,1,0,1,1,0,0,4,7,1,26,0,2,0,4,0,6,20,0,0,0,1,0,16,0,0
"Seguridad","Contra el medio ambiente","2022_9",8,0,0,2,3,0,88,1,0,2,1,0,0,1,3,3,27,1,0,0,1,1,11,12,0,0,0,0,0,12,0,0
"Seguridad","Contra el medio ambiente","2022_10",10,1,3,2,2,3,138,0,0,0,1,1,0,0,9,1,26,4,1,0,3,0,10,12,0,0,0,0,0,11,0,2
"Seguridad","Contra el medio ambiente","2022_11",7,3,1,1,4,2,100,1,0,0,0,0,0,4,15,2,34,6,0,0,1,0,7,12,0,0,0,1,0,7,0,0
"Seguridad","Contra el medio ambiente","2022_12",10,1,0,1,3,2,100,1,1,0,0,0,0,2,2,2,34,5,1,0,1,0,12,7,0,0,0,0,0,9,0,1
"Seguridad","Contra el medio ambiente","2023_1",7,0,0,1,0,2,73,0,0,0,1,1,1,3,9,0,34,9,1,0,1,1,7,7,0,0,0,0,0,1,0,0
"Seguridad","Contra el medio ambiente","2023_2",7,0,0,0,0,2,87,0,0,0,2,1,0,4,7,1,30,2,1,0,3,0,16,11,0,0,0,2,0,2,3,1
"Seguridad","Contra el medio ambiente","2023_3",8,0,0,0,2,2,91,0,0,0,1,3,0,6,9,1,40,0,16,0,2,0,12,16,0,0,0,1,0,2,1,0
"Seguridad","Contra el medio ambiente","2023_4",9,3,0,1,2,3,91,0,4,4,0,2,0,7,19,2,33,1,6,0,1,0,9,16,0,0,0,2,0,0,0,0
"Seguridad","Contra el medio ambiente","2023_5",14,0,0,1,10,5,110,0,0,0,3,0,0,8,11,1,37,2,5,0,3,0,12,14,0,0,0,2,0,2,0,1
"Seguridad","Contra el medio ambiente","2023_6",6,0,1,5,8,3,117,0,0,0,2,2,0,9,5,4,34,3,5,0,2,0,13,14,0,0,0,0,0,18,0,2
"Seguridad","Contra el medio ambiente","2023_7",8,1,0,2,5,1,95,1,0,0,1,1,1,4,8,1,19,1,4,0,0,0,9,10,0,0,0,1,0,1,2,0
"Seguridad","Contra el medio ambiente","2023_8",3,2,3,0,8,5,81,1,0,1,4,1,0,0,24,2,34,3,4,1,2,1,8,15,0,1,0,0,0,0,0,0
"Seguridad","Contra el medio ambiente","2023_9",3,2,0,1,7,4,71,0,1,1,5,0,0,1,12,1,34,9,2,0,0,0,11,22,0,1,0,1,0,1,0,1
"Seguridad","Contra el medio ambiente","2023_10",7,1,4,1,10,4,93,1,0,0,1,0,2,1,9,0,39,2,2,0,0,0,7,13,0,0,0,1,0,1,0,0
"Seguridad","Contra el medio ambiente","2023_11",9,0,0,2,3,3,85,0,0,0,1,0,3,1,19,0,27,2,1,0,1,0,12,11,0,0,0,0,0,1,0,1
"Seguridad","Contra el medio ambiente","2023_12",5,1,0,0,3,5,66,0,0,0,0,3,0,3,6,2,19,6,2,0,0,0,8,9,0,0,0,0,0,2,0,0
"Seguridad","Contra el medio ambiente","2024_1",11,0,0,0,4,2,52,1,0,0,0,0,5,1,26,0,26,10,7,0,0,0,11,15,0,0,0,0,0,2,0,0
"Seguridad","Contra el medio ambiente","2024_2",6,0,0,1,1,5,93,0,2,0,0,0,0,1,17,0,23,7,2,1,1,0,6,10,0,0,0,0,0,1,0,0
"Seguridad","Contra el medio ambiente","2024_3",5,1,0,1,3,2,76,0,0,0,0,1,2,4,32,0,30,8,6,0,2,0,16,16,0,0,0,0,0,2,0,0
"Seguridad","Contra el medio ambiente","2024_4",4,0,0,7,3,9,92,0,1,0,1,1,2,7,30,2,32,10,5,0,0,1,9,18,0,0,0,1,0,2,1,0
"Seguridad","Contra el medio ambiente","2024_5",7,1,0,0,3,7,81,0,1,0,2,0,1,7,292,1,37,3,0,0,4,1,17,15,0,0,0,2,0,4,0,0
"Seguridad","Contra el medio ambiente","2024_6",13,4,0,0,9,0,55,1,0,0,0,3,0,4,58,0,18,8,7,0,6,0,18,14,0,0,0,2,0,10,0,0
"Seguridad","Contra el medio ambiente","2024_7",10,0,0,1,4,7,87,0,0,0,2,0,0,4,18,1,23,11,1,0,1,0,20,20,0,5,0,1,0,2,0,2
"Seguridad","Contra el medio ambiente","2024_8",7,0,0,0,3,1,90,0,0,0,1,0,1,9,5,2,20,2,2,0,2,0,15,11,0,0,0,0,0,4,0,0
"Seguridad","Contra el medio ambiente","2024_9",11,2,1,0,3,2,90,0,0,0,0,0,0,2,6,0,20,5,2,0,1,0,14,12,0,0,0,1,0,1,0,0
"Seguridad","Contra el medio ambiente","2024_10",7,2,2,0,1,4,66,1,0,0,1,0,1,5,18,0,23,9,1,0,2,0,10,15,0,1,0,0,0,2,1,0
"Seguridad","Contra el medio ambiente","2024_11",13,1,1,0,2,8,56,2,0,0,0,0,0,1,9,1,21,3,3,0,3,0,8,8,0,2,0,0,0,1,0,0
"Seguridad","Contra el medio ambiente","2024_12",6,0,0,1,5,4,54,1,0,0,1,1,0,3,15,0,19,3,1,0,1,0,14,9,0,0,0,1,0,0,0,1
"Seguridad","Contra el medio ambiente","2025_1",8,2,0,0,2,11,80,0,0,0,0,0,0,9,19,2,14,9,9,1,3,1,18,18,0,0,0,0,0,0,0,0
"Seguridad","Contra el medio ambiente","2025_2",4,3,0,0,6,3,62,4,0,0,1,1,0,3,16,1,30,13,22,0,3,0,22,17,0,0,0,0,0,2,0,0
"Seguridad","Contra el medio ambiente","2025_3",11,0,0,1,6,3,95,2,0,0,3,3,0,7,76,1,19,4,57,0,4,0,33,15,0,0,0,0,0,4,0,1
"Seguridad","Contra el medio ambiente","2025_4",4,3,2,0,6,1,68,2,0,0,2,1,1,5,24,3,27,1,31,0,3,1,27,16,0,0,0,0,0,2,0,2
"Seguridad","Contra el medio ambiente","2025_5",9,4,2,0,9,3,100,1,1,0,0,0,0,5,35,1,24,2,6,0,2,0,14,25,0,2,0,0,0,4,0,0
"Seguridad","Contra el medio ambiente","2025_6",10,4,1,1,2,1,81,1,0,0,0,2,1,5,20,2,22,0,9,0,2,0,24,14,0,1,0,1,0,2,0,0
"Seguridad","Contra el medio ambiente","2025_7",0,0,0,0,0,0,0,0,0,0,0,0,0,0,0,0,0,0,0,0,0,0,0,0,0,0,0,0,0,0,0,0
"Seguridad","Contra el medio ambiente","2025_8",0,0,0,0,0,0,0,0,0,0,0,0,0,0,0,0,0,0,0,0,0,0,0,0,0,0,0,0,0,0,0,0
"Seguridad","Contra el medio ambiente","2025_9",0,0,0,0,0,0,0,0,0,0,0,0,0,0,0,0,0,0,0,0,0,0,0,0,0,0,0,0,0,0,0,0
"Seguridad","Contra el medio ambiente","2025_10",0,0,0,0,0,0,0,0,0,0,0,0,0,0,0,0,0,0,0,0,0,0,0,0,0,0,0,0,0,0,0,0
"Seguridad","Contra el medio ambiente","2025_11",0,0,0,0,0,0,0,0,0,0,0,0,0,0,0,0,0,0,0,0,0,0,0,0,0,0,0,0,0,0,0,0
"Seguridad","Contra el medio ambiente","2025_12",0,0,0,0,0,0,0,0,0,0,0,0,0,0,0,0,0,0,0,0,0,0,0,0,0,0,0,0,0,0,0,0
"Seguridad","Corrupción de menores","2015_1",5,31,2,0,0,10,11,3,0,0,14,0,0,7,3,3,16,7,10,0,4,0,5,2,7,3,2,4,0,1,9,2
"Seguridad","Corrupción de menores","2015_2",2,10,1,0,6,20,14,3,0,0,11,0,4,12,1,10,6,5,11,2,4,0,3,6,5,8,4,1,0,0,4,1
"Seguridad","Corrupción de menores","2015_3",10,36,0,1,10,14,13,9,0,0,17,0,2,6,4,2,6,3,5,0,7,0,4,7,13,10,3,3,0,1,2,0
"Seguridad","Corrupción de menores","2015_4",4,32,1,0,1,9,15,9,0,0,12,0,0,12,3,2,4,2,14,0,2,0,8,5,1,7,1,7,0,2,2,1
"Seguridad","Corrupción de menores","2015_5",7,31,0,1,1,18,23,0,0,0,8,0,1,9,1,0,3,5,21,3,3,0,9,3,2,12,1,1,0,3,1,1
"Seguridad","Corrupción de menores","2015_6",4,31,0,0,4,17,12,1,0,0,15,0,2,6,2,4,3,8,20,0,6,0,7,4,6,8,0,7,0,3,8,1
"Seguridad","Corrupción de menores","2015_7",8,19,0,0,2,9,17,2,0,0,9,0,2,8,0,8,8,6,19,0,3,0,14,1,9,6,1,2,0,0,6,0
"Seguridad","Corrupción de menores","2015_8",3,31,0,0,2,11,11,6,0,0,7,0,1,9,3,1,10,8,12,0,1,0,7,2,1,5,1,3,0,1,0,3
"Seguridad","Corrupción de menores","2015_9",4,31,0,0,3,8,17,4,0,0,9,1,5,14,5,3,7,3,19,0,4,0,7,3,4,5,2,0,0,5,0,1
"Seguridad","Corrupción de menores","2015_10",5,40,0,0,6,22,16,11,0,0,17,0,0,25,4,3,10,0,17,0,2,0,7,4,12,6,2,6,0,1,4,0
"Seguridad","Corrupción de menores","2015_11",4,10,0,1,7,4,22,5,0,0,12,2,2,8,3,3,3,2,20,0,2,1,9,1,4,5,2,2,0,2,0,2
"Seguridad","Corrupción de menores","2015_12",1,10,2,1,2,9,11,1,0,0,9,0,0,12,0,0,9,5,13,0,3,0,4,2,4,7,0,6,0,1,2,0
"Seguridad","Corrupción de menores","2016_1",3,11,1,1,2,17,8,0,3,0,9,0,2,15,2,0,11,3,12,1,2,0,7,1,3,5,1,2,0,3,0,1
"Seguridad","Corrupción de menores","2016_2",5,26,1,0,4,10,17,5,2,0,10,0,1,12,0,1,11,1,21,0,3,0,1,2,9,5,3,3,0,2,0,2
"Seguridad","Corrupción de menores","2016_3",8,21,0,0,0,11,14,3,0,0,14,0,0,18,0,5,8,2,15,1,7,0,4,1,12,6,0,1,0,2,1,4
"Seguridad","Corrupción de menores","2016_4",3,22,1,0,4,12,17,5,0,0,19,0,0,17,1,5,7,3,28,3,2,0,1,4,8,2,2,2,0,2,0,2
"Seguridad","Corrupción de menores","2016_5",7,24,1,0,2,13,15,4,0,0,20,1,1,13,4,1,18,5,17,2,5,0,3,3,11,3,2,4,0,3,5,1
"Seguridad","Corrupción de menores","2016_6",4,34,3,0,4,4,11,2,0,0,16,1,4,32,4,2,14,3,15,3,2,0,3,3,6,15,2,1,0,0,1,3
"Seguridad","Corrupción de menores","2016_7",9,20,2,2,3,11,18,3,0,0,11,0,2,13,2,1,5,1,14,1,0,0,0,2,2,6,2,1,0,2,3,2
"Seguridad","Corrupción de menores","2016_8",7,22,5,0,8,5,17,6,0,0,9,0,1,17,1,2,7,2,13,0,3,0,3,5,5,1,1,2,0,2,2,1
"Seguridad","Corrupción de menores","2016_9",7,20,2,0,4,5,19,5,0,0,9,1,1,21,1,3,7,1,12,1,5,0,5,4,1,6,3,5,0,3,1,5
"Seguridad","Corrupción de menores","2016_10",2,21,3,2,9,16,16,2,0,0,10,0,3,24,3,4,14,2,11,0,2,0,4,4,6,6,6,2,0,2,4,1
"Seguridad","Corrupción de menores","2016_11",6,23,3,1,5,6,7,2,0,0,10,0,3,8,0,2,11,1,13,0,0,0,6,3,4,3,3,2,0,2,1,5
"Seguridad","Corrupción de menores","2016_12",3,22,3,0,4,7,6,7,0,0,9,0,1,13,1,3,2,1,19,0,1,0,6,2,3,5,0,4,0,0,2,5
"Seguridad","Corrupción de menores","2017_1",6,14,1,1,12,3,8,5,0,0,6,0,2,16,5,1,3,0,14,3,4,0,1,4,2,5,1,6,0,0,1,3
"Seguridad","Corrupción de menores","2017_2",5,21,2,0,15,11,10,5,4,0,12,0,0,16,1,2,6,2,12,0,1,0,5,2,3,1,3,6,0,0,1,2
"Seguridad","Corrupción de menores","2017_3",3,30,0,2,14,12,5,3,3,0,13,0,0,19,1,7,16,2,12,0,1,0,3,1,4,15,5,5,0,4,1,2
"Seguridad","Corrupción de menores","2017_4",2,27,2,0,10,14,12,2,1,0,13,0,1,14,2,3,6,0,8,2,0,0,3,1,5,3,1,6,0,1,2,1
"Seguridad","Corrupción de menores","2017_5",6,30,5,0,7,22,8,1,1,0,15,0,3,18,1,4,9,2,17,0,0,0,1,4,3,3,6,4,0,6,2,5
"Seguridad","Corrupción de menores","2017_6",8,26,1,0,6,12,13,5,0,0,15,0,0,25,2,1,7,1,18,0,3,0,2,1,5,1,3,4,0,1,1,3
"Seguridad","Corrupción de menores","2017_7",1,31,5,1,11,12,10,3,3,0,21,0,0,20,0,1,8,1,22,1,6,0,3,8,0,1,1,4,0,5,2,2
"Seguridad","Corrupción de menores","2017_8",4,16,7,0,28,12,10,3,1,0,8,0,2,11,1,3,7,2,12,2,2,0,3,3,2,4,0,4,0,0,0,1
"Seguridad","Corrupción de menores","2017_9",6,18,5,1,16,8,15,2,4,0,12,0,3,22,3,4,4,0,14,1,4,0,3,3,4,1,2,6,0,2,1,2
"Seguridad","Corrupción de menores","2017_10",8,21,5,3,3,12,15,5,2,0,16,0,3,12,2,8,12,1,10,2,3,0,5,5,0,2,4,3,0,1,0,4
"Seguridad","Corrupción de menores","2017_11",5,15,2,0,4,8,15,5,0,0,15,1,6,10,0,1,4,2,13,0,0,0,2,4,1,2,0,5,0,0,1,1
"Seguridad","Corrupción de menores","2017_12",8,8,1,0,2,12,5,3,1,0,5,1,3,12,2,6,5,2,10,5,2,0,2,2,5,1,3,5,0,1,0,6
"Seguridad","Corrupción de menores","2018_1",5,7,7,0,6,12,8,7,0,1,11,1,2,18,1,1,6,3,9,0,0,0,1,1,4,1,2,1,0,3,3,3
"Seguridad","Corrupción de menores","2018_2",7,20,5,0,3,9,13,8,2,0,8,0,7,8,2,6,8,2,12,3,0,0,3,5,4,1,5,3,0,2,0,1
"Seguridad","Corrupción de menores","2018_3",4,22,6,2,4,5,19,2,1,2,10,0,5,21,1,0,5,0,14,1,1,0,1,5,4,1,5,6,0,1,1,1
"Seguridad","Corrupción de menores","2018_4",4,17,5,0,18,13,21,4,3,1,21,0,4,12,6,2,10,3,16,3,2,0,2,3,5,5,7,9,0,3,1,3
"Seguridad","Corrupción de menores","2018_5",11,28,4,1,8,10,9,5,0,0,12,0,4,12,1,4,9,0,18,2,0,0,3,1,3,0,5,1,0,3,2,5
"Seguridad","Corrupción de menores","2018_6",5,34,1,0,6,11,14,2,0,0,20,0,2,5,1,1,3,0,17,3,3,0,4,1,6,3,7,3,0,1,0,4
"Seguridad","Corrupción de menores","2018_7",6,19,2,0,6,9,20,3,2,6,13,0,2,13,1,3,6,1,18,2,1,0,0,2,4,0,3,0,0,6,1,4
"Seguridad","Corrupción de menores","2018_8",1,26,4,0,10,10,11,0,1,5,15,1,0,20,1,1,5,4,15,2,4,0,4,5,7,0,2,6,0,7,0,4
"Seguridad","Corrupción de menores","2018_9",9,22,3,2,9,6,15,6,2,3,11,0,3,5,2,2,5,1,17,2,3,0,1,4,6,0,2,3,0,1,1,6
"Seguridad","Corrupción de menores","2018_10",7,20,4,2,9,8,18,7,5,7,16,5,3,14,3,10,6,2,11,3,1,0,2,4,4,5,5,3,0,5,0,3
"Seguridad","Corrupción de menores","2018_11",7,18,0,1,8,8,9,3,0,0,9,0,4,15,1,3,7,0,6,1,2,0,2,4,6,5,5,2,0,0,0,2
"Seguridad","Corrupción de menores","2018_12",6,13,6,0,0,7,15,3,5,5,15,0,0,10,0,2,2,1,7,3,2,0,0,1,2,1,1,2,0,0,0,1
"Seguridad","Corrupción de menores","2019_1",2,11,0,1,10,5,20,2,3,2,11,1,9,7,2,4,9,1,15,1,4,0,6,2,3,4,5,2,0,4,1,3
"Seguridad","Corrupción de menores","2019_2",6,14,3,0,7,6,32,8,3,9,6,2,3,11,1,5,3,2,19,0,5,0,5,0,7,1,3,1,0,2,0,5
"Seguridad","Corrupción de menores","2019_3",5,28,7,1,3,8,32,5,8,6,18,0,3,13,1,2,7,3,13,2,6,0,1,4,10,2,3,3,0,4,1,8
"Seguridad","Corrupción de menores","2019_4",9,19,6,2,1,17,30,6,3,5,15,0,1,11,3,2,3,0,20,2,3,0,3,5,9,1,3,5,0,3,1,1
"Seguridad","Corrupción de menores","2019_5",5,19,4,0,5,14,37,3,5,7,6,1,2,9,1,6,6,0,14,3,4,0,7,5,2,2,6,2,0,5,0,2
"Seguridad","Corrupción de menores","2019_6",6,16,5,0,7,13,20,4,1,6,14,1,4,14,2,4,15,2,17,1,3,0,5,3,7,4,4,3,0,4,2,5
"Seguridad","Corrupción de menores","2019_7",7,15,3,3,4,5,27,5,6,11,14,1,1,11,4,3,8,3,6,3,3,0,6,4,3,4,3,1,0,3,0,3
"Seguridad","Corrupción de menores","2019_8",6,25,3,0,6,6,24,3,1,7,17,1,2,18,5,2,6,0,13,3,4,0,6,4,4,2,5,1,0,3,1,1
"Seguridad","Corrupción de menores","2019_9",14,20,6,1,2,9,31,1,1,8,15,2,3,6,1,5,13,0,17,0,1,0,6,1,1,4,3,4,0,2,0,5
"Seguridad","Corrupción de menores","2019_10",9,25,6,1,6,6,33,0,0,10,15,2,2,10,1,5,8,1,19,2,5,0,6,2,7,4,9,4,0,3,1,6
"Seguridad","Corrupción de menores","2019_11",3,50,6,2,1,7,25,3,3,2,17,3,3,18,3,2,23,0,12,2,4,0,4,0,2,3,3,3,0,0,0,2
"Seguridad","Corrupción de menores","2019_12",4,33,8,1,1,6,13,1,2,2,13,0,0,14,3,1,10,1,8,4,2,1,2,2,6,3,2,2,0,3,0,3
"Seguridad","Corrupción de menores","2020_1",6,59,3,1,9,10,13,3,2,1,14,2,1,9,5,5,7,1,15,3,2,0,5,1,4,2,6,1,0,1,0,3
"Seguridad","Corrupción de menores","2020_2",12,82,5,1,4,5,25,3,3,2,17,0,1,14,4,4,16,0,10,6,2,0,11,10,5,6,4,5,0,2,1,3
"Seguridad","Corrupción de menores","2020_3",3,79,7,0,4,7,33,3,3,0,14,4,2,10,9,2,11,2,22,5,5,0,7,4,7,3,4,5,0,5,1,1
"Seguridad","Corrupción de menores","2020_4",2,51,3,0,4,13,11,1,4,0,12,0,1,12,1,2,13,1,13,2,1,0,2,2,1,2,2,2,0,1,0,2
"Seguridad","Corrupción de menores","2020_5",4,34,6,0,1,3,11,2,1,0,21,1,2,17,1,1,18,0,15,3,1,0,4,2,0,4,2,2,0,3,0,1
"Seguridad","Corrupción de menores","2020_6",1,58,3,0,2,7,17,2,4,1,12,1,3,5,2,3,15,0,14,5,4,0,7,3,2,2,2,4,0,1,0,2
"Seguridad","Corrupción de menores","2020_7",7,62,1,0,2,8,13,1,2,0,20,1,1,11,0,3,7,0,4,5,3,0,7,0,5,0,4,2,0,5,0,0
"Seguridad","Corrupción de menores","2020_8",4,66,2,0,6,6,17,1,1,0,31,1,3,9,3,3,9,2,19,2,3,0,7,2,3,3,5,2,0,2,0,0
"Seguridad","Corrupción de menores","2020_9",9,71,4,0,6,8,15,4,3,0,20,1,4,14,5,2,14,2,24,2,1,0,10,2,3,6,4,0,0,1,0,0
"Seguridad","Corrupción de menores","2020_10",5,59,5,0,6,9,23,2,8,0,24,3,5,13,2,1,16,3,14,0,1,0,10,4,4,8,6,2,0,1,0,1
"Seguridad","Corrupción de menores","2020_11",7,58,8,0,6,7,24,0,0,0,16,0,4,9,1,3,12,0,9,3,0,0,10,2,5,3,4,3,0,1,0,3
"Seguridad","Corrupción de menores","2020_12",4,43,7,0,4,7,15,1,6,0,9,3,2,10,1,1,7,3,7,3,2,0,12,2,3,4,4,2,0,1,3,1
"Seguridad","Corrupción de menores","2021_1",5,50,3,0,3,5,21,3,3,0,14,0,1,8,3,1,6,1,10,1,2,0,7,1,2,6,2,1,0,2,1,3
"Seguridad","Corrupción de menores","2021_2",5,62,8,0,7,7,23,4,5,0,22,1,1,11,3,5,6,1,9,1,2,0,6,2,3,5,3,1,0,0,0,3
"Seguridad","Corrupción de menores","2021_3",9,51,2,0,6,9,22,3,8,0,34,2,2,9,4,4,8,3,8,5,3,0,5,3,7,6,9,3,0,4,0,3
"Seguridad","Corrupción de menores","2021_4",3,44,6,0,2,5,35,4,1,0,22,1,4,15,0,3,8,1,14,1,2,0,8,0,6,3,4,0,0,2,0,2
"Seguridad","Corrupción de menores","2021_5",5,67,5,0,2,2,28,4,9,1,29,2,5,12,1,2,12,1,15,3,2,0,5,2,8,4,5,5,0,0,4,5
"Seguridad","Corrupción de menores","2021_6",3,83,5,0,2,10,27,5,2,0,25,0,3,12,3,0,9,2,13,1,0,0,22,0,5,13,3,3,0,0,1,3
"Seguridad","Corrupción de menores","2021_7",2,88,3,0,7,3,25,6,1,0,31,1,2,13,0,2,3,1,18,0,2,0,12,2,7,4,4,2,0,4,0,1
"Seguridad","Corrupción de menores","2021_8",3,85,5,1,10,6,18,4,2,0,24,0,0,9,2,6,8,1,16,1,5,0,10,1,4,7,1,1,0,2,0,0
"Seguridad","Corrupción de menores","2021_9",3,78,1,0,11,9,23,0,3,0,16,0,1,7,4,2,5,1,8,2,2,0,15,2,0,20,2,1,0,1,0,1
"Seguridad","Corrupción de menores","2021_10",7,66,3,0,10,13,24,1,0,0,26,1,3,4,2,1,9,0,14,2,7,0,13,2,5,12,4,1,0,2,0,7
"Seguridad","Corrupción de menores","2021_11",0,49,10,1,5,6,26,1,1,0,19,0,3,9,4,5,2,2,16,1,1,0,12,1,4,4,2,3,0,0,0,2
"Seguridad","Corrupción de menores","2021_12",3,47,0,1,4,1,28,2,2,0,24,1,0,8,2,1,4,2,14,4,2,0,17,0,4,3,0,2,0,4,0,1
"Seguridad","Corrupción de menores","2022_1",6,52,2,1,5,4,14,2,1,0,20,1,0,6,3,2,6,3,13,1,2,0,9,1,2,2,2,2,0,3,0,0
"Seguridad","Corrupción de menores","2022_2",4,45,5,3,0,4,36,3,1,0,23,2,0,8,5,5,6,1,18,6,3,0,11,3,8,7,4,4,0,6,0,0
"Seguridad","Corrupción de menores","2022_3",4,76,2,9,4,11,32,1,2,0,27,1,3,12,2,4,10,1,22,3,6,0,21,0,7,9,5,4,0,3,0,3
"Seguridad","Corrupción de menores","2022_4",10,51,3,4,2,17,31,5,2,0,36,2,3,9,2,3,7,1,21,11,1,0,16,4,1,1,4,3,0,6,1,1
"Seguridad","Corrupción de menores","2022_5",10,51,5,6,0,13,31,2,3,0,34,2,5,7,1,2,13,4,26,2,1,0,19,5,5,12,5,7,0,9,0,1
"Seguridad","Corrupción de menores","2022_6",0,61,6,4,2,7,26,4,2,0,40,1,9,7,2,3,8,2,25,0,7,0,4,5,6,6,3,10,0,6,0,6
"Seguridad","Corrupción de menores","2022_7",4,52,6,4,1,10,40,1,4,0,27,3,3,7,4,1,17,2,21,2,2,0,13,3,4,5,3,3,0,3,0,3
"Seguridad","Corrupción de menores","2022_8",6,77,1,8,1,11,17,1,5,0,26,0,4,12,0,3,10,1,20,3,1,0,13,6,0,5,2,5,0,7,1,2
"Seguridad","Corrupción de menores","2022_9",4,62,2,2,1,7,13,1,3,0,36,1,4,6,1,3,15,1,29,2,1,0,13,1,6,12,1,3,0,5,0,2
"Seguridad","Corrupción de menores","2022_10",6,67,3,4,1,6,37,4,4,0,36,3,5,13,2,1,10,5,16,3,2,0,11,2,5,2,5,6,0,5,1,4
"Seguridad","Corrupción de menores","2022_11",5,69,8,3,0,8,35,0,1,0,32,0,1,17,1,4,9,5,25,2,3,0,9,2,9,4,3,4,0,2,1,3
"Seguridad","Corrupción de menores","2022_12",3,64,3,2,1,4,29,5,0,0,19,1,5,7,2,6,10,2,16,9,1,0,12,1,4,1,1,2,0,0,1,0
"Seguridad","Corrupción de menores","2023_1",3,68,5,0,1,7,10,4,3,0,27,1,8,4,2,6,11,3,22,3,1,0,4,1,2,2,5,1,0,3,1,2
"Seguridad","Corrupción de menores","2023_2",7,53,4,6,1,2,23,2,1,0,26,0,8,15,0,8,10,3,16,3,1,0,7,2,0,5,4,1,0,2,1,2
"Seguridad","Corrupción de menores","2023_3",5,74,8,6,1,11,35,4,3,0,40,1,5,14,1,4,11,1,15,1,2,0,8,2,11,4,3,3,0,2,0,4
"Seguridad","Corrupción de menores","2023_4",6,62,8,4,1,9,21,4,2,0,27,1,3,14,2,3,4,3,16,1,4,0,12,1,8,6,3,1,0,3,0,0
"Seguridad","Corrupción de menores","2023_5",6,67,5,2,0,12,22,1,5,0,40,4,5,9,3,4,5,3,16,3,6,0,15,1,11,6,2,2,0,4,0,5
"Seguridad","Corrupción de menores","2023_6",7,67,6,4,1,8,25,6,4,0,44,0,4,4,4,5,8,5,18,3,8,0,5,4,13,20,2,3,0,9,0,2
"Seguridad","Corrupción de menores","2023_7",4,63,8,1,0,9,18,2,4,0,32,1,8,10,1,3,6,1,20,3,2,0,8,3,5,6,4,7,0,2,0,1
"Seguridad","Corrupción de menores","2023_8",9,62,4,5,0,13,21,3,2,0,29,0,3,17,1,2,5,5,25,1,4,0,9,2,3,9,3,3,0,5,0,1
"Seguridad","Corrupción de menores","2023_9",6,58,10,1,1,9,26,1,2,0,24,0,5,11,3,3,10,2,29,4,8,0,8,2,3,4,6,4,0,4,0,3
"Seguridad","Corrupción de menores","2023_10",7,46,5,1,1,9,26,2,6,0,24,0,3,14,3,3,8,3,22,2,0,0,9,3,7,14,4,0,0,3,0,2
"Seguridad","Corrupción de menores","2023_11",4,48,4,5,0,14,24,0,1,0,29,0,5,8,3,3,6,3,28,3,5,0,15,1,3,8,4,2,0,2,1,4
"Seguridad","Corrupción de menores","2023_12",3,38,4,2,2,3,17,1,1,0,19,0,4,8,2,3,4,3,16,2,1,0,9,1,7,8,1,3,0,3,0,1
"Seguridad","Corrupción de menores","2024_1",3,26,5,4,0,6,18,0,0,0,23,2,2,10,2,1,10,4,25,0,5,0,11,2,4,8,2,2,0,1,0,1
"Seguridad","Corrupción de menores","2024_2",5,26,1,3,1,8,25,3,4,0,32,2,7,9,3,3,10,0,20,3,2,0,15,0,6,9,1,1,0,5,0,4
"Seguridad","Corrupción de menores","2024_3",10,28,13,3,1,10,25,3,4,0,42,1,6,14,1,1,12,4,27,7,4,0,16,3,6,9,4,3,0,4,0,5
"Seguridad","Corrupción de menores","2024_4",5,24,5,1,0,22,31,5,5,0,59,2,6,7,1,2,14,1,17,1,3,0,15,1,3,7,4,3,0,3,1,4
"Seguridad","Corrupción de menores","2024_5",5,29,6,3,0,16,30,3,10,0,53,0,10,13,3,2,13,0,18,3,2,0,13,4,4,7,5,2,0,4,0,0
"Seguridad","Corrupción de menores","2024_6",7,21,7,0,0,7,24,2,5,0,47,0,10,10,3,8,2,2,13,3,5,0,8,2,4,2,1,2,0,2,1,2
"Seguridad","Corrupción de menores","2024_7",3,35,5,1,0,16,58,3,1,0,38,1,5,15,2,3,3,4,28,0,4,0,10,1,7,4,2,0,0,7,0,1
"Seguridad","Corrupción de menores","2024_8",4,40,8,2,0,12,37,5,2,0,34,0,5,11,3,6,4,1,20,3,3,0,6,1,9,4,0,2,0,6,0,0
"Seguridad","Corrupción de menores","2024_9",6,38,6,0,0,15,38,1,2,0,52,1,4,8,5,6,13,3,26,2,5,0,15,1,5,6,4,4,0,1,0,1
"Seguridad","Corrupción de menores","2024_10",3,44,2,0,0,33,45,4,3,0,50,1,6,8,6,6,11,3,28,1,1,0,14,3,4,7,3,2,0,3,0,3
"Seguridad","Corrupción de menores","2024_11",5,38,5,2,1,6,34,1,1,0,38,0,4,12,3,2,7,0,27,2,5,0,16,3,12,7,6,3,0,1,0,3
"Seguridad","Corrupción de menores","2024_12",6,35,4,1,0,6,19,1,1,0,26,0,5,9,1,2,9,2,11,4,3,0,10,2,4,5,0,0,0,3,0,1
"Seguridad","Corrupción de menores","2025_1",6,27,7,1,2,10,32,1,6,0,49,1,4,15,3,2,8,0,27,2,3,0,14,0,1,5,2,2,0,6,0,2
"Seguridad","Corrupción de menores","2025_2",3,22,8,0,2,12,25,2,2,0,41,2,8,12,4,3,4,4,27,5,3,0,10,0,8,4,3,3,0,5,0,1
"Seguridad","Corrupción de menores","2025_3",7,29,9,2,2,33,31,2,4,0,76,0,7,9,3,7,10,1,30,5,3,0,8,3,9,6,8,1,0,3,0,2
"Seguridad","Corrupción de menores","2025_4",8,31,4,0,2,27,48,6,3,0,61,1,10,18,3,4,6,0,20,3,4,0,10,2,5,10,7,7,0,10,1,5
"Seguridad","Corrupción de menores","2025_5",8,18,5,1,1,14,32,4,3,0,59,2,10,19,1,8,5,2,29,7,5,0,12,2,8,6,1,6,0,4,0,4
"Seguridad","Corrupción de menores","2025_6",7,24,6,1,0,20,25,4,3,0,51,1,10,13,2,5,7,2,37,10,4,0,10,1,11,7,8,3,0,4,1,2
"Seguridad","Corrupción de menores","2025_7",0,0,0,0,0,0,0,0,0,0,0,0,0,0,0,0,0,0,0,0,0,0,0,0,0,0,0,0,0,0,0,0
"Seguridad","Corrupción de menores","2025_8",0,0,0,0,0,0,0,0,0,0,0,0,0,0,0,0,0,0,0,0,0,0,0,0,0,0,0,0,0,0,0,0
"Seguridad","Corrupción de menores","2025_9",0,0,0,0,0,0,0,0,0,0,0,0,0,0,0,0,0,0,0,0,0,0,0,0,0,0,0,0,0,0,0,0
"Seguridad","Corrupción de menores","2025_10",0,0,0,0,0,0,0,0,0,0,0,0,0,0,0,0,0,0,0,0,0,0,0,0,0,0,0,0,0,0,0,0
"Seguridad","Corrupción de menores","2025_11",0,0,0,0,0,0,0,0,0,0,0,0,0,0,0,0,0,0,0,0,0,0,0,0,0,0,0,0,0,0,0,0
"Seguridad","Corrupción de menores","2025_12",0,0,0,0,0,0,0,0,0,0,0,0,0,0,0,0,0,0,0,0,0,0,0,0,0,0,0,0,0,0,0,0
"Seguridad","Daño a la propiedad","2015_1",201,901,151,17,91,510,621,725,6,135,734,161,138,596,87,224,982,18,672,0,350,167,251,210,231,128,226,141,29,329,342,94
"Seguridad","Daño a la propiedad","2015_2",180,883,139,12,73,498,646,623,19,113,705,174,171,517,94,265,976,20,661,108,374,153,234,229,209,149,220,145,39,376,374,114
"Seguridad","Daño a la propiedad","2015_3",182,1018,136,14,107,567,792,612,15,188,725,170,137,626,73,319,1041,31,589,0,425,186,305,266,217,222,222,174,30,386,398,140
"Seguridad","Daño a la propiedad","2015_4",160,912,155,18,109,509,761,760,10,170,649,187,151,515,85,313,1021,26,600,0,380,178,328,204,240,193,235,162,27,409,435,105
"Seguridad","Daño a la propiedad","2015_5",121,832,140,21,121,561,802,657,13,187,664,144,184,720,71,259,1035,29,655,134,405,172,331,190,253,232,232,164,28,366,509,115
"Seguridad","Daño a la propiedad","2015_6",166,924,152,26,130,549,813,713,13,184,699,149,99,604,71,271,1000,24,658,0,387,168,289,197,226,209,272,212,25,381,424,130
"Seguridad","Daño a la propiedad","2015_7",160,927,143,19,125,565,831,840,7,185,713,188,109,696,119,224,1009,16,647,0,360,158,291,178,208,153,253,201,29,340,381,134
"Seguridad","Daño a la propiedad","2015_8",151,985,142,23,84,581,772,677,12,180,642,172,157,635,113,262,1036,13,541,95,386,132,290,186,217,177,218,171,36,390,382,105
"Seguridad","Daño a la propiedad","2015_9",178,869,116,16,93,505,878,668,8,191,706,135,186,661,84,199,1058,13,817,0,335,165,300,188,216,194,232,185,31,361,315,124
"Seguridad","Daño a la propiedad","2015_10",133,951,165,27,128,526,854,740,9,255,777,159,94,705,141,252,1100,17,882,0,344,143,268,182,246,178,209,201,30,323,375,117
"Seguridad","Daño a la propiedad","2015_11",121,856,160,19,106,507,871,584,19,189,648,169,157,597,113,215,1084,15,731,105,323,186,254,215,185,163,231,171,28,297,353,123
"Seguridad","Daño a la propiedad","2015_12",107,917,170,23,96,541,877,731,15,229,752,146,199,624,166,215,1129,12,646,0,297,174,255,220,147,152,213,180,24,164,402,105
"Seguridad","Daño a la propiedad","2016_1",119,755,191,24,103,541,768,551,102,186,674,142,191,724,130,153,855,10,532,201,284,155,228,112,179,188,195,159,16,200,358,109
"Seguridad","Daño a la propiedad","2016_2",102,874,194,19,101,521,834,658,119,234,721,136,187,570,134,194,954,17,699,198,304,183,154,184,164,216,221,222,22,235,328,156
"Seguridad","Daño a la propiedad","2016_3",99,896,145,19,117,550,797,732,113,231,729,155,200,595,142,218,1110,9,788,213,309,159,198,163,173,215,221,231,18,266,368,157
"Seguridad","Daño a la propiedad","2016_4",124,852,172,18,125,497,822,672,27,236,730,143,145,706,170,209,955,9,796,221,291,185,263,334,171,289,250,250,9,276,381,123
"Seguridad","Daño a la propiedad","2016_5",92,928,166,23,112,566,834,679,30,306,784,154,249,629,137,222,1063,20,764,217,338,213,239,194,164,252,291,303,10,243,257,158
"Seguridad","Daño a la propiedad","2016_6",135,720,170,8,112,581,761,877,7,262,830,124,278,782,137,196,800,6,840,199,213,391,205,351,266,351,317,376,10,236,225,141
"Seguridad","Daño a la propiedad","2016_7",166,604,186,9,122,538,874,680,8,182,674,142,88,736,90,235,763,7,737,191,103,430,247,404,120,302,266,314,7,215,306,143
"Seguridad","Daño a la propiedad","2016_8",118,683,163,21,150,480,848,671,8,211,817,154,226,727,114,196,806,12,920,196,86,461,197,482,98,138,219,353,17,186,248,142
"Seguridad","Daño a la propiedad","2016_9",144,614,165,23,140,536,908,855,3,236,751,151,219,683,148,179,883,8,673,165,73,477,242,381,80,162,245,411,17,217,196,134
"Seguridad","Daño a la propiedad","2016_10",183,690,174,14,121,512,974,599,6,231,784,161,623,777,148,226,892,10,863,0,99,402,290,373,101,209,216,364,9,231,253,128
"Seguridad","Daño a la propiedad","2016_11",135,611,174,21,122,513,904,564,9,259,747,136,271,851,121,208,849,9,777,193,77,394,262,315,94,140,220,453,5,268,228,139
"Seguridad","Daño a la propiedad","2016_12",160,635,180,16,112,555,858,775,7,240,816,172,215,832,144,366,961,2,875,183,51,412,314,420,131,109,224,443,15,238,256,157
"Seguridad","Daño a la propiedad","2017_1",178,579,160,16,133,556,891,579,174,237,792,131,352,826,136,222,836,13,835,164,51,407,256,391,125,116,257,411,13,447,252,151
"Seguridad","Daño a la propiedad","2017_2",146,471,153,12,134,531,847,575,181,213,695,163,221,663,153,254,815,11,788,116,63,387,233,407,117,122,167,329,24,382,264,141
"Seguridad","Daño a la propiedad","2017_3",174,611,155,7,135,577,926,711,259,293,748,151,258,786,146,269,956,9,899,200,69,432,280,377,127,168,243,354,14,441,301,160
"Seguridad","Daño a la propiedad","2017_4",170,603,150,10,136,572,820,568,167,265,618,140,258,749,160,213,966,2,631,170,62,395,235,340,77,132,247,326,9,319,189,118
"Seguridad","Daño a la propiedad","2017_5",312,623,190,18,117,652,909,635,192,305,802,171,307,801,146,258,1102,7,799,171,79,477,283,405,129,161,305,356,9,372,208,131
"Seguridad","Daño a la propiedad","2017_6",360,625,191,9,120,632,912,845,218,291,744,151,249,848,203,214,918,9,799,149,59,447,281,301,131,182,243,353,9,417,180,165
"Seguridad","Daño a la propiedad","2017_7",292,659,157,11,129,588,872,630,264,231,712,145,254,866,203,196,1015,5,790,198,74,385,333,296,118,79,277,308,7,376,96,128
"Seguridad","Daño a la propiedad","2017_8",329,693,174,10,135,535,914,700,203,289,803,139,353,728,269,240,978,5,890,156,58,455,280,290,126,123,265,351,7,383,91,144
"Seguridad","Daño a la propiedad","2017_9",345,609,147,7,108,535,918,592,190,261,758,114,278,720,254,201,987,1,735,139,59,412,321,307,101,117,244,317,9,393,101,125
"Seguridad","Daño a la propiedad","2017_10",364,638,189,12,121,636,1059,618,214,275,880,144,261,836,259,249,1065,5,712,181,83,522,308,312,146,152,284,322,7,359,100,132
"Seguridad","Daño a la propiedad","2017_11",371,615,158,9,122,562,956,714,200,265,836,162,299,889,243,207,1030,7,788,169,72,437,294,306,132,92,222,317,16,370,113,123
"Seguridad","Daño a la propiedad","2017_12",307,584,134,7,171,584,802,452,271,229,832,198,301,814,253,224,1052,3,664,171,67,444,293,298,72,83,221,268,17,355,116,142
"Seguridad","Daño a la propiedad","2018_1",325,543,143,11,138,558,807,528,199,243,788,162,294,799,248,192,1042,11,708,225,63,478,289,318,117,76,217,342,9,362,91,140
"Seguridad","Daño a la propiedad","2018_2",318,491,152,17,116,522,849,607,168,246,997,164,266,727,220,189,1019,10,714,214,68,395,266,279,120,105,168,314,12,340,95,128
"Seguridad","Daño a la propiedad","2018_3",353,575,170,14,141,540,965,889,209,268,1084,204,316,823,256,241,1099,8,737,266,66,433,289,284,110,114,247,328,11,364,95,169
"Seguridad","Daño a la propiedad","2018_4",379,629,157,13,149,589,889,624,212,243,1094,177,364,742,254,211,1063,10,705,243,67,426,311,331,123,135,219,306,8,428,164,148
"Seguridad","Daño a la propiedad","2018_5",407,631,150,12,149,634,964,842,214,256,1157,185,286,883,261,245,1017,6,760,243,61,436,324,319,131,126,255,371,8,352,100,190
"Seguridad","Daño a la propiedad","2018_6",353,624,153,10,139,636,909,635,227,185,982,180,321,611,230,225,1029,7,715,229,55,510,295,308,120,115,233,372,22,371,99,151
"Seguridad","Daño a la propiedad","2018_7",431,639,172,17,141,579,878,602,214,230,1033,183,315,734,231,254,914,5,674,235,59,487,320,300,112,81,256,313,27,317,96,155
"Seguridad","Daño a la propiedad","2018_8",366,647,122,8,141,576,924,756,166,224,1043,145,314,688,199,209,940,7,752,261,85,462,334,305,94,94,233,359,25,332,98,161
"Seguridad","Daño a la propiedad","2018_9",331,601,102,14,164,566,970,574,176,193,1010,134,314,708,211,209,996,10,747,244,77,473,305,282,100,94,210,310,23,362,107,177
"Seguridad","Daño a la propiedad","2018_10",357,643,159,10,163,650,996,552,217,245,1165,179,334,863,219,214,965,8,670,233,103,465,290,330,93,114,241,346,7,390,77,154
"Seguridad","Daño a la propiedad","2018_11",332,615,141,7,141,634,873,718,198,205,1019,153,326,946,186,174,973,5,745,188,166,430,303,364,100,93,197,320,12,280,77,152
"Seguridad","Daño a la propiedad","2018_12",292,565,126,16,120,575,910,502,202,172,1042,154,294,766,200,164,976,5,610,213,189,426,314,389,67,68,172,322,32,310,85,152
"Seguridad","Daño a la propiedad","2019_1",244,535,119,10,116,579,820,491,196,177,1006,173,345,896,217,179,759,14,524,210,159,451,340,381,114,123,226,314,17,364,101,162
"Seguridad","Daño a la propiedad","2019_2",228,477,116,14,122,581,827,727,191,170,994,141,341,743,239,195,930,9,464,231,243,436,303,430,97,131,195,285,27,589,112,156
"Seguridad","Daño a la propiedad","2019_3",338,579,143,23,96,635,1023,546,220,206,1043,165,274,745,272,189,649,15,693,268,365,484,307,470,79,111,198,271,19,629,127,177
"Seguridad","Daño a la propiedad","2019_4",345,593,135,13,103,656,931,559,214,165,1031,160,296,756,264,200,952,6,492,263,335,481,307,472,98,97,268,336,26,604,119,177
"Seguridad","Daño a la propiedad","2019_5",372,643,129,11,116,716,923,711,203,161,1106,207,304,703,270,189,1178,5,631,262,341,506,295,523,112,87,307,372,17,595,148,199
"Seguridad","Daño a la propiedad","2019_6",367,674,131,13,106,696,878,599,209,212,1019,163,278,667,240,175,1231,11,632,209,384,452,370,466,113,100,230,335,13,568,142,189
"Seguridad","Daño a la propiedad","2019_7",341,766,157,7,94,698,900,525,240,255,1078,173,248,700,247,172,1069,10,558,263,391,272,332,513,114,104,252,375,27,537,179,199
"Seguridad","Daño a la propiedad","2019_8",382,701,136,7,105,720,958,675,200,203,1010,158,266,714,252,176,1299,22,569,249,257,116,334,440,100,100,223,351,18,496,126,211
"Seguridad","Daño a la propiedad","2019_9",336,708,134,12,92,731,968,557,185,183,967,170,236,648,243,173,1155,7,429,243,184,120,306,405,140,150,207,302,21,576,190,171
"Seguridad","Daño a la propiedad","2019_10",334,806,143,14,83,732,925,659,229,134,1074,146,284,684,278,175,1162,16,612,209,184,112,312,491,190,133,194,356,17,633,171,214
"Seguridad","Daño a la propiedad","2019_11",357,697,149,15,80,707,856,527,220,174,912,182,208,671,267,199,1157,11,550,200,187,102,279,450,176,135,168,312,20,589,140,187
"Seguridad","Daño a la propiedad","2019_12",360,693,126,6,83,650,912,491,230,172,1022,154,219,664,279,193,1169,9,486,216,191,128,228,445,157,87,184,274,13,559,132,205
"Seguridad","Daño a la propiedad","2020_1",355,573,122,10,71,730,808,585,218,159,919,156,285,637,303,200,1142,12,484,226,182,113,296,487,192,98,211,300,20,620,131,203
"Seguridad","Daño a la propiedad","2020_2",328,524,126,10,93,692,889,499,198,267,900,141,269,627,246,175,1115,10,777,249,195,128,302,432,181,114,176,307,30,642,184,197
"Seguridad","Daño a la propiedad","2020_3",357,598,102,8,94,678,914,477,186,195,815,145,279,559,278,168,1076,8,450,267,228,107,366,397,148,133,199,282,21,612,146,181
"Seguridad","Daño a la propiedad","2020_4",179,361,72,9,53,452,507,361,159,135,522,103,164,466,186,96,990,6,198,173,186,115,135,175,61,106,92,158,20,396,72,127
"Seguridad","Daño a la propiedad","2020_5",210,431,68,11,48,564,430,349,184,174,560,113,76,554,210,135,743,4,170,200,199,97,154,219,78,135,100,195,11,350,78,125
"Seguridad","Daño a la propiedad","2020_6",372,552,117,8,45,696,565,484,220,179,699,122,92,617,230,122,945,4,325,173,205,108,245,393,125,116,178,255,11,487,72,198
"Seguridad","Daño a la propiedad","2020_7",320,630,110,12,47,674,626,530,201,156,723,139,105,539,255,192,998,4,275,210,228,106,256,439,112,253,227,204,8,491,107,146
"Seguridad","Daño a la propiedad","2020_8",281,689,95,8,69,695,705,501,189,176,697,150,162,637,284,195,1049,9,399,226,206,131,285,343,145,274,228,266,14,519,100,161
"Seguridad","Daño a la propiedad","2020_9",298,682,102,11,62,620,795,479,202,174,751,142,203,536,257,162,1078,9,547,233,236,134,282,335,177,317,192,295,14,521,160,152
"Seguridad","Daño a la propiedad","2020_10",346,711,91,9,69,589,948,587,280,182,827,163,250,658,292,198,1208,9,524,252,320,119,266,411,209,380,231,282,20,591,143,142
"Seguridad","Daño a la propiedad","2020_11",267,708,110,11,83,502,805,430,245,47,735,173,217,577,290,167,1091,15,608,215,280,108,286,393,225,205,171,273,10,536,135,147
"Seguridad","Daño a la propiedad","2020_12",334,646,100,14,101,620,804,553,232,215,828,156,141,677,297,208,1131,16,575,198,269,94,329,408,216,180,162,269,16,517,157,160
"Seguridad","Daño a la propiedad","2021_1",317,576,85,12,67,656,697,459,279,231,774,137,58,608,292,161,951,4,525,224,275,116,353,419,189,203,194,257,22,591,183,164
"Seguridad","Daño a la propiedad","2021_2",283,515,93,11,90,658,705,556,228,218,751,129,73,585,275,161,1100,13,551,200,306,125,310,398,180,261,190,221,14,585,153,203
"Seguridad","Daño a la propiedad","2021_3",365,603,133,13,108,801,1009,531,264,265,971,194,239,694,335,289,1398,11,434,243,344,135,371,512,211,333,263,325,8,702,184,205
"Seguridad","Daño a la propiedad","2021_4",382,690,130,19,90,722,933,685,226,229,883,175,257,677,316,221,1263,13,514,225,371,140,343,447,184,267,209,288,23,675,205,195
"Seguridad","Daño a la propiedad","2021_5",356,702,135,12,75,764,975,582,305,233,908,168,227,615,332,210,1349,21,494,253,375,139,335,471,190,227,209,278,13,722,167,189
"Seguridad","Daño a la propiedad","2021_6",369,690,133,8,100,748,940,543,249,219,871,150,184,673,301,234,1177,8,521,219,387,144,372,500,200,205,204,342,10,635,133,199
"Seguridad","Daño a la propiedad","2021_7",339,714,99,13,66,745,859,658,237,212,872,162,160,634,272,167,1128,10,428,204,368,134,358,473,157,192,194,255,8,538,50,177
"Seguridad","Daño a la propiedad","2021_8",356,805,118,13,76,730,975,586,213,259,881,120,189,587,272,241,1135,13,646,214,382,145,377,403,176,220,184,309,12,507,28,175
"Seguridad","Daño a la propiedad","2021_9",379,663,112,7,61,700,898,695,367,273,903,149,175,600,287,259,1144,16,545,199,329,87,355,420,188,226,192,308,10,585,34,167
"Seguridad","Daño a la propiedad","2021_10",354,682,123,14,91,678,1033,518,302,210,932,158,246,627,297,287,1215,19,611,223,381,134,394,489,152,243,205,324,13,563,41,181
"Seguridad","Daño a la propiedad","2021_11",379,633,119,258,99,638,890,531,255,218,989,166,237,611,307,232,1105,13,882,199,389,98,398,459,213,189,164,337,6,552,29,178
"Seguridad","Daño a la propiedad","2021_12",365,639,130,262,96,661,1035,491,307,229,1049,193,236,672,305,241,1264,12,807,230,418,129,449,572,182,214,162,298,5,626,31,191
"Seguridad","Daño a la propiedad","2022_1",345,496,91,202,75,547,802,553,278,152,977,161,236,574,295,385,1253,12,814,226,386,100,356,390,188,147,153,238,9,513,39,173
"Seguridad","Daño a la propiedad","2022_2",327,530,120,238,61,642,826,548,238,200,949,169,191,571,316,297,1183,21,566,184,410,109,360,436,175,144,153,236,9,546,46,160
"Seguridad","Daño a la propiedad","2022_3",397,653,136,297,104,752,1002,800,250,206,1099,183,223,741,329,280,1383,14,624,266,438,138,445,445,212,225,170,333,8,694,47,221
"Seguridad","Daño a la propiedad","2022_4",404,670,148,217,94,660,960,604,257,222,1033,178,233,663,309,315,1417,17,514,244,352,138,408,504,231,206,179,352,8,622,50,199
"Seguridad","Daño a la propiedad","2022_5",412,702,155,201,109,775,1054,689,290,236,1037,187,225,725,307,350,1534,49,566,231,372,165,455,511,205,265,236,359,7,752,52,222
"Seguridad","Daño a la propiedad","2022_6",405,683,114,251,95,701,914,834,229,296,1017,199,217,703,321,230,1339,35,591,238,385,150,408,550,238,234,194,351,12,650,49,236
"Seguridad","Daño a la propiedad","2022_7",387,694,158,297,90,717,915,557,285,213,916,164,193,617,298,238,1281,22,551,239,317,124,491,489,194,176,178,337,7,576,52,212
"Seguridad","Daño a la propiedad","2022_8",421,823,125,262,124,633,948,598,269,244,1072,193,257,679,292,255,1277,41,876,239,355,129,474,533,248,209,169,351,7,602,62,243
"Seguridad","Daño a la propiedad","2022_9",423,794,131,281,130,655,1057,694,245,226,1005,167,243,574,318,244,1284,48,792,226,313,144,450,521,211,179,145,354,7,583,67,234
"Seguridad","Daño a la propiedad","2022_10",428,751,141,270,125,626,1048,591,231,199,1121,170,259,658,344,242,1337,69,605,251,313,133,485,468,215,209,165,373,3,571,67,219
"Seguridad","Daño a la propiedad","2022_11",400,694,153,242,122,644,971,574,269,209,1001,169,220,261,309,182,1288,56,775,209,324,123,445,437,224,201,165,331,8,635,57,218
"Seguridad","Daño a la propiedad","2022_12",379,741,127,291,114,688,889,623,241,223,1102,180,182,244,300,219,1222,33,635,222,342,142,476,578,228,196,177,375,3,585,49,212
"Seguridad","Daño a la propiedad","2023_1",400,608,164,265,114,766,960,516,231,150,1152,176,203,224,344,313,1274,62,774,217,324,169,447,530,252,227,172,347,4,569,59,211
"Seguridad","Daño a la propiedad","2023_2",388,780,140,282,135,636,953,635,245,171,1076,156,237,217,298,241,1239,51,712,204,344,154,431,514,193,187,153,322,6,508,46,250
"Seguridad","Daño a la propiedad","2023_3",446,814,148,317,157,689,1358,776,278,186,1239,189,202,281,377,320,1544,73,883,234,363,157,554,590,266,223,191,376,4,681,85,238
"Seguridad","Daño a la propiedad","2023_4",384,800,138,332,134,641,1045,614,263,211,1021,180,214,253,343,240,1422,58,626,216,303,142,486,483,185,207,177,292,6,643,48,210
"Seguridad","Daño a la propiedad","2023_5",461,888,185,364,169,812,925,653,279,236,1247,203,246,282,319,186,1252,55,665,239,356,148,526,565,261,233,214,324,4,671,40,248
"Seguridad","Daño a la propiedad","2023_6",427,930,165,371,165,771,885,754,251,215,1109,217,258,450,366,301,1450,76,726,227,326,141,515,523,256,226,231,386,7,672,68,205
"Seguridad","Daño a la propiedad","2023_7",408,896,174,279,155,765,906,599,250,185,1041,201,235,251,309,336,1267,59,590,221,281,140,557,488,199,186,169,341,7,648,55,191
"Seguridad","Daño a la propiedad","2023_8",377,928,172,282,193,721,929,587,240,202,1018,167,211,206,292,332,1222,70,792,208,315,128,454,473,242,199,151,359,5,606,32,127
"Seguridad","Daño a la propiedad","2023_9",379,876,134,112,111,737,977,818,250,202,1036,134,213,203,335,342,1375,103,635,216,318,132,500,512,246,201,141,387,5,625,60,209
"Seguridad","Daño a la propiedad","2023_10",430,1028,168,114,113,770,931,537,239,193,1072,175,235,206,322,368,1354,66,620,238,332,159,562,499,226,256,162,370,3,621,56,245
"Seguridad","Daño a la propiedad","2023_11",364,907,135,98,123,731,872,520,244,198,1102,133,285,171,308,306,1309,69,605,196,342,117,478,436,260,214,104,345,5,573,68,213
"Seguridad","Daño a la propiedad","2023_12",398,954,137,139,99,696,844,615,263,172,1058,189,210,167,298,276,1195,58,506,233,311,106,536,446,191,225,136,331,4,557,70,199
"Seguridad","Daño a la propiedad","2024_1",459,808,160,96,111,762,819,466,250,150,1117,199,237,187,355,265,1240,73,531,221,305,136,505,425,233,206,144,327,4,528,36,250
"Seguridad","Daño a la propiedad","2024_2",423,818,175,110,114,698,915,749,237,171,1118,213,232,172,364,191,1326,80,643,178,290,123,479,498,248,223,139,342,2,576,66,241
"Seguridad","Daño a la propiedad","2024_3",385,845,140,129,115,760,939,524,233,183,1011,198,198,224,348,215,1507,58,549,242,335,144,544,423,211,174,170,314,3,667,43,213
"Seguridad","Daño a la propiedad","2024_4",427,862,187,115,151,851,844,559,276,211,1152,231,227,199,356,331,1392,74,707,246,319,138,522,510,242,182,188,349,2,743,83,228
"Seguridad","Daño a la propiedad","2024_5",452,879,171,133,110,895,926,859,261,217,1221,203,260,289,400,341,1517,65,641,242,392,162,512,552,252,167,234,400,2,741,89,266
"Seguridad","Daño a la propiedad","2024_6",427,702,178,111,104,831,889,592,211,130,1034,174,213,182,382,293,1401,58,528,205,284,134,445,466,232,191,182,359,0,698,57,256
"Seguridad","Daño a la propiedad","2024_7",406,617,164,78,110,892,925,581,247,126,1039,163,178,198,337,334,1338,98,535,205,316,135,469,452,175,170,172,363,4,610,63,200
"Seguridad","Daño a la propiedad","2024_8",390,631,142,64,117,843,935,716,242,132,1021,206,242,183,329,359,1285,56,523,212,293,127,477,413,228,165,155,349,1,487,48,197
"Seguridad","Daño a la propiedad","2024_9",442,550,157,62,94,847,935,567,196,123,1055,174,233,158,339,302,1330,89,499,220,309,137,511,469,242,238,144,333,6,488,56,194
"Seguridad","Daño a la propiedad","2024_10",458,564,184,52,100,805,951,840,299,219,1159,183,244,152,401,382,1390,69,673,205,321,119,425,489,218,176,173,373,7,470,47,221
"Seguridad","Daño a la propiedad","2024_11",441,561,138,47,125,834,895,668,290,219,1128,163,213,154,361,241,1357,62,457,211,277,129,446,415,246,236,121,321,2,497,51,245
"Seguridad","Daño a la propiedad","2024_12",426,566,168,60,149,798,839,587,274,96,1154,183,183,153,319,256,1265,57,295,210,288,131,486,423,157,134,147,329,3,493,41,206
"Seguridad","Daño a la propiedad","2025_1",421,448,151,43,127,795,778,654,261,150,1185,177,218,180,297,276,1336,63,338,154,331,147,434,495,226,110,0,329,3,447,39,216
"Seguridad","Daño a la propiedad","2025_2",384,395,126,45,129,850,786,719,240,173,1137,174,198,152,320,157,1296,63,262,143,304,133,470,421,192,175,0,274,7,523,96,216
"Seguridad","Daño a la propiedad","2025_3",472,473,165,65,134,940,879,784,264,230,1278,236,224,211,378,217,1493,45,208,158,363,153,520,455,189,155,0,393,3,527,85,207
"Seguridad","Daño a la propiedad","2025_4",366,507,150,58,60,816,777,861,235,207,1233,174,260,212,372,230,1255,67,214,148,342,150,486,419,240,209,0,364,6,531,97,201
"Seguridad","Daño a la propiedad","2025_5",440,534,141,68,48,796,1052,844,258,130,1271,204,272,179,383,194,1317,65,239,145,309,132,566,457,251,135,0,373,6,588,47,232
"Seguridad","Daño a la propiedad","2025_6",333,571,151,45,33,762,826,728,226,123,1120,156,283,183,372,158,1216,42,208,119,356,115,490,397,203,188,0,368,1,517,121,218
"Seguridad","Daño a la propiedad","2025_7",0,0,0,0,0,0,0,0,0,0,0,0,0,0,0,0,0,0,0,0,0,0,0,0,0,0,0,0,0,0,0,0
"Seguridad","Daño a la propiedad","2025_8",0,0,0,0,0,0,0,0,0,0,0,0,0,0,0,0,0,0,0,0,0,0,0,0,0,0,0,0,0,0,0,0
"Seguridad","Daño a la propiedad","2025_9",0,0,0,0,0,0,0,0,0,0,0,0,0,0,0,0,0,0,0,0,0,0,0,0,0,0,0,0,0,0,0,0
"Seguridad","Daño a la propiedad","2025_10",0,0,0,0,0,0,0,0,0,0,0,0,0,0,0,0,0,0,0,0,0,0,0,0,0,0,0,0,0,0,0,0
"Seguridad","Daño a la propiedad","2025_11",0,0,0,0,0,0,0,0,0,0,0,0,0,0,0,0,0,0,0,0,0,0,0,0,0,0,0,0,0,0,0,0
"Seguridad","Daño a la propiedad","2025_12",0,0,0,0,0,0,0,0,0,0,0,0,0,0,0,0,0,0,0,0,0,0,0,0,0,0,0,0,0,0,0,0
"Seguridad","Delitos cometidos por servidores públicos","2015_1",1,79,10,2,15,31,180,13,0,13,0,6,0,78,13,1,214,9,60,0,1,0,0,4,48,3,13,0,0,11,1,10
"Seguridad","Delitos cometidos por servidores públicos","2015_2",2,100,14,6,25,38,205,11,0,9,0,11,0,78,22,10,213,13,68,37,4,0,0,12,24,3,12,0,0,18,0,12
"Seguridad","Delitos cometidos por servidores públicos","2015_3",0,105,13,2,24,53,254,8,0,0,0,8,0,110,18,6,264,11,85,0,5,0,0,3,34,3,9,0,0,18,2,10
"Seguridad","Delitos cometidos por servidores públicos","2015_4",0,117,16,3,21,47,281,9,0,12,0,14,0,100,13,8,250,11,78,0,9,0,0,8,44,3,0,0,0,15,0,14
"Seguridad","Delitos cometidos por servidores públicos","2015_5",2,0,16,3,19,55,248,10,0,8,0,17,2,91,17,4,205,10,88,25,5,0,1,10,26,4,0,0,0,42,2,17
"Seguridad","Delitos cometidos por servidores públicos","2015_6",0,0,9,1,18,58,283,30,0,6,0,6,0,108,35,3,232,4,110,0,2,0,1,11,25,0,0,1,0,32,2,13
"Seguridad","Delitos cometidos por servidores públicos","2015_7",1,0,3,0,18,61,260,23,0,17,0,11,0,117,17,24,235,5,107,0,4,0,0,7,22,8,0,0,0,30,0,10
"Seguridad","Delitos cometidos por servidores públicos","2015_8",0,0,12,0,22,64,263,20,0,16,0,13,0,115,20,9,219,4,73,7,6,0,1,8,20,6,1,0,0,33,0,13
"Seguridad","Delitos cometidos por servidores públicos","2015_9",0,0,9,1,7,42,268,22,0,13,0,7,0,160,22,10,267,7,128,0,3,0,0,8,15,9,0,0,0,27,0,19
"Seguridad","Delitos cometidos por servidores públicos","2015_10",0,0,6,1,14,51,286,7,0,1,0,6,0,146,47,4,271,5,111,0,2,1,0,11,15,5,0,0,0,22,0,11
"Seguridad","Delitos cometidos por servidores públicos","2015_11",0,0,17,0,24,36,296,6,0,12,0,13,0,133,20,0,284,8,114,18,1,0,0,13,5,7,0,0,0,18,0,18
"Seguridad","Delitos cometidos por servidores públicos","2015_12",0,0,15,2,9,31,318,11,0,16,0,7,0,178,22,8,245,3,82,0,0,2,0,8,7,5,0,0,0,13,0,6
"Seguridad","Delitos cometidos por servidores públicos","2016_1",1,82,20,0,6,37,281,17,11,14,0,5,0,156,27,3,207,0,29,26,3,0,0,9,61,3,0,0,0,5,0,8
"Seguridad","Delitos cometidos por servidores públicos","2016_2",1,114,27,2,9,46,294,33,8,22,0,16,0,102,26,2,235,1,22,23,2,0,0,12,63,11,3,0,0,18,0,9
"Seguridad","Delitos cometidos por servidores públicos","2016_3",2,150,22,3,19,36,308,8,1,11,0,9,0,101,38,5,180,0,36,24,2,0,0,9,81,6,1,0,0,12,3,10
"Seguridad","Delitos cometidos por servidores públicos","2016_4",0,130,25,0,23,47,314,6,0,21,0,10,0,106,41,5,269,0,65,22,2,0,0,2,48,13,4,0,0,25,0,15
"Seguridad","Delitos cometidos por servidores públicos","2016_5",0,118,24,0,17,51,305,6,0,19,0,8,0,120,47,0,244,1,73,20,6,0,0,3,52,13,2,0,0,11,0,19
"Seguridad","Delitos cometidos por servidores públicos","2016_6",2,157,13,0,14,47,304,16,0,11,0,5,0,0,38,7,194,1,114,11,3,0,0,8,41,7,2,0,0,20,0,9
"Seguridad","Delitos cometidos por servidores públicos","2016_7",0,105,22,1,13,41,196,3,0,16,0,9,0,141,32,4,252,0,118,15,1,0,0,12,13,28,0,0,0,14,0,9
"Seguridad","Delitos cometidos por servidores públicos","2016_8",0,138,28,0,68,38,270,3,0,17,0,4,0,95,34,4,257,1,150,26,0,0,0,35,66,12,0,0,0,17,0,9
"Seguridad","Delitos cometidos por servidores públicos","2016_9",3,100,30,0,18,42,264,5,0,23,0,13,0,93,30,2,254,1,148,19,2,0,0,85,14,15,0,0,0,15,0,17
"Seguridad","Delitos cometidos por servidores públicos","2016_10",0,127,43,0,29,41,304,9,0,16,0,10,1,77,33,3,221,0,147,0,7,0,0,54,22,4,0,0,0,28,0,13
"Seguridad","Delitos cometidos por servidores públicos","2016_11",20,90,26,0,16,36,295,4,0,21,0,7,0,95,27,6,228,1,175,21,7,0,0,45,14,5,0,1,0,20,3,3
"Seguridad","Delitos cometidos por servidores públicos","2016_12",1,86,24,9,12,32,188,4,0,11,0,7,0,103,31,6,233,0,198,26,6,0,0,36,11,12,2,0,0,14,0,9
"Seguridad","Delitos cometidos por servidores públicos","2017_1",1,67,35,2,24,50,211,0,0,20,0,1,0,75,30,4,233,1,189,13,0,0,0,37,10,11,1,2,0,29,5,14
"Seguridad","Delitos cometidos por servidores públicos","2017_2",3,67,22,0,25,49,267,5,0,14,0,8,0,127,37,1,195,1,190,12,1,0,0,25,20,5,1,1,0,21,0,15
"Seguridad","Delitos cometidos por servidores públicos","2017_3",2,98,19,4,30,61,301,4,0,20,0,16,0,83,28,6,281,0,158,22,3,0,0,43,26,15,1,3,0,18,0,12
"Seguridad","Delitos cometidos por servidores públicos","2017_4",2,67,19,1,29,77,250,0,0,0,0,7,0,111,29,4,229,2,222,33,3,0,0,42,13,6,0,0,0,30,0,20
"Seguridad","Delitos cometidos por servidores públicos","2017_5",4,87,27,2,26,66,281,9,1,10,0,5,44,121,33,1,278,0,179,22,1,0,0,57,11,20,27,0,0,21,0,70
"Seguridad","Delitos cometidos por servidores públicos","2017_6",0,86,27,4,14,77,268,5,0,10,0,11,29,111,19,3,279,0,191,17,7,0,0,44,19,11,25,1,0,28,0,13
"Seguridad","Delitos cometidos por servidores públicos","2017_7",6,79,22,3,28,74,256,3,0,13,0,16,22,103,38,13,262,2,222,14,3,0,0,56,7,8,28,2,0,24,0,13
"Seguridad","Delitos cometidos por servidores públicos","2017_8",5,82,37,2,25,55,231,1,0,14,0,12,37,136,41,5,273,1,113,21,5,0,0,24,24,2,14,66,0,27,0,13
"Seguridad","Delitos cometidos por servidores públicos","2017_9",6,103,17,2,34,57,227,12,0,17,0,14,35,89,66,4,249,0,162,23,9,1,0,35,21,5,27,52,0,29,0,14
"Seguridad","Delitos cometidos por servidores públicos","2017_10",12,111,17,1,38,76,219,11,0,16,0,8,26,100,60,5,255,0,173,39,7,0,0,39,29,9,18,73,0,44,0,14
"Seguridad","Delitos cometidos por servidores públicos","2017_11",2,126,22,1,29,63,207,7,0,9,0,5,26,106,45,6,227,0,234,22,11,0,0,39,22,4,22,54,0,31,0,12
"Seguridad","Delitos cometidos por servidores públicos","2017_12",3,75,11,0,21,44,198,3,0,9,0,12,32,79,32,3,205,0,313,24,1,0,1,47,10,2,17,42,0,12,0,14
"Seguridad","Delitos cometidos por servidores públicos","2018_1",4,83,17,0,29,58,324,10,0,15,0,10,35,3,40,3,191,0,115,37,5,0,0,31,7,2,24,35,0,20,0,22
"Seguridad","Delitos cometidos por servidores públicos","2018_2",7,76,19,0,40,82,349,28,0,22,0,12,45,84,32,4,229,0,167,38,5,0,1,43,37,0,23,50,0,27,0,13
"Seguridad","Delitos cometidos por servidores públicos","2018_3",5,142,30,0,42,75,414,32,0,10,0,12,41,93,39,6,272,4,227,40,8,0,0,55,19,3,25,60,0,26,0,19
"Seguridad","Delitos cometidos por servidores públicos","2018_4",2,92,21,0,33,94,466,35,0,12,0,17,41,100,39,4,248,0,157,35,5,0,0,52,21,6,24,54,0,31,0,23
"Seguridad","Delitos cometidos por servidores públicos","2018_5",8,114,30,0,22,81,440,31,0,18,0,25,19,95,61,5,276,4,137,47,3,0,0,47,20,2,18,58,0,29,0,21
"Seguridad","Delitos cometidos por servidores públicos","2018_6",7,112,31,0,29,55,437,51,0,18,0,7,44,33,57,5,232,6,199,25,3,0,0,48,18,2,18,60,0,44,0,17
"Seguridad","Delitos cometidos por servidores públicos","2018_7",4,110,11,0,33,84,433,47,0,6,0,7,41,49,41,2,198,2,211,35,8,0,0,53,10,1,18,45,0,32,0,18
"Seguridad","Delitos cometidos por servidores públicos","2018_8",5,123,13,1,24,58,421,64,0,5,0,18,42,29,48,6,239,1,226,40,6,0,0,43,20,1,17,55,0,27,0,31
"Seguridad","Delitos cometidos por servidores públicos","2018_9",3,104,22,0,32,60,494,48,0,10,0,10,48,42,21,4,243,0,238,30,8,0,0,54,11,1,9,53,0,37,0,27
"Seguridad","Delitos cometidos por servidores públicos","2018_10",9,120,29,0,27,96,612,29,0,6,0,16,48,40,52,8,229,4,276,34,2,0,2,45,16,5,18,53,0,41,0,26
"Seguridad","Delitos cometidos por servidores públicos","2018_11",2,88,21,0,29,69,467,44,0,10,0,25,48,31,40,5,202,1,279,30,5,0,0,46,14,1,13,47,0,44,0,20
"Seguridad","Delitos cometidos por servidores públicos","2018_12",0,82,22,0,20,62,341,32,0,15,0,13,14,47,24,0,210,2,114,32,6,0,0,40,10,1,21,50,0,29,0,17
"Seguridad","Delitos cometidos por servidores públicos","2019_1",2,86,42,0,22,79,537,42,14,9,0,11,53,45,32,6,161,1,191,37,6,0,0,38,14,2,18,43,0,22,0,15
"Seguridad","Delitos cometidos por servidores públicos","2019_2",0,78,26,0,27,67,503,43,25,6,0,10,43,29,40,5,220,1,180,39,8,0,0,39,22,1,31,4,0,32,2,28
"Seguridad","Delitos cometidos por servidores públicos","2019_3",30,110,17,0,28,45,453,45,27,2,0,22,41,31,43,3,250,1,141,40,6,0,0,53,13,3,24,68,0,24,7,41
"Seguridad","Delitos cometidos por servidores públicos","2019_4",35,101,21,0,32,79,448,47,25,8,0,15,40,40,40,1,247,2,106,34,5,0,0,64,11,0,27,57,0,35,0,18
"Seguridad","Delitos cometidos por servidores públicos","2019_5",4,111,18,0,17,72,502,73,23,5,0,13,61,0,32,7,253,1,261,31,9,0,0,74,19,2,23,45,0,40,0,21
"Seguridad","Delitos cometidos por servidores públicos","2019_6",3,107,14,0,34,81,538,52,28,6,7,13,42,20,34,7,327,2,249,29,75,0,0,72,21,1,19,59,0,45,0,27
"Seguridad","Delitos cometidos por servidores públicos","2019_7",6,121,22,0,24,64,534,63,16,4,10,17,343,28,51,4,333,0,299,30,90,0,0,70,16,5,29,34,0,33,0,13
"Seguridad","Delitos cometidos por servidores públicos","2019_8",6,126,32,0,62,62,534,76,25,6,14,19,21,33,30,3,270,3,123,33,77,0,0,57,16,5,28,52,0,33,0,17
"Seguridad","Delitos cometidos por servidores públicos","2019_9",4,124,23,1,23,73,522,57,22,4,14,15,47,22,25,6,327,2,237,30,88,0,0,65,16,9,22,34,0,38,0,27
"Seguridad","Delitos cometidos por servidores públicos","2019_10",48,122,27,0,19,58,567,92,24,7,10,17,57,22,38,4,363,4,258,33,95,0,0,58,14,5,27,46,0,43,0,18
"Seguridad","Delitos cometidos por servidores públicos","2019_11",34,113,24,0,23,56,553,63,24,9,4,21,48,14,36,4,363,5,155,34,113,0,0,64,30,6,17,91,0,36,0,25
"Seguridad","Delitos cometidos por servidores públicos","2019_12",40,87,20,0,27,55,470,44,44,12,7,21,21,40,39,2,342,0,207,30,99,0,0,80,4,10,16,61,0,16,0,17
"Seguridad","Delitos cometidos por servidores públicos","2020_1",34,89,21,0,24,98,405,62,32,7,8,23,45,32,23,4,328,1,188,36,101,0,37,59,56,5,17,37,0,36,0,20
"Seguridad","Delitos cometidos por servidores públicos","2020_2",34,101,24,2,25,323,609,97,29,11,9,33,65,15,42,3,338,0,154,37,99,0,62,60,21,5,22,43,0,33,0,20
"Seguridad","Delitos cometidos por servidores públicos","2020_3",38,74,23,1,28,93,578,57,22,13,10,15,47,33,36,6,327,0,128,42,83,0,49,71,22,9,24,52,0,42,8,28
"Seguridad","Delitos cometidos por servidores públicos","2020_4",32,39,22,0,18,73,325,31,15,8,9,8,42,27,42,5,253,5,141,39,64,0,34,57,5,1,14,27,0,23,0,13
"Seguridad","Delitos cometidos por servidores públicos","2020_5",21,79,21,0,23,92,222,53,22,5,6,4,19,30,37,2,241,1,174,35,102,0,22,57,11,4,29,25,0,25,5,18
"Seguridad","Delitos cometidos por servidores públicos","2020_6",33,55,28,0,22,101,305,52,25,5,6,7,17,46,27,0,307,1,267,37,95,0,47,41,11,5,21,19,0,30,0,23
"Seguridad","Delitos cometidos por servidores públicos","2020_7",25,67,13,0,15,125,426,31,27,4,3,16,30,38,18,10,340,0,90,32,113,0,37,52,11,2,26,27,0,37,1,21
"Seguridad","Delitos cometidos por servidores públicos","2020_8",47,72,27,1,18,197,435,32,23,7,9,12,38,28,19,1,364,0,211,46,68,0,62,32,7,5,33,33,0,39,0,30
"Seguridad","Delitos cometidos por servidores públicos","2020_9",48,90,32,1,24,151,401,35,11,3,10,10,39,27,35,2,410,3,296,37,94,0,45,59,11,5,24,54,0,30,0,20
"Seguridad","Delitos cometidos por servidores públicos","2020_10",57,106,23,0,20,125,542,39,24,7,12,29,48,25,26,7,372,2,340,29,138,0,40,71,17,1,20,73,0,48,0,20
"Seguridad","Delitos cometidos por servidores públicos","2020_11",41,82,21,0,27,141,399,33,22,0,7,24,25,27,37,6,350,0,209,31,83,0,47,67,12,16,20,46,0,40,1,15
"Seguridad","Delitos cometidos por servidores públicos","2020_12",40,59,17,0,6,185,387,45,26,7,8,21,29,29,25,4,282,1,216,32,119,0,53,46,9,5,16,36,0,36,1,20
"Seguridad","Delitos cometidos por servidores públicos","2021_1",47,69,18,0,10,134,307,13,29,6,9,23,12,27,20,1,214,1,144,28,82,0,44,38,22,11,19,28,0,37,2,24
"Seguridad","Delitos cometidos por servidores públicos","2021_2",41,57,23,0,10,76,312,41,26,16,8,15,26,33,27,3,314,0,151,41,110,0,47,30,14,4,19,30,0,36,0,21
"Seguridad","Delitos cometidos por servidores públicos","2021_3",52,94,20,0,12,141,436,63,22,15,14,19,45,62,31,5,414,1,178,39,99,0,56,55,18,11,28,41,0,49,0,26
"Seguridad","Delitos cometidos por servidores públicos","2021_4",63,80,34,0,12,133,419,90,24,8,14,17,29,62,20,4,320,0,153,24,107,0,51,64,10,6,15,40,0,45,1,32
"Seguridad","Delitos cometidos por servidores públicos","2021_5",54,72,18,0,8,135,455,74,23,8,11,8,56,31,26,2,321,1,150,27,105,0,45,48,15,5,19,50,0,53,0,31
"Seguridad","Delitos cometidos por servidores públicos","2021_6",55,70,23,0,18,123,468,50,26,11,17,9,39,62,32,5,352,1,197,40,120,0,45,81,15,27,18,21,0,40,0,37
"Seguridad","Delitos cometidos por servidores públicos","2021_7",23,85,12,0,12,125,478,49,11,7,18,12,30,46,29,4,358,1,187,26,101,0,64,43,12,3,22,31,0,44,2,34
"Seguridad","Delitos cometidos por servidores públicos","2021_8",38,61,16,0,11,124,456,68,28,7,15,15,30,22,20,7,298,5,162,33,103,0,46,48,14,10,18,43,0,40,0,18
"Seguridad","Delitos cometidos por servidores públicos","2021_9",31,97,26,0,11,96,436,44,17,8,15,14,38,36,29,2,346,0,174,19,88,1,59,57,13,9,16,40,0,54,0,27
"Seguridad","Delitos cometidos por servidores públicos","2021_10",55,80,36,0,9,117,472,50,20,3,11,11,47,42,11,4,309,1,257,35,124,0,34,37,9,10,19,51,0,63,2,21
"Seguridad","Delitos cometidos por servidores públicos","2021_11",33,72,29,13,15,94,460,47,17,0,19,15,29,28,22,6,288,0,178,22,75,0,48,69,16,9,25,34,0,43,0,39
"Seguridad","Delitos cometidos por servidores públicos","2021_12",40,78,29,9,12,76,427,29,20,5,11,11,29,38,25,2,285,1,140,24,88,0,52,74,36,6,9,47,0,56,2,20
"Seguridad","Delitos cometidos por servidores públicos","2022_1",42,53,18,24,11,71,340,94,25,3,4,9,35,52,29,6,238,3,139,31,66,0,43,47,9,8,11,34,0,34,1,12
"Seguridad","Delitos cometidos por servidores públicos","2022_2",40,63,15,12,11,96,384,44,14,3,13,15,41,26,17,3,276,5,148,31,63,0,49,46,12,4,15,38,0,29,1,26
"Seguridad","Delitos cometidos por servidores públicos","2022_3",43,95,30,7,8,72,477,77,26,2,6,20,45,22,27,3,313,3,167,31,97,0,47,49,12,10,17,39,0,43,2,45
"Seguridad","Delitos cometidos por servidores públicos","2022_4",47,94,30,9,5,85,437,48,14,3,14,15,55,38,30,0,309,8,217,25,102,0,47,46,18,2,17,35,0,29,0,84
"Seguridad","Delitos cometidos por servidores públicos","2022_5",39,83,27,9,10,89,490,42,19,2,11,19,75,52,24,1,343,2,184,21,131,0,57,63,20,8,11,43,0,34,3,26
"Seguridad","Delitos cometidos por servidores públicos","2022_6",33,96,31,11,4,71,471,40,23,5,12,36,61,44,24,1,321,3,160,14,229,0,66,59,18,4,15,34,0,38,3,25
"Seguridad","Delitos cometidos por servidores públicos","2022_7",43,90,18,7,7,52,443,95,13,2,11,16,27,44,18,1,307,2,157,22,140,0,48,62,17,7,10,35,0,42,3,22
"Seguridad","Delitos cometidos por servidores públicos","2022_8",36,71,31,9,9,53,412,60,22,2,26,20,46,42,34,2,383,4,207,22,144,0,44,47,15,2,13,41,0,40,1,31
"Seguridad","Delitos cometidos por servidores públicos","2022_9",38,78,25,10,6,71,369,61,14,0,13,25,46,25,27,2,373,8,189,27,123,0,50,68,6,10,19,24,0,38,1,24
"Seguridad","Delitos cometidos por servidores públicos","2022_10",41,68,22,17,5,58,370,38,16,2,10,26,42,37,30,1,436,2,161,13,116,0,49,53,14,12,17,32,0,44,3,22
"Seguridad","Delitos cometidos por servidores públicos","2022_11",40,58,8,5,4,63,416,39,14,1,5,24,51,23,19,3,389,5,177,28,89,0,51,46,8,7,16,37,0,35,0,16
"Seguridad","Delitos cometidos por servidores públicos","2022_12",32,47,13,8,7,45,337,28,21,0,11,17,17,36,33,2,349,4,186,17,128,0,43,59,17,6,17,35,0,33,2,20
"Seguridad","Delitos cometidos por servidores públicos","2023_1",42,61,20,7,2,38,339,33,27,0,12,18,41,39,14,1,354,7,265,35,86,0,31,51,8,8,13,47,0,39,2,16
"Seguridad","Delitos cometidos por servidores públicos","2023_2",44,56,17,14,11,36,368,33,27,0,10,24,54,31,39,0,327,8,153,25,88,0,28,52,21,10,15,36,0,55,4,20
"Seguridad","Delitos cometidos por servidores públicos","2023_3",42,69,26,8,15,67,483,61,23,0,7,43,46,35,34,2,441,4,175,22,81,0,43,59,18,16,14,61,0,80,1,27
"Seguridad","Delitos cometidos por servidores públicos","2023_4",43,78,28,12,11,52,421,37,10,0,14,33,31,31,23,1,355,5,170,19,70,0,24,48,15,6,15,28,0,79,3,23
"Seguridad","Delitos cometidos por servidores públicos","2023_5",42,58,31,12,18,59,456,37,30,1,21,27,40,27,34,0,396,5,183,18,88,1,43,36,21,7,22,44,0,127,3,25
"Seguridad","Delitos cometidos por servidores públicos","2023_6",41,80,41,17,15,73,477,61,28,0,13,14,36,39,43,2,350,9,129,28,74,0,41,53,18,12,26,48,0,80,3,32
"Seguridad","Delitos cometidos por servidores públicos","2023_7",45,79,18,10,5,56,427,51,23,0,17,28,36,59,24,1,317,7,132,16,79,0,40,46,17,6,17,39,0,64,2,25
"Seguridad","Delitos cometidos por servidores públicos","2023_8",43,82,23,10,5,59,432,39,21,0,13,21,48,48,35,2,343,15,138,20,78,1,44,40,12,2,11,43,0,65,3,14
"Seguridad","Delitos cometidos por servidores públicos","2023_9",40,87,31,10,7,67,424,47,27,0,12,22,50,31,34,4,348,3,146,22,57,0,46,66,19,5,16,49,0,60,1,46
"Seguridad","Delitos cometidos por servidores públicos","2023_10",45,106,12,3,8,78,454,28,27,0,25,17,44,42,33,5,359,14,213,42,80,0,56,51,16,6,23,59,0,66,3,28
"Seguridad","Delitos cometidos por servidores públicos","2023_11",69,71,21,2,13,56,377,41,18,0,19,26,54,49,33,0,329,7,165,23,52,0,58,45,16,3,15,36,0,61,5,26
"Seguridad","Delitos cometidos por servidores públicos","2023_12",37,66,18,6,3,48,348,32,14,0,8,14,27,28,16,3,244,12,77,18,46,0,53,46,9,2,12,42,0,62,5,8
"Seguridad","Delitos cometidos por servidores públicos","2024_1",49,52,25,2,10,50,378,38,15,0,15,13,54,27,29,4,299,10,136,14,63,0,57,50,10,4,11,22,0,66,7,21
"Seguridad","Delitos cometidos por servidores públicos","2024_2",39,66,34,3,7,55,386,51,26,0,11,24,28,30,24,1,309,9,150,17,63,0,66,47,14,8,18,20,0,68,4,22
"Seguridad","Delitos cometidos por servidores públicos","2024_3",49,62,19,6,5,64,408,29,23,0,9,9,47,28,28,1,325,5,118,10,76,0,52,50,15,4,13,23,0,81,3,33
"Seguridad","Delitos cometidos por servidores públicos","2024_4",59,68,28,7,11,68,394,40,20,0,13,12,60,33,21,3,312,6,157,17,74,0,34,42,12,6,16,49,0,95,11,35
"Seguridad","Delitos cometidos por servidores públicos","2024_5",35,58,25,2,7,75,409,43,21,0,15,19,49,29,26,14,344,13,136,17,54,0,49,64,20,8,13,60,0,67,1,36
"Seguridad","Delitos cometidos por servidores públicos","2024_6",34,69,33,1,5,57,325,41,15,0,13,14,40,29,21,5,299,14,130,17,70,1,51,41,11,4,12,21,0,68,3,37
"Seguridad","Delitos cometidos por servidores públicos","2024_7",40,55,27,3,6,65,402,38,13,0,13,16,35,98,24,3,298,12,125,23,62,0,50,47,7,9,11,20,0,72,6,28
"Seguridad","Delitos cometidos por servidores públicos","2024_8",27,54,26,4,2,50,364,108,26,0,9,26,46,43,27,3,288,5,159,19,50,0,48,44,11,2,15,109,0,67,6,24
"Seguridad","Delitos cometidos por servidores públicos","2024_9",39,62,35,3,7,58,300,44,23,0,4,16,37,27,11,3,342,13,138,16,62,0,52,49,22,2,9,31,0,39,7,21
"Seguridad","Delitos cometidos por servidores públicos","2024_10",57,59,25,0,11,62,318,54,13,0,12,13,36,34,13,3,359,12,132,24,74,0,34,53,19,7,11,50,0,35,2,26
"Seguridad","Delitos cometidos por servidores públicos","2024_11",43,49,21,1,12,43,312,37,10,0,8,21,56,33,31,6,315,11,106,30,50,0,60,70,9,9,0,45,0,60,2,27
"Seguridad","Delitos cometidos por servidores públicos","2024_12",41,49,20,1,9,62,280,39,13,0,6,20,39,32,18,6,258,6,89,19,69,0,63,51,5,7,0,43,0,37,3,27
"Seguridad","Delitos cometidos por servidores públicos","2025_1",42,53,23,2,10,54,353,23,17,0,6,16,48,32,10,2,302,8,143,30,56,0,55,75,9,10,0,31,0,39,2,37
"Seguridad","Delitos cometidos por servidores públicos","2025_2",36,45,20,1,9,45,347,35,18,0,12,17,32,30,23,7,270,6,131,26,81,0,52,44,17,9,1,39,0,49,0,35
"Seguridad","Delitos cometidos por servidores públicos","2025_3",40,44,35,2,6,47,385,35,16,0,16,27,40,26,14,9,323,17,159,19,69,0,61,65,17,7,23,41,0,31,2,25
"Seguridad","Delitos cometidos por servidores públicos","2025_4",30,53,24,4,2,39,341,52,9,0,16,19,49,28,47,4,280,18,128,24,85,0,42,65,17,4,18,73,0,131,0,39
"Seguridad","Delitos cometidos por servidores públicos","2025_5",33,58,34,5,5,48,401,37,24,0,17,33,65,34,14,9,283,9,132,15,74,0,63,52,10,8,13,43,0,97,1,31
"Seguridad","Delitos cometidos por servidores públicos","2025_6",32,47,22,0,4,50,345,45,24,0,15,18,90,26,14,14,238,11,166,22,77,0,47,62,12,5,13,46,0,80,1,31
"Seguridad","Delitos cometidos por servidores públicos","2025_7",0,0,0,0,0,0,0,0,0,0,0,0,0,0,0,0,0,0,0,0,0,0,0,0,0,0,0,0,0,0,0,0
"Seguridad","Delitos cometidos por servidores públicos","2025_8",0,0,0,0,0,0,0,0,0,0,0,0,0,0,0,0,0,0,0,0,0,0,0,0,0,0,0,0,0,0,0,0
"Seguridad","Delitos cometidos por servidores públicos","2025_9",0,0,0,0,0,0,0,0,0,0,0,0,0,0,0,0,0,0,0,0,0,0,0,0,0,0,0,0,0,0,0,0
"Seguridad","Delitos cometidos por servidores públicos","2025_10",0,0,0,0,0,0,0,0,0,0,0,0,0,0,0,0,0,0,0,0,0,0,0,0,0,0,0,0,0,0,0,0
"Seguridad","Delitos cometidos por servidores públicos","2025_11",0,0,0,0,0,0,0,0,0,0,0,0,0,0,0,0,0,0,0,0,0,0,0,0,0,0,0,0,0,0,0,0
"Seguridad","Delitos cometidos por servidores públicos","2025_12",0,0,0,0,0,0,0,0,0,0,0,0,0,0,0,0,0,0,0,0,0,0,0,0,0,0,0,0,0,0,0,0
"Seguridad","Despojo","2015_1",19,76,30,1,31,53,185,23,4,12,59,24,60,121,43,79,298,17,57,0,127,43,28,25,26,7,32,16,9,71,24,21
"Seguridad","Despojo","2015_2",15,68,15,1,25,52,191,25,4,26,68,35,72,132,29,92,298,27,59,26,127,40,68,18,29,25,47,23,11,110,11,23
"Seguridad","Despojo","2015_3",13,99,51,2,25,55,245,29,4,21,70,60,44,134,26,86,315,15,76,0,141,45,47,31,36,34,59,34,15,131,29,21
"Seguridad","Despojo","2015_4",14,102,15,0,27,55,249,56,3,28,72,34,58,122,21,57,249,15,51,0,98,51,44,17,22,29,39,26,16,114,23,27
"Seguridad","Despojo","2015_5",13,109,13,1,35,55,219,38,8,18,82,51,72,101,20,68,257,19,77,29,111,35,51,13,43,33,36,26,6,104,33,17
"Seguridad","Despojo","2015_6",19,106,15,1,30,43,305,26,10,26,73,37,57,117,14,109,262,14,55,0,120,33,48,20,27,44,39,29,9,111,9,26
"Seguridad","Despojo","2015_7",12,121,22,2,17,52,341,42,2,33,81,33,20,136,20,77,261,7,58,0,131,48,66,31,42,27,69,29,9,68,37,27
"Seguridad","Despojo","2015_8",15,134,13,0,24,48,289,25,5,44,55,37,68,100,46,94,267,17,57,33,141,38,38,25,48,28,40,39,5,96,34,12
"Seguridad","Despojo","2015_9",19,89,12,1,39,56,332,34,1,46,51,18,55,145,44,61,235,11,84,0,97,34,47,28,17,37,44,38,10,108,25,18
"Seguridad","Despojo","2015_10",22,110,29,1,30,73,298,34,6,50,62,44,55,127,15,91,268,19,80,0,114,38,51,25,17,32,34,42,13,105,35,22
"Seguridad","Despojo","2015_11",10,90,18,0,41,36,315,24,1,29,51,28,23,134,19,76,245,16,64,28,112,28,54,24,21,22,34,16,9,85,40,19
"Seguridad","Despojo","2015_12",8,92,29,1,29,34,279,17,4,40,62,28,56,89,31,67,223,8,63,0,75,50,55,18,9,13,19,23,3,53,35,12
"Seguridad","Despojo","2016_1",13,78,16,1,22,44,268,27,10,38,63,24,69,104,21,72,208,10,63,33,80,41,36,14,21,28,33,20,3,59,40,17
"Seguridad","Despojo","2016_2",14,95,43,3,19,36,312,29,15,44,74,35,69,122,37,83,298,10,64,38,86,47,26,35,34,46,48,29,11,82,34,20
"Seguridad","Despojo","2016_3",4,86,38,1,20,55,293,31,18,41,80,38,50,136,36,96,248,8,63,66,108,47,21,19,27,38,41,46,5,80,41,24
"Seguridad","Despojo","2016_4",12,110,36,0,20,53,353,27,20,40,74,30,74,122,37,84,273,11,77,45,100,38,21,16,39,58,46,41,2,89,30,21
"Seguridad","Despojo","2016_5",14,102,23,0,22,56,326,28,10,41,83,48,44,138,24,95,285,11,69,52,129,36,23,16,41,39,42,39,8,84,26,15
"Seguridad","Despojo","2016_6",10,80,57,2,17,50,305,55,0,46,106,41,83,210,36,81,226,10,69,45,85,46,21,25,20,44,60,52,6,69,35,19
"Seguridad","Despojo","2016_7",13,81,22,0,19,40,261,29,0,38,79,27,20,158,26,87,252,4,53,28,31,38,24,26,31,40,48,56,1,61,24,13
"Seguridad","Despojo","2016_8",8,100,30,0,44,50,281,36,0,51,67,32,29,178,33,90,250,9,86,58,18,49,22,32,31,35,36,63,6,52,36,23
"Seguridad","Despojo","2016_9",8,101,15,0,17,69,267,36,0,50,63,31,76,158,31,72,261,15,74,44,41,41,20,45,24,54,42,61,5,57,36,30
"Seguridad","Despojo","2016_10",20,94,24,1,30,64,267,47,0,42,59,25,73,158,23,94,268,12,71,0,53,46,29,34,18,47,29,68,1,68,33,16
"Seguridad","Despojo","2016_11",9,82,36,0,35,64,239,38,0,46,74,30,67,151,24,77,212,8,80,33,70,37,40,13,24,21,40,58,1,77,51,19
"Seguridad","Despojo","2016_12",10,53,20,0,23,48,194,29,0,22,65,38,60,152,23,89,213,2,76,34,52,45,40,30,31,18,24,38,3,57,27,13
"Seguridad","Despojo","2017_1",8,48,43,0,24,65,256,29,33,36,61,25,61,125,34,79,223,10,48,29,56,36,13,24,26,31,46,33,3,100,41,23
"Seguridad","Despojo","2017_2",9,60,50,2,26,77,243,41,28,46,75,35,82,145,35,86,265,12,59,16,69,48,52,44,10,40,27,38,2,100,39,22
"Seguridad","Despojo","2017_3",12,128,24,1,33,77,315,56,37,51,81,35,69,184,29,97,287,9,71,16,98,51,44,41,23,40,35,53,4,129,60,19
"Seguridad","Despojo","2017_4",9,69,23,1,45,63,226,34,29,41,51,34,91,138,34,86,288,3,56,46,100,55,37,30,20,32,40,40,1,105,33,15
"Seguridad","Despojo","2017_5",19,80,26,0,35,74,310,32,33,50,72,32,100,142,40,101,293,6,59,20,79,56,38,34,25,44,42,41,2,97,34,32
"Seguridad","Despojo","2017_6",29,77,29,0,46,62,315,60,47,51,70,50,107,179,36,93,301,5,77,25,95,64,58,38,31,37,44,74,7,102,39,19
"Seguridad","Despojo","2017_7",27,109,25,0,28,69,292,27,34,37,71,34,109,204,63,93,288,5,63,46,77,51,40,37,19,11,56,52,0,105,18,23
"Seguridad","Despojo","2017_8",55,195,20,2,32,71,346,26,40,51,77,38,118,213,71,104,330,6,103,25,70,61,36,45,23,25,47,55,3,121,3,23
"Seguridad","Despojo","2017_9",39,93,34,0,27,82,269,21,26,46,68,40,97,178,63,74,301,0,65,27,73,51,38,46,22,41,46,46,3,122,6,19
"Seguridad","Despojo","2017_10",25,92,42,0,34,64,318,31,29,43,79,32,79,147,66,116,379,3,70,52,80,41,38,45,26,30,47,52,1,126,10,28
"Seguridad","Despojo","2017_11",31,105,38,0,34,43,286,53,24,38,71,35,109,184,64,104,314,3,85,46,82,54,64,30,29,19,33,33,6,106,2,24
"Seguridad","Despojo","2017_12",16,83,29,0,27,33,251,25,25,46,66,38,77,145,60,87,245,1,76,43,56,29,58,28,14,20,27,52,4,83,7,15
"Seguridad","Despojo","2018_1",30,70,26,1,19,67,263,16,28,74,71,39,85,217,69,87,283,5,75,62,66,45,63,23,25,16,31,57,5,87,9,17
"Seguridad","Despojo","2018_2",30,67,30,0,25,54,258,35,26,49,104,49,68,203,71,100,312,3,85,52,67,57,43,31,28,24,32,57,3,106,8,18
"Seguridad","Despojo","2018_3",32,98,29,0,23,66,291,51,37,51,103,31,98,191,64,95,340,3,76,58,79,65,46,33,29,25,49,50,4,110,10,24
"Seguridad","Despojo","2018_4",26,96,35,1,22,61,276,37,43,40,99,45,146,189,71,111,364,4,64,49,79,47,60,25,19,13,44,48,7,138,10,21
"Seguridad","Despojo","2018_5",26,91,34,2,17,65,312,37,25,47,127,49,72,194,72,89,330,4,61,69,67,68,66,23,24,15,49,45,5,124,6,22
"Seguridad","Despojo","2018_6",19,104,38,0,30,66,302,29,17,34,96,36,96,171,62,93,269,4,64,50,92,60,46,35,26,7,45,68,6,90,11,29
"Seguridad","Despojo","2018_7",31,107,36,0,36,70,309,30,23,28,99,38,109,171,65,96,293,3,61,52,57,60,60,39,23,5,52,38,2,99,3,30
"Seguridad","Despojo","2018_8",30,96,31,0,45,77,353,32,27,45,122,33,115,175,60,121,344,1,74,64,67,72,49,41,28,19,45,61,2,107,12,27
"Seguridad","Despojo","2018_9",28,105,16,2,27,53,308,33,40,33,105,41,108,134,67,104,284,2,73,58,92,61,43,36,19,18,51,58,1,92,8,28
"Seguridad","Despojo","2018_10",36,109,38,0,42,82,352,23,27,29,113,27,115,192,43,118,298,3,76,58,100,78,34,42,29,16,44,46,4,122,11,34
"Seguridad","Despojo","2018_11",24,120,31,0,27,44,307,25,20,27,83,28,98,128,24,98,234,4,76,52,64,58,95,39,23,18,38,42,5,84,4,18
"Seguridad","Despojo","2018_12",11,65,42,0,25,54,287,27,20,22,77,21,65,130,38,86,228,3,51,44,55,49,53,37,25,13,21,56,3,69,4,21
"Seguridad","Despojo","2019_1",28,62,18,1,22,70,316,17,27,25,97,29,122,174,59,80,225,3,59,54,55,69,52,36,16,14,40,35,6,129,7,22
"Seguridad","Despojo","2019_2",30,73,30,0,20,72,329,53,39,34,112,24,123,199,49,82,287,7,68,51,113,71,63,51,25,14,75,53,1,201,4,21
"Seguridad","Despojo","2019_3",26,78,21,0,28,72,323,36,34,38,129,42,118,193,70,149,314,2,77,62,175,83,64,54,24,21,56,53,0,205,6,35
"Seguridad","Despojo","2019_4",38,96,40,1,22,81,326,33,30,34,117,28,88,172,63,102,319,3,71,82,173,72,65,50,25,24,49,45,1,219,13,26
"Seguridad","Despojo","2019_5",40,102,35,1,24,70,366,41,41,45,141,32,115,191,70,104,315,5,57,61,107,73,75,40,23,22,52,65,2,192,6,40
"Seguridad","Despojo","2019_6",35,97,26,2,24,75,317,30,30,31,145,54,84,169,54,84,360,6,85,61,140,73,53,53,41,52,51,45,2,172,5,35
"Seguridad","Despojo","2019_7",29,120,26,1,22,75,379,37,23,24,123,43,83,216,72,108,341,3,66,76,153,81,72,74,32,29,44,51,3,189,10,48
"Seguridad","Despojo","2019_8",27,114,32,0,15,91,353,38,38,37,110,38,102,205,73,82,343,5,85,70,94,66,62,50,28,18,60,94,0,168,2,31
"Seguridad","Despojo","2019_9",31,116,27,0,21,69,338,42,30,32,82,39,66,148,61,67,338,7,60,85,82,65,49,50,20,20,42,58,2,212,2,30
"Seguridad","Despojo","2019_10",39,138,41,0,16,63,364,47,42,39,95,35,86,175,51,99,313,2,82,63,113,69,56,52,36,18,37,56,4,229,4,43
"Seguridad","Despojo","2019_11",26,115,27,2,16,50,297,30,25,36,88,44,66,120,54,92,278,4,67,58,76,66,49,60,40,28,47,30,3,186,1,20
"Seguridad","Despojo","2019_12",17,88,22,1,8,41,286,14,29,39,81,24,51,131,68,74,263,0,69,46,73,62,52,36,27,29,24,22,5,159,4,24
"Seguridad","Despojo","2020_1",28,68,24,0,22,72,336,39,33,31,101,42,86,152,63,86,304,4,79,64,81,67,46,67,21,32,43,41,5,134,2,32
"Seguridad","Despojo","2020_2",26,85,24,1,19,62,322,36,40,39,116,29,92,145,65,89,312,3,99,69,89,77,66,70,31,26,39,47,10,243,1,45
"Seguridad","Despojo","2020_3",23,91,33,0,27,76,378,25,30,17,101,27,92,141,60,80,320,0,51,62,102,58,68,49,31,23,36,38,5,182,1,23
"Seguridad","Despojo","2020_4",19,53,10,0,6,52,210,16,22,10,51,16,40,82,43,43,331,1,33,26,78,45,14,12,4,11,10,21,0,99,0,7
"Seguridad","Despojo","2020_5",19,52,31,1,2,51,172,30,34,9,70,31,26,145,83,51,289,4,49,55,115,53,30,26,18,9,20,22,2,109,0,15
"Seguridad","Despojo","2020_6",25,104,39,0,7,69,245,26,33,18,89,38,16,213,89,80,385,1,111,64,142,71,45,64,25,9,34,42,1,152,0,31
"Seguridad","Despojo","2020_7",37,160,45,1,9,84,352,51,35,44,114,55,35,205,83,111,471,1,95,79,162,104,55,93,22,34,47,37,0,207,1,45
"Seguridad","Despojo","2020_8",32,137,31,1,9,91,376,34,31,39,108,48,83,158,91,124,470,1,113,84,114,86,55,51,39,28,54,58,0,214,2,35
"Seguridad","Despojo","2020_9",29,140,32,0,6,87,384,30,36,30,114,52,89,161,86,160,457,7,107,83,133,70,68,50,41,39,52,46,1,215,2,37
"Seguridad","Despojo","2020_10",26,162,38,0,13,89,445,53,31,24,140,40,106,177,90,119,406,4,113,81,138,90,41,56,49,45,45,47,2,234,0,25
"Seguridad","Despojo","2020_11",20,183,33,0,9,44,392,31,29,6,102,41,81,134,66,127,408,3,77,68,128,62,50,47,56,33,38,50,5,213,1,36
"Seguridad","Despojo","2020_12",31,120,21,0,10,61,333,30,33,18,127,46,32,146,79,86,406,7,95,64,113,78,73,50,53,35,43,36,4,176,2,31
"Seguridad","Despojo","2021_1",29,93,32,1,3,71,347,27,41,42,104,38,8,113,66,93,321,1,93,85,131,76,63,33,50,19,41,46,2,222,1,24
"Seguridad","Despojo","2021_2",22,106,30,0,21,68,346,34,37,42,127,48,12,134,88,108,421,5,105,82,126,86,61,45,51,29,72,39,1,211,1,43
"Seguridad","Despojo","2021_3",35,121,34,0,13,125,424,40,48,37,138,51,95,155,110,114,480,5,152,104,183,77,98,65,64,54,64,77,5,293,0,39
"Seguridad","Despojo","2021_4",26,141,41,0,13,78,382,44,39,34,130,49,116,166,85,96,425,2,117,108,179,91,87,69,36,37,56,57,1,275,2,34
"Seguridad","Despojo","2021_5",36,116,28,0,15,75,383,39,34,36,115,40,71,125,69,128,433,5,122,80,148,81,70,48,58,34,39,57,5,182,6,35
"Seguridad","Despojo","2021_6",57,132,26,0,14,67,371,41,47,42,121,41,73,141,79,127,418,3,123,89,167,87,76,62,48,36,53,53,3,205,4,34
"Seguridad","Despojo","2021_7",34,141,26,1,19,76,397,41,40,33,121,46,70,154,83,116,469,3,122,113,158,76,63,60,34,18,52,31,3,184,1,29
"Seguridad","Despojo","2021_8",42,137,33,0,13,89,381,39,31,25,96,36,88,138,95,126,400,5,129,83,159,63,67,66,44,23,59,46,4,204,2,31
"Seguridad","Despojo","2021_9",29,168,23,1,7,75,379,51,33,47,142,33,86,124,68,89,418,8,111,78,124,69,54,61,41,15,37,41,2,193,3,37
"Seguridad","Despojo","2021_10",40,125,35,0,10,79,349,49,35,40,125,38,77,155,65,91,434,9,119,88,162,71,56,56,49,24,62,55,9,193,2,27
"Seguridad","Despojo","2021_11",25,143,32,24,14,75,351,32,37,20,111,36,78,147,69,99,363,5,123,69,129,62,53,50,47,19,36,49,6,203,3,22
"Seguridad","Despojo","2021_12",17,130,17,22,9,82,327,31,43,22,92,39,65,122,59,56,339,7,90,60,156,73,65,42,46,20,31,38,2,216,5,23
"Seguridad","Despojo","2022_1",18,80,16,24,9,63,267,28,41,32,100,35,76,80,77,91,321,5,79,65,119,54,38,38,38,13,35,41,3,154,0,17
"Seguridad","Despojo","2022_2",38,93,20,24,15,89,338,32,37,34,132,39,85,112,75,89,341,3,100,79,139,70,71,32,50,19,28,40,4,210,1,27
"Seguridad","Despojo","2022_3",32,125,39,30,12,75,408,56,41,44,142,64,87,140,85,123,423,3,131,112,182,77,61,58,46,25,49,47,7,262,1,33
"Seguridad","Despojo","2022_4",31,106,23,36,15,87,323,40,34,28,124,51,93,145,51,94,385,9,118,89,139,73,53,51,49,11,44,64,2,217,4,21
"Seguridad","Despojo","2022_5",39,134,46,27,13,90,392,46,33,37,126,51,96,136,77,113,413,13,125,99,148,78,71,41,57,22,49,54,2,205,3,36
"Seguridad","Despojo","2022_6",42,129,38,22,11,70,358,53,22,38,155,69,72,141,81,138,453,9,108,75,154,85,65,47,55,19,45,40,2,213,2,38
"Seguridad","Despojo","2022_7",43,139,20,49,4,66,316,35,24,33,141,60,68,126,76,104,424,12,106,76,149,77,60,52,28,19,42,22,0,164,6,37
"Seguridad","Despojo","2022_8",31,173,26,34,17,73,358,38,44,33,125,53,101,119,68,123,433,17,136,65,157,93,63,42,42,9,53,53,0,199,0,44
"Seguridad","Despojo","2022_9",34,127,32,29,13,64,287,54,20,28,105,54,63,95,79,87,416,15,112,54,155,84,81,63,54,17,40,44,0,194,2,33
"Seguridad","Despojo","2022_10",47,122,25,29,21,69,325,44,27,51,113,44,73,112,84,102,448,12,123,73,115,87,60,34,50,29,37,50,1,177,5,36
"Seguridad","Despojo","2022_11",27,121,32,25,14,74,373,32,24,25,123,61,68,129,74,91,377,11,140,64,99,76,59,43,65,38,25,40,0,155,5,35
"Seguridad","Despojo","2022_12",20,91,15,18,12,53,294,26,23,22,97,34,41,107,52,73,318,7,82,44,89,67,57,38,43,23,32,33,0,161,4,26
"Seguridad","Despojo","2023_1",20,84,18,20,8,71,301,26,30,28,112,58,64,103,73,95,399,17,125,62,109,91,65,57,52,21,41,48,1,154,3,23
"Seguridad","Despojo","2023_2",34,92,29,34,12,64,322,31,27,32,114,54,92,112,68,108,385,11,128,80,85,80,71,52,47,19,37,73,0,156,3,28
"Seguridad","Despojo","2023_3",27,115,41,23,18,88,360,56,40,44,149,69,82,149,86,141,454,11,128,67,120,97,91,54,63,20,57,53,0,226,3,36
"Seguridad","Despojo","2023_4",36,145,35,24,9,53,330,30,22,28,122,45,68,117,66,90,384,8,89,67,104,66,59,59,45,18,30,37,0,213,2,28
"Seguridad","Despojo","2023_5",40,156,44,41,16,72,301,40,33,35,158,61,101,142,78,104,404,14,112,70,104,71,59,68,59,29,45,40,0,221,2,29
"Seguridad","Despojo","2023_6",28,125,47,45,15,74,357,43,22,28,121,68,70,131,82,86,456,14,99,85,122,94,63,61,42,29,33,46,0,213,2,39
"Seguridad","Despojo","2023_7",40,145,33,37,14,68,363,54,29,33,137,41,61,158,71,102,418,9,94,62,107,80,59,47,36,22,46,41,0,200,4,45
"Seguridad","Despojo","2023_8",38,147,46,51,21,70,317,40,42,33,134,50,63,136,83,109,437,17,115,84,129,85,57,41,44,25,51,52,0,181,4,18
"Seguridad","Despojo","2023_9",35,158,28,9,13,71,332,46,24,26,107,50,61,138,66,96,419,19,110,74,110,72,71,55,39,24,37,33,0,190,8,39
"Seguridad","Despojo","2023_10",28,160,29,13,18,66,350,40,18,26,103,33,72,144,66,82,447,14,114,70,104,73,68,55,49,31,61,49,1,173,6,28
"Seguridad","Despojo","2023_11",22,148,45,11,12,76,272,35,20,24,114,26,57,117,63,78,364,19,113,59,117,64,55,41,45,25,29,26,0,160,5,16
"Seguridad","Despojo","2023_12",26,107,18,11,7,61,274,34,18,21,87,26,47,89,48,66,319,2,91,57,113,69,49,37,28,17,29,32,0,114,8,19
"Seguridad","Despojo","2024_1",36,102,27,4,10,70,263,23,29,25,98,39,46,101,67,88,402,28,105,63,100,70,55,40,47,11,37,30,0,139,4,27
"Seguridad","Despojo","2024_2",45,121,22,12,11,73,337,37,30,31,137,39,61,115,76,79,402,18,126,66,114,66,62,41,39,25,34,51,0,200,3,32
"Seguridad","Despojo","2024_3",31,108,26,7,16,76,346,38,25,44,125,28,55,119,70,93,396,13,97,58,113,56,60,39,38,16,55,37,0,211,7,27
"Seguridad","Despojo","2024_4",44,140,37,12,20,88,307,34,24,28,124,51,61,94,58,95,443,18,133,67,110,73,74,56,54,21,38,55,0,252,3,35
"Seguridad","Despojo","2024_5",35,141,27,10,12,101,356,32,34,33,110,49,65,107,76,88,406,15,97,65,89,66,78,48,51,23,30,46,0,218,4,31
"Seguridad","Despojo","2024_6",26,92,37,7,6,90,317,33,30,14,117,41,43,105,93,66,400,15,83,58,89,67,56,36,50,25,38,41,0,178,2,27
"Seguridad","Despojo","2024_7",35,119,38,3,11,134,296,22,64,26,136,63,41,126,63,93,438,24,101,74,111,64,63,63,34,23,47,33,0,178,2,33
"Seguridad","Despojo","2024_8",35,121,38,4,11,92,287,36,34,27,118,38,73,100,62,80,435,17,104,74,114,62,71,57,45,21,56,29,1,134,2,32
"Seguridad","Despojo","2024_9",24,143,30,2,5,81,305,30,23,20,85,44,54,106,70,89,409,14,114,69,113,56,60,48,42,28,30,41,0,120,5,27
"Seguridad","Despojo","2024_10",21,107,35,0,15,88,288,35,22,26,139,31,96,111,71,82,471,12,99,72,118,67,84,48,45,35,40,51,1,117,4,31
"Seguridad","Despojo","2024_11",27,98,42,4,10,68,285,32,28,29,108,46,61,105,66,66,414,10,71,41,111,64,64,45,37,28,41,42,0,124,2,32
"Seguridad","Despojo","2024_12",28,91,27,1,7,58,256,29,17,17,93,31,40,93,62,77,320,6,105,39,83,55,49,34,25,30,37,24,0,95,1,21
"Seguridad","Despojo","2025_1",30,69,41,4,2,73,279,40,32,15,142,44,53,124,64,91,424,10,98,71,106,74,65,33,44,15,36,28,0,124,3,27
"Seguridad","Despojo","2025_2",42,91,29,1,12,99,287,28,28,11,145,43,65,110,63,96,437,15,125,71,110,54,68,42,55,22,35,38,5,134,6,41
"Seguridad","Despojo","2025_3",38,98,34,0,5,98,321,48,35,28,137,53,75,97,58,82,431,9,129,71,131,70,82,49,47,27,39,35,0,140,1,37
"Seguridad","Despojo","2025_4",24,119,36,3,10,95,329,48,33,16,139,42,65,97,73,98,502,12,102,52,141,77,76,53,54,24,37,45,1,157,3,31
"Seguridad","Despojo","2025_5",27,102,44,3,9,47,344,42,19,33,154,48,91,105,83,98,516,8,122,55,127,54,85,49,34,23,49,53,0,127,6,32
"Seguridad","Despojo","2025_6",39,125,41,3,10,62,341,44,23,17,172,31,107,79,83,95,506,5,123,39,169,57,76,51,45,31,47,52,0,121,13,22
"Seguridad","Despojo","2025_7",0,0,0,0,0,0,0,0,0,0,0,0,0,0,0,0,0,0,0,0,0,0,0,0,0,0,0,0,0,0,0,0
"Seguridad","Despojo","2025_8",0,0,0,0,0,0,0,0,0,0,0,0,0,0,0,0,0,0,0,0,0,0,0,0,0,0,0,0,0,0,0,0
"Seguridad","Despojo","2025_9",0,0,0,0,0,0,0,0,0,0,0,0,0,0,0,0,0,0,0,0,0,0,0,0,0,0,0,0,0,0,0,0
"Seguridad","Despojo","2025_10",0,0,0,0,0,0,0,0,0,0,0,0,0,0,0,0,0,0,0,0,0,0,0,0,0,0,0,0,0,0,0,0
"Seguridad","Despojo","2025_11",0,0,0,0,0,0,0,0,0,0,0,0,0,0,0,0,0,0,0,0,0,0,0,0,0,0,0,0,0,0,0,0
"Seguridad","Despojo","2025_12",0,0,0,0,0,0,0,0,0,0,0,0,0,0,0,0,0,0,0,0,0,0,0,0,0,0,0,0,0,0,0,0
"Seguridad","Electorales","2015_1",0,0,0,0,0,0,0,0,0,0,0,0,0,0,0,1,0,0,0,0,0,0,0,0,0,0,0,0,0,0,0,0
"Seguridad","Electorales","2015_2",0,1,0,0,0,0,0,0,0,0,0,0,0,0,1,1,0,0,0,0,0,0,0,0,0,0,0,0,0,0,0,0
"Seguridad","Electorales","2015_3",0,0,0,0,0,0,0,0,0,15,1,0,0,0,4,0,2,0,0,0,0,0,0,1,0,1,0,2,0,0,1,12
"Seguridad","Electorales","2015_4",0,0,0,1,1,0,2,0,0,0,4,0,0,3,9,1,2,0,1,0,0,0,0,4,0,0,0,0,0,0,1,0
"Seguridad","Electorales","2015_5",1,0,0,0,1,0,4,0,0,0,8,1,0,7,20,10,42,0,5,0,2,0,0,13,0,0,1,0,0,2,2,0
"Seguridad","Electorales","2015_6",0,1,0,3,8,1,12,0,0,0,35,9,0,29,38,27,114,0,45,0,5,1,0,21,0,0,1,0,0,5,5,0
"Seguridad","Electorales","2015_7",0,0,0,0,31,0,0,0,0,0,4,0,0,1,0,1,3,0,2,0,0,0,0,4,0,0,0,0,0,0,0,1
"Seguridad","Electorales","2015_8",0,0,0,0,3,0,0,0,0,0,0,0,0,2,1,1,7,0,0,0,0,0,0,1,0,0,0,0,0,0,0,0
"Seguridad","Electorales","2015_9",0,0,0,0,0,1,0,0,0,0,0,0,0,1,6,0,1,0,0,0,2,1,0,0,0,0,0,0,0,0,0,0
"Seguridad","Electorales","2015_10",0,0,0,0,0,0,0,0,0,0,1,0,0,2,0,1,6,0,0,0,0,0,0,0,0,0,0,0,0,0,0,0
"Seguridad","Electorales","2015_11",0,0,0,0,0,0,2,0,0,0,0,0,0,0,1,1,78,0,0,0,0,0,0,0,0,0,0,1,0,0,0,0
"Seguridad","Electorales","2015_12",0,0,0,0,2,1,0,0,0,0,1,0,0,0,1,0,11,0,0,0,0,3,0,0,0,0,0,0,0,0,0,1
"Seguridad","Electorales","2016_1",0,0,0,0,1,0,0,0,0,0,1,1,9,0,0,0,2,0,0,0,0,0,0,0,0,0,1,0,0,0,0,0
"Seguridad","Electorales","2016_2",0,0,0,0,0,1,0,0,1,0,0,0,0,0,0,1,19,0,0,0,0,0,0,0,0,0,0,0,0,0,0,0
"Seguridad","Electorales","2016_3",0,1,0,0,0,0,0,0,0,0,0,1,0,0,0,0,1,0,0,1,0,5,0,0,0,0,0,1,0,0,0,0
"Seguridad","Electorales","2016_4",0,2,0,0,1,0,0,0,0,0,0,1,0,0,1,0,10,0,0,0,0,1,0,0,0,0,0,4,0,0,0,2
"Seguridad","Electorales","2016_5",6,6,0,0,1,0,1,0,0,0,1,0,0,0,0,0,1,0,0,7,8,0,0,0,1,0,0,0,2,0,0,15
"Seguridad","Electorales","2016_6",6,14,0,0,0,9,0,0,0,0,0,0,0,0,0,2,5,0,0,21,3,0,1,0,2,0,0,26,3,0,0,10
"Seguridad","Electorales","2016_7",1,0,0,0,0,0,0,0,0,0,0,1,0,0,0,0,14,0,0,0,0,0,0,0,2,0,0,2,0,0,0,0
"Seguridad","Electorales","2016_8",1,0,0,0,0,0,0,0,0,0,0,0,0,0,0,1,9,0,0,0,0,0,0,0,0,0,0,0,0,0,0,0
"Seguridad","Electorales","2016_9",0,0,0,0,0,0,2,0,0,0,0,0,0,0,0,0,12,0,0,0,1,0,0,0,3,0,0,1,0,0,0,37
"Seguridad","Electorales","2016_10",1,3,0,0,1,0,1,0,0,0,0,0,0,0,0,0,12,0,0,0,0,1,0,0,5,0,0,0,0,0,0,3
"Seguridad","Electorales","2016_11",0,0,0,0,1,0,0,0,0,1,1,0,0,0,0,0,1,0,0,2,1,0,0,1,14,0,2,0,0,0,0,0
"Seguridad","Electorales","2016_12",0,0,0,0,0,3,104,0,0,0,0,0,0,0,0,0,0,0,0,0,0,0,0,0,0,1,0,0,0,0,0,7
"Seguridad","Electorales","2017_1",0,0,0,0,0,0,43,0,0,0,0,0,0,0,0,0,1,0,0,0,0,0,0,0,0,0,0,0,0,0,0,0
"Seguridad","Electorales","2017_2",0,0,0,0,0,2,1,0,0,0,1,0,0,0,0,0,0,0,0,0,0,0,0,0,6,0,3,0,0,0,0,1
"Seguridad","Electorales","2017_3",0,0,0,0,0,0,86,0,0,0,1,0,0,0,0,0,8,0,0,1,0,0,1,0,0,1,0,0,0,0,0,2
"Seguridad","Electorales","2017_4",0,0,0,0,0,0,180,0,0,0,0,0,0,0,0,0,17,0,0,4,0,0,0,0,0,0,1,0,0,0,0,0
"Seguridad","Electorales","2017_5",0,0,0,0,2,0,191,0,0,3,0,0,0,0,0,0,27,0,0,0,0,0,0,0,0,0,0,0,0,11,0,1
"Seguridad","Electorales","2017_6",2,0,0,0,0,0,102,0,0,1,0,1,0,0,0,0,63,0,0,0,0,0,0,0,0,0,2,0,0,36,0,0
"Seguridad","Electorales","2017_7",0,0,0,0,1,17,0,0,0,0,2,0,0,0,0,0,202,0,1,0,0,0,0,1,0,0,0,0,0,1,0,24
"Seguridad","Electorales","2017_8",0,0,0,0,0,0,5,0,0,0,0,0,0,0,0,1,29,0,0,0,0,0,0,0,0,0,0,0,0,0,0,1
"Seguridad","Electorales","2017_9",0,0,0,0,3,1,0,0,0,0,0,0,0,0,0,0,31,0,0,0,1,0,0,0,0,0,0,0,0,0,0,1
"Seguridad","Electorales","2017_10",0,0,0,0,0,0,4,0,0,0,2,0,0,0,0,1,19,0,0,0,0,1,0,0,0,0,0,0,0,0,0,0
"Seguridad","Electorales","2017_11",0,0,0,0,1,2,1,0,0,0,0,0,0,0,0,0,0,0,0,0,1,0,0,0,0,0,1,0,0,1,0,3
"Seguridad","Electorales","2017_12",0,0,0,0,0,0,8,0,1,0,0,0,0,0,0,0,178,0,0,0,1,1,0,1,0,0,0,0,0,0,0,0
"Seguridad","Electorales","2018_1",0,1,0,0,1,0,3,0,2,0,0,0,0,0,1,0,80,0,0,0,0,1,0,0,0,0,0,0,0,0,0,3
"Seguridad","Electorales","2018_2",0,0,0,0,3,0,9,0,4,3,0,0,0,2,1,2,5,0,0,3,0,0,1,1,0,0,5,3,0,0,0,0
"Seguridad","Electorales","2018_3",0,0,0,0,2,1,4,0,0,0,0,0,1,0,1,1,33,0,1,0,1,1,0,4,0,0,2,0,0,0,0,3
"Seguridad","Electorales","2018_4",5,0,1,0,1,0,1,0,0,0,1,0,1,3,1,1,18,0,1,0,0,1,0,2,0,0,3,3,0,2,0,3
"Seguridad","Electorales","2018_5",0,0,0,2,3,2,4,0,0,0,9,0,5,3,10,1,24,0,15,4,5,3,0,19,0,1,12,13,0,2,0,9
"Seguridad","Electorales","2018_6",1,2,3,0,13,5,38,2,0,0,24,0,22,26,54,9,264,0,63,46,26,26,5,26,0,0,12,26,0,2,0,17
"Seguridad","Electorales","2018_7",22,2,1,0,37,5,38,1,0,0,18,0,6,54,20,9,228,0,104,75,68,12,0,8,0,0,4,7,1,3,0,11
"Seguridad","Electorales","2018_8",0,0,0,0,6,5,10,0,0,0,1,0,1,4,0,0,29,0,12,4,38,2,0,1,0,0,3,7,0,1,0,4
"Seguridad","Electorales","2018_9",0,0,1,0,9,2,3,0,0,0,1,0,1,2,2,0,6,0,3,3,54,2,0,1,0,0,1,2,0,0,0,2
"Seguridad","Electorales","2018_10",0,0,0,0,0,9,3,0,0,0,3,0,1,1,0,0,4,0,3,5,63,1,0,0,0,0,3,5,0,0,0,1
"Seguridad","Electorales","2018_11",0,0,0,0,2,3,3,0,0,0,0,0,0,0,3,0,14,1,8,9,38,0,0,0,0,0,0,0,0,0,0,1
"Seguridad","Electorales","2018_12",0,0,0,0,1,1,2,0,0,0,0,0,1,3,0,2,3,0,44,11,9,0,0,0,0,0,0,2,0,0,0,0
"Seguridad","Electorales","2019_1",0,0,0,0,1,0,5,0,0,0,0,0,1,0,0,0,4,0,4,5,23,0,0,0,0,0,2,0,0,5,0,0
"Seguridad","Electorales","2019_2",1,0,0,0,2,0,7,0,0,9,1,0,0,2,0,0,5,0,1,2,11,0,0,2,1,0,0,2,0,1,0,1
"Seguridad","Electorales","2019_3",2,0,0,0,1,1,0,0,0,0,0,0,0,0,0,2,7,0,0,13,6,0,1,0,0,0,0,1,0,10,0,0
"Seguridad","Electorales","2019_4",2,1,0,0,0,0,2,0,0,2,0,0,0,0,0,0,4,0,0,3,1,0,2,1,1,0,0,11,0,2,0,0
"Seguridad","Electorales","2019_5",5,12,0,0,0,1,1,0,0,13,0,0,1,1,0,0,1,0,2,4,10,0,6,0,1,0,0,33,0,4,0,0
"Seguridad","Electorales","2019_6",2,23,0,0,1,0,0,0,0,0,0,0,1,0,0,0,0,0,0,1,11,0,49,0,2,0,0,30,0,1,0,1
"Seguridad","Electorales","2019_7",2,0,0,0,2,0,1,0,0,5,0,1,0,1,0,0,7,0,0,2,3,0,0,0,0,0,0,0,0,2,0,0
"Seguridad","Electorales","2019_8",0,0,0,0,0,1,2,2,0,0,0,0,0,1,1,0,2,0,1,2,1,0,0,0,0,0,0,5,0,0,0,0
"Seguridad","Electorales","2019_9",0,0,0,0,0,0,1,5,0,0,0,0,0,0,0,0,1,0,1,7,0,0,0,0,0,0,1,6,0,4,0,0
"Seguridad","Electorales","2019_10",1,3,0,0,0,0,2,0,0,0,0,0,4,11,0,0,1,0,1,13,6,0,0,0,1,0,0,0,0,1,0,0
"Seguridad","Electorales","2019_11",0,0,0,0,0,1,0,0,0,3,0,0,1,0,0,2,0,0,130,9,1,0,0,0,0,0,0,0,0,0,0,1
"Seguridad","Electorales","2019_12",0,0,0,0,0,0,0,0,1,0,1,0,0,0,0,1,1,0,0,11,0,0,6,0,0,0,0,0,0,1,0,2
"Seguridad","Electorales","2020_1",0,0,0,0,1,0,1,0,0,0,0,0,1,0,0,0,1,0,1,4,0,3,12,0,1,0,0,0,0,1,0,0
"Seguridad","Electorales","2020_2",0,0,0,0,0,0,0,0,0,0,0,0,0,1,0,1,1,0,1,3,1,0,1,0,0,0,1,0,0,2,0,1
"Seguridad","Electorales","2020_3",0,0,0,0,0,0,3,0,1,0,0,0,7,0,0,0,0,0,0,5,1,3,1,1,0,0,0,0,0,2,0,0
"Seguridad","Electorales","2020_4",0,0,0,0,0,0,0,0,0,0,0,0,3,0,0,0,0,0,0,1,0,0,0,0,0,0,0,0,0,0,0,0
"Seguridad","Electorales","2020_5",0,0,0,0,0,0,0,0,0,0,0,0,0,0,0,0,0,0,2,4,0,0,0,0,2,0,0,0,0,0,0,0
"Seguridad","Electorales","2020_6",0,0,0,0,0,0,0,0,0,0,0,0,1,1,1,0,0,0,1,3,2,3,0,0,0,0,0,0,0,0,0,2
"Seguridad","Electorales","2020_7",0,0,0,0,0,0,0,1,1,0,0,2,2,1,0,0,0,0,4,2,2,3,0,0,0,0,0,0,0,0,0,0
"Seguridad","Electorales","2020_8",0,0,0,0,0,0,0,0,0,0,0,0,1,0,0,0,0,0,3,6,1,2,0,0,0,0,0,0,0,0,0,0
"Seguridad","Electorales","2020_9",0,0,0,0,0,0,2,0,0,0,0,0,33,0,0,0,2,0,0,13,0,0,0,0,0,0,0,0,0,5,0,0
"Seguridad","Electorales","2020_10",0,0,0,0,0,0,1,0,1,0,0,1,212,3,0,0,2,0,2,6,3,0,0,0,0,0,0,1,0,1,0,0
"Seguridad","Electorales","2020_11",6,0,0,0,2,0,6,0,0,0,0,0,41,1,0,0,0,1,3,7,5,2,0,0,0,0,0,0,0,1,0,3
"Seguridad","Electorales","2020_12",0,1,0,0,1,0,0,0,0,0,3,0,6,1,0,0,1,0,6,7,2,0,1,4,3,0,1,0,0,1,0,0
"Seguridad","Electorales","2021_1",2,1,0,0,2,0,2,0,0,0,0,0,3,0,0,1,0,0,4,11,4,2,0,0,4,0,2,3,0,1,0,12
"Seguridad","Electorales","2021_2",1,6,0,0,2,0,12,0,0,0,1,0,3,0,2,1,6,0,11,13,2,2,0,0,0,0,1,6,0,2,0,4
"Seguridad","Electorales","2021_3",1,0,0,0,1,2,14,2,4,2,0,3,3,0,9,0,14,0,12,17,13,2,1,5,0,0,4,7,0,6,0,6
"Seguridad","Electorales","2021_4",2,0,2,0,1,5,52,4,7,1,6,6,5,2,4,0,23,0,84,20,6,5,6,21,8,0,7,16,0,1,0,14
"Seguridad","Electorales","2021_5",15,13,7,0,6,14,115,9,5,4,5,0,26,0,19,0,84,0,111,71,35,18,15,4,3,0,13,39,0,50,1,31
"Seguridad","Electorales","2021_6",41,32,1,2,10,36,287,66,9,0,26,3,21,3,61,5,155,2,193,112,71,26,35,0,27,1,25,110,0,248,0,54
"Seguridad","Electorales","2021_7",2,0,0,0,0,6,31,6,0,0,0,0,2,0,1,1,6,0,89,17,4,2,7,0,0,0,2,10,0,30,1,12
"Seguridad","Electorales","2021_8",0,0,0,0,3,0,5,0,2,0,2,0,1,1,2,0,6,0,17,9,3,2,0,0,0,0,1,7,0,15,0,8
"Seguridad","Electorales","2021_9",0,0,0,0,1,1,5,0,0,0,2,0,4,0,1,0,3,0,9,8,2,1,1,0,0,0,0,3,0,8,1,5
"Seguridad","Electorales","2021_10",1,1,0,0,0,0,1,0,1,0,0,1,1,0,3,0,0,0,9,5,0,0,1,1,0,0,0,3,0,4,0,12
"Seguridad","Electorales","2021_11",2,1,0,2,1,0,5,0,1,0,1,0,1,0,1,0,1,0,10,5,5,0,3,0,0,0,0,4,0,1,0,8
"Seguridad","Electorales","2021_12",0,1,0,0,1,0,4,1,0,0,0,0,3,0,0,0,1,0,0,17,5,0,0,0,0,0,0,0,0,0,0,8
"Seguridad","Electorales","2022_1",4,0,0,0,0,0,7,0,0,0,0,0,5,0,1,0,0,0,1,8,6,0,0,0,0,0,0,2,0,1,0,1
"Seguridad","Electorales","2022_2",0,0,0,0,0,0,4,1,0,0,0,0,5,0,2,0,1,0,1,13,4,0,0,1,0,0,0,1,0,0,0,0
"Seguridad","Electorales","2022_3",0,0,4,0,3,6,3,0,0,0,0,0,7,0,0,0,3,0,4,20,4,0,0,1,0,0,0,7,0,7,3,3
"Seguridad","Electorales","2022_4",10,3,0,1,0,2,7,1,0,4,0,0,11,0,0,0,4,0,1,2,3,0,3,0,0,0,0,4,0,3,0,0
"Seguridad","Electorales","2022_5",10,0,0,0,1,2,16,4,0,4,1,1,30,0,2,0,2,0,1,7,1,0,12,0,0,0,1,12,0,1,0,1
"Seguridad","Electorales","2022_6",17,2,0,0,5,1,2,27,0,2,0,0,55,0,1,0,0,0,1,24,4,0,8,0,0,0,0,51,0,1,0,0
"Seguridad","Electorales","2022_7",4,0,0,1,2,2,3,2,2,0,1,1,8,0,1,0,2,1,0,9,3,0,41,0,0,0,0,122,0,0,0,0
"Seguridad","Electorales","2022_8",4,0,0,0,1,0,10,1,1,0,0,0,7,0,0,0,2,0,1,12,1,0,0,1,1,1,0,54,0,1,0,0
"Seguridad","Electorales","2022_9",0,1,0,0,0,2,0,0,0,0,1,0,0,0,1,0,1,0,2,10,1,0,0,0,0,0,0,5,0,0,1,1
"Seguridad","Electorales","2022_10",1,3,1,0,2,0,3,0,0,0,0,0,1,0,0,0,1,0,0,24,3,0,2,1,0,0,1,0,0,0,0,0
"Seguridad","Electorales","2022_11",1,2,0,0,2,1,2,0,0,0,0,0,0,0,0,0,0,0,4,14,1,0,0,17,0,0,0,0,0,1,1,3
"Seguridad","Electorales","2022_12",0,0,0,0,1,0,1,0,0,0,0,0,2,0,0,0,0,1,3,8,0,0,0,0,0,0,0,0,0,0,0,0
"Seguridad","Electorales","2023_1",0,1,0,0,2,0,1,0,0,0,0,1,2,0,0,0,0,0,0,12,0,0,0,0,0,0,0,0,0,1,0,0
"Seguridad","Electorales","2023_2",0,0,0,1,1,2,3,3,0,0,0,2,4,0,0,0,3,0,0,7,2,0,0,0,0,0,4,0,0,0,0,0
"Seguridad","Electorales","2023_3",0,1,1,0,1,2,2,0,0,0,0,1,3,0,0,0,3,0,5,7,2,0,0,0,0,0,1,1,0,0,1,0
"Seguridad","Electorales","2023_4",0,0,1,0,0,0,2,0,0,0,0,0,1,0,0,0,22,0,4,6,0,0,0,0,0,0,0,0,0,0,0,2
"Seguridad","Electorales","2023_5",0,0,0,0,2,0,65,5,0,0,0,1,3,0,0,0,67,0,2,7,1,1,1,0,0,0,0,0,0,0,0,0
"Seguridad","Electorales","2023_6",0,1,0,0,3,0,21,29,0,0,1,0,3,0,0,0,183,1,0,6,2,0,0,1,0,0,0,0,0,0,0,1
"Seguridad","Electorales","2023_7",0,2,0,0,1,1,52,9,0,0,0,0,2,0,0,0,5,0,1,4,1,0,0,1,0,0,0,0,0,0,0,1
"Seguridad","Electorales","2023_8",0,1,0,0,1,0,6,1,0,0,1,0,4,0,0,0,0,0,3,8,1,0,1,0,0,0,1,0,0,0,0,1
"Seguridad","Electorales","2023_9",1,2,0,1,1,0,19,1,0,0,0,0,3,0,0,0,9,0,2,16,1,0,0,0,0,0,0,0,0,0,0,0
"Seguridad","Electorales","2023_10",0,1,0,0,0,2,7,1,0,0,0,0,0,0,0,0,0,1,3,5,1,0,0,2,0,0,3,0,1,0,0,0
"Seguridad","Electorales","2023_11",0,2,0,0,2,1,5,0,0,0,0,1,5,0,0,0,9,0,2,4,2,0,0,2,1,0,0,7,0,1,0,0
"Seguridad","Electorales","2023_12",0,1,2,0,0,2,6,6,1,0,0,0,7,0,0,0,1,0,1,9,0,0,2,2,1,0,0,2,0,1,0,0
"Seguridad","Electorales","2024_1",0,3,1,0,2,1,41,0,0,0,0,2,9,0,0,0,5,0,0,6,1,0,0,2,0,0,1,0,0,1,0,0
"Seguridad","Electorales","2024_2",0,1,0,0,2,1,58,1,1,0,1,1,11,0,0,0,16,0,4,11,2,0,2,2,0,0,4,0,0,1,0,1
"Seguridad","Electorales","2024_3",3,10,0,0,0,2,101,1,0,0,2,1,15,0,0,0,10,0,3,5,2,0,1,1,0,0,0,3,0,2,0,0
"Seguridad","Electorales","2024_4",8,2,0,0,2,4,121,22,3,0,6,5,17,0,8,3,24,0,15,13,8,2,2,5,1,0,1,0,0,4,5,10
"Seguridad","Electorales","2024_5",38,16,2,0,2,17,243,38,11,0,18,13,82,0,34,0,120,0,30,49,11,5,8,15,5,0,10,10,6,3,6,31
"Seguridad","Electorales","2024_6",26,23,9,6,2,24,470,19,11,5,23,14,53,8,32,1,202,1,18,46,27,9,8,22,2,1,21,12,4,25,0,22
"Seguridad","Electorales","2024_7",0,6,0,0,1,0,15,12,1,0,0,3,4,0,0,0,22,2,4,3,2,0,1,5,0,0,2,0,0,1,0,0
"Seguridad","Electorales","2024_8",1,2,0,0,0,0,7,7,2,0,0,3,1,0,0,0,4,0,41,7,1,0,1,1,0,0,1,0,0,0,0,0
"Seguridad","Electorales","2024_9",2,2,0,3,1,2,6,1,0,0,0,2,3,0,1,0,2,0,10,3,1,0,1,0,1,0,0,0,0,0,0,0
"Seguridad","Electorales","2024_10",1,2,0,0,0,3,4,5,0,0,0,14,0,0,0,0,3,0,3,9,0,0,3,1,0,1,1,0,0,0,0,0
"Seguridad","Electorales","2024_11",1,0,1,0,0,2,4,0,0,0,0,4,2,0,0,0,6,0,0,6,1,0,0,1,0,0,3,0,0,0,0,0
"Seguridad","Electorales","2024_12",1,2,1,0,1,2,2,1,0,0,0,25,1,0,1,0,5,0,1,11,2,0,5,3,1,0,0,0,0,0,0,0
"Seguridad","Electorales","2025_1",0,0,6,0,5,2,5,1,0,0,0,3,0,0,3,0,2,0,1,13,10,0,0,6,0,0,2,0,0,0,0,8
"Seguridad","Electorales","2025_2",2,2,0,0,6,16,2,1,0,0,1,5,0,0,1,1,1,0,2,6,1,0,0,2,0,0,0,0,0,0,0,3
"Seguridad","Electorales","2025_3",0,3,0,0,2,1,1,0,0,0,0,2,5,0,1,0,2,0,9,11,4,0,2,1,0,0,0,0,0,1,0,1
"Seguridad","Electorales","2025_4",0,0,0,0,2,2,4,1,0,0,0,1,82,0,2,0,1,0,0,3,0,0,0,0,0,0,0,0,0,1,0,0
"Seguridad","Electorales","2025_5",0,1,0,0,3,6,13,0,2,3,0,4,1,0,0,0,7,0,1,9,2,0,2,1,0,0,0,1,0,26,0,2
"Seguridad","Electorales","2025_6",4,0,1,0,1,2,45,11,1,3,1,7,2,0,8,0,13,0,0,27,4,0,1,11,4,0,2,0,0,37,0,2
"Seguridad","Electorales","2025_7",0,0,0,0,0,0,0,0,0,0,0,0,0,0,0,0,0,0,0,0,0,0,0,0,0,0,0,0,0,0,0,0
"Seguridad","Electorales","2025_8",0,0,0,0,0,0,0,0,0,0,0,0,0,0,0,0,0,0,0,0,0,0,0,0,0,0,0,0,0,0,0,0
"Seguridad","Electorales","2025_9",0,0,0,0,0,0,0,0,0,0,0,0,0,0,0,0,0,0,0,0,0,0,0,0,0,0,0,0,0,0,0,0
"Seguridad","Electorales","2025_10",0,0,0,0,0,0,0,0,0,0,0,0,0,0,0,0,0,0,0,0,0,0,0,0,0,0,0,0,0,0,0,0
"Seguridad","Electorales","2025_11",0,0,0,0,0,0,0,0,0,0,0,0,0,0,0,0,0,0,0,0,0,0,0,0,0,0,0,0,0,0,0,0
"Seguridad","Electorales","2025_12",0,0,0,0,0,0,0,0,0,0,0,0,0,0,0,0,0,0,0,0,0,0,0,0,0,0,0,0,0,0,0,0
"Seguridad","Evasión de presos","2015_1",0,2,0,0,0,0,1,0,0,0,0,0,0,0,0,0,2,0,1,0,2,0,0,0,0,0,0,1,0,0,0,0
"Seguridad","Evasión de presos","2015_2",0,1,1,0,0,0,0,0,0,0,0,0,0,0,0,0,1,0,1,0,2,0,0,0,1,0,0,0,0,0,0,0
"Seguridad","Evasión de presos","2015_3",0,2,0,0,0,0,1,0,0,0,0,0,0,0,0,0,0,0,2,0,1,0,0,0,0,0,1,2,1,0,0,0
"Seguridad","Evasión de presos","2015_4",0,0,0,0,0,0,2,0,0,0,0,0,0,0,0,1,0,0,0,0,1,0,0,0,0,0,0,1,0,1,0,0
"Seguridad","Evasión de presos","2015_5",0,0,0,0,0,0,1,0,0,0,0,0,0,1,2,2,2,0,1,0,0,0,0,0,1,1,1,1,0,0,0,0
"Seguridad","Evasión de presos","2015_6",0,0,0,0,0,0,2,0,0,0,0,0,0,0,0,0,1,0,0,0,0,0,0,0,0,0,1,1,0,0,0,0
"Seguridad","Evasión de presos","2015_7",0,1,0,0,0,0,3,0,0,1,0,0,0,1,0,0,0,0,1,0,2,0,2,1,0,0,0,0,1,0,0,0
"Seguridad","Evasión de presos","2015_8",0,0,0,0,0,1,4,0,0,0,0,0,0,0,0,0,1,0,1,0,1,0,1,0,0,0,0,2,0,0,0,0
"Seguridad","Evasión de presos","2015_9",0,1,0,0,0,1,2,0,0,0,0,0,0,1,0,1,1,0,4,0,1,0,1,0,1,0,0,0,0,1,0,0
"Seguridad","Evasión de presos","2015_10",0,0,0,0,2,0,3,1,0,0,1,0,0,2,0,0,0,0,0,0,0,0,0,0,0,0,0,1,0,0,0,0
"Seguridad","Evasión de presos","2015_11",0,0,0,0,1,0,3,0,0,0,1,0,0,1,0,0,0,0,1,0,1,0,1,0,0,0,1,0,0,0,0,0
"Seguridad","Evasión de presos","2015_12",0,0,1,0,0,0,1,0,0,0,1,0,0,1,0,0,1,0,0,0,2,1,1,0,0,0,1,0,0,0,0,0
"Seguridad","Evasión de presos","2016_1",0,0,0,0,0,1,1,0,0,0,1,2,0,0,1,0,1,0,2,0,1,0,0,0,0,1,0,1,0,0,0,0
"Seguridad","Evasión de presos","2016_2",0,0,0,0,1,0,1,0,0,0,1,0,1,1,0,0,1,0,2,0,2,0,0,0,1,0,0,0,0,0,0,0
"Seguridad","Evasión de presos","2016_3",0,1,0,0,3,0,1,0,0,0,1,0,0,1,0,2,2,0,1,0,0,0,0,0,0,1,1,1,0,1,0,0
"Seguridad","Evasión de presos","2016_4",0,0,0,0,0,0,0,0,0,0,0,1,0,1,0,0,2,0,1,0,0,0,0,0,1,0,1,5,0,0,0,0
"Seguridad","Evasión de presos","2016_5",0,1,0,0,0,0,2,0,0,0,0,1,0,0,0,1,1,0,1,1,1,0,10,0,0,2,0,1,0,1,0,0
"Seguridad","Evasión de presos","2016_6",0,0,0,1,0,1,2,0,0,0,1,0,0,1,1,0,3,0,1,0,0,0,1,1,0,0,1,0,0,0,0,1
"Seguridad","Evasión de presos","2016_7",0,0,0,0,0,1,4,0,0,0,0,0,0,0,1,0,0,0,1,0,1,0,2,0,0,0,0,0,0,0,0,0
"Seguridad","Evasión de presos","2016_8",0,0,0,0,1,0,1,0,0,4,0,0,0,1,0,1,0,0,0,0,1,0,0,0,0,0,0,1,0,0,0,0
"Seguridad","Evasión de presos","2016_9",0,0,0,0,0,0,0,0,0,0,2,1,0,1,2,0,1,0,3,0,0,0,0,0,0,0,1,1,0,1,0,0
"Seguridad","Evasión de presos","2016_10",0,1,0,0,0,0,1,0,0,0,1,1,0,3,1,1,2,1,1,0,0,0,2,0,0,0,0,1,0,0,0,0
"Seguridad","Evasión de presos","2016_11",0,1,1,0,0,1,0,0,0,0,0,1,0,0,0,1,0,1,0,0,1,0,0,0,0,0,1,0,0,0,0,0
"Seguridad","Evasión de presos","2016_12",0,1,0,0,0,0,1,0,0,1,0,0,0,0,0,0,1,1,0,0,0,0,0,0,1,0,1,0,0,0,0,0
"Seguridad","Evasión de presos","2017_1",0,1,0,0,1,1,0,0,0,0,0,0,0,0,0,2,3,1,0,0,1,0,0,2,0,1,1,1,0,1,0,0
"Seguridad","Evasión de presos","2017_2",0,0,0,0,0,0,0,0,0,0,1,0,0,0,0,1,0,0,1,1,0,0,0,0,0,0,1,0,0,0,0,0
"Seguridad","Evasión de presos","2017_3",0,0,0,0,0,0,0,0,1,0,0,0,0,0,0,0,0,0,2,0,0,0,0,0,0,0,0,2,0,0,0,0
"Seguridad","Evasión de presos","2017_4",0,0,0,0,0,0,1,0,0,0,1,0,0,0,0,1,1,1,2,0,0,0,0,0,1,0,0,1,0,1,0,0
"Seguridad","Evasión de presos","2017_5",0,1,0,0,1,1,0,0,0,0,0,0,0,0,0,0,1,0,2,1,0,0,0,0,0,0,1,2,0,0,0,0
"Seguridad","Evasión de presos","2017_6",0,0,0,0,0,1,0,0,0,0,0,0,0,0,0,0,1,0,1,0,0,0,0,0,0,0,0,1,0,0,0,0
"Seguridad","Evasión de presos","2017_7",0,0,0,0,0,0,1,0,0,0,0,0,0,0,0,0,1,0,0,0,0,0,0,1,0,0,0,3,0,0,0,1
"Seguridad","Evasión de presos","2017_8",0,0,0,0,1,0,2,0,0,0,1,0,0,0,0,2,0,0,1,1,0,0,0,0,0,0,0,2,0,0,0,0
"Seguridad","Evasión de presos","2017_9",0,0,2,0,0,1,1,0,0,0,3,0,0,0,0,0,0,0,1,0,0,0,0,0,1,0,0,0,0,0,0,0
"Seguridad","Evasión de presos","2017_10",0,0,0,0,0,0,0,0,0,0,1,0,0,0,0,0,2,0,0,0,1,0,1,1,0,0,0,1,0,0,0,0
"Seguridad","Evasión de presos","2017_11",0,3,0,0,0,0,2,0,0,0,0,0,1,0,0,1,1,0,0,0,2,0,1,0,0,0,0,0,0,0,0,0
"Seguridad","Evasión de presos","2017_12",0,0,0,0,0,1,0,0,1,0,0,0,2,0,0,0,1,0,3,0,0,0,0,0,0,0,0,0,0,1,0,1
"Seguridad","Evasión de presos","2018_1",0,2,0,0,1,1,2,0,0,0,0,0,0,1,0,0,4,0,0,0,0,0,0,0,0,0,1,0,0,0,0,0
"Seguridad","Evasión de presos","2018_2",0,1,0,0,0,1,3,0,0,1,1,0,0,1,0,0,4,0,0,0,0,0,0,0,0,0,0,1,0,0,0,0
"Seguridad","Evasión de presos","2018_3",0,1,0,0,1,0,0,0,0,0,1,0,0,1,0,0,0,0,2,0,0,1,0,0,0,0,0,0,0,0,0,0
"Seguridad","Evasión de presos","2018_4",1,1,1,0,0,0,0,0,0,0,0,0,1,0,0,0,1,0,0,1,0,0,0,0,1,0,0,0,0,0,0,0
"Seguridad","Evasión de presos","2018_5",0,1,0,0,0,0,0,0,0,0,2,0,0,0,0,0,1,0,4,0,0,0,0,0,0,0,1,0,0,0,0,0
"Seguridad","Evasión de presos","2018_6",0,2,0,0,1,0,3,0,0,0,1,0,0,2,0,0,0,0,0,0,0,1,0,0,0,0,1,0,0,0,0,0
"Seguridad","Evasión de presos","2018_7",0,0,0,0,0,3,1,0,0,0,1,0,1,0,0,0,1,0,0,0,0,0,0,0,0,0,0,0,1,0,0,1
"Seguridad","Evasión de presos","2018_8",0,1,0,0,2,0,0,0,0,0,1,0,0,0,0,0,2,0,0,0,3,0,0,0,0,0,0,0,0,1,0,1
"Seguridad","Evasión de presos","2018_9",0,0,0,0,1,5,1,1,0,0,0,1,0,3,0,0,0,0,0,0,0,0,0,0,0,0,1,1,0,0,0,0
"Seguridad","Evasión de presos","2018_10",0,0,0,0,0,6,5,0,0,0,0,0,0,3,0,0,2,0,0,1,0,0,1,0,0,0,1,0,0,0,0,0
"Seguridad","Evasión de presos","2018_11",0,0,0,0,0,1,2,0,0,0,0,0,0,0,0,1,1,0,1,0,0,0,0,0,0,0,0,0,1,0,0,0
"Seguridad","Evasión de presos","2018_12",0,0,1,0,0,0,3,0,0,0,0,0,0,0,0,0,2,0,1,1,0,0,2,0,0,0,0,0,0,0,0,0
"Seguridad","Evasión de presos","2019_1",0,2,0,0,0,0,0,0,0,0,1,0,1,0,0,0,0,0,0,0,0,0,0,0,0,0,1,0,0,0,0,0
"Seguridad","Evasión de presos","2019_2",0,1,0,0,0,0,3,0,0,0,1,0,0,0,0,0,1,0,0,0,2,0,0,0,0,0,0,0,0,0,1,0
"Seguridad","Evasión de presos","2019_3",0,1,0,0,1,16,1,0,0,0,0,0,1,0,0,2,0,0,1,1,1,0,1,0,0,0,0,0,0,0,0,0
"Seguridad","Evasión de presos","2019_4",0,0,0,0,0,1,1,0,0,0,2,0,0,0,0,0,0,0,3,0,0,0,0,0,0,0,0,1,0,0,0,0
"Seguridad","Evasión de presos","2019_5",1,0,0,0,0,0,1,0,0,0,0,0,0,0,0,0,2,0,0,0,0,0,0,1,0,0,0,0,0,0,0,0
"Seguridad","Evasión de presos","2019_6",0,0,0,0,0,0,0,0,0,0,0,1,0,0,0,0,1,0,1,0,1,1,1,0,0,0,1,0,0,0,0,0
"Seguridad","Evasión de presos","2019_7",0,0,0,0,0,0,1,1,0,0,0,0,0,0,0,0,1,0,1,1,0,0,0,0,0,0,0,0,0,1,0,0
"Seguridad","Evasión de presos","2019_8",0,1,0,0,0,2,1,1,0,0,0,0,0,0,0,0,3,0,0,0,0,0,0,0,0,0,1,0,0,0,0,0
"Seguridad","Evasión de presos","2019_9",0,0,0,0,0,1,0,0,0,0,0,0,1,0,0,0,3,0,4,0,2,1,0,0,0,0,2,0,0,0,0,0
"Seguridad","Evasión de presos","2019_10",0,0,0,0,0,0,2,0,0,0,0,0,1,0,0,0,1,0,0,0,1,0,0,3,0,0,0,0,0,0,0,0
"Seguridad","Evasión de presos","2019_11",1,1,2,0,0,1,2,0,0,0,2,0,1,0,0,0,2,0,1,0,0,1,0,0,0,2,0,0,0,0,0,0
"Seguridad","Evasión de presos","2019_12",0,0,0,0,0,3,3,0,0,0,1,0,0,0,0,0,2,0,3,0,0,0,1,0,0,0,1,0,0,0,0,0
"Seguridad","Evasión de presos","2020_1",0,0,0,0,0,0,3,0,0,0,0,0,1,0,0,0,1,0,0,0,1,0,1,1,0,0,0,0,0,0,0,0
"Seguridad","Evasión de presos","2020_2",0,1,0,0,0,0,4,0,0,0,1,0,0,0,0,0,1,0,0,1,0,0,0,1,0,0,0,0,0,0,0,1
"Seguridad","Evasión de presos","2020_3",0,0,0,0,0,6,3,0,0,0,0,0,0,0,0,0,0,0,0,0,1,0,0,0,1,0,0,0,0,1,0,0
"Seguridad","Evasión de presos","2020_4",0,0,0,0,0,0,1,0,0,0,0,0,0,0,0,1,1,0,0,0,0,0,0,1,0,0,0,0,0,0,0,1
"Seguridad","Evasión de presos","2020_5",0,1,0,0,0,0,0,0,0,0,0,0,0,0,0,0,2,0,0,0,0,0,0,0,0,0,1,0,0,0,0,3
"Seguridad","Evasión de presos","2020_6",0,0,0,0,0,0,1,1,0,0,0,0,0,0,0,0,0,0,1,0,0,0,1,0,0,0,0,0,0,0,0,1
"Seguridad","Evasión de presos","2020_7",0,0,0,0,0,2,0,1,0,0,0,0,0,0,0,0,2,1,0,0,0,0,0,0,0,0,1,0,2,0,0,0
"Seguridad","Evasión de presos","2020_8",0,2,0,0,1,0,1,0,0,0,0,0,1,0,0,0,6,0,0,0,0,0,0,0,0,0,1,0,0,0,0,0
"Seguridad","Evasión de presos","2020_9",0,1,1,0,0,0,0,0,0,0,1,0,1,0,0,0,1,0,1,0,0,0,0,0,0,0,0,0,0,0,0,0
"Seguridad","Evasión de presos","2020_10",0,2,1,0,0,0,0,0,0,0,0,0,2,2,0,0,3,0,0,1,0,0,0,1,0,0,1,0,0,0,0,0
"Seguridad","Evasión de presos","2020_11",0,0,1,0,0,1,1,0,0,0,2,0,0,0,0,0,1,0,1,0,0,0,0,0,0,0,0,0,0,0,0,0
"Seguridad","Evasión de presos","2020_12",0,1,0,0,0,0,1,0,0,0,1,0,0,0,0,0,3,0,0,0,1,0,0,0,0,0,0,0,0,0,0,0
"Seguridad","Evasión de presos","2021_1",0,0,0,0,0,0,2,0,0,0,0,0,0,1,0,0,0,0,2,0,0,0,0,0,0,0,0,0,0,0,0,0
"Seguridad","Evasión de presos","2021_2",0,1,0,0,0,0,0,0,0,0,0,0,0,0,0,0,1,0,1,1,2,1,0,0,0,0,0,1,0,0,0,1
"Seguridad","Evasión de presos","2021_3",0,0,0,0,0,0,0,0,0,0,2,0,0,0,0,0,0,0,0,0,0,0,0,0,1,0,0,0,0,0,0,0
"Seguridad","Evasión de presos","2021_4",0,0,0,0,2,0,3,0,0,0,0,0,2,0,0,1,3,0,1,0,0,0,0,0,0,0,1,0,0,0,0,0
"Seguridad","Evasión de presos","2021_5",0,0,0,0,0,0,3,0,0,0,0,0,0,0,0,0,4,0,1,0,0,1,0,0,1,0,1,0,0,0,0,0
"Seguridad","Evasión de presos","2021_6",0,0,0,0,1,0,1,0,0,0,2,0,0,0,0,1,3,0,0,0,0,0,0,0,0,0,1,0,0,0,0,0
"Seguridad","Evasión de presos","2021_7",0,0,0,0,0,0,0,0,0,0,0,0,0,2,0,1,2,0,1,0,0,0,0,0,0,0,0,2,0,0,0,1
"Seguridad","Evasión de presos","2021_8",0,0,0,0,0,2,1,0,0,2,0,0,1,1,0,0,2,0,1,0,0,0,0,2,1,0,1,0,0,0,0,0
"Seguridad","Evasión de presos","2021_9",0,0,0,0,0,0,0,0,0,0,0,0,0,0,0,0,2,0,2,0,1,0,1,0,1,2,1,0,0,0,0,1
"Seguridad","Evasión de presos","2021_10",0,1,0,0,0,0,2,0,0,0,1,0,0,0,0,0,3,0,0,1,1,0,0,0,0,0,0,0,0,0,0,0
"Seguridad","Evasión de presos","2021_11",0,1,0,0,0,0,1,0,0,0,1,0,0,2,0,1,4,0,0,1,0,0,0,0,0,0,2,0,0,0,0,0
"Seguridad","Evasión de presos","2021_12",0,1,0,0,0,0,0,1,0,0,0,0,1,0,0,0,0,0,0,0,0,0,0,0,0,0,1,0,0,0,0,0
"Seguridad","Evasión de presos","2022_1",0,0,0,0,1,0,0,0,0,0,0,0,0,0,0,1,2,0,0,0,0,0,0,0,0,0,0,0,0,0,0,2
"Seguridad","Evasión de presos","2022_2",0,1,0,0,0,0,0,0,0,0,1,0,0,1,0,0,0,0,1,0,1,0,0,1,0,0,0,0,0,0,0,0
"Seguridad","Evasión de presos","2022_3",0,0,0,0,0,0,1,0,0,0,1,0,0,0,0,0,2,0,0,0,1,0,0,1,0,0,0,0,0,0,0,1
"Seguridad","Evasión de presos","2022_4",0,0,0,0,0,1,1,0,0,0,0,0,0,0,0,0,2,0,0,3,1,0,0,1,0,0,0,0,0,0,0,0
"Seguridad","Evasión de presos","2022_5",0,0,0,0,0,0,2,0,0,1,0,0,0,2,0,0,2,0,0,0,1,0,0,0,0,0,0,0,0,0,0,0
"Seguridad","Evasión de presos","2022_6",1,0,0,0,1,0,2,0,0,0,1,0,0,0,0,0,0,0,1,0,0,0,0,0,0,0,0,0,0,0,0,0
"Seguridad","Evasión de presos","2022_7",1,0,0,0,0,1,1,0,0,0,0,0,0,0,0,1,2,0,2,0,2,0,0,0,0,0,0,0,0,0,0,0
"Seguridad","Evasión de presos","2022_8",0,0,0,0,0,0,2,0,0,0,1,0,0,0,0,0,1,0,2,1,2,0,1,0,1,0,0,0,0,0,0,0
"Seguridad","Evasión de presos","2022_9",0,0,0,0,1,0,0,1,0,1,2,0,0,1,0,0,2,0,2,0,0,0,0,1,0,0,0,0,0,0,0,0
"Seguridad","Evasión de presos","2022_10",0,1,0,0,0,1,3,0,0,0,0,0,1,0,0,0,4,0,2,0,0,0,0,1,0,0,1,1,0,0,0,0
"Seguridad","Evasión de presos","2022_11",0,0,0,0,0,0,1,0,0,0,2,1,0,0,0,0,0,0,0,0,0,1,0,0,0,0,0,0,0,0,0,0
"Seguridad","Evasión de presos","2022_12",0,0,0,0,0,0,2,0,0,0,0,1,0,0,0,0,1,0,0,0,0,1,0,0,0,0,0,0,0,0,0,0
"Seguridad","Evasión de presos","2023_1",1,0,0,0,0,0,1,0,0,0,0,0,0,0,0,0,2,0,1,0,1,0,0,0,0,0,0,0,0,0,0,1
"Seguridad","Evasión de presos","2023_2",0,1,0,0,0,1,4,0,0,0,0,0,1,0,0,0,1,0,1,2,1,0,0,0,0,0,1,0,0,0,0,0
"Seguridad","Evasión de presos","2023_3",0,0,0,0,0,0,2,0,0,0,1,0,1,0,0,0,0,0,0,0,0,0,0,0,0,0,1,0,0,0,0,1
"Seguridad","Evasión de presos","2023_4",0,0,0,0,0,0,0,0,0,0,0,0,0,0,0,0,0,0,0,1,0,2,0,1,1,0,0,0,0,0,0,0
"Seguridad","Evasión de presos","2023_5",0,1,0,0,0,0,2,0,0,0,0,0,0,0,0,0,1,0,0,0,0,0,0,2,0,0,0,0,0,0,0,0
"Seguridad","Evasión de presos","2023_6",0,0,0,0,0,0,1,0,0,0,0,0,1,0,0,0,0,0,0,0,0,0,0,0,0,0,0,0,0,0,0,0
"Seguridad","Evasión de presos","2023_7",0,1,0,0,0,0,2,0,0,0,0,0,0,2,0,0,3,0,0,0,0,0,0,2,0,0,1,0,0,0,0,0
"Seguridad","Evasión de presos","2023_8",0,1,0,0,0,0,1,0,0,0,1,0,0,1,0,0,1,0,1,1,0,0,0,0,0,0,1,0,0,0,0,0
"Seguridad","Evasión de presos","2023_9",0,0,0,0,0,0,1,1,0,0,1,1,0,1,0,0,1,0,0,0,0,0,0,0,0,0,0,0,0,0,0,0
"Seguridad","Evasión de presos","2023_10",0,2,0,0,0,0,1,0,0,0,0,0,1,0,0,0,0,0,4,0,1,1,1,0,0,0,0,0,0,0,0,0
"Seguridad","Evasión de presos","2023_11",0,0,0,0,0,0,2,0,0,0,0,0,0,0,0,0,0,0,0,0,1,0,0,0,1,1,0,0,0,0,0,0
"Seguridad","Evasión de presos","2023_12",0,0,0,0,1,1,2,0,0,0,0,0,0,0,0,0,2,0,1,2,1,1,0,0,0,0,0,0,0,1,0,0
"Seguridad","Evasión de presos","2024_1",0,0,0,1,0,0,0,0,0,0,0,0,0,0,0,0,2,0,0,0,1,0,0,0,0,0,0,0,0,0,0,0
"Seguridad","Evasión de presos","2024_2",0,0,0,0,0,0,1,0,0,0,0,0,0,1,0,0,0,0,3,0,0,0,0,1,0,2,1,0,1,1,0,0
"Seguridad","Evasión de presos","2024_3",0,0,0,0,0,1,1,0,0,0,0,0,0,1,0,0,1,0,1,0,1,0,1,0,0,0,0,0,0,0,0,0
"Seguridad","Evasión de presos","2024_4",0,1,0,0,1,0,3,0,0,0,1,0,0,1,0,0,2,0,3,1,0,0,0,0,0,1,0,0,0,0,0,0
"Seguridad","Evasión de presos","2024_5",0,2,0,0,0,1,0,0,0,0,1,0,0,0,0,0,4,0,1,0,0,0,0,0,0,0,0,0,0,0,0,0
"Seguridad","Evasión de presos","2024_6",0,1,0,0,0,0,1,0,0,0,1,0,1,0,0,0,4,0,0,0,0,2,1,0,0,0,0,0,0,0,0,1
"Seguridad","Evasión de presos","2024_7",0,1,0,0,0,0,1,0,0,0,0,0,0,0,0,0,2,0,1,0,1,0,0,0,0,0,1,0,0,0,0,0
"Seguridad","Evasión de presos","2024_8",0,0,0,1,0,0,1,0,0,0,0,0,0,0,0,0,1,0,0,1,0,0,1,0,0,0,0,0,0,2,0,0
"Seguridad","Evasión de presos","2024_9",0,0,0,0,0,0,3,0,0,0,0,0,0,1,0,1,1,0,1,1,0,0,0,0,0,1,0,0,0,0,0,0
"Seguridad","Evasión de presos","2024_10",0,1,0,0,0,0,0,0,0,0,0,0,0,0,0,0,0,0,0,0,2,0,1,1,0,0,0,1,0,0,0,0
"Seguridad","Evasión de presos","2024_11",0,0,0,0,0,0,0,0,0,0,0,1,0,0,0,0,0,0,4,0,2,0,0,0,0,0,1,0,0,0,0,0
"Seguridad","Evasión de presos","2024_12",0,0,0,0,0,0,2,0,0,0,0,0,0,1,0,0,1,0,0,0,0,0,1,0,0,0,0,0,0,1,0,0
"Seguridad","Evasión de presos","2025_1",0,1,0,0,1,0,2,0,0,0,0,1,0,0,0,0,0,0,1,0,0,0,0,0,1,0,0,0,0,0,0,0
"Seguridad","Evasión de presos","2025_2",0,0,0,0,0,0,1,0,0,0,1,0,0,1,0,0,2,0,0,0,1,0,1,0,0,0,0,1,0,0,0,2
"Seguridad","Evasión de presos","2025_3",0,0,0,0,0,1,1,0,0,0,1,0,0,0,0,0,3,0,1,0,1,0,3,1,0,0,1,0,0,1,0,0
"Seguridad","Evasión de presos","2025_4",0,0,0,0,0,0,2,0,0,0,1,0,0,0,0,0,1,0,0,3,1,0,0,1,0,1,1,0,0,0,0,0
"Seguridad","Evasión de presos","2025_5",0,0,0,0,0,0,1,0,0,0,0,0,0,0,0,0,0,0,1,1,0,0,0,0,0,1,0,0,0,0,0,0
"Seguridad","Evasión de presos","2025_6",0,2,0,0,0,0,1,0,0,0,1,0,0,0,0,0,1,0,1,0,0,0,0,1,0,0,0,0,0,2,0,0
"Seguridad","Evasión de presos","2025_7",0,0,0,0,0,0,0,0,0,0,0,0,0,0,0,0,0,0,0,0,0,0,0,0,0,0,0,0,0,0,0,0
"Seguridad","Evasión de presos","2025_8",0,0,0,0,0,0,0,0,0,0,0,0,0,0,0,0,0,0,0,0,0,0,0,0,0,0,0,0,0,0,0,0
"Seguridad","Evasión de presos","2025_9",0,0,0,0,0,0,0,0,0,0,0,0,0,0,0,0,0,0,0,0,0,0,0,0,0,0,0,0,0,0,0,0
"Seguridad","Evasión de presos","2025_10",0,0,0,0,0,0,0,0,0,0,0,0,0,0,0,0,0,0,0,0,0,0,0,0,0,0,0,0,0,0,0,0
"Seguridad","Evasión de presos","2025_11",0,0,0,0,0,0,0,0,0,0,0,0,0,0,0,0,0,0,0,0,0,0,0,0,0,0,0,0,0,0,0,0
"Seguridad","Evasión de presos","2025_12",0,0,0,0,0,0,0,0,0,0,0,0,0,0,0,0,0,0,0,0,0,0,0,0,0,0,0,0,0,0,0,0
"Seguridad","Extorsión","2015_1",2,7,3,2,10,0,49,4,0,4,1,11,4,63,5,15,118,0,25,0,28,2,11,13,9,0,11,14,2,10,4,5
"Seguridad","Extorsión","2015_2",4,19,3,0,13,0,52,1,1,5,0,16,6,65,5,26,142,0,59,9,21,0,13,11,10,1,24,18,0,15,2,5
"Seguridad","Extorsión","2015_3",1,24,4,0,12,1,54,0,1,4,1,16,2,68,5,8,140,0,37,0,18,1,15,12,14,4,12,19,1,14,9,3
"Seguridad","Extorsión","2015_4",5,10,7,2,23,1,59,6,1,8,1,13,3,52,2,16,149,0,53,0,18,0,6,15,14,3,25,24,2,13,12,3
"Seguridad","Extorsión","2015_5",7,17,10,3,21,2,46,2,1,4,1,17,2,93,2,12,147,0,28,5,19,0,2,12,22,2,9,18,1,11,4,9
"Seguridad","Extorsión","2015_6",2,16,5,3,22,1,53,2,0,5,0,12,2,84,3,24,132,0,41,0,26,0,6,19,11,1,14,12,0,12,3,12
"Seguridad","Extorsión","2015_7",1,19,0,3,20,0,57,6,2,3,1,8,4,87,3,36,135,0,31,0,21,0,8,15,8,2,12,16,1,10,7,11
"Seguridad","Extorsión","2015_8",3,19,3,1,12,3,48,8,1,9,0,7,3,74,6,13,118,0,45,11,26,3,10,9,4,3,9,11,0,9,4,6
"Seguridad","Extorsión","2015_9",2,27,4,4,18,3,48,5,1,5,0,8,1,66,3,8,120,0,38,0,26,0,12,7,11,1,21,10,2,8,5,7
"Seguridad","Extorsión","2015_10",6,20,0,7,25,0,68,1,3,3,1,12,3,73,1,5,130,0,50,0,28,0,18,7,12,1,17,13,0,8,6,8
"Seguridad","Extorsión","2015_11",4,17,6,3,25,0,53,0,3,7,0,11,6,55,5,4,116,0,51,8,18,0,10,8,7,0,7,8,0,9,8,9
"Seguridad","Extorsión","2015_12",2,26,4,6,16,0,52,1,0,5,2,13,6,51,3,5,133,1,51,0,24,0,5,13,6,2,10,11,0,7,4,13
"Seguridad","Extorsión","2016_1",2,18,12,2,17,1,47,0,3,8,0,15,7,52,3,10,86,1,49,3,17,4,6,4,10,6,7,7,0,10,6,6
"Seguridad","Extorsión","2016_2",4,20,11,2,12,1,49,1,4,5,0,9,8,43,2,9,115,0,61,6,22,0,4,14,4,6,16,6,0,15,2,5
"Seguridad","Extorsión","2016_3",7,17,10,2,9,2,52,4,11,4,1,13,8,40,2,1,135,1,49,9,8,1,3,11,14,10,11,6,0,11,4,10
"Seguridad","Extorsión","2016_4",8,21,10,1,17,1,58,4,5,0,0,13,12,36,0,4,124,1,44,3,11,0,0,5,13,12,8,10,0,14,5,8
"Seguridad","Extorsión","2016_5",8,5,17,2,11,4,45,4,8,1,0,19,6,28,2,11,120,0,38,4,14,1,2,9,8,20,10,4,0,12,3,6
"Seguridad","Extorsión","2016_6",8,9,25,1,17,2,51,3,4,1,0,35,5,71,1,2,99,0,53,5,7,1,2,11,8,36,10,8,0,10,5,8
"Seguridad","Extorsión","2016_7",4,20,3,0,18,1,56,1,12,2,1,22,1,50,1,2,116,1,51,8,9,1,2,42,6,27,8,11,0,10,12,4
"Seguridad","Extorsión","2016_8",5,9,10,1,18,1,49,1,8,4,0,16,5,87,2,5,116,0,57,6,8,0,0,38,5,6,11,6,0,13,3,7
"Seguridad","Extorsión","2016_9",7,9,3,1,11,3,49,3,2,2,1,18,5,50,2,8,125,1,44,4,9,0,0,30,10,8,7,8,0,13,4,6
"Seguridad","Extorsión","2016_10",2,18,17,1,10,2,51,1,3,10,0,18,11,82,1,3,160,0,51,0,9,0,5,26,4,2,15,17,0,21,2,9
"Seguridad","Extorsión","2016_11",2,14,7,1,14,1,49,0,2,4,1,9,4,67,0,3,130,0,61,2,6,0,7,17,14,2,21,11,0,27,6,7
"Seguridad","Extorsión","2016_12",13,15,14,4,10,4,52,2,5,8,0,12,8,69,2,9,126,0,68,3,2,3,10,11,8,7,24,13,0,36,5,5
"Seguridad","Extorsión","2017_1",13,19,27,2,12,1,48,1,4,4,0,12,11,69,1,2,105,0,63,3,5,2,11,22,2,3,28,17,0,70,4,16
"Seguridad","Extorsión","2017_2",10,22,31,5,10,1,29,3,3,7,1,19,8,46,0,5,88,0,61,5,8,0,4,7,2,4,29,17,1,47,3,11
"Seguridad","Extorsión","2017_3",2,16,22,1,14,2,44,4,6,6,1,12,2,45,0,3,110,0,48,7,9,3,8,17,4,5,25,16,0,63,8,10
"Seguridad","Extorsión","2017_4",2,11,18,3,17,0,34,0,0,3,0,11,7,50,0,4,109,0,60,5,7,2,2,16,5,3,24,9,0,47,7,14
"Seguridad","Extorsión","2017_5",3,15,35,1,12,6,44,1,0,7,0,15,13,45,1,4,126,0,80,7,6,1,5,16,6,3,18,17,0,57,3,17
"Seguridad","Extorsión","2017_6",14,19,27,2,20,1,46,3,1,7,0,12,6,40,3,2,115,0,62,3,9,0,9,9,5,5,36,16,0,52,1,21
"Seguridad","Extorsión","2017_7",6,8,12,0,9,2,47,2,1,3,0,14,9,31,3,3,115,0,46,7,12,1,6,12,4,2,24,9,0,42,1,18
"Seguridad","Extorsión","2017_8",16,25,16,0,15,0,43,1,0,9,1,24,18,51,6,6,146,0,69,14,10,0,4,9,7,0,16,10,0,47,2,10
"Seguridad","Extorsión","2017_9",21,21,2,1,13,1,39,1,1,5,0,13,22,44,2,3,112,0,56,9,13,0,5,8,3,2,17,18,3,63,2,21
"Seguridad","Extorsión","2017_10",10,19,10,1,14,1,47,3,0,5,1,12,10,51,2,5,125,0,49,5,17,1,8,17,5,7,15,17,2,44,0,26
"Seguridad","Extorsión","2017_11",12,8,12,2,9,1,33,2,0,6,0,19,12,40,1,2,129,1,43,9,13,3,7,8,4,1,14,13,2,42,1,15
"Seguridad","Extorsión","2017_12",12,15,15,4,14,0,36,0,0,10,0,12,15,44,2,4,105,0,41,6,6,5,8,10,4,0,12,23,0,35,1,9
"Seguridad","Extorsión","2018_1",16,7,9,2,6,0,38,2,1,8,0,13,11,62,0,3,87,0,34,7,19,4,7,5,7,0,34,9,0,55,2,27
"Seguridad","Extorsión","2018_2",9,10,18,2,15,0,45,2,6,5,2,19,13,53,0,1,116,0,42,5,17,5,8,10,4,2,21,10,0,45,0,14
"Seguridad","Extorsión","2018_3",7,10,10,3,19,2,46,3,2,5,2,13,12,81,0,1,129,2,47,11,17,7,11,11,2,2,18,7,0,44,0,17
"Seguridad","Extorsión","2018_4",18,17,10,1,17,2,42,0,3,7,0,15,14,71,1,2,148,1,34,19,17,13,8,7,6,1,24,10,0,67,0,18
"Seguridad","Extorsión","2018_5",12,9,22,1,15,1,46,0,4,6,0,15,12,63,0,1,122,0,40,6,13,4,7,8,6,0,35,16,0,50,0,18
"Seguridad","Extorsión","2018_6",8,15,19,2,14,1,63,5,3,6,1,18,12,72,0,1,113,0,54,8,19,13,11,11,8,2,20,6,1,55,0,14
"Seguridad","Extorsión","2018_7",12,8,10,0,10,0,42,1,3,3,2,13,8,77,0,1,136,0,45,12,17,4,10,8,6,0,28,17,0,47,1,19
"Seguridad","Extorsión","2018_8",11,17,8,1,16,1,49,3,12,6,0,23,17,63,0,3,159,0,48,17,12,13,19,12,6,0,27,13,0,54,0,20
"Seguridad","Extorsión","2018_9",9,15,9,0,22,1,45,3,8,7,2,15,11,45,0,4,137,0,50,10,11,7,14,11,6,1,40,19,0,39,0,15
"Seguridad","Extorsión","2018_10",9,9,17,0,23,0,37,6,2,12,2,20,12,57,2,1,182,0,54,12,11,12,13,13,3,1,25,11,0,37,1,22
"Seguridad","Extorsión","2018_11",18,12,32,3,15,0,33,3,3,3,0,25,17,63,0,1,163,1,46,9,9,12,9,12,6,1,28,8,0,52,0,32
"Seguridad","Extorsión","2018_12",9,6,34,3,12,0,50,4,8,6,2,13,3,71,0,5,137,0,42,14,6,10,9,14,4,0,31,12,0,33,1,19
"Seguridad","Extorsión","2019_1",12,19,36,1,18,2,96,0,3,7,0,21,18,76,0,17,154,0,40,11,9,14,22,9,7,1,24,5,0,48,0,33
"Seguridad","Extorsión","2019_2",11,11,23,0,21,2,132,3,8,11,0,16,16,58,0,13,152,1,43,10,15,33,23,8,2,0,30,15,0,74,0,25
"Seguridad","Extorsión","2019_3",10,15,15,3,11,1,49,0,3,9,0,25,8,86,0,9,207,3,38,13,17,20,23,12,2,0,35,9,0,71,1,32
"Seguridad","Extorsión","2019_4",14,8,17,5,12,1,48,1,3,9,2,18,14,76,1,18,169,0,39,16,11,13,14,11,2,1,42,10,1,88,0,30
"Seguridad","Extorsión","2019_5",8,18,7,2,9,3,69,8,6,5,2,29,24,98,0,9,189,0,38,10,15,23,21,9,3,2,29,12,0,76,0,18
"Seguridad","Extorsión","2019_6",11,19,10,2,15,1,65,3,7,10,0,19,14,74,0,26,196,0,56,10,21,19,23,9,5,1,9,7,0,45,0,32
"Seguridad","Extorsión","2019_7",12,28,21,4,13,2,74,5,4,9,0,24,16,68,0,22,238,0,29,9,26,38,26,13,2,2,8,11,0,80,1,32
"Seguridad","Extorsión","2019_8",5,22,12,1,9,2,67,5,20,16,1,21,21,47,0,17,272,0,65,12,27,35,21,8,1,3,25,15,0,61,0,21
"Seguridad","Extorsión","2019_9",6,22,14,2,12,1,71,3,4,10,5,24,19,42,0,21,219,0,33,17,11,14,26,10,6,0,6,17,0,76,2,18
"Seguridad","Extorsión","2019_10",12,18,11,3,6,0,104,4,8,10,2,25,25,45,1,21,256,0,56,7,15,20,31,11,6,1,4,7,0,74,1,30
"Seguridad","Extorsión","2019_11",9,18,6,2,9,1,38,4,5,10,5,16,23,32,0,3,221,0,46,12,15,16,24,11,1,3,13,7,0,50,1,27
"Seguridad","Extorsión","2019_12",6,20,13,0,3,2,43,1,3,8,1,21,12,40,0,8,214,0,26,4,10,14,22,10,9,2,7,8,1,51,1,41
"Seguridad","Extorsión","2020_1",11,16,16,1,3,0,56,4,10,9,0,20,11,68,1,8,193,0,40,8,12,26,28,14,6,3,11,12,1,71,0,35
"Seguridad","Extorsión","2020_2",8,14,7,0,10,2,80,8,8,13,1,27,12,54,0,8,227,0,35,12,15,16,29,12,6,3,8,7,0,72,0,27
"Seguridad","Extorsión","2020_3",12,17,8,5,12,1,20,1,4,12,4,17,20,71,0,7,213,0,32,11,15,25,33,15,7,0,9,17,0,80,0,34
"Seguridad","Extorsión","2020_4",9,5,7,0,6,1,17,3,16,4,0,18,12,46,0,11,258,0,28,10,12,15,29,10,3,4,7,9,0,60,0,27
"Seguridad","Extorsión","2020_5",10,3,3,1,3,3,9,4,10,4,2,23,6,65,4,15,240,1,30,4,12,21,18,11,3,7,5,15,0,47,0,23
"Seguridad","Extorsión","2020_6",9,10,4,0,3,2,31,0,12,7,0,21,21,74,2,12,253,2,36,4,10,18,12,15,2,3,11,9,0,63,0,27
"Seguridad","Extorsión","2020_7",8,12,9,0,10,1,31,3,13,10,3,27,7,76,2,13,266,0,38,14,14,18,12,13,2,8,9,5,0,53,0,32
"Seguridad","Extorsión","2020_8",6,8,2,1,2,2,20,3,5,11,1,16,14,62,4,13,330,2,20,14,13,20,15,12,4,6,7,12,0,46,0,37
"Seguridad","Extorsión","2020_9",12,10,9,1,7,1,23,5,5,9,1,28,10,55,5,10,304,0,27,7,9,22,4,12,7,2,12,12,0,58,0,26
"Seguridad","Extorsión","2020_10",5,14,8,2,7,1,9,3,3,10,0,12,9,62,2,14,256,1,29,5,12,25,7,11,4,9,9,13,0,71,0,28
"Seguridad","Extorsión","2020_11",7,11,7,1,5,1,19,1,8,5,2,12,10,38,2,8,240,2,33,14,11,17,8,18,5,4,6,15,1,56,0,39
"Seguridad","Extorsión","2020_12",7,7,9,1,4,1,29,2,4,7,3,20,1,59,7,16,215,0,41,10,10,19,2,8,9,6,11,11,0,37,1,27
"Seguridad","Extorsión","2021_1",8,7,5,0,3,0,39,2,2,3,6,16,3,43,3,12,219,2,27,6,13,11,3,12,5,5,7,8,0,58,0,24
"Seguridad","Extorsión","2021_2",5,8,8,1,2,1,22,1,5,8,6,25,5,51,7,13,273,3,19,9,17,18,7,8,3,3,6,9,0,66,0,30
"Seguridad","Extorsión","2021_3",9,17,6,3,5,0,66,3,12,12,11,24,9,56,4,13,281,0,51,9,11,20,13,5,4,17,9,7,1,81,1,46
"Seguridad","Extorsión","2021_4",6,19,10,2,6,2,28,3,9,8,13,17,8,55,7,9,264,1,33,11,5,27,13,7,8,11,7,11,0,57,0,32
"Seguridad","Extorsión","2021_5",8,20,5,1,4,1,33,2,8,6,19,13,17,53,3,14,274,0,39,7,6,24,14,15,10,4,8,6,0,55,0,29
"Seguridad","Extorsión","2021_6",9,12,4,1,2,0,43,4,10,6,24,18,2,47,10,11,276,1,45,14,10,18,7,12,5,9,10,6,0,79,1,55
"Seguridad","Extorsión","2021_7",4,14,10,0,4,0,39,2,3,9,23,16,7,44,7,14,277,2,92,17,14,32,18,13,3,3,8,6,0,48,0,39
"Seguridad","Extorsión","2021_8",4,18,7,0,5,11,111,2,8,8,29,13,10,47,6,16,273,3,46,11,8,25,4,7,4,2,8,12,1,66,1,49
"Seguridad","Extorsión","2021_9",8,14,7,2,9,1,37,6,6,12,36,26,4,31,6,14,298,2,61,11,6,20,6,11,2,8,7,7,1,60,0,52
"Seguridad","Extorsión","2021_10",9,9,6,2,5,0,37,6,6,16,42,19,10,48,2,12,300,0,65,11,12,26,8,9,10,8,19,5,0,48,0,35
"Seguridad","Extorsión","2021_11",8,17,17,9,3,1,38,4,7,3,43,9,19,49,5,11,283,0,57,12,7,22,10,9,1,7,7,7,1,69,0,54
"Seguridad","Extorsión","2021_12",10,14,14,12,1,3,39,1,17,5,39,16,14,41,1,12,284,0,66,7,8,14,6,14,6,3,8,12,0,57,0,41
"Seguridad","Extorsión","2022_1",3,10,13,5,3,1,22,3,12,11,38,18,14,43,5,11,267,2,45,6,8,29,6,6,1,3,15,10,0,50,2,37
"Seguridad","Extorsión","2022_2",8,14,8,9,3,1,24,4,12,8,25,14,21,32,5,10,244,1,48,13,5,19,9,5,5,6,13,10,0,69,0,58
"Seguridad","Extorsión","2022_3",5,18,11,6,3,0,35,3,13,7,55,24,21,57,6,14,287,4,84,20,17,18,5,19,5,10,15,15,1,65,0,48
"Seguridad","Extorsión","2022_4",9,11,8,12,1,1,32,4,7,4,49,20,28,57,5,9,460,1,60,17,11,19,5,13,9,5,11,11,1,75,1,34
"Seguridad","Extorsión","2022_5",10,13,14,3,3,0,42,0,11,2,39,16,25,59,4,10,555,0,68,5,5,16,4,8,5,4,14,11,1,80,1,38
"Seguridad","Extorsión","2022_6",9,10,17,4,1,0,30,6,15,8,42,25,21,50,7,10,564,1,68,5,8,26,9,11,7,6,6,11,0,75,0,37
"Seguridad","Extorsión","2022_7",11,11,21,9,2,0,29,2,5,6,35,32,15,49,1,13,344,1,52,8,11,22,8,7,3,1,12,3,1,69,1,29
"Seguridad","Extorsión","2022_8",6,24,19,13,2,0,35,2,13,4,52,32,20,62,11,22,273,1,67,11,8,18,8,11,6,6,16,12,0,71,1,52
"Seguridad","Extorsión","2022_9",12,21,16,5,4,0,38,2,10,5,39,29,27,66,6,16,239,2,61,4,14,12,6,10,9,6,7,8,0,77,2,30
"Seguridad","Extorsión","2022_10",6,14,14,9,3,1,33,4,13,6,38,22,12,69,6,14,275,2,65,10,7,6,10,5,8,4,12,6,1,71,1,46
"Seguridad","Extorsión","2022_11",10,15,13,8,2,1,25,0,11,3,51,18,17,56,6,12,312,0,70,8,17,13,10,14,3,7,7,3,0,77,0,31
"Seguridad","Extorsión","2022_12",8,11,10,7,2,1,12,4,20,1,60,10,11,63,3,6,333,2,58,11,15,26,5,13,0,4,6,14,1,55,1,45
"Seguridad","Extorsión","2023_1",11,6,13,5,1,0,42,4,7,3,60,13,37,45,3,10,332,2,57,9,10,16,5,9,2,5,8,11,0,73,2,9
"Seguridad","Extorsión","2023_2",8,12,14,5,1,0,43,1,0,5,66,12,19,53,7,14,294,0,62,13,11,11,11,11,3,9,5,8,0,71,1,4
"Seguridad","Extorsión","2023_3",7,10,15,7,1,1,44,1,18,6,73,7,28,57,20,20,330,5,62,12,11,19,4,13,1,4,14,9,0,82,0,12
"Seguridad","Extorsión","2023_4",4,9,15,11,0,0,38,4,14,4,57,15,19,48,20,15,313,1,69,11,10,15,3,9,3,5,5,12,0,64,0,7
"Seguridad","Extorsión","2023_5",11,9,22,10,3,1,42,4,15,1,65,25,39,54,24,28,273,3,73,6,11,12,10,7,2,7,9,17,0,92,5,2
"Seguridad","Extorsión","2023_6",1,15,5,10,1,1,37,2,9,5,65,16,43,44,30,18,362,5,70,14,10,18,4,9,7,6,7,12,1,71,1,3
"Seguridad","Extorsión","2023_7",9,10,7,10,1,0,34,1,8,6,62,14,32,54,24,10,491,4,51,11,8,17,9,5,2,10,2,5,0,84,0,4
"Seguridad","Extorsión","2023_8",9,7,9,10,1,1,54,0,16,3,71,15,32,51,30,20,432,7,71,19,16,17,12,11,7,11,9,11,0,91,1,2
"Seguridad","Extorsión","2023_9",10,9,7,8,0,1,68,2,16,2,70,14,39,51,24,18,269,3,85,23,6,15,17,6,5,4,13,7,1,74,3,8
"Seguridad","Extorsión","2023_10",18,5,3,6,5,0,35,8,9,1,75,6,27,52,20,24,335,4,63,13,9,12,14,9,5,2,8,7,0,60,0,11
"Seguridad","Extorsión","2023_11",12,13,1,8,2,0,38,1,13,3,72,4,40,53,19,37,294,2,70,3,8,12,14,13,4,7,12,5,1,58,0,8
"Seguridad","Extorsión","2023_12",6,5,1,6,2,0,21,2,18,1,65,9,10,26,20,22,285,1,64,6,7,5,13,5,6,3,10,7,0,61,1,6
"Seguridad","Extorsión","2024_1",7,6,4,5,0,0,27,7,15,3,76,7,32,58,22,38,318,0,44,9,8,24,12,8,14,5,14,3,0,76,0,9
"Seguridad","Extorsión","2024_2",11,7,4,7,1,0,52,4,15,5,79,16,21,34,20,33,310,1,80,8,6,17,15,14,6,6,17,6,0,74,0,6
"Seguridad","Extorsión","2024_3",10,11,5,3,0,0,30,5,13,4,70,5,25,43,34,23,285,3,73,10,8,9,17,10,7,3,14,8,0,70,0,3
"Seguridad","Extorsión","2024_4",10,12,5,11,1,0,38,7,15,4,90,15,46,44,24,27,276,1,99,21,17,22,18,7,12,8,21,6,0,69,0,10
"Seguridad","Extorsión","2024_5",14,9,6,8,1,1,83,3,11,2,75,9,34,43,25,25,261,2,56,13,12,18,20,13,9,6,14,7,0,87,0,7
"Seguridad","Extorsión","2024_6",7,11,10,3,1,0,36,4,13,4,78,13,17,54,33,19,249,1,66,8,16,18,15,11,3,8,5,7,1,95,1,5
"Seguridad","Extorsión","2024_7",11,7,10,4,0,2,31,3,15,2,93,13,22,32,22,31,305,2,51,5,8,22,12,10,4,3,9,11,0,73,0,5
"Seguridad","Extorsión","2024_8",4,13,13,3,4,2,29,4,12,3,90,14,35,51,18,27,285,2,60,12,6,23,11,11,11,5,7,13,0,85,0,2
"Seguridad","Extorsión","2024_9",9,11,7,4,2,0,43,3,7,1,80,12,17,48,27,20,276,1,87,20,9,22,15,7,9,6,11,7,0,88,0,4
"Seguridad","Extorsión","2024_10",10,3,8,1,2,1,36,8,8,1,90,11,28,57,26,25,288,2,97,15,18,23,13,14,2,8,6,10,0,81,0,3
"Seguridad","Extorsión","2024_11",7,3,17,6,3,0,34,1,10,3,93,11,18,36,23,29,333,0,85,5,12,22,11,10,7,2,13,9,0,72,0,5
"Seguridad","Extorsión","2024_12",10,5,4,0,7,0,34,2,4,3,113,13,16,43,21,25,253,0,68,6,9,16,16,13,5,4,13,16,0,68,0,3
"Seguridad","Extorsión","2025_1",14,10,7,0,21,2,63,3,16,1,124,10,16,33,19,25,249,2,68,6,19,27,10,11,9,3,9,12,1,56,1,5
"Seguridad","Extorsión","2025_2",19,9,6,3,10,0,98,8,9,2,125,11,17,36,28,16,302,0,62,9,32,27,17,13,5,6,10,16,0,56,0,6
"Seguridad","Extorsión","2025_3",4,10,3,4,6,0,130,7,7,2,108,6,32,36,24,18,274,1,95,3,22,24,20,9,9,4,10,15,0,88,0,12
"Seguridad","Extorsión","2025_4",6,7,17,3,7,0,124,6,8,0,96,9,34,37,25,34,161,0,83,7,12,26,19,6,6,6,18,17,3,82,0,1
"Seguridad","Extorsión","2025_5",10,10,14,4,12,0,103,3,14,1,130,11,25,36,12,50,189,6,87,5,23,24,20,12,15,7,21,19,2,82,0,8
"Seguridad","Extorsión","2025_6",11,13,11,1,5,1,125,1,7,3,101,11,8,37,22,36,223,2,85,8,22,19,21,15,12,2,14,13,0,90,0,3
"Seguridad","Extorsión","2025_7",0,0,0,0,0,0,0,0,0,0,0,0,0,0,0,0,0,0,0,0,0,0,0,0,0,0,0,0,0,0,0,0
"Seguridad","Extorsión","2025_8",0,0,0,0,0,0,0,0,0,0,0,0,0,0,0,0,0,0,0,0,0,0,0,0,0,0,0,0,0,0,0,0
"Seguridad","Extorsión","2025_9",0,0,0,0,0,0,0,0,0,0,0,0,0,0,0,0,0,0,0,0,0,0,0,0,0,0,0,0,0,0,0,0
"Seguridad","Extorsión","2025_10",0,0,0,0,0,0,0,0,0,0,0,0,0,0,0,0,0,0,0,0,0,0,0,0,0,0,0,0,0,0,0,0
"Seguridad","Extorsión","2025_11",0,0,0,0,0,0,0,0,0,0,0,0,0,0,0,0,0,0,0,0,0,0,0,0,0,0,0,0,0,0,0,0
"Seguridad","Extorsión","2025_12",0,0,0,0,0,0,0,0,0,0,0,0,0,0,0,0,0,0,0,0,0,0,0,0,0,0,0,0,0,0,0,0
"Seguridad","Falsedad","2015_1",6,6,0,0,3,31,33,0,2,2,9,5,2,12,3,8,3,1,10,0,11,1,0,1,4,0,1,11,2,9,0,3
"Seguridad","Falsedad","2015_2",7,7,1,0,3,14,34,0,3,0,19,4,5,13,2,12,11,2,18,1,15,2,0,2,1,1,3,9,2,9,6,4
"Seguridad","Falsedad","2015_3",12,13,0,0,2,23,47,0,0,0,16,8,0,21,0,8,3,1,17,0,14,2,0,5,5,0,1,15,2,11,2,3
"Seguridad","Falsedad","2015_4",5,9,1,0,2,20,35,0,2,0,11,2,8,18,0,7,9,1,9,0,12,4,0,2,3,3,4,10,0,14,5,0
"Seguridad","Falsedad","2015_5",11,11,0,0,2,17,38,0,0,0,10,2,7,8,0,8,11,2,13,1,9,5,3,3,10,1,0,9,0,13,3,3
"Seguridad","Falsedad","2015_6",8,21,1,0,3,13,46,0,1,1,17,2,6,19,1,10,9,1,8,0,18,5,1,8,3,4,0,13,1,14,7,4
"Seguridad","Falsedad","2015_7",9,14,1,0,0,23,34,0,1,3,14,6,3,16,3,12,10,2,11,0,14,3,0,4,2,2,0,13,1,8,5,2
"Seguridad","Falsedad","2015_8",9,10,3,0,0,16,40,0,2,1,7,6,2,16,0,9,13,0,1,2,12,2,0,4,2,2,1,7,2,3,3,4
"Seguridad","Falsedad","2015_9",11,12,0,0,1,16,48,0,1,0,17,3,5,26,2,11,5,3,9,0,9,5,0,1,5,3,1,13,2,12,8,5
"Seguridad","Falsedad","2015_10",9,22,0,0,4,14,42,1,1,0,13,13,15,14,1,13,6,2,17,0,12,2,1,4,4,3,2,5,1,7,4,5
"Seguridad","Falsedad","2015_11",8,12,2,0,1,18,45,0,0,2,17,3,15,21,0,6,7,3,24,1,11,4,1,1,1,1,3,8,3,12,9,1
"Seguridad","Falsedad","2015_12",5,10,1,0,2,21,35,0,0,4,6,8,7,24,0,8,10,3,12,0,14,2,3,3,3,3,0,8,1,5,0,3
"Seguridad","Falsedad","2016_1",5,8,6,0,2,10,47,0,3,0,14,3,13,17,0,7,6,1,12,3,5,6,0,1,7,0,6,8,1,6,5,1
"Seguridad","Falsedad","2016_2",4,9,5,0,0,14,46,0,3,1,14,8,17,25,0,8,13,0,12,2,15,3,0,1,4,14,1,12,2,5,0,4
"Seguridad","Falsedad","2016_3",4,7,5,0,1,14,44,0,2,2,12,5,6,22,0,4,8,1,13,4,9,18,0,0,9,5,0,6,1,11,5,2
"Seguridad","Falsedad","2016_4",7,9,4,0,1,17,59,0,0,0,10,4,1,18,0,10,10,0,17,0,17,8,0,0,8,15,0,9,0,11,2,3
"Seguridad","Falsedad","2016_5",10,12,8,0,3,19,51,0,1,1,16,4,8,18,0,4,10,0,16,2,16,9,1,0,3,10,4,12,1,11,4,2
"Seguridad","Falsedad","2016_6",7,12,1,0,0,18,75,0,0,1,22,4,8,24,1,5,10,2,14,4,16,8,1,3,3,7,5,12,1,7,3,6
"Seguridad","Falsedad","2016_7",1,9,3,0,2,18,44,3,0,2,12,3,5,20,1,10,14,2,11,2,4,2,1,7,3,14,1,4,0,4,0,0
"Seguridad","Falsedad","2016_8",3,8,14,0,4,15,45,6,0,1,20,4,4,22,0,5,9,0,13,2,4,10,1,11,1,2,5,10,1,4,3,1
"Seguridad","Falsedad","2016_9",4,11,13,0,1,21,33,4,0,1,10,6,7,11,0,5,11,0,14,1,2,11,0,6,6,1,3,13,0,6,8,3
"Seguridad","Falsedad","2016_10",3,15,14,0,0,16,41,5,0,0,12,1,11,17,1,5,7,1,16,0,3,7,2,9,3,4,3,11,0,2,6,4
"Seguridad","Falsedad","2016_11",4,16,8,0,1,14,58,2,0,1,17,1,17,27,0,3,10,2,15,1,8,6,1,5,4,1,3,11,0,3,10,3
"Seguridad","Falsedad","2016_12",4,14,9,0,2,15,40,9,0,0,10,5,20,23,5,8,7,0,13,2,6,7,0,3,0,4,1,5,1,6,1,1
"Seguridad","Falsedad","2017_1",8,10,3,0,2,16,39,4,2,1,10,2,13,17,0,5,6,1,11,0,9,4,1,3,1,7,8,2,2,13,5,1
"Seguridad","Falsedad","2017_2",4,8,0,0,1,19,32,2,1,3,9,4,9,22,1,8,8,1,20,3,4,4,0,2,7,2,3,7,0,20,10,7
"Seguridad","Falsedad","2017_3",4,9,1,0,4,28,24,9,10,2,14,6,9,18,6,3,9,1,20,2,12,4,3,7,6,4,3,11,1,15,6,2
"Seguridad","Falsedad","2017_4",3,8,1,0,6,18,45,4,5,0,14,4,15,22,8,6,3,0,12,51,3,10,1,3,0,3,0,6,0,10,6,4
"Seguridad","Falsedad","2017_5",6,8,7,0,3,18,28,3,4,0,26,4,16,12,8,4,9,0,11,21,6,14,1,2,8,3,1,10,0,14,4,2
"Seguridad","Falsedad","2017_6",15,11,7,0,5,11,36,0,8,0,19,7,8,18,4,11,14,1,23,11,6,7,2,5,2,4,6,13,0,10,2,19
"Seguridad","Falsedad","2017_7",7,11,4,0,4,4,35,3,3,0,6,3,8,30,5,8,10,0,21,11,12,7,0,2,2,1,3,6,0,15,1,4
"Seguridad","Falsedad","2017_8",7,8,8,0,5,22,38,5,5,0,15,4,18,13,5,6,10,0,23,16,4,6,1,1,4,2,6,3,0,6,3,11
"Seguridad","Falsedad","2017_9",7,9,5,0,2,18,25,2,8,5,16,2,10,16,5,10,5,0,23,12,8,6,2,0,7,0,0,12,1,11,0,8
"Seguridad","Falsedad","2017_10",2,13,4,0,4,16,26,0,5,1,19,2,10,23,4,7,17,0,14,27,5,7,3,0,4,6,7,9,0,23,3,4
"Seguridad","Falsedad","2017_11",7,9,7,0,4,18,26,1,11,3,14,2,10,18,0,7,9,0,29,24,7,3,4,0,6,2,4,10,0,21,0,4
"Seguridad","Falsedad","2017_12",3,15,3,0,4,13,26,4,9,0,16,1,7,9,2,5,4,0,14,29,8,7,1,0,6,2,3,10,0,14,1,7
"Seguridad","Falsedad","2018_1",5,6,6,0,3,21,49,0,5,1,19,4,6,24,0,3,9,0,13,31,4,4,1,0,7,0,1,8,0,16,1,6
"Seguridad","Falsedad","2018_2",4,8,11,0,4,14,30,0,3,0,17,4,12,20,3,10,7,0,25,42,6,6,5,0,2,4,2,5,0,23,2,4
"Seguridad","Falsedad","2018_3",4,10,5,0,8,16,43,0,5,0,20,5,9,36,7,6,6,0,9,13,3,6,4,0,6,0,7,10,2,14,3,7
"Seguridad","Falsedad","2018_4",6,12,4,0,3,23,36,0,4,1,23,3,6,18,1,8,5,0,15,5,5,11,2,0,4,2,3,11,1,17,0,10
"Seguridad","Falsedad","2018_5",4,9,6,0,8,14,49,3,10,0,27,1,7,19,3,7,6,1,15,8,8,13,0,0,5,1,5,15,2,17,1,8
"Seguridad","Falsedad","2018_6",5,7,3,0,7,12,31,0,8,1,13,8,9,22,1,9,7,1,15,9,6,6,4,0,3,2,2,16,0,15,1,10
"Seguridad","Falsedad","2018_7",4,13,7,0,6,12,32,0,7,0,16,6,9,29,2,9,9,0,16,8,3,5,2,0,5,2,0,11,1,13,2,5
"Seguridad","Falsedad","2018_8",5,17,11,0,10,17,51,1,8,0,19,5,14,22,1,4,8,1,12,20,10,12,2,0,2,1,2,5,1,19,2,6
"Seguridad","Falsedad","2018_9",3,7,4,0,6,15,50,0,5,0,18,3,18,15,2,7,13,0,20,19,6,8,1,0,2,2,4,5,1,15,0,6
"Seguridad","Falsedad","2018_10",5,10,13,0,5,16,55,4,5,1,22,11,15,14,0,7,8,0,28,30,10,9,7,0,5,1,6,7,0,31,2,11
"Seguridad","Falsedad","2018_11",9,14,6,0,7,14,42,2,3,0,16,4,28,10,0,6,12,0,17,42,6,4,2,0,2,3,0,11,1,17,0,10
"Seguridad","Falsedad","2018_12",4,10,2,0,3,16,50,0,9,2,7,0,8,19,0,5,9,1,8,28,7,4,0,0,0,5,4,10,0,14,2,3
"Seguridad","Falsedad","2019_1",6,9,2,0,3,21,39,0,5,0,18,3,10,24,6,4,6,0,14,27,6,7,0,0,6,15,6,7,3,18,1,5
"Seguridad","Falsedad","2019_2",10,6,6,0,3,14,36,2,3,1,15,6,11,23,1,6,9,0,11,14,5,6,0,0,2,5,2,7,0,17,2,14
"Seguridad","Falsedad","2019_3",10,12,7,0,3,16,48,3,7,1,20,13,12,20,1,8,14,0,22,22,9,8,3,0,4,6,4,8,0,15,3,10
"Seguridad","Falsedad","2019_4",8,11,9,1,4,17,51,3,6,0,13,5,14,20,3,4,12,0,18,36,5,12,3,0,7,4,1,10,1,17,3,15
"Seguridad","Falsedad","2019_5",8,16,7,0,4,29,56,0,10,1,21,6,10,31,1,6,15,1,25,22,10,4,2,0,6,6,2,15,2,15,2,13
"Seguridad","Falsedad","2019_6",6,16,15,0,4,16,35,3,7,0,22,2,12,21,3,5,18,0,18,27,7,11,4,0,4,9,3,10,1,23,3,12
"Seguridad","Falsedad","2019_7",5,9,3,0,5,16,66,2,2,0,20,4,10,14,0,6,10,0,11,22,12,6,7,0,4,2,1,15,0,19,0,12
"Seguridad","Falsedad","2019_8",1,13,6,0,1,13,40,4,10,0,15,1,3,20,0,14,10,0,27,24,3,11,3,0,5,3,3,10,0,14,0,13
"Seguridad","Falsedad","2019_9",10,15,8,0,2,11,43,2,6,0,7,7,15,21,1,3,7,0,21,23,6,13,3,0,1,4,4,8,1,17,2,5
"Seguridad","Falsedad","2019_10",13,9,12,0,3,27,61,1,11,0,18,10,7,32,3,8,12,4,28,23,4,8,2,0,3,2,4,6,1,26,4,8
"Seguridad","Falsedad","2019_11",8,13,10,0,3,28,61,1,5,2,14,9,7,11,2,5,9,0,19,19,6,8,4,0,2,1,3,10,0,21,0,8
"Seguridad","Falsedad","2019_12",5,8,8,0,2,21,46,0,7,0,13,10,7,25,5,3,9,1,23,13,6,7,2,0,3,2,7,10,0,18,0,3
"Seguridad","Falsedad","2020_1",6,9,6,0,4,17,50,4,2,3,14,7,8,20,3,10,13,0,27,15,8,9,30,0,2,4,3,5,0,17,1,9
"Seguridad","Falsedad","2020_2",12,16,9,0,5,23,40,1,8,3,12,12,8,11,2,8,5,0,26,16,3,13,22,0,2,2,4,10,0,18,5,6
"Seguridad","Falsedad","2020_3",5,3,6,0,3,14,54,2,6,2,14,5,17,17,2,4,6,0,17,17,6,9,18,0,3,0,1,4,1,11,0,10
"Seguridad","Falsedad","2020_4",1,3,5,0,2,5,30,0,4,0,3,0,1,2,4,2,4,1,7,14,1,3,3,0,1,0,1,3,0,2,0,6
"Seguridad","Falsedad","2020_5",0,1,3,0,0,8,9,2,2,0,5,2,0,7,2,0,5,2,10,11,3,6,9,0,1,1,0,3,0,5,1,6
"Seguridad","Falsedad","2020_6",0,4,6,0,0,10,11,1,2,0,9,1,0,5,3,2,0,0,8,9,0,2,12,0,0,0,0,5,0,8,1,10
"Seguridad","Falsedad","2020_7",7,7,8,0,0,15,19,2,4,0,15,0,2,12,1,7,2,0,8,16,8,8,18,0,0,0,2,7,0,8,0,9
"Seguridad","Falsedad","2020_8",4,10,6,0,1,16,22,2,4,2,10,3,3,11,4,7,0,0,18,21,6,4,21,0,1,2,1,3,0,14,3,10
"Seguridad","Falsedad","2020_9",3,6,7,0,1,14,26,2,9,1,11,3,5,8,4,9,1,0,14,25,3,5,21,0,1,5,3,8,0,13,1,8
"Seguridad","Falsedad","2020_10",9,13,7,0,1,18,44,1,4,0,10,8,8,9,4,6,10,1,13,40,11,14,24,0,3,4,4,8,1,14,0,6
"Seguridad","Falsedad","2020_11",6,9,5,0,1,14,36,2,6,0,19,5,8,11,1,7,4,1,14,30,14,10,21,0,8,10,6,6,0,11,0,5
"Seguridad","Falsedad","2020_12",9,9,10,0,1,19,53,2,4,1,15,4,5,12,1,6,5,0,14,19,9,5,21,0,5,5,6,9,0,15,1,5
"Seguridad","Falsedad","2021_1",4,7,5,0,1,11,21,0,5,0,9,5,0,5,1,5,0,1,13,27,8,11,20,0,9,4,3,3,0,11,0,3
"Seguridad","Falsedad","2021_2",6,11,10,0,3,17,14,4,7,0,12,7,1,9,4,3,37,0,21,32,8,10,28,0,2,5,5,7,0,17,0,10
"Seguridad","Falsedad","2021_3",2,7,11,0,1,21,28,0,6,4,27,6,7,6,4,7,14,1,10,32,8,11,28,0,3,2,3,7,0,34,1,15
"Seguridad","Falsedad","2021_4",8,3,10,0,0,24,31,0,4,3,11,6,8,9,4,11,6,0,18,24,13,17,31,0,5,3,4,12,0,11,4,19
"Seguridad","Falsedad","2021_5",8,13,15,0,1,13,34,3,9,3,25,10,9,11,2,9,6,1,16,24,12,9,26,0,2,3,2,8,0,21,1,13
"Seguridad","Falsedad","2021_6",5,12,10,0,1,27,60,0,7,4,15,8,9,7,4,14,7,0,14,40,13,11,30,0,6,7,3,15,0,20,1,12
"Seguridad","Falsedad","2021_7",7,16,12,0,1,16,46,3,2,3,19,5,7,11,4,15,1,0,11,27,10,9,31,0,5,3,7,16,0,22,0,13
"Seguridad","Falsedad","2021_8",7,15,8,0,1,19,57,0,6,0,14,4,10,12,3,10,8,0,24,21,6,16,27,0,7,3,2,11,0,21,0,12
"Seguridad","Falsedad","2021_9",8,15,9,0,2,19,35,0,11,3,22,6,13,12,2,8,9,1,21,34,7,13,27,0,3,10,5,10,0,18,0,16
"Seguridad","Falsedad","2021_10",7,10,12,0,1,21,45,1,9,3,28,7,12,6,0,11,3,1,23,44,15,12,34,0,7,12,2,13,0,23,1,13
"Seguridad","Falsedad","2021_11",5,24,11,2,3,18,48,1,8,3,20,10,8,10,2,6,5,0,23,33,15,16,34,0,4,8,4,7,0,22,0,5
"Seguridad","Falsedad","2021_12",9,19,9,1,1,16,42,1,5,2,18,5,3,16,1,6,6,0,23,34,13,9,25,0,7,5,3,9,1,24,0,13
"Seguridad","Falsedad","2022_1",4,6,9,5,1,13,35,1,3,4,22,4,6,11,1,7,16,1,13,52,6,15,24,0,5,7,5,6,0,14,0,12
"Seguridad","Falsedad","2022_2",5,11,16,3,0,17,41,0,11,1,18,6,6,13,3,7,11,1,17,37,21,14,21,0,5,4,5,13,0,27,0,20
"Seguridad","Falsedad","2022_3",3,16,9,1,3,25,41,3,6,7,18,7,13,14,4,5,35,1,30,41,12,14,44,0,8,3,3,13,0,26,0,17
"Seguridad","Falsedad","2022_4",6,17,8,2,1,18,31,0,9,1,13,7,14,11,0,6,21,1,19,40,10,15,33,0,9,9,1,5,0,16,0,16
"Seguridad","Falsedad","2022_5",5,20,22,3,0,24,45,1,6,1,13,7,12,17,3,10,13,1,22,38,11,18,45,0,4,4,0,12,0,22,0,16
"Seguridad","Falsedad","2022_6",8,16,18,1,1,16,47,0,6,1,23,8,17,14,1,9,23,0,21,41,8,20,40,0,10,0,2,11,0,16,0,11
"Seguridad","Falsedad","2022_7",15,13,11,4,1,17,57,1,5,1,33,15,7,16,2,10,20,1,16,33,11,13,38,0,3,4,4,11,0,20,0,8
"Seguridad","Falsedad","2022_8",14,13,27,9,0,19,47,0,7,3,13,13,15,17,2,11,9,2,27,28,13,14,41,0,9,12,4,13,0,29,0,19
"Seguridad","Falsedad","2022_9",10,16,17,9,0,18,42,3,6,1,17,9,15,15,1,8,13,1,17,30,12,7,33,0,4,12,6,7,0,26,1,27
"Seguridad","Falsedad","2022_10",5,15,17,2,0,28,49,1,4,3,30,5,23,17,0,8,21,6,14,36,15,18,37,0,7,5,5,11,0,19,0,16
"Seguridad","Falsedad","2022_11",9,22,6,6,0,21,46,2,9,2,24,1,8,4,1,6,9,3,18,26,14,13,36,0,9,8,3,11,1,27,1,19
"Seguridad","Falsedad","2022_12",4,17,26,7,1,13,56,5,9,1,19,2,9,16,1,2,11,2,11,25,7,16,36,0,4,8,2,10,0,26,0,17
"Seguridad","Falsedad","2023_1",10,12,11,5,2,13,52,0,10,1,31,10,7,6,1,6,16,7,20,27,22,15,35,0,1,7,6,10,0,22,1,21
"Seguridad","Falsedad","2023_2",7,9,25,2,0,17,42,7,9,1,24,11,15,9,3,5,18,2,12,31,11,18,29,0,3,11,2,11,0,24,0,16
"Seguridad","Falsedad","2023_3",9,14,18,4,1,32,51,0,6,2,40,9,17,14,1,7,27,2,21,39,16,17,34,0,5,10,5,18,0,28,0,19
"Seguridad","Falsedad","2023_4",10,21,22,3,1,18,38,5,4,1,25,10,10,8,0,3,9,1,9,30,9,13,32,0,4,7,2,7,1,18,0,25
"Seguridad","Falsedad","2023_5",18,13,40,3,1,18,58,3,10,1,35,8,13,6,3,9,18,1,21,44,20,13,41,0,5,10,3,8,0,24,0,36
"Seguridad","Falsedad","2023_6",5,24,54,13,2,21,66,7,5,1,35,14,18,16,1,4,16,0,20,42,15,16,75,0,7,13,3,7,0,30,0,40
"Seguridad","Falsedad","2023_7",10,18,37,1,1,20,54,1,5,1,39,7,10,7,1,3,10,10,18,50,15,17,27,0,4,11,4,6,0,17,0,29
"Seguridad","Falsedad","2023_8",8,18,40,3,0,29,44,1,6,3,33,8,14,11,3,5,14,1,14,47,14,15,45,0,8,7,6,12,0,20,0,14
"Seguridad","Falsedad","2023_9",9,24,43,2,3,19,47,3,6,1,22,9,12,13,0,5,18,0,14,58,7,11,58,0,7,8,4,8,0,30,0,27
"Seguridad","Falsedad","2023_10",12,24,35,5,0,20,63,3,5,3,28,14,12,20,0,17,21,5,17,37,19,29,70,0,5,7,4,10,0,33,0,29
"Seguridad","Falsedad","2023_11",11,31,22,4,0,12,72,2,8,1,27,8,21,18,2,2,17,2,15,22,13,15,51,0,7,8,7,14,0,28,0,32
"Seguridad","Falsedad","2023_12",3,15,29,1,0,12,42,7,11,0,21,5,12,18,2,7,12,0,15,21,12,16,39,0,3,3,4,13,0,20,1,18
"Seguridad","Falsedad","2024_1",8,15,34,3,2,16,50,1,3,1,18,3,6,19,1,7,6,2,17,32,2,14,47,0,3,8,4,11,0,15,0,20
"Seguridad","Falsedad","2024_2",12,13,36,8,1,22,79,5,9,0,29,8,13,24,1,5,14,2,22,25,13,18,61,0,3,4,2,15,0,30,0,22
"Seguridad","Falsedad","2024_3",11,15,42,5,0,21,69,4,5,1,27,8,11,13,3,5,11,1,16,32,4,12,46,0,5,7,0,6,0,27,0,23
"Seguridad","Falsedad","2024_4",17,16,34,3,0,24,71,2,8,1,25,8,6,16,1,9,17,1,16,56,10,21,43,0,5,10,2,12,0,19,0,27
"Seguridad","Falsedad","2024_5",13,18,52,7,2,16,56,6,12,1,36,7,10,13,4,11,13,3,16,25,26,22,72,0,8,5,5,14,0,26,1,29
"Seguridad","Falsedad","2024_6",8,11,40,0,0,18,53,4,8,1,18,6,13,27,5,10,10,2,11,29,12,13,48,0,5,9,1,12,0,35,0,21
"Seguridad","Falsedad","2024_7",12,21,39,2,0,13,66,0,9,1,25,9,8,23,1,7,10,0,16,33,18,14,57,0,6,7,5,7,0,32,0,36
"Seguridad","Falsedad","2024_8",10,18,35,1,0,18,53,3,12,1,22,9,22,17,0,14,10,2,11,27,5,16,57,0,7,9,4,13,0,28,1,22
"Seguridad","Falsedad","2024_9",8,25,42,0,4,18,45,0,5,1,22,10,13,15,2,4,19,1,21,28,10,26,50,0,7,7,5,8,0,25,0,20
"Seguridad","Falsedad","2024_10",13,22,45,0,1,26,69,3,10,0,36,11,18,26,8,11,20,4,26,38,5,19,60,0,4,8,6,14,0,37,0,27
"Seguridad","Falsedad","2024_11",9,27,20,0,0,19,54,4,2,4,37,5,14,21,3,8,15,1,20,29,6,17,49,0,5,10,3,12,0,32,1,18
"Seguridad","Falsedad","2024_12",8,19,28,0,1,26,59,4,6,2,20,4,12,20,3,6,11,1,21,22,6,14,36,0,5,10,5,10,0,24,0,21
"Seguridad","Falsedad","2025_1",6,15,46,0,2,16,55,4,9,1,31,6,17,17,6,8,13,4,19,28,13,11,44,0,4,1,0,7,0,20,0,21
"Seguridad","Falsedad","2025_2",8,12,31,0,0,16,35,3,7,0,21,9,14,13,2,7,17,3,21,25,23,19,39,0,5,4,6,7,1,22,1,18
"Seguridad","Falsedad","2025_3",6,17,34,0,2,31,60,2,5,0,27,4,16,14,2,7,23,3,14,21,25,17,43,0,7,6,5,4,0,23,1,15
"Seguridad","Falsedad","2025_4",7,19,30,1,4,22,64,1,9,1,35,4,10,10,3,5,8,0,17,19,14,11,52,0,4,4,5,13,0,29,0,10
"Seguridad","Falsedad","2025_5",4,21,23,0,3,25,58,3,8,1,30,5,16,11,1,6,8,1,19,26,13,18,45,0,2,7,7,25,0,35,0,21
"Seguridad","Falsedad","2025_6",9,29,33,0,0,16,58,2,8,2,41,4,31,8,1,13,14,0,23,25,20,17,36,0,1,1,7,20,0,21,2,15
"Seguridad","Falsedad","2025_7",0,0,0,0,0,0,0,0,0,0,0,0,0,0,0,0,0,0,0,0,0,0,0,0,0,0,0,0,0,0,0,0
"Seguridad","Falsedad","2025_8",0,0,0,0,0,0,0,0,0,0,0,0,0,0,0,0,0,0,0,0,0,0,0,0,0,0,0,0,0,0,0,0
"Seguridad","Falsedad","2025_9",0,0,0,0,0,0,0,0,0,0,0,0,0,0,0,0,0,0,0,0,0,0,0,0,0,0,0,0,0,0,0,0
"Seguridad","Falsedad","2025_10",0,0,0,0,0,0,0,0,0,0,0,0,0,0,0,0,0,0,0,0,0,0,0,0,0,0,0,0,0,0,0,0
"Seguridad","Falsedad","2025_11",0,0,0,0,0,0,0,0,0,0,0,0,0,0,0,0,0,0,0,0,0,0,0,0,0,0,0,0,0,0,0,0
"Seguridad","Falsedad","2025_12",0,0,0,0,0,0,0,0,0,0,0,0,0,0,0,0,0,0,0,0,0,0,0,0,0,0,0,0,0,0,0,0
"Seguridad","Falsificación","2015_1",29,61,2,0,4,38,222,18,7,1,36,12,1,110,10,24,135,2,28,0,29,65,8,4,22,2,8,14,0,18,10,10
"Seguridad","Falsificación","2015_2",28,40,0,0,12,35,291,41,5,0,63,4,11,122,23,14,116,4,33,8,38,40,3,5,26,2,17,15,1,12,10,9
"Seguridad","Falsificación","2015_3",26,63,1,0,9,36,378,26,5,0,65,14,8,117,18,11,125,5,25,0,73,48,6,11,27,2,13,19,3,28,11,14
"Seguridad","Falsificación","2015_4",24,45,1,1,9,37,342,33,8,0,81,7,1,131,14,26,117,6,34,0,69,40,17,6,15,4,10,17,2,24,16,6
"Seguridad","Falsificación","2015_5",29,32,2,0,6,26,369,32,6,12,86,0,9,103,4,19,118,3,29,5,46,59,11,7,22,5,0,19,0,11,8,12
"Seguridad","Falsificación","2015_6",24,45,1,4,9,36,433,37,5,8,85,14,5,114,18,33,115,2,43,0,59,63,7,7,18,4,2,14,2,20,7,14
"Seguridad","Falsificación","2015_7",36,24,0,0,5,37,427,34,6,0,57,12,5,144,16,24,95,6,61,0,59,47,9,3,27,2,0,13,1,11,6,12
"Seguridad","Falsificación","2015_8",34,32,1,1,6,42,380,22,5,4,64,9,16,107,16,25,137,3,38,11,47,44,13,3,6,1,6,14,3,16,10,12
"Seguridad","Falsificación","2015_9",28,34,13,0,9,60,376,44,6,9,73,8,15,106,13,27,126,4,69,0,42,61,0,3,21,1,6,19,2,25,5,5
"Seguridad","Falsificación","2015_10",17,40,3,1,14,39,416,47,4,0,66,12,4,114,17,26,147,4,58,0,57,56,13,8,12,3,13,22,4,25,10,11
"Seguridad","Falsificación","2015_11",14,43,2,0,7,43,510,52,0,1,75,8,5,108,7,23,295,4,55,10,31,63,0,2,2,2,2,11,5,18,10,15
"Seguridad","Falsificación","2015_12",19,38,3,0,6,40,481,40,5,0,55,4,18,118,15,18,145,1,37,0,35,56,5,5,5,2,1,10,0,9,9,4
"Seguridad","Falsificación","2016_1",16,82,4,1,4,40,391,29,11,7,68,8,7,97,11,17,113,3,35,11,31,48,2,2,19,1,4,10,3,14,14,9
"Seguridad","Falsificación","2016_2",26,67,6,1,9,45,386,20,8,6,54,6,9,147,15,18,135,3,39,17,44,40,2,1,25,4,5,20,1,19,12,8
"Seguridad","Falsificación","2016_3",21,51,8,0,4,32,398,36,8,2,48,12,8,127,12,28,128,0,38,16,36,42,0,3,36,7,8,27,0,24,11,8
"Seguridad","Falsificación","2016_4",30,32,5,0,7,33,446,38,0,5,57,9,10,127,7,26,134,3,46,14,49,45,0,2,27,15,5,15,1,35,7,9
"Seguridad","Falsificación","2016_5",20,46,5,1,3,42,468,25,9,0,66,17,11,113,9,40,151,6,63,21,31,52,8,6,24,6,10,9,2,35,10,14
"Seguridad","Falsificación","2016_6",20,49,10,0,7,34,377,46,0,2,105,7,10,116,9,33,113,4,54,24,45,45,7,9,18,13,7,21,0,23,12,9
"Seguridad","Falsificación","2016_7",13,34,17,0,4,32,470,29,0,2,101,5,7,139,10,23,129,0,38,13,11,64,10,12,17,10,6,17,2,21,9,4
"Seguridad","Falsificación","2016_8",23,48,9,0,22,30,507,20,0,3,83,11,10,140,13,24,102,1,62,10,9,52,8,15,31,5,6,36,2,21,20,6
"Seguridad","Falsificación","2016_9",19,40,13,0,16,33,464,24,0,0,78,10,20,82,13,30,127,0,36,28,5,33,11,14,17,3,4,26,0,13,11,16
"Seguridad","Falsificación","2016_10",19,44,13,0,19,30,532,20,0,18,63,4,14,124,19,27,132,0,51,0,18,44,14,24,16,4,12,19,2,13,18,12
"Seguridad","Falsificación","2016_11",12,58,11,1,26,42,527,26,0,17,62,7,11,120,12,21,131,0,58,13,11,47,2,15,18,6,7,29,1,17,9,13
"Seguridad","Falsificación","2016_12",18,31,27,1,20,37,576,38,0,3,61,4,15,149,10,11,154,2,64,26,11,44,9,15,5,4,8,22,2,11,11,11
"Seguridad","Falsificación","2017_1",27,24,22,0,15,31,540,14,5,0,68,6,12,115,16,19,96,0,45,9,11,33,14,18,16,5,7,30,0,32,8,5
"Seguridad","Falsificación","2017_2",43,28,18,1,20,31,458,18,6,4,71,8,20,125,16,17,114,0,42,2,7,38,10,7,14,4,9,23,0,27,10,6
"Seguridad","Falsificación","2017_3",30,72,12,1,22,42,515,40,3,9,72,13,9,150,9,15,148,1,77,19,19,48,9,18,16,6,8,27,0,20,19,19
"Seguridad","Falsificación","2017_4",39,30,12,1,29,44,448,19,3,2,71,11,10,104,12,20,139,0,50,24,16,28,5,11,16,3,5,19,0,19,15,10
"Seguridad","Falsificación","2017_5",36,26,19,1,18,51,591,25,4,3,81,7,39,84,11,22,154,0,55,8,24,43,8,21,23,1,6,17,1,26,11,11
"Seguridad","Falsificación","2017_6",19,32,18,0,26,42,621,17,4,3,62,12,18,123,17,14,187,0,39,5,19,34,18,15,5,9,10,21,0,49,14,8
"Seguridad","Falsificación","2017_7",33,39,11,0,27,27,624,21,9,4,59,11,13,149,19,6,184,1,55,5,17,40,8,15,5,2,24,15,2,39,4,5
"Seguridad","Falsificación","2017_8",31,34,29,2,13,23,648,27,0,6,64,4,39,152,31,19,202,0,53,5,13,25,9,13,25,3,11,24,1,35,6,9
"Seguridad","Falsificación","2017_9",32,30,21,0,17,41,613,19,8,12,62,18,39,118,26,17,228,0,37,9,16,30,14,15,17,3,21,22,2,27,8,5
"Seguridad","Falsificación","2017_10",24,45,38,0,19,32,817,19,8,9,77,16,27,116,28,16,290,0,61,24,20,51,15,25,11,2,16,30,0,35,7,9
"Seguridad","Falsificación","2017_11",22,31,32,0,21,92,818,29,10,10,52,13,34,101,29,14,246,0,45,13,17,33,22,12,12,1,15,24,2,29,1,9
"Seguridad","Falsificación","2017_12",22,40,39,0,21,23,778,20,2,7,60,7,33,92,21,9,250,0,55,19,6,35,15,16,8,0,9,27,2,8,3,5
"Seguridad","Falsificación","2018_1",30,17,21,1,23,25,710,16,11,7,51,18,37,124,28,20,246,0,33,19,11,34,9,10,21,0,21,15,0,21,2,8
"Seguridad","Falsificación","2018_2",27,22,18,1,22,37,737,14,8,7,38,16,38,171,28,25,218,0,44,9,16,35,21,20,11,0,9,26,1,30,8,6
"Seguridad","Falsificación","2018_3",30,24,25,0,17,35,749,9,15,27,64,17,31,158,28,20,220,1,39,26,20,27,19,18,20,2,7,22,0,24,0,9
"Seguridad","Falsificación","2018_4",25,30,15,0,13,32,738,7,9,6,53,12,25,157,31,19,249,1,42,32,19,56,23,13,20,0,10,19,0,24,10,8
"Seguridad","Falsificación","2018_5",17,23,9,0,37,27,824,18,7,10,52,15,11,131,32,18,281,0,40,38,15,56,19,19,17,3,17,24,0,31,6,8
"Seguridad","Falsificación","2018_6",20,30,4,0,38,26,762,12,10,9,68,17,35,119,17,22,250,0,34,41,16,56,19,20,17,3,16,21,2,21,13,9
"Seguridad","Falsificación","2018_7",46,39,17,0,34,38,816,23,7,1,55,19,31,137,24,32,263,0,52,31,23,57,23,15,17,1,7,15,1,30,8,6
"Seguridad","Falsificación","2018_8",44,33,11,0,30,30,759,8,9,10,68,27,29,105,30,36,310,0,49,26,19,52,16,17,19,0,17,29,3,29,6,11
"Seguridad","Falsificación","2018_9",49,21,6,0,31,26,736,14,3,2,61,27,28,116,28,31,254,1,57,16,29,60,18,17,16,0,11,28,0,36,3,6
"Seguridad","Falsificación","2018_10",69,18,6,2,50,36,729,17,6,2,95,26,14,125,29,27,298,1,59,24,28,70,18,16,7,1,29,20,1,47,8,14
"Seguridad","Falsificación","2018_11",51,40,11,0,26,18,689,17,13,4,42,27,14,132,21,15,324,1,47,16,16,38,16,17,10,4,20,27,3,46,3,5
"Seguridad","Falsificación","2018_12",42,19,2,0,39,41,784,13,7,8,46,17,14,333,24,24,261,0,36,18,18,39,22,7,10,5,5,19,0,43,4,3
"Seguridad","Falsificación","2019_1",62,14,7,0,34,28,719,8,4,3,46,25,11,433,25,19,282,0,62,15,22,65,19,19,14,4,15,18,0,30,1,8
"Seguridad","Falsificación","2019_2",63,21,8,0,29,34,573,20,11,1,42,32,25,121,31,29,265,0,61,18,27,42,22,14,19,5,14,34,0,27,2,10
"Seguridad","Falsificación","2019_3",97,35,4,0,46,40,683,17,10,2,49,20,28,140,36,24,334,0,47,18,33,61,20,19,12,4,39,21,0,48,3,10
"Seguridad","Falsificación","2019_4",86,29,6,0,26,37,599,16,12,4,42,25,21,160,31,16,255,1,39,16,32,73,22,13,21,2,35,15,1,94,5,14
"Seguridad","Falsificación","2019_5",53,36,3,0,34,43,637,13,8,13,44,16,21,144,34,12,248,3,39,22,24,63,22,13,12,2,18,23,0,56,1,13
"Seguridad","Falsificación","2019_6",64,21,7,1,24,39,611,10,5,8,73,23,25,112,39,15,270,1,62,36,27,58,28,14,8,4,29,18,0,72,5,11
"Seguridad","Falsificación","2019_7",120,32,3,0,25,52,610,18,1,18,54,14,23,144,32,13,279,3,87,29,31,73,30,20,7,0,27,13,0,46,4,4
"Seguridad","Falsificación","2019_8",87,53,8,0,17,34,569,20,6,16,38,15,16,151,44,24,174,1,106,28,29,49,28,16,11,2,25,18,0,34,7,13
"Seguridad","Falsificación","2019_9",32,35,3,0,6,38,514,12,12,4,53,25,16,112,47,26,139,0,71,29,16,57,20,12,16,2,31,11,0,44,5,9
"Seguridad","Falsificación","2019_10",47,148,7,0,10,64,527,21,6,6,72,24,23,124,56,31,126,0,74,21,16,68,25,19,16,0,23,16,0,68,9,9
"Seguridad","Falsificación","2019_11",61,23,4,0,7,32,569,8,9,8,55,23,20,92,29,28,109,0,63,10,19,46,14,8,16,5,16,14,0,45,15,10
"Seguridad","Falsificación","2019_12",41,33,18,1,13,51,541,15,13,9,33,26,24,91,27,19,145,0,73,29,15,40,14,7,15,2,11,12,0,37,6,15
"Seguridad","Falsificación","2020_1",83,26,7,0,14,44,508,15,14,7,55,23,19,120,29,21,111,0,91,30,24,47,22,12,17,2,20,11,1,27,2,11
"Seguridad","Falsificación","2020_2",85,27,6,2,8,40,498,16,23,17,40,37,30,90,42,24,113,0,116,41,26,36,27,4,17,2,26,10,0,86,3,12
"Seguridad","Falsificación","2020_3",65,30,16,7,10,36,441,15,9,5,41,41,14,111,31,21,82,1,74,29,15,29,20,10,12,1,10,18,0,56,1,5
"Seguridad","Falsificación","2020_4",52,12,2,0,2,19,179,1,6,6,7,5,4,108,25,25,55,0,29,5,16,11,5,3,1,0,2,6,0,25,2,2
"Seguridad","Falsificación","2020_5",62,7,1,1,2,33,176,4,11,0,9,11,0,150,26,10,77,0,33,11,14,12,3,4,0,0,3,9,2,21,0,2
"Seguridad","Falsificación","2020_6",62,14,7,0,0,114,210,5,3,0,31,14,2,196,34,30,104,1,87,16,22,20,27,8,7,0,11,7,1,17,2,5
"Seguridad","Falsificación","2020_7",47,40,9,1,2,79,263,14,12,4,36,12,7,171,24,15,94,0,69,14,20,18,25,13,2,1,15,16,0,17,3,8
"Seguridad","Falsificación","2020_8",65,48,17,0,3,68,294,13,10,13,26,10,11,142,42,15,155,0,82,20,22,33,14,3,5,3,29,10,1,20,2,3
"Seguridad","Falsificación","2020_9",75,39,16,1,9,105,283,8,9,8,46,15,24,141,47,11,167,2,93,19,25,21,24,9,10,4,17,8,0,33,6,3
"Seguridad","Falsificación","2020_10",77,45,11,1,4,115,327,9,10,3,42,26,26,175,59,16,161,0,123,21,44,32,16,8,8,3,19,14,1,26,4,8
"Seguridad","Falsificación","2020_11",77,32,8,0,2,108,300,6,7,2,35,18,15,159,79,19,185,1,112,19,35,22,18,15,20,4,14,14,0,23,3,5
"Seguridad","Falsificación","2020_12",67,21,7,0,5,115,240,6,9,7,29,15,12,131,87,11,158,0,116,27,37,19,24,5,17,2,15,10,1,35,5,5
"Seguridad","Falsificación","2021_1",86,18,7,1,4,130,152,7,16,5,24,12,5,122,53,16,130,0,137,45,22,11,15,4,13,0,10,12,0,28,4,11
"Seguridad","Falsificación","2021_2",95,22,11,0,10,125,188,16,19,8,34,19,5,103,49,13,108,1,153,28,25,11,20,7,9,2,16,7,0,32,0,11
"Seguridad","Falsificación","2021_3",67,59,6,0,9,151,245,7,18,12,49,12,16,140,86,16,139,0,181,32,29,21,31,13,21,5,24,8,0,44,2,10
"Seguridad","Falsificación","2021_4",86,48,16,0,5,98,226,20,22,11,23,17,19,106,72,8,105,0,169,24,31,23,25,12,11,7,26,10,1,29,0,6
"Seguridad","Falsificación","2021_5",64,27,8,0,5,108,247,8,16,9,48,21,21,96,77,17,121,0,115,36,38,11,29,13,17,3,11,11,0,33,4,7
"Seguridad","Falsificación","2021_6",62,29,12,0,6,104,241,16,16,14,49,21,16,131,83,7,125,0,129,33,34,20,19,15,15,1,29,12,0,40,3,7
"Seguridad","Falsificación","2021_7",62,44,9,0,11,121,246,13,13,13,37,22,22,151,55,18,163,1,107,23,28,8,19,13,7,4,13,11,0,37,0,2
"Seguridad","Falsificación","2021_8",80,45,9,0,1,119,232,8,13,19,45,9,16,174,74,10,134,2,128,34,45,22,17,19,10,4,23,12,2,31,0,9
"Seguridad","Falsificación","2021_9",65,40,12,0,3,90,194,11,16,6,44,21,19,107,70,18,156,0,107,29,33,19,36,16,11,11,19,6,0,42,0,7
"Seguridad","Falsificación","2021_10",74,36,6,1,9,120,209,6,27,14,56,26,19,140,80,15,144,1,129,32,48,28,18,19,16,8,18,8,0,47,3,12
"Seguridad","Falsificación","2021_11",56,24,0,23,5,85,214,8,20,8,70,19,17,97,84,14,131,1,143,17,49,18,12,10,20,7,27,4,0,33,1,5
"Seguridad","Falsificación","2021_12",51,45,3,17,1,57,234,5,20,9,96,24,18,97,73,18,163,1,183,20,35,21,18,10,17,3,16,6,0,34,0,8
"Seguridad","Falsificación","2022_1",96,23,2,23,5,54,195,10,17,9,38,18,8,82,83,12,148,0,161,15,25,18,14,13,9,2,16,7,0,21,0,5
"Seguridad","Falsificación","2022_2",115,18,10,25,6,50,183,6,29,13,62,29,15,111,73,17,264,6,148,15,37,18,21,12,12,3,14,8,0,37,0,14
"Seguridad","Falsificación","2022_3",77,26,10,22,4,54,208,8,19,14,73,27,11,124,67,18,313,0,125,27,41,19,44,17,7,1,33,13,1,49,0,7
"Seguridad","Falsificación","2022_4",65,22,10,23,5,47,194,7,11,6,60,30,24,133,47,15,270,4,148,21,60,18,28,14,15,3,17,2,0,36,0,10
"Seguridad","Falsificación","2022_5",79,43,6,30,2,56,210,6,9,5,64,25,18,110,57,18,280,1,141,21,30,19,23,15,14,4,11,8,4,36,1,9
"Seguridad","Falsificación","2022_6",52,59,9,21,4,52,233,15,14,14,47,25,21,136,77,18,287,1,126,26,54,14,26,18,17,3,15,10,2,36,0,19
"Seguridad","Falsificación","2022_7",70,62,4,21,4,68,209,8,15,3,64,28,15,114,50,8,227,2,128,30,49,25,25,19,13,6,20,9,0,39,0,6
"Seguridad","Falsificación","2022_8",57,62,4,26,4,70,232,14,4,2,65,28,36,107,62,24,226,2,107,34,31,14,23,21,33,4,24,15,1,38,0,5
"Seguridad","Falsificación","2022_9",57,46,7,17,4,97,184,21,4,8,69,24,21,84,61,12,221,2,89,22,40,12,31,11,10,3,19,8,0,34,1,10
"Seguridad","Falsificación","2022_10",59,28,7,25,1,87,172,5,11,9,70,28,14,114,76,18,245,2,83,30,39,13,28,18,20,1,18,13,0,40,1,10
"Seguridad","Falsificación","2022_11",54,33,6,22,0,84,211,5,4,6,49,23,16,104,67,12,189,2,116,31,43,10,24,7,10,2,16,15,0,34,1,13
"Seguridad","Falsificación","2022_12",43,15,2,20,3,92,178,10,12,6,46,12,16,91,39,11,192,1,98,25,47,22,20,11,17,5,6,12,0,31,1,8
"Seguridad","Falsificación","2023_1",36,18,3,22,5,69,181,5,9,9,40,11,19,111,55,15,231,2,100,18,42,11,27,10,11,3,25,15,1,18,1,15
"Seguridad","Falsificación","2023_2",11,17,6,37,3,74,177,6,5,10,54,33,16,100,55,19,200,4,113,22,37,16,18,13,8,1,13,14,0,39,0,7
"Seguridad","Falsificación","2023_3",16,21,6,38,5,89,210,8,8,9,63,30,26,117,51,16,217,5,128,24,57,14,23,20,15,2,11,16,0,33,0,11
"Seguridad","Falsificación","2023_4",12,25,11,29,9,83,153,8,2,6,64,34,25,101,54,12,182,0,69,31,31,10,13,18,8,4,15,9,0,28,0,10
"Seguridad","Falsificación","2023_5",12,38,6,34,2,88,163,7,11,5,65,27,26,141,78,23,185,1,97,30,34,17,19,21,29,3,21,13,0,49,0,6
"Seguridad","Falsificación","2023_6",15,35,6,41,7,86,236,13,6,9,71,36,17,111,71,14,208,1,87,16,46,14,22,15,16,5,14,15,2,58,3,9
"Seguridad","Falsificación","2023_7",22,25,6,29,2,76,232,4,5,3,84,27,25,119,72,12,216,1,91,20,26,18,14,14,5,6,21,7,0,41,0,9
"Seguridad","Falsificación","2023_8",18,26,7,23,5,81,246,1,1,2,84,27,14,116,72,16,230,3,95,24,35,19,16,11,17,9,17,9,0,34,0,2
"Seguridad","Falsificación","2023_9",20,20,13,17,2,65,188,14,5,8,67,23,23,124,61,16,193,4,85,23,27,11,29,14,27,6,12,13,0,51,0,13
"Seguridad","Falsificación","2023_10",14,47,13,12,7,90,182,12,11,9,105,25,22,136,56,18,219,4,97,24,32,11,18,21,24,2,7,9,1,23,1,16
"Seguridad","Falsificación","2023_11",15,20,3,28,4,64,186,7,7,6,58,4,27,109,38,18,229,3,99,15,29,14,16,10,9,5,10,10,0,54,1,8
"Seguridad","Falsificación","2023_12",4,23,4,18,4,62,170,5,10,5,70,3,19,90,47,5,188,1,73,18,26,15,19,10,7,4,18,7,0,23,1,2
"Seguridad","Falsificación","2024_1",15,33,4,27,8,79,182,5,18,9,42,15,19,118,42,15,212,1,86,27,27,8,25,10,13,3,10,10,0,31,1,3
"Seguridad","Falsificación","2024_2",19,22,6,17,5,85,193,13,15,8,72,21,14,119,56,16,209,3,91,30,22,17,23,13,10,4,17,10,0,41,0,9
"Seguridad","Falsificación","2024_3",22,26,3,18,0,70,220,12,14,9,70,21,12,115,37,15,153,1,57,22,30,20,31,11,6,6,11,10,0,33,0,16
"Seguridad","Falsificación","2024_4",16,56,9,18,8,96,223,6,26,6,79,23,19,113,55,32,188,5,72,19,30,16,32,22,21,2,14,12,1,29,0,14
"Seguridad","Falsificación","2024_5",19,34,4,18,10,94,222,16,11,5,80,23,16,109,54,15,214,2,65,36,52,28,25,3,12,4,13,11,0,47,0,8
"Seguridad","Falsificación","2024_6",23,25,11,12,9,87,199,12,21,8,76,33,18,83,43,11,246,8,46,28,24,13,31,25,8,5,13,11,0,51,0,8
"Seguridad","Falsificación","2024_7",18,33,7,6,2,106,238,12,22,3,117,13,17,136,52,14,200,2,81,24,28,18,21,20,14,0,13,14,0,39,0,8
"Seguridad","Falsificación","2024_8",18,18,8,5,5,89,290,15,19,2,135,11,12,90,40,15,306,0,79,24,18,10,16,26,13,7,13,13,0,29,0,10
"Seguridad","Falsificación","2024_9",9,23,6,2,2,79,237,8,8,6,93,19,15,78,30,13,195,3,71,21,14,14,25,27,17,5,14,20,0,36,1,11
"Seguridad","Falsificación","2024_10",23,38,4,0,6,93,247,16,83,9,83,25,12,91,60,23,244,3,77,30,23,17,36,17,13,3,12,16,0,34,0,19
"Seguridad","Falsificación","2024_11",18,35,7,3,2,82,177,12,7,6,90,19,14,78,32,15,170,2,68,22,19,20,34,7,5,4,6,12,0,31,1,9
"Seguridad","Falsificación","2024_12",20,23,4,3,1,79,183,3,46,6,119,22,10,100,29,14,145,2,50,35,23,13,18,5,6,1,3,14,0,32,1,5
"Seguridad","Falsificación","2025_1",33,25,14,1,3,92,187,19,44,5,58,19,23,100,58,20,147,1,48,18,46,19,19,15,13,3,2,12,0,29,0,6
"Seguridad","Falsificación","2025_2",20,19,11,3,5,88,179,13,13,5,100,21,27,153,49,16,162,1,59,26,90,17,22,11,15,3,15,11,0,31,2,5
"Seguridad","Falsificación","2025_3",14,23,7,1,2,95,183,13,13,4,120,22,19,87,42,9,213,2,81,17,66,20,17,10,19,5,16,13,0,28,2,10
"Seguridad","Falsificación","2025_4",19,20,4,1,15,63,191,10,42,4,121,17,16,117,41,19,169,1,69,17,59,15,21,11,10,4,20,17,0,28,0,12
"Seguridad","Falsificación","2025_5",22,22,10,0,5,61,218,10,24,4,133,21,21,137,61,11,127,2,62,20,60,14,24,19,21,2,6,59,0,40,0,8
"Seguridad","Falsificación","2025_6",17,32,14,2,7,59,204,21,29,5,131,15,26,143,117,20,148,1,65,22,64,27,25,13,18,1,19,21,0,34,1,9
"Seguridad","Falsificación","2025_7",0,0,0,0,0,0,0,0,0,0,0,0,0,0,0,0,0,0,0,0,0,0,0,0,0,0,0,0,0,0,0,0
"Seguridad","Falsificación","2025_8",0,0,0,0,0,0,0,0,0,0,0,0,0,0,0,0,0,0,0,0,0,0,0,0,0,0,0,0,0,0,0,0
"Seguridad","Falsificación","2025_9",0,0,0,0,0,0,0,0,0,0,0,0,0,0,0,0,0,0,0,0,0,0,0,0,0,0,0,0,0,0,0,0
"Seguridad","Falsificación","2025_10",0,0,0,0,0,0,0,0,0,0,0,0,0,0,0,0,0,0,0,0,0,0,0,0,0,0,0,0,0,0,0,0
"Seguridad","Falsificación","2025_11",0,0,0,0,0,0,0,0,0,0,0,0,0,0,0,0,0,0,0,0,0,0,0,0,0,0,0,0,0,0,0,0
"Seguridad","Falsificación","2025_12",0,0,0,0,0,0,0,0,0,0,0,0,0,0,0,0,0,0,0,0,0,0,0,0,0,0,0,0,0,0,0,0
"Seguridad","Feminicidio","2015_1",0,0,0,1,2,0,4,1,0,0,1,0,0,4,0,1,8,0,0,0,1,2,0,0,2,2,0,0,0,3,0,0
"Seguridad","Feminicidio","2015_2",0,0,0,2,2,0,2,1,0,1,0,1,0,5,0,1,5,0,0,1,0,1,0,0,2,3,0,0,0,3,0,0
"Seguridad","Feminicidio","2015_3",0,3,0,0,0,0,4,1,0,0,1,0,0,8,0,1,5,0,0,0,0,0,0,1,2,2,1,0,0,2,0,0
"Seguridad","Feminicidio","2015_4",0,2,0,0,4,0,10,2,0,0,2,0,0,2,1,1,3,0,0,0,1,1,0,0,1,0,1,0,0,4,0,0
"Seguridad","Feminicidio","2015_5",0,0,0,0,2,0,6,0,0,0,2,0,0,2,0,0,5,0,0,0,0,0,0,4,3,1,0,0,0,3,0,0
"Seguridad","Feminicidio","2015_6",0,1,0,1,4,0,5,2,0,0,1,0,0,5,1,0,4,0,1,0,0,0,0,1,0,1,0,0,0,1,0,0
"Seguridad","Feminicidio","2015_7",0,0,0,0,5,0,2,0,2,0,2,0,0,5,1,1,4,0,0,0,1,1,0,0,0,5,0,0,0,4,0,0
"Seguridad","Feminicidio","2015_8",0,2,0,0,2,0,8,1,0,0,1,0,0,5,0,2,9,0,0,4,0,0,0,0,1,1,0,0,0,4,0,0
"Seguridad","Feminicidio","2015_9",0,0,0,0,2,0,8,1,1,0,3,0,0,6,3,1,6,0,0,0,0,2,0,1,0,2,0,0,0,5,0,0
"Seguridad","Feminicidio","2015_10",0,1,0,0,6,0,1,4,0,1,2,0,0,8,3,2,7,0,0,0,1,1,0,0,2,2,0,0,0,5,0,0
"Seguridad","Feminicidio","2015_11",0,0,0,0,2,0,2,0,0,0,1,0,0,7,2,3,2,0,0,3,1,0,0,0,0,2,2,0,1,2,0,0
"Seguridad","Feminicidio","2015_12",0,1,0,0,5,0,4,3,2,0,0,0,0,5,1,2,2,0,0,0,1,0,0,0,1,3,4,0,0,4,1,0
"Seguridad","Feminicidio","2016_1",0,0,0,1,2,0,4,4,2,0,1,2,0,2,1,0,3,0,0,7,1,0,0,0,0,0,2,0,0,3,0,0
"Seguridad","Feminicidio","2016_2",0,0,0,0,4,0,3,0,2,0,1,0,2,7,0,1,4,0,0,7,3,0,0,0,3,1,4,0,0,4,0,1
"Seguridad","Feminicidio","2016_3",0,1,0,1,9,0,9,1,5,0,0,1,2,6,3,2,8,0,0,8,0,0,0,1,0,2,4,1,0,4,0,0
"Seguridad","Feminicidio","2016_4",0,3,0,0,4,0,3,2,3,0,1,2,2,6,1,3,6,0,0,7,2,0,0,0,1,3,0,0,0,7,0,0
"Seguridad","Feminicidio","2016_5",0,0,0,0,0,0,9,2,4,0,1,4,3,3,2,1,5,0,1,4,2,0,0,0,1,1,4,0,0,0,1,3
"Seguridad","Feminicidio","2016_6",0,1,0,0,2,0,4,2,4,1,1,0,4,2,2,7,9,0,1,7,0,0,0,0,0,2,1,0,0,6,0,2
"Seguridad","Feminicidio","2016_7",0,1,0,0,2,0,3,0,1,0,1,2,2,4,3,3,4,0,0,6,0,0,0,0,1,2,1,0,0,4,0,1
"Seguridad","Feminicidio","2016_8",0,0,0,0,1,0,0,0,1,0,0,4,2,3,2,5,6,0,0,6,0,1,0,0,7,2,0,0,0,5,0,1
"Seguridad","Feminicidio","2016_9",0,2,0,1,2,0,5,0,0,1,2,1,1,5,2,1,4,0,0,6,3,0,0,1,7,2,2,0,1,4,0,1
"Seguridad","Feminicidio","2016_10",0,1,0,0,3,0,2,0,0,0,1,2,0,3,2,1,4,0,0,0,0,0,0,2,11,4,2,0,0,6,0,2
"Seguridad","Feminicidio","2016_11",0,2,0,0,3,0,1,1,0,0,2,2,3,2,6,4,2,0,0,5,0,0,0,2,4,5,5,0,0,9,0,0
"Seguridad","Feminicidio","2016_12",0,1,0,0,0,0,3,1,0,0,3,1,1,5,2,2,2,0,1,4,1,0,0,2,4,6,2,0,0,6,0,0
"Seguridad","Feminicidio","2017_1",0,0,0,1,1,0,5,0,0,2,1,1,2,1,3,5,4,0,0,4,3,0,0,3,5,2,1,0,0,5,0,0
"Seguridad","Feminicidio","2017_2",0,0,0,0,3,0,4,3,0,0,1,1,2,0,5,2,13,0,0,4,1,0,0,0,7,4,1,0,0,10,1,2
"Seguridad","Feminicidio","2017_3",0,1,0,0,0,0,3,1,1,0,2,1,1,1,4,2,6,0,1,4,3,0,1,3,9,1,1,0,0,12,2,1
"Seguridad","Feminicidio","2017_4",0,2,0,0,5,0,2,1,0,0,0,2,4,3,1,4,7,0,0,7,3,0,0,1,3,3,5,0,0,7,0,1
"Seguridad","Feminicidio","2017_5",0,1,0,0,2,0,2,0,0,1,0,3,0,3,4,4,4,0,2,6,4,0,0,1,10,4,5,1,0,10,1,2
"Seguridad","Feminicidio","2017_6",0,0,0,0,3,0,9,0,0,2,2,2,1,0,2,6,5,1,6,5,4,0,0,4,5,6,1,1,0,7,3,0
"Seguridad","Feminicidio","2017_7",0,1,0,0,2,0,2,1,1,0,2,2,2,4,2,3,9,1,6,4,4,0,0,0,9,3,1,2,0,7,0,2
"Seguridad","Feminicidio","2017_8",0,0,0,0,7,0,3,0,0,2,2,1,1,2,3,0,4,0,4,9,2,1,1,0,9,1,2,0,1,12,0,1
"Seguridad","Feminicidio","2017_9",0,0,0,0,1,0,1,2,0,0,0,2,0,2,1,0,3,1,8,7,2,0,0,0,7,4,3,2,1,9,0,0
"Seguridad","Feminicidio","2017_10",0,4,0,0,2,0,2,0,0,1,2,2,3,4,0,1,4,1,4,4,0,0,2,1,6,2,4,0,0,8,1,1
"Seguridad","Feminicidio","2017_11",0,1,0,0,0,8,1,1,1,1,0,2,4,1,0,0,6,1,8,2,1,0,0,2,8,2,1,0,0,5,0,1
"Seguridad","Feminicidio","2017_12",0,1,0,0,3,3,3,0,1,0,0,2,2,6,4,0,5,0,4,1,0,0,0,3,4,0,3,0,0,8,1,0
"Seguridad","Feminicidio","2018_1",0,1,0,0,1,4,5,1,0,0,2,4,2,5,4,1,6,0,7,2,1,0,2,3,3,2,3,1,0,4,1,4
"Seguridad","Feminicidio","2018_2",0,2,0,0,3,4,3,0,1,1,5,3,1,5,1,2,5,0,5,1,2,0,0,3,4,3,2,0,1,8,0,1
"Seguridad","Feminicidio","2018_3",0,0,0,0,3,6,5,0,2,0,1,3,1,3,4,1,2,1,6,4,2,0,0,1,4,1,2,2,0,9,1,4
"Seguridad","Feminicidio","2018_4",1,2,0,0,4,1,5,0,2,0,0,2,3,4,1,4,7,1,5,0,2,0,0,4,3,2,5,3,1,16,0,1
"Seguridad","Feminicidio","2018_5",0,0,0,0,2,4,5,1,2,0,1,1,3,2,0,1,11,0,4,1,2,0,0,1,5,5,3,0,0,8,0,1
"Seguridad","Feminicidio","2018_6",0,4,0,1,1,7,2,1,0,0,1,4,3,2,2,3,10,1,3,5,2,0,0,2,2,0,4,1,0,13,0,2
"Seguridad","Feminicidio","2018_7",0,2,0,3,2,2,6,0,1,0,2,3,3,3,0,2,16,0,7,1,2,1,1,3,8,1,4,1,1,4,0,5
"Seguridad","Feminicidio","2018_8",2,2,0,0,0,6,1,1,0,1,1,2,0,0,2,1,11,0,6,4,2,2,0,3,4,1,1,0,0,10,2,0
"Seguridad","Feminicidio","2018_9",0,4,0,0,2,2,5,1,0,1,0,4,2,2,4,3,5,0,15,4,4,0,2,2,0,4,4,2,1,5,0,0
"Seguridad","Feminicidio","2018_10",0,6,0,1,2,3,3,2,1,1,4,2,1,0,1,2,14,0,9,1,7,2,0,3,3,4,4,1,1,6,1,0
"Seguridad","Feminicidio","2018_11",1,0,0,0,1,3,3,3,2,0,3,2,1,2,0,2,14,0,7,3,4,1,0,2,2,2,2,1,0,3,1,2
"Seguridad","Feminicidio","2018_12",0,4,0,0,0,2,4,3,1,0,1,3,0,5,2,6,14,1,5,3,2,1,3,0,10,6,6,1,0,15,1,0
"Seguridad","Feminicidio","2019_1",0,1,0,0,1,5,3,1,0,0,0,0,3,5,0,0,9,1,7,4,8,0,0,2,4,3,2,0,0,7,0,1
"Seguridad","Feminicidio","2019_2",1,1,0,0,1,2,3,3,1,1,4,1,0,7,2,5,7,1,5,2,0,0,1,2,2,5,2,0,0,6,0,1
"Seguridad","Feminicidio","2019_3",0,2,0,0,4,2,4,4,0,0,0,4,1,5,1,3,6,0,2,1,7,1,1,2,1,6,4,1,2,12,0,0
"Seguridad","Feminicidio","2019_4",0,0,0,0,0,4,5,1,0,1,1,1,4,3,1,2,7,1,6,1,3,2,1,1,3,2,2,1,1,10,1,1
"Seguridad","Feminicidio","2019_5",0,5,0,1,3,6,2,3,0,1,0,2,1,4,0,3,10,0,2,4,6,1,2,2,3,4,3,3,0,4,2,1
"Seguridad","Feminicidio","2019_6",0,4,0,0,1,5,9,4,2,2,0,2,2,4,0,3,5,0,2,3,4,2,0,3,4,2,2,0,3,13,0,0
"Seguridad","Feminicidio","2019_7",1,3,0,0,0,2,5,1,0,0,3,4,2,6,3,2,13,0,8,3,7,0,1,1,6,2,3,1,0,9,0,1
"Seguridad","Feminicidio","2019_8",1,1,0,1,3,1,5,2,1,2,1,0,1,7,0,3,11,0,14,2,4,2,4,3,4,2,2,1,0,13,0,1
"Seguridad","Feminicidio","2019_9",1,1,0,1,3,1,14,2,1,1,2,0,1,4,0,6,13,0,7,3,5,1,2,0,5,2,1,3,0,6,0,1
"Seguridad","Feminicidio","2019_10",0,4,1,0,1,0,5,0,1,1,1,1,2,6,4,3,11,1,5,2,5,0,1,3,0,2,2,2,1,5,0,2
"Seguridad","Feminicidio","2019_11",0,0,1,1,0,2,8,2,1,1,3,1,1,5,2,4,14,0,3,2,6,1,2,3,2,3,3,2,0,6,0,1
"Seguridad","Feminicidio","2019_12",1,1,0,2,3,0,9,1,3,0,3,2,2,9,1,5,15,1,6,1,2,0,1,6,3,4,1,2,0,7,0,1
"Seguridad","Feminicidio","2020_1",1,2,0,1,4,1,4,1,0,2,4,0,1,4,0,4,5,1,8,2,7,1,0,3,6,2,2,3,0,4,1,0
"Seguridad","Feminicidio","2020_2",0,6,0,0,0,2,8,3,2,0,1,3,3,3,1,3,14,1,7,2,10,0,2,3,2,2,2,0,0,10,0,1
"Seguridad","Feminicidio","2020_3",0,1,0,1,3,1,7,2,1,2,2,3,2,6,5,2,12,0,5,2,5,1,1,3,0,0,0,0,0,7,1,1
"Seguridad","Feminicidio","2020_4",0,2,1,0,2,3,7,2,1,1,1,2,0,8,1,4,6,1,4,4,3,0,2,2,3,4,2,1,0,4,0,1
"Seguridad","Feminicidio","2020_5",0,4,1,0,3,2,7,1,1,1,0,0,4,6,1,3,12,2,6,2,3,0,1,1,0,1,0,0,0,4,1,0
"Seguridad","Feminicidio","2020_6",0,5,0,1,2,8,7,4,0,0,1,1,1,4,1,4,14,2,5,5,7,0,1,3,2,1,1,1,1,8,1,2
"Seguridad","Feminicidio","2020_7",0,3,0,0,1,3,7,1,1,2,1,1,1,2,2,5,19,1,4,3,3,0,0,2,2,1,2,0,0,6,0,0
"Seguridad","Feminicidio","2020_8",0,2,0,0,1,3,6,1,0,2,1,0,3,4,2,2,17,1,3,3,1,2,1,2,1,2,2,0,0,9,1,2
"Seguridad","Feminicidio","2020_9",0,3,0,0,2,5,8,3,1,0,3,0,1,5,1,1,9,1,8,1,1,1,1,2,4,3,2,4,3,6,1,0
"Seguridad","Feminicidio","2020_10",1,1,0,0,1,1,7,4,0,1,2,2,1,9,1,1,14,1,7,1,4,4,2,1,0,5,0,0,2,4,0,1
"Seguridad","Feminicidio","2020_11",1,1,0,0,4,1,4,1,0,1,2,0,0,6,3,3,15,1,5,7,6,2,2,2,3,5,2,0,0,6,0,2
"Seguridad","Feminicidio","2020_12",0,1,2,0,5,0,6,1,0,0,1,1,2,13,3,3,14,0,5,4,2,0,2,3,3,4,0,2,2,5,0,0
"Seguridad","Feminicidio","2021_1",2,3,0,0,4,6,1,2,1,1,3,2,2,4,1,5,11,0,2,2,1,1,2,4,4,4,0,0,2,6,0,0
"Seguridad","Feminicidio","2021_2",1,1,2,1,5,1,6,2,0,0,2,1,1,7,2,2,15,1,5,3,2,0,0,2,3,0,0,0,1,8,1,0
"Seguridad","Feminicidio","2021_3",1,1,0,0,3,3,14,0,0,2,4,1,5,8,3,5,11,1,3,7,8,1,2,2,2,7,1,1,0,7,0,0
"Seguridad","Feminicidio","2021_4",1,0,0,2,3,3,5,2,1,1,1,1,2,9,1,3,14,0,4,1,6,1,2,1,1,2,0,1,2,6,0,3
"Seguridad","Feminicidio","2021_5",0,1,0,1,9,4,7,0,1,1,6,1,1,14,2,3,11,0,6,3,4,2,4,3,3,7,2,1,2,3,1,3
"Seguridad","Feminicidio","2021_6",0,1,2,0,4,5,5,2,0,1,2,1,1,9,5,3,6,0,1,4,3,1,4,2,9,2,3,0,0,8,0,0
"Seguridad","Feminicidio","2021_7",1,6,0,1,3,2,5,1,0,1,2,0,0,2,3,0,12,0,4,7,4,1,1,2,2,5,1,0,0,3,1,0
"Seguridad","Feminicidio","2021_8",0,3,0,0,3,10,8,6,0,0,5,2,1,6,3,0,19,2,10,3,0,0,4,1,5,3,1,0,1,7,1,4
"Seguridad","Feminicidio","2021_9",1,1,0,1,4,2,4,0,0,1,3,0,3,2,2,1,13,1,7,2,1,0,1,2,2,2,0,1,1,5,0,1
"Seguridad","Feminicidio","2021_10",1,0,1,0,2,4,5,2,0,1,1,4,1,5,1,0,8,0,9,3,2,0,0,1,6,1,3,0,0,6,0,0
"Seguridad","Feminicidio","2021_11",1,2,1,1,2,2,4,3,1,1,0,3,3,5,1,1,12,1,6,5,2,2,2,1,0,2,2,1,0,4,1,0
"Seguridad","Feminicidio","2021_12",0,1,1,0,4,2,4,2,0,0,1,1,1,6,4,0,13,1,9,3,4,0,3,3,3,7,2,0,1,4,0,0
"Seguridad","Feminicidio","2022_1",2,2,1,1,4,3,6,2,2,1,2,1,1,5,4,1,14,0,5,5,2,0,0,0,2,1,5,1,0,5,1,1
"Seguridad","Feminicidio","2022_2",2,4,1,2,3,4,5,2,0,0,1,0,3,3,4,3,9,0,7,6,3,1,2,1,2,2,2,2,2,9,0,1
"Seguridad","Feminicidio","2022_3",1,4,0,0,1,5,3,2,1,2,2,1,0,3,1,6,17,0,7,4,1,0,0,1,1,2,1,1,1,6,0,2
"Seguridad","Feminicidio","2022_4",0,2,1,0,4,5,4,1,2,1,2,2,1,2,5,6,11,0,13,1,1,1,2,2,1,1,0,1,0,11,0,1
"Seguridad","Feminicidio","2022_5",0,1,0,3,2,4,6,4,2,2,1,0,0,3,2,3,12,1,14,4,2,2,1,0,1,3,0,4,0,6,1,2
"Seguridad","Feminicidio","2022_6",1,3,0,1,6,4,8,3,3,2,4,0,2,4,3,3,15,0,10,4,3,0,3,0,1,6,0,1,0,3,1,0
"Seguridad","Feminicidio","2022_7",0,1,1,2,2,4,8,0,2,2,0,1,1,0,3,0,8,1,6,1,2,3,0,0,3,4,1,1,2,3,0,1
"Seguridad","Feminicidio","2022_8",0,1,0,1,5,3,5,3,2,1,2,1,2,3,1,2,9,0,10,4,0,0,1,1,2,2,4,1,0,6,0,2
"Seguridad","Feminicidio","2022_9",1,3,1,0,5,3,7,1,1,0,1,2,2,3,7,2,8,0,11,4,3,2,1,1,2,2,1,2,0,5,0,0
"Seguridad","Feminicidio","2022_10",2,1,1,0,6,2,7,3,0,4,2,3,0,7,4,1,19,0,2,5,2,2,1,0,1,3,1,1,0,4,0,2
"Seguridad","Feminicidio","2022_11",0,2,0,0,4,3,11,2,2,2,3,1,3,2,4,3,9,0,7,1,0,0,1,3,1,3,0,3,0,2,1,2
"Seguridad","Feminicidio","2022_12",1,2,0,1,2,3,5,0,1,1,1,0,4,6,5,2,7,0,10,1,1,1,2,3,3,6,2,1,0,5,1,1
"Seguridad","Feminicidio","2023_1",0,3,0,0,1,3,7,0,2,1,0,1,3,5,1,2,7,2,4,10,1,1,1,0,2,4,2,0,0,7,1,1
"Seguridad","Feminicidio","2023_2",0,2,0,1,5,2,6,1,0,2,1,3,1,4,2,4,11,0,5,5,2,0,3,3,1,1,2,1,2,4,1,1
"Seguridad","Feminicidio","2023_3",1,2,1,1,4,5,5,1,2,1,2,0,2,0,3,2,7,2,8,5,5,2,1,2,2,3,3,1,1,8,2,1
"Seguridad","Feminicidio","2023_4",0,0,0,1,2,5,3,1,2,0,1,2,1,3,1,9,11,0,7,2,2,0,1,2,3,0,0,1,0,4,0,0
"Seguridad","Feminicidio","2023_5",0,2,0,0,6,3,4,1,1,0,2,0,1,2,3,3,6,0,7,4,2,1,1,1,2,1,0,1,0,6,0,1
"Seguridad","Feminicidio","2023_6",1,5,0,3,3,6,7,1,2,0,0,0,0,8,1,4,9,0,7,4,5,0,0,1,4,4,1,5,1,0,0,1
"Seguridad","Feminicidio","2023_7",0,0,0,1,2,2,5,3,2,1,2,1,4,3,0,4,4,0,4,3,5,2,2,1,2,2,2,1,2,6,2,3
"Seguridad","Feminicidio","2023_8",0,1,0,2,1,5,5,0,2,0,5,0,3,1,0,5,9,0,8,0,2,1,3,0,3,4,2,1,1,3,2,0
"Seguridad","Feminicidio","2023_9",0,2,1,2,1,3,3,1,2,1,1,3,3,2,0,4,8,1,4,1,0,1,1,0,0,0,1,1,3,2,0,1
"Seguridad","Feminicidio","2023_10",0,0,0,0,2,4,5,0,1,0,5,1,1,3,1,2,8,1,5,1,6,1,1,2,6,2,1,2,0,1,0,2
"Seguridad","Feminicidio","2023_11",1,1,0,1,7,3,4,1,2,3,3,4,0,5,2,3,6,0,5,2,2,0,2,0,3,3,3,2,1,2,0,1
"Seguridad","Feminicidio","2023_12",0,2,0,0,1,6,5,1,3,1,4,0,1,1,2,3,3,0,9,2,3,0,1,0,1,6,1,1,1,2,0,1
"Seguridad","Feminicidio","2024_1",1,0,1,1,2,5,8,0,1,1,1,0,1,1,2,2,10,1,6,2,2,0,0,0,1,4,1,1,0,7,0,0
"Seguridad","Feminicidio","2024_2",0,4,0,1,2,2,7,1,1,0,0,3,0,2,0,5,7,1,2,1,3,1,0,0,3,4,4,3,2,2,0,1
"Seguridad","Feminicidio","2024_3",1,2,0,1,4,5,5,3,0,2,4,4,1,3,5,5,6,2,8,1,5,0,1,1,1,0,2,0,1,3,1,0
"Seguridad","Feminicidio","2024_4",0,4,1,1,1,7,3,1,0,0,2,0,2,3,1,6,2,0,8,2,3,1,1,1,1,2,2,1,1,4,1,2
"Seguridad","Feminicidio","2024_5",2,5,1,0,4,1,3,3,2,3,3,2,1,6,0,6,3,0,9,3,7,1,2,2,1,4,1,2,0,9,1,0
"Seguridad","Feminicidio","2024_6",0,3,0,1,0,4,9,3,0,0,1,2,3,1,0,6,5,0,5,0,5,1,0,2,1,2,3,4,2,3,1,0
"Seguridad","Feminicidio","2024_7",0,6,2,0,2,4,5,2,0,2,0,2,3,4,0,7,5,1,6,0,6,0,0,1,4,1,1,0,0,4,0,0
"Seguridad","Feminicidio","2024_8",1,4,1,0,2,2,7,2,1,0,1,2,0,3,4,4,5,3,3,0,1,0,2,1,1,1,1,1,1,6,0,0
"Seguridad","Feminicidio","2024_9",1,3,1,0,3,8,5,1,0,2,0,2,3,5,0,2,9,1,3,3,7,0,2,1,1,2,3,1,2,4,2,0
"Seguridad","Feminicidio","2024_10",0,3,0,0,1,3,7,1,0,0,2,2,2,2,1,5,7,1,5,3,0,0,2,1,6,2,2,5,2,5,1,2
"Seguridad","Feminicidio","2024_11",1,1,0,0,7,2,5,2,1,1,0,2,1,2,1,0,7,1,4,3,2,0,0,1,1,1,4,5,2,4,0,2
"Seguridad","Feminicidio","2024_12",0,3,1,1,4,4,4,1,0,0,1,1,3,3,0,2,7,0,1,2,1,0,2,2,5,2,4,3,0,2,0,1
"Seguridad","Feminicidio","2025_1",0,6,1,0,0,3,2,1,0,0,0,2,3,2,3,4,7,1,1,1,5,3,0,1,0,2,3,3,1,1,0,0
"Seguridad","Feminicidio","2025_2",0,1,1,2,1,2,3,1,2,1,4,0,1,1,2,2,4,0,0,0,1,2,3,1,5,1,0,2,0,1,0,0
"Seguridad","Feminicidio","2025_3",1,3,0,1,4,3,2,0,1,0,2,2,2,4,1,2,7,6,3,1,2,1,2,0,2,0,3,2,1,2,2,0
"Seguridad","Feminicidio","2025_4",0,1,0,1,4,3,4,0,0,1,0,1,2,0,2,4,5,0,1,3,1,0,1,0,6,1,2,2,0,3,1,0
"Seguridad","Feminicidio","2025_5",0,5,0,1,1,8,3,2,0,1,1,0,1,3,2,3,5,0,1,2,5,2,1,0,2,0,3,3,1,2,0,1
"Seguridad","Feminicidio","2025_6",2,0,1,0,3,2,3,2,0,1,0,3,1,3,5,3,4,0,1,0,1,0,2,0,5,2,5,4,0,5,1,0
"Seguridad","Feminicidio","2025_7",0,0,0,0,0,0,0,0,0,0,0,0,0,0,0,0,0,0,0,0,0,0,0,0,0,0,0,0,0,0,0,0
"Seguridad","Feminicidio","2025_8",0,0,0,0,0,0,0,0,0,0,0,0,0,0,0,0,0,0,0,0,0,0,0,0,0,0,0,0,0,0,0,0
"Seguridad","Feminicidio","2025_9",0,0,0,0,0,0,0,0,0,0,0,0,0,0,0,0,0,0,0,0,0,0,0,0,0,0,0,0,0,0,0,0
"Seguridad","Feminicidio","2025_10",0,0,0,0,0,0,0,0,0,0,0,0,0,0,0,0,0,0,0,0,0,0,0,0,0,0,0,0,0,0,0,0
"Seguridad","Feminicidio","2025_11",0,0,0,0,0,0,0,0,0,0,0,0,0,0,0,0,0,0,0,0,0,0,0,0,0,0,0,0,0,0,0,0
"Seguridad","Feminicidio","2025_12",0,0,0,0,0,0,0,0,0,0,0,0,0,0,0,0,0,0,0,0,0,0,0,0,0,0,0,0,0,0,0,0
"Seguridad","Fraude","2015_1",119,123,69,0,15,220,884,98,0,118,189,69,61,479,42,148,480,36,175,0,341,115,101,102,68,39,79,58,13,155,111,53
"Seguridad","Fraude","2015_2",60,113,41,0,37,229,859,66,5,118,213,58,143,521,72,153,458,59,204,39,324,113,97,95,60,43,75,60,25,279,91,50
"Seguridad","Fraude","2015_3",104,144,89,0,29,232,1012,74,4,118,182,66,43,586,34,143,486,54,227,0,437,138,110,117,53,74,76,73,49,274,250,64
"Seguridad","Fraude","2015_4",116,126,37,0,24,243,928,89,5,121,190,47,49,473,38,127,404,38,193,0,357,114,105,92,26,64,81,85,36,261,106,77
"Seguridad","Fraude","2015_5",81,166,60,1,21,216,978,81,2,125,165,70,72,438,25,129,428,55,245,43,317,134,104,84,44,60,81,80,26,212,113,51
"Seguridad","Fraude","2015_6",110,174,51,0,20,223,1097,75,7,230,210,65,73,546,27,156,425,58,223,0,376,138,170,94,41,61,84,91,33,287,98,71
"Seguridad","Fraude","2015_7",101,190,46,1,21,252,1063,81,3,378,211,76,60,611,45,167,399,41,173,0,340,134,115,106,45,59,112,83,26,214,120,48
"Seguridad","Fraude","2015_8",77,215,45,1,34,198,997,81,5,200,181,50,94,553,46,145,418,54,168,38,328,106,149,100,30,46,104,67,27,176,111,69
"Seguridad","Fraude","2015_9",80,196,47,0,23,221,987,59,3,183,225,47,72,618,52,178,408,41,246,0,358,110,128,102,26,71,94,109,37,236,126,55
"Seguridad","Fraude","2015_10",97,200,48,0,27,196,1067,108,3,209,201,62,76,603,36,152,470,51,236,0,390,124,113,106,23,51,119,95,39,244,164,73
"Seguridad","Fraude","2015_11",75,185,60,1,20,211,912,92,3,185,225,72,88,618,48,150,379,35,221,30,307,130,127,102,10,39,93,92,26,184,150,80
"Seguridad","Fraude","2015_12",67,161,53,1,22,207,907,78,4,109,215,56,67,541,47,132,387,19,191,0,352,130,110,77,7,42,56,74,9,80,122,53
"Seguridad","Fraude","2016_1",70,96,54,1,25,170,950,69,49,268,198,60,94,465,48,117,310,21,163,74,303,104,93,61,69,42,51,99,18,124,132,68
"Seguridad","Fraude","2016_2",38,118,60,0,29,171,995,77,55,203,215,62,105,537,62,167,408,20,225,130,321,106,55,92,62,72,74,92,28,206,172,79
"Seguridad","Fraude","2016_3",35,127,47,1,25,175,1002,110,53,119,178,62,57,541,53,163,426,25,255,158,384,117,72,67,90,57,70,70,28,149,174,68
"Seguridad","Fraude","2016_4",49,106,48,0,35,160,961,97,12,148,213,52,70,527,38,147,413,13,208,122,581,141,45,70,82,77,95,86,10,160,181,56
"Seguridad","Fraude","2016_5",7,147,48,2,24,169,1006,83,6,132,214,43,114,584,58,122,398,24,248,142,345,172,32,53,89,86,79,110,18,120,153,67
"Seguridad","Fraude","2016_6",35,128,53,0,27,200,1082,102,1,194,236,50,81,641,47,149,362,27,251,78,328,153,47,74,55,98,101,117,19,134,186,77
"Seguridad","Fraude","2016_7",61,131,100,1,38,269,965,89,0,182,173,40,60,664,45,138,435,17,789,77,42,153,46,123,39,94,109,112,23,98,157,58
"Seguridad","Fraude","2016_8",56,140,83,0,72,190,975,110,0,182,197,46,90,607,43,131,402,40,1209,84,34,167,44,101,62,61,77,152,24,119,143,69
"Seguridad","Fraude","2016_9",61,148,89,0,58,173,916,115,0,286,162,68,97,511,44,133,391,39,872,82,80,167,40,135,33,77,96,159,13,117,119,64
"Seguridad","Fraude","2016_10",52,154,84,0,59,161,905,99,1,217,163,53,144,600,56,153,417,30,358,0,114,132,57,88,32,73,79,144,0,115,138,84
"Seguridad","Fraude","2016_11",44,109,84,0,48,198,897,85,0,154,139,47,165,581,38,149,362,21,451,59,167,161,62,88,24,55,92,139,60,99,102,66
"Seguridad","Fraude","2016_12",49,115,52,1,48,212,818,85,0,142,125,35,130,656,59,110,369,5,882,62,153,119,83,59,31,60,66,132,9,91,85,65
"Seguridad","Fraude","2017_1",54,66,60,0,62,205,896,74,127,178,158,42,111,580,47,125,385,16,279,15,179,157,49,72,35,76,78,152,14,165,121,54
"Seguridad","Fraude","2017_2",75,69,75,1,24,183,847,106,98,160,143,54,124,552,45,131,384,31,193,9,223,171,54,96,33,83,87,104,2,183,119,82
"Seguridad","Fraude","2017_3",67,141,108,3,36,258,932,92,122,233,166,62,132,701,68,158,438,18,221,28,253,181,80,87,34,90,97,135,7,203,87,69
"Seguridad","Fraude","2017_4",67,119,57,0,20,209,846,69,108,155,122,56,141,518,62,85,355,12,211,75,245,159,60,92,24,85,79,92,6,131,103,62
"Seguridad","Fraude","2017_5",92,86,93,1,21,237,1164,93,152,147,177,50,139,655,66,151,459,12,264,22,248,192,70,91,38,86,81,115,8,128,137,84
"Seguridad","Fraude","2017_6",145,120,100,0,39,226,1099,119,169,162,176,46,133,643,111,158,443,10,221,29,200,186,69,109,33,121,87,126,6,208,124,94
"Seguridad","Fraude","2017_7",142,123,56,1,45,200,1051,71,113,148,170,64,118,652,116,134,478,8,226,31,185,152,70,96,22,41,111,83,3,188,39,64
"Seguridad","Fraude","2017_8",155,167,46,2,72,190,1044,114,152,180,172,73,232,737,157,183,520,7,314,27,234,188,70,98,38,51,91,129,14,181,109,73
"Seguridad","Fraude","2017_9",131,132,83,0,43,218,944,73,145,230,154,54,163,592,138,136,460,3,313,22,156,143,108,88,36,63,85,127,15,153,54,77
"Seguridad","Fraude","2017_10",39,115,90,1,74,217,1164,97,131,296,189,56,159,654,143,136,560,7,503,109,190,195,112,125,40,81,94,115,7,191,60,71
"Seguridad","Fraude","2017_11",101,120,59,1,58,185,1019,78,130,174,182,40,171,587,164,149,488,4,295,87,190,184,112,94,58,44,80,138,19,165,39,77
"Seguridad","Fraude","2017_12",87,126,46,0,51,167,891,59,102,133,172,41,143,552,110,123,412,2,303,73,143,126,112,69,33,42,77,112,18,116,42,77
"Seguridad","Fraude","2018_1",107,74,75,0,48,226,1019,50,93,130,166,48,147,627,89,128,388,6,269,104,172,143,128,91,44,31,76,125,17,166,45,70
"Seguridad","Fraude","2018_2",87,81,64,0,56,214,946,61,117,137,185,42,125,564,119,115,469,11,655,105,133,157,93,100,41,53,68,122,11,215,35,81
"Seguridad","Fraude","2018_3",134,135,78,2,58,257,1047,81,117,218,197,54,190,649,118,135,494,4,318,108,183,211,97,94,46,31,86,134,13,153,44,92
"Seguridad","Fraude","2018_4",94,148,72,0,53,236,1018,80,121,92,186,59,180,614,144,163,554,5,271,110,172,156,117,88,40,61,79,118,16,194,37,92
"Seguridad","Fraude","2018_5",123,161,60,1,53,217,1222,82,116,125,206,46,117,673,121,186,575,9,263,105,184,189,135,93,35,54,85,120,6,159,38,87
"Seguridad","Fraude","2018_6",96,151,81,0,51,213,1131,49,116,154,197,69,180,534,139,167,528,13,263,102,181,172,122,104,25,45,70,119,11,176,44,73
"Seguridad","Fraude","2018_7",177,135,79,0,56,232,1310,55,120,113,223,74,173,678,127,118,492,2,246,113,184,189,128,86,33,42,66,124,10,169,24,82
"Seguridad","Fraude","2018_8",149,157,80,1,51,217,1263,80,135,129,247,58,201,713,168,172,575,12,353,123,203,209,122,110,41,65,70,134,4,168,136,108
"Seguridad","Fraude","2018_9",112,152,66,2,49,213,1160,68,123,110,198,57,156,605,146,160,474,7,311,105,203,185,96,115,38,70,76,111,4,169,51,78
"Seguridad","Fraude","2018_10",143,194,87,0,71,229,1331,67,105,174,243,68,165,693,137,163,532,14,508,103,292,182,95,114,87,47,122,130,8,201,68,92
"Seguridad","Fraude","2018_11",104,136,74,2,49,243,1120,85,97,147,221,83,136,610,72,136,515,7,422,93,206,174,87,141,32,47,100,122,15,172,29,97
"Seguridad","Fraude","2018_12",91,143,54,0,42,207,1248,66,85,80,197,43,116,449,73,108,412,7,164,95,189,152,87,111,27,24,66,130,14,127,28,56
"Seguridad","Fraude","2019_1",142,100,74,0,76,270,1149,51,142,107,226,64,193,666,153,121,419,5,284,101,168,189,142,165,35,50,78,100,11,165,25,66
"Seguridad","Fraude","2019_2",110,119,73,0,58,270,1179,101,141,152,234,53,158,697,132,158,461,9,250,91,285,164,130,182,33,44,88,117,6,251,36,90
"Seguridad","Fraude","2019_3",130,112,85,0,69,250,1351,57,146,125,239,66,147,701,145,137,599,11,352,121,365,221,166,190,34,51,89,97,2,330,48,127
"Seguridad","Fraude","2019_4",145,118,92,1,43,271,1286,71,149,107,250,42,121,600,115,146,544,16,230,85,378,207,141,169,36,61,95,113,10,363,73,75
"Seguridad","Fraude","2019_5",161,147,99,0,52,256,1292,115,122,103,307,53,169,624,128,144,639,22,242,139,338,222,160,216,44,76,95,139,3,280,36,91
"Seguridad","Fraude","2019_6",155,159,81,1,50,302,1309,95,120,162,292,40,125,691,141,155,878,13,295,131,377,180,184,196,44,70,94,130,8,303,42,116
"Seguridad","Fraude","2019_7",197,175,114,0,34,281,1391,82,123,118,298,50,110,647,152,135,863,9,259,120,379,257,176,217,43,56,90,163,11,239,28,98
"Seguridad","Fraude","2019_8",183,179,113,2,42,226,1469,107,117,98,263,54,110,674,138,135,969,14,375,159,259,224,121,166,57,68,93,141,7,235,35,90
"Seguridad","Fraude","2019_9",171,173,90,1,26,231,1316,92,103,172,266,65,125,543,121,139,822,12,299,145,146,206,125,181,48,104,89,112,6,336,46,83
"Seguridad","Fraude","2019_10",169,214,88,5,44,249,1419,92,124,118,253,53,146,716,152,201,939,23,447,139,174,210,154,202,52,39,101,119,5,320,63,101
"Seguridad","Fraude","2019_11",136,154,86,1,25,230,1300,79,117,118,235,65,111,591,128,151,836,19,375,120,141,192,115,180,64,29,74,93,6,318,84,94
"Seguridad","Fraude","2019_12",111,206,65,0,40,209,1255,96,99,95,231,59,100,528,111,90,661,20,322,102,143,208,127,153,30,63,60,71,6,250,43,70
"Seguridad","Fraude","2020_1",139,145,104,0,47,226,1238,82,148,148,242,64,136,567,152,121,817,23,272,120,166,241,27,189,36,47,81,86,12,288,31,106
"Seguridad","Fraude","2020_2",134,146,82,1,39,235,1145,75,116,97,276,55,180,620,146,145,832,22,328,144,177,192,42,200,63,28,81,87,11,381,35,106
"Seguridad","Fraude","2020_3",133,116,88,2,35,204,1295,71,106,90,225,49,148,532,171,123,764,10,247,120,145,173,35,147,36,46,71,85,9,327,22,82
"Seguridad","Fraude","2020_4",43,55,45,0,8,178,781,38,65,34,139,31,43,339,95,69,805,9,124,74,113,123,10,50,14,33,16,38,3,172,20,34
"Seguridad","Fraude","2020_5",78,69,75,0,14,139,702,61,92,44,153,28,13,380,149,71,650,23,108,90,146,155,22,110,13,1,22,66,3,144,21,54
"Seguridad","Fraude","2020_6",131,86,74,1,4,236,945,69,98,37,200,35,24,622,175,92,898,13,244,108,163,199,35,147,16,5,67,95,2,205,44,96
"Seguridad","Fraude","2020_7",141,162,74,0,11,254,1182,164,119,146,247,35,46,697,192,105,1109,7,200,133,227,245,51,212,35,108,80,92,2,252,43,89
"Seguridad","Fraude","2020_8",160,159,93,0,15,265,1237,114,120,123,259,45,97,776,159,159,1181,6,266,136,232,278,56,177,42,33,101,106,2,279,51,81
"Seguridad","Fraude","2020_9",168,175,99,0,11,280,1370,97,146,177,272,62,131,605,149,153,1176,6,300,161,308,291,39,177,40,55,103,114,0,359,43,83
"Seguridad","Fraude","2020_10",178,222,84,2,16,259,1582,126,139,151,301,60,130,748,259,174,1202,8,421,183,371,309,34,208,55,74,96,157,6,376,79,117
"Seguridad","Fraude","2020_11",155,209,86,0,21,257,1452,96,106,82,255,68,120,636,164,139,1000,28,418,147,353,276,53,177,68,85,88,115,10,340,34,93
"Seguridad","Fraude","2020_12",147,188,72,0,17,250,1469,114,111,113,274,71,95,683,164,170,972,16,773,142,292,282,43,167,53,69,94,134,4,300,56,80
"Seguridad","Fraude","2021_1",138,125,72,2,17,251,1282,75,82,128,233,51,11,501,153,107,854,11,241,130,301,254,35,146,61,39,107,94,4,315,93,97
"Seguridad","Fraude","2021_2",146,154,106,1,34,249,1200,105,103,198,258,50,20,548,163,134,1064,12,667,167,340,273,41,135,51,46,98,89,5,359,46,108
"Seguridad","Fraude","2021_3",212,152,102,0,31,358,1619,120,144,166,350,63,159,699,196,157,1265,10,496,187,424,319,46,204,69,99,128,134,11,418,85,128
"Seguridad","Fraude","2021_4",173,203,99,0,16,278,1507,138,116,160,310,57,184,600,206,143,1158,11,336,138,343,274,41,202,69,70,131,138,11,417,59,91
"Seguridad","Fraude","2021_5",191,204,85,0,8,257,1561,160,128,178,279,51,187,573,290,140,1196,10,368,148,377,300,25,200,54,63,115,148,4,313,68,120
"Seguridad","Fraude","2021_6",204,239,99,0,27,385,1654,130,99,163,308,58,123,649,224,171,1213,11,807,161,445,308,30,203,44,72,106,132,4,363,26,141
"Seguridad","Fraude","2021_7",189,232,92,1,16,341,1802,146,107,120,331,74,87,707,203,166,1210,10,367,167,408,294,26,215,49,54,113,119,0,303,9,82
"Seguridad","Fraude","2021_8",205,222,82,0,23,319,1663,154,102,126,320,56,78,736,212,198,1219,16,493,153,395,295,29,231,71,41,117,140,5,327,9,118
"Seguridad","Fraude","2021_9",226,203,68,0,17,306,1560,164,114,162,317,65,161,685,195,147,1269,13,418,174,366,284,25,219,50,44,105,124,5,340,19,96
"Seguridad","Fraude","2021_10",217,219,104,0,24,288,1553,147,105,151,332,68,135,644,194,151,1312,40,475,153,441,309,22,187,51,52,137,153,7,343,13,115
"Seguridad","Fraude","2021_11",186,215,95,72,10,426,1720,116,122,134,320,50,153,929,179,158,1224,11,551,157,441,277,22,214,48,24,105,139,9,350,22,84
"Seguridad","Fraude","2021_12",218,256,82,66,19,686,1817,120,120,132,335,73,104,742,155,129,1157,4,583,167,488,313,21,241,47,18,90,146,6,323,16,82
"Seguridad","Fraude","2022_1",182,173,70,81,19,416,1562,110,114,141,313,58,119,664,154,116,1032,9,460,155,377,290,20,171,58,18,95,133,3,252,11,107
"Seguridad","Fraude","2022_2",202,157,115,71,16,416,1646,108,68,146,297,84,93,647,172,132,1029,18,423,164,420,309,27,207,58,24,91,145,8,283,9,103
"Seguridad","Fraude","2022_3",218,214,140,96,17,521,1848,180,101,127,373,84,124,748,224,176,1073,17,485,183,474,326,26,233,70,30,117,160,7,399,5,124
"Seguridad","Fraude","2022_4",190,178,98,70,10,580,1686,139,120,129,288,71,132,711,175,168,1092,23,409,178,422,312,16,239,70,21,106,106,1,304,6,118
"Seguridad","Fraude","2022_5",200,251,98,67,18,514,1819,123,96,126,371,97,114,851,332,172,1213,55,537,174,394,306,32,211,73,19,93,135,3,304,9,124
"Seguridad","Fraude","2022_6",260,239,143,82,22,551,1737,170,127,141,371,75,111,719,198,183,1236,16,500,142,439,318,17,226,69,34,132,127,7,315,9,115
"Seguridad","Fraude","2022_7",228,251,109,111,12,858,1846,107,104,107,345,79,71,741,175,144,1075,17,499,153,365,306,26,241,59,31,101,105,1,219,8,110
"Seguridad","Fraude","2022_8",281,227,112,137,12,856,1935,133,99,176,350,91,142,791,211,157,1193,22,662,150,432,389,31,242,79,40,136,139,0,313,10,138
"Seguridad","Fraude","2022_9",232,243,92,97,19,712,1740,180,109,136,354,70,108,706,170,138,1123,31,589,159,374,321,31,232,74,30,87,133,3,318,5,107
"Seguridad","Fraude","2022_10",206,269,125,100,23,798,1860,142,259,147,391,81,130,722,187,178,1175,47,548,184,363,370,22,222,82,47,101,125,2,303,7,105
"Seguridad","Fraude","2022_11",224,274,87,76,35,746,1909,139,201,140,393,70,129,700,191,170,1137,29,504,159,355,328,30,225,83,36,101,149,3,338,8,98
"Seguridad","Fraude","2022_12",215,285,98,86,16,358,1905,153,134,132,399,80,90,785,183,141,1175,18,454,140,400,341,15,209,67,30,128,123,3,272,6,85
"Seguridad","Fraude","2023_1",239,179,75,93,19,364,1851,108,146,136,380,76,178,797,187,134,1184,43,439,156,332,408,13,228,74,21,101,130,4,270,13,123
"Seguridad","Fraude","2023_2",192,191,106,106,19,470,1819,110,291,140,389,74,126,721,176,158,1162,28,436,128,310,321,14,232,75,36,101,146,2,296,11,97
"Seguridad","Fraude","2023_3",287,226,142,83,25,585,1941,146,218,130,467,84,180,926,233,225,1363,25,480,139,404,443,19,267,80,46,111,162,5,380,11,113
"Seguridad","Fraude","2023_4",228,289,121,84,14,388,1926,112,238,129,420,90,120,740,177,171,1129,28,378,141,404,338,17,243,59,34,125,127,1,312,11,81
"Seguridad","Fraude","2023_5",270,284,169,94,27,469,2115,131,257,120,464,82,144,894,220,162,1164,22,443,166,392,423,14,240,91,64,124,165,2,366,5,117
"Seguridad","Fraude","2023_6",270,341,175,106,37,502,2193,205,336,150,454,91,180,779,228,157,1381,32,471,166,434,436,16,183,80,39,117,163,1,381,16,140
"Seguridad","Fraude","2023_7",244,394,174,85,23,480,2165,130,202,107,416,76,153,897,222,158,1283,28,432,167,407,350,14,214,49,35,133,141,0,351,9,137
"Seguridad","Fraude","2023_8",289,396,149,69,34,467,2229,112,221,170,516,80,178,897,291,216,1607,39,487,172,360,424,17,239,81,76,135,206,0,313,8,56
"Seguridad","Fraude","2023_9",216,358,146,46,16,421,1926,180,167,135,390,76,184,857,277,191,1383,58,442,138,338,376,11,212,68,43,116,136,1,378,8,149
"Seguridad","Fraude","2023_10",264,381,150,48,22,476,2029,98,171,147,456,82,165,1009,290,206,1682,61,494,145,423,437,16,229,74,42,137,132,1,364,6,127
"Seguridad","Fraude","2023_11",267,332,134,63,23,480,1883,103,193,138,461,39,271,1009,284,200,1544,53,567,148,368,387,14,258,57,60,98,159,0,418,16,120
"Seguridad","Fraude","2023_12",249,382,142,69,21,499,1814,147,146,130,353,51,124,748,195,139,1239,44,378,156,372,341,16,198,53,26,113,135,1,303,20,125
"Seguridad","Fraude","2024_1",301,319,158,57,27,853,1856,148,142,136,475,62,136,1680,211,194,1627,64,463,195,508,415,13,251,77,38,94,135,0,308,8,160
"Seguridad","Fraude","2024_2",270,273,139,57,26,537,1842,287,141,140,437,79,126,1090,224,145,1529,61,507,177,403,312,19,240,82,41,108,159,1,376,6,125
"Seguridad","Fraude","2024_3",253,270,116,52,15,458,1982,188,135,130,365,74,110,913,220,151,1438,30,352,116,382,364,27,211,76,21,99,176,1,357,5,116
"Seguridad","Fraude","2024_4",250,357,144,58,29,506,1965,235,138,129,408,73,132,972,221,215,1496,56,528,159,289,423,27,310,110,23,127,162,0,423,9,125
"Seguridad","Fraude","2024_5",295,326,142,56,17,444,2023,175,128,120,490,82,134,922,208,157,1433,55,412,119,325,392,18,305,101,49,127,138,1,378,7,139
"Seguridad","Fraude","2024_6",220,248,153,55,26,492,1659,151,107,128,387,74,104,919,211,180,1529,43,346,117,323,378,22,256,78,39,111,147,0,395,6,133
"Seguridad","Fraude","2024_7",290,242,181,28,15,526,1923,189,121,107,493,82,92,1130,207,172,1616,71,421,150,412,435,24,312,65,45,130,182,1,347,8,143
"Seguridad","Fraude","2024_8",285,264,139,7,17,438,1925,222,146,125,447,79,119,929,202,221,1704,50,371,167,484,374,29,244,108,44,108,135,1,277,5,137
"Seguridad","Fraude","2024_9",236,272,142,5,24,431,1585,249,108,107,351,54,118,767,203,142,1407,53,478,197,325,377,17,313,77,55,113,113,2,232,3,123
"Seguridad","Fraude","2024_10",257,233,141,11,13,536,1802,281,117,134,488,62,133,928,231,232,1587,62,466,182,340,355,16,292,97,100,110,133,2,278,10,144
"Seguridad","Fraude","2024_11",253,187,132,6,11,396,1758,198,94,131,440,65,112,837,209,195,1354,44,330,117,259,386,23,262,83,153,113,151,0,252,8,143
"Seguridad","Fraude","2024_12",214,156,129,8,28,376,1621,134,81,78,369,60,100,797,152,188,1033,28,251,120,249,377,21,234,63,82,89,124,2,235,11,172
"Seguridad","Fraude","2025_1",260,142,149,1,15,436,1542,189,109,127,477,69,153,963,200,162,1523,36,255,138,388,395,16,260,96,97,83,138,2,263,14,148
"Seguridad","Fraude","2025_2",231,141,132,4,21,523,1484,187,102,74,395,64,151,865,200,180,1326,48,268,131,382,359,15,242,85,115,105,203,7,272,14,143
"Seguridad","Fraude","2025_3",255,176,153,7,16,526,1579,174,104,164,446,67,146,851,197,180,1496,37,258,112,417,372,22,255,88,126,120,187,0,276,8,152
"Seguridad","Fraude","2025_4",218,172,191,2,31,453,1634,214,99,107,449,64,134,845,178,189,1219,40,233,100,392,357,28,246,85,124,105,173,1,236,13,130
"Seguridad","Fraude","2025_5",234,188,172,4,13,365,1781,207,123,93,487,80,193,903,192,209,1216,42,245,86,350,368,21,225,97,141,99,160,0,270,18,133
"Seguridad","Fraude","2025_6",231,221,170,8,11,370,1815,201,122,111,454,63,240,831,236,236,1203,44,278,132,489,375,33,248,90,128,145,154,0,293,18,124
"Seguridad","Fraude","2025_7",0,0,0,0,0,0,0,0,0,0,0,0,0,0,0,0,0,0,0,0,0,0,0,0,0,0,0,0,0,0,0,0
"Seguridad","Fraude","2025_8",0,0,0,0,0,0,0,0,0,0,0,0,0,0,0,0,0,0,0,0,0,0,0,0,0,0,0,0,0,0,0,0
"Seguridad","Fraude","2025_9",0,0,0,0,0,0,0,0,0,0,0,0,0,0,0,0,0,0,0,0,0,0,0,0,0,0,0,0,0,0,0,0
"Seguridad","Fraude","2025_10",0,0,0,0,0,0,0,0,0,0,0,0,0,0,0,0,0,0,0,0,0,0,0,0,0,0,0,0,0,0,0,0
"Seguridad","Fraude","2025_11",0,0,0,0,0,0,0,0,0,0,0,0,0,0,0,0,0,0,0,0,0,0,0,0,0,0,0,0,0,0,0,0
"Seguridad","Fraude","2025_12",0,0,0,0,0,0,0,0,0,0,0,0,0,0,0,0,0,0,0,0,0,0,0,0,0,0,0,0,0,0,0,0
"Seguridad","Homicidio","2015_1",22,75,20,13,124,113,101,83,12,40,205,190,50,150,186,84,356,8,66,0,90,32,38,33,97,72,59,100,21,69,5,34
"Seguridad","Homicidio","2015_2",20,83,11,7,149,113,148,38,11,44,167,183,55,133,158,85,256,11,67,105,85,38,38,22,118,70,49,130,21,81,5,28
"Seguridad","Homicidio","2015_3",14,87,11,18,145,112,130,49,14,42,172,207,47,120,145,94,279,14,80,0,103,36,43,33,108,87,56,121,29,76,13,26
"Seguridad","Homicidio","2015_4",21,94,22,10,162,82,130,40,12,44,194,251,43,141,157,60,267,17,77,0,109,31,59,27,126,61,56,130,39,70,7,24
"Seguridad","Homicidio","2015_5",18,93,18,10,134,111,161,47,18,53,208,248,49,128,165,79,264,12,83,129,98,41,44,34,137,91,52,128,22,68,13,17
"Seguridad","Homicidio","2015_6",16,106,17,13,116,130,127,33,17,44,181,183,38,130,168,65,238,15,85,0,108,35,46,41,104,105,62,123,23,74,9,29
"Seguridad","Homicidio","2015_7",16,113,17,2,122,118,139,47,13,41,199,243,45,153,192,71,201,13,83,0,93,36,49,35,112,97,63,120,19,96,11,33
"Seguridad","Homicidio","2015_8",14,114,28,9,128,127,133,39,17,33,227,263,69,131,188,76,240,18,82,79,115,33,51,26,123,97,69,109,23,90,9,29
"Seguridad","Homicidio","2015_9",27,120,32,8,115,91,120,36,23,33,212,217,87,145,140,72,254,10,101,0,99,40,51,30,109,80,44,97,35,87,8,32
"Seguridad","Homicidio","2015_10",16,110,9,10,132,89,130,32,24,39,221,237,62,169,173,47,232,10,95,0,122,38,58,34,123,91,55,102,28,107,6,37
"Seguridad","Homicidio","2015_11",9,118,10,6,107,99,136,34,30,36,206,239,58,172,156,56,239,11,73,103,100,45,55,35,120,71,54,102,19,102,5,39
"Seguridad","Homicidio","2015_12",18,106,6,12,118,101,130,57,31,45,206,260,48,164,213,62,271,8,96,0,84,42,39,42,127,61,66,121,43,88,13,29
"Seguridad","Homicidio","2016_1",16,118,11,19,123,98,114,39,36,23,200,228,75,149,153,54,253,8,92,116,88,34,22,26,127,90,47,105,31,108,9,43
"Seguridad","Homicidio","2016_2",20,99,8,10,95,85,136,30,42,33,212,224,41,151,163,55,224,8,126,100,107,32,24,23,123,123,75,112,26,94,17,49
"Seguridad","Homicidio","2016_3",26,117,10,12,137,111,121,41,56,46,193,247,71,173,179,57,249,8,91,132,101,42,16,18,90,95,67,136,29,97,11,43
"Seguridad","Homicidio","2016_4",19,108,14,15,118,114,120,37,58,23,185,226,55,146,190,53,243,5,92,144,136,36,17,30,120,69,53,124,32,85,7,35
"Seguridad","Homicidio","2016_5",26,122,14,15,126,125,118,54,47,46,232,233,58,194,200,80,277,7,98,136,129,47,20,48,129,88,58,141,25,116,11,54
"Seguridad","Homicidio","2016_6",17,113,20,6,115,125,108,41,40,48,220,260,33,160,189,79,248,4,81,132,103,30,20,57,132,82,38,129,24,124,5,52
"Seguridad","Homicidio","2016_7",23,127,15,14,122,135,118,45,54,45,230,286,58,178,219,66,181,8,123,152,106,40,21,41,106,93,35,147,26,195,6,49
"Seguridad","Homicidio","2016_8",13,116,36,17,140,152,134,32,48,44,214,258,62,179,226,80,208,10,93,148,96,30,33,51,148,97,43,136,34,233,8,75
"Seguridad","Homicidio","2016_9",17,149,36,15,103,148,159,37,47,42,229,207,46,185,215,72,233,5,104,137,106,33,26,47,127,84,54,129,36,180,10,54
"Seguridad","Homicidio","2016_10",15,130,33,13,133,180,134,39,50,37,219,212,55,169,205,72,275,12,105,0,93,31,33,67,140,70,70,122,32,212,10,43
"Seguridad","Homicidio","2016_11",18,142,37,16,118,136,141,35,55,33,204,259,51,161,192,78,234,6,83,182,65,33,30,46,135,94,76,106,35,183,10,45
"Seguridad","Homicidio","2016_12",23,162,38,15,150,138,191,46,64,44,234,204,48,182,224,87,274,3,83,162,76,33,16,46,139,83,83,126,32,190,6,67
"Seguridad","Homicidio","2017_1",22,155,52,14,143,149,165,34,75,27,260,219,91,195,206,76,262,5,87,111,94,32,29,60,150,106,68,111,47,209,14,54
"Seguridad","Homicidio","2017_2",16,144,51,16,126,166,143,40,41,38,228,209,62,155,209,66,239,11,87,109,103,39,25,52,142,82,78,101,36,181,8,45
"Seguridad","Homicidio","2017_3",21,176,66,10,134,145,136,50,54,30,292,255,63,178,188,76,262,9,110,115,141,32,38,53,163,92,72,94,35,240,8,54
"Seguridad","Homicidio","2017_4",16,183,21,15,141,127,147,41,43,45,266,236,66,178,200,76,277,9,94,189,136,51,30,57,173,105,69,125,27,202,8,55
"Seguridad","Homicidio","2017_5",21,207,33,16,92,179,178,45,58,40,286,269,62,175,182,69,282,11,108,139,162,36,36,58,189,95,70,153,29,233,4,49
"Seguridad","Homicidio","2017_6",21,214,38,12,111,205,156,51,87,36,274,255,47,164,166,62,253,17,112,138,124,47,38,64,172,100,61,142,20,234,5,43
"Seguridad","Homicidio","2017_7",15,213,48,8,116,148,152,51,94,31,271,239,35,153,162,62,236,15,77,150,153,34,47,61,159,76,71,133,19,220,8,63
"Seguridad","Homicidio","2017_8",28,231,44,10,100,147,146,27,66,42,282,227,71,179,150,62,247,25,81,149,133,47,44,63,146,89,76,150,22,235,8,77
"Seguridad","Homicidio","2017_9",23,257,50,14,106,153,141,32,52,32,253,226,45,156,163,74,286,39,77,148,150,46,44,61,123,84,72,148,27,237,6,62
"Seguridad","Homicidio","2017_10",24,230,116,7,83,164,152,30,71,32,323,242,52,186,181,61,310,42,101,132,135,42,59,73,137,118,90,146,21,253,3,79
"Seguridad","Homicidio","2017_11",20,219,102,5,92,148,141,44,65,48,305,236,57,193,213,61,277,54,89,141,177,23,53,49,130,119,72,156,14,214,3,55
"Seguridad","Homicidio","2017_12",31,201,72,15,109,177,159,31,83,40,326,255,49,197,226,83,317,52,76,141,139,42,54,61,155,83,89,159,22,230,10,54
"Seguridad","Homicidio","2018_1",20,252,47,9,94,143,117,44,62,28,323,250,63,190,182,87,278,49,76,121,148,44,56,55,129,90,71,133,20,193,4,41
"Seguridad","Homicidio","2018_2",21,207,22,15,112,128,173,27,60,28,283,199,67,203,191,90,241,33,93,148,150,30,46,70,112,84,78,114,20,195,9,50
"Seguridad","Homicidio","2018_3",30,234,33,9,117,144,180,44,62,38,382,250,80,255,178,76,241,50,84,161,164,45,58,98,152,93,79,164,11,246,5,64
"Seguridad","Homicidio","2018_4",23,261,25,9,116,134,185,45,55,15,361,245,39,226,186,81,241,44,118,167,182,39,75,78,154,105,70,142,11,213,16,47
"Seguridad","Homicidio","2018_5",33,264,14,11,110,218,156,45,57,75,392,238,68,236,175,79,272,45,102,173,179,39,75,103,130,93,88,170,17,219,7,55
"Seguridad","Homicidio","2018_6",24,239,9,17,99,232,182,36,63,34,335,232,30,206,154,63,259,36,75,142,163,50,71,77,160,84,90,139,8,214,3,59
"Seguridad","Homicidio","2018_7",30,309,10,17,112,242,154,40,55,40,349,241,43,212,202,96,278,39,119,121,151,43,123,71,139,104,118,137,20,191,14,56
"Seguridad","Homicidio","2018_8",18,274,20,15,100,234,151,39,63,37,369,215,76,236,180,70,261,31,109,137,169,39,94,74,128,100,87,130,13,196,9,60
"Seguridad","Homicidio","2018_9",18,271,21,12,107,167,142,44,58,19,414,236,68,245,212,87,302,40,112,143,160,44,93,64,124,118,81,132,12,204,3,73
"Seguridad","Homicidio","2018_10",19,295,11,13,100,123,168,33,77,24,376,198,69,249,233,94,299,30,124,132,154,25,70,70,144,89,80,105,16,189,8,67
"Seguridad","Homicidio","2018_11",22,290,14,16,116,163,162,46,59,31,328,204,61,257,169,84,302,23,131,156,179,49,78,69,117,91,69,101,8,181,5,66
"Seguridad","Homicidio","2018_12",25,273,18,12,96,161,209,36,55,39,386,208,69,247,214,93,365,26,141,142,184,43,97,70,119,106,90,140,14,198,5,62
"Seguridad","Homicidio","2019_1",28,271,18,9,90,185,172,41,72,20,366,172,77,254,195,90,292,23,143,148,131,38,130,62,110,115,69,118,16,193,8,52
"Seguridad","Homicidio","2019_2",24,217,12,13,84,171,159,44,57,30,382,171,61,262,208,109,278,17,144,132,176,48,114,66,112,66,82,111,10,187,7,47
"Seguridad","Homicidio","2019_3",22,215,18,10,98,195,217,38,58,25,407,159,59,218,195,114,328,15,107,139,178,51,137,96,91,96,104,119,14,217,8,60
"Seguridad","Homicidio","2019_4",25,217,18,14,108,198,166,31,60,37,395,156,58,224,186,91,298,15,107,158,138,40,136,70,124,90,108,121,23,199,9,50
"Seguridad","Homicidio","2019_5",29,268,13,13,109,238,202,40,64,38,403,180,55,213,210,88,301,32,125,168,160,43,110,62,128,98,96,130,22,214,8,62
"Seguridad","Homicidio","2019_6",20,274,9,7,103,224,151,30,58,26,352,179,60,238,234,100,279,24,120,146,128,31,122,70,108,158,85,121,23,227,15,55
"Seguridad","Homicidio","2019_7",15,314,8,11,104,229,166,39,69,40,319,189,46,233,190,84,294,26,123,170,138,40,133,67,117,109,66,136,8,220,9,57
"Seguridad","Homicidio","2019_8",13,280,16,14,90,203,146,41,69,35,341,181,54,211,229,96,279,22,125,174,110,43,138,75,119,125,60,119,13,218,7,48
"Seguridad","Homicidio","2019_9",26,256,17,11,104,212,146,38,75,24,362,131,44,217,255,100,271,25,118,129,124,47,129,77,124,137,78,133,20,194,16,53
"Seguridad","Homicidio","2019_10",23,261,18,17,80,209,148,46,60,34,366,159,52,219,249,103,257,25,118,169,136,30,114,60,111,135,94,129,14,182,13,57
"Seguridad","Homicidio","2019_11",21,266,11,8,100,228,157,28,71,24,385,179,29,232,249,104,290,23,93,139,114,46,116,75,121,148,88,104,13,156,17,62
"Seguridad","Homicidio","2019_12",23,226,10,7,116,171,167,33,67,32,416,176,51,230,286,83,305,23,131,181,131,46,121,73,142,144,67,107,15,192,16,63
"Seguridad","Homicidio","2020_1",15,226,11,8,100,180,159,47,64,18,443,127,48,229,250,89,259,28,113,172,116,36,123,63,100,136,74,101,19,170,10,47
"Seguridad","Homicidio","2020_2",16,206,11,14,85,203,145,26,65,33,400,102,41,198,254,91,259,22,114,131,101,38,131,71,117,129,74,132,17,162,19,62
"Seguridad","Homicidio","2020_3",22,262,7,17,92,255,171,39,55,32,444,136,55,253,284,90,333,18,127,172,121,49,143,83,120,119,89,104,16,206,20,69
"Seguridad","Homicidio","2020_4",21,243,6,4,84,243,162,28,64,26,399,133,41,216,264,98,315,19,118,150,119,35,98,69,97,122,41,107,8,183,7,65
"Seguridad","Homicidio","2020_5",23,270,7,9,78,220,148,22,60,23,403,113,37,210,236,81,273,24,109,139,98,44,94,85,90,152,43,99,8,148,4,76
"Seguridad","Homicidio","2020_6",20,226,9,6,70,247,145,34,51,21,392,96,42,212,206,81,288,22,125,105,90,32,101,89,125,134,66,95,9,208,17,87
"Seguridad","Homicidio","2020_7",23,281,10,12,92,225,137,40,48,30,418,96,53,217,206,74,286,21,96,108,106,40,129,99,127,156,77,111,11,176,12,75
"Seguridad","Homicidio","2020_8",21,295,14,9,111,269,129,32,33,36,392,121,57,219,230,87,306,27,123,148,103,41,112,96,114,164,66,121,11,206,14,79
"Seguridad","Homicidio","2020_9",12,275,7,10,85,185,125,28,50,26,431,124,35,213,211,79,295,25,101,112,92,32,127,75,117,139,74,104,22,152,8,84
"Seguridad","Homicidio","2020_10",14,248,13,11,86,216,154,36,56,25,430,148,46,205,262,95,329,38,106,130,111,49,106,82,123,157,69,112,7,148,13,74
"Seguridad","Homicidio","2020_11",19,265,8,9,94,166,131,36,58,21,408,136,36,207,251,80,330,32,124,146,99,37,113,76,104,149,74,94,15,186,13,95
"Seguridad","Homicidio","2020_12",15,270,15,13,88,158,155,22,53,23,380,137,48,247,267,88,302,32,91,138,110,32,87,79,79,155,85,84,5,236,16,107
"Seguridad","Homicidio","2021_1",11,275,12,10,101,182,155,34,65,22,350,117,43,246,248,94,286,35,124,122,86,39,104,80,118,163,58,84,9,199,20,136
"Seguridad","Homicidio","2021_2",21,261,5,17,76,181,140,17,56,31,283,124,43,252,236,76,303,26,102,135,86,37,117,73,94,143,76,87,8,168,19,115
"Seguridad","Homicidio","2021_3",15,278,13,13,115,201,137,28,54,35,340,133,60,239,289,107,310,38,137,172,109,43,119,102,100,170,68,92,18,191,18,108
"Seguridad","Homicidio","2021_4",22,291,10,14,121,192,125,38,49,31,335,119,41,232,300,135,311,46,130,150,105,43,138,73,83,178,80,116,11,176,16,105
"Seguridad","Homicidio","2021_5",18,293,12,15,108,233,147,26,51,42,319,155,41,275,267,132,336,23,144,142,95,55,137,81,132,177,93,123,15,193,20,133
"Seguridad","Homicidio","2021_6",17,285,8,11,102,211,102,34,53,27,269,140,37,212,225,117,265,34,168,130,75,39,118,82,90,144,60,110,12,147,10,104
"Seguridad","Homicidio","2021_7",15,300,6,14,94,227,131,34,58,33,325,133,39,197,266,108,295,22,149,156,108,39,117,66,111,186,58,90,15,156,23,121
"Seguridad","Homicidio","2021_8",22,285,14,20,80,220,114,28,49,36,278,120,49,200,265,95,295,34,164,142,87,37,128,66,91,168,70,123,8,171,21,135
"Seguridad","Homicidio","2021_9",13,247,9,14,83,175,119,35,47,26,281,130,45,222,259,100,307,28,168,128,92,47,131,59,98,160,74,112,19,167,22,136
"Seguridad","Homicidio","2021_10",25,229,6,8,104,188,113,26,47,28,307,134,37,228,279,124,341,29,156,161,99,41,133,56,116,168,76,115,19,167,18,127
"Seguridad","Homicidio","2021_11",17,255,9,16,101,181,132,28,40,28,281,138,50,192,269,117,313,33,90,126,101,56,119,45,100,144,51,92,13,146,18,135
"Seguridad","Homicidio","2021_12",24,226,16,20,81,197,122,33,51,30,305,103,45,239,334,118,356,27,156,157,128,56,133,70,95,167,73,107,10,183,26,112
"Seguridad","Homicidio","2022_1",15,247,10,14,85,142,109,22,48,24,271,115,44,217,304,96,320,24,140,135,87,45,104,60,93,161,60,99,7,155,17,136
"Seguridad","Homicidio","2022_2",13,183,5,13,93,144,89,27,70,20,241,123,45,206,295,93,274,25,135,113,127,37,112,83,75,106,51,77,19,132,18,78
"Seguridad","Homicidio","2022_3",13,220,6,17,114,138,111,31,95,28,317,122,47,215,296,113,354,29,126,139,123,23,122,68,116,140,61,101,12,198,20,120
"Seguridad","Homicidio","2022_4",22,256,8,10,107,142,112,36,84,26,261,143,45,197,285,138,295,36,151,162,125,49,144,63,81,136,67,99,21,168,15,121
"Seguridad","Homicidio","2022_5",16,260,11,26,89,187,120,29,88,35,320,127,55,227,271,128,332,29,184,183,129,44,135,81,102,164,69,113,13,171,24,95
"Seguridad","Homicidio","2022_6",23,284,12,17,84,202,108,36,62,39,294,151,55,224,225,82,298,30,185,140,95,35,125,68,94,157,58,112,14,141,18,114
"Seguridad","Homicidio","2022_7",18,290,4,17,96,213,141,44,59,25,297,155,57,227,216,111,312,23,182,146,115,47,131,53,97,145,65,116,10,138,20,109
"Seguridad","Homicidio","2022_8",22,261,10,7,91,207,127,29,76,29,270,106,44,208,207,101,303,30,216,192,119,36,120,64,96,135,59,133,16,164,13,96
"Seguridad","Homicidio","2022_9",24,260,13,16,83,193,126,35,86,22,299,154,42,224,211,106,361,26,175,146,106,39,123,52,94,151,56,90,10,140,14,98
"Seguridad","Homicidio","2022_10",19,272,12,16,87,199,137,29,86,36,335,137,38,265,239,139,338,27,174,183,115,43,110,56,79,141,61,84,22,146,13,132
"Seguridad","Homicidio","2022_11",17,216,6,32,98,146,135,29,68,35,298,117,39,219,229,119,305,34,123,155,109,49,126,53,77,135,53,80,7,129,11,131
"Seguridad","Homicidio","2022_12",24,244,15,18,95,153,122,45,79,26,310,124,34,219,256,124,330,39,146,179,119,51,120,59,102,182,66,86,13,165,15,130
"Seguridad","Homicidio","2023_1",22,210,11,22,113,172,110,33,73,26,308,156,35,247,198,121,328,37,168,169,108,38,131,61,101,151,56,91,9,161,15,125
"Seguridad","Homicidio","2023_2",18,171,7,8,89,166,108,40,53,21,288,149,38,173,227,116,315,18,139,177,82,30,128,58,77,133,60,75,12,114,14,90
"Seguridad","Homicidio","2023_3",23,188,10,27,121,182,126,31,75,23,327,144,28,223,229,143,309,30,147,182,93,45,146,63,109,141,68,84,18,145,18,108
"Seguridad","Homicidio","2023_4",18,220,11,20,125,142,120,28,81,22,287,158,32,212,205,122,335,31,165,173,99,54,127,64,97,96,51,92,9,160,17,107
"Seguridad","Homicidio","2023_5",16,238,8,25,109,210,113,37,95,32,319,152,25,242,209,126,300,29,159,173,114,47,134,68,103,116,56,101,20,159,17,100
"Seguridad","Homicidio","2023_6",25,232,7,17,93,161,124,40,66,23,350,148,40,220,236,106,323,31,164,200,132,56,143,69,101,94,39,123,14,154,11,91
"Seguridad","Homicidio","2023_7",23,233,8,10,99,170,123,38,80,26,300,165,29,196,237,130,315,35,160,159,92,44,132,68,103,98,67,94,13,170,11,70
"Seguridad","Homicidio","2023_8",20,250,7,16,120,185,119,37,89,26,283,168,32,162,199,163,283,40,168,181,101,43,136,77,104,120,66,99,8,149,11,79
"Seguridad","Homicidio","2023_9",21,216,10,16,88,192,103,30,85,29,326,163,27,223,216,132,329,30,173,163,111,37,126,62,100,97,56,90,9,156,14,69
"Seguridad","Homicidio","2023_10",14,228,4,20,118,161,126,28,74,14,284,135,37,209,207,139,298,25,160,165,82,49,131,57,70,103,64,94,7,167,10,69
"Seguridad","Homicidio","2023_11",22,223,10,16,102,164,143,29,86,22,283,154,29,174,230,148,306,24,179,162,111,38,124,44,74,116,58,81,10,143,10,75
"Seguridad","Homicidio","2023_12",27,210,18,19,100,169,152,36,79,27,285,130,27,214,287,148,313,36,162,158,103,57,138,49,111,121,77,89,12,136,17,68
"Seguridad","Homicidio","2024_1",20,210,8,17,112,188,133,32,65,22,329,145,24,227,244,141,318,28,155,154,86,31,120,42,108,114,62,90,12,129,10,49
"Seguridad","Homicidio","2024_2",9,227,10,11,123,138,144,31,48,23,269,159,28,161,212,158,291,30,160,166,93,44,112,74,93,113,82,72,14,139,14,61
"Seguridad","Homicidio","2024_3",25,208,13,16,144,152,146,42,61,19,317,131,43,223,226,144,328,28,137,184,160,49,134,70,97,115,97,82,8,169,16,61
"Seguridad","Homicidio","2024_4",25,216,15,20,136,151,137,25,98,20,325,160,38,212,233,183,315,31,161,200,176,48,126,53,88,112,129,90,14,144,12,54
"Seguridad","Homicidio","2024_5",27,224,17,21,138,188,156,33,88,24,304,148,46,207,222,137,351,34,229,223,193,45,157,70,104,116,131,103,11,167,20,85
"Seguridad","Homicidio","2024_6",25,217,10,11,133,183,136,34,82,25,311,170,49,217,221,130,296,39,206,195,165,43,117,63,98,133,101,102,9,151,13,70
"Seguridad","Homicidio","2024_7",32,220,12,10,110,172,122,27,72,27,304,178,37,213,181,120,288,26,207,201,141,46,142,44,93,150,89,78,17,148,24,66
"Seguridad","Homicidio","2024_8",14,222,13,24,121,169,122,34,65,31,293,179,27,183,170,115,262,33,212,186,161,47,122,45,82,112,97,89,14,140,12,73
"Seguridad","Homicidio","2024_9",18,232,15,9,88,165,141,39,75,19,308,114,42,184,172,113,291,23,196,190,188,42,115,47,144,131,104,87,17,160,18,60
"Seguridad","Homicidio","2024_10",18,198,12,19,109,170,133,34,75,24,359,175,34,191,207,127,264,34,172,185,164,47,119,66,187,106,90,78,10,130,17,62
"Seguridad","Homicidio","2024_11",13,186,11,21,99,161,142,32,91,21,290,133,38,185,211,132,282,43,149,168,150,55,102,66,164,130,107,76,17,142,22,77
"Seguridad","Homicidio","2024_12",20,182,6,18,113,163,152,36,57,29,363,108,22,208,220,127,276,37,127,151,170,51,121,56,161,91,91,71,15,148,23,74
"Seguridad","Homicidio","2025_1",22,207,9,11,112,147,104,14,66,16,403,128,34,167,228,148,245,34,136,170,138,34,94,51,151,120,103,84,10,136,10,50
"Seguridad","Homicidio","2025_2",18,168,13,21,72,127,110,19,43,28,403,109,35,155,192,116,231,32,111,141,138,37,91,50,151,102,100,64,12,142,7,37
"Seguridad","Homicidio","2025_3",19,171,12,26,99,178,135,29,69,19,365,130,38,195,215,117,269,37,137,193,154,42,108,53,156,123,101,75,11,166,28,57
"Seguridad","Homicidio","2025_4",15,139,15,18,103,137,131,29,58,19,261,165,41,188,199,118,245,34,139,185,158,48,104,42,150,83,80,75,10,131,8,47
"Seguridad","Homicidio","2025_5",22,152,21,19,108,150,120,19,59,24,236,138,23,194,223,105,244,29,104,172,167,36,112,43,188,100,93,68,12,163,13,48
"Seguridad","Homicidio","2025_6",19,178,33,8,84,160,133,31,65,22,247,116,29,165,210,90,208,35,103,132,115,42,98,48,200,111,80,73,9,151,11,44
"Seguridad","Homicidio","2025_7",0,0,0,0,0,0,0,0,0,0,0,0,0,0,0,0,0,0,0,0,0,0,0,0,0,0,0,0,0,0,0,0
"Seguridad","Homicidio","2025_8",0,0,0,0,0,0,0,0,0,0,0,0,0,0,0,0,0,0,0,0,0,0,0,0,0,0,0,0,0,0,0,0
"Seguridad","Homicidio","2025_9",0,0,0,0,0,0,0,0,0,0,0,0,0,0,0,0,0,0,0,0,0,0,0,0,0,0,0,0,0,0,0,0
"Seguridad","Homicidio","2025_10",0,0,0,0,0,0,0,0,0,0,0,0,0,0,0,0,0,0,0,0,0,0,0,0,0,0,0,0,0,0,0,0
"Seguridad","Homicidio","2025_11",0,0,0,0,0,0,0,0,0,0,0,0,0,0,0,0,0,0,0,0,0,0,0,0,0,0,0,0,0,0,0,0
"Seguridad","Homicidio","2025_12",0,0,0,0,0,0,0,0,0,0,0,0,0,0,0,0,0,0,0,0,0,0,0,0,0,0,0,0,0,0,0,0
"Seguridad","Hostigamiento sexual","2015_1",1,12,0,0,1,9,0,0,0,0,4,1,0,0,1,6,5,0,1,0,1,0,0,2,0,0,5,1,1,0,1,1
"Seguridad","Hostigamiento sexual","2015_2",1,11,0,0,3,7,0,0,0,0,0,0,4,1,2,6,7,0,2,1,7,0,0,0,0,1,18,2,0,0,1,0
"Seguridad","Hostigamiento sexual","2015_3",0,15,0,0,1,11,0,0,0,0,6,0,1,1,2,13,4,0,3,0,5,0,0,1,0,2,9,1,0,0,0,4
"Seguridad","Hostigamiento sexual","2015_4",1,5,0,0,2,16,0,0,0,0,3,3,1,1,2,5,4,0,3,0,5,0,2,0,0,0,3,0,0,0,0,0
"Seguridad","Hostigamiento sexual","2015_5",3,8,0,0,1,15,0,0,0,1,1,2,0,1,3,1,4,0,4,0,1,0,0,0,0,0,4,0,0,0,0,1
"Seguridad","Hostigamiento sexual","2015_6",0,14,2,0,1,23,0,0,0,3,3,0,0,4,2,10,9,0,4,0,3,0,1,2,0,0,6,1,0,0,3,0
"Seguridad","Hostigamiento sexual","2015_7",1,9,1,0,3,16,0,0,0,6,7,0,0,2,3,11,6,0,0,0,1,0,1,0,0,1,4,0,0,0,0,0
"Seguridad","Hostigamiento sexual","2015_8",0,7,0,0,0,8,0,0,0,1,2,4,0,1,5,5,5,0,0,1,4,0,0,0,0,0,4,0,0,0,1,0
"Seguridad","Hostigamiento sexual","2015_9",0,10,0,0,6,19,0,0,0,2,1,2,0,3,4,8,2,0,0,0,1,0,1,3,0,1,6,1,0,0,0,0
"Seguridad","Hostigamiento sexual","2015_10",1,8,1,0,1,10,0,0,0,0,5,1,0,5,7,11,7,0,2,0,4,0,0,0,0,0,7,2,0,0,4,2
"Seguridad","Hostigamiento sexual","2015_11",0,10,1,0,1,13,0,0,0,0,2,0,0,5,2,2,3,0,5,4,3,0,0,1,0,1,7,0,0,0,3,0
"Seguridad","Hostigamiento sexual","2015_12",3,6,0,0,1,10,0,0,0,2,0,0,0,0,4,8,3,0,1,0,0,0,0,0,0,0,7,0,0,0,5,0
"Seguridad","Hostigamiento sexual","2016_1",1,12,0,0,3,12,0,0,0,0,1,0,36,1,5,1,2,0,3,1,3,0,0,2,0,0,1,0,0,0,2,0
"Seguridad","Hostigamiento sexual","2016_2",1,7,2,0,1,6,0,0,0,3,0,1,0,0,4,5,6,0,2,2,1,0,0,2,0,2,7,0,0,0,0,0
"Seguridad","Hostigamiento sexual","2016_3",0,5,1,0,0,6,0,0,1,3,1,0,3,1,3,9,7,0,1,1,3,0,0,0,0,0,3,3,0,0,1,1
"Seguridad","Hostigamiento sexual","2016_4",0,8,0,0,8,14,0,0,0,6,3,1,0,0,7,5,14,0,2,4,5,0,1,2,0,1,4,2,0,0,1,1
"Seguridad","Hostigamiento sexual","2016_5",0,10,1,0,3,9,0,0,0,3,1,1,4,2,7,8,5,0,1,1,3,0,0,1,0,2,7,0,0,0,2,3
"Seguridad","Hostigamiento sexual","2016_6",0,8,1,0,3,8,0,0,0,6,1,0,1,22,5,9,10,0,5,4,3,0,0,6,0,2,9,5,0,0,2,1
"Seguridad","Hostigamiento sexual","2016_7",0,5,0,0,1,12,0,0,0,1,1,1,2,17,5,3,4,0,2,4,0,0,0,4,0,4,10,9,0,0,1,0
"Seguridad","Hostigamiento sexual","2016_8",1,7,1,0,4,12,0,0,0,0,2,0,4,19,3,8,7,0,2,1,1,0,0,3,0,1,9,4,0,0,1,2
"Seguridad","Hostigamiento sexual","2016_9",1,13,1,0,0,11,0,1,0,3,1,0,0,17,2,6,2,0,1,4,1,0,0,2,0,0,8,6,0,0,1,0
"Seguridad","Hostigamiento sexual","2016_10",1,9,1,0,6,8,0,0,0,10,4,1,1,20,4,6,0,0,0,0,2,0,0,4,0,0,7,2,0,0,0,2
"Seguridad","Hostigamiento sexual","2016_11",1,3,0,0,1,10,0,0,0,1,2,1,0,8,3,7,4,0,4,2,2,0,0,1,0,0,0,3,0,0,0,1
"Seguridad","Hostigamiento sexual","2016_12",0,3,0,0,1,8,0,0,0,0,1,2,1,12,3,10,3,0,3,2,0,0,3,1,0,1,10,0,0,0,0,0
"Seguridad","Hostigamiento sexual","2017_1",0,9,2,0,1,13,0,0,1,0,1,1,4,18,2,3,3,0,1,1,1,0,0,4,0,0,13,2,0,0,1,1
"Seguridad","Hostigamiento sexual","2017_2",1,7,1,0,2,5,0,0,3,1,6,1,1,23,3,4,1,0,1,1,0,0,1,3,0,0,11,1,0,0,2,1
"Seguridad","Hostigamiento sexual","2017_3",2,9,0,0,7,9,0,0,0,2,4,1,3,24,9,4,2,0,4,5,3,0,1,3,0,1,4,3,0,0,1,2
"Seguridad","Hostigamiento sexual","2017_4",2,9,0,0,4,14,0,1,0,1,0,0,2,7,3,10,7,0,4,2,0,0,0,2,0,0,9,1,0,0,2,1
"Seguridad","Hostigamiento sexual","2017_5",2,10,0,0,1,13,0,0,1,0,1,1,0,6,11,9,4,0,4,1,1,0,2,0,0,0,10,1,0,0,0,0
"Seguridad","Hostigamiento sexual","2017_6",4,7,2,0,4,22,0,0,0,1,3,0,1,11,8,12,1,0,1,3,1,0,4,2,0,0,12,6,0,3,0,0
"Seguridad","Hostigamiento sexual","2017_7",0,8,2,0,2,11,0,0,2,0,4,2,1,3,4,8,6,0,2,0,1,0,0,1,0,0,10,3,0,0,1,0
"Seguridad","Hostigamiento sexual","2017_8",5,6,3,0,1,26,0,3,1,0,1,2,3,3,5,6,3,0,0,2,2,0,0,0,0,0,16,3,0,0,1,1
"Seguridad","Hostigamiento sexual","2017_9",4,9,1,0,5,20,0,1,3,4,2,2,0,3,4,13,1,0,1,1,4,0,2,0,0,0,17,1,0,0,0,1
"Seguridad","Hostigamiento sexual","2017_10",3,14,0,0,3,16,0,0,1,4,2,1,1,8,6,12,7,0,7,2,2,0,0,4,0,0,12,0,0,0,0,1
"Seguridad","Hostigamiento sexual","2017_11",6,11,0,0,1,12,0,2,0,3,1,2,1,5,4,1,4,0,3,2,1,0,1,1,0,0,13,1,0,0,0,0
"Seguridad","Hostigamiento sexual","2017_12",3,7,0,0,2,13,0,2,1,1,7,0,3,5,4,1,0,0,5,2,2,0,0,0,0,0,13,2,0,1,1,1
"Seguridad","Hostigamiento sexual","2018_1",7,4,0,0,5,15,0,2,3,2,2,1,0,1,5,7,3,0,8,1,1,0,1,0,0,0,9,0,0,1,0,1
"Seguridad","Hostigamiento sexual","2018_2",2,2,0,0,8,15,0,3,1,3,3,1,0,1,3,4,6,0,1,3,2,0,0,0,0,2,14,2,0,0,1,0
"Seguridad","Hostigamiento sexual","2018_3",9,12,0,0,5,17,0,0,1,0,3,0,1,9,7,10,6,0,5,5,2,0,1,2,0,0,17,2,1,2,0,2
"Seguridad","Hostigamiento sexual","2018_4",6,12,0,0,1,10,0,7,2,2,2,0,0,6,5,6,5,0,4,3,2,0,3,3,0,0,16,3,0,7,0,1
"Seguridad","Hostigamiento sexual","2018_5",7,7,0,0,1,18,0,2,2,0,4,2,7,5,3,5,6,0,3,4,2,0,2,3,0,0,13,1,2,4,4,2
"Seguridad","Hostigamiento sexual","2018_6",4,9,0,0,1,21,0,2,0,1,2,2,5,6,4,9,9,0,11,4,3,0,1,1,0,0,24,2,1,8,1,1
"Seguridad","Hostigamiento sexual","2018_7",9,9,0,0,3,14,0,2,2,1,1,1,4,8,4,4,7,0,3,3,6,0,2,1,0,1,17,3,1,2,0,0
"Seguridad","Hostigamiento sexual","2018_8",10,14,0,0,4,17,0,1,3,3,2,1,4,7,5,4,11,0,6,6,5,0,2,1,0,0,10,1,0,1,1,0
"Seguridad","Hostigamiento sexual","2018_9",7,8,1,0,3,19,0,1,4,1,3,5,3,7,2,5,1,0,0,8,4,0,5,8,0,1,17,2,0,7,0,2
"Seguridad","Hostigamiento sexual","2018_10",7,11,0,0,4,8,0,1,0,4,2,2,8,6,5,7,5,0,5,6,3,0,4,1,0,1,19,1,1,5,0,2
"Seguridad","Hostigamiento sexual","2018_11",8,13,0,0,3,11,0,1,3,2,1,1,5,8,2,6,7,0,3,6,1,0,2,3,0,1,15,1,0,5,0,0
"Seguridad","Hostigamiento sexual","2018_12",6,6,0,0,1,8,0,2,2,1,2,2,4,1,0,4,5,0,2,5,1,0,0,2,0,0,14,1,0,4,0,4
"Seguridad","Hostigamiento sexual","2019_1",4,6,1,0,3,7,0,0,1,1,0,1,0,5,4,5,6,0,1,0,3,0,0,3,0,0,11,2,0,34,0,3
"Seguridad","Hostigamiento sexual","2019_2",11,14,0,0,1,17,0,3,4,2,0,0,9,9,5,5,9,0,4,8,4,0,1,3,0,0,23,1,0,39,0,5
"Seguridad","Hostigamiento sexual","2019_3",13,5,0,1,3,19,0,3,5,0,5,0,7,2,5,7,6,0,6,9,5,0,1,3,0,1,21,2,0,29,0,1
"Seguridad","Hostigamiento sexual","2019_4",8,10,1,0,2,21,0,2,0,0,3,0,4,7,4,1,6,0,1,10,1,0,1,1,0,1,26,1,0,28,0,4
"Seguridad","Hostigamiento sexual","2019_5",13,11,0,0,6,15,0,2,3,1,5,0,5,7,10,5,6,0,5,7,5,0,1,7,0,1,19,2,0,30,0,2
"Seguridad","Hostigamiento sexual","2019_6",8,11,1,0,1,9,0,0,1,0,5,1,6,10,10,6,18,0,6,2,6,0,1,1,0,0,20,1,0,40,2,2
"Seguridad","Hostigamiento sexual","2019_7",6,16,3,0,2,12,0,2,5,1,6,0,1,6,2,6,12,0,0,4,8,0,3,3,0,0,25,1,0,22,0,0
"Seguridad","Hostigamiento sexual","2019_8",11,12,1,0,6,18,0,2,1,1,3,2,4,7,5,4,12,0,3,3,5,0,5,8,0,0,29,0,0,27,0,1
"Seguridad","Hostigamiento sexual","2019_9",12,13,0,0,0,12,0,2,3,0,4,1,2,2,8,6,10,0,1,7,4,0,0,11,0,0,28,6,0,33,0,0
"Seguridad","Hostigamiento sexual","2019_10",9,15,0,0,1,19,0,2,2,1,6,1,7,5,7,5,13,0,1,13,6,0,1,0,0,0,14,2,0,42,0,2
"Seguridad","Hostigamiento sexual","2019_11",7,12,3,0,3,15,0,2,0,3,3,0,8,7,6,2,7,0,6,4,11,0,3,6,0,0,16,1,0,33,0,1
"Seguridad","Hostigamiento sexual","2019_12",2,15,1,0,3,15,0,0,2,0,4,1,3,7,8,5,11,0,5,4,7,0,3,3,0,0,16,1,0,15,0,0
"Seguridad","Hostigamiento sexual","2020_1",6,10,1,0,2,7,0,0,4,1,1,1,4,3,6,3,13,0,3,3,6,0,3,1,0,1,17,5,0,24,0,3
"Seguridad","Hostigamiento sexual","2020_2",6,36,5,0,4,14,0,2,3,1,4,1,3,10,21,4,15,0,10,6,7,0,3,3,0,2,27,6,0,34,0,1
"Seguridad","Hostigamiento sexual","2020_3",10,37,0,0,2,28,0,2,1,1,4,3,5,8,10,7,10,0,2,9,7,0,2,3,0,2,34,6,1,44,0,3
"Seguridad","Hostigamiento sexual","2020_4",5,7,2,0,2,8,0,0,2,2,1,1,5,3,8,2,10,0,2,2,2,0,0,1,0,1,3,0,0,19,0,0
"Seguridad","Hostigamiento sexual","2020_5",6,8,0,0,1,18,0,1,4,0,3,0,3,7,7,3,13,0,4,4,1,0,3,0,0,0,9,4,0,20,0,2
"Seguridad","Hostigamiento sexual","2020_6",6,14,0,0,1,16,0,0,5,2,3,0,6,2,12,6,6,0,3,2,2,0,11,4,0,0,16,3,0,3,0,1
"Seguridad","Hostigamiento sexual","2020_7",5,20,1,0,1,17,0,0,0,2,3,1,3,2,6,5,7,0,3,3,8,0,2,1,0,0,18,1,0,19,0,4
"Seguridad","Hostigamiento sexual","2020_8",9,11,0,0,0,13,0,0,0,0,6,1,6,7,3,2,3,0,4,2,9,0,0,1,0,3,23,2,0,20,0,1
"Seguridad","Hostigamiento sexual","2020_9",4,23,1,0,0,11,0,2,1,0,5,1,5,4,5,10,6,0,2,6,6,0,2,6,0,1,19,1,0,24,0,2
"Seguridad","Hostigamiento sexual","2020_10",13,17,1,0,0,9,0,5,5,1,6,3,3,5,5,6,7,0,6,1,6,0,3,4,1,0,24,0,0,27,0,1
"Seguridad","Hostigamiento sexual","2020_11",3,16,0,0,0,12,0,3,6,0,1,2,4,4,0,5,10,0,3,3,4,0,1,1,1,0,19,2,0,34,0,1
"Seguridad","Hostigamiento sexual","2020_12",6,10,1,0,1,8,0,3,5,0,2,1,9,5,1,9,4,0,1,2,5,0,5,8,0,2,12,0,0,24,0,0
"Seguridad","Hostigamiento sexual","2021_1",3,10,1,0,3,9,0,1,3,1,2,1,4,0,2,7,5,0,6,8,6,0,2,6,0,2,14,0,0,25,0,0
"Seguridad","Hostigamiento sexual","2021_2",7,17,1,0,2,20,0,0,4,0,3,0,7,17,2,6,8,0,6,4,3,0,7,6,1,2,16,5,0,27,0,2
"Seguridad","Hostigamiento sexual","2021_3",10,16,3,0,5,24,0,0,7,1,5,2,8,8,3,10,18,0,4,8,5,0,4,4,0,1,32,4,0,40,2,3
"Seguridad","Hostigamiento sexual","2021_4",8,12,4,0,1,13,0,6,5,1,4,2,11,13,2,6,9,0,6,7,3,0,5,1,1,0,23,6,0,38,0,0
"Seguridad","Hostigamiento sexual","2021_5",10,16,2,0,0,13,0,0,8,2,6,2,7,6,7,6,20,0,5,7,6,0,6,6,0,2,20,3,0,41,0,2
"Seguridad","Hostigamiento sexual","2021_6",14,23,0,0,1,27,0,1,6,0,3,0,7,3,1,6,4,0,4,5,4,0,1,1,1,0,18,3,0,43,0,2
"Seguridad","Hostigamiento sexual","2021_7",12,23,3,0,1,11,0,3,6,1,6,1,4,5,4,9,3,0,3,3,2,0,3,0,3,0,19,1,0,45,0,1
"Seguridad","Hostigamiento sexual","2021_8",11,29,1,0,10,19,0,1,3,0,7,0,7,5,3,1,9,0,4,3,7,0,3,1,0,0,9,0,0,38,0,1
"Seguridad","Hostigamiento sexual","2021_9",10,17,0,0,2,16,0,1,3,1,0,0,8,5,7,2,5,0,4,3,5,0,3,2,0,1,21,1,0,25,0,1
"Seguridad","Hostigamiento sexual","2021_10",13,16,0,0,1,30,0,1,5,1,3,0,10,6,7,3,5,0,7,4,4,1,3,3,1,0,14,2,0,33,0,5
"Seguridad","Hostigamiento sexual","2021_11",10,15,1,1,4,22,0,1,3,2,5,1,4,6,1,6,5,0,3,2,5,1,2,7,0,1,13,3,0,28,0,2
"Seguridad","Hostigamiento sexual","2021_12",7,18,1,2,2,17,0,2,4,0,3,2,4,5,3,2,22,0,4,6,5,4,5,8,1,0,13,1,0,25,0,3
"Seguridad","Hostigamiento sexual","2022_1",6,17,0,2,1,12,0,2,4,1,6,2,2,9,2,4,7,0,1,4,1,1,2,0,0,0,15,2,0,30,0,0
"Seguridad","Hostigamiento sexual","2022_2",7,6,3,0,0,10,0,2,0,0,4,2,7,2,3,1,3,0,4,4,3,4,4,1,0,0,16,2,1,21,0,0
"Seguridad","Hostigamiento sexual","2022_3",9,49,1,3,1,27,0,3,5,0,13,2,12,10,8,12,17,0,8,7,7,6,3,4,1,0,29,2,0,50,0,1
"Seguridad","Hostigamiento sexual","2022_4",13,53,1,2,3,15,0,2,6,2,7,4,8,3,2,7,14,0,7,4,5,4,3,7,1,1,23,1,0,35,0,0
"Seguridad","Hostigamiento sexual","2022_5",15,44,0,1,0,23,0,4,2,4,9,3,6,12,1,6,32,0,3,8,12,3,2,2,1,3,45,6,1,51,0,3
"Seguridad","Hostigamiento sexual","2022_6",19,41,1,4,3,28,0,3,6,2,14,3,11,5,2,8,15,0,7,7,9,8,2,8,1,3,23,3,0,61,0,1
"Seguridad","Hostigamiento sexual","2022_7",16,50,3,4,2,9,0,3,3,4,4,0,6,5,2,11,16,0,8,4,5,1,2,4,2,1,30,6,0,41,0,1
"Seguridad","Hostigamiento sexual","2022_8",16,61,0,1,0,10,0,3,2,3,10,0,11,8,2,6,8,0,10,1,2,2,4,3,0,0,12,4,0,39,0,1
"Seguridad","Hostigamiento sexual","2022_9",9,55,1,3,2,11,0,2,5,3,3,3,11,3,4,1,20,0,8,13,6,0,0,1,2,3,26,3,0,37,0,3
"Seguridad","Hostigamiento sexual","2022_10",12,42,0,3,0,13,0,1,5,3,10,6,17,17,0,9,30,0,7,1,12,0,2,4,1,3,27,2,0,33,0,2
"Seguridad","Hostigamiento sexual","2022_11",7,35,1,2,0,0,0,6,2,3,4,4,9,10,3,6,15,0,12,7,4,0,3,1,6,1,20,6,0,41,0,1
"Seguridad","Hostigamiento sexual","2022_12",6,39,2,0,2,5,0,4,2,0,8,1,8,9,1,9,62,0,7,4,4,1,9,4,2,0,18,2,0,35,0,0
"Seguridad","Hostigamiento sexual","2023_1",8,34,4,4,0,6,0,0,3,1,8,4,12,7,3,10,27,0,6,3,4,0,3,4,2,0,26,2,0,9,0,1
"Seguridad","Hostigamiento sexual","2023_2",16,52,2,1,1,3,0,5,3,1,8,1,14,6,1,7,17,0,5,6,5,2,3,2,1,1,19,4,0,8,0,4
"Seguridad","Hostigamiento sexual","2023_3",32,124,3,5,2,9,0,6,2,0,11,5,31,15,6,11,21,0,11,13,10,7,8,5,1,1,25,6,0,8,0,2
"Seguridad","Hostigamiento sexual","2023_4",18,57,2,4,2,10,0,1,5,2,10,3,11,7,1,7,9,0,5,9,6,3,2,3,2,1,18,6,0,7,1,0
"Seguridad","Hostigamiento sexual","2023_5",27,136,3,6,1,9,0,2,3,2,6,5,18,10,3,4,12,0,6,8,7,3,2,3,2,1,14,9,0,5,0,2
"Seguridad","Hostigamiento sexual","2023_6",22,144,2,4,1,7,0,3,1,2,7,2,21,12,5,5,30,0,7,5,7,3,3,2,3,2,22,5,0,6,0,3
"Seguridad","Hostigamiento sexual","2023_7",20,130,0,4,7,10,0,1,1,2,4,1,12,7,0,7,62,0,8,5,10,0,0,7,2,0,12,1,0,9,0,4
"Seguridad","Hostigamiento sexual","2023_8",10,130,1,1,1,6,0,0,1,3,3,2,21,13,2,5,15,0,1,7,6,6,2,6,1,4,16,2,0,4,1,1
"Seguridad","Hostigamiento sexual","2023_9",12,131,1,2,1,7,0,1,6,3,4,2,18,12,3,12,28,0,5,12,13,1,3,2,0,5,14,2,0,2,0,4
"Seguridad","Hostigamiento sexual","2023_10",13,159,2,0,1,6,0,1,1,2,7,3,21,12,1,7,21,0,12,7,7,2,9,3,1,1,42,2,0,12,0,5
"Seguridad","Hostigamiento sexual","2023_11",13,145,1,1,1,7,0,3,2,1,9,0,24,9,2,3,9,0,7,8,12,4,4,6,1,1,15,11,0,1,1,6
"Seguridad","Hostigamiento sexual","2023_12",16,165,1,2,2,5,0,4,0,1,5,1,8,15,3,5,11,0,6,7,1,0,0,1,1,3,13,4,0,4,0,1
"Seguridad","Hostigamiento sexual","2024_1",10,122,0,3,3,4,0,2,4,1,5,2,19,12,3,2,14,0,5,4,3,2,3,3,0,0,19,3,0,3,0,2
"Seguridad","Hostigamiento sexual","2024_2",9,133,1,2,2,4,0,4,1,1,8,3,16,10,3,3,15,0,10,5,6,0,3,2,0,0,12,8,0,11,1,3
"Seguridad","Hostigamiento sexual","2024_3",8,150,1,4,1,10,0,4,3,0,6,0,10,14,5,4,16,0,9,9,6,4,5,2,1,0,22,4,0,6,0,1
"Seguridad","Hostigamiento sexual","2024_4",12,175,3,0,2,14,0,1,5,2,7,2,21,12,1,7,20,0,3,4,5,4,4,2,2,2,10,3,1,7,0,5
"Seguridad","Hostigamiento sexual","2024_5",18,177,5,1,3,12,0,7,4,2,5,2,21,12,7,3,17,0,6,4,6,3,4,6,3,2,12,4,0,5,0,5
"Seguridad","Hostigamiento sexual","2024_6",10,131,1,0,4,8,0,3,1,2,5,1,12,12,2,8,12,0,7,5,9,4,3,3,1,2,15,3,0,9,1,5
"Seguridad","Hostigamiento sexual","2024_7",17,112,1,0,3,6,0,2,0,2,10,0,13,9,1,6,29,0,2,11,7,3,3,2,4,2,16,1,0,2,0,0
"Seguridad","Hostigamiento sexual","2024_8",20,124,1,0,1,1,0,2,0,1,4,1,14,4,3,10,10,0,4,5,13,3,2,0,0,3,15,2,0,2,0,0
"Seguridad","Hostigamiento sexual","2024_9",12,117,3,0,0,6,0,3,0,1,4,3,13,9,2,8,12,0,5,6,10,3,4,1,0,1,24,7,0,3,0,0
"Seguridad","Hostigamiento sexual","2024_10",11,99,2,0,1,11,0,3,3,1,6,1,16,6,4,8,12,0,4,7,8,4,3,3,0,2,21,6,0,2,0,2
"Seguridad","Hostigamiento sexual","2024_11",12,103,0,0,1,3,0,6,9,1,6,0,11,7,1,4,15,0,6,3,5,3,3,2,1,3,14,8,0,3,0,4
"Seguridad","Hostigamiento sexual","2024_12",13,87,3,2,0,9,0,2,2,5,5,0,9,5,2,3,7,0,7,4,4,4,1,1,0,2,10,4,0,0,0,1
"Seguridad","Hostigamiento sexual","2025_1",7,66,1,2,3,4,0,1,2,1,3,1,16,8,2,8,19,0,4,2,3,3,4,0,1,1,13,4,0,5,0,0
"Seguridad","Hostigamiento sexual","2025_2",17,101,2,2,0,7,0,1,4,1,13,1,22,4,5,12,14,0,2,5,2,5,1,6,0,2,10,4,0,4,0,0
"Seguridad","Hostigamiento sexual","2025_3",9,128,0,1,0,3,0,1,6,0,4,2,26,11,2,9,17,0,8,4,15,5,0,5,1,1,22,9,0,8,0,4
"Seguridad","Hostigamiento sexual","2025_4",9,119,1,1,3,10,0,8,1,1,8,0,21,9,5,10,11,0,10,2,4,1,2,1,3,1,20,3,0,3,0,2
"Seguridad","Hostigamiento sexual","2025_5",10,119,1,0,1,6,0,3,1,2,10,3,15,8,4,4,14,0,7,4,5,4,3,0,5,3,27,2,0,6,0,1
"Seguridad","Hostigamiento sexual","2025_6",16,102,0,1,0,8,0,2,3,2,3,2,25,4,2,13,19,0,10,4,13,2,2,0,1,1,25,3,0,2,0,0
"Seguridad","Hostigamiento sexual","2025_7",0,0,0,0,0,0,0,0,0,0,0,0,0,0,0,0,0,0,0,0,0,0,0,0,0,0,0,0,0,0,0,0
"Seguridad","Hostigamiento sexual","2025_8",0,0,0,0,0,0,0,0,0,0,0,0,0,0,0,0,0,0,0,0,0,0,0,0,0,0,0,0,0,0,0,0
"Seguridad","Hostigamiento sexual","2025_9",0,0,0,0,0,0,0,0,0,0,0,0,0,0,0,0,0,0,0,0,0,0,0,0,0,0,0,0,0,0,0,0
"Seguridad","Hostigamiento sexual","2025_10",0,0,0,0,0,0,0,0,0,0,0,0,0,0,0,0,0,0,0,0,0,0,0,0,0,0,0,0,0,0,0,0
"Seguridad","Hostigamiento sexual","2025_11",0,0,0,0,0,0,0,0,0,0,0,0,0,0,0,0,0,0,0,0,0,0,0,0,0,0,0,0,0,0,0,0
"Seguridad","Hostigamiento sexual","2025_12",0,0,0,0,0,0,0,0,0,0,0,0,0,0,0,0,0,0,0,0,0,0,0,0,0,0,0,0,0,0,0,0
"Seguridad","Incesto","2015_1",0,1,0,0,0,0,0,0,0,0,0,0,0,0,0,0,0,0,0,0,0,0,0,0,0,0,0,0,0,0,0,0
"Seguridad","Incesto","2015_2",0,1,0,0,0,0,0,0,0,0,0,0,0,0,0,0,0,0,0,0,0,0,0,0,0,0,0,0,0,0,0,0
"Seguridad","Incesto","2015_3",0,0,0,0,0,1,0,0,0,0,1,0,0,1,0,0,0,0,0,0,0,0,0,0,0,0,0,0,0,0,1,0
"Seguridad","Incesto","2015_4",0,0,0,0,0,0,0,0,0,0,1,0,0,0,0,0,0,0,1,0,0,0,0,0,0,0,0,1,0,0,0,0
"Seguridad","Incesto","2015_5",0,0,0,0,0,0,0,0,0,0,0,0,0,0,0,0,0,0,0,0,0,0,0,0,0,0,0,0,0,0,0,0
"Seguridad","Incesto","2015_6",0,0,0,0,0,0,0,0,0,0,1,0,0,0,0,0,0,0,0,0,0,0,0,0,0,0,0,0,0,0,0,0
"Seguridad","Incesto","2015_7",0,0,0,0,0,0,0,0,0,0,0,0,0,0,0,0,0,0,0,0,0,0,0,0,0,0,0,0,0,0,0,0
"Seguridad","Incesto","2015_8",0,0,0,0,0,0,0,0,0,0,0,0,1,0,0,0,0,0,0,0,0,0,0,0,0,0,0,0,0,0,1,0
"Seguridad","Incesto","2015_9",1,0,0,0,0,0,0,0,0,0,0,0,0,0,0,0,0,0,0,0,0,0,1,0,0,0,0,0,0,0,0,0
"Seguridad","Incesto","2015_10",0,0,0,0,0,0,0,1,0,0,0,0,0,0,0,0,0,0,0,0,0,0,0,0,0,0,0,0,0,0,0,0
"Seguridad","Incesto","2015_11",0,0,0,0,0,0,0,0,0,0,0,0,0,0,0,0,0,0,0,0,0,0,0,0,0,0,0,0,0,0,0,1
"Seguridad","Incesto","2015_12",1,0,0,0,0,0,0,0,0,0,0,0,0,0,0,0,0,0,0,0,0,0,0,0,0,0,0,0,0,0,0,0
"Seguridad","Incesto","2016_1",0,1,0,0,0,0,0,0,0,0,1,0,24,0,0,0,1,0,0,0,0,0,0,0,0,0,0,0,0,0,0,0
"Seguridad","Incesto","2016_2",1,0,0,0,0,0,0,0,0,0,0,0,0,0,0,0,0,0,0,0,0,0,0,0,0,0,0,0,0,0,0,0
"Seguridad","Incesto","2016_3",0,0,0,0,0,0,0,0,0,0,0,0,0,1,0,0,0,0,0,0,0,0,0,0,0,0,0,0,0,0,0,0
"Seguridad","Incesto","2016_4",0,0,0,0,0,0,0,0,0,0,0,0,0,29,0,0,0,0,0,0,0,0,0,0,0,0,0,0,0,0,0,0
"Seguridad","Incesto","2016_5",0,0,0,0,0,0,0,0,0,0,0,0,0,0,0,0,0,0,0,0,0,0,0,0,0,0,0,0,0,0,0,0
"Seguridad","Incesto","2016_6",0,0,0,0,0,0,0,0,0,0,0,0,0,0,0,0,0,0,0,0,0,0,0,0,0,0,1,0,0,0,0,0
"Seguridad","Incesto","2016_7",0,0,0,0,1,0,0,0,0,0,1,0,0,1,0,0,0,0,0,0,0,0,0,0,0,0,0,0,0,0,0,0
"Seguridad","Incesto","2016_8",0,0,0,0,0,0,0,0,0,0,0,0,0,0,0,0,0,0,0,1,0,0,0,0,0,0,0,0,0,0,1,0
"Seguridad","Incesto","2016_9",1,0,0,0,0,0,0,0,0,0,0,0,0,0,0,1,0,0,0,0,0,0,0,0,0,0,0,0,0,0,0,0
"Seguridad","Incesto","2016_10",0,0,0,0,0,0,0,0,0,0,0,0,0,0,0,0,0,0,1,0,0,0,0,0,0,0,0,0,0,0,0,0
"Seguridad","Incesto","2016_11",0,0,0,0,0,0,0,0,0,0,0,0,0,0,0,0,0,0,0,0,0,0,1,0,0,0,0,0,0,0,0,1
"Seguridad","Incesto","2016_12",0,1,0,0,0,0,0,0,0,0,0,0,0,0,0,0,0,0,1,0,0,0,1,0,0,0,0,1,0,0,0,0
"Seguridad","Incesto","2017_1",0,0,0,0,0,1,0,1,0,0,0,0,0,0,0,1,0,0,0,0,0,0,0,0,0,0,0,0,0,0,0,0
"Seguridad","Incesto","2017_2",1,0,0,0,0,1,0,0,0,0,0,0,0,0,0,0,0,0,0,0,0,0,0,0,0,0,0,1,0,0,0,0
"Seguridad","Incesto","2017_3",0,0,0,0,0,0,0,0,0,0,0,0,0,0,0,0,0,0,0,0,0,0,1,0,0,0,0,0,0,0,0,0
"Seguridad","Incesto","2017_4",0,0,0,0,0,0,0,0,0,0,0,0,0,0,0,0,0,0,1,0,0,0,0,0,0,0,0,0,0,0,0,0
"Seguridad","Incesto","2017_5",0,0,0,0,0,0,0,0,0,0,0,1,0,0,0,0,0,0,0,0,0,0,0,0,0,0,0,0,0,0,0,0
"Seguridad","Incesto","2017_6",1,0,0,0,0,0,0,0,0,0,0,0,0,0,0,1,0,0,0,0,0,0,0,0,1,0,0,0,0,0,0,0
"Seguridad","Incesto","2017_7",0,0,0,0,0,1,0,0,0,0,0,0,0,0,0,0,0,0,1,0,0,0,0,0,0,0,0,0,0,0,0,0
"Seguridad","Incesto","2017_8",0,0,0,0,0,0,0,0,0,0,1,0,0,0,0,0,0,0,0,0,0,0,0,0,0,0,0,0,0,0,0,0
"Seguridad","Incesto","2017_9",0,0,0,0,0,0,0,0,0,0,0,0,0,0,0,0,0,0,0,0,0,0,0,0,0,0,0,0,0,0,0,0
"Seguridad","Incesto","2017_10",0,0,0,0,0,0,0,0,0,0,0,0,0,0,0,0,0,0,0,0,0,0,0,0,0,0,0,0,0,0,0,0
"Seguridad","Incesto","2017_11",0,0,0,0,0,1,0,0,0,0,0,0,0,0,0,0,0,0,0,0,0,0,0,0,0,0,0,0,0,0,0,0
"Seguridad","Incesto","2017_12",0,0,0,0,0,0,0,0,0,0,0,0,19,0,0,0,0,0,0,0,0,0,0,0,0,0,0,0,0,0,0,0
"Seguridad","Incesto","2018_1",0,0,0,0,0,0,0,0,0,0,0,0,0,0,0,0,0,0,0,0,0,0,0,0,0,0,0,0,0,0,0,0
"Seguridad","Incesto","2018_2",0,0,0,0,0,0,0,0,0,0,0,0,0,0,0,0,0,0,0,0,0,0,0,0,0,0,0,0,0,0,0,0
"Seguridad","Incesto","2018_3",0,0,0,0,0,0,0,0,0,0,0,0,0,0,0,0,0,0,0,0,0,0,0,0,0,0,0,0,0,0,0,0
"Seguridad","Incesto","2018_4",0,0,0,0,0,0,0,0,0,0,0,0,0,0,0,0,0,0,0,0,0,0,0,0,0,0,0,0,0,0,0,0
"Seguridad","Incesto","2018_5",0,1,0,0,0,0,0,0,0,0,0,0,0,0,0,0,0,0,0,0,0,0,0,0,0,0,0,0,0,0,0,0
"Seguridad","Incesto","2018_6",0,0,0,0,0,0,0,0,0,0,0,0,0,0,0,0,0,0,0,0,0,0,0,0,0,0,0,0,0,0,1,0
"Seguridad","Incesto","2018_7",0,0,0,0,0,0,0,0,0,0,0,0,0,0,0,0,0,0,0,0,0,0,0,0,0,0,0,0,0,0,0,0
"Seguridad","Incesto","2018_8",0,1,0,0,0,0,0,0,0,0,0,0,0,0,0,0,0,0,0,0,0,0,0,1,0,0,0,0,0,0,2,0
"Seguridad","Incesto","2018_9",0,0,0,0,0,0,0,0,0,0,0,0,0,0,0,0,0,0,0,0,0,0,0,0,0,0,0,0,0,0,0,0
"Seguridad","Incesto","2018_10",0,0,0,0,0,0,0,0,0,0,0,0,0,0,0,0,0,0,0,0,0,0,0,0,0,0,0,0,0,0,0,0
"Seguridad","Incesto","2018_11",0,0,0,0,0,0,0,0,0,0,1,0,0,1,0,0,0,0,0,0,0,0,0,0,0,0,0,0,0,0,0,0
"Seguridad","Incesto","2018_12",0,0,0,0,0,0,0,0,0,1,0,0,0,0,0,0,0,0,0,1,0,0,0,0,0,0,0,0,0,0,0,0
"Seguridad","Incesto","2019_1",0,0,0,0,0,0,0,0,0,0,0,0,0,0,0,0,0,0,0,0,0,0,0,0,0,0,0,0,0,0,0,0
"Seguridad","Incesto","2019_2",0,0,0,0,0,0,0,0,0,0,0,0,0,0,0,0,0,0,0,0,0,0,0,0,0,0,0,0,0,0,0,0
"Seguridad","Incesto","2019_3",0,0,0,0,0,0,0,0,0,0,0,0,0,0,0,0,0,0,0,0,0,0,0,0,0,0,0,0,0,0,0,0
"Seguridad","Incesto","2019_4",0,0,1,0,0,0,0,0,0,0,0,0,0,0,0,0,0,0,0,0,0,0,0,0,0,0,0,0,0,0,0,0
"Seguridad","Incesto","2019_5",0,0,0,0,0,0,0,0,0,0,0,0,0,0,0,0,0,0,0,0,0,0,0,0,0,0,0,0,0,0,0,0
"Seguridad","Incesto","2019_6",0,0,0,0,0,1,0,0,0,0,0,0,0,0,0,0,1,0,0,0,0,0,0,0,0,0,0,0,0,1,0,0
"Seguridad","Incesto","2019_7",0,1,0,0,0,0,0,0,0,0,0,0,0,0,0,0,0,0,0,0,0,0,0,0,0,0,0,0,0,0,0,0
"Seguridad","Incesto","2019_8",0,1,0,0,0,1,0,0,0,0,0,0,0,0,0,0,0,0,0,0,0,0,0,0,0,1,0,0,0,0,0,0
"Seguridad","Incesto","2019_9",0,1,0,0,0,0,0,0,0,0,0,0,0,0,0,0,0,0,0,0,0,0,0,0,0,0,0,0,0,0,0,0
"Seguridad","Incesto","2019_10",0,0,0,0,0,0,0,0,0,0,0,0,0,0,0,0,0,0,0,0,0,0,0,0,0,0,0,0,0,0,0,0
"Seguridad","Incesto","2019_11",0,0,1,0,0,0,0,0,0,0,0,0,0,0,0,0,0,0,0,0,0,0,0,0,0,0,0,0,0,0,0,0
"Seguridad","Incesto","2019_12",1,0,0,0,0,0,0,0,0,0,0,0,1,0,0,0,0,0,0,0,0,0,0,0,0,1,0,0,0,1,0,0
"Seguridad","Incesto","2020_1",0,0,0,0,0,0,0,0,0,0,0,0,0,0,0,0,0,0,0,0,0,0,0,0,0,0,0,0,0,0,0,0
"Seguridad","Incesto","2020_2",0,0,0,0,0,0,0,0,0,0,0,0,0,0,0,0,0,0,0,0,0,0,0,0,0,0,0,0,0,0,0,0
"Seguridad","Incesto","2020_3",0,0,0,0,0,0,0,0,0,0,0,0,0,0,0,0,0,0,0,0,0,0,0,0,0,0,0,0,0,0,0,0
"Seguridad","Incesto","2020_4",0,1,0,0,0,0,0,0,0,0,0,0,0,0,0,0,0,0,0,0,0,0,0,0,0,0,0,0,0,0,0,0
"Seguridad","Incesto","2020_5",0,0,0,0,0,0,1,0,0,0,0,0,0,0,0,0,0,0,0,0,0,0,0,0,0,0,0,0,0,1,0,0
"Seguridad","Incesto","2020_6",0,0,0,0,0,0,0,0,0,0,0,0,0,0,0,0,0,0,0,0,0,0,0,0,0,0,0,0,0,0,0,0
"Seguridad","Incesto","2020_7",0,0,0,0,0,0,0,0,0,0,0,0,0,0,0,0,0,0,0,0,0,0,0,0,0,0,0,0,0,0,0,0
"Seguridad","Incesto","2020_8",0,0,0,0,0,0,0,0,0,0,0,0,0,0,0,0,0,0,0,0,0,0,0,0,0,0,0,0,0,0,0,0
"Seguridad","Incesto","2020_9",0,0,0,0,0,0,0,0,0,0,0,0,0,0,0,0,0,0,1,0,0,0,0,0,0,0,0,0,0,0,0,0
"Seguridad","Incesto","2020_10",0,0,0,0,0,0,0,0,0,0,0,0,0,0,0,0,0,0,0,0,0,0,0,0,0,0,0,0,0,0,0,0
"Seguridad","Incesto","2020_11",0,0,0,0,0,0,0,1,0,0,0,0,0,0,0,0,0,0,0,0,0,0,0,0,0,0,0,0,0,0,0,0
"Seguridad","Incesto","2020_12",0,0,0,0,0,0,0,0,0,0,0,0,0,0,0,0,0,0,0,0,0,0,0,0,0,0,0,0,0,0,0,0
"Seguridad","Incesto","2021_1",0,0,0,0,0,0,0,0,0,0,1,0,0,0,0,0,0,0,0,0,0,0,0,0,0,0,0,0,0,0,0,0
"Seguridad","Incesto","2021_2",0,0,0,0,0,0,0,0,0,0,1,0,0,0,0,0,0,0,0,0,0,0,0,0,0,0,0,0,0,0,0,0
"Seguridad","Incesto","2021_3",0,0,0,0,0,0,0,0,0,0,0,0,0,0,0,0,0,0,0,0,0,0,0,0,0,0,0,0,0,0,0,0
"Seguridad","Incesto","2021_4",0,0,0,0,0,0,0,0,0,0,0,0,0,0,0,0,0,0,0,0,0,0,0,0,0,1,0,0,0,0,0,0
"Seguridad","Incesto","2021_5",0,0,0,0,0,0,0,0,0,0,0,0,0,0,0,0,0,0,0,0,0,0,0,0,0,0,0,0,0,0,0,0
"Seguridad","Incesto","2021_6",0,0,0,0,0,0,0,0,0,0,0,0,0,0,0,0,0,0,1,0,0,0,0,0,0,0,0,0,0,0,0,0
"Seguridad","Incesto","2021_7",0,0,0,0,0,0,0,0,0,0,0,0,0,0,0,0,0,0,0,0,0,0,0,0,0,0,0,0,0,0,0,0
"Seguridad","Incesto","2021_8",0,0,0,0,0,0,0,0,0,0,0,0,0,0,0,0,0,0,0,0,0,0,0,0,0,0,0,0,0,0,0,0
"Seguridad","Incesto","2021_9",0,0,0,0,0,0,0,0,0,0,0,0,0,0,0,0,0,0,0,0,0,0,0,0,0,0,0,0,0,0,0,0
"Seguridad","Incesto","2021_10",0,0,0,0,0,1,0,0,0,0,0,0,0,0,0,0,0,0,0,0,0,0,0,0,0,0,0,0,0,0,0,0
"Seguridad","Incesto","2021_11",0,0,0,0,0,0,0,2,0,0,0,0,0,0,0,0,0,0,0,0,0,0,0,0,0,1,0,0,0,0,0,0
"Seguridad","Incesto","2021_12",0,0,0,0,0,1,0,0,0,0,1,0,0,0,0,0,0,0,0,0,0,0,0,0,0,0,0,0,0,0,0,0
"Seguridad","Incesto","2022_1",0,0,0,0,0,0,0,0,0,0,0,0,0,0,0,0,0,0,0,0,0,0,0,0,0,0,0,0,0,0,0,0
"Seguridad","Incesto","2022_2",0,0,0,0,0,0,0,0,0,0,0,0,0,0,0,0,0,0,0,0,0,0,0,0,1,0,0,0,0,0,0,0
"Seguridad","Incesto","2022_3",0,0,0,0,0,0,0,0,0,0,0,0,0,0,0,0,0,0,0,0,0,0,0,0,0,0,0,0,0,0,0,0
"Seguridad","Incesto","2022_4",0,0,0,0,0,0,0,0,0,0,1,0,0,0,0,0,0,0,0,0,0,0,0,0,0,0,0,0,0,0,0,0
"Seguridad","Incesto","2022_5",0,0,0,0,1,0,0,0,0,0,0,0,0,0,0,0,0,0,0,0,0,0,0,0,0,1,0,0,0,0,0,0
"Seguridad","Incesto","2022_6",0,0,0,0,0,0,0,1,0,0,0,0,0,0,0,2,0,0,1,0,0,0,0,0,0,0,0,0,0,0,0,0
"Seguridad","Incesto","2022_7",0,0,0,0,0,0,0,0,0,0,0,0,0,0,0,0,0,0,0,0,0,0,0,0,0,0,0,0,0,0,0,0
"Seguridad","Incesto","2022_8",0,0,0,0,0,0,0,0,0,0,0,0,0,0,0,0,0,0,0,0,0,0,0,0,0,0,0,0,0,0,0,0
"Seguridad","Incesto","2022_9",0,0,0,0,0,0,0,0,0,0,0,0,0,0,0,1,0,0,0,0,0,0,0,0,0,0,0,0,0,0,0,0
"Seguridad","Incesto","2022_10",0,0,0,0,0,0,0,0,0,0,0,0,0,0,0,0,0,0,0,0,0,0,2,0,0,0,0,0,0,0,0,0
"Seguridad","Incesto","2022_11",0,0,0,0,0,0,0,0,0,0,0,0,0,0,0,0,0,0,0,0,0,0,0,0,0,0,0,0,0,0,0,0
"Seguridad","Incesto","2022_12",0,0,0,0,0,0,0,0,0,0,0,0,0,0,0,0,0,0,0,0,0,0,1,0,0,0,0,0,0,0,0,0
"Seguridad","Incesto","2023_1",0,1,0,0,0,0,0,0,0,0,0,0,0,0,0,0,0,0,0,0,0,0,0,0,0,0,0,0,0,0,0,0
"Seguridad","Incesto","2023_2",0,0,0,0,0,0,0,0,0,0,1,0,0,0,0,0,0,0,0,0,0,0,0,0,0,0,0,0,0,0,0,0
"Seguridad","Incesto","2023_3",0,0,0,0,0,0,1,0,0,0,0,0,0,0,0,0,0,0,0,0,0,0,0,0,0,0,0,0,0,0,0,0
"Seguridad","Incesto","2023_4",0,0,0,0,0,0,0,0,0,0,0,0,0,0,0,0,0,0,0,0,0,0,0,0,0,0,0,0,0,0,0,0
"Seguridad","Incesto","2023_5",0,0,0,0,0,0,0,0,0,0,0,0,0,0,0,0,0,0,0,0,0,0,0,0,0,0,0,0,0,1,0,0
"Seguridad","Incesto","2023_6",0,0,0,0,0,0,0,0,0,0,0,0,0,0,0,0,0,0,0,0,0,0,0,0,0,0,0,0,0,0,0,0
"Seguridad","Incesto","2023_7",1,0,0,0,0,0,0,0,0,0,0,0,0,0,0,0,0,0,0,0,0,0,0,0,0,0,0,0,0,0,0,0
"Seguridad","Incesto","2023_8",0,1,0,0,1,0,0,0,0,0,0,0,0,0,0,0,0,0,0,0,0,0,0,0,1,0,0,0,0,0,0,0
"Seguridad","Incesto","2023_9",0,0,0,0,0,0,0,0,0,0,0,0,0,0,0,0,0,0,0,0,0,0,0,0,0,0,0,0,0,0,0,0
"Seguridad","Incesto","2023_10",0,0,0,0,0,0,0,0,0,0,0,0,0,0,0,0,0,0,0,0,0,0,0,0,0,0,0,0,0,0,0,0
"Seguridad","Incesto","2023_11",0,0,0,0,0,1,0,0,0,0,0,0,0,0,0,0,0,0,0,0,0,0,0,0,0,0,0,0,0,0,0,0
"Seguridad","Incesto","2023_12",3,1,0,0,0,0,0,0,0,0,0,0,0,0,0,0,0,0,0,0,0,0,0,0,0,0,0,0,0,0,0,0
"Seguridad","Incesto","2024_1",0,0,0,0,0,0,0,0,0,0,0,0,0,0,0,0,0,0,0,0,0,0,0,0,0,0,0,0,0,0,0,0
"Seguridad","Incesto","2024_2",0,0,0,0,0,0,0,0,0,0,0,0,0,0,0,0,0,0,0,0,0,0,0,0,0,0,0,0,0,0,0,0
"Seguridad","Incesto","2024_3",0,0,0,0,0,0,0,0,0,0,0,0,0,0,0,0,0,0,0,0,0,0,0,0,0,0,0,0,0,0,0,0
"Seguridad","Incesto","2024_4",0,0,0,0,0,0,0,0,0,0,0,0,0,0,0,0,0,0,0,0,0,0,0,0,0,0,0,0,0,0,0,0
"Seguridad","Incesto","2024_5",1,0,0,0,0,0,0,0,0,0,0,0,0,0,0,0,0,0,0,0,0,0,0,0,0,0,0,0,0,0,0,0
"Seguridad","Incesto","2024_6",0,0,0,0,0,0,0,0,0,0,0,0,0,0,0,0,0,0,0,0,0,0,0,0,0,0,0,0,0,0,0,0
"Seguridad","Incesto","2024_7",0,0,0,0,0,1,0,0,0,0,0,0,0,0,0,0,0,0,0,0,0,0,0,0,0,0,0,0,0,0,0,0
"Seguridad","Incesto","2024_8",0,0,0,0,0,0,0,0,0,0,0,0,0,0,0,0,0,0,0,0,0,0,0,0,0,0,0,0,0,0,0,0
"Seguridad","Incesto","2024_9",0,0,0,0,0,0,0,0,0,0,0,0,0,0,0,0,0,0,0,0,0,0,0,0,0,0,0,0,0,0,0,0
"Seguridad","Incesto","2024_10",0,0,0,0,0,0,0,0,0,0,0,0,0,0,0,2,0,0,0,0,0,0,0,0,0,0,0,0,0,0,0,0
"Seguridad","Incesto","2024_11",0,0,1,0,0,0,0,0,0,0,0,0,0,0,0,3,0,0,0,0,0,0,0,0,0,0,0,0,0,0,0,0
"Seguridad","Incesto","2024_12",0,0,0,0,0,0,0,0,0,0,0,0,0,0,0,0,0,0,0,0,0,0,0,0,0,0,0,0,0,0,0,0
"Seguridad","Incesto","2025_1",1,0,0,0,0,0,0,0,0,0,0,0,0,0,0,0,0,0,0,0,0,0,0,0,0,0,0,0,0,0,0,0
"Seguridad","Incesto","2025_2",0,0,0,0,0,0,0,0,0,0,0,0,0,0,0,0,0,0,0,0,0,0,0,0,0,0,0,0,0,0,0,0
"Seguridad","Incesto","2025_3",0,0,0,0,0,0,0,0,0,0,0,0,0,0,0,0,0,0,0,0,0,0,0,0,0,0,3,0,0,0,0,0
"Seguridad","Incesto","2025_4",0,0,0,0,0,0,0,0,0,0,0,0,0,0,0,0,0,0,0,0,0,0,0,0,0,0,0,0,0,0,0,0
"Seguridad","Incesto","2025_5",0,0,1,0,0,0,0,0,0,0,0,0,0,0,0,0,0,0,0,0,0,0,0,0,0,0,0,0,0,0,0,0
"Seguridad","Incesto","2025_6",0,0,0,0,0,0,0,0,0,0,0,0,0,0,0,0,0,0,0,0,0,0,0,0,0,0,0,0,0,0,0,0
"Seguridad","Incesto","2025_7",0,0,0,0,0,0,0,0,0,0,0,0,0,0,0,0,0,0,0,0,0,0,0,0,0,0,0,0,0,0,0,0
"Seguridad","Incesto","2025_8",0,0,0,0,0,0,0,0,0,0,0,0,0,0,0,0,0,0,0,0,0,0,0,0,0,0,0,0,0,0,0,0
"Seguridad","Incesto","2025_9",0,0,0,0,0,0,0,0,0,0,0,0,0,0,0,0,0,0,0,0,0,0,0,0,0,0,0,0,0,0,0,0
"Seguridad","Incesto","2025_10",0,0,0,0,0,0,0,0,0,0,0,0,0,0,0,0,0,0,0,0,0,0,0,0,0,0,0,0,0,0,0,0
"Seguridad","Incesto","2025_11",0,0,0,0,0,0,0,0,0,0,0,0,0,0,0,0,0,0,0,0,0,0,0,0,0,0,0,0,0,0,0,0
"Seguridad","Incesto","2025_12",0,0,0,0,0,0,0,0,0,0,0,0,0,0,0,0,0,0,0,0,0,0,0,0,0,0,0,0,0,0,0,0
"Seguridad","Incumplimiento de obligaciones de asistencia familiar","2015_1",9,164,38,2,91,146,72,39,11,0,88,98,63,0,3,14,292,41,35,0,1,67,66,32,26,161,156,164,5,77,116,13
"Seguridad","Incumplimiento de obligaciones de asistencia familiar","2015_2",14,156,30,1,103,144,66,47,26,0,99,87,84,0,13,26,288,79,36,1,0,75,91,44,16,257,174,167,15,95,84,15
"Seguridad","Incumplimiento de obligaciones de asistencia familiar","2015_3",11,179,55,0,126,166,90,50,32,0,98,105,39,0,7,27,276,66,48,0,0,59,120,72,20,310,208,167,19,63,134,14
"Seguridad","Incumplimiento de obligaciones de asistencia familiar","2015_4",5,143,42,2,114,167,73,82,10,0,64,101,59,0,15,20,264,80,43,0,1,61,110,41,23,266,171,163,21,152,108,20
"Seguridad","Incumplimiento de obligaciones de asistencia familiar","2015_5",18,151,34,1,110,176,66,53,22,3,77,103,71,0,12,22,278,62,49,1,0,64,77,25,12,282,145,189,19,170,104,18
"Seguridad","Incumplimiento de obligaciones de asistencia familiar","2015_6",21,170,56,1,113,197,96,54,19,7,76,125,31,0,17,18,338,73,54,0,2,66,119,30,8,308,111,209,15,111,76,15
"Seguridad","Incumplimiento de obligaciones de asistencia familiar","2015_7",9,185,46,1,64,179,58,60,17,9,77,91,46,0,13,16,242,26,31,0,1,67,127,29,16,193,169,171,6,59,105,9
"Seguridad","Incumplimiento de obligaciones de asistencia familiar","2015_8",15,190,54,0,56,170,83,45,0,4,87,74,38,0,11,26,298,57,49,9,0,85,129,27,17,200,211,165,25,139,104,20
"Seguridad","Incumplimiento de obligaciones de asistencia familiar","2015_9",15,190,48,1,106,213,74,56,0,1,97,45,62,0,10,23,298,39,67,0,1,66,138,33,12,289,172,182,36,144,87,16
"Seguridad","Incumplimiento de obligaciones de asistencia familiar","2015_10",16,164,53,1,99,173,82,44,0,5,109,75,50,0,32,27,275,60,56,0,1,79,111,43,12,303,197,191,57,138,119,18
"Seguridad","Incumplimiento de obligaciones de asistencia familiar","2015_11",12,157,45,2,97,139,71,29,0,3,82,97,49,0,9,20,282,59,45,6,4,76,108,26,6,275,156,187,44,93,99,17
"Seguridad","Incumplimiento de obligaciones de asistencia familiar","2015_12",5,114,25,1,46,87,42,21,0,3,91,68,41,0,12,14,219,17,53,0,0,47,72,33,4,169,106,163,24,56,76,14
"Seguridad","Incumplimiento de obligaciones de asistencia familiar","2016_1",17,104,59,0,38,137,48,17,29,1,77,63,58,0,4,14,171,41,33,7,0,58,84,23,26,203,138,157,32,114,113,13
"Seguridad","Incumplimiento de obligaciones de asistencia familiar","2016_2",6,130,75,0,69,126,102,37,41,2,86,75,60,0,4,34,300,48,38,6,1,57,85,46,27,279,171,192,27,116,103,14
"Seguridad","Incumplimiento de obligaciones de asistencia familiar","2016_3",1,113,47,1,46,140,114,23,70,2,94,79,35,0,5,31,233,51,43,7,0,79,76,23,31,293,157,163,22,126,103,18
"Seguridad","Incumplimiento de obligaciones de asistencia familiar","2016_4",7,138,58,14,46,153,109,42,0,8,97,92,20,0,4,28,275,63,37,8,0,69,74,29,37,315,170,185,16,122,128,10
"Seguridad","Incumplimiento de obligaciones de asistencia familiar","2016_5",5,133,55,2,37,137,122,29,0,13,109,68,103,0,8,22,261,49,44,10,0,92,25,14,39,305,190,225,16,86,119,22
"Seguridad","Incumplimiento de obligaciones de asistencia familiar","2016_6",11,110,76,1,40,123,130,29,0,11,116,60,72,0,1,29,226,46,52,11,0,50,26,32,33,293,206,278,15,104,90,16
"Seguridad","Incumplimiento de obligaciones de asistencia familiar","2016_7",7,104,71,0,23,113,78,15,0,7,86,49,36,0,2,20,167,35,41,4,3,103,25,18,11,214,188,210,17,80,92,12
"Seguridad","Incumplimiento de obligaciones de asistencia familiar","2016_8",6,159,73,0,35,151,53,21,0,5,109,46,24,0,3,30,210,44,50,7,3,75,47,37,13,176,211,309,23,95,99,15
"Seguridad","Incumplimiento de obligaciones de asistencia familiar","2016_9",17,136,77,0,43,167,82,32,0,5,115,66,108,0,10,24,254,55,71,9,2,74,62,39,13,182,187,308,12,88,96,17
"Seguridad","Incumplimiento de obligaciones de asistencia familiar","2016_10",6,151,101,0,42,140,62,18,1,15,103,63,57,0,12,25,263,40,65,0,1,63,56,41,5,237,171,277,6,88,92,28
"Seguridad","Incumplimiento de obligaciones de asistencia familiar","2016_11",8,138,85,0,56,141,68,22,1,7,89,57,91,0,1,29,217,49,53,7,3,63,67,36,7,159,164,256,2,93,90,20
"Seguridad","Incumplimiento de obligaciones de asistencia familiar","2016_12",10,98,56,0,31,98,67,16,0,43,53,51,67,0,4,21,147,9,51,7,1,46,34,19,5,113,107,225,7,67,60,22
"Seguridad","Incumplimiento de obligaciones de asistencia familiar","2017_1",2,56,68,0,38,152,57,17,83,2,98,47,52,0,6,27,213,59,32,0,1,63,48,42,10,187,197,226,8,104,115,22
"Seguridad","Incumplimiento de obligaciones de asistencia familiar","2017_2",6,54,74,0,40,147,66,21,81,4,72,47,81,0,6,27,224,29,55,2,1,50,57,48,10,168,144,203,1,104,81,25
"Seguridad","Incumplimiento de obligaciones de asistencia familiar","2017_3",11,87,78,0,60,153,67,35,0,2,96,67,69,0,7,21,194,66,55,4,3,84,89,54,9,215,185,214,2,129,111,28
"Seguridad","Incumplimiento de obligaciones de asistencia familiar","2017_4",7,73,45,0,43,125,64,32,0,1,72,39,69,0,1,28,162,16,43,11,0,77,59,43,6,182,143,147,0,111,79,18
"Seguridad","Incumplimiento de obligaciones de asistencia familiar","2017_5",18,92,73,1,43,171,62,44,71,0,91,43,72,0,6,21,240,33,54,2,0,78,75,37,9,186,169,195,4,102,103,25
"Seguridad","Incumplimiento de obligaciones de asistencia familiar","2017_6",15,103,95,0,62,175,67,42,69,2,76,68,92,0,10,38,259,36,59,3,0,87,101,41,13,213,185,196,1,140,77,29
"Seguridad","Incumplimiento de obligaciones de asistencia familiar","2017_7",19,99,54,0,42,121,52,26,56,0,70,36,66,0,7,17,216,17,43,4,4,76,78,29,6,71,143,174,2,138,59,13
"Seguridad","Incumplimiento de obligaciones de asistencia familiar","2017_8",20,116,58,0,45,159,48,39,77,0,107,44,89,0,7,19,246,32,44,3,1,68,81,37,6,221,158,246,3,142,45,30
"Seguridad","Incumplimiento de obligaciones de asistencia familiar","2017_9",12,125,70,0,34,205,44,35,62,4,114,49,76,0,11,19,226,34,49,0,2,85,74,32,10,186,125,213,4,151,69,26
"Seguridad","Incumplimiento de obligaciones de asistencia familiar","2017_10",7,94,64,1,36,193,37,32,73,2,124,51,70,0,9,29,252,23,61,4,3,79,94,24,10,196,121,178,7,130,67,32
"Seguridad","Incumplimiento de obligaciones de asistencia familiar","2017_11",12,90,63,0,47,147,45,34,76,0,109,44,100,0,12,24,186,22,53,7,1,57,76,27,10,151,111,156,7,87,49,34
"Seguridad","Incumplimiento de obligaciones de asistencia familiar","2017_12",16,72,36,0,24,94,45,24,44,1,73,27,50,0,5,21,147,24,47,3,1,44,47,12,7,101,80,85,3,39,26,20
"Seguridad","Incumplimiento de obligaciones de asistencia familiar","2018_1",10,52,60,0,23,189,53,21,70,4,112,32,63,0,13,23,164,32,40,9,0,69,53,25,11,110,116,132,5,85,51,24
"Seguridad","Incumplimiento de obligaciones de asistencia familiar","2018_2",3,45,50,0,40,184,48,34,59,14,177,36,78,0,7,24,178,30,47,6,1,72,75,19,12,98,116,134,3,116,33,24
"Seguridad","Incumplimiento de obligaciones de asistencia familiar","2018_3",12,59,56,0,40,176,43,43,64,2,131,39,70,0,12,20,188,26,44,8,2,50,53,25,11,107,117,165,1,89,40,28
"Seguridad","Incumplimiento de obligaciones de asistencia familiar","2018_4",14,68,56,1,34,192,44,36,60,9,166,46,80,0,13,29,184,34,38,8,2,63,74,28,9,127,139,189,3,132,35,34
"Seguridad","Incumplimiento de obligaciones de asistencia familiar","2018_5",12,93,53,0,29,192,41,55,73,10,174,37,71,0,10,24,160,21,51,8,1,52,55,25,10,114,132,170,5,107,31,35
"Seguridad","Incumplimiento de obligaciones de asistencia familiar","2018_6",13,106,73,0,40,199,39,40,70,4,141,33,66,0,13,25,211,18,58,12,4,74,65,26,9,133,103,173,4,101,39,31
"Seguridad","Incumplimiento de obligaciones de asistencia familiar","2018_7",15,84,65,0,33,164,41,58,67,2,151,45,54,0,13,26,158,37,44,7,4,38,78,29,1,100,98,163,4,62,5,18
"Seguridad","Incumplimiento de obligaciones de asistencia familiar","2018_8",25,95,93,0,36,195,41,62,97,2,197,38,90,0,5,22,167,35,50,7,5,56,64,32,11,151,133,201,6,74,37,39
"Seguridad","Incumplimiento de obligaciones de asistencia familiar","2018_9",14,116,76,1,34,206,29,53,90,7,170,48,100,0,13,25,194,29,59,11,3,43,58,25,12,133,129,199,2,75,40,26
"Seguridad","Incumplimiento de obligaciones de asistencia familiar","2018_10",11,102,87,1,24,192,48,51,104,12,162,51,89,0,9,34,204,35,34,7,4,64,83,28,18,82,137,211,2,82,51,41
"Seguridad","Incumplimiento de obligaciones de asistencia familiar","2018_11",16,113,88,0,27,144,35,49,71,4,154,41,69,0,4,31,163,40,35,6,1,53,71,26,10,93,74,137,6,35,50,29
"Seguridad","Incumplimiento de obligaciones de asistencia familiar","2018_12",9,79,46,0,22,102,28,24,55,5,97,28,54,0,8,16,127,23,46,7,2,29,64,20,8,79,72,101,0,30,40,30
"Seguridad","Incumplimiento de obligaciones de asistencia familiar","2019_1",11,57,71,0,31,143,41,41,89,5,152,40,82,0,8,28,156,38,31,15,1,43,78,51,9,160,114,138,3,135,46,46
"Seguridad","Incumplimiento de obligaciones de asistencia familiar","2019_2",18,41,63,0,24,150,49,62,53,2,156,39,103,0,9,15,206,72,43,11,3,39,79,42,8,159,116,158,4,141,49,36
"Seguridad","Incumplimiento de obligaciones de asistencia familiar","2019_3",16,51,66,0,28,170,42,54,110,3,152,52,68,0,11,33,204,59,38,12,2,73,74,47,15,115,125,145,8,156,43,49
"Seguridad","Incumplimiento de obligaciones de asistencia familiar","2019_4",12,67,66,0,26,153,32,29,110,12,157,42,69,0,11,30,150,30,40,12,1,53,66,43,6,132,128,154,3,138,22,42
"Seguridad","Incumplimiento de obligaciones de asistencia familiar","2019_5",20,69,102,1,40,167,53,54,91,11,187,43,99,0,17,23,213,45,58,15,2,63,63,55,10,195,122,162,2,161,34,60
"Seguridad","Incumplimiento de obligaciones de asistencia familiar","2019_6",22,80,78,0,24,144,35,55,102,10,166,44,78,0,15,25,215,51,42,4,4,66,47,49,14,223,102,166,0,147,16,53
"Seguridad","Incumplimiento de obligaciones de asistencia familiar","2019_7",23,104,90,0,32,149,52,42,87,12,185,44,48,0,11,20,186,43,34,14,3,58,79,56,11,179,127,179,7,152,30,38
"Seguridad","Incumplimiento de obligaciones de asistencia familiar","2019_8",19,144,78,1,24,176,37,47,98,9,192,40,77,0,8,30,246,43,53,9,5,71,66,38,9,180,121,220,4,142,31,54
"Seguridad","Incumplimiento de obligaciones de asistencia familiar","2019_9",20,90,80,2,41,164,39,49,94,20,162,51,70,0,13,28,195,69,40,14,3,52,51,49,11,214,124,164,10,135,28,51
"Seguridad","Incumplimiento de obligaciones de asistencia familiar","2019_10",27,162,94,0,32,186,41,66,101,34,205,61,92,0,13,38,227,41,62,16,5,82,66,50,20,247,109,159,2,125,33,53
"Seguridad","Incumplimiento de obligaciones de asistencia familiar","2019_11",20,131,81,1,26,145,44,42,95,11,171,53,73,0,12,26,189,72,45,13,3,52,48,43,16,181,87,143,4,106,23,59
"Seguridad","Incumplimiento de obligaciones de asistencia familiar","2019_12",9,90,41,4,22,110,65,24,72,12,136,33,55,0,9,21,117,11,54,7,1,45,47,35,10,116,59,101,2,101,24,44
"Seguridad","Incumplimiento de obligaciones de asistencia familiar","2020_1",21,57,65,0,26,175,38,37,99,12,174,39,76,0,7,25,174,35,45,10,4,75,55,46,15,104,101,132,4,95,22,48
"Seguridad","Incumplimiento de obligaciones de asistencia familiar","2020_2",12,59,61,0,23,160,48,36,77,13,162,41,92,0,13,29,200,44,49,13,32,71,47,50,11,130,84,115,6,114,22,58
"Seguridad","Incumplimiento de obligaciones de asistencia familiar","2020_3",20,67,58,0,37,121,33,15,71,8,140,36,77,0,11,22,155,44,41,15,31,60,41,43,18,126,93,92,3,111,14,36
"Seguridad","Incumplimiento de obligaciones de asistencia familiar","2020_4",0,10,13,0,3,39,14,4,31,0,41,8,16,0,3,5,53,18,11,6,15,11,4,14,0,26,1,23,0,42,0,7
"Seguridad","Incumplimiento de obligaciones de asistencia familiar","2020_5",3,10,30,0,2,68,14,10,45,5,75,9,12,0,5,7,58,3,10,6,19,9,2,16,2,19,10,54,0,49,10,19
"Seguridad","Incumplimiento de obligaciones de asistencia familiar","2020_6",15,37,43,0,2,131,12,14,56,1,101,17,10,0,7,5,116,10,21,7,15,18,28,22,2,25,56,91,0,76,14,49
"Seguridad","Incumplimiento de obligaciones de asistencia familiar","2020_7",22,56,62,0,2,179,19,25,55,8,137,24,25,0,15,19,123,10,26,7,23,57,36,39,5,107,67,64,0,86,20,38
"Seguridad","Incumplimiento de obligaciones de asistencia familiar","2020_8",12,65,73,0,14,174,37,14,50,14,128,32,49,0,10,27,211,16,39,10,24,47,52,33,6,139,97,115,0,102,10,37
"Seguridad","Incumplimiento de obligaciones de asistencia familiar","2020_9",16,86,90,0,15,157,47,13,86,13,134,47,63,0,6,17,232,19,48,16,28,45,69,33,14,214,110,130,3,132,16,35
"Seguridad","Incumplimiento de obligaciones de asistencia familiar","2020_10",19,99,71,0,15,144,75,38,96,11,176,38,66,0,11,38,286,35,54,13,23,62,45,36,11,200,89,151,5,132,26,38
"Seguridad","Incumplimiento de obligaciones de asistencia familiar","2020_11",21,98,52,0,16,106,62,28,76,8,142,37,71,0,12,31,212,31,41,10,31,55,49,31,12,188,72,122,10,96,27,42
"Seguridad","Incumplimiento de obligaciones de asistencia familiar","2020_12",19,58,49,0,12,105,44,9,42,9,130,30,50,0,10,22,175,35,35,10,28,45,60,35,12,200,75,86,3,103,12,29
"Seguridad","Incumplimiento de obligaciones de asistencia familiar","2021_1",19,59,44,0,18,123,50,11,58,6,101,43,12,0,7,8,112,20,38,14,18,29,43,31,11,145,84,120,1,103,26,32
"Seguridad","Incumplimiento de obligaciones de asistencia familiar","2021_2",13,53,60,0,32,142,35,17,55,3,149,42,17,0,4,14,153,46,28,7,24,32,52,28,6,214,98,113,5,117,18,51
"Seguridad","Incumplimiento de obligaciones de asistencia familiar","2021_3",16,51,75,0,22,191,78,19,75,6,195,50,62,0,12,22,216,40,45,17,30,67,65,35,12,315,101,163,11,165,34,45
"Seguridad","Incumplimiento de obligaciones de asistencia familiar","2021_4",21,66,51,0,26,133,73,23,79,9,170,40,66,0,14,24,252,25,44,9,20,50,51,47,18,225,100,157,4,141,26,49
"Seguridad","Incumplimiento de obligaciones de asistencia familiar","2021_5",13,85,69,0,18,137,67,13,68,6,144,36,59,0,13,29,229,29,46,6,25,37,55,56,16,205,91,126,7,122,26,50
"Seguridad","Incumplimiento de obligaciones de asistencia familiar","2021_6",24,81,80,0,25,177,97,17,61,3,172,62,76,0,17,25,267,81,49,13,22,42,62,44,17,247,111,118,8,139,12,62
"Seguridad","Incumplimiento de obligaciones de asistencia familiar","2021_7",33,87,50,1,24,142,95,25,62,15,195,48,62,0,20,21,236,41,44,11,35,51,44,41,9,136,85,164,11,107,4,45
"Seguridad","Incumplimiento de obligaciones de asistencia familiar","2021_8",24,133,64,0,30,208,60,26,59,15,205,36,105,0,12,34,254,86,55,20,26,44,41,43,5,157,87,166,10,123,4,60
"Seguridad","Incumplimiento de obligaciones de asistencia familiar","2021_9",19,91,58,0,18,168,78,29,66,9,172,33,69,0,10,28,246,29,51,15,22,45,56,52,16,149,91,145,0,146,9,58
"Seguridad","Incumplimiento de obligaciones de asistencia familiar","2021_10",20,89,67,1,23,176,89,15,53,16,202,35,105,0,14,29,252,28,56,19,33,51,43,45,11,172,88,154,2,130,7,71
"Seguridad","Incumplimiento de obligaciones de asistencia familiar","2021_11",16,94,52,16,25,152,66,20,62,13,208,47,85,0,8,35,249,25,48,12,22,57,59,45,10,183,110,131,0,126,2,62
"Seguridad","Incumplimiento de obligaciones de asistencia familiar","2021_12",13,84,51,21,28,130,60,20,59,10,169,45,70,0,9,17,239,20,51,16,14,44,29,32,19,119,61,96,0,117,4,32
"Seguridad","Incumplimiento de obligaciones de asistencia familiar","2022_1",15,57,45,27,18,144,56,15,58,7,195,40,54,0,4,19,204,44,42,11,26,60,26,38,12,80,91,101,1,97,7,42
"Seguridad","Incumplimiento de obligaciones de asistencia familiar","2022_2",28,52,58,16,23,151,65,12,44,18,170,43,69,0,14,26,226,70,57,11,33,63,41,30,9,124,71,123,6,109,5,46
"Seguridad","Incumplimiento de obligaciones de asistencia familiar","2022_3",23,51,53,30,25,201,104,29,64,7,211,63,89,0,17,22,302,80,48,14,27,66,42,57,14,152,85,139,2,141,8,54
"Seguridad","Incumplimiento de obligaciones de asistencia familiar","2022_4",15,69,48,22,19,144,71,14,48,16,150,36,72,0,11,26,254,49,43,14,21,61,37,43,12,121,76,134,4,99,5,53
"Seguridad","Incumplimiento de obligaciones de asistencia familiar","2022_5",20,95,56,15,22,176,103,18,59,17,179,46,82,0,8,40,285,77,65,11,23,60,44,48,21,117,90,130,4,102,7,64
"Seguridad","Incumplimiento de obligaciones de asistencia familiar","2022_6",20,87,54,15,23,199,74,30,63,22,174,54,101,0,26,33,299,65,59,10,27,64,55,56,17,158,103,154,2,130,4,63
"Seguridad","Incumplimiento de obligaciones de asistencia familiar","2022_7",23,84,61,25,20,164,70,7,40,7,175,44,57,0,12,27,219,24,44,9,23,50,32,49,11,94,85,108,1,113,15,46
"Seguridad","Incumplimiento de obligaciones de asistencia familiar","2022_8",33,111,45,30,32,211,102,21,51,6,181,35,69,0,19,28,271,84,62,10,25,71,52,47,15,147,108,184,0,136,13,63
"Seguridad","Incumplimiento de obligaciones de asistencia familiar","2022_9",34,111,54,23,31,206,76,16,37,11,193,37,87,0,11,26,237,103,50,14,18,61,43,59,8,160,88,158,0,118,10,44
"Seguridad","Incumplimiento de obligaciones de asistencia familiar","2022_10",22,99,65,25,27,186,82,19,57,13,220,38,101,0,19,37,269,92,77,20,26,74,41,63,16,159,78,181,1,121,10,81
"Seguridad","Incumplimiento de obligaciones de asistencia familiar","2022_11",17,101,62,27,29,184,91,11,52,10,205,57,85,0,34,36,216,69,75,9,29,65,61,57,15,116,81,128,0,120,16,53
"Seguridad","Incumplimiento de obligaciones de asistencia familiar","2022_12",6,78,38,22,9,148,46,13,30,8,147,31,43,0,13,19,221,47,35,10,16,40,30,44,10,87,62,88,0,140,10,29
"Seguridad","Incumplimiento de obligaciones de asistencia familiar","2023_1",23,50,53,28,30,204,64,14,57,6,203,37,62,0,22,31,218,77,66,8,21,54,45,75,17,107,102,157,0,105,8,49
"Seguridad","Incumplimiento de obligaciones de asistencia familiar","2023_2",29,63,64,22,26,187,67,14,52,9,196,43,66,0,19,31,259,86,45,14,31,59,43,54,24,113,87,120,0,83,9,63
"Seguridad","Incumplimiento de obligaciones de asistencia familiar","2023_3",28,84,81,30,41,236,88,15,88,7,222,55,83,0,29,41,311,82,51,23,37,86,51,67,19,142,122,185,0,132,9,81
"Seguridad","Incumplimiento de obligaciones de asistencia familiar","2023_4",15,105,80,30,25,224,80,16,59,5,226,60,64,0,10,23,235,75,42,15,33,66,42,69,14,123,75,157,0,107,12,53
"Seguridad","Incumplimiento de obligaciones de asistencia familiar","2023_5",27,89,98,43,41,227,80,14,75,5,284,54,77,0,19,34,241,69,60,18,28,95,43,75,21,136,119,189,0,116,5,82
"Seguridad","Incumplimiento de obligaciones de asistencia familiar","2023_6",21,99,97,37,25,234,89,34,75,9,277,52,99,0,28,26,289,65,74,25,27,73,58,84,22,141,100,166,0,126,8,104
"Seguridad","Incumplimiento de obligaciones de asistencia familiar","2023_7",37,111,84,18,24,197,109,15,53,7,209,58,54,0,13,22,207,53,53,22,29,70,39,47,9,115,64,132,0,98,10,69
"Seguridad","Incumplimiento de obligaciones de asistencia familiar","2023_8",20,115,85,34,33,264,109,16,69,6,265,44,63,0,14,25,282,59,58,23,29,95,30,68,14,167,87,180,0,133,10,36
"Seguridad","Incumplimiento de obligaciones de asistencia familiar","2023_9",26,126,93,45,22,237,95,36,66,9,234,42,71,0,23,34,283,94,66,20,31,76,50,52,27,207,75,197,0,117,12,85
"Seguridad","Incumplimiento de obligaciones de asistencia familiar","2023_10",30,156,68,37,31,234,94,16,63,4,243,44,86,0,26,38,268,95,55,21,37,65,57,54,22,210,105,146,0,117,7,76
"Seguridad","Incumplimiento de obligaciones de asistencia familiar","2023_11",22,116,90,21,19,205,74,15,66,10,238,29,88,0,24,25,256,138,52,14,40,51,37,39,20,240,90,131,0,97,12,63
"Seguridad","Incumplimiento de obligaciones de asistencia familiar","2023_12",12,110,53,23,14,132,72,22,46,5,164,22,48,0,15,25,178,58,28,13,19,54,34,41,14,106,64,70,0,77,13,35
"Seguridad","Incumplimiento de obligaciones de asistencia familiar","2024_1",32,68,67,26,13,227,86,11,65,6,217,28,73,85,15,29,252,99,48,22,35,71,45,38,15,153,68,137,0,101,17,75
"Seguridad","Incumplimiento de obligaciones de asistencia familiar","2024_2",30,83,79,26,26,226,97,26,65,8,219,24,63,86,28,39,288,76,66,14,36,61,51,49,18,169,69,165,0,122,7,57
"Seguridad","Incumplimiento de obligaciones de asistencia familiar","2024_3",27,88,66,20,21,212,85,4,48,7,214,24,54,64,22,24,209,83,69,19,35,59,30,40,13,136,81,113,2,108,8,66
"Seguridad","Incumplimiento de obligaciones de asistencia familiar","2024_4",29,109,66,25,46,228,88,25,55,5,236,38,78,68,23,37,282,89,72,18,41,72,49,63,27,142,92,137,4,121,9,80
"Seguridad","Incumplimiento de obligaciones de asistencia familiar","2024_5",22,120,79,25,22,212,72,22,55,5,244,31,66,75,30,34,295,86,54,20,57,80,53,70,29,154,98,134,4,135,17,73
"Seguridad","Incumplimiento de obligaciones de asistencia familiar","2024_6",29,93,89,21,20,203,90,32,76,9,201,40,67,69,13,29,253,62,60,22,49,55,41,41,24,187,85,129,2,104,4,60
"Seguridad","Incumplimiento de obligaciones de asistencia familiar","2024_7",29,113,92,7,18,231,84,19,67,8,249,36,47,102,18,25,238,87,62,20,44,60,33,66,23,151,85,112,2,82,6,59
"Seguridad","Incumplimiento de obligaciones de asistencia familiar","2024_8",28,147,83,9,15,264,92,22,75,6,261,34,66,70,19,27,188,72,66,26,45,66,48,53,23,165,102,153,0,97,15,84
"Seguridad","Incumplimiento de obligaciones de asistencia familiar","2024_9",32,139,95,7,33,197,83,14,64,9,237,40,66,72,16,34,268,77,91,14,40,69,56,46,17,237,92,121,2,110,5,68
"Seguridad","Incumplimiento de obligaciones de asistencia familiar","2024_10",21,157,110,13,26,269,92,34,75,4,233,45,77,69,19,37,265,88,92,18,68,61,57,61,24,365,91,118,2,91,14,70
"Seguridad","Incumplimiento de obligaciones de asistencia familiar","2024_11",23,127,69,5,16,188,90,23,83,7,258,39,60,76,41,32,290,48,56,12,77,49,55,48,29,436,101,122,3,75,8,55
"Seguridad","Incumplimiento de obligaciones de asistencia familiar","2024_12",13,107,63,9,26,137,76,20,43,5,144,29,45,64,19,25,188,66,34,19,55,36,46,34,14,256,49,65,0,65,11,37
"Seguridad","Incumplimiento de obligaciones de asistencia familiar","2025_1",26,97,70,12,20,233,72,21,64,6,265,41,44,48,26,30,223,84,66,21,41,58,43,50,10,170,92,107,8,73,11,71
"Seguridad","Incumplimiento de obligaciones de asistencia familiar","2025_2",24,97,79,15,17,235,69,18,54,7,220,47,66,66,30,30,223,60,69,20,45,44,58,41,25,242,85,133,5,105,11,64
"Seguridad","Incumplimiento de obligaciones de asistencia familiar","2025_3",35,128,59,18,20,233,74,34,47,7,252,60,79,84,33,33,250,69,51,13,45,66,38,65,20,232,113,133,10,91,7,87
"Seguridad","Incumplimiento de obligaciones de asistencia familiar","2025_4",18,106,57,6,30,216,101,26,56,6,214,46,66,78,25,37,209,63,46,20,49,61,50,55,9,275,90,110,3,100,14,65
"Seguridad","Incumplimiento de obligaciones de asistencia familiar","2025_5",23,102,73,14,8,185,77,36,63,5,244,51,114,47,41,28,238,87,63,26,49,48,63,51,21,218,110,136,2,82,14,86
"Seguridad","Incumplimiento de obligaciones de asistencia familiar","2025_6",27,146,113,12,19,187,78,26,81,9,229,33,142,70,44,34,240,74,84,28,41,56,55,48,21,186,108,131,4,76,15,81
"Seguridad","Incumplimiento de obligaciones de asistencia familiar","2025_7",0,0,0,0,0,0,0,0,0,0,0,0,0,0,0,0,0,0,0,0,0,0,0,0,0,0,0,0,0,0,0,0
"Seguridad","Incumplimiento de obligaciones de asistencia familiar","2025_8",0,0,0,0,0,0,0,0,0,0,0,0,0,0,0,0,0,0,0,0,0,0,0,0,0,0,0,0,0,0,0,0
"Seguridad","Incumplimiento de obligaciones de asistencia familiar","2025_9",0,0,0,0,0,0,0,0,0,0,0,0,0,0,0,0,0,0,0,0,0,0,0,0,0,0,0,0,0,0,0,0
"Seguridad","Incumplimiento de obligaciones de asistencia familiar","2025_10",0,0,0,0,0,0,0,0,0,0,0,0,0,0,0,0,0,0,0,0,0,0,0,0,0,0,0,0,0,0,0,0
"Seguridad","Incumplimiento de obligaciones de asistencia familiar","2025_11",0,0,0,0,0,0,0,0,0,0,0,0,0,0,0,0,0,0,0,0,0,0,0,0,0,0,0,0,0,0,0,0
"Seguridad","Incumplimiento de obligaciones de asistencia familiar","2025_12",0,0,0,0,0,0,0,0,0,0,0,0,0,0,0,0,0,0,0,0,0,0,0,0,0,0,0,0,0,0,0,0
"Seguridad","Lesiones","2015_1",228,1132,110,2,132,316,829,396,30,207,796,283,297,799,245,331,4788,47,634,0,689,213,230,205,302,151,391,313,146,330,314,136
"Seguridad","Lesiones","2015_2",238,1133,123,9,115,329,875,394,24,252,884,274,430,733,284,406,4851,52,596,167,697,236,241,204,275,198,432,384,159,476,340,142
"Seguridad","Lesiones","2015_3",292,1321,115,9,132,383,985,400,24,269,953,333,251,860,273,468,5498,68,611,0,802,250,330,328,306,231,473,425,100,467,356,145
"Seguridad","Lesiones","2015_4",340,1275,145,10,128,401,974,586,29,327,893,340,319,983,364,406,5551,60,700,0,845,289,313,192,316,214,560,424,142,488,418,165
"Seguridad","Lesiones","2015_5",317,1326,115,30,130,509,991,505,23,399,970,345,380,993,390,373,5648,70,702,234,838,278,330,268,343,238,555,448,72,470,377,171
"Seguridad","Lesiones","2015_6",330,1428,162,20,126,523,865,575,26,367,905,283,247,902,378,390,5561,91,771,0,773,285,296,238,298,205,562,493,58,445,369,192
"Seguridad","Lesiones","2015_7",309,1394,97,15,105,435,946,608,21,359,884,297,197,903,403,378,5300,52,684,0,733,267,339,208,277,191,529,451,44,412,321,162
"Seguridad","Lesiones","2015_8",334,1407,133,22,94,469,965,481,19,336,905,253,282,1025,404,354,5354,46,639,157,739,283,338,182,241,168,430,444,51,407,378,143
"Seguridad","Lesiones","2015_9",279,1390,142,13,120,426,956,500,13,348,915,244,365,1095,389,385,5390,54,816,0,790,271,338,249,239,207,476,474,52,507,257,164
"Seguridad","Lesiones","2015_10",283,1305,121,21,124,422,969,558,22,401,893,287,183,1108,455,426,5512,61,840,0,792,298,317,207,259,187,508,450,56,441,287,182
"Seguridad","Lesiones","2015_11",240,1107,172,20,137,347,955,370,39,335,799,293,347,935,390,395,5149,59,644,186,745,341,291,217,213,172,495,346,33,427,297,157
"Seguridad","Lesiones","2015_12",238,1107,130,20,113,312,952,459,24,321,860,297,395,949,355,374,5114,43,624,0,625,334,284,225,210,231,433,377,39,270,334,139
"Seguridad","Lesiones","2016_1",189,959,127,18,113,310,761,340,78,258,672,296,346,970,401,319,3819,35,514,414,524,216,226,129,178,227,413,255,24,253,292,139
"Seguridad","Lesiones","2016_2",182,1160,149,16,141,336,800,379,82,304,747,269,313,869,395,416,4877,30,573,447,630,219,140,257,167,280,447,337,37,264,303,131
"Seguridad","Lesiones","2016_3",205,1128,153,17,161,357,874,460,90,336,810,310,289,986,408,448,5104,29,656,393,697,264,138,194,201,272,537,321,26,347,351,138
"Seguridad","Lesiones","2016_4",236,1189,149,22,147,344,872,470,68,408,890,306,233,1177,478,449,5650,26,631,365,748,298,115,330,208,333,599,347,22,394,340,167
"Seguridad","Lesiones","2016_5",211,1215,165,11,161,446,908,468,57,482,966,370,409,1025,392,518,6097,31,698,486,811,327,139,356,185,309,650,352,21,444,396,202
"Seguridad","Lesiones","2016_6",233,1135,205,6,142,452,854,713,6,503,1025,252,464,1317,339,403,4135,26,848,377,618,405,119,399,225,575,601,362,30,368,279,167
"Seguridad","Lesiones","2016_7",202,1012,202,9,129,361,904,418,8,369,921,290,128,1142,396,409,3830,23,815,412,267,390,137,450,180,495,502,375,13,359,289,131
"Seguridad","Lesiones","2016_8",215,1045,183,10,176,357,937,445,9,368,900,279,351,1149,412,386,4072,28,785,416,222,477,119,456,154,171,473,303,24,342,332,155
"Seguridad","Lesiones","2016_9",261,929,166,21,154,360,958,639,2,421,1017,331,468,1167,399,387,4495,24,761,397,331,440,116,484,156,218,442,433,28,372,261,131
"Seguridad","Lesiones","2016_10",312,1033,185,18,157,382,1011,472,9,437,964,345,445,1216,365,473,4616,14,791,0,230,448,175,369,194,218,480,410,18,342,310,178
"Seguridad","Lesiones","2016_11",255,813,158,21,160,360,899,348,12,410,893,309,482,1163,396,356,4252,22,760,386,172,399,263,349,167,155,429,389,32,380,269,134
"Seguridad","Lesiones","2016_12",270,776,141,12,177,297,890,513,6,418,958,317,409,1148,408,398,4676,16,675,347,222,473,179,407,130,152,458,407,17,376,261,138
"Seguridad","Lesiones","2017_1",228,804,116,16,188,314,917,353,159,375,900,301,562,1115,363,384,4025,20,663,375,226,443,132,430,161,213,497,330,25,526,263,150
"Seguridad","Lesiones","2017_2",221,707,140,17,147,306,899,361,141,357,829,298,417,1127,424,363,3860,16,677,277,210,368,148,361,133,143,409,344,28,543,240,97
"Seguridad","Lesiones","2017_3",273,945,137,18,187,397,959,505,142,396,965,344,450,1144,437,431,4876,18,770,390,233,437,170,462,178,241,503,347,26,607,258,149
"Seguridad","Lesiones","2017_4",251,983,158,9,175,422,845,429,118,432,874,278,493,1081,564,397,4864,12,646,411,240,427,138,449,150,218,513,361,14,538,257,147
"Seguridad","Lesiones","2017_5",380,990,170,17,157,447,1054,514,174,476,1158,309,660,1383,580,415,5594,11,768,379,205,639,160,523,206,212,586,373,20,569,273,179
"Seguridad","Lesiones","2017_6",470,1005,167,9,148,483,915,657,169,465,1018,285,496,1268,599,400,5236,13,873,335,202,519,171,392,204,286,495,385,18,559,192,170
"Seguridad","Lesiones","2017_7",412,1058,177,19,168,369,889,447,143,384,874,249,460,1071,554,350,4765,7,747,338,204,441,140,282,178,128,546,292,18,572,85,129
"Seguridad","Lesiones","2017_8",464,1064,172,13,162,420,964,580,133,410,1083,250,625,1144,542,413,4964,11,858,365,201,482,165,323,174,223,456,348,25,588,54,151
"Seguridad","Lesiones","2017_9",431,1049,179,15,138,395,944,497,159,433,996,248,544,1049,606,353,5004,7,743,352,211,445,166,298,199,171,473,347,24,568,47,138
"Seguridad","Lesiones","2017_10",432,962,208,18,159,449,1024,431,151,409,1073,301,446,1187,689,418,5195,14,736,455,216,471,193,307,226,185,495,334,38,567,37,154
"Seguridad","Lesiones","2017_11",391,869,170,13,178,417,937,494,164,401,1010,247,562,1146,602,364,4772,12,705,400,251,417,278,253,180,146,446,335,39,491,43,123
"Seguridad","Lesiones","2017_12",299,772,163,15,176,359,926,341,143,356,1027,268,469,992,579,357,4694,18,640,407,244,438,270,251,143,104,418,269,36,473,43,148
"Seguridad","Lesiones","2018_1",330,792,154,14,156,318,865,334,162,288,866,220,541,959,603,359,3682,10,539,473,185,384,255,231,164,74,377,287,24,463,30,152
"Seguridad","Lesiones","2018_2",387,661,107,18,159,366,863,438,124,314,1006,237,389,954,562,417,3708,19,518,521,194,400,240,246,197,120,452,288,16,476,34,138
"Seguridad","Lesiones","2018_3",473,868,165,16,185,381,1036,603,154,361,1229,283,602,1146,716,447,4335,15,609,535,234,523,252,272,213,116,478,305,31,588,40,139
"Seguridad","Lesiones","2018_4",477,867,143,17,196,381,901,484,116,345,1252,277,729,1070,679,415,4719,22,612,498,239,533,258,286,215,153,468,329,21,616,47,151
"Seguridad","Lesiones","2018_5",486,859,179,14,224,526,1017,682,160,332,1348,318,723,1107,687,393,5058,24,710,516,180,585,268,341,230,114,506,350,27,541,60,167
"Seguridad","Lesiones","2018_6",396,916,193,15,199,483,957,570,126,320,1096,254,606,1065,605,344,4519,19,697,528,205,501,254,333,233,123,469,351,23,595,37,165
"Seguridad","Lesiones","2018_7",458,904,186,14,199,426,928,441,155,299,1174,276,606,1063,594,406,4538,14,690,510,264,602,302,335,216,90,509,338,35,509,33,155
"Seguridad","Lesiones","2018_8",400,879,146,18,203,394,954,569,133,336,1182,259,628,1050,517,299,4157,19,730,441,217,504,280,323,204,104,453,306,44,491,49,141
"Seguridad","Lesiones","2018_9",396,848,142,19,190,427,1019,432,143,332,1180,216,615,1006,545,421,4725,16,668,475,294,491,234,292,220,100,429,286,27,550,34,173
"Seguridad","Lesiones","2018_10",438,825,175,12,190,418,976,422,159,324,1196,276,611,1090,599,383,4714,7,651,446,252,600,251,313,258,152,511,338,18,516,35,175
"Seguridad","Lesiones","2018_11",390,712,156,5,188,349,937,473,144,332,1062,256,553,936,504,329,4098,14,577,448,261,477,230,356,180,93,351,243,25,456,22,131
"Seguridad","Lesiones","2018_12",388,678,144,21,174,376,932,361,152,326,1103,231,535,945,590,353,4433,14,565,417,289,487,225,290,170,71,372,251,44,492,24,166
"Seguridad","Lesiones","2019_1",301,641,144,21,155,334,844,303,127,259,1142,226,772,963,591,308,3850,22,462,411,262,480,255,345,193,126,433,269,22,534,20,163
"Seguridad","Lesiones","2019_2",307,551,134,23,136,312,845,470,154,279,1093,236,597,925,547,290,4379,27,367,464,481,483,236,392,169,106,447,238,27,818,20,143
"Seguridad","Lesiones","2019_3",383,691,147,18,121,382,972,372,172,233,1304,280,519,1135,681,362,5447,28,483,538,724,574,298,455,233,113,443,309,20,765,54,158
"Seguridad","Lesiones","2019_4",458,713,144,16,122,443,936,359,164,249,1315,267,610,980,636,386,4746,24,466,499,611,548,257,464,248,120,515,342,32,832,30,200
"Seguridad","Lesiones","2019_5",464,714,151,13,131,515,974,566,156,249,1371,316,554,1012,698,372,5650,34,524,552,689,694,300,548,235,116,579,389,28,896,39,257
"Seguridad","Lesiones","2019_6",467,783,213,11,127,552,806,514,170,281,1292,247,447,923,627,322,5411,20,569,535,581,591,293,472,228,146,529,323,23,756,40,262
"Seguridad","Lesiones","2019_7",409,864,194,14,124,574,830,388,134,288,1150,246,500,971,578,307,4817,17,528,484,628,576,338,490,230,117,515,298,30,693,34,213
"Seguridad","Lesiones","2019_8",432,797,160,7,126,572,878,527,133,237,1207,224,449,988,613,337,5323,20,609,494,531,539,311,504,215,124,466,346,21,750,24,197
"Seguridad","Lesiones","2019_9",475,825,164,12,123,579,988,386,130,320,1254,255,483,1032,567,296,5249,19,510,465,410,603,274,416,242,174,448,334,24,847,51,232
"Seguridad","Lesiones","2019_10",453,850,143,16,110,602,995,513,134,309,1190,230,485,1034,621,315,5079,21,587,487,490,548,257,474,269,158,421,298,35,776,50,250
"Seguridad","Lesiones","2019_11",431,747,144,15,127,434,956,308,168,302,1073,281,416,938,615,343,4848,22,445,504,444,463,233,377,262,167,359,272,24,744,52,207
"Seguridad","Lesiones","2019_12",423,713,151,11,133,483,912,298,155,313,1134,249,382,934,599,334,4837,11,407,491,422,563,222,387,210,121,401,248,24,728,35,200
"Seguridad","Lesiones","2020_1",364,628,147,12,113,395,719,356,133,233,1031,225,517,865,589,286,4263,19,425,448,422,409,270,347,239,129,425,243,23,697,34,216
"Seguridad","Lesiones","2020_2",367,644,157,14,137,469,868,331,153,276,1069,256,486,844,583,306,4884,23,562,461,406,497,233,402,249,166,459,278,32,749,46,205
"Seguridad","Lesiones","2020_3",448,659,183,15,141,497,876,404,170,255,1123,232,566,903,732,292,5503,13,409,518,452,579,293,433,248,150,471,281,32,796,26,201
"Seguridad","Lesiones","2020_4",362,426,85,6,81,369,533,298,140,145,778,182,390,701,587,243,4229,9,293,375,361,496,143,261,160,143,196,193,22,607,16,171
"Seguridad","Lesiones","2020_5",332,480,101,9,56,386,431,279,119,138,728,133,348,818,627,197,3442,16,248,395,383,366,127,298,208,193,178,191,31,519,10,164
"Seguridad","Lesiones","2020_6",389,608,156,14,67,500,495,382,166,204,863,141,392,858,657,239,3947,17,391,344,372,471,229,381,222,169,375,230,22,666,17,280
"Seguridad","Lesiones","2020_7",387,650,160,11,83,439,616,388,140,255,856,165,471,794,608,325,4391,15,332,358,409,538,239,424,210,226,423,211,16,643,11,206
"Seguridad","Lesiones","2020_8",361,686,176,10,82,475,639,333,122,297,879,177,440,827,626,337,4420,19,442,369,458,457,319,325,250,205,466,227,28,692,8,213
"Seguridad","Lesiones","2020_9",363,645,176,7,107,504,648,364,151,268,961,223,438,836,625,297,4416,27,501,398,512,497,291,378,267,263,467,263,29,707,35,221
"Seguridad","Lesiones","2020_10",356,629,147,14,107,439,757,436,160,245,1030,207,570,935,671,308,4687,29,536,389,572,496,298,374,253,339,483,247,21,742,24,179
"Seguridad","Lesiones","2020_11",290,570,139,14,108,309,664,289,152,220,902,205,549,790,661,316,4368,19,520,431,522,411,263,321,306,228,460,267,32,732,18,173
"Seguridad","Lesiones","2020_12",341,482,143,11,104,394,661,281,175,206,932,216,425,866,622,305,4155,15,584,368,450,427,279,335,310,206,442,234,20,641,19,221
"Seguridad","Lesiones","2021_1",305,444,129,13,104,398,543,265,151,271,820,202,283,725,579,264,3758,18,471,399,430,372,301,300,244,202,398,207,23,657,34,195
"Seguridad","Lesiones","2021_2",320,479,138,13,98,432,648,294,128,348,798,190,346,776,527,251,4210,16,494,340,431,396,267,271,295,265,440,226,36,635,18,181
"Seguridad","Lesiones","2021_3",424,597,142,17,125,499,756,323,177,323,1193,258,624,930,682,310,5555,25,428,456,641,569,349,440,315,359,595,283,29,798,32,238
"Seguridad","Lesiones","2021_4",421,589,152,22,109,519,795,449,152,333,1195,240,462,1002,668,358,5292,26,478,447,582,583,312,413,297,320,498,331,30,913,44,241
"Seguridad","Lesiones","2021_5",400,594,204,14,114,623,858,473,155,378,1239,267,528,956,743,352,5689,19,502,476,642,546,356,453,324,253,493,282,34,776,51,256
"Seguridad","Lesiones","2021_6",405,633,155,13,115,639,728,423,173,311,984,226,421,917,657,283,4851,15,499,398,568,509,321,450,298,264,525,291,34,781,26,214
"Seguridad","Lesiones","2021_7",365,685,169,15,89,514,726,455,153,312,939,242,380,904,626,259,4693,23,478,378,582,488,329,374,273,230,481,258,19,676,15,162
"Seguridad","Lesiones","2021_8",375,648,173,13,117,588,718,367,130,359,1010,187,381,908,595,318,4497,23,606,338,484,483,337,380,295,210,464,290,16,630,6,194
"Seguridad","Lesiones","2021_9",387,549,153,13,88,577,796,472,158,296,1072,227,398,836,603,329,4489,31,530,339,510,427,335,346,276,239,458,254,26,701,10,180
"Seguridad","Lesiones","2021_10",374,605,174,15,126,547,812,321,165,320,1079,226,506,919,724,328,5145,27,569,359,621,448,332,341,329,279,444,294,30,734,18,225
"Seguridad","Lesiones","2021_11",344,508,157,289,123,429,813,301,151,280,1035,244,516,839,656,259,4596,15,746,394,575,452,338,360,294,256,361,283,24,651,13,187
"Seguridad","Lesiones","2021_12",371,493,186,347,119,448,800,346,179,327,1125,267,601,886,738,322,4917,28,727,420,643,518,386,383,277,229,421,287,16,734,13,191
"Seguridad","Lesiones","2022_1",308,439,141,349,87,350,714,321,177,287,993,288,538,815,625,282,4183,16,647,378,560,426,300,284,283,197,374,194,17,625,10,166
"Seguridad","Lesiones","2022_2",343,475,128,324,95,335,739,294,130,210,968,247,461,818,612,290,4359,32,484,373,521,405,324,310,287,178,355,230,22,588,12,149
"Seguridad","Lesiones","2022_3",403,614,168,392,118,466,874,459,163,344,1192,279,597,925,732,372,5473,37,587,427,593,424,389,391,351,271,466,287,39,853,16,208
"Seguridad","Lesiones","2022_4",450,630,182,349,121,518,962,393,181,343,1174,300,584,960,671,296,5688,46,528,477,602,437,364,397,365,275,436,341,19,808,16,209
"Seguridad","Lesiones","2022_5",499,625,202,321,143,547,1004,481,148,372,1293,308,628,1029,797,374,6452,48,655,505,695,555,459,474,358,299,564,336,24,905,53,250
"Seguridad","Lesiones","2022_6",415,641,202,391,126,585,969,551,150,340,1239,270,488,979,591,315,5446,58,640,355,598,449,388,414,418,278,411,320,25,778,20,222
"Seguridad","Lesiones","2022_7",385,579,169,432,117,503,851,413,155,329,1058,301,454,869,623,351,5090,47,556,379,576,395,384,402,296,223,456,297,18,762,16,199
"Seguridad","Lesiones","2022_8",409,663,152,345,128,475,897,378,136,339,1136,261,492,946,656,276,5002,65,819,438,519,434,431,396,424,226,435,296,11,801,16,208
"Seguridad","Lesiones","2022_9",390,723,144,398,135,465,934,465,135,297,1107,268,518,944,625,287,5187,76,767,429,595,441,380,371,352,276,390,302,24,736,16,173
"Seguridad","Lesiones","2022_10",397,608,177,405,161,457,938,351,170,313,1244,320,513,992,698,341,5488,93,593,460,591,516,430,371,355,217,419,335,11,708,17,208
"Seguridad","Lesiones","2022_11",348,500,153,397,143,417,817,312,176,279,1097,333,518,937,685,350,5074,62,603,419,509,490,411,392,365,245,368,286,22,812,11,165
"Seguridad","Lesiones","2022_12",334,550,164,411,146,392,843,357,154,325,1137,294,416,983,610,317,4663,64,563,424,475,448,414,342,301,239,401,304,19,714,12,174
"Seguridad","Lesiones","2023_1",365,464,147,360,168,356,777,335,179,259,1086,302,501,970,635,361,4759,96,667,404,536,482,424,406,348,211,434,286,9,674,24,192
"Seguridad","Lesiones","2023_2",382,508,151,342,164,414,770,362,151,202,1110,278,463,934,629,309,5052,81,624,387,525,458,403,361,312,233,357,262,17,723,8,201
"Seguridad","Lesiones","2023_3",441,555,197,437,203,488,948,548,170,309,1370,333,532,1131,723,407,5687,71,748,491,661,574,453,430,400,264,474,359,15,865,15,197
"Seguridad","Lesiones","2023_4",386,600,200,425,177,486,793,389,159,251,1215,299,482,1059,688,339,5148,82,579,422,534,509,427,422,318,207,362,309,22,796,16,202
"Seguridad","Lesiones","2023_5",444,690,189,482,189,586,808,418,161,311,1419,328,564,1086,768,346,5331,100,683,417,569,587,443,423,399,257,429,325,20,880,15,355
"Seguridad","Lesiones","2023_6",460,752,202,506,195,599,896,561,177,306,1368,310,556,1235,761,355,5922,71,768,367,587,566,485,464,432,236,418,383,19,946,17,383
"Seguridad","Lesiones","2023_7",381,767,228,449,183,593,813,407,179,257,1168,272,532,1060,590,274,4808,68,644,382,534,491,433,406,328,218,382,330,17,836,21,393
"Seguridad","Lesiones","2023_8",374,693,173,359,211,527,819,386,161,296,1162,226,452,1064,589,273,4882,137,798,376,449,486,390,362,356,209,397,320,15,749,11,178
"Seguridad","Lesiones","2023_9",407,728,195,278,107,585,873,551,143,282,1311,260,617,1078,669,331,5520,117,678,389,536,508,408,457,400,215,401,364,11,843,13,288
"Seguridad","Lesiones","2023_10",409,786,210,299,134,520,1024,360,142,291,1275,254,519,1078,675,315,5454,132,627,405,521,497,462,457,386,267,390,342,14,853,23,265
"Seguridad","Lesiones","2023_11",351,652,182,262,126,412,921,400,159,255,1299,264,597,1103,660,322,5006,94,550,383,462,419,411,370,343,247,303,264,8,770,24,243
"Seguridad","Lesiones","2023_12",346,657,181,312,123,396,863,417,170,217,1156,268,422,1019,594,290,4629,58,491,388,474,416,400,344,338,175,350,255,13,684,18,244
"Seguridad","Lesiones","2024_1",370,561,177,292,126,421,820,321,131,210,1173,288,514,1073,626,298,4769,105,468,397,514,462,395,356,317,171,330,242,9,726,32,204
"Seguridad","Lesiones","2024_2",352,523,189,290,129,450,866,563,156,200,1204,278,526,1041,635,368,4938,92,599,362,483,446,376,390,364,202,334,293,15,785,24,213
"Seguridad","Lesiones","2024_3",481,626,209,348,126,511,977,424,150,223,1251,262,454,1147,731,318,5540,88,565,412,567,513,456,391,337,170,415,348,14,860,51,252
"Seguridad","Lesiones","2024_4",423,649,228,350,166,577,920,451,159,231,1411,301,500,1113,794,362,5159,100,847,445,498,609,406,460,402,197,419,325,11,977,15,256
"Seguridad","Lesiones","2024_5",485,684,234,358,128,653,1019,603,188,276,1643,331,580,1180,854,378,6224,135,746,458,641,645,446,556,422,203,448,417,17,988,17,276
"Seguridad","Lesiones","2024_6",426,618,213,293,112,607,922,505,163,259,1438,295,495,1106,732,330,5304,124,613,341,506,512,351,450,376,213,406,307,9,952,13,233
"Seguridad","Lesiones","2024_7",367,515,251,155,118,676,789,408,154,219,1303,253,306,1042,612,266,4759,125,705,389,572,450,436,361,352,189,430,282,3,853,13,196
"Seguridad","Lesiones","2024_8",338,596,215,73,122,638,857,539,154,266,1324,282,387,981,619,289,4462,98,624,359,498,444,400,372,354,178,373,304,6,683,15,186
"Seguridad","Lesiones","2024_9",436,520,188,98,95,603,941,418,175,231,1401,227,430,1110,662,334,5041,130,705,357,551,445,443,406,322,243,362,332,12,725,4,220
"Seguridad","Lesiones","2024_10",409,544,216,79,131,584,909,568,185,271,1492,268,422,1086,688,337,4762,96,703,363,488,475,349,426,381,218,317,341,17,758,17,252
"Seguridad","Lesiones","2024_11",392,469,187,84,160,523,891,424,148,226,1447,295,410,1056,754,316,4939,70,537,378,529,518,379,412,388,282,339,287,11,698,17,231
"Seguridad","Lesiones","2024_12",352,505,185,84,161,510,787,374,176,199,1401,265,322,1046,598,310,4816,80,435,409,424,501,444,367,322,154,376,295,4,698,18,256
"Seguridad","Lesiones","2025_1",310,414,156,84,143,430,753,418,156,204,1142,299,431,1069,611,291,4578,91,348,366,468,478,377,344,343,118,347,229,12,565,23,230
"Seguridad","Lesiones","2025_2",378,414,183,80,137,529,809,457,152,217,1384,291,375,1055,703,341,4654,102,375,278,523,486,402,394,324,188,386,249,19,672,20,186
"Seguridad","Lesiones","2025_3",419,478,210,91,144,599,923,467,189,270,1582,344,461,1224,725,345,5443,84,389,285,680,591,430,471,379,172,484,332,14,822,16,241
"Seguridad","Lesiones","2025_4",371,485,175,76,63,522,929,518,168,231,1550,306,580,1227,734,346,4768,100,400,284,554,486,370,432,370,196,404,305,12,723,14,226
"Seguridad","Lesiones","2025_5",420,543,241,94,73,681,912,567,184,273,1591,354,546,1227,700,389,4967,83,417,337,516,564,480,449,403,156,392,348,9,837,15,270
"Seguridad","Lesiones","2025_6",366,585,193,74,46,708,743,565,192,247,1445,243,698,1013,613,296,4387,60,457,292,472,431,472,388,421,174,393,318,7,747,24,212
"Seguridad","Lesiones","2025_7",0,0,0,0,0,0,0,0,0,0,0,0,0,0,0,0,0,0,0,0,0,0,0,0,0,0,0,0,0,0,0,0
"Seguridad","Lesiones","2025_8",0,0,0,0,0,0,0,0,0,0,0,0,0,0,0,0,0,0,0,0,0,0,0,0,0,0,0,0,0,0,0,0
"Seguridad","Lesiones","2025_9",0,0,0,0,0,0,0,0,0,0,0,0,0,0,0,0,0,0,0,0,0,0,0,0,0,0,0,0,0,0,0,0
"Seguridad","Lesiones","2025_10",0,0,0,0,0,0,0,0,0,0,0,0,0,0,0,0,0,0,0,0,0,0,0,0,0,0,0,0,0,0,0,0
"Seguridad","Lesiones","2025_11",0,0,0,0,0,0,0,0,0,0,0,0,0,0,0,0,0,0,0,0,0,0,0,0,0,0,0,0,0,0,0,0
"Seguridad","Lesiones","2025_12",0,0,0,0,0,0,0,0,0,0,0,0,0,0,0,0,0,0,0,0,0,0,0,0,0,0,0,0,0,0,0,0
"Seguridad","Narcomenudeo","2015_1",37,0,57,2,39,150,114,191,57,0,231,60,15,482,152,58,38,44,208,0,40,21,70,24,110,156,1,96,0,1,1,15
"Seguridad","Narcomenudeo","2015_2",50,0,58,6,65,219,112,185,48,0,235,12,25,431,142,41,55,46,194,9,55,22,77,32,86,227,0,88,0,6,0,5
"Seguridad","Narcomenudeo","2015_3",43,0,89,3,92,256,121,170,49,0,291,24,2,512,124,55,66,46,202,0,67,18,60,9,106,244,0,95,0,4,0,7
"Seguridad","Narcomenudeo","2015_4",44,0,87,3,45,247,119,241,51,0,252,41,4,551,107,30,92,38,146,0,400,19,65,15,122,216,0,62,1,6,19,6
"Seguridad","Narcomenudeo","2015_5",53,0,75,17,65,266,148,155,34,37,235,0,16,434,78,36,111,53,204,9,490,18,41,17,110,242,0,74,8,7,24,5
"Seguridad","Narcomenudeo","2015_6",53,0,34,3,49,200,103,196,28,36,245,32,5,636,38,61,97,46,185,0,485,18,51,7,55,201,0,64,12,11,23,5
"Seguridad","Narcomenudeo","2015_7",51,0,31,4,35,262,121,208,53,40,280,36,4,451,63,72,99,51,125,0,357,10,31,13,53,195,0,50,10,9,22,6
"Seguridad","Narcomenudeo","2015_8",81,0,29,3,78,257,124,201,39,36,200,29,2,325,66,52,89,38,104,8,305,7,37,3,50,140,0,61,9,8,22,5
"Seguridad","Narcomenudeo","2015_9",45,0,17,1,64,258,137,183,36,37,214,34,12,232,93,95,71,42,112,0,74,10,30,1,64,195,0,73,6,9,27,18
"Seguridad","Narcomenudeo","2015_10",58,0,56,7,64,367,164,242,23,46,246,28,13,353,113,83,82,38,101,0,399,30,33,7,59,265,0,67,5,11,4,8
"Seguridad","Narcomenudeo","2015_11",45,0,44,6,86,246,130,205,43,44,276,24,0,223,96,78,87,53,139,10,35,30,38,1,61,239,0,73,11,8,23,7
"Seguridad","Narcomenudeo","2015_12",54,0,27,3,42,336,129,154,32,38,355,29,13,415,64,73,72,43,129,0,426,21,24,13,63,267,0,51,6,0,14,6
"Seguridad","Narcomenudeo","2016_1",70,0,24,5,34,427,135,255,39,46,406,63,22,330,106,76,116,5,108,60,53,62,27,38,37,270,0,71,8,3,32,9
"Seguridad","Narcomenudeo","2016_2",102,0,36,7,36,390,138,239,29,61,420,49,13,300,70,79,102,8,129,44,90,84,43,40,50,294,0,55,7,9,20,9
"Seguridad","Narcomenudeo","2016_3",107,0,30,8,28,509,127,228,56,51,368,69,27,374,50,80,73,12,136,58,70,79,54,25,52,289,0,51,6,10,14,12
"Seguridad","Narcomenudeo","2016_4",63,0,43,3,22,432,160,114,0,44,274,51,7,287,50,69,84,11,145,24,63,63,77,20,41,270,0,65,10,4,20,13
"Seguridad","Narcomenudeo","2016_5",61,0,44,6,23,445,117,154,95,42,329,38,3,218,77,94,76,17,130,20,59,42,41,18,31,291,0,55,4,4,19,10
"Seguridad","Narcomenudeo","2016_6",18,72,15,4,26,278,84,232,0,50,184,14,8,87,97,69,50,15,137,31,32,61,34,5,17,119,1,33,5,3,23,4
"Seguridad","Narcomenudeo","2016_7",41,214,28,5,29,246,89,211,55,63,233,17,5,171,110,80,14,14,133,22,22,72,51,9,8,123,1,19,1,5,19,6
"Seguridad","Narcomenudeo","2016_8",45,264,49,3,38,231,98,199,81,85,197,13,0,111,119,75,16,17,165,18,32,74,39,13,19,24,2,24,2,3,19,6
"Seguridad","Narcomenudeo","2016_9",43,285,32,5,44,198,103,211,45,49,239,21,17,79,102,52,48,24,132,15,22,72,50,13,24,45,10,24,2,4,18,7
"Seguridad","Narcomenudeo","2016_10",62,318,55,6,46,414,115,202,52,51,285,26,43,80,97,54,62,23,136,0,13,68,55,13,53,28,9,38,2,8,14,13
"Seguridad","Narcomenudeo","2016_11",58,287,40,6,60,600,128,170,46,33,334,22,25,106,104,61,74,23,120,12,42,71,52,17,37,30,7,21,0,3,41,13
"Seguridad","Narcomenudeo","2016_12",47,323,66,8,50,621,111,273,29,35,415,33,17,102,119,54,51,19,140,20,20,78,59,13,17,55,26,21,3,3,31,14
"Seguridad","Narcomenudeo","2017_1",68,308,89,7,44,850,157,218,66,50,474,21,21,181,176,61,85,45,155,24,31,97,47,22,36,30,1,28,5,10,54,11
"Seguridad","Narcomenudeo","2017_2",50,365,107,17,73,795,153,213,68,71,532,21,16,168,183,55,77,27,239,26,35,74,42,18,53,29,1,35,5,17,32,11
"Seguridad","Narcomenudeo","2017_3",69,394,79,13,52,753,164,302,76,81,604,40,23,149,138,54,73,33,282,24,31,91,32,17,80,168,0,26,3,12,45,16
"Seguridad","Narcomenudeo","2017_4",52,461,56,6,47,780,149,210,86,56,528,45,18,155,141,61,68,15,170,22,41,66,50,17,78,96,0,28,3,20,36,10
"Seguridad","Narcomenudeo","2017_5",62,463,56,20,46,589,169,211,79,43,516,18,26,131,158,50,78,25,200,13,32,81,35,16,87,75,1,46,3,15,36,19
"Seguridad","Narcomenudeo","2017_6",51,467,55,14,60,642,193,308,71,81,522,14,18,116,155,65,83,15,204,7,48,84,21,19,83,77,6,34,2,20,3,7
"Seguridad","Narcomenudeo","2017_7",67,532,28,7,74,712,204,321,68,98,579,44,30,139,167,61,102,23,182,14,49,91,20,27,87,141,5,42,3,37,43,15
"Seguridad","Narcomenudeo","2017_8",73,588,52,11,80,709,318,365,101,76,594,41,17,158,188,95,104,30,270,36,33,70,17,36,83,99,7,17,5,33,23,22
"Seguridad","Narcomenudeo","2017_9",78,522,45,16,66,514,258,331,99,80,558,41,28,131,196,69,90,9,192,21,28,58,12,34,71,57,3,28,4,29,18,20
"Seguridad","Narcomenudeo","2017_10",90,601,32,17,61,566,294,298,94,70,537,33,27,153,200,75,138,14,281,18,12,67,17,27,77,75,6,23,5,31,22,33
"Seguridad","Narcomenudeo","2017_11",62,526,26,13,72,527,299,292,67,82,537,37,18,181,161,77,105,18,193,20,38,82,15,21,72,48,5,16,5,43,25,41
"Seguridad","Narcomenudeo","2017_12",120,518,19,11,50,582,267,187,64,0,586,26,14,206,153,53,77,15,231,21,335,81,25,15,50,41,6,28,5,29,33,27
"Seguridad","Narcomenudeo","2018_1",95,639,33,4,57,787,357,503,73,108,732,35,21,252,195,82,120,51,248,41,17,85,29,35,78,59,10,21,11,36,26,33
"Seguridad","Narcomenudeo","2018_2",101,682,39,3,67,1010,292,384,76,100,704,31,29,209,167,76,97,24,213,41,12,79,39,38,50,69,13,31,12,27,16,35
"Seguridad","Narcomenudeo","2018_3",128,702,44,10,56,827,363,534,67,109,839,20,29,236,236,72,97,22,249,40,27,85,26,36,71,46,11,27,11,25,27,38
"Seguridad","Narcomenudeo","2018_4",108,748,49,13,59,735,391,468,81,98,692,0,33,185,197,84,142,36,170,28,31,98,35,37,72,47,9,22,6,25,20,21
"Seguridad","Narcomenudeo","2018_5",106,679,44,9,81,664,415,641,65,94,764,8,27,188,213,60,217,19,233,28,33,92,36,44,87,42,9,14,7,29,17,37
"Seguridad","Narcomenudeo","2018_6",119,612,88,6,75,421,316,485,85,90,782,0,16,240,175,62,220,25,185,27,16,83,55,39,76,41,8,19,12,43,22,18
"Seguridad","Narcomenudeo","2018_7",176,615,53,6,71,395,394,461,93,83,619,0,22,189,166,52,171,32,190,16,15,106,70,36,82,38,9,27,9,27,9,29
"Seguridad","Narcomenudeo","2018_8",187,611,70,12,128,520,514,768,129,79,673,0,35,192,204,70,215,27,217,31,16,112,48,51,52,35,8,32,10,33,15,45
"Seguridad","Narcomenudeo","2018_9",215,565,63,5,107,596,615,557,113,93,681,63,27,150,124,46,182,36,199,20,20,97,35,60,55,24,8,16,6,38,22,28
"Seguridad","Narcomenudeo","2018_10",166,681,69,5,88,560,1006,551,113,65,708,61,13,219,214,44,173,22,228,21,20,115,47,49,69,168,14,17,8,28,15,19
"Seguridad","Narcomenudeo","2018_11",136,679,47,14,75,437,901,650,121,103,726,23,10,170,184,45,180,26,197,19,24,88,48,40,59,65,17,21,9,21,18,31
"Seguridad","Narcomenudeo","2018_12",179,642,42,3,45,580,410,488,132,57,819,40,8,157,165,41,150,12,218,16,22,109,32,38,42,64,15,14,6,19,20,25
"Seguridad","Narcomenudeo","2019_1",183,847,55,5,84,676,474,684,246,74,689,51,38,193,217,51,223,39,240,27,31,139,70,68,52,55,15,23,10,39,33,33
"Seguridad","Narcomenudeo","2019_2",184,733,35,17,90,653,428,819,147,80,656,31,29,184,218,53,265,20,227,32,24,133,75,63,58,79,12,14,12,54,27,25
"Seguridad","Narcomenudeo","2019_3",222,801,62,9,83,549,420,794,160,129,610,42,30,180,232,69,331,30,276,30,37,138,89,53,41,65,20,21,10,35,47,29
"Seguridad","Narcomenudeo","2019_4",192,899,53,5,63,532,320,599,162,77,674,43,39,152,243,81,245,25,260,30,32,139,77,60,55,135,10,17,12,24,19,29
"Seguridad","Narcomenudeo","2019_5",184,919,42,11,54,774,403,720,98,103,667,61,38,175,205,95,308,42,280,33,43,165,100,71,66,166,6,26,10,32,27,26
"Seguridad","Narcomenudeo","2019_6",209,810,48,10,70,661,531,635,126,106,707,56,44,129,178,93,339,37,310,33,38,158,88,71,48,109,5,24,9,44,46,25
"Seguridad","Narcomenudeo","2019_7",238,872,36,8,78,757,686,624,160,75,784,51,39,135,173,87,391,29,421,26,47,152,105,54,42,155,14,20,9,40,44,13
"Seguridad","Narcomenudeo","2019_8",285,892,38,11,65,695,710,786,142,62,901,83,45,152,169,84,429,23,313,51,37,119,76,55,49,128,8,16,18,27,33,30
"Seguridad","Narcomenudeo","2019_9",265,688,37,15,56,684,597,665,122,61,862,52,32,147,164,96,338,30,306,44,47,117,84,79,61,155,16,23,13,33,26,32
"Seguridad","Narcomenudeo","2019_10",94,980,32,8,75,700,553,886,131,42,903,75,29,109,218,84,417,23,319,29,55,126,95,66,49,162,7,16,15,56,22,22
"Seguridad","Narcomenudeo","2019_11",75,899,27,8,75,410,447,714,108,41,949,46,38,88,157,54,389,22,279,20,53,107,98,57,54,314,6,8,13,56,26,29
"Seguridad","Narcomenudeo","2019_12",75,967,14,9,59,511,528,684,97,43,1038,51,21,90,153,47,277,17,254,21,40,86,71,82,39,87,4,15,20,55,38,37
"Seguridad","Narcomenudeo","2020_1",336,930,33,10,109,550,654,1115,157,53,1200,60,36,88,180,80,336,18,272,29,55,133,107,117,55,271,11,18,17,42,22,23
"Seguridad","Narcomenudeo","2020_2",322,952,49,8,84,417,565,938,123,74,1160,60,32,95,222,66,370,16,284,23,47,122,93,92,42,214,5,20,20,52,29,20
"Seguridad","Narcomenudeo","2020_3",314,911,51,11,91,496,444,882,146,100,1289,66,41,118,201,65,332,13,331,35,51,102,96,119,33,315,9,17,18,66,13,37
"Seguridad","Narcomenudeo","2020_4",144,788,25,7,51,688,316,805,60,38,991,50,25,66,100,57,141,5,375,21,93,77,70,135,17,284,4,14,21,42,7,22
"Seguridad","Narcomenudeo","2020_5",244,782,29,4,59,682,502,697,104,52,989,43,27,74,124,60,259,7,305,18,111,78,86,135,14,124,1,11,32,42,10,28
"Seguridad","Narcomenudeo","2020_6",276,833,39,6,59,702,419,860,75,60,1140,40,19,68,151,79,279,10,279,17,104,72,87,105,14,191,7,15,19,45,12,25
"Seguridad","Narcomenudeo","2020_7",207,866,42,4,144,807,542,870,87,67,1208,80,16,86,163,107,315,14,245,16,122,79,102,119,10,195,9,20,22,53,8,29
"Seguridad","Narcomenudeo","2020_8",58,785,23,15,111,771,577,814,82,69,1356,74,38,78,177,83,368,13,340,28,120,89,90,145,16,217,6,16,15,66,8,27
"Seguridad","Narcomenudeo","2020_9",55,627,40,18,111,635,419,711,67,57,1361,67,36,110,164,75,458,14,397,25,131,106,80,117,19,239,7,21,14,45,20,27
"Seguridad","Narcomenudeo","2020_10",57,700,37,12,113,720,380,719,84,47,1283,92,43,110,193,74,448,8,368,17,160,97,86,114,23,255,13,17,8,62,16,28
"Seguridad","Narcomenudeo","2020_11",40,687,46,10,90,709,341,801,113,52,1360,78,25,85,162,66,381,8,335,14,129,90,63,69,10,242,6,17,16,58,12,25
"Seguridad","Narcomenudeo","2020_12",46,1055,22,6,81,818,245,860,103,77,1595,56,25,89,173,72,254,3,338,11,150,89,68,90,16,225,9,8,16,71,8,11
"Seguridad","Narcomenudeo","2021_1",206,1132,35,19,81,710,313,999,121,71,1596,88,26,98,210,81,278,6,416,23,188,88,101,99,13,224,8,21,20,85,8,22
"Seguridad","Narcomenudeo","2021_2",310,979,44,12,82,636,357,756,110,80,1657,94,21,87,184,70,301,6,392,22,195,79,90,101,13,281,1,19,14,74,13,21
"Seguridad","Narcomenudeo","2021_3",235,689,42,14,62,674,430,818,140,92,2053,89,36,90,247,83,339,4,401,23,245,117,107,106,19,298,12,12,13,69,15,24
"Seguridad","Narcomenudeo","2021_4",54,623,38,2,78,485,449,868,123,73,2064,68,12,110,232,46,305,2,344,23,171,100,80,76,19,248,3,13,13,54,20,35
"Seguridad","Narcomenudeo","2021_5",59,527,47,14,119,452,438,737,116,82,2034,87,31,79,214,71,328,5,361,26,134,76,109,75,12,243,2,10,22,72,14,30
"Seguridad","Narcomenudeo","2021_6",39,467,30,12,132,307,541,740,109,93,2179,83,421,78,174,60,322,13,307,18,107,88,83,52,7,247,4,9,18,56,22,25
"Seguridad","Narcomenudeo","2021_7",39,531,40,13,128,323,533,956,130,82,1441,93,62,78,199,70,278,16,373,18,117,97,87,65,6,255,3,7,17,101,33,31
"Seguridad","Narcomenudeo","2021_8",37,561,28,19,139,286,508,812,107,79,2483,104,43,115,186,73,322,33,335,26,102,108,93,71,10,228,3,21,16,66,15,36
"Seguridad","Narcomenudeo","2021_9",44,542,38,2,139,284,395,925,82,88,2371,92,27,99,224,62,282,28,363,34,102,70,114,56,10,263,4,12,16,81,19,33
"Seguridad","Narcomenudeo","2021_10",29,678,39,13,235,431,399,779,65,83,1719,105,47,103,230,50,292,25,392,35,132,140,143,107,13,250,5,12,21,128,23,24
"Seguridad","Narcomenudeo","2021_11",31,632,32,15,181,289,328,739,178,78,2180,107,33,113,215,49,273,26,329,17,113,82,131,114,13,247,3,15,11,111,22,15
"Seguridad","Narcomenudeo","2021_12",30,690,22,10,111,224,232,595,139,54,2199,63,27,84,199,50,256,18,356,16,134,109,141,100,10,229,0,13,5,80,19,18
"Seguridad","Narcomenudeo","2022_1",232,731,38,15,235,331,358,1108,215,56,2111,79,32,117,201,52,305,13,307,24,175,98,161,112,8,203,4,13,9,77,36,28
"Seguridad","Narcomenudeo","2022_2",223,801,54,15,265,338,409,942,155,86,1820,55,39,92,185,50,312,32,356,21,180,93,139,111,12,225,3,15,16,136,33,21
"Seguridad","Narcomenudeo","2022_3",259,844,48,17,406,345,523,1064,164,64,1930,75,68,109,202,72,331,17,430,23,202,93,173,127,15,202,0,17,16,121,23,20
"Seguridad","Narcomenudeo","2022_4",155,796,45,15,420,207,385,925,171,67,1621,47,48,110,172,79,270,11,447,27,196,100,133,134,16,146,2,14,24,122,21,24
"Seguridad","Narcomenudeo","2022_5",162,860,40,20,207,245,397,823,146,67,1760,58,46,106,200,71,274,33,475,28,221,123,157,114,14,169,5,24,15,139,27,43
"Seguridad","Narcomenudeo","2022_6",173,829,47,21,72,275,339,1013,152,88,1772,72,38,102,182,70,315,28,492,28,198,142,149,184,13,174,6,12,20,124,40,38
"Seguridad","Narcomenudeo","2022_7",190,777,38,26,43,283,340,858,158,58,1926,63,45,106,171,58,284,30,394,37,292,136,186,259,4,195,6,6,9,136,23,36
"Seguridad","Narcomenudeo","2022_8",171,863,32,21,63,251,389,836,183,75,1973,76,29,121,151,48,267,44,467,31,209,130,167,246,11,152,2,17,13,156,20,34
"Seguridad","Narcomenudeo","2022_9",118,773,36,20,44,288,334,984,131,47,1745,72,29,120,188,57,184,66,447,15,194,160,166,221,12,227,3,11,10,150,12,16
"Seguridad","Narcomenudeo","2022_10",131,853,53,14,50,387,350,738,156,83,1738,71,44,118,132,42,223,78,505,16,207,158,161,210,19,208,2,10,11,186,11,14
"Seguridad","Narcomenudeo","2022_11",125,797,52,23,51,271,332,816,162,83,1906,66,36,118,142,37,204,61,535,18,215,136,149,293,15,223,1,13,10,194,21,21
"Seguridad","Narcomenudeo","2022_12",140,731,36,17,37,304,238,925,172,57,2057,57,31,103,105,29,142,57,506,42,146,136,140,397,7,217,4,7,7,162,14,12
"Seguridad","Narcomenudeo","2023_1",196,848,48,28,53,263,393,934,212,74,2067,68,47,126,206,54,194,55,586,54,224,199,144,447,17,210,4,11,18,212,20,28
"Seguridad","Narcomenudeo","2023_2",208,808,46,20,40,232,390,856,232,81,1768,77,51,143,196,54,210,49,585,41,159,174,174,436,22,194,0,34,7,165,28,46
"Seguridad","Narcomenudeo","2023_3",234,875,62,24,44,261,415,1101,208,80,1823,79,42,133,221,56,226,65,630,48,169,150,187,541,28,207,4,16,12,181,21,39
"Seguridad","Narcomenudeo","2023_4",177,750,47,20,36,237,365,721,210,55,1725,82,51,126,197,45,221,60,684,50,160,144,203,541,22,185,3,15,8,164,22,23
"Seguridad","Narcomenudeo","2023_5",158,926,67,22,40,269,494,512,173,74,883,74,63,110,193,58,212,69,655,60,142,123,183,618,31,197,4,26,8,249,35,28
"Seguridad","Narcomenudeo","2023_6",133,877,70,25,25,238,359,750,190,84,1226,79,60,157,201,52,227,45,646,39,167,140,195,549,35,240,2,20,12,285,43,17
"Seguridad","Narcomenudeo","2023_7",198,789,80,21,31,276,376,880,193,92,1640,58,44,165,149,38,203,72,618,70,162,175,170,626,18,219,2,20,3,256,24,26
"Seguridad","Narcomenudeo","2023_8",203,890,103,33,37,233,356,624,208,87,1850,65,30,187,178,41,191,64,646,55,146,160,199,624,26,244,2,13,12,248,28,20
"Seguridad","Narcomenudeo","2023_9",153,869,44,13,23,296,359,805,184,74,1565,69,53,147,169,31,306,67,659,65,168,124,199,521,17,222,0,13,8,240,44,21
"Seguridad","Narcomenudeo","2023_10",183,788,51,30,20,287,300,694,161,68,1884,56,54,157,179,31,321,74,695,55,161,133,171,648,15,322,2,18,5,244,47,19
"Seguridad","Narcomenudeo","2023_11",166,693,52,21,16,314,298,555,130,67,1667,34,59,148,145,44,312,79,612,53,160,140,184,559,22,260,3,18,2,228,56,11
"Seguridad","Narcomenudeo","2023_12",172,726,38,15,20,305,274,622,142,76,1778,40,26,136,125,27,169,51,661,36,166,121,193,605,13,238,4,6,7,190,23,19
"Seguridad","Narcomenudeo","2024_1",191,807,70,41,16,371,362,584,155,55,1813,65,50,169,169,32,183,83,750,60,169,121,249,716,19,273,7,13,9,233,55,15
"Seguridad","Narcomenudeo","2024_2",160,722,82,44,14,430,414,854,161,72,1599,87,58,201,145,31,238,61,790,32,183,126,192,632,20,308,19,12,7,260,56,30
"Seguridad","Narcomenudeo","2024_3",212,761,65,26,7,496,403,655,129,71,1627,55,47,201,139,28,217,29,708,35,163,146,210,530,13,267,23,14,14,198,40,17
"Seguridad","Narcomenudeo","2024_4",159,701,91,17,12,503,496,782,136,53,1563,73,51,184,120,32,225,26,637,47,153,134,195,515,23,336,27,14,10,231,45,30
"Seguridad","Narcomenudeo","2024_5",138,738,82,14,13,471,405,696,107,66,1814,52,51,161,132,26,192,35,701,35,150,129,172,489,21,357,18,14,6,235,17,33
"Seguridad","Narcomenudeo","2024_6",165,660,76,15,4,418,361,723,130,64,1641,47,47,135,147,34,202,40,594,40,146,114,180,473,20,257,21,6,4,202,31,32
"Seguridad","Narcomenudeo","2024_7",202,745,126,28,5,559,449,790,137,68,1815,59,47,159,142,61,225,42,747,46,164,139,244,615,14,245,39,16,6,164,42,42
"Seguridad","Narcomenudeo","2024_8",190,665,99,38,9,476,378,1027,145,60,1838,63,57,159,142,44,163,38,776,47,146,149,230,671,20,353,13,30,4,223,44,45
"Seguridad","Narcomenudeo","2024_9",160,539,93,25,16,431,298,627,102,66,1680,56,53,158,165,45,298,47,709,44,117,143,200,605,13,423,22,18,3,231,40,43
"Seguridad","Narcomenudeo","2024_10",199,622,111,33,28,329,437,841,119,69,1519,44,63,155,199,48,217,57,654,52,142,160,196,689,11,383,54,21,3,203,33,47
"Seguridad","Narcomenudeo","2024_11",191,620,71,39,19,284,508,657,118,85,1483,62,62,154,150,53,227,84,559,53,109,149,195,672,13,404,54,38,3,206,29,36
"Seguridad","Narcomenudeo","2024_12",215,600,88,30,112,293,389,495,110,78,1819,55,49,147,131,59,102,73,533,38,94,175,213,819,22,393,33,35,4,153,30,39
"Seguridad","Narcomenudeo","2025_1",274,721,113,36,242,357,680,545,155,103,1900,58,80,188,198,85,273,66,536,48,112,248,210,989,31,455,79,30,6,183,53,63
"Seguridad","Narcomenudeo","2025_2",244,688,112,35,171,291,604,491,157,89,1901,54,66,201,144,79,312,43,630,70,135,191,175,883,23,447,68,49,10,251,30,47
"Seguridad","Narcomenudeo","2025_3",224,690,80,21,160,275,564,484,142,75,1970,88,65,201,166,81,313,50,693,66,121,169,186,948,26,411,99,39,11,248,21,52
"Seguridad","Narcomenudeo","2025_4",210,724,75,21,173,297,498,516,145,58,1684,53,51,220,192,73,351,49,708,68,110,207,211,1049,26,347,76,55,6,219,20,38
"Seguridad","Narcomenudeo","2025_5",163,800,108,34,122,311,497,399,166,66,1722,72,53,194,170,92,315,55,645,59,110,217,242,1073,40,365,78,51,13,209,39,34
"Seguridad","Narcomenudeo","2025_6",218,786,96,31,55,290,488,332,184,51,1837,56,76,206,156,94,282,46,642,65,132,207,210,925,32,522,95,54,14,163,20,44
"Seguridad","Narcomenudeo","2025_7",0,0,0,0,0,0,0,0,0,0,0,0,0,0,0,0,0,0,0,0,0,0,0,0,0,0,0,0,0,0,0,0
"Seguridad","Narcomenudeo","2025_8",0,0,0,0,0,0,0,0,0,0,0,0,0,0,0,0,0,0,0,0,0,0,0,0,0,0,0,0,0,0,0,0
"Seguridad","Narcomenudeo","2025_9",0,0,0,0,0,0,0,0,0,0,0,0,0,0,0,0,0,0,0,0,0,0,0,0,0,0,0,0,0,0,0,0
"Seguridad","Narcomenudeo","2025_10",0,0,0,0,0,0,0,0,0,0,0,0,0,0,0,0,0,0,0,0,0,0,0,0,0,0,0,0,0,0,0,0
"Seguridad","Narcomenudeo","2025_11",0,0,0,0,0,0,0,0,0,0,0,0,0,0,0,0,0,0,0,0,0,0,0,0,0,0,0,0,0,0,0,0
"Seguridad","Narcomenudeo","2025_12",0,0,0,0,0,0,0,0,0,0,0,0,0,0,0,0,0,0,0,0,0,0,0,0,0,0,0,0,0,0,0,0
"Seguridad","Otros delitos contra el patrimonio","2015_1",0,54,17,2,0,8,0,105,0,6,0,8,0,0,1,8,2,1,5,0,0,2,0,0,5,0,2,0,1,13,158,1
"Seguridad","Otros delitos contra el patrimonio","2015_2",0,38,15,4,0,9,0,74,0,13,0,0,0,0,2,25,2,0,8,63,0,0,0,1,5,0,0,0,5,11,119,4
"Seguridad","Otros delitos contra el patrimonio","2015_3",0,55,9,5,0,12,0,79,0,18,0,3,0,0,0,26,7,1,5,0,0,3,0,1,5,0,1,0,0,13,157,0
"Seguridad","Otros delitos contra el patrimonio","2015_4",0,51,7,3,0,8,0,79,0,26,0,0,0,0,0,90,3,0,10,0,0,4,0,0,13,0,0,0,2,10,117,0
"Seguridad","Otros delitos contra el patrimonio","2015_5",0,0,9,2,0,12,0,64,1,29,0,0,7,0,1,19,3,0,6,57,0,4,4,0,5,0,52,0,0,30,129,2
"Seguridad","Otros delitos contra el patrimonio","2015_6",0,0,4,0,0,5,0,93,4,13,0,6,0,0,0,6,4,2,15,0,0,2,0,0,6,0,47,0,3,26,59,4
"Seguridad","Otros delitos contra el patrimonio","2015_7",0,0,5,7,0,8,0,101,0,18,0,0,0,0,1,12,6,2,5,0,0,4,0,1,6,0,0,0,0,19,8,4
"Seguridad","Otros delitos contra el patrimonio","2015_8",0,0,1,4,0,5,0,99,0,17,0,17,0,0,0,11,5,1,4,68,0,2,0,1,4,0,9,0,2,21,6,2
"Seguridad","Otros delitos contra el patrimonio","2015_9",0,0,2,2,0,10,0,106,0,20,0,9,0,0,0,9,6,0,5,0,0,2,1,0,8,0,0,0,4,30,1,1
"Seguridad","Otros delitos contra el patrimonio","2015_10",0,0,4,0,2,9,0,127,0,17,0,12,0,0,0,19,1,0,6,0,0,2,0,1,5,0,2,0,3,19,8,0
"Seguridad","Otros delitos contra el patrimonio","2015_11",1,0,7,3,0,10,0,103,0,15,0,9,0,0,1,22,4,0,6,95,0,5,0,1,2,0,0,0,1,15,4,2
"Seguridad","Otros delitos contra el patrimonio","2015_12",0,0,6,0,0,8,0,81,0,18,0,11,0,0,1,15,1,1,9,0,0,3,0,0,3,0,36,0,1,7,7,5
"Seguridad","Otros delitos contra el patrimonio","2016_1",0,27,3,2,1,43,0,87,7,20,0,13,0,0,0,10,7,0,6,184,0,1,0,0,1,0,9,0,1,17,17,0
"Seguridad","Otros delitos contra el patrimonio","2016_2",0,38,8,2,0,30,0,107,10,9,0,19,0,0,0,8,13,0,15,163,0,3,0,1,5,0,0,0,2,21,1,3
"Seguridad","Otros delitos contra el patrimonio","2016_3",0,18,5,6,0,34,0,122,9,9,0,13,0,0,0,15,8,0,9,167,0,2,0,0,7,0,4,0,2,34,5,1
"Seguridad","Otros delitos contra el patrimonio","2016_4",0,36,7,0,0,52,0,105,0,11,0,9,0,0,1,16,10,1,4,316,0,2,2,0,9,0,0,0,2,37,2,1
"Seguridad","Otros delitos contra el patrimonio","2016_5",0,36,8,0,0,46,0,82,0,9,0,22,0,0,1,10,22,0,3,107,0,6,0,2,6,0,0,0,1,31,6,1
"Seguridad","Otros delitos contra el patrimonio","2016_6",0,35,4,2,0,41,0,109,0,15,0,10,0,0,0,16,9,3,7,134,0,1,0,0,10,0,0,0,0,25,4,2
"Seguridad","Otros delitos contra el patrimonio","2016_7",0,32,9,2,0,26,0,107,0,8,0,14,0,0,0,15,16,0,3,117,0,2,3,1,5,0,0,0,3,25,11,2
"Seguridad","Otros delitos contra el patrimonio","2016_8",0,38,8,4,0,31,0,103,0,18,0,24,0,0,0,8,13,1,9,226,0,3,2,0,12,0,0,0,1,22,278,1
"Seguridad","Otros delitos contra el patrimonio","2016_9",0,38,7,1,0,12,0,89,0,13,0,23,0,0,0,10,22,2,10,141,0,3,0,1,1,0,0,0,1,19,411,1
"Seguridad","Otros delitos contra el patrimonio","2016_10",0,38,9,5,0,5,0,93,0,23,0,12,0,0,0,27,7,1,9,0,0,2,0,2,0,0,0,0,3,24,236,3
"Seguridad","Otros delitos contra el patrimonio","2016_11",0,39,4,2,0,7,0,61,0,15,0,15,0,0,0,18,6,2,6,154,0,2,4,2,3,0,0,0,1,15,204,2
"Seguridad","Otros delitos contra el patrimonio","2016_12",0,22,7,3,0,6,0,87,0,7,0,17,0,0,0,19,8,0,9,223,0,1,1,0,2,0,0,0,1,25,214,2
"Seguridad","Otros delitos contra el patrimonio","2017_1",0,30,6,3,1,7,0,53,0,8,0,10,0,0,0,17,2,0,8,123,0,1,5,0,2,0,0,0,2,45,222,2
"Seguridad","Otros delitos contra el patrimonio","2017_2",0,23,8,1,0,4,0,65,1,12,0,12,0,0,0,23,4,1,1,105,0,5,1,0,2,0,0,0,1,44,203,2
"Seguridad","Otros delitos contra el patrimonio","2017_3",0,62,9,1,0,13,0,116,0,19,0,12,0,0,0,21,2,0,15,157,0,5,1,1,6,0,2,0,2,47,156,3
"Seguridad","Otros delitos contra el patrimonio","2017_4",0,67,7,2,0,9,0,81,0,13,0,7,0,0,0,20,6,0,6,195,0,4,2,0,2,0,0,0,1,64,162,3
"Seguridad","Otros delitos contra el patrimonio","2017_5",0,20,13,3,19,10,0,83,0,11,0,9,0,0,0,25,0,0,7,82,0,3,3,2,3,0,0,0,2,48,180,1
"Seguridad","Otros delitos contra el patrimonio","2017_6",0,73,14,3,26,15,0,86,0,15,0,11,0,0,0,22,3,0,12,93,0,2,2,0,0,0,0,0,6,60,169,16
"Seguridad","Otros delitos contra el patrimonio","2017_7",0,73,10,12,19,14,0,78,0,20,0,6,0,0,0,20,6,0,5,76,0,4,1,0,0,0,0,0,1,67,114,5
"Seguridad","Otros delitos contra el patrimonio","2017_8",0,67,6,1,23,8,0,99,0,7,0,4,12,0,0,24,5,0,13,71,0,2,3,0,4,0,0,2,1,77,27,6
"Seguridad","Otros delitos contra el patrimonio","2017_9",0,75,3,1,13,8,0,74,0,19,0,6,10,0,0,9,3,0,7,72,0,5,3,0,3,0,0,5,1,66,51,5
"Seguridad","Otros delitos contra el patrimonio","2017_10",0,62,13,3,21,14,0,74,0,14,0,0,9,0,0,21,5,0,10,90,0,3,2,0,3,0,0,0,0,65,58,12
"Seguridad","Otros delitos contra el patrimonio","2017_11",0,42,7,6,12,9,0,116,0,16,0,9,16,0,0,10,3,0,6,318,0,1,2,0,3,0,0,2,5,54,89,3
"Seguridad","Otros delitos contra el patrimonio","2017_12",0,58,13,3,109,14,0,48,0,10,0,5,2,0,0,23,3,0,6,120,0,3,6,0,5,0,0,0,3,43,61,3
"Seguridad","Otros delitos contra el patrimonio","2018_1",0,49,12,1,94,11,270,62,0,21,0,5,7,0,0,18,3,0,8,126,0,1,6,7,4,4,0,4,4,38,67,5
"Seguridad","Otros delitos contra el patrimonio","2018_2",0,49,31,0,42,8,252,112,0,14,0,6,13,0,0,21,4,0,6,122,0,4,7,9,1,0,0,5,3,48,69,9
"Seguridad","Otros delitos contra el patrimonio","2018_3",0,51,12,1,32,13,266,89,0,18,0,1,17,0,0,23,4,1,8,158,0,4,6,8,2,1,0,1,0,44,89,5
"Seguridad","Otros delitos contra el patrimonio","2018_4",0,84,10,4,19,6,293,61,0,38,0,3,13,0,0,16,6,1,4,138,0,5,6,2,0,1,0,2,5,38,23,8
"Seguridad","Otros delitos contra el patrimonio","2018_5",0,57,7,2,16,13,319,87,0,21,0,4,9,0,0,20,2,1,6,127,0,6,3,7,3,1,0,2,1,50,67,18
"Seguridad","Otros delitos contra el patrimonio","2018_6",0,68,13,4,28,18,270,95,0,58,0,6,23,0,0,23,3,0,6,133,0,1,3,72,1,0,0,2,0,41,48,8
"Seguridad","Otros delitos contra el patrimonio","2018_7",0,61,12,3,28,16,325,91,0,27,0,2,15,0,0,14,3,0,3,107,0,3,6,150,4,1,0,0,2,39,82,13
"Seguridad","Otros delitos contra el patrimonio","2018_8",0,78,11,2,34,10,364,87,0,29,0,3,16,0,0,22,5,0,6,151,0,3,4,82,2,0,0,0,0,30,62,18
"Seguridad","Otros delitos contra el patrimonio","2018_9",0,40,3,4,41,10,292,78,0,10,0,4,21,0,0,13,0,0,5,134,0,3,1,10,2,0,0,1,0,40,35,11
"Seguridad","Otros delitos contra el patrimonio","2018_10",0,98,12,1,36,11,330,99,0,32,0,2,14,0,0,10,1,0,10,148,0,4,3,122,3,0,0,6,2,54,24,12
"Seguridad","Otros delitos contra el patrimonio","2018_11",0,91,11,3,58,14,339,111,0,51,0,2,20,0,0,10,3,0,6,101,0,2,2,90,0,1,0,1,3,51,40,10
"Seguridad","Otros delitos contra el patrimonio","2018_12",0,71,11,5,109,10,293,85,0,19,0,1,21,0,0,14,2,2,9,109,0,1,1,66,3,0,0,1,2,49,96,9
"Seguridad","Otros delitos contra el patrimonio","2019_1",0,83,14,2,96,9,282,88,19,13,0,1,28,0,2,12,2,1,7,29,0,1,4,75,8,0,0,1,1,56,86,4
"Seguridad","Otros delitos contra el patrimonio","2019_2",0,62,10,2,79,8,287,105,29,97,0,0,19,0,4,7,4,0,5,54,0,3,2,90,5,0,74,7,3,83,73,11
"Seguridad","Otros delitos contra el patrimonio","2019_3",0,86,18,1,70,13,387,96,24,45,0,2,27,0,6,11,8,0,7,33,0,9,4,113,6,0,88,3,1,89,59,6
"Seguridad","Otros delitos contra el patrimonio","2019_4",0,97,8,1,61,14,388,100,27,66,0,0,19,0,18,3,4,0,5,27,0,2,0,108,2,1,1,2,3,97,79,8
"Seguridad","Otros delitos contra el patrimonio","2019_5",25,106,8,0,68,67,476,123,26,99,0,1,20,0,26,7,2,0,6,32,0,3,3,79,4,15,1,3,2,73,93,12
"Seguridad","Otros delitos contra el patrimonio","2019_6",32,92,10,3,72,47,423,99,26,58,0,0,19,0,27,15,6,0,7,35,25,5,5,16,5,13,1,7,3,97,72,13
"Seguridad","Otros delitos contra el patrimonio","2019_7",28,137,8,2,63,46,432,108,24,77,0,0,15,0,37,15,1,0,3,100,27,7,7,48,8,18,0,4,3,87,79,11
"Seguridad","Otros delitos contra el patrimonio","2019_8",5,78,1,1,52,65,427,109,30,45,0,2,13,0,23,26,4,0,5,101,22,4,5,49,0,38,10,10,2,86,43,7
"Seguridad","Otros delitos contra el patrimonio","2019_9",13,72,5,0,47,43,402,85,26,65,17,0,16,0,36,11,1,0,9,12,28,6,5,79,7,10,18,2,3,96,61,16
"Seguridad","Otros delitos contra el patrimonio","2019_10",29,79,3,0,47,69,395,128,23,83,10,1,10,0,26,19,2,0,18,21,25,4,3,89,3,14,22,7,2,130,58,14
"Seguridad","Otros delitos contra el patrimonio","2019_11",31,78,18,3,46,77,387,83,19,70,19,1,10,0,33,18,3,0,3,29,17,1,5,63,3,26,7,8,1,95,28,8
"Seguridad","Otros delitos contra el patrimonio","2019_12",28,82,8,1,36,65,364,70,29,23,22,1,14,0,34,15,8,0,4,20,16,3,0,71,2,16,20,2,3,61,85,6
"Seguridad","Otros delitos contra el patrimonio","2020_1",32,81,3,6,42,71,394,98,23,29,6,3,11,0,22,21,9,0,6,46,17,4,20,78,1,24,16,5,4,89,62,7
"Seguridad","Otros delitos contra el patrimonio","2020_2",21,73,9,4,47,56,415,71,27,22,0,3,17,0,23,30,6,0,6,35,23,2,27,82,2,23,12,2,0,104,41,7
"Seguridad","Otros delitos contra el patrimonio","2020_3",37,58,15,6,53,58,503,68,28,20,0,2,21,0,33,23,9,0,2,27,31,5,25,50,5,25,14,3,1,91,23,9
"Seguridad","Otros delitos contra el patrimonio","2020_4",19,43,12,1,33,47,275,53,13,5,0,1,2,0,18,10,8,0,2,21,20,3,15,66,0,12,5,1,1,60,11,8
"Seguridad","Otros delitos contra el patrimonio","2020_5",19,53,7,2,35,56,288,69,16,1,0,0,2,0,31,15,28,0,5,23,34,2,16,83,2,16,2,0,3,54,11,4
"Seguridad","Otros delitos contra el patrimonio","2020_6",18,61,21,4,26,36,311,78,13,0,0,0,1,0,19,38,15,0,6,37,17,4,14,112,5,26,9,3,1,68,8,6
"Seguridad","Otros delitos contra el patrimonio","2020_7",14,86,4,3,33,38,376,127,20,7,0,0,4,0,26,29,7,0,6,24,23,5,21,159,4,22,12,1,1,59,23,5
"Seguridad","Otros delitos contra el patrimonio","2020_8",17,83,11,4,32,55,361,95,13,9,0,0,6,0,42,34,4,0,10,44,21,5,28,97,5,26,20,3,1,49,9,8
"Seguridad","Otros delitos contra el patrimonio","2020_9",14,74,10,5,44,47,425,98,21,5,15,0,16,0,28,42,4,0,11,51,41,5,23,158,0,30,15,4,0,73,20,9
"Seguridad","Otros delitos contra el patrimonio","2020_10",14,76,11,6,44,39,418,145,20,11,19,0,14,0,25,28,2,1,14,68,21,3,22,110,4,16,11,3,1,78,15,8
"Seguridad","Otros delitos contra el patrimonio","2020_11",12,81,8,4,49,54,372,72,14,9,12,0,29,0,21,35,7,1,5,49,21,5,22,145,5,18,17,1,2,68,13,4
"Seguridad","Otros delitos contra el patrimonio","2020_12",15,61,20,0,30,55,343,99,23,2,9,0,23,0,28,61,3,0,8,44,18,4,27,152,3,25,9,1,1,57,20,7
"Seguridad","Otros delitos contra el patrimonio","2021_1",14,66,2,2,33,36,324,88,19,0,17,0,1,0,22,31,2,0,7,39,28,7,17,156,2,16,14,2,3,63,32,5
"Seguridad","Otros delitos contra el patrimonio","2021_2",19,60,11,1,33,58,417,103,16,0,12,0,0,0,21,37,6,0,8,49,10,4,27,170,4,23,17,6,0,63,12,3
"Seguridad","Otros delitos contra el patrimonio","2021_3",20,60,14,1,14,65,414,125,21,17,12,0,17,0,32,46,8,0,10,57,26,4,28,139,4,28,17,2,2,76,7,6
"Seguridad","Otros delitos contra el patrimonio","2021_4",7,76,9,6,13,46,369,155,20,5,13,0,13,0,35,39,8,0,7,57,26,6,36,136,5,13,11,1,0,80,17,13
"Seguridad","Otros delitos contra el patrimonio","2021_5",17,95,3,1,5,67,343,100,24,14,9,0,11,0,24,42,14,1,14,43,25,3,21,158,2,15,24,2,1,85,10,9
"Seguridad","Otros delitos contra el patrimonio","2021_6",23,95,5,1,10,58,349,132,17,1,10,0,18,0,34,43,8,1,12,53,28,4,17,185,1,25,19,3,0,77,5,10
"Seguridad","Otros delitos contra el patrimonio","2021_7",24,75,4,4,8,51,363,138,29,2,20,0,9,0,23,61,16,1,7,36,22,6,23,166,1,17,12,2,1,62,41,16
"Seguridad","Otros delitos contra el patrimonio","2021_8",12,94,15,1,9,50,228,146,10,2,37,0,12,0,31,38,12,0,7,45,22,4,14,150,4,16,10,3,3,63,5,6
"Seguridad","Otros delitos contra el patrimonio","2021_9",11,68,1,0,8,80,287,117,21,0,30,0,23,0,27,20,19,1,8,68,27,4,16,101,4,24,11,3,1,56,12,10
"Seguridad","Otros delitos contra el patrimonio","2021_10",14,78,12,3,12,94,302,132,23,3,17,0,17,0,31,41,13,2,7,47,21,2,21,126,3,18,19,1,0,64,11,12
"Seguridad","Otros delitos contra el patrimonio","2021_11",15,113,6,33,1,112,305,95,25,0,14,0,16,0,28,35,17,0,11,43,23,4,19,66,3,20,16,4,1,77,5,17
"Seguridad","Otros delitos contra el patrimonio","2021_12",15,106,20,36,8,115,289,93,20,4,11,0,14,0,41,35,15,0,12,61,30,1,19,185,2,20,19,1,3,66,8,12
"Seguridad","Otros delitos contra el patrimonio","2022_1",25,86,7,39,6,153,288,165,18,13,18,0,10,0,29,34,17,0,7,72,10,2,20,123,3,24,11,2,3,64,13,3
"Seguridad","Otros delitos contra el patrimonio","2022_2",18,82,6,45,8,384,366,165,20,3,15,0,19,0,23,30,17,0,7,66,29,3,18,76,2,30,8,1,5,63,14,7
"Seguridad","Otros delitos contra el patrimonio","2022_3",28,119,37,39,6,143,421,210,17,2,11,0,20,0,21,42,22,2,21,83,18,5,34,134,3,23,15,2,1,76,16,8
"Seguridad","Otros delitos contra el patrimonio","2022_4",23,100,18,31,8,104,363,152,24,3,11,0,19,0,27,29,16,1,5,59,32,0,29,250,2,8,12,3,0,73,20,5
"Seguridad","Otros delitos contra el patrimonio","2022_5",30,99,16,23,6,125,388,147,17,0,15,0,8,0,22,33,19,1,8,48,26,2,29,54,4,18,11,3,0,88,7,10
"Seguridad","Otros delitos contra el patrimonio","2022_6",31,120,20,24,13,94,397,155,17,0,23,0,15,0,22,45,18,0,5,60,20,1,32,117,5,17,17,5,0,70,10,11
"Seguridad","Otros delitos contra el patrimonio","2022_7",15,111,17,32,9,75,391,139,14,1,17,0,13,0,16,25,16,0,3,37,19,1,26,213,2,14,19,2,0,71,7,6
"Seguridad","Otros delitos contra el patrimonio","2022_8",24,116,21,27,3,99,366,169,24,0,20,0,21,0,26,38,27,1,4,60,20,9,19,336,3,27,11,5,0,60,7,3
"Seguridad","Otros delitos contra el patrimonio","2022_9",28,84,17,60,7,94,331,207,19,2,23,0,14,0,35,32,22,5,10,50,14,12,31,173,1,17,12,3,0,60,2,6
"Seguridad","Otros delitos contra el patrimonio","2022_10",28,100,15,57,3,78,348,140,12,1,17,0,15,0,37,42,25,0,10,40,24,4,40,65,1,21,20,1,1,71,10,5
"Seguridad","Otros delitos contra el patrimonio","2022_11",25,101,9,43,4,102,298,119,19,0,20,0,13,0,30,43,25,5,8,44,20,9,22,239,3,15,14,7,3,72,0,3
"Seguridad","Otros delitos contra el patrimonio","2022_12",37,109,5,45,4,102,292,152,18,4,13,0,17,0,26,40,12,2,4,41,21,13,22,186,3,19,5,4,3,52,0,2
"Seguridad","Otros delitos contra el patrimonio","2023_1",17,74,12,55,7,128,270,134,12,12,5,0,43,0,27,28,15,0,9,46,17,14,16,170,0,23,7,4,4,77,4,4
"Seguridad","Otros delitos contra el patrimonio","2023_2",23,96,18,52,5,74,258,145,24,3,5,0,45,0,23,32,16,1,11,49,26,22,21,249,4,37,14,3,1,53,4,9
"Seguridad","Otros delitos contra el patrimonio","2023_3",39,94,47,61,5,90,299,193,23,1,10,0,45,0,30,55,29,0,13,53,31,8,32,213,1,38,9,4,0,68,6,12
"Seguridad","Otros delitos contra el patrimonio","2023_4",39,115,26,44,4,78,291,128,15,3,22,0,30,0,11,49,20,0,7,44,25,17,23,71,2,28,6,8,3,61,0,6
"Seguridad","Otros delitos contra el patrimonio","2023_5",29,129,14,55,3,85,338,135,22,0,20,0,54,0,27,33,32,0,7,65,25,21,24,106,2,30,11,4,2,67,5,5
"Seguridad","Otros delitos contra el patrimonio","2023_6",23,113,43,60,3,90,304,161,15,0,12,0,52,0,11,37,43,2,5,71,15,21,19,37,4,31,8,4,3,72,3,9
"Seguridad","Otros delitos contra el patrimonio","2023_7",39,127,30,73,6,91,330,102,12,0,11,0,28,0,14,33,34,2,5,61,23,18,16,75,1,37,12,3,1,58,9,16
"Seguridad","Otros delitos contra el patrimonio","2023_8",26,132,32,49,1,108,309,116,24,0,16,0,38,0,12,39,38,0,14,72,16,22,16,120,4,22,10,4,2,66,3,1
"Seguridad","Otros delitos contra el patrimonio","2023_9",21,148,42,42,5,122,288,140,11,1,13,0,49,0,9,48,37,3,12,63,22,8,16,51,2,33,19,4,2,63,1,11
"Seguridad","Otros delitos contra el patrimonio","2023_10",22,143,54,51,1,87,313,117,13,1,19,0,41,0,17,61,35,3,16,46,18,23,18,50,5,33,17,0,0,72,0,9
"Seguridad","Otros delitos contra el patrimonio","2023_11",21,121,48,46,1,90,248,134,19,0,14,0,48,0,14,61,21,3,7,25,7,11,22,67,1,42,10,3,1,78,1,13
"Seguridad","Otros delitos contra el patrimonio","2023_12",13,112,41,40,4,94,237,141,19,4,16,2,40,0,9,53,26,0,8,34,19,8,22,41,1,24,2,0,4,54,2,5
"Seguridad","Otros delitos contra el patrimonio","2024_1",14,143,28,48,3,117,232,118,11,0,12,0,40,0,18,52,27,0,23,42,16,21,22,61,2,38,7,6,3,73,1,5
"Seguridad","Otros delitos contra el patrimonio","2024_2",33,134,29,45,0,80,276,162,13,2,12,0,40,0,18,61,30,0,16,49,18,15,24,70,4,33,18,5,2,43,0,4
"Seguridad","Otros delitos contra el patrimonio","2024_3",29,137,26,43,1,73,297,125,16,1,9,0,30,0,23,51,51,0,10,52,21,12,24,50,5,30,8,6,2,68,0,9
"Seguridad","Otros delitos contra el patrimonio","2024_4",31,134,26,31,1,82,339,106,17,3,11,0,25,0,18,57,36,1,26,38,11,17,29,88,11,35,17,2,2,87,2,6
"Seguridad","Otros delitos contra el patrimonio","2024_5",37,142,35,27,0,88,325,151,12,0,9,0,45,0,13,40,34,1,9,37,17,12,32,24,5,27,8,2,1,69,1,5
"Seguridad","Otros delitos contra el patrimonio","2024_6",25,90,27,34,4,89,299,112,20,0,12,0,29,0,29,53,39,1,9,42,14,12,21,61,6,27,17,3,0,67,6,6
"Seguridad","Otros delitos contra el patrimonio","2024_7",26,93,41,34,4,118,316,108,19,0,12,0,33,0,13,50,29,1,8,62,26,12,23,35,3,44,11,2,0,67,2,7
"Seguridad","Otros delitos contra el patrimonio","2024_8",66,106,37,17,1,115,298,142,13,0,11,0,37,0,24,62,45,0,14,43,25,21,24,38,3,28,20,6,0,76,0,2
"Seguridad","Otros delitos contra el patrimonio","2024_9",69,97,33,29,5,89,270,109,19,0,11,0,38,0,15,44,45,0,19,43,20,14,11,41,4,37,18,3,3,55,1,14
"Seguridad","Otros delitos contra el patrimonio","2024_10",95,102,46,26,8,117,301,157,15,0,12,0,39,0,17,58,39,0,10,19,9,13,22,40,1,52,16,5,1,46,0,5
"Seguridad","Otros delitos contra el patrimonio","2024_11",51,92,14,20,7,82,238,115,22,36,33,0,34,0,10,41,44,1,16,19,17,15,19,61,4,39,22,4,1,69,0,5
"Seguridad","Otros delitos contra el patrimonio","2024_12",36,100,18,18,6,80,206,148,20,3,5,0,27,0,6,51,47,1,16,14,20,12,20,38,2,30,49,6,1,51,0,7
"Seguridad","Otros delitos contra el patrimonio","2025_1",36,84,16,28,20,87,212,129,23,0,73,0,42,0,15,32,48,1,10,23,23,17,18,54,4,28,51,2,0,48,1,7
"Seguridad","Otros delitos contra el patrimonio","2025_2",29,72,34,27,10,97,206,122,17,1,51,0,41,0,9,50,44,1,13,14,29,12,15,44,2,43,83,0,1,64,0,2
"Seguridad","Otros delitos contra el patrimonio","2025_3",19,89,24,29,3,87,233,118,10,1,48,0,46,0,17,55,47,1,19,15,24,15,26,46,4,26,20,3,1,52,4,4
"Seguridad","Otros delitos contra el patrimonio","2025_4",25,96,33,36,8,74,181,131,27,3,39,0,45,0,7,51,49,2,11,10,14,16,13,63,4,39,29,0,1,54,0,3
"Seguridad","Otros delitos contra el patrimonio","2025_5",30,105,33,33,13,78,217,110,23,0,50,0,49,0,13,47,63,2,15,22,11,17,14,46,3,49,50,8,1,69,4,4
"Seguridad","Otros delitos contra el patrimonio","2025_6",25,93,24,33,4,96,197,95,15,0,45,0,112,0,13,55,62,0,19,12,28,18,16,67,8,36,80,5,0,84,0,5
"Seguridad","Otros delitos contra el patrimonio","2025_7",0,0,0,0,0,0,0,0,0,0,0,0,0,0,0,0,0,0,0,0,0,0,0,0,0,0,0,0,0,0,0,0
"Seguridad","Otros delitos contra el patrimonio","2025_8",0,0,0,0,0,0,0,0,0,0,0,0,0,0,0,0,0,0,0,0,0,0,0,0,0,0,0,0,0,0,0,0
"Seguridad","Otros delitos contra el patrimonio","2025_9",0,0,0,0,0,0,0,0,0,0,0,0,0,0,0,0,0,0,0,0,0,0,0,0,0,0,0,0,0,0,0,0
"Seguridad","Otros delitos contra el patrimonio","2025_10",0,0,0,0,0,0,0,0,0,0,0,0,0,0,0,0,0,0,0,0,0,0,0,0,0,0,0,0,0,0,0,0
"Seguridad","Otros delitos contra el patrimonio","2025_11",0,0,0,0,0,0,0,0,0,0,0,0,0,0,0,0,0,0,0,0,0,0,0,0,0,0,0,0,0,0,0,0
"Seguridad","Otros delitos contra el patrimonio","2025_12",0,0,0,0,0,0,0,0,0,0,0,0,0,0,0,0,0,0,0,0,0,0,0,0,0,0,0,0,0,0,0,0
"Seguridad","Otros delitos contra la familia","2015_1",0,26,0,0,0,1,87,27,0,0,0,12,0,84,4,33,2,0,209,0,2,3,0,1,2,0,2,30,0,59,51,7
"Seguridad","Otros delitos contra la familia","2015_2",0,20,0,0,2,0,58,17,0,0,0,4,0,62,6,36,2,0,238,5,1,4,0,2,3,1,1,0,0,51,41,7
"Seguridad","Otros delitos contra la familia","2015_3",0,34,0,0,0,0,79,18,0,0,0,0,0,71,10,41,1,0,244,0,0,3,0,6,7,3,1,39,2,46,56,6
"Seguridad","Otros delitos contra la familia","2015_4",1,24,0,0,0,0,81,28,0,0,0,0,0,75,8,29,5,0,273,0,0,6,0,3,3,0,0,33,0,75,38,5
"Seguridad","Otros delitos contra la familia","2015_5",6,1,11,0,0,0,72,22,0,24,0,0,0,77,3,21,1,0,284,2,2,5,31,0,4,3,0,46,0,57,52,5
"Seguridad","Otros delitos contra la familia","2015_6",6,1,10,1,0,0,92,28,0,29,0,0,0,84,7,34,5,2,297,0,4,4,0,2,5,2,0,51,1,40,15,4
"Seguridad","Otros delitos contra la familia","2015_7",5,0,4,0,0,0,105,26,0,23,0,10,0,107,5,0,1,2,329,0,2,5,0,1,0,0,0,46,4,37,38,7
"Seguridad","Otros delitos contra la familia","2015_8",13,0,3,0,0,1,101,19,0,12,0,16,0,92,16,0,2,0,323,9,1,4,0,1,5,0,0,57,1,67,16,5
"Seguridad","Otros delitos contra la familia","2015_9",11,0,11,0,0,0,92,29,0,24,0,5,0,134,7,2,8,2,319,0,1,10,0,3,7,2,4,0,6,48,37,8
"Seguridad","Otros delitos contra la familia","2015_10",4,0,5,0,0,1,82,14,0,15,0,6,0,214,4,25,2,0,300,0,0,8,0,1,8,1,0,41,1,46,39,3
"Seguridad","Otros delitos contra la familia","2015_11",7,0,8,0,0,1,75,16,0,10,0,10,0,179,16,30,11,2,289,4,1,4,0,3,6,1,0,35,4,50,8,6
"Seguridad","Otros delitos contra la familia","2015_12",10,2,2,0,0,0,66,21,0,4,0,13,0,140,11,27,3,0,240,0,0,10,0,0,2,3,0,38,3,29,34,6
"Seguridad","Otros delitos contra la familia","2016_1",8,27,10,1,0,0,64,20,0,7,0,9,1,145,10,19,1,0,205,15,1,4,0,1,3,3,0,47,1,59,36,4
"Seguridad","Otros delitos contra la familia","2016_2",4,28,11,0,0,1,58,20,0,8,0,8,0,133,7,28,2,0,264,9,2,8,0,0,6,2,0,51,1,46,37,6
"Seguridad","Otros delitos contra la familia","2016_3",7,20,12,1,0,0,70,26,0,11,0,7,0,159,7,27,2,1,286,10,2,5,0,0,2,2,0,55,0,60,33,8
"Seguridad","Otros delitos contra la familia","2016_4",3,25,12,2,0,0,81,25,0,21,0,5,0,175,11,28,1,0,274,21,0,15,0,1,8,2,0,45,2,70,20,4
"Seguridad","Otros delitos contra la familia","2016_5",5,27,11,3,0,0,95,23,0,45,0,12,0,158,2,30,2,0,313,17,1,11,0,1,1,0,1,46,0,50,39,5
"Seguridad","Otros delitos contra la familia","2016_6",9,31,8,0,0,0,54,28,0,20,0,9,0,284,7,27,1,1,390,11,0,4,0,0,0,0,0,78,1,76,60,5
"Seguridad","Otros delitos contra la familia","2016_7",1,29,8,0,0,0,68,28,0,20,0,7,0,164,0,21,1,3,358,18,1,10,0,0,3,3,0,62,2,46,27,7
"Seguridad","Otros delitos contra la familia","2016_8",11,39,31,0,0,1,108,39,0,20,0,11,0,158,7,34,1,1,332,16,0,14,1,0,3,1,0,110,0,96,59,7
"Seguridad","Otros delitos contra la familia","2016_9",6,37,23,0,0,0,67,36,0,25,0,13,0,138,9,34,2,4,351,5,1,8,0,0,3,0,0,116,0,58,9,2
"Seguridad","Otros delitos contra la familia","2016_10",9,36,25,0,0,0,76,25,0,23,0,12,0,157,0,32,0,3,286,0,22,12,5,2,1,0,0,92,0,40,75,4
"Seguridad","Otros delitos contra la familia","2016_11",10,28,12,0,2,0,73,24,0,18,0,10,0,172,0,26,1,1,292,7,1,10,1,0,0,0,0,58,0,62,61,3
"Seguridad","Otros delitos contra la familia","2016_12",8,29,25,0,0,0,73,47,0,19,0,12,0,135,0,35,2,3,293,15,2,11,2,0,0,0,0,74,0,58,55,5
"Seguridad","Otros delitos contra la familia","2017_1",16,21,23,0,1,0,79,26,0,21,0,14,0,119,0,35,1,0,300,18,0,9,3,0,2,1,0,62,0,102,72,3
"Seguridad","Otros delitos contra la familia","2017_2",9,23,21,0,0,0,61,34,14,12,0,10,0,112,0,22,0,0,298,6,1,5,0,1,2,1,0,60,0,93,85,4
"Seguridad","Otros delitos contra la familia","2017_3",0,30,18,0,2,0,51,23,9,17,0,13,0,138,0,21,1,0,336,6,0,11,7,0,3,0,0,67,0,127,75,8
"Seguridad","Otros delitos contra la familia","2017_4",9,30,21,0,1,0,63,20,13,13,0,8,0,123,0,21,0,0,312,10,0,13,8,0,2,0,2,60,1,98,117,7
"Seguridad","Otros delitos contra la familia","2017_5",0,28,17,0,2,0,78,25,14,0,0,7,0,143,0,23,1,0,344,8,0,17,5,0,4,0,2,53,0,81,103,7
"Seguridad","Otros delitos contra la familia","2017_6",0,27,23,0,0,0,84,39,0,11,0,5,0,135,0,20,0,2,394,8,0,12,0,0,4,1,3,61,0,94,50,5
"Seguridad","Otros delitos contra la familia","2017_7",0,35,22,0,1,0,78,26,13,0,0,11,0,145,0,28,0,0,334,15,1,13,1,0,0,0,1,72,0,107,28,8
"Seguridad","Otros delitos contra la familia","2017_8",0,53,22,0,0,0,96,40,21,1,0,8,0,171,0,27,0,2,374,7,2,23,2,0,2,1,7,94,0,117,17,7
"Seguridad","Otros delitos contra la familia","2017_9",0,30,19,0,0,0,91,36,12,24,0,11,0,114,0,21,1,2,408,14,2,11,1,0,1,0,3,79,2,97,5,7
"Seguridad","Otros delitos contra la familia","2017_10",0,34,35,0,0,0,70,39,0,12,0,5,0,148,0,28,3,1,354,14,2,14,1,0,1,0,0,77,1,106,9,4
"Seguridad","Otros delitos contra la familia","2017_11",0,22,21,0,1,0,66,23,0,137,0,13,0,120,0,28,0,0,346,10,0,10,2,0,4,0,1,44,0,94,14,7
"Seguridad","Otros delitos contra la familia","2017_12",0,34,24,0,0,0,69,12,0,38,0,8,1,106,0,32,0,1,270,12,0,26,2,0,1,0,0,52,5,59,10,5
"Seguridad","Otros delitos contra la familia","2018_1",0,23,20,0,0,0,2,11,0,20,0,21,0,130,0,20,1,2,297,12,0,21,1,0,2,1,1,59,2,90,14,12
"Seguridad","Otros delitos contra la familia","2018_2",0,21,19,0,0,0,3,25,0,27,0,5,0,114,0,35,0,1,333,12,1,17,8,0,2,1,4,63,0,101,7,4
"Seguridad","Otros delitos contra la familia","2018_3",0,33,20,0,1,0,2,22,0,13,0,7,0,129,0,28,0,0,343,16,0,16,1,0,7,0,3,50,1,108,10,3
"Seguridad","Otros delitos contra la familia","2018_4",0,36,17,0,0,0,2,19,0,15,0,12,0,119,0,37,1,3,357,30,0,14,4,0,5,0,1,59,4,125,15,5
"Seguridad","Otros delitos contra la familia","2018_5",0,43,25,0,0,0,0,24,0,14,0,8,0,133,0,27,0,1,402,23,2,16,5,1,3,1,2,54,3,117,15,3
"Seguridad","Otros delitos contra la familia","2018_6",0,42,29,0,2,0,0,17,0,14,0,4,0,133,0,28,2,1,389,22,0,14,1,0,6,0,1,77,3,104,12,8
"Seguridad","Otros delitos contra la familia","2018_7",0,41,17,0,0,0,2,32,0,24,0,12,1,126,0,31,1,1,464,22,1,19,1,0,3,2,1,68,3,97,3,8
"Seguridad","Otros delitos contra la familia","2018_8",0,41,23,0,0,1,0,36,0,32,0,20,0,146,0,29,0,1,409,20,1,26,4,1,1,0,3,115,0,92,17,13
"Seguridad","Otros delitos contra la familia","2018_9",0,37,25,0,3,0,3,13,0,19,0,18,0,93,0,25,1,3,394,16,1,15,1,1,1,0,2,70,3,112,12,10
"Seguridad","Otros delitos contra la familia","2018_10",0,40,26,0,0,0,0,16,0,8,0,6,1,136,0,24,3,2,409,14,0,18,0,0,2,0,0,55,0,77,19,5
"Seguridad","Otros delitos contra la familia","2018_11",0,32,19,0,0,0,1,14,0,18,0,13,0,95,0,20,0,0,360,17,1,18,3,0,1,1,1,70,0,53,8,4
"Seguridad","Otros delitos contra la familia","2018_12",0,27,20,0,0,0,1,5,0,19,0,7,1,88,0,36,2,0,291,12,0,17,1,1,1,1,2,69,0,32,15,3
"Seguridad","Otros delitos contra la familia","2019_1",0,24,20,0,0,0,3,20,0,19,0,11,0,103,0,26,1,0,261,8,0,12,3,0,2,0,1,79,1,149,8,7
"Seguridad","Otros delitos contra la familia","2019_2",0,22,17,0,0,0,2,23,0,19,0,13,1,138,0,29,0,1,360,12,2,6,2,1,2,1,4,63,0,166,13,5
"Seguridad","Otros delitos contra la familia","2019_3",0,30,21,0,1,0,1,13,0,16,0,11,0,143,0,38,1,2,376,18,0,13,4,0,1,0,1,57,0,122,17,6
"Seguridad","Otros delitos contra la familia","2019_4",0,34,29,0,0,0,0,22,0,27,0,12,0,128,0,33,0,0,357,27,1,17,2,0,3,1,0,62,0,137,20,7
"Seguridad","Otros delitos contra la familia","2019_5",0,34,24,0,1,4,0,34,0,18,0,14,1,138,0,28,1,1,471,23,1,28,1,0,5,0,3,76,0,146,10,7
"Seguridad","Otros delitos contra la familia","2019_6",0,32,23,0,0,1,1,25,0,18,0,12,1,136,0,20,1,2,439,18,2,15,11,1,6,0,2,69,0,167,19,7
"Seguridad","Otros delitos contra la familia","2019_7",0,44,40,0,1,2,2,28,0,10,0,13,4,112,0,32,0,0,467,18,89,20,10,0,1,0,2,72,0,146,36,12
"Seguridad","Otros delitos contra la familia","2019_8",0,48,30,0,5,0,0,30,0,12,0,5,1,124,0,28,1,1,445,25,99,29,11,0,1,1,4,94,0,222,17,10
"Seguridad","Otros delitos contra la familia","2019_9",0,51,31,0,1,0,0,21,0,24,3,7,0,111,0,21,0,1,439,27,77,15,2,0,3,1,0,62,0,157,6,9
"Seguridad","Otros delitos contra la familia","2019_10",0,53,20,0,0,1,1,31,0,22,1,9,0,121,0,32,2,1,481,20,111,18,1,0,6,1,5,53,0,146,5,13
"Seguridad","Otros delitos contra la familia","2019_11",0,41,17,0,0,1,0,19,0,2,0,6,2,80,0,26,0,0,403,18,82,14,0,0,8,4,1,59,0,105,4,12
"Seguridad","Otros delitos contra la familia","2019_12",0,48,28,0,0,1,2,18,0,1,1,12,1,103,0,30,0,0,417,15,65,20,0,1,4,9,3,49,0,116,2,11
"Seguridad","Otros delitos contra la familia","2020_1",3,40,27,0,1,1,1,15,0,19,0,17,0,115,0,24,0,0,431,20,75,14,40,0,2,9,2,52,0,111,10,7
"Seguridad","Otros delitos contra la familia","2020_2",4,26,15,0,1,2,2,9,0,4,5,15,2,117,0,33,2,1,416,22,59,13,54,0,5,8,3,59,1,151,3,9
"Seguridad","Otros delitos contra la familia","2020_3",6,54,25,0,0,1,4,5,0,15,1,20,0,97,0,33,0,0,465,16,73,23,67,1,3,7,2,46,0,134,4,9
"Seguridad","Otros delitos contra la familia","2020_4",2,22,17,0,0,2,0,6,0,15,2,12,0,48,0,18,0,1,357,12,51,12,28,0,2,4,0,45,0,105,0,12
"Seguridad","Otros delitos contra la familia","2020_5",4,37,22,0,0,3,0,9,0,16,0,3,0,57,0,34,0,0,369,19,84,11,24,0,9,20,0,29,0,113,0,6
"Seguridad","Otros delitos contra la familia","2020_6",4,41,20,0,0,1,0,17,0,10,0,10,1,91,0,18,1,1,455,23,49,14,45,0,11,19,0,54,0,140,5,10
"Seguridad","Otros delitos contra la familia","2020_7",1,49,21,0,0,1,2,24,0,30,0,13,0,91,0,32,2,1,436,17,73,26,47,0,7,15,3,44,0,167,2,7
"Seguridad","Otros delitos contra la familia","2020_8",2,43,25,0,0,3,4,22,0,5,1,15,0,81,0,31,0,1,577,17,76,19,64,0,11,5,3,57,0,171,0,15
"Seguridad","Otros delitos contra la familia","2020_9",4,46,20,0,2,1,1,18,0,18,2,10,2,92,0,27,0,1,536,19,57,22,50,1,6,5,6,58,1,178,1,13
"Seguridad","Otros delitos contra la familia","2020_10",3,64,20,0,0,0,0,26,0,39,5,12,0,117,0,36,0,2,485,22,48,17,47,0,10,12,4,71,1,192,1,9
"Seguridad","Otros delitos contra la familia","2020_11",1,60,23,0,0,1,3,12,0,4,5,22,0,74,0,36,0,1,444,18,47,9,34,0,17,9,2,55,0,175,10,12
"Seguridad","Otros delitos contra la familia","2020_12",1,44,22,0,1,2,2,21,0,18,3,10,0,101,0,48,1,2,423,21,60,21,53,0,11,13,2,57,1,148,0,11
"Seguridad","Otros delitos contra la familia","2021_1",5,42,25,0,0,3,1,11,0,50,3,10,0,78,0,27,1,1,352,18,58,22,50,0,7,8,0,60,0,126,3,12
"Seguridad","Otros delitos contra la familia","2021_2",0,37,26,0,1,4,0,18,0,22,3,13,0,80,0,28,1,1,410,12,48,13,50,2,16,11,2,53,0,139,6,11
"Seguridad","Otros delitos contra la familia","2021_3",2,47,21,0,1,1,0,20,0,31,10,12,0,87,0,32,1,0,590,23,58,24,63,0,20,11,3,61,0,161,3,12
"Seguridad","Otros delitos contra la familia","2021_4",2,38,25,0,0,1,4,16,0,59,3,20,0,76,0,30,1,2,587,22,45,21,54,0,15,9,0,65,0,179,7,9
"Seguridad","Otros delitos contra la familia","2021_5",7,37,27,0,0,3,0,14,0,53,1,16,0,82,0,46,0,1,600,32,49,15,73,0,16,12,2,69,0,159,14,6
"Seguridad","Otros delitos contra la familia","2021_6",3,41,17,0,0,2,2,8,0,31,5,14,1,71,0,25,0,1,576,23,33,17,43,1,13,18,1,49,0,157,2,12
"Seguridad","Otros delitos contra la familia","2021_7",2,46,26,0,0,4,1,23,0,59,3,7,2,87,0,30,1,1,539,15,54,26,40,0,9,9,1,58,0,139,1,12
"Seguridad","Otros delitos contra la familia","2021_8",2,45,18,0,0,5,2,22,0,81,3,19,2,66,0,29,1,0,529,21,52,20,59,0,8,8,2,70,0,143,0,13
"Seguridad","Otros delitos contra la familia","2021_9",1,48,21,0,0,2,0,36,0,72,4,11,1,73,0,30,2,2,473,21,54,20,51,1,11,12,2,74,1,161,0,4
"Seguridad","Otros delitos contra la familia","2021_10",3,59,19,0,0,1,2,19,0,54,2,9,0,68,0,33,2,0,541,23,52,24,49,0,8,7,3,70,1,165,0,8
"Seguridad","Otros delitos contra la familia","2021_11",2,55,19,0,0,3,1,15,0,48,0,6,1,84,0,34,1,0,470,23,65,15,40,1,10,5,1,63,0,155,0,7
"Seguridad","Otros delitos contra la familia","2021_12",2,38,18,1,0,4,1,17,0,53,4,11,0,74,0,32,0,0,494,15,69,39,62,0,9,10,2,76,1,147,0,11
"Seguridad","Otros delitos contra la familia","2022_1",2,32,16,1,1,3,0,13,0,38,5,11,1,65,0,28,0,1,366,18,51,29,57,0,14,5,2,51,2,125,2,8
"Seguridad","Otros delitos contra la familia","2022_2",0,29,14,11,2,1,3,12,0,38,4,9,0,58,0,23,0,1,413,26,45,20,50,2,17,5,2,51,0,138,1,10
"Seguridad","Otros delitos contra la familia","2022_3",4,49,16,1,1,2,2,16,0,56,6,18,0,73,0,29,0,2,601,20,61,20,46,1,14,13,0,78,0,156,0,12
"Seguridad","Otros delitos contra la familia","2022_4",3,42,18,0,0,3,1,19,0,51,9,15,0,70,0,29,0,2,570,27,60,19,67,3,23,3,1,91,0,152,1,12
"Seguridad","Otros delitos contra la familia","2022_5",1,35,16,1,0,5,2,18,0,59,4,11,0,65,0,46,2,2,710,23,57,24,65,3,20,5,2,82,0,163,0,6
"Seguridad","Otros delitos contra la familia","2022_6",4,67,15,0,1,4,3,17,0,68,3,15,0,80,0,29,0,2,669,25,61,19,70,9,17,2,2,55,0,142,0,5
"Seguridad","Otros delitos contra la familia","2022_7",0,60,25,0,0,2,1,18,0,50,8,16,0,93,0,27,0,2,589,20,56,28,56,4,8,9,0,87,1,164,1,15
"Seguridad","Otros delitos contra la familia","2022_8",5,79,25,0,0,6,1,18,0,61,8,17,0,116,0,31,0,4,736,32,46,20,79,0,14,7,0,97,0,160,0,9
"Seguridad","Otros delitos contra la familia","2022_9",9,82,21,1,0,2,2,17,0,48,3,21,1,127,0,32,0,8,679,23,55,17,69,0,16,12,1,82,0,144,0,14
"Seguridad","Otros delitos contra la familia","2022_10",4,73,32,0,0,3,1,12,0,48,1,15,0,90,0,33,0,4,574,25,44,21,73,0,23,5,2,69,0,156,1,10
"Seguridad","Otros delitos contra la familia","2022_11",1,53,22,0,0,3,0,18,0,50,1,19,0,100,0,30,2,2,562,24,52,19,69,0,28,6,3,46,0,142,0,14
"Seguridad","Otros delitos contra la familia","2022_12",0,52,24,0,1,1,0,19,0,43,3,19,0,90,0,22,0,1,482,21,43,23,60,0,15,1,1,68,0,114,0,9
"Seguridad","Otros delitos contra la familia","2023_1",1,42,22,1,0,0,0,4,0,35,0,11,0,94,0,42,0,0,461,20,42,26,64,0,16,2,1,82,0,55,2,12
"Seguridad","Otros delitos contra la familia","2023_2",2,38,29,0,0,2,0,1,0,38,1,26,0,85,0,34,1,2,440,15,34,24,67,0,19,9,0,70,0,62,1,7
"Seguridad","Otros delitos contra la familia","2023_3",6,49,24,2,0,5,2,3,0,36,1,24,1,114,0,35,1,2,508,18,48,38,86,0,14,3,1,76,0,64,0,8
"Seguridad","Otros delitos contra la familia","2023_4",3,47,25,0,0,4,2,2,0,44,5,14,0,120,4,34,0,3,408,19,32,22,63,0,16,3,1,68,0,55,1,7
"Seguridad","Otros delitos contra la familia","2023_5",6,52,23,0,0,3,1,1,0,39,5,16,0,102,2,31,0,4,537,17,65,41,73,0,14,6,2,69,0,65,2,5
"Seguridad","Otros delitos contra la familia","2023_6",2,85,29,0,0,11,1,1,0,46,1,27,0,103,2,32,2,9,539,15,59,28,81,0,19,27,1,85,0,64,0,9
"Seguridad","Otros delitos contra la familia","2023_7",3,82,32,0,2,2,0,1,0,48,7,14,0,104,5,25,0,4,436,21,57,27,73,0,7,5,1,87,0,49,0,9
"Seguridad","Otros delitos contra la familia","2023_8",1,102,23,0,1,8,0,0,0,57,0,21,1,123,4,37,1,6,518,23,74,34,60,0,10,12,1,90,0,69,0,7
"Seguridad","Otros delitos contra la familia","2023_9",0,95,28,0,0,2,1,5,0,47,2,9,0,104,3,37,0,6,489,25,62,18,92,0,21,15,0,74,0,64,0,11
"Seguridad","Otros delitos contra la familia","2023_10",2,101,26,0,0,5,0,1,0,48,0,9,1,96,1,35,0,5,423,26,58,19,86,0,13,23,2,71,0,67,0,9
"Seguridad","Otros delitos contra la familia","2023_11",1,95,21,0,0,3,3,0,0,47,2,8,0,93,2,38,1,6,353,20,74,22,71,1,8,18,0,49,0,47,0,10
"Seguridad","Otros delitos contra la familia","2023_12",2,95,23,0,0,4,1,2,0,39,0,15,0,81,1,24,2,0,357,18,49,32,69,1,2,18,0,55,0,38,3,9
"Seguridad","Otros delitos contra la familia","2024_1",0,94,24,0,0,6,1,3,0,34,4,12,0,34,4,26,2,5,402,18,61,24,93,0,14,6,1,72,0,60,0,14
"Seguridad","Otros delitos contra la familia","2024_2",0,66,17,0,0,5,1,1,0,37,3,16,0,32,5,28,2,4,412,19,51,19,51,0,10,11,0,63,0,70,3,11
"Seguridad","Otros delitos contra la familia","2024_3",2,93,20,1,0,4,2,5,0,36,0,22,1,30,1,31,0,8,459,21,65,24,74,0,17,11,0,69,0,74,4,8
"Seguridad","Otros delitos contra la familia","2024_4",2,105,21,0,0,8,2,0,0,43,2,14,0,32,3,40,1,5,517,13,80,22,68,0,18,17,1,70,0,70,1,10
"Seguridad","Otros delitos contra la familia","2024_5",3,91,25,0,0,3,4,6,0,39,3,13,0,23,2,29,0,5,479,25,74,27,75,0,20,13,0,77,0,85,1,7
"Seguridad","Otros delitos contra la familia","2024_6",14,79,23,0,0,8,0,1,0,46,1,19,0,21,3,38,0,9,403,15,76,21,49,0,25,22,1,63,0,97,0,13
"Seguridad","Otros delitos contra la familia","2024_7",12,107,20,0,0,5,2,9,0,46,2,20,0,33,3,51,0,5,414,12,88,32,89,1,15,22,2,68,0,81,0,13
"Seguridad","Otros delitos contra la familia","2024_8",4,118,23,0,0,4,1,0,0,57,3,17,0,32,3,42,0,2,406,24,76,34,64,0,14,12,3,89,0,62,1,12
"Seguridad","Otros delitos contra la familia","2024_9",3,100,23,0,0,8,2,4,0,47,1,7,0,24,5,43,0,6,438,19,91,29,72,0,9,27,0,68,0,62,1,10
"Seguridad","Otros delitos contra la familia","2024_10",1,99,30,0,0,5,2,3,0,52,0,11,0,26,6,35,1,3,496,18,87,26,53,1,11,9,0,59,1,65,3,12
"Seguridad","Otros delitos contra la familia","2024_11",1,99,27,0,0,5,0,3,0,47,2,14,1,36,6,34,1,6,368,15,108,30,76,0,14,20,1,75,0,79,1,3
"Seguridad","Otros delitos contra la familia","2024_12",3,79,25,0,0,4,1,2,0,39,1,11,1,23,2,34,1,4,309,28,92,31,62,0,14,5,0,43,0,58,0,6
"Seguridad","Otros delitos contra la familia","2025_1",1,74,22,0,0,5,1,12,0,34,4,16,0,22,3,41,0,4,313,24,70,27,55,0,17,8,0,51,1,69,3,10
"Seguridad","Otros delitos contra la familia","2025_2",2,88,28,1,0,3,2,22,0,33,2,15,0,17,2,32,0,4,399,18,58,12,73,0,26,10,0,52,1,51,0,6
"Seguridad","Otros delitos contra la familia","2025_3",4,81,19,1,1,5,3,32,0,36,2,21,0,17,2,0,1,1,437,16,55,20,59,0,21,14,5,63,0,61,1,11
"Seguridad","Otros delitos contra la familia","2025_4",6,103,21,0,0,11,5,27,0,45,2,19,0,21,6,0,0,4,469,21,55,22,76,0,20,9,12,67,0,70,2,8
"Seguridad","Otros delitos contra la familia","2025_5",3,82,17,0,0,5,0,19,0,38,1,15,0,19,4,1,0,3,467,16,54,22,76,0,22,8,2,69,0,73,1,14
"Seguridad","Otros delitos contra la familia","2025_6",4,88,20,0,0,6,3,1,0,43,5,17,0,27,4,1,0,8,457,12,63,19,62,1,26,25,1,51,0,65,1,8
"Seguridad","Otros delitos contra la familia","2025_7",0,0,0,0,0,0,0,0,0,0,0,0,0,0,0,0,0,0,0,0,0,0,0,0,0,0,0,0,0,0,0,0
"Seguridad","Otros delitos contra la familia","2025_8",0,0,0,0,0,0,0,0,0,0,0,0,0,0,0,0,0,0,0,0,0,0,0,0,0,0,0,0,0,0,0,0
"Seguridad","Otros delitos contra la familia","2025_9",0,0,0,0,0,0,0,0,0,0,0,0,0,0,0,0,0,0,0,0,0,0,0,0,0,0,0,0,0,0,0,0
"Seguridad","Otros delitos contra la familia","2025_10",0,0,0,0,0,0,0,0,0,0,0,0,0,0,0,0,0,0,0,0,0,0,0,0,0,0,0,0,0,0,0,0
"Seguridad","Otros delitos contra la familia","2025_11",0,0,0,0,0,0,0,0,0,0,0,0,0,0,0,0,0,0,0,0,0,0,0,0,0,0,0,0,0,0,0,0
"Seguridad","Otros delitos contra la familia","2025_12",0,0,0,0,0,0,0,0,0,0,0,0,0,0,0,0,0,0,0,0,0,0,0,0,0,0,0,0,0,0,0,0
"Seguridad","Otros delitos contra la sociedad","2015_1",0,1,0,0,1,0,0,0,0,3,0,0,0,0,1,0,48,0,1,0,94,12,0,0,15,0,2,0,0,0,99,0
"Seguridad","Otros delitos contra la sociedad","2015_2",0,2,0,0,2,1,0,0,0,3,0,0,0,0,0,1,55,1,0,7,82,8,0,0,14,0,3,0,0,2,70,0
"Seguridad","Otros delitos contra la sociedad","2015_3",0,3,0,0,0,2,0,0,0,0,0,0,0,0,0,1,69,1,0,0,97,14,0,0,28,0,4,0,0,1,48,1
"Seguridad","Otros delitos contra la sociedad","2015_4",0,0,0,0,1,3,1,0,0,1,0,0,0,0,0,0,69,2,1,0,85,9,0,0,19,0,1,0,0,1,44,0
"Seguridad","Otros delitos contra la sociedad","2015_5",0,0,0,0,2,2,0,1,0,1,0,0,0,0,0,0,39,0,1,19,95,5,0,0,20,0,0,0,0,2,68,0
"Seguridad","Otros delitos contra la sociedad","2015_6",0,0,0,0,0,1,2,0,0,4,0,0,0,0,0,0,42,3,1,0,119,13,0,0,12,0,0,0,0,4,11,0
"Seguridad","Otros delitos contra la sociedad","2015_7",0,0,0,0,2,0,2,0,0,0,0,0,0,0,0,0,36,2,0,0,79,8,0,0,8,0,0,0,0,1,0,0
"Seguridad","Otros delitos contra la sociedad","2015_8",0,0,0,0,0,3,1,0,0,5,0,0,0,0,1,0,42,0,1,18,68,6,0,0,10,0,5,0,0,0,0,0
"Seguridad","Otros delitos contra la sociedad","2015_9",0,0,0,0,1,0,1,0,0,2,0,0,0,0,1,0,47,1,0,0,101,10,0,0,14,0,5,0,0,0,1,1
"Seguridad","Otros delitos contra la sociedad","2015_10",0,0,0,0,1,3,1,0,0,30,0,0,0,0,0,1,51,1,0,0,115,11,0,0,9,0,5,0,0,0,1,0
"Seguridad","Otros delitos contra la sociedad","2015_11",0,0,0,0,1,1,2,0,0,11,0,0,0,0,0,0,50,1,0,22,72,4,0,0,17,0,4,0,0,0,1,1
"Seguridad","Otros delitos contra la sociedad","2015_12",0,0,0,0,0,0,5,0,0,8,0,0,0,0,0,1,48,0,0,0,67,8,0,0,6,0,2,0,0,1,0,0
"Seguridad","Otros delitos contra la sociedad","2016_1",0,0,0,0,0,2,11,0,4,7,0,0,0,0,0,0,44,0,0,4,76,12,0,0,13,0,4,0,0,0,1,0
"Seguridad","Otros delitos contra la sociedad","2016_2",0,0,0,0,3,1,7,0,3,6,0,0,0,0,1,0,49,0,1,5,72,7,0,0,14,0,1,0,0,0,1,1
"Seguridad","Otros delitos contra la sociedad","2016_3",0,3,0,0,3,1,6,0,2,5,0,0,0,0,0,0,56,0,0,7,91,18,0,0,12,0,3,0,0,3,58,0
"Seguridad","Otros delitos contra la sociedad","2016_4",0,1,0,0,1,1,5,1,0,3,0,0,0,0,1,1,45,0,0,0,92,15,0,0,9,0,2,0,0,1,3,0
"Seguridad","Otros delitos contra la sociedad","2016_5",0,0,0,0,1,1,9,0,0,5,0,0,0,0,3,1,79,0,0,16,77,16,0,0,14,0,4,0,0,1,5,1
"Seguridad","Otros delitos contra la sociedad","2016_6",0,0,0,1,0,3,5,0,0,10,0,0,0,0,0,0,56,0,0,33,69,13,0,0,7,0,0,0,0,0,30,0
"Seguridad","Otros delitos contra la sociedad","2016_7",0,1,0,0,0,0,0,0,0,4,0,0,0,0,0,0,37,0,0,18,84,8,0,0,7,0,0,0,0,1,64,1
"Seguridad","Otros delitos contra la sociedad","2016_8",0,0,0,0,3,2,4,0,0,1,0,0,0,0,0,0,45,0,1,13,60,7,0,0,14,0,1,0,0,0,106,1
"Seguridad","Otros delitos contra la sociedad","2016_9",0,0,0,0,0,0,2,0,0,2,0,0,0,0,1,0,50,0,0,11,44,9,0,0,11,0,0,0,0,0,151,1
"Seguridad","Otros delitos contra la sociedad","2016_10",0,0,0,0,2,2,2,0,0,3,0,0,0,0,1,1,66,0,0,0,74,6,1,0,5,0,2,0,0,0,165,1
"Seguridad","Otros delitos contra la sociedad","2016_11",0,0,0,0,1,5,1,0,0,5,0,0,0,0,0,1,89,0,0,7,53,9,2,0,5,0,0,0,0,0,196,0
"Seguridad","Otros delitos contra la sociedad","2016_12",0,0,0,0,3,2,3,0,0,1,0,0,0,0,0,0,109,0,0,8,34,4,3,0,5,0,2,0,0,0,322,0
"Seguridad","Otros delitos contra la sociedad","2017_1",0,0,0,0,5,0,6,0,0,4,0,0,0,0,2,0,143,0,2,13,71,6,0,0,10,0,1,0,0,0,167,1
"Seguridad","Otros delitos contra la sociedad","2017_2",3,0,2,0,0,0,8,0,0,3,0,0,0,0,0,1,204,1,0,3,78,12,1,0,11,0,2,0,0,0,143,1
"Seguridad","Otros delitos contra la sociedad","2017_3",13,0,0,0,0,0,6,0,0,2,0,0,0,0,0,1,195,0,1,5,34,11,3,0,6,0,0,0,0,0,129,1
"Seguridad","Otros delitos contra la sociedad","2017_4",0,0,1,0,1,0,5,0,0,0,0,0,0,0,1,0,71,0,0,9,46,14,1,0,5,0,3,0,0,0,141,0
"Seguridad","Otros delitos contra la sociedad","2017_5",0,4,0,0,10,0,4,1,0,0,0,0,0,0,0,1,59,1,0,15,51,14,1,0,9,0,2,0,0,0,163,0
"Seguridad","Otros delitos contra la sociedad","2017_6",0,3,0,0,4,0,4,0,0,2,0,0,0,0,0,2,56,0,1,10,52,6,1,0,7,0,0,0,0,0,90,0
"Seguridad","Otros delitos contra la sociedad","2017_7",0,2,0,1,4,0,2,0,0,0,0,0,0,0,0,1,43,0,0,5,43,13,2,1,8,0,0,0,0,0,54,0
"Seguridad","Otros delitos contra la sociedad","2017_8",0,6,0,1,5,0,5,0,0,1,0,0,0,0,0,1,86,1,2,11,96,12,2,0,5,0,1,0,0,0,0,0
"Seguridad","Otros delitos contra la sociedad","2017_9",0,0,0,0,6,0,3,0,0,2,0,0,1,0,0,0,55,0,1,10,87,16,1,1,7,0,0,0,0,0,4,0
"Seguridad","Otros delitos contra la sociedad","2017_10",0,3,0,0,5,0,7,0,0,1,0,0,0,0,0,0,71,0,1,4,76,9,0,0,8,0,0,0,0,0,0,0
"Seguridad","Otros delitos contra la sociedad","2017_11",0,0,0,0,11,0,2,0,0,0,0,0,1,0,0,1,68,0,1,17,70,9,1,0,4,0,0,0,0,0,5,0
"Seguridad","Otros delitos contra la sociedad","2017_12",0,1,0,0,3,0,4,0,0,1,0,0,0,0,0,2,59,1,0,20,132,10,1,0,4,0,0,0,0,0,0,0
"Seguridad","Otros delitos contra la sociedad","2018_1",0,8,0,0,12,0,52,0,0,0,0,0,3,0,0,0,59,0,0,18,114,3,0,0,5,0,0,0,0,0,15,0
"Seguridad","Otros delitos contra la sociedad","2018_2",0,6,0,0,18,0,51,0,0,2,0,0,2,0,0,0,59,0,0,11,102,17,1,0,3,0,0,0,0,0,9,0
"Seguridad","Otros delitos contra la sociedad","2018_3",0,1,0,0,10,0,59,0,0,0,0,0,1,0,0,0,97,1,0,16,126,11,0,0,6,0,0,0,0,0,9,0
"Seguridad","Otros delitos contra la sociedad","2018_4",0,5,0,0,22,0,61,0,0,0,0,0,2,0,0,2,187,0,0,65,275,7,0,0,6,0,0,0,0,0,0,0
"Seguridad","Otros delitos contra la sociedad","2018_5",0,6,0,0,36,0,69,0,0,1,0,0,1,0,0,2,201,0,0,53,266,16,1,0,4,0,0,0,0,0,0,0
"Seguridad","Otros delitos contra la sociedad","2018_6",0,1,0,0,21,0,60,0,0,3,0,0,0,0,0,0,192,0,0,43,153,11,0,0,6,0,0,0,0,0,0,0
"Seguridad","Otros delitos contra la sociedad","2018_7",0,5,0,0,14,0,60,0,0,1,0,0,0,0,0,2,240,0,0,59,105,14,1,0,6,0,0,0,0,0,25,0
"Seguridad","Otros delitos contra la sociedad","2018_8",0,11,0,0,20,0,71,0,0,1,0,0,4,0,1,1,253,1,0,54,128,5,2,0,8,0,0,0,0,0,16,0
"Seguridad","Otros delitos contra la sociedad","2018_9",0,2,1,0,22,0,69,0,0,5,0,0,7,0,0,1,206,0,0,61,111,10,4,0,8,0,1,0,0,0,1,0
"Seguridad","Otros delitos contra la sociedad","2018_10",0,1,0,0,14,0,83,0,0,1,0,0,0,0,0,2,186,2,0,44,140,9,2,0,3,0,0,0,0,0,10,0
"Seguridad","Otros delitos contra la sociedad","2018_11",0,2,0,1,13,0,58,0,7,1,0,0,8,0,0,1,115,2,0,31,119,13,1,0,2,0,0,0,0,0,5,0
"Seguridad","Otros delitos contra la sociedad","2018_12",0,4,0,0,13,0,47,0,6,3,0,0,1,0,0,0,135,0,0,30,104,16,0,1,5,0,0,0,0,0,5,0
"Seguridad","Otros delitos contra la sociedad","2019_1",0,7,0,6,23,0,148,0,7,0,0,0,0,0,1,0,226,2,0,40,109,8,2,0,6,0,0,0,0,0,0,0
"Seguridad","Otros delitos contra la sociedad","2019_2",0,1,0,0,17,0,182,0,6,0,0,0,0,0,0,4,254,0,0,21,192,9,3,0,3,0,0,0,0,0,14,0
"Seguridad","Otros delitos contra la sociedad","2019_3",0,2,0,2,16,0,195,0,13,2,0,0,0,0,0,1,267,0,1,23,186,11,0,0,1,0,0,0,0,0,5,0
"Seguridad","Otros delitos contra la sociedad","2019_4",0,6,0,3,11,0,196,0,6,0,0,0,0,0,0,2,314,1,1,29,200,15,1,0,5,0,0,0,0,0,5,0
"Seguridad","Otros delitos contra la sociedad","2019_5",0,5,0,0,18,0,189,0,6,0,0,0,0,0,0,0,289,0,0,28,149,12,1,0,5,3,0,0,0,0,0,0
"Seguridad","Otros delitos contra la sociedad","2019_6",0,1,0,0,17,0,198,0,10,2,0,0,0,0,0,1,286,1,0,48,75,11,1,0,5,2,0,0,0,0,4,0
"Seguridad","Otros delitos contra la sociedad","2019_7",0,3,0,0,15,0,81,0,8,1,0,0,0,0,0,1,292,0,0,42,74,7,2,0,5,3,0,0,0,0,0,0
"Seguridad","Otros delitos contra la sociedad","2019_8",1,3,0,1,15,0,198,0,5,3,0,0,0,0,0,0,290,1,0,55,47,8,1,0,9,6,0,0,0,0,0,0
"Seguridad","Otros delitos contra la sociedad","2019_9",0,1,0,0,14,0,92,0,8,3,0,0,0,0,0,1,238,0,0,47,37,25,1,0,10,0,0,0,0,0,0,0
"Seguridad","Otros delitos contra la sociedad","2019_10",0,2,0,0,8,0,210,0,6,2,0,0,0,0,0,1,293,0,0,53,56,39,2,0,7,4,0,0,0,1,1,0
"Seguridad","Otros delitos contra la sociedad","2019_11",0,3,0,1,9,0,177,0,3,6,0,0,0,0,1,0,370,0,1,50,62,23,0,0,4,1,0,0,0,0,0,0
"Seguridad","Otros delitos contra la sociedad","2019_12",0,2,0,0,6,0,159,0,9,0,0,0,0,0,2,0,463,0,0,49,45,15,0,0,2,2,0,0,0,0,0,0
"Seguridad","Otros delitos contra la sociedad","2020_1",0,5,0,2,16,0,175,0,2,0,0,0,2,1,0,3,436,0,0,61,37,15,0,0,5,1,0,0,0,0,0,0
"Seguridad","Otros delitos contra la sociedad","2020_2",3,2,0,0,10,0,195,0,5,2,0,0,4,0,0,1,438,0,0,48,59,17,0,0,12,3,0,0,0,0,0,0
"Seguridad","Otros delitos contra la sociedad","2020_3",0,6,0,0,15,0,227,0,20,10,0,0,1,1,1,1,350,1,0,58,47,29,0,0,1,2,0,0,0,0,0,0
"Seguridad","Otros delitos contra la sociedad","2020_4",0,3,0,0,2,0,97,0,8,1,0,0,2,0,0,2,179,0,1,37,34,16,1,0,5,6,0,0,0,0,0,0
"Seguridad","Otros delitos contra la sociedad","2020_5",1,4,0,1,5,0,46,0,10,0,0,0,0,0,1,0,200,1,6,37,29,25,0,0,0,6,0,0,0,0,0,0
"Seguridad","Otros delitos contra la sociedad","2020_6",0,5,1,0,4,0,115,0,14,0,0,0,1,3,0,1,209,0,1,31,36,12,0,0,1,5,0,0,0,0,0,0
"Seguridad","Otros delitos contra la sociedad","2020_7",0,3,0,0,5,0,152,0,7,0,0,0,1,2,1,1,268,0,0,40,29,23,0,0,3,9,0,0,0,0,0,0
"Seguridad","Otros delitos contra la sociedad","2020_8",0,6,0,0,9,0,165,0,9,0,0,0,0,0,0,0,373,0,0,38,58,30,0,0,4,6,0,0,0,0,0,0
"Seguridad","Otros delitos contra la sociedad","2020_9",0,5,0,0,2,0,146,0,10,0,0,0,2,0,0,3,445,1,0,43,48,54,0,0,6,16,0,0,0,0,0,0
"Seguridad","Otros delitos contra la sociedad","2020_10",0,4,0,0,2,0,184,0,16,1,0,0,0,4,0,0,535,1,0,42,52,47,0,0,4,7,0,0,0,0,0,0
"Seguridad","Otros delitos contra la sociedad","2020_11",0,3,0,0,3,0,176,0,9,0,0,0,0,1,0,0,528,1,0,32,46,63,0,0,2,15,0,0,0,0,0,0
"Seguridad","Otros delitos contra la sociedad","2020_12",0,2,0,0,4,0,115,0,8,0,0,0,0,0,0,0,502,0,0,40,50,69,0,0,2,2,0,0,0,0,11,0
"Seguridad","Otros delitos contra la sociedad","2021_1",0,4,0,0,7,0,95,0,9,5,0,0,0,0,0,3,513,1,0,53,30,62,0,0,6,4,0,0,0,0,1,0
"Seguridad","Otros delitos contra la sociedad","2021_2",0,3,0,0,11,0,76,0,9,1,0,0,0,0,2,1,381,0,0,57,74,50,0,0,10,6,0,0,0,0,0,0
"Seguridad","Otros delitos contra la sociedad","2021_3",0,6,0,0,10,0,148,0,12,1,0,0,1,0,0,0,437,1,0,47,74,46,0,0,9,4,0,0,0,0,2,0
"Seguridad","Otros delitos contra la sociedad","2021_4",0,2,0,0,7,1,140,0,9,0,0,0,2,0,0,3,356,0,0,44,63,39,1,0,4,13,0,0,0,0,0,0
"Seguridad","Otros delitos contra la sociedad","2021_5",1,4,0,1,15,0,223,0,14,0,0,0,0,0,0,2,282,1,0,41,58,31,0,0,6,14,0,0,0,1,2,0
"Seguridad","Otros delitos contra la sociedad","2021_6",1,6,0,0,6,0,107,0,11,1,0,0,1,0,0,1,288,1,0,36,51,40,0,0,4,10,0,0,0,0,0,0
"Seguridad","Otros delitos contra la sociedad","2021_7",0,2,1,0,8,0,224,0,9,0,0,0,0,2,1,2,292,0,0,54,54,32,0,0,14,7,0,0,0,0,1,0
"Seguridad","Otros delitos contra la sociedad","2021_8",0,7,0,0,8,0,142,0,5,0,0,0,1,1,2,0,329,0,0,29,33,40,0,0,4,3,0,0,0,0,0,0
"Seguridad","Otros delitos contra la sociedad","2021_9",0,2,0,0,6,0,99,0,10,0,0,0,2,0,0,1,415,0,0,36,39,48,0,0,9,12,0,0,0,0,0,0
"Seguridad","Otros delitos contra la sociedad","2021_10",0,3,0,0,9,0,125,0,7,0,0,0,5,1,0,1,509,1,0,35,58,47,1,0,9,8,0,0,0,0,0,0
"Seguridad","Otros delitos contra la sociedad","2021_11",0,1,1,0,8,0,111,0,13,0,0,0,3,0,0,1,375,2,0,27,35,24,0,0,4,6,0,0,0,0,0,0
"Seguridad","Otros delitos contra la sociedad","2021_12",0,2,0,1,12,0,182,0,7,1,0,0,7,2,0,1,437,0,0,34,45,20,0,0,3,5,0,0,0,0,0,0
"Seguridad","Otros delitos contra la sociedad","2022_1",0,7,0,0,3,0,145,0,2,1,0,0,1,0,1,0,449,0,0,33,48,23,2,0,6,7,0,0,0,0,0,0
"Seguridad","Otros delitos contra la sociedad","2022_2",0,5,0,0,3,0,96,0,6,0,0,0,1,1,0,1,320,1,1,51,35,17,0,0,2,13,0,0,0,0,0,0
"Seguridad","Otros delitos contra la sociedad","2022_3",0,4,0,1,10,0,137,0,12,1,0,0,3,0,0,2,305,0,1,78,32,39,1,0,4,17,0,0,0,0,0,0
"Seguridad","Otros delitos contra la sociedad","2022_4",0,3,0,0,8,0,135,0,7,1,0,0,1,0,0,0,343,0,0,63,47,24,0,0,3,7,0,0,0,0,0,0
"Seguridad","Otros delitos contra la sociedad","2022_5",0,6,0,0,8,0,159,0,4,0,0,0,1,1,0,1,341,2,1,50,57,27,0,0,3,17,0,0,0,1,0,0
"Seguridad","Otros delitos contra la sociedad","2022_6",0,5,1,0,9,0,112,0,10,2,0,0,1,0,0,4,268,2,0,44,39,39,0,0,1,18,0,0,0,0,0,0
"Seguridad","Otros delitos contra la sociedad","2022_7",0,4,0,0,10,0,107,0,5,0,0,0,0,0,0,1,195,1,0,49,34,35,0,0,3,11,0,0,0,0,0,0
"Seguridad","Otros delitos contra la sociedad","2022_8",0,6,0,1,12,1,141,0,6,0,0,0,0,0,0,2,165,4,1,43,30,33,0,0,6,12,0,0,0,0,0,0
"Seguridad","Otros delitos contra la sociedad","2022_9",0,4,0,0,8,0,169,0,5,1,0,0,3,0,0,1,201,3,0,49,31,23,0,0,8,19,0,0,0,0,0,0
"Seguridad","Otros delitos contra la sociedad","2022_10",0,4,0,0,6,0,191,1,13,1,0,0,0,0,1,2,300,2,0,49,30,30,0,0,3,12,0,0,0,1,0,0
"Seguridad","Otros delitos contra la sociedad","2022_11",0,4,0,0,6,0,169,0,11,0,0,0,1,0,1,7,247,2,0,49,46,29,0,0,5,14,0,0,0,0,0,0
"Seguridad","Otros delitos contra la sociedad","2022_12",1,4,0,0,7,0,113,0,11,0,0,0,1,0,1,4,219,1,0,41,55,22,0,0,1,13,0,0,0,0,0,0
"Seguridad","Otros delitos contra la sociedad","2023_1",0,4,0,0,6,0,105,0,18,0,0,0,2,2,0,3,122,1,0,60,25,25,0,0,6,9,0,0,0,0,1,0
"Seguridad","Otros delitos contra la sociedad","2023_2",0,7,0,0,9,5,131,0,7,0,0,0,1,0,1,5,224,1,0,63,33,21,1,0,3,20,0,0,0,0,1,0
"Seguridad","Otros delitos contra la sociedad","2023_3",0,6,0,0,11,7,527,0,14,0,0,0,1,1,0,4,346,1,0,68,55,37,0,0,5,18,0,0,0,1,0,0
"Seguridad","Otros delitos contra la sociedad","2023_4",0,3,0,0,4,5,208,0,15,1,1,0,3,0,1,1,260,1,0,63,33,33,0,0,4,13,0,0,0,0,0,0
"Seguridad","Otros delitos contra la sociedad","2023_5",0,7,0,0,10,12,171,0,11,0,0,0,2,1,1,2,262,2,0,74,27,35,0,0,6,13,0,0,0,0,0,0
"Seguridad","Otros delitos contra la sociedad","2023_6",0,8,0,2,5,14,182,0,9,0,0,0,3,0,0,1,333,3,0,68,29,32,0,0,7,17,0,0,0,0,0,0
"Seguridad","Otros delitos contra la sociedad","2023_7",0,4,0,0,8,8,131,0,18,0,0,0,3,0,0,0,254,1,0,54,28,34,0,0,4,15,0,0,0,1,0,0
"Seguridad","Otros delitos contra la sociedad","2023_8",0,6,0,0,5,8,117,0,11,0,0,0,2,0,1,0,180,0,0,50,30,28,0,0,6,20,0,0,0,1,0,0
"Seguridad","Otros delitos contra la sociedad","2023_9",0,10,0,0,6,9,146,0,9,0,0,0,3,0,1,0,184,1,0,62,27,20,0,0,4,11,0,0,0,0,0,0
"Seguridad","Otros delitos contra la sociedad","2023_10",0,11,0,0,9,5,147,0,10,1,0,0,1,0,0,3,181,1,1,59,41,25,0,0,9,12,0,0,0,0,0,0
"Seguridad","Otros delitos contra la sociedad","2023_11",0,8,0,0,9,5,156,0,10,0,0,0,0,0,0,4,135,0,1,54,33,22,0,0,6,13,0,0,0,0,1,0
"Seguridad","Otros delitos contra la sociedad","2023_12",0,1,0,0,7,7,161,0,5,0,0,0,2,0,1,1,97,0,1,46,32,26,0,0,4,10,0,0,0,0,0,0
"Seguridad","Otros delitos contra la sociedad","2024_1",0,8,0,0,4,9,140,0,6,0,0,0,0,0,1,1,129,1,0,68,31,36,0,0,5,11,0,0,0,0,1,0
"Seguridad","Otros delitos contra la sociedad","2024_2",0,4,0,1,9,6,162,0,13,0,1,0,0,0,0,2,119,1,0,60,18,35,0,0,1,12,0,0,0,0,0,0
"Seguridad","Otros delitos contra la sociedad","2024_3",0,6,0,0,8,10,151,0,8,0,1,0,1,0,0,3,136,0,1,51,20,26,0,0,1,17,0,0,0,0,1,0
"Seguridad","Otros delitos contra la sociedad","2024_4",0,4,0,0,11,6,153,0,12,1,0,0,2,0,0,1,164,2,0,68,27,46,0,0,5,17,0,0,0,0,0,0
"Seguridad","Otros delitos contra la sociedad","2024_5",0,4,0,0,12,10,206,0,16,0,0,0,1,0,0,5,162,2,0,69,40,31,0,0,8,10,0,0,0,0,0,0
"Seguridad","Otros delitos contra la sociedad","2024_6",0,2,0,0,15,13,122,0,13,0,0,0,2,1,0,2,144,2,0,62,24,29,1,0,5,17,0,0,0,0,0,0
"Seguridad","Otros delitos contra la sociedad","2024_7",0,7,0,0,10,14,121,0,16,0,1,0,1,0,0,1,177,2,0,73,25,34,0,0,7,10,0,0,0,0,0,0
"Seguridad","Otros delitos contra la sociedad","2024_8",0,4,0,1,10,8,115,0,12,0,1,0,4,1,0,4,161,1,0,84,49,44,0,0,6,15,0,0,0,0,0,0
"Seguridad","Otros delitos contra la sociedad","2024_9",0,11,0,0,9,6,106,0,14,0,1,0,2,3,0,10,153,0,0,46,16,25,0,0,9,13,0,0,0,0,0,0
"Seguridad","Otros delitos contra la sociedad","2024_10",0,10,0,0,7,10,151,0,19,2,0,0,0,0,0,5,162,1,0,54,23,31,0,0,10,26,0,0,0,0,0,0
"Seguridad","Otros delitos contra la sociedad","2024_11",0,1,0,0,14,2,135,0,11,3,0,0,0,2,0,7,129,2,0,64,37,43,0,0,21,26,0,0,0,0,0,0
"Seguridad","Otros delitos contra la sociedad","2024_12",0,1,0,1,7,4,105,0,11,0,1,1,1,0,0,4,113,0,1,50,31,35,0,0,20,18,1,0,0,0,0,0
"Seguridad","Otros delitos contra la sociedad","2025_1",0,4,0,0,19,3,118,22,8,0,0,0,1,0,0,7,165,2,0,36,34,40,0,0,20,13,1,0,0,0,0,0
"Seguridad","Otros delitos contra la sociedad","2025_2",0,11,0,1,7,8,149,16,8,1,0,0,0,1,0,3,128,1,1,79,17,38,1,0,17,11,0,0,0,0,0,0
"Seguridad","Otros delitos contra la sociedad","2025_3",0,3,0,1,4,12,152,33,20,0,0,0,1,0,0,9,214,2,0,37,33,56,0,0,18,9,0,0,0,1,0,0
"Seguridad","Otros delitos contra la sociedad","2025_4",0,6,0,0,14,9,141,25,4,1,0,0,1,0,0,5,256,0,0,0,49,47,1,0,11,9,0,0,0,0,0,0
"Seguridad","Otros delitos contra la sociedad","2025_5",0,4,0,3,5,10,170,21,12,0,0,0,5,0,0,9,206,0,0,16,41,39,1,0,47,13,0,0,0,0,0,0
"Seguridad","Otros delitos contra la sociedad","2025_6",0,5,0,0,4,16,135,18,13,0,0,0,5,0,1,8,216,4,0,90,49,41,0,0,30,17,0,0,0,0,0,0
"Seguridad","Otros delitos contra la sociedad","2025_7",0,0,0,0,0,0,0,0,0,0,0,0,0,0,0,0,0,0,0,0,0,0,0,0,0,0,0,0,0,0,0,0
"Seguridad","Otros delitos contra la sociedad","2025_8",0,0,0,0,0,0,0,0,0,0,0,0,0,0,0,0,0,0,0,0,0,0,0,0,0,0,0,0,0,0,0,0
"Seguridad","Otros delitos contra la sociedad","2025_9",0,0,0,0,0,0,0,0,0,0,0,0,0,0,0,0,0,0,0,0,0,0,0,0,0,0,0,0,0,0,0,0
"Seguridad","Otros delitos contra la sociedad","2025_10",0,0,0,0,0,0,0,0,0,0,0,0,0,0,0,0,0,0,0,0,0,0,0,0,0,0,0,0,0,0,0,0
"Seguridad","Otros delitos contra la sociedad","2025_11",0,0,0,0,0,0,0,0,0,0,0,0,0,0,0,0,0,0,0,0,0,0,0,0,0,0,0,0,0,0,0,0
"Seguridad","Otros delitos contra la sociedad","2025_12",0,0,0,0,0,0,0,0,0,0,0,0,0,0,0,0,0,0,0,0,0,0,0,0,0,0,0,0,0,0,0,0
"Seguridad","Otros delitos del Fuero Común","2015_1",79,791,280,7,184,322,589,655,106,144,1242,515,204,598,230,615,3228,106,184,0,328,106,222,111,18,189,1200,524,74,101,315,107
"Seguridad","Otros delitos del Fuero Común","2015_2",83,779,266,0,247,315,678,579,87,256,1209,613,301,577,165,562,3637,116,207,168,375,112,215,138,20,236,1183,294,67,123,543,89
"Seguridad","Otros delitos del Fuero Común","2015_3",65,967,255,5,249,332,765,558,108,188,1333,698,103,614,154,747,4025,130,194,0,383,121,160,159,12,246,1167,295,60,122,392,93
"Seguridad","Otros delitos del Fuero Común","2015_4",84,956,248,4,255,313,745,696,107,260,1492,668,283,576,139,593,3801,125,155,0,0,96,142,156,14,234,1262,183,43,135,407,123
"Seguridad","Otros delitos del Fuero Común","2015_5",79,1494,297,17,247,278,678,399,98,144,1379,763,135,631,111,641,3480,118,238,168,0,107,142,149,17,240,1291,397,61,139,523,128
"Seguridad","Otros delitos del Fuero Común","2015_6",104,1583,277,6,337,274,776,486,77,86,1392,760,133,612,110,596,3383,130,214,0,0,142,165,121,24,236,1715,213,66,252,632,107
"Seguridad","Otros delitos del Fuero Común","2015_7",137,1641,194,8,264,297,815,543,74,87,1348,737,178,611,107,386,3362,49,159,0,0,130,223,115,13,165,1774,330,55,231,608,125
"Seguridad","Otros delitos del Fuero Común","2015_8",74,1508,225,3,273,312,771,401,111,80,1308,708,140,671,110,149,3312,42,148,190,0,120,181,109,15,162,1554,303,38,249,526,113
"Seguridad","Otros delitos del Fuero Común","2015_9",104,1408,230,4,276,298,832,436,104,128,1454,570,213,767,117,171,3120,37,208,0,372,114,206,95,3,212,1367,312,57,229,580,100
"Seguridad","Otros delitos del Fuero Común","2015_10",203,1466,217,8,350,324,980,642,76,143,1558,723,122,1010,189,197,3148,36,244,0,0,136,174,128,19,217,1481,423,49,265,704,106
"Seguridad","Otros delitos del Fuero Común","2015_11",237,1359,183,10,357,281,828,611,112,116,1487,598,288,981,145,207,3438,50,209,179,445,166,187,126,7,206,1330,346,31,201,637,98
"Seguridad","Otros delitos del Fuero Común","2015_12",365,1286,205,4,323,312,758,644,94,241,1625,595,181,846,100,155,2868,29,146,0,0,163,157,125,11,284,1341,247,37,114,702,90
"Seguridad","Otros delitos del Fuero Común","2016_1",202,997,102,9,127,210,783,438,80,66,1692,709,255,845,153,133,4507,21,136,283,418,122,193,57,13,264,1164,308,33,145,682,106
"Seguridad","Otros delitos del Fuero Común","2016_2",269,1042,121,2,165,278,945,434,105,72,1619,699,178,994,123,151,5795,30,176,335,289,133,109,56,21,218,1406,252,46,90,569,101
"Seguridad","Otros delitos del Fuero Común","2016_3",316,807,169,7,237,285,1137,427,104,80,1723,806,231,910,129,150,5535,35,244,224,362,163,113,60,12,283,1295,265,35,120,563,111
"Seguridad","Otros delitos del Fuero Común","2016_4",277,731,137,7,160,288,1045,544,503,90,1870,794,140,1030,120,166,5947,31,224,255,306,148,108,61,14,306,1365,291,48,288,645,106
"Seguridad","Otros delitos del Fuero Común","2016_5",350,778,149,2,136,292,981,564,318,127,1931,843,184,1009,89,143,6038,34,227,202,421,202,47,386,23,288,1193,442,48,282,224,143
"Seguridad","Otros delitos del Fuero Común","2016_6",147,620,105,3,179,235,849,752,132,146,1590,798,224,1001,103,134,5912,55,242,193,553,233,43,43,11,337,891,358,50,286,467,110
"Seguridad","Otros delitos del Fuero Común","2016_7",281,554,60,1,154,211,721,688,35,84,1642,748,74,829,122,127,5523,19,220,128,233,268,56,645,15,340,586,558,25,222,877,113
"Seguridad","Otros delitos del Fuero Común","2016_8",259,629,60,3,154,211,838,639,45,84,1673,682,209,875,88,137,6250,12,249,144,273,245,30,328,13,60,589,808,37,234,194,107
"Seguridad","Otros delitos del Fuero Común","2016_9",275,654,56,6,187,208,860,747,30,123,1670,731,146,938,117,130,6398,18,229,128,331,267,47,84,10,176,691,545,23,208,36,97
"Seguridad","Otros delitos del Fuero Común","2016_10",231,592,64,1,164,226,833,721,4,87,1684,713,185,900,129,167,6694,14,290,0,295,269,53,83,18,181,620,186,23,143,192,115
"Seguridad","Otros delitos del Fuero Común","2016_11",201,555,46,11,184,212,835,739,31,75,1512,684,164,850,139,168,6229,11,216,270,268,236,57,43,10,85,670,189,49,74,124,125
"Seguridad","Otros delitos del Fuero Común","2016_12",188,714,78,5,171,211,716,933,37,96,1559,644,160,845,142,138,6010,10,242,165,253,275,73,56,13,88,931,520,30,66,26,113
"Seguridad","Otros delitos del Fuero Común","2017_1",110,683,42,3,263,231,737,694,97,99,1689,819,147,740,172,137,4842,19,215,164,228,252,36,67,18,101,627,223,34,138,134,135
"Seguridad","Otros delitos del Fuero Común","2017_2",130,622,67,1,194,302,627,856,82,97,1526,775,161,740,178,145,5932,9,251,117,279,259,48,59,11,72,742,274,23,115,140,110
"Seguridad","Otros delitos del Fuero Común","2017_3",150,754,45,6,208,320,800,1137,86,352,1827,922,157,908,159,184,6677,9,300,157,412,317,51,101,24,108,661,213,38,105,353,131
"Seguridad","Otros delitos del Fuero Común","2017_4",123,840,58,5,193,343,719,905,113,119,1544,770,176,774,178,130,5941,20,224,171,309,252,34,112,10,92,568,149,17,100,225,114
"Seguridad","Otros delitos del Fuero Común","2017_5",182,825,36,7,142,340,791,779,110,313,1882,855,163,829,197,141,6978,11,307,138,356,304,75,123,8,133,759,210,33,185,267,109
"Seguridad","Otros delitos del Fuero Común","2017_6",270,791,41,4,152,371,772,1068,137,135,1787,947,143,855,209,150,6427,7,263,122,344,350,60,120,16,85,621,217,23,185,274,128
"Seguridad","Otros delitos del Fuero Común","2017_7",153,708,32,7,120,378,827,970,76,90,1742,197,122,913,203,178,5794,24,263,123,354,300,42,74,13,89,631,208,26,155,174,132
"Seguridad","Otros delitos del Fuero Común","2017_8",187,609,79,6,168,398,1050,1185,116,133,1961,196,168,979,237,219,6096,43,314,197,368,323,36,101,14,96,638,120,31,148,130,131
"Seguridad","Otros delitos del Fuero Común","2017_9",201,571,27,8,130,334,854,897,112,96,1799,160,149,907,264,138,5052,96,275,117,387,287,61,48,10,75,532,105,20,170,139,115
"Seguridad","Otros delitos del Fuero Común","2017_10",296,630,46,8,120,335,812,901,150,138,1905,207,334,987,271,186,5809,57,284,159,405,321,63,89,14,120,383,92,10,175,154,134
"Seguridad","Otros delitos del Fuero Común","2017_11",168,541,60,2,134,199,879,1233,153,194,1619,211,304,842,247,155,5470,56,265,121,375,262,90,93,9,85,557,100,14,125,210,152
"Seguridad","Otros delitos del Fuero Común","2017_12",123,558,29,3,105,274,806,598,145,135,1574,180,126,732,195,116,5161,64,237,146,0,305,68,68,6,83,692,98,14,116,132,112
"Seguridad","Otros delitos del Fuero Común","2018_1",162,678,51,9,104,363,329,523,115,86,1726,216,316,953,244,144,4326,74,177,198,420,302,70,74,13,45,485,118,32,154,106,112
"Seguridad","Otros delitos del Fuero Común","2018_2",147,557,43,5,95,334,317,543,112,79,1820,208,318,816,251,144,4147,76,264,171,410,348,68,71,5,57,510,101,29,204,137,115
"Seguridad","Otros delitos del Fuero Común","2018_3",193,737,66,4,99,336,371,809,152,77,1869,261,345,993,255,140,4358,70,258,196,387,388,64,85,13,50,540,119,25,211,131,124
"Seguridad","Otros delitos del Fuero Común","2018_4",213,700,66,4,102,350,441,614,119,72,1991,275,423,1295,257,162,4984,62,259,170,422,382,83,136,14,47,555,114,39,184,138,103
"Seguridad","Otros delitos del Fuero Común","2018_5",262,515,84,10,122,327,412,848,122,63,1875,322,539,1226,229,160,5622,86,290,158,483,366,96,175,6,29,595,98,26,168,157,122
"Seguridad","Otros delitos del Fuero Común","2018_6",175,481,97,7,103,286,391,569,84,64,1806,265,435,757,250,171,4893,65,290,244,449,355,77,112,11,20,591,111,48,178,105,127
"Seguridad","Otros delitos del Fuero Común","2018_7",242,436,83,6,95,299,398,588,124,64,1947,280,456,913,256,176,5217,72,279,146,400,349,101,144,7,12,547,127,44,176,236,117
"Seguridad","Otros delitos del Fuero Común","2018_8",220,339,54,7,109,259,400,809,113,58,2017,209,519,865,233,208,5855,59,268,144,404,339,77,148,15,30,559,146,32,161,148,163
"Seguridad","Otros delitos del Fuero Común","2018_9",193,456,68,5,109,298,456,525,94,80,1784,144,540,814,247,174,5324,100,350,150,433,373,97,155,9,23,520,118,30,172,240,128
"Seguridad","Otros delitos del Fuero Común","2018_10",216,399,64,6,142,438,499,585,108,94,1895,203,464,931,252,161,5775,75,337,151,495,428,71,185,6,57,661,110,43,234,190,118
"Seguridad","Otros delitos del Fuero Común","2018_11",240,475,93,6,118,305,455,286,88,136,1412,196,471,781,195,152,4988,37,299,115,444,318,69,141,13,43,598,121,34,193,159,115
"Seguridad","Otros delitos del Fuero Común","2018_12",193,486,94,3,77,307,356,197,98,65,1684,177,289,658,177,149,4603,52,235,130,448,346,65,152,5,47,529,86,15,161,253,135
"Seguridad","Otros delitos del Fuero Común","2019_1",214,530,100,4,108,274,563,256,56,142,1899,179,509,803,280,153,3766,56,213,76,225,376,106,136,6,43,138,90,39,346,264,132
"Seguridad","Otros delitos del Fuero Común","2019_2",213,499,103,3,109,293,437,389,65,74,1653,171,391,883,362,164,3853,58,240,85,266,364,125,169,11,52,560,150,37,358,275,143
"Seguridad","Otros delitos del Fuero Común","2019_3",162,498,83,2,116,321,524,285,76,77,1885,204,522,948,398,213,4759,77,258,94,321,359,138,210,11,54,562,95,38,437,402,163
"Seguridad","Otros delitos del Fuero Común","2019_4",246,466,82,8,71,307,529,251,73,79,1852,199,401,1082,347,169,5271,55,242,87,270,397,127,205,10,77,722,101,24,421,394,157
"Seguridad","Otros delitos del Fuero Común","2019_5",175,464,95,8,103,304,586,212,75,94,1742,223,368,998,293,158,6058,45,245,101,310,469,121,196,13,94,613,115,30,434,405,144
"Seguridad","Otros delitos del Fuero Común","2019_6",171,446,87,4,86,310,521,165,83,109,1626,199,424,973,253,124,5388,43,279,116,216,424,119,171,8,102,634,94,16,402,353,166
"Seguridad","Otros delitos del Fuero Común","2019_7",196,424,79,7,120,299,569,178,66,21,1760,222,384,985,276,153,5879,55,267,156,175,465,135,178,9,82,642,101,16,481,207,172
"Seguridad","Otros delitos del Fuero Común","2019_8",167,413,74,1,102,279,576,181,81,36,1777,177,445,1046,282,159,5066,79,311,186,165,461,134,199,7,83,566,112,27,404,222,162
"Seguridad","Otros delitos del Fuero Común","2019_9",207,406,70,2,92,261,559,185,80,37,1636,217,334,943,296,161,5917,32,247,131,155,414,128,191,19,138,649,80,20,484,114,156
"Seguridad","Otros delitos del Fuero Común","2019_10",127,472,51,4,110,290,514,189,76,32,1662,223,377,1185,336,151,6276,63,304,118,187,453,152,212,17,109,754,113,31,469,173,202
"Seguridad","Otros delitos del Fuero Común","2019_11",116,599,75,2,94,203,543,127,60,66,1620,176,344,1047,320,141,5396,64,241,98,131,401,110,148,24,166,694,85,20,383,151,173
"Seguridad","Otros delitos del Fuero Común","2019_12",86,557,59,7,85,161,443,107,64,34,1520,170,247,970,263,167,6190,55,268,73,158,339,105,161,8,117,727,72,10,345,213,136
"Seguridad","Otros delitos del Fuero Común","2020_1",112,627,98,7,90,228,609,129,58,56,1746,198,382,983,287,152,5954,49,249,95,169,402,92,202,9,122,615,92,26,271,130,197
"Seguridad","Otros delitos del Fuero Común","2020_2",99,669,59,10,123,173,616,111,58,52,1692,282,374,924,312,130,6114,39,390,82,164,402,89,210,11,118,681,91,22,364,80,182
"Seguridad","Otros delitos del Fuero Común","2020_3",100,707,74,5,123,186,535,114,67,134,1953,289,442,981,429,133,6203,74,238,94,171,398,91,201,20,121,695,79,17,455,69,168
"Seguridad","Otros delitos del Fuero Común","2020_4",64,407,42,11,83,137,216,99,65,21,1279,124,240,671,276,105,3916,35,142,100,139,295,51,112,4,65,450,54,23,303,75,133
"Seguridad","Otros delitos del Fuero Común","2020_5",69,481,74,7,74,156,206,115,51,58,1376,144,209,750,310,131,3602,49,154,97,158,326,44,115,5,79,420,64,23,313,28,147
"Seguridad","Otros delitos del Fuero Común","2020_6",101,409,61,1,66,176,277,110,57,54,1649,163,331,999,262,139,4536,74,185,93,113,328,87,199,6,66,559,76,26,353,45,193
"Seguridad","Otros delitos del Fuero Común","2020_7",133,577,60,1,106,123,357,138,81,69,1574,165,359,933,325,141,5146,67,176,98,151,302,93,203,10,72,627,63,16,414,108,183
"Seguridad","Otros delitos del Fuero Común","2020_8",133,582,34,8,116,112,394,128,54,90,1581,200,409,1012,343,175,6060,53,249,73,136,292,101,217,20,117,616,100,39,410,98,179
"Seguridad","Otros delitos del Fuero Común","2020_9",170,598,44,15,106,120,434,112,62,130,1663,157,442,902,333,162,5595,64,285,90,147,310,112,189,12,151,670,93,19,461,55,186
"Seguridad","Otros delitos del Fuero Común","2020_10",140,553,49,4,106,116,589,124,66,111,1826,173,411,1037,295,171,6280,59,349,141,170,346,99,235,17,157,632,100,31,475,49,211
"Seguridad","Otros delitos del Fuero Común","2020_11",114,568,52,7,99,114,457,91,65,49,1540,148,403,884,263,144,6259,67,373,115,141,321,89,200,35,133,596,66,11,414,55,164
"Seguridad","Otros delitos del Fuero Común","2020_12",114,454,56,0,92,125,461,94,57,105,1566,154,297,870,286,139,6540,48,370,116,150,341,90,176,33,102,587,104,14,385,43,203
"Seguridad","Otros delitos del Fuero Común","2021_1",176,492,55,3,80,123,402,131,49,71,1530,89,705,812,252,125,6525,69,311,90,158,310,87,184,28,119,545,86,10,398,253,113
"Seguridad","Otros delitos del Fuero Común","2021_2",113,493,74,6,71,222,367,143,53,136,1293,88,673,784,251,149,6173,55,307,81,132,318,82,177,14,161,602,77,22,457,254,133
"Seguridad","Otros delitos del Fuero Común","2021_3",168,558,59,1,93,174,484,178,61,146,1585,92,478,1111,264,134,7627,71,374,143,157,365,111,263,32,193,703,122,16,509,314,123
"Seguridad","Otros delitos del Fuero Común","2021_4",144,523,69,5,81,165,505,151,67,78,1483,101,354,912,200,144,7674,54,418,129,173,366,96,198,33,161,557,114,23,597,232,152
"Seguridad","Otros delitos del Fuero Común","2021_5",167,513,59,9,95,154,523,119,76,76,1394,69,1265,877,265,144,7787,82,320,121,160,381,112,229,28,173,661,89,26,567,224,146
"Seguridad","Otros delitos del Fuero Común","2021_6",174,596,84,2,103,149,547,144,79,84,1339,92,888,908,319,137,7386,87,379,176,161,344,86,194,32,132,609,88,17,616,89,138
"Seguridad","Otros delitos del Fuero Común","2021_7",182,582,58,3,108,158,608,188,73,65,1465,77,359,915,232,123,7619,76,350,111,135,368,105,165,27,109,578,144,19,500,98,117
"Seguridad","Otros delitos del Fuero Común","2021_8",195,511,79,1,117,113,638,164,63,115,1374,73,1453,890,212,147,7955,60,456,99,161,368,85,187,35,147,579,123,20,480,48,133
"Seguridad","Otros delitos del Fuero Común","2021_9",201,529,62,3,113,120,622,260,72,130,1263,78,1213,979,196,122,7805,66,411,117,149,320,103,183,35,148,702,117,21,593,78,145
"Seguridad","Otros delitos del Fuero Común","2021_10",192,658,75,9,133,153,739,249,76,89,1547,81,861,940,202,149,8421,83,444,131,174,323,101,252,24,202,643,141,23,639,60,164
"Seguridad","Otros delitos del Fuero Común","2021_11",166,559,85,80,118,122,790,218,65,118,1335,85,638,1040,193,114,7750,70,555,117,148,279,93,221,28,165,588,126,7,625,78,202
"Seguridad","Otros delitos del Fuero Común","2021_12",143,511,74,71,125,112,799,233,77,45,1438,76,1222,900,180,121,7851,71,610,104,165,345,114,224,23,140,633,120,21,615,47,146
"Seguridad","Otros delitos del Fuero Común","2022_1",142,549,90,84,127,106,802,317,72,73,1372,79,564,937,178,129,7565,61,533,113,174,277,93,195,36,157,565,117,27,492,52,146
"Seguridad","Otros delitos del Fuero Común","2022_2",161,613,63,87,120,159,802,226,66,68,1370,75,748,1014,186,119,7888,81,444,124,170,338,117,241,21,177,545,136,25,540,73,122
"Seguridad","Otros delitos del Fuero Común","2022_3",203,706,72,143,136,144,969,322,106,40,1506,103,836,1156,207,177,8418,58,550,170,161,401,147,274,43,186,661,171,24,643,38,174
"Seguridad","Otros delitos del Fuero Común","2022_4",204,629,89,101,180,137,881,266,78,62,1398,96,949,1276,207,135,6500,83,465,136,180,337,153,300,40,143,618,146,25,561,52,150
"Seguridad","Otros delitos del Fuero Común","2022_5",209,684,90,101,196,136,964,293,74,91,1423,109,843,1401,217,174,6856,97,502,173,222,368,186,317,38,149,727,133,14,651,24,133
"Seguridad","Otros delitos del Fuero Común","2022_6",178,689,100,91,80,141,866,322,78,96,1488,105,891,1240,202,132,6615,80,558,114,183,405,158,332,31,214,645,146,14,586,53,170
"Seguridad","Otros delitos del Fuero Común","2022_7",246,703,88,112,82,173,845,218,88,50,1541,100,1338,1156,198,102,5898,73,519,135,207,473,122,344,28,155,652,81,13,519,49,141
"Seguridad","Otros delitos del Fuero Común","2022_8",206,796,72,132,105,136,1000,224,97,76,1507,97,768,1292,224,146,6119,83,705,142,168,472,154,301,40,205,667,139,16,573,69,182
"Seguridad","Otros delitos del Fuero Común","2022_9",211,847,84,98,92,161,706,314,82,72,1371,96,775,1163,236,127,6239,92,626,159,152,494,153,293,36,223,603,112,24,535,25,158
"Seguridad","Otros delitos del Fuero Común","2022_10",245,860,89,122,80,134,718,165,109,41,1449,102,705,1088,245,145,6750,287,530,146,178,545,150,294,42,194,694,108,17,567,39,122
"Seguridad","Otros delitos del Fuero Común","2022_11",202,738,85,106,96,121,688,210,106,42,1460,101,757,1013,236,137,6128,110,543,122,177,497,194,261,38,194,569,156,16,569,42,118
"Seguridad","Otros delitos del Fuero Común","2022_12",203,738,88,91,65,92,698,218,104,41,1353,79,1264,931,211,121,5907,89,422,102,184,463,150,278,38,167,665,96,9,623,20,122
"Seguridad","Otros delitos del Fuero Común","2023_1",251,811,62,137,87,147,791,198,88,73,1492,90,936,1088,259,128,5671,91,561,154,207,539,159,300,29,163,658,114,16,573,25,149
"Seguridad","Otros delitos del Fuero Común","2023_2",359,769,67,110,88,105,728,210,69,58,1337,97,1088,1204,299,183,5686,93,584,152,172,459,142,317,28,221,592,147,15,517,27,139
"Seguridad","Otros delitos del Fuero Común","2023_3",364,800,70,159,77,139,916,281,82,38,1652,108,1081,1426,325,145,6128,122,627,196,235,495,180,359,44,211,695,201,25,616,36,194
"Seguridad","Otros delitos del Fuero Común","2023_4",389,735,77,120,71,128,873,170,91,60,1570,126,1191,1390,266,155,5465,94,499,142,180,392,183,306,36,185,607,158,21,544,44,184
"Seguridad","Otros delitos del Fuero Común","2023_5",380,708,90,148,97,170,962,173,102,82,1693,117,992,1648,263,182,5797,117,621,173,212,390,167,357,43,178,703,174,13,531,57,240
"Seguridad","Otros delitos del Fuero Común","2023_6",391,778,80,193,80,189,1011,238,113,65,1688,129,1250,1536,270,155,6076,118,624,193,209,446,183,348,40,217,661,183,19,475,38,209
"Seguridad","Otros delitos del Fuero Común","2023_7",325,799,90,138,88,209,1030,175,114,37,1600,91,1521,1368,208,114,5762,93,561,185,213,407,151,424,35,197,679,128,9,398,32,178
"Seguridad","Otros delitos del Fuero Común","2023_8",351,758,109,138,101,222,1089,187,119,76,1936,131,1004,1394,319,237,6494,130,607,186,185,430,171,359,40,256,681,153,11,446,19,142
"Seguridad","Otros delitos del Fuero Común","2023_9",325,874,89,82,84,232,945,192,97,71,1928,98,1022,1384,339,207,6658,98,540,166,200,361,171,362,58,206,685,158,20,423,21,162
"Seguridad","Otros delitos del Fuero Común","2023_10",259,888,84,98,50,189,977,153,106,41,1839,86,940,1568,312,170,7022,126,562,146,202,362,167,367,50,199,692,170,16,436,32,194
"Seguridad","Otros delitos del Fuero Común","2023_11",250,866,85,78,59,219,778,125,99,40,1682,127,1112,1268,296,150,6618,108,566,143,203,349,185,279,53,182,617,156,7,374,36,276
"Seguridad","Otros delitos del Fuero Común","2023_12",316,711,91,78,50,208,760,199,87,39,1569,75,1042,1034,301,151,6734,97,398,147,196,312,153,279,32,144,660,143,14,389,62,117
"Seguridad","Otros delitos del Fuero Común","2024_1",287,790,81,80,85,182,1000,150,125,66,1772,99,945,1200,382,166,6945,100,441,112,216,370,172,312,61,173,655,133,13,393,34,151
"Seguridad","Otros delitos del Fuero Común","2024_2",405,821,91,84,75,159,860,225,101,57,1704,83,968,1202,297,155,6739,108,511,107,207,334,163,331,45,216,632,151,20,320,25,183
"Seguridad","Otros delitos del Fuero Común","2024_3",413,851,101,92,67,159,922,168,102,38,1721,70,1158,1293,333,172,7155,104,495,154,231,367,151,279,46,198,697,149,8,307,12,172
"Seguridad","Otros delitos del Fuero Común","2024_4",371,817,77,88,78,198,1054,206,118,58,1833,80,1113,1340,367,198,3017,98,622,165,219,345,177,294,48,204,735,154,9,346,61,199
"Seguridad","Otros delitos del Fuero Común","2024_5",404,772,102,114,67,207,944,222,121,72,1954,95,1134,1313,415,213,4328,104,540,176,248,351,197,272,58,134,846,225,9,308,24,205
"Seguridad","Otros delitos del Fuero Común","2024_6",351,720,89,108,68,222,914,176,119,60,1722,90,980,1227,312,176,6822,122,497,163,210,362,144,256,52,154,759,150,7,317,26,181
"Seguridad","Otros delitos del Fuero Común","2024_7",408,764,89,47,70,188,956,203,106,37,1802,80,1242,1311,313,191,5566,119,536,170,234,383,193,250,37,173,729,150,5,298,14,188
"Seguridad","Otros delitos del Fuero Común","2024_8",387,658,110,29,75,204,907,251,134,76,1695,87,1232,1226,292,186,7255,108,511,163,205,398,200,296,48,177,687,177,9,308,24,152
"Seguridad","Otros delitos del Fuero Común","2024_9",360,569,125,26,40,190,802,200,126,69,1647,80,1641,1067,328,210,5295,112,607,205,199,347,182,261,76,194,743,144,17,326,55,148
"Seguridad","Otros delitos del Fuero Común","2024_10",364,602,95,25,67,197,807,229,152,41,1835,86,1221,1118,318,215,6427,148,582,90,229,366,157,335,88,230,737,189,12,332,33,203
"Seguridad","Otros delitos del Fuero Común","2024_11",365,601,106,27,77,146,731,203,110,47,1692,78,1312,944,322,175,4556,117,449,149,180,318,181,278,79,158,712,149,22,305,26,179
"Seguridad","Otros delitos del Fuero Común","2024_12",338,545,92,18,116,150,611,205,127,32,1607,61,1825,910,345,214,2565,91,356,124,184,297,167,244,79,146,678,152,10,214,33,151
"Seguridad","Otros delitos del Fuero Común","2025_1",377,531,127,32,154,144,698,307,104,66,1851,88,1461,1073,426,193,5195,125,387,150,216,370,184,334,79,165,828,175,23,276,56,184
"Seguridad","Otros delitos del Fuero Común","2025_2",386,574,110,20,117,173,629,331,99,22,1711,87,1157,1170,372,193,5163,108,413,152,181,366,213,314,79,176,783,234,12,314,44,160
"Seguridad","Otros delitos del Fuero Común","2025_3",402,655,104,32,139,207,772,365,94,61,2141,99,1304,1241,373,228,5277,136,426,114,225,373,248,304,90,192,909,283,16,276,47,178
"Seguridad","Otros delitos del Fuero Común","2025_4",314,680,95,25,163,195,739,362,108,34,2050,118,1213,1217,404,225,9555,130,400,93,197,372,254,292,84,198,901,261,11,271,67,171
"Seguridad","Otros delitos del Fuero Común","2025_5",332,706,131,42,115,186,741,327,157,63,2158,147,415,1168,283,260,7945,116,461,127,221,375,249,293,95,168,854,271,26,303,60,97
"Seguridad","Otros delitos del Fuero Común","2025_6",350,694,121,29,40,169,686,328,182,65,2093,118,321,1089,267,244,8738,104,476,139,229,442,258,276,103,172,850,247,34,273,55,102
"Seguridad","Otros delitos del Fuero Común","2025_7",0,0,0,0,0,0,0,0,0,0,0,0,0,0,0,0,0,0,0,0,0,0,0,0,0,0,0,0,0,0,0,0
"Seguridad","Otros delitos del Fuero Común","2025_8",0,0,0,0,0,0,0,0,0,0,0,0,0,0,0,0,0,0,0,0,0,0,0,0,0,0,0,0,0,0,0,0
"Seguridad","Otros delitos del Fuero Común","2025_9",0,0,0,0,0,0,0,0,0,0,0,0,0,0,0,0,0,0,0,0,0,0,0,0,0,0,0,0,0,0,0,0
"Seguridad","Otros delitos del Fuero Común","2025_10",0,0,0,0,0,0,0,0,0,0,0,0,0,0,0,0,0,0,0,0,0,0,0,0,0,0,0,0,0,0,0,0
"Seguridad","Otros delitos del Fuero Común","2025_11",0,0,0,0,0,0,0,0,0,0,0,0,0,0,0,0,0,0,0,0,0,0,0,0,0,0,0,0,0,0,0,0
"Seguridad","Otros delitos del Fuero Común","2025_12",0,0,0,0,0,0,0,0,0,0,0,0,0,0,0,0,0,0,0,0,0,0,0,0,0,0,0,0,0,0,0,0
"Seguridad","Otros delitos que atentan contra la libertad personal","2015_1",11,39,1,0,6,41,59,0,0,8,0,21,42,39,35,2,63,0,164,0,71,3,6,16,41,9,45,124,0,12,0,9
"Seguridad","Otros delitos que atentan contra la libertad personal","2015_2",12,42,2,0,7,40,49,1,1,0,0,14,78,26,28,2,69,1,127,17,81,1,4,12,44,9,33,61,0,15,0,10
"Seguridad","Otros delitos que atentan contra la libertad personal","2015_3",11,55,2,0,4,50,53,4,2,7,0,21,42,30,12,32,106,5,169,0,74,2,2,31,60,12,43,48,0,8,0,23
"Seguridad","Otros delitos que atentan contra la libertad personal","2015_4",13,56,5,0,4,43,78,1,0,3,0,20,57,24,27,24,64,5,178,0,74,3,11,13,53,14,41,71,0,29,0,11
"Seguridad","Otros delitos que atentan contra la libertad personal","2015_5",0,75,4,1,2,48,50,1,1,2,0,38,73,32,20,1,73,3,161,19,95,1,4,24,47,11,18,62,0,27,0,15
"Seguridad","Otros delitos que atentan contra la libertad personal","2015_6",6,67,2,1,8,53,66,1,0,0,0,23,38,30,23,1,62,3,174,0,85,8,0,20,45,14,5,85,0,31,12,8
"Seguridad","Otros delitos que atentan contra la libertad personal","2015_7",4,75,3,0,2,54,59,3,1,6,0,24,69,39,21,96,85,0,206,0,89,2,0,15,43,7,0,63,0,26,17,13
"Seguridad","Otros delitos que atentan contra la libertad personal","2015_8",0,89,1,0,7,64,45,0,0,8,0,19,92,34,16,27,87,1,209,22,80,3,0,14,58,13,21,49,0,35,16,12
"Seguridad","Otros delitos que atentan contra la libertad personal","2015_9",1,72,0,0,5,71,55,0,0,7,0,13,74,52,28,27,112,0,203,0,87,2,0,22,38,13,31,66,0,41,10,12
"Seguridad","Otros delitos que atentan contra la libertad personal","2015_10",0,85,0,4,3,53,71,3,0,16,0,15,74,48,19,20,121,0,169,0,90,3,0,14,57,12,32,61,0,25,11,17
"Seguridad","Otros delitos que atentan contra la libertad personal","2015_11",0,72,2,1,3,50,51,0,0,18,0,22,106,40,26,0,105,0,178,32,82,3,0,12,45,13,37,71,0,19,10,11
"Seguridad","Otros delitos que atentan contra la libertad personal","2015_12",3,70,11,0,6,42,42,3,0,7,0,20,53,21,23,5,101,3,166,0,65,2,43,15,29,9,27,58,0,11,11,10
"Seguridad","Otros delitos que atentan contra la libertad personal","2016_1",3,41,1,0,7,44,49,6,11,9,0,19,93,32,12,19,156,0,154,14,57,3,2,16,45,11,32,50,0,16,9,13
"Seguridad","Otros delitos que atentan contra la libertad personal","2016_2",3,45,2,0,6,38,47,5,8,4,0,22,104,36,18,7,166,1,131,13,89,0,8,29,64,15,36,55,0,21,12,13
"Seguridad","Otros delitos que atentan contra la libertad personal","2016_3",2,46,4,0,5,63,54,15,11,5,0,16,104,46,15,16,190,1,168,20,65,2,12,12,58,11,36,55,0,31,13,14
"Seguridad","Otros delitos que atentan contra la libertad personal","2016_4",4,52,5,0,8,41,65,8,0,3,0,26,32,43,16,30,185,1,175,15,79,2,2,10,71,7,35,69,0,32,13,21
"Seguridad","Otros delitos que atentan contra la libertad personal","2016_5",3,55,5,0,1,44,67,3,0,11,0,25,97,43,32,28,180,0,201,11,88,1,18,12,71,8,39,0,0,14,11,24
"Seguridad","Otros delitos que atentan contra la libertad personal","2016_6",5,50,8,0,5,49,58,11,0,4,0,18,150,47,26,19,134,0,222,14,66,2,9,10,64,31,23,0,0,24,7,8
"Seguridad","Otros delitos que atentan contra la libertad personal","2016_7",0,38,5,0,6,53,60,7,0,3,0,16,78,63,21,14,121,2,257,8,33,3,4,10,47,29,34,45,0,34,4,26
"Seguridad","Otros delitos que atentan contra la libertad personal","2016_8",2,39,10,1,19,60,54,1,0,11,0,14,92,41,17,20,152,1,219,17,57,2,16,33,64,18,68,48,0,30,15,18
"Seguridad","Otros delitos que atentan contra la libertad personal","2016_9",0,82,5,0,10,46,65,0,3,4,0,20,206,39,20,15,148,0,193,12,46,1,4,49,76,17,45,56,0,29,4,27
"Seguridad","Otros delitos que atentan contra la libertad personal","2016_10",0,48,14,0,4,40,56,0,4,8,0,28,119,34,22,18,131,1,206,0,56,6,29,34,64,18,39,67,0,25,10,37
"Seguridad","Otros delitos que atentan contra la libertad personal","2016_11",0,43,7,0,11,45,66,1,6,1,0,29,148,42,22,22,125,0,192,16,59,3,26,31,61,8,56,82,0,33,33,18
"Seguridad","Otros delitos que atentan contra la libertad personal","2016_12",0,55,11,0,10,47,58,5,6,3,0,21,156,49,31,18,142,0,170,7,40,1,32,33,66,17,31,75,0,34,3,12
"Seguridad","Otros delitos que atentan contra la libertad personal","2017_1",0,43,10,0,13,46,70,0,8,5,0,11,138,44,22,21,133,0,181,18,54,8,23,63,50,19,58,82,0,51,8,21
"Seguridad","Otros delitos que atentan contra la libertad personal","2017_2",0,44,15,1,6,55,68,1,10,7,0,23,130,26,26,17,150,1,167,12,40,3,16,35,53,21,53,78,0,56,16,16
"Seguridad","Otros delitos que atentan contra la libertad personal","2017_3",4,45,20,0,4,48,60,3,12,8,0,14,131,32,28,28,180,0,201,22,51,3,59,54,74,26,60,200,0,32,4,18
"Seguridad","Otros delitos que atentan contra la libertad personal","2017_4",2,49,10,0,7,50,78,0,11,3,0,17,107,31,26,15,161,2,164,22,34,4,19,44,86,15,58,75,0,49,2,20
"Seguridad","Otros delitos que atentan contra la libertad personal","2017_5",20,56,14,0,8,51,74,0,7,8,0,25,165,54,30,25,144,2,201,8,40,0,29,26,113,22,43,108,0,60,0,36
"Seguridad","Otros delitos que atentan contra la libertad personal","2017_6",29,57,17,1,10,71,63,2,0,13,0,22,153,52,30,22,179,2,213,19,49,8,21,22,108,20,48,115,0,52,1,22
"Seguridad","Otros delitos que atentan contra la libertad personal","2017_7",26,46,22,0,8,66,81,0,10,8,0,18,156,52,35,20,207,1,237,14,48,6,25,7,78,17,57,83,0,59,5,27
"Seguridad","Otros delitos que atentan contra la libertad personal","2017_8",11,41,11,0,11,55,83,2,5,4,0,17,185,40,35,22,224,14,242,21,72,0,40,15,67,16,38,78,0,51,0,30
"Seguridad","Otros delitos que atentan contra la libertad personal","2017_9",12,49,8,0,11,53,69,0,6,8,0,21,169,53,36,25,199,45,214,15,60,1,46,33,91,12,32,55,0,77,1,34
"Seguridad","Otros delitos que atentan contra la libertad personal","2017_10",15,51,14,1,8,72,90,0,6,5,0,23,145,49,44,18,236,21,163,25,67,7,46,43,95,12,46,77,0,66,0,31
"Seguridad","Otros delitos que atentan contra la libertad personal","2017_11",17,53,18,3,8,45,86,0,5,2,0,16,169,52,37,22,191,11,168,31,75,1,41,38,105,12,33,63,20,57,1,34
"Seguridad","Otros delitos que atentan contra la libertad personal","2017_12",20,40,7,0,9,58,70,0,3,9,0,18,145,46,38,18,162,10,135,22,47,3,39,32,79,6,28,57,0,56,0,20
"Seguridad","Otros delitos que atentan contra la libertad personal","2018_1",19,48,11,1,17,50,111,0,4,19,0,14,157,39,25,19,180,30,174,19,59,1,36,30,90,20,31,51,20,63,1,19
"Seguridad","Otros delitos que atentan contra la libertad personal","2018_2",15,55,6,1,15,38,132,0,1,11,0,9,135,43,34,13,171,24,168,25,61,2,33,40,99,8,23,55,16,68,0,19
"Seguridad","Otros delitos que atentan contra la libertad personal","2018_3",6,52,20,3,18,68,128,0,5,6,0,20,166,57,32,12,209,26,186,17,56,2,31,28,106,11,44,55,7,87,0,20
"Seguridad","Otros delitos que atentan contra la libertad personal","2018_4",0,48,6,1,21,54,129,3,4,10,0,29,192,46,29,23,209,16,185,23,51,2,46,51,116,20,45,99,15,52,0,24
"Seguridad","Otros delitos que atentan contra la libertad personal","2018_5",7,43,9,0,21,63,154,3,8,29,0,24,163,45,37,17,232,13,190,12,68,1,50,40,108,11,51,92,17,60,0,32
"Seguridad","Otros delitos que atentan contra la libertad personal","2018_6",16,44,9,1,4,46,127,2,19,28,0,12,143,43,39,22,222,13,168,26,62,2,51,45,117,15,55,71,0,75,0,22
"Seguridad","Otros delitos que atentan contra la libertad personal","2018_7",0,62,4,1,13,65,143,4,26,10,0,19,157,63,49,19,202,11,200,19,55,1,50,45,118,23,46,60,0,60,1,34
"Seguridad","Otros delitos que atentan contra la libertad personal","2018_8",29,66,16,1,19,67,175,10,13,69,0,17,177,64,52,16,226,15,255,33,65,4,68,45,139,23,58,82,0,68,1,22
"Seguridad","Otros delitos que atentan contra la libertad personal","2018_9",21,64,11,0,18,44,156,2,28,58,0,20,176,40,40,15,224,22,183,17,39,4,43,38,121,26,33,60,0,68,0,22
"Seguridad","Otros delitos que atentan contra la libertad personal","2018_10",32,41,15,0,20,44,161,5,15,74,0,44,174,44,51,22,242,13,207,18,65,3,35,42,108,30,45,63,0,67,0,45
"Seguridad","Otros delitos que atentan contra la libertad personal","2018_11",0,42,12,1,17,50,142,9,11,19,0,29,179,82,58,15,258,4,166,30,51,5,44,32,89,13,43,55,0,49,0,31
"Seguridad","Otros delitos que atentan contra la libertad personal","2018_12",6,55,6,1,12,49,132,3,19,18,0,35,122,48,31,23,209,13,153,18,53,3,46,40,103,19,45,47,0,63,0,26
"Seguridad","Otros delitos que atentan contra la libertad personal","2019_1",8,47,16,2,17,66,147,2,21,16,0,42,299,81,48,15,232,9,126,17,79,3,41,48,89,24,50,54,0,60,0,26
"Seguridad","Otros delitos que atentan contra la libertad personal","2019_2",5,73,19,1,17,43,248,4,28,18,0,39,178,69,52,31,242,6,166,14,84,1,51,41,110,16,66,65,0,81,1,31
"Seguridad","Otros delitos que atentan contra la libertad personal","2019_3",30,46,21,0,14,42,197,2,19,22,0,32,159,61,46,26,228,15,141,19,80,4,65,67,104,25,51,69,0,70,2,22
"Seguridad","Otros delitos que atentan contra la libertad personal","2019_4",33,58,16,2,12,48,168,4,34,14,0,38,150,59,42,19,252,12,176,17,80,3,66,55,139,27,52,53,0,59,0,20
"Seguridad","Otros delitos que atentan contra la libertad personal","2019_5",38,60,8,1,16,54,206,3,29,23,0,32,138,71,43,14,295,9,171,16,87,10,63,59,136,27,49,55,0,63,0,30
"Seguridad","Otros delitos que atentan contra la libertad personal","2019_6",21,52,16,0,20,43,169,1,25,32,0,37,80,94,52,24,317,12,189,24,81,5,49,53,115,41,55,46,0,68,1,27
"Seguridad","Otros delitos que atentan contra la libertad personal","2019_7",26,45,18,0,18,76,167,3,35,36,0,40,98,68,36,14,298,7,181,15,38,7,66,64,147,23,71,66,0,65,0,28
"Seguridad","Otros delitos que atentan contra la libertad personal","2019_8",33,62,6,0,11,69,217,1,35,41,0,42,120,55,41,19,332,6,208,18,51,4,72,60,138,28,78,71,0,65,1,30
"Seguridad","Otros delitos que atentan contra la libertad personal","2019_9",37,81,8,0,12,64,198,4,26,44,0,50,122,39,55,25,279,4,144,20,35,7,56,51,118,25,60,51,0,59,0,27
"Seguridad","Otros delitos que atentan contra la libertad personal","2019_10",45,61,15,0,12,69,194,6,30,15,0,33,114,36,54,17,282,7,177,21,33,2,65,37,142,28,61,53,0,73,1,28
"Seguridad","Otros delitos que atentan contra la libertad personal","2019_11",20,49,13,1,10,53,167,5,31,28,0,28,182,26,55,19,272,7,165,13,19,4,50,55,120,37,38,48,0,84,1,30
"Seguridad","Otros delitos que atentan contra la libertad personal","2019_12",35,43,9,0,28,58,180,3,29,26,0,27,122,36,58,15,221,8,162,8,33,2,37,51,94,46,31,38,0,54,0,15
"Seguridad","Otros delitos que atentan contra la libertad personal","2020_1",36,44,7,4,26,54,161,3,35,55,0,30,154,93,50,14,239,6,180,22,21,4,28,42,98,26,57,35,0,68,1,25
"Seguridad","Otros delitos que atentan contra la libertad personal","2020_2",32,67,14,1,19,74,185,4,23,24,0,34,172,86,49,20,266,9,150,14,22,8,64,52,97,22,40,54,0,86,0,44
"Seguridad","Otros delitos que atentan contra la libertad personal","2020_3",57,65,15,1,12,54,178,6,42,55,0,35,187,102,43,17,238,10,156,13,26,15,73,43,105,37,39,34,2,75,0,40
"Seguridad","Otros delitos que atentan contra la libertad personal","2020_4",24,42,10,2,9,53,115,2,26,18,0,18,134,85,37,17,195,12,127,10,17,13,31,44,87,35,20,32,0,45,0,23
"Seguridad","Otros delitos que atentan contra la libertad personal","2020_5",30,45,17,3,7,61,108,5,26,22,0,25,119,68,36,13,177,14,177,16,23,7,32,43,100,32,15,31,0,40,0,19
"Seguridad","Otros delitos que atentan contra la libertad personal","2020_6",31,39,15,1,1,70,133,1,34,25,0,37,162,91,22,20,220,10,177,17,15,7,41,48,113,44,34,38,0,54,0,47
"Seguridad","Otros delitos que atentan contra la libertad personal","2020_7",33,51,15,0,14,58,145,6,28,21,0,38,154,68,38,27,219,8,180,23,20,4,47,65,118,49,55,24,2,50,1,37
"Seguridad","Otros delitos que atentan contra la libertad personal","2020_8",31,64,19,1,9,59,141,3,38,69,0,33,171,99,34,15,244,3,184,11,13,5,55,45,97,34,60,24,2,58,1,21
"Seguridad","Otros delitos que atentan contra la libertad personal","2020_9",28,45,18,0,18,60,152,6,37,24,0,41,158,82,32,20,246,1,215,12,21,12,65,62,105,67,61,40,2,51,1,29
"Seguridad","Otros delitos que atentan contra la libertad personal","2020_10",38,62,21,2,15,61,180,2,34,23,0,37,137,80,24,17,303,2,196,26,25,9,51,60,99,47,67,38,0,50,0,26
"Seguridad","Otros delitos que atentan contra la libertad personal","2020_11",49,42,23,1,34,35,157,2,35,10,0,34,144,67,18,22,187,8,153,19,19,10,71,45,83,45,48,30,0,41,0,20
"Seguridad","Otros delitos que atentan contra la libertad personal","2020_12",52,41,9,1,16,60,163,3,32,7,0,36,61,65,29,11,226,5,188,18,22,11,57,57,74,36,41,40,0,33,0,14
"Seguridad","Otros delitos que atentan contra la libertad personal","2021_1",34,37,28,1,6,48,179,2,33,12,0,31,106,60,18,20,178,11,168,16,12,7,75,48,86,47,49,35,0,42,0,32
"Seguridad","Otros delitos que atentan contra la libertad personal","2021_2",27,58,13,0,5,54,137,7,24,8,0,24,103,59,25,20,234,6,165,14,24,5,59,50,86,62,41,30,0,40,0,41
"Seguridad","Otros delitos que atentan contra la libertad personal","2021_3",30,58,33,1,14,54,182,7,28,12,0,47,129,70,45,19,311,3,201,23,25,10,79,68,94,74,52,37,0,48,1,30
"Seguridad","Otros delitos que atentan contra la libertad personal","2021_4",41,51,12,0,27,62,173,3,33,16,0,33,131,67,26,24,295,9,196,19,16,16,73,58,100,56,60,48,1,54,0,22
"Seguridad","Otros delitos que atentan contra la libertad personal","2021_5",46,52,23,0,35,54,174,4,28,21,0,23,135,68,43,25,294,3,219,9,29,15,85,67,112,59,50,43,1,52,0,28
"Seguridad","Otros delitos que atentan contra la libertad personal","2021_6",45,56,22,3,16,50,177,10,39,40,0,39,148,52,25,17,321,5,224,13,21,10,82,65,130,46,53,48,0,45,0,38
"Seguridad","Otros delitos que atentan contra la libertad personal","2021_7",30,65,15,1,13,41,181,3,28,12,0,37,130,81,24,15,336,4,262,17,25,18,79,55,120,46,54,34,0,43,0,39
"Seguridad","Otros delitos que atentan contra la libertad personal","2021_8",21,77,30,0,16,47,177,3,36,20,0,19,148,74,21,16,379,1,233,15,12,8,86,61,108,67,60,31,0,39,1,39
"Seguridad","Otros delitos que atentan contra la libertad personal","2021_9",43,64,22,1,16,45,137,4,41,10,0,21,160,94,39,16,471,4,221,23,25,9,93,49,106,55,50,19,0,37,0,43
"Seguridad","Otros delitos que atentan contra la libertad personal","2021_10",25,48,28,1,14,54,138,6,24,14,0,25,150,58,31,25,515,2,221,20,25,11,93,60,101,68,50,22,0,48,1,37
"Seguridad","Otros delitos que atentan contra la libertad personal","2021_11",28,44,11,17,17,66,161,1,22,10,0,25,187,67,28,17,490,4,191,21,18,15,71,71,102,58,33,16,0,39,1,65
"Seguridad","Otros delitos que atentan contra la libertad personal","2021_12",17,44,8,24,12,76,151,5,28,7,0,28,105,73,21,23,506,1,225,14,21,15,77,35,106,27,30,23,0,37,0,44
"Seguridad","Otros delitos que atentan contra la libertad personal","2022_1",28,35,13,25,8,85,148,2,33,8,0,27,162,60,34,11,464,6,165,23,17,14,86,39,85,35,32,5,0,36,1,47
"Seguridad","Otros delitos que atentan contra la libertad personal","2022_2",34,40,7,24,9,49,130,3,25,5,0,31,144,50,25,15,456,2,163,17,14,12,69,52,81,50,33,46,0,37,0,39
"Seguridad","Otros delitos que atentan contra la libertad personal","2022_3",25,53,9,19,17,55,148,8,41,12,0,32,160,56,27,13,562,3,201,30,19,12,87,65,97,51,31,54,0,52,0,78
"Seguridad","Otros delitos que atentan contra la libertad personal","2022_4",30,40,7,16,11,66,136,4,36,12,0,42,170,70,28,22,564,3,210,23,21,20,81,65,115,35,37,39,0,56,1,43
"Seguridad","Otros delitos que atentan contra la libertad personal","2022_5",38,113,13,14,14,81,156,3,35,13,0,52,157,70,33,21,540,3,240,37,19,22,90,76,106,58,45,48,0,56,1,40
"Seguridad","Otros delitos que atentan contra la libertad personal","2022_6",38,389,8,15,14,80,163,5,34,23,0,43,156,79,29,25,520,4,230,24,23,22,95,78,106,59,41,45,0,43,0,71
"Seguridad","Otros delitos que atentan contra la libertad personal","2022_7",31,313,4,23,12,83,168,5,25,9,0,41,122,73,20,15,554,3,220,21,18,22,77,59,71,41,35,42,0,44,0,52
"Seguridad","Otros delitos que atentan contra la libertad personal","2022_8",31,356,10,29,14,73,152,8,30,10,0,40,163,88,40,22,639,6,291,23,18,19,86,66,80,54,60,45,0,37,2,41
"Seguridad","Otros delitos que atentan contra la libertad personal","2022_9",31,322,7,22,14,83,136,3,30,18,0,26,156,101,32,13,373,8,234,24,20,25,82,72,69,56,47,43,0,59,0,31
"Seguridad","Otros delitos que atentan contra la libertad personal","2022_10",32,279,7,23,16,74,129,4,25,22,0,29,149,77,49,22,392,9,210,27,15,22,93,44,91,94,46,51,0,45,0,40
"Seguridad","Otros delitos que atentan contra la libertad personal","2022_11",30,286,18,24,17,73,125,4,29,11,0,40,147,74,23,24,428,5,212,15,23,14,83,42,97,49,46,48,0,60,1,49
"Seguridad","Otros delitos que atentan contra la libertad personal","2022_12",29,230,4,32,19,68,103,1,23,7,0,27,119,72,29,14,439,3,177,18,9,23,73,51,75,36,39,45,0,37,0,45
"Seguridad","Otros delitos que atentan contra la libertad personal","2023_1",34,287,14,18,19,67,133,18,24,4,0,41,139,95,32,19,462,3,213,15,16,19,98,54,90,41,55,42,0,156,1,57
"Seguridad","Otros delitos que atentan contra la libertad personal","2023_2",24,240,6,23,11,41,120,20,18,4,0,37,128,96,32,20,423,3,167,21,16,26,78,39,89,36,31,58,0,108,0,77
"Seguridad","Otros delitos que atentan contra la libertad personal","2023_3",37,290,7,48,17,58,144,19,36,12,0,42,165,74,25,19,510,10,194,22,22,32,100,61,118,48,39,71,0,153,2,76
"Seguridad","Otros delitos que atentan contra la libertad personal","2023_4",29,238,11,22,20,75,108,26,33,4,0,41,155,89,23,17,511,8,201,16,19,25,87,55,92,41,28,49,0,150,0,64
"Seguridad","Otros delitos que atentan contra la libertad personal","2023_5",34,330,10,29,15,49,136,13,27,11,0,43,167,75,28,19,556,2,179,21,16,22,96,58,82,56,43,80,0,147,0,63
"Seguridad","Otros delitos que atentan contra la libertad personal","2023_6",24,287,11,29,20,73,138,22,34,15,0,42,178,111,37,16,629,13,209,14,9,18,100,65,103,37,54,61,0,166,1,75
"Seguridad","Otros delitos que atentan contra la libertad personal","2023_7",24,310,8,23,12,72,127,15,32,5,0,27,123,89,24,13,596,12,193,10,19,17,87,58,107,66,43,63,0,148,2,73
"Seguridad","Otros delitos que atentan contra la libertad personal","2023_8",34,329,11,36,17,77,151,19,28,10,0,32,177,83,30,18,635,8,223,21,15,19,59,57,109,57,43,61,0,127,0,69
"Seguridad","Otros delitos que atentan contra la libertad personal","2023_9",26,341,15,25,11,84,149,32,32,6,0,40,191,105,28,21,676,7,204,23,18,27,88,52,99,41,52,44,0,158,2,77
"Seguridad","Otros delitos que atentan contra la libertad personal","2023_10",38,322,11,27,20,85,175,24,21,5,0,25,148,94,32,23,587,1,169,29,16,19,98,46,96,51,36,55,0,134,0,53
"Seguridad","Otros delitos que atentan contra la libertad personal","2023_11",36,345,13,13,15,78,114,22,32,10,0,30,172,94,26,18,619,6,167,11,23,24,85,46,86,49,31,43,0,106,0,53
"Seguridad","Otros delitos que atentan contra la libertad personal","2023_12",30,264,6,26,23,71,119,26,19,3,0,23,96,71,35,17,539,5,135,19,13,17,109,49,88,43,25,41,0,105,2,44
"Seguridad","Otros delitos que atentan contra la libertad personal","2024_1",32,266,8,26,10,64,120,18,23,4,0,28,161,69,27,22,572,8,187,19,18,25,118,54,97,36,42,53,0,126,0,67
"Seguridad","Otros delitos que atentan contra la libertad personal","2024_2",40,312,6,23,14,72,102,15,17,4,0,24,125,79,24,15,473,5,167,20,14,23,86,61,86,40,35,54,0,134,0,78
"Seguridad","Otros delitos que atentan contra la libertad personal","2024_3",32,285,7,14,28,51,120,17,15,11,0,25,164,76,43,14,494,6,162,17,17,19,118,44,107,41,37,49,0,127,0,53
"Seguridad","Otros delitos que atentan contra la libertad personal","2024_4",31,320,15,19,34,81,119,19,22,3,0,27,182,79,50,18,508,7,186,24,15,28,119,51,113,39,40,34,0,161,0,72
"Seguridad","Otros delitos que atentan contra la libertad personal","2024_5",35,303,12,28,32,80,117,35,19,11,0,28,149,92,34,9,534,4,152,21,15,36,118,70,120,35,43,65,0,152,0,48
"Seguridad","Otros delitos que atentan contra la libertad personal","2024_6",27,81,5,26,31,76,131,23,17,12,0,28,143,73,36,17,538,13,140,30,26,12,105,66,90,45,37,29,0,143,0,54
"Seguridad","Otros delitos que atentan contra la libertad personal","2024_7",28,75,8,16,26,81,108,21,32,5,0,30,134,75,26,16,568,8,158,16,15,20,107,47,127,42,41,31,0,179,0,54
"Seguridad","Otros delitos que atentan contra la libertad personal","2024_8",31,67,12,11,28,83,116,26,29,4,0,31,145,74,26,18,680,5,191,16,23,17,112,43,128,62,41,24,0,193,0,53
"Seguridad","Otros delitos que atentan contra la libertad personal","2024_9",41,76,11,8,23,77,120,16,27,6,0,27,139,89,19,19,552,9,182,20,21,28,133,46,181,62,32,28,0,172,0,41
"Seguridad","Otros delitos que atentan contra la libertad personal","2024_10",31,78,16,11,37,63,98,35,23,5,0,25,120,70,34,15,564,7,169,17,24,21,117,49,202,64,35,37,0,128,0,49
"Seguridad","Otros delitos que atentan contra la libertad personal","2024_11",25,63,18,3,29,50,107,22,25,11,0,34,141,62,34,15,495,3,155,25,14,27,105,35,188,58,31,40,0,141,0,46
"Seguridad","Otros delitos que atentan contra la libertad personal","2024_12",35,59,14,6,20,73,92,24,20,4,0,29,121,75,33,20,378,5,129,26,24,21,78,44,160,45,26,31,0,115,0,45
"Seguridad","Otros delitos que atentan contra la libertad personal","2025_1",26,70,8,8,27,72,103,24,16,4,0,28,125,72,27,13,513,3,137,14,15,21,101,40,176,62,22,29,0,158,0,56
"Seguridad","Otros delitos que atentan contra la libertad personal","2025_2",28,68,7,8,11,77,120,24,17,4,0,22,112,71,27,7,486,4,121,19,29,16,110,37,109,61,33,41,0,133,0,40
"Seguridad","Otros delitos que atentan contra la libertad personal","2025_3",26,62,13,10,17,83,115,41,16,11,0,36,156,64,35,40,484,7,136,15,23,16,112,51,167,61,33,44,0,145,0,54
"Seguridad","Otros delitos que atentan contra la libertad personal","2025_4",25,58,10,11,4,68,110,33,23,2,0,23,149,64,31,40,407,8,141,19,19,20,118,37,174,55,31,38,0,153,0,46
"Seguridad","Otros delitos que atentan contra la libertad personal","2025_5",31,80,19,8,8,79,115,21,27,11,0,19,119,58,118,63,419,4,171,18,24,17,121,43,167,65,22,43,0,162,0,54
"Seguridad","Otros delitos que atentan contra la libertad personal","2025_6",20,62,16,8,6,74,91,28,20,8,0,23,165,40,126,42,320,8,171,23,19,12,124,37,134,53,31,35,0,123,0,43
"Seguridad","Otros delitos que atentan contra la libertad personal","2025_7",0,0,0,0,0,0,0,0,0,0,0,0,0,0,0,0,0,0,0,0,0,0,0,0,0,0,0,0,0,0,0,0
"Seguridad","Otros delitos que atentan contra la libertad personal","2025_8",0,0,0,0,0,0,0,0,0,0,0,0,0,0,0,0,0,0,0,0,0,0,0,0,0,0,0,0,0,0,0,0
"Seguridad","Otros delitos que atentan contra la libertad personal","2025_9",0,0,0,0,0,0,0,0,0,0,0,0,0,0,0,0,0,0,0,0,0,0,0,0,0,0,0,0,0,0,0,0
"Seguridad","Otros delitos que atentan contra la libertad personal","2025_10",0,0,0,0,0,0,0,0,0,0,0,0,0,0,0,0,0,0,0,0,0,0,0,0,0,0,0,0,0,0,0,0
"Seguridad","Otros delitos que atentan contra la libertad personal","2025_11",0,0,0,0,0,0,0,0,0,0,0,0,0,0,0,0,0,0,0,0,0,0,0,0,0,0,0,0,0,0,0,0
"Seguridad","Otros delitos que atentan contra la libertad personal","2025_12",0,0,0,0,0,0,0,0,0,0,0,0,0,0,0,0,0,0,0,0,0,0,0,0,0,0,0,0,0,0,0,0
"Seguridad","Otros delitos que atentan contra la libertad y la seguridad sexual","2015_1",19,25,10,2,4,6,1,5,0,47,0,9,8,9,4,9,150,8,21,0,49,7,0,1,11,3,18,26,0,30,3,8
"Seguridad","Otros delitos que atentan contra la libertad y la seguridad sexual","2015_2",17,27,14,1,6,11,1,5,0,33,0,6,6,19,11,13,106,5,25,7,62,1,0,4,2,3,20,34,0,37,1,14
"Seguridad","Otros delitos que atentan contra la libertad y la seguridad sexual","2015_3",21,27,10,0,7,7,1,3,1,32,0,7,1,10,2,7,107,8,27,0,63,7,0,9,10,9,26,50,0,30,3,17
"Seguridad","Otros delitos que atentan contra la libertad y la seguridad sexual","2015_4",20,24,4,0,4,14,1,6,2,42,0,11,10,14,3,10,92,6,48,0,83,4,0,2,5,3,27,31,1,37,3,14
"Seguridad","Otros delitos que atentan contra la libertad y la seguridad sexual","2015_5",30,25,5,0,4,14,0,5,0,17,0,6,24,22,1,12,90,16,41,5,58,6,6,1,5,7,16,49,0,40,2,12
"Seguridad","Otros delitos que atentan contra la libertad y la seguridad sexual","2015_6",31,26,1,2,1,8,1,4,1,14,0,15,4,9,4,12,72,21,25,0,77,6,0,4,7,7,9,47,0,36,0,12
"Seguridad","Otros delitos que atentan contra la libertad y la seguridad sexual","2015_7",24,29,7,0,3,6,0,3,0,9,0,7,9,5,1,6,12,17,42,0,49,2,0,2,5,7,0,31,0,28,1,19
"Seguridad","Otros delitos que atentan contra la libertad y la seguridad sexual","2015_8",21,25,5,2,7,9,0,7,1,25,0,6,4,14,4,12,11,17,28,3,69,2,0,5,8,6,7,28,1,21,0,17
"Seguridad","Otros delitos que atentan contra la libertad y la seguridad sexual","2015_9",17,36,3,1,2,11,2,3,0,14,0,5,4,13,2,8,10,2,45,0,70,4,0,3,5,4,14,36,0,27,1,19
"Seguridad","Otros delitos que atentan contra la libertad y la seguridad sexual","2015_10",19,29,2,1,6,4,0,6,0,13,0,7,7,17,3,12,7,10,32,0,59,4,0,4,7,6,5,44,0,22,1,13
"Seguridad","Otros delitos que atentan contra la libertad y la seguridad sexual","2015_11",17,24,4,0,4,4,1,1,0,13,0,6,3,13,3,9,11,6,36,9,59,6,0,3,1,8,11,20,0,20,3,9
"Seguridad","Otros delitos que atentan contra la libertad y la seguridad sexual","2015_12",16,9,3,0,4,6,0,5,0,10,0,3,1,12,0,2,8,5,23,0,36,4,0,2,4,5,18,17,0,21,0,9
"Seguridad","Otros delitos que atentan contra la libertad y la seguridad sexual","2016_1",18,16,5,0,5,6,1,7,4,13,0,3,10,20,5,7,9,10,24,7,34,3,1,3,3,4,12,24,0,21,0,6
"Seguridad","Otros delitos que atentan contra la libertad y la seguridad sexual","2016_2",17,31,2,0,2,10,3,3,3,5,0,8,5,13,4,15,4,7,26,5,47,4,0,2,5,17,16,29,0,33,2,11
"Seguridad","Otros delitos que atentan contra la libertad y la seguridad sexual","2016_3",11,21,5,0,5,3,0,4,4,18,0,7,6,17,5,7,9,8,39,10,45,4,2,6,5,9,24,49,0,27,1,13
"Seguridad","Otros delitos que atentan contra la libertad y la seguridad sexual","2016_4",34,20,7,4,5,9,2,6,11,13,0,7,3,0,4,13,11,6,44,12,60,2,3,7,6,12,38,54,0,29,1,14
"Seguridad","Otros delitos que atentan contra la libertad y la seguridad sexual","2016_5",24,29,8,5,4,10,1,11,7,16,0,8,4,21,1,9,8,6,49,13,66,9,3,6,7,11,42,31,0,20,1,23
"Seguridad","Otros delitos que atentan contra la libertad y la seguridad sexual","2016_6",25,20,6,6,8,5,2,16,0,12,0,8,5,17,3,8,11,6,39,12,45,1,1,3,7,26,34,46,0,22,1,17
"Seguridad","Otros delitos que atentan contra la libertad y la seguridad sexual","2016_7",16,28,2,6,7,6,2,7,1,29,0,7,1,29,3,11,11,7,40,14,44,5,3,1,9,12,42,32,1,28,0,16
"Seguridad","Otros delitos que atentan contra la libertad y la seguridad sexual","2016_8",20,18,5,3,7,0,1,8,0,22,0,4,2,15,3,9,7,5,35,10,40,8,0,5,4,0,28,16,0,30,4,15
"Seguridad","Otros delitos que atentan contra la libertad y la seguridad sexual","2016_9",24,18,3,2,3,7,1,6,0,12,0,10,3,22,3,14,7,9,36,7,37,1,3,5,2,6,28,12,0,25,1,10
"Seguridad","Otros delitos que atentan contra la libertad y la seguridad sexual","2016_10",20,31,1,4,2,9,1,2,2,9,0,9,4,36,0,13,7,1,36,0,65,2,4,3,8,1,38,11,0,40,6,1
"Seguridad","Otros delitos que atentan contra la libertad y la seguridad sexual","2016_11",18,27,1,0,5,5,1,4,0,30,0,2,7,13,0,6,11,4,38,9,52,2,4,2,4,6,33,12,0,44,0,1
"Seguridad","Otros delitos que atentan contra la libertad y la seguridad sexual","2016_12",17,17,0,6,3,1,0,2,0,3,0,7,3,23,2,7,4,1,18,10,20,4,11,4,3,4,28,9,0,39,2,1
"Seguridad","Otros delitos que atentan contra la libertad y la seguridad sexual","2017_1",17,15,2,2,7,1,1,6,2,4,0,7,1,17,2,5,3,7,22,1,37,1,0,7,3,5,42,13,0,103,2,0
"Seguridad","Otros delitos que atentan contra la libertad y la seguridad sexual","2017_2",21,22,1,2,7,9,1,1,5,3,0,3,1,13,1,12,5,6,23,3,40,4,1,10,1,2,27,7,0,105,1,2
"Seguridad","Otros delitos que atentan contra la libertad y la seguridad sexual","2017_3",22,14,1,6,7,7,2,13,2,27,0,7,5,14,6,10,9,5,32,7,38,5,5,5,4,3,27,7,0,125,2,2
"Seguridad","Otros delitos que atentan contra la libertad y la seguridad sexual","2017_4",19,19,0,1,9,5,1,5,9,6,0,9,6,18,2,8,9,3,23,5,41,2,10,6,3,6,36,18,0,98,1,1
"Seguridad","Otros delitos que atentan contra la libertad y la seguridad sexual","2017_5",30,16,2,0,23,5,1,8,8,15,0,7,2,22,4,7,9,8,27,4,45,6,3,8,2,2,53,12,0,108,2,1
"Seguridad","Otros delitos que atentan contra la libertad y la seguridad sexual","2017_6",33,31,6,2,22,8,0,12,4,11,0,9,3,24,3,6,10,4,41,8,45,1,2,6,5,5,47,15,0,107,1,1
"Seguridad","Otros delitos que atentan contra la libertad y la seguridad sexual","2017_7",27,28,3,1,37,1,1,4,6,18,0,3,3,12,4,6,8,0,30,19,40,7,5,6,5,3,45,11,0,106,3,2
"Seguridad","Otros delitos que atentan contra la libertad y la seguridad sexual","2017_8",9,18,1,2,39,4,0,7,9,18,0,8,6,16,4,11,7,5,39,6,38,7,3,10,5,3,30,12,0,97,2,5
"Seguridad","Otros delitos que atentan contra la libertad y la seguridad sexual","2017_9",34,33,7,3,35,9,2,5,7,5,0,8,4,11,2,8,5,2,29,4,41,2,2,2,3,3,39,7,0,96,3,4
"Seguridad","Otros delitos que atentan contra la libertad y la seguridad sexual","2017_10",32,27,3,0,51,4,0,4,0,12,0,2,7,13,4,14,12,10,31,11,49,3,3,6,4,7,33,8,0,98,3,1
"Seguridad","Otros delitos que atentan contra la libertad y la seguridad sexual","2017_11",29,21,0,2,40,9,1,7,2,21,0,6,3,12,3,5,4,9,21,7,51,6,6,7,2,2,34,5,1,83,2,5
"Seguridad","Otros delitos que atentan contra la libertad y la seguridad sexual","2017_12",10,18,0,2,29,8,2,2,0,20,0,3,5,8,3,11,8,0,23,4,38,3,4,2,2,2,42,5,0,39,3,1
"Seguridad","Otros delitos que atentan contra la libertad y la seguridad sexual","2018_1",13,14,6,0,24,10,3,3,0,8,0,3,6,12,5,7,16,9,29,13,40,4,3,2,2,4,32,13,1,98,0,4
"Seguridad","Otros delitos que atentan contra la libertad y la seguridad sexual","2018_2",23,12,4,2,35,13,3,1,4,2,0,4,5,5,2,4,6,8,38,6,9,7,5,5,7,5,39,12,0,118,2,5
"Seguridad","Otros delitos que atentan contra la libertad y la seguridad sexual","2018_3",29,13,4,0,29,22,1,2,8,3,0,8,10,12,1,8,9,6,44,17,9,2,2,5,8,6,36,12,1,98,1,1
"Seguridad","Otros delitos que atentan contra la libertad y la seguridad sexual","2018_4",37,15,2,1,39,23,2,5,9,3,0,2,6,10,4,7,11,8,38,7,8,3,5,5,5,4,48,8,0,132,0,2
"Seguridad","Otros delitos que atentan contra la libertad y la seguridad sexual","2018_5",42,20,0,2,54,18,4,7,11,10,0,2,10,25,4,11,7,8,42,4,10,2,4,4,6,4,45,12,0,143,0,4
"Seguridad","Otros delitos que atentan contra la libertad y la seguridad sexual","2018_6",33,33,3,0,45,19,2,5,3,14,0,0,5,10,3,9,17,8,41,8,19,1,1,2,5,5,48,7,0,126,0,4
"Seguridad","Otros delitos que atentan contra la libertad y la seguridad sexual","2018_7",31,35,1,1,37,19,3,6,4,5,0,1,10,11,2,7,8,2,48,7,14,2,3,7,4,2,38,3,0,101,0,1
"Seguridad","Otros delitos que atentan contra la libertad y la seguridad sexual","2018_8",28,25,2,1,40,14,5,4,8,7,0,3,7,11,3,9,8,11,32,6,7,2,0,3,6,4,31,17,0,82,0,1
"Seguridad","Otros delitos que atentan contra la libertad y la seguridad sexual","2018_9",25,26,2,2,44,16,5,5,7,4,0,0,13,9,6,4,5,4,43,10,9,3,8,4,3,2,37,10,0,81,0,0
"Seguridad","Otros delitos que atentan contra la libertad y la seguridad sexual","2018_10",29,35,6,0,56,28,6,4,5,6,0,0,4,11,5,9,11,8,26,9,6,2,2,11,2,2,43,15,0,83,0,2
"Seguridad","Otros delitos que atentan contra la libertad y la seguridad sexual","2018_11",32,17,9,0,47,20,1,3,0,7,0,0,6,12,3,9,7,5,32,7,6,0,7,0,2,2,30,8,0,40,0,1
"Seguridad","Otros delitos que atentan contra la libertad y la seguridad sexual","2018_12",20,18,3,2,46,15,3,0,0,1,0,0,4,18,3,4,5,4,26,10,36,1,1,4,1,3,25,10,0,17,0,3
"Seguridad","Otros delitos que atentan contra la libertad y la seguridad sexual","2019_1",25,10,6,2,53,20,6,3,0,2,0,0,13,13,4,3,9,12,21,3,9,3,44,7,3,4,46,11,0,114,0,4
"Seguridad","Otros delitos que atentan contra la libertad y la seguridad sexual","2019_2",24,17,7,0,48,21,5,5,1,5,0,0,2,12,6,5,14,11,45,8,13,4,28,4,2,4,43,8,0,132,0,2
"Seguridad","Otros delitos que atentan contra la libertad y la seguridad sexual","2019_3",33,30,5,3,55,13,3,1,0,5,0,0,4,16,2,7,10,18,28,4,21,6,34,4,2,6,58,8,0,109,0,2
"Seguridad","Otros delitos que atentan contra la libertad y la seguridad sexual","2019_4",38,26,3,1,61,20,2,3,2,11,0,0,6,14,2,9,6,5,30,1,20,4,30,5,7,5,53,6,0,109,0,0
"Seguridad","Otros delitos que atentan contra la libertad y la seguridad sexual","2019_5",30,23,0,0,49,23,7,1,4,5,0,0,10,13,7,5,7,7,38,3,10,6,39,10,2,5,47,0,0,130,1,0
"Seguridad","Otros delitos que atentan contra la libertad y la seguridad sexual","2019_6",32,31,6,1,68,25,5,2,0,7,0,0,6,14,5,5,10,3,44,2,31,3,44,14,4,3,65,21,0,121,0,2
"Seguridad","Otros delitos que atentan contra la libertad y la seguridad sexual","2019_7",35,19,6,0,57,21,8,3,2,8,0,0,6,12,5,5,8,3,21,1,22,5,40,12,1,2,39,14,0,108,0,2
"Seguridad","Otros delitos que atentan contra la libertad y la seguridad sexual","2019_8",36,18,9,0,49,24,6,2,1,8,0,0,3,26,5,7,7,16,44,0,51,5,46,12,6,3,62,11,0,105,0,1
"Seguridad","Otros delitos que atentan contra la libertad y la seguridad sexual","2019_9",34,15,9,2,65,17,3,4,1,13,1,0,10,24,1,4,8,4,37,0,60,5,48,25,5,5,50,10,0,118,0,0
"Seguridad","Otros delitos que atentan contra la libertad y la seguridad sexual","2019_10",45,35,4,4,56,22,2,2,5,14,1,0,7,12,4,4,8,7,66,5,59,5,66,46,3,2,65,15,0,153,0,1
"Seguridad","Otros delitos que atentan contra la libertad y la seguridad sexual","2019_11",29,21,4,0,59,15,4,4,2,19,1,0,6,23,4,3,5,9,38,8,47,2,42,50,5,8,39,9,0,91,0,0
"Seguridad","Otros delitos que atentan contra la libertad y la seguridad sexual","2019_12",30,19,3,3,51,20,0,0,0,35,1,0,7,15,4,3,2,2,52,12,35,3,2,47,6,7,56,3,0,94,0,1
"Seguridad","Otros delitos que atentan contra la libertad y la seguridad sexual","2020_1",29,21,11,2,57,21,6,1,2,38,1,0,3,17,6,8,9,2,38,1,46,6,20,24,5,1,62,9,0,67,0,5
"Seguridad","Otros delitos que atentan contra la libertad y la seguridad sexual","2020_2",45,16,10,2,65,22,51,3,2,16,1,0,2,35,7,12,9,21,58,2,49,7,12,14,6,4,42,8,0,117,1,4
"Seguridad","Otros delitos que atentan contra la libertad y la seguridad sexual","2020_3",46,22,8,0,80,34,77,2,4,58,2,0,8,38,8,2,8,12,73,3,46,2,9,13,0,5,68,10,0,136,1,12
"Seguridad","Otros delitos que atentan contra la libertad y la seguridad sexual","2020_4",22,12,2,1,33,28,40,0,4,15,0,0,1,13,3,6,8,9,48,0,58,5,4,15,4,4,27,6,0,100,0,11
"Seguridad","Otros delitos que atentan contra la libertad y la seguridad sexual","2020_5",17,14,9,1,43,28,51,2,5,4,4,0,1,34,12,8,12,11,68,3,58,4,8,38,2,11,30,7,0,111,0,8
"Seguridad","Otros delitos que atentan contra la libertad y la seguridad sexual","2020_6",32,19,10,1,36,41,61,2,5,11,3,0,1,29,9,7,6,7,64,2,56,4,19,38,0,6,47,7,0,100,0,9
"Seguridad","Otros delitos que atentan contra la libertad y la seguridad sexual","2020_7",39,22,6,3,56,26,61,3,5,21,4,0,4,34,16,7,9,8,59,4,71,7,17,29,4,11,44,11,0,104,0,6
"Seguridad","Otros delitos que atentan contra la libertad y la seguridad sexual","2020_8",45,25,6,1,52,30,74,3,0,15,3,0,4,18,7,4,3,15,69,1,69,2,23,27,2,3,42,16,0,104,0,7
"Seguridad","Otros delitos que atentan contra la libertad y la seguridad sexual","2020_9",34,25,11,3,66,36,79,3,5,13,4,0,5,33,23,7,9,11,61,2,67,4,22,14,1,13,57,8,1,134,0,5
"Seguridad","Otros delitos que atentan contra la libertad y la seguridad sexual","2020_10",40,24,3,4,78,28,88,4,1,24,1,0,5,26,12,4,8,18,79,2,96,4,23,28,4,4,47,19,0,129,0,11
"Seguridad","Otros delitos que atentan contra la libertad y la seguridad sexual","2020_11",31,11,10,2,58,16,91,4,2,17,2,0,4,32,16,4,11,13,76,5,74,4,32,40,2,8,43,10,1,120,0,11
"Seguridad","Otros delitos que atentan contra la libertad y la seguridad sexual","2020_12",25,12,6,0,57,27,93,4,16,17,0,0,4,26,10,5,5,4,68,4,76,5,37,15,3,4,38,5,0,121,0,8
"Seguridad","Otros delitos que atentan contra la libertad y la seguridad sexual","2021_1",37,20,4,1,60,29,106,6,4,23,1,0,3,33,18,2,6,11,62,4,68,5,34,41,3,8,31,5,0,105,0,9
"Seguridad","Otros delitos que atentan contra la libertad y la seguridad sexual","2021_2",27,4,7,0,55,38,118,7,1,13,2,0,0,58,17,5,8,11,67,4,69,3,25,30,5,6,55,3,1,132,0,7
"Seguridad","Otros delitos que atentan contra la libertad y la seguridad sexual","2021_3",62,27,12,0,64,32,114,7,5,22,2,0,5,82,20,5,4,12,78,3,132,6,38,24,1,9,79,8,4,135,0,12
"Seguridad","Otros delitos que atentan contra la libertad y la seguridad sexual","2021_4",41,16,4,2,68,26,162,3,3,32,3,0,4,114,23,6,8,9,66,2,127,5,40,15,3,11,67,8,0,134,0,21
"Seguridad","Otros delitos que atentan contra la libertad y la seguridad sexual","2021_5",48,25,9,1,59,27,157,7,16,18,2,0,1,116,33,6,6,5,86,1,111,4,34,28,4,19,75,8,2,137,0,15
"Seguridad","Otros delitos que atentan contra la libertad y la seguridad sexual","2021_6",49,25,4,1,72,29,121,8,11,41,3,0,21,112,31,5,15,10,68,3,103,4,40,30,7,8,57,4,1,153,0,14
"Seguridad","Otros delitos que atentan contra la libertad y la seguridad sexual","2021_7",31,44,8,2,62,33,138,4,2,19,1,0,18,114,12,7,11,11,70,1,89,3,32,24,4,5,47,5,1,113,0,10
"Seguridad","Otros delitos que atentan contra la libertad y la seguridad sexual","2021_8",46,38,12,2,54,43,152,4,0,24,2,0,21,78,10,7,16,11,71,2,102,7,41,11,3,4,66,3,1,118,0,10
"Seguridad","Otros delitos que atentan contra la libertad y la seguridad sexual","2021_9",43,46,4,1,64,30,143,5,3,25,4,0,23,112,27,8,9,6,58,2,68,4,66,46,6,6,47,5,4,128,0,14
"Seguridad","Otros delitos que atentan contra la libertad y la seguridad sexual","2021_10",51,25,6,1,69,35,153,6,2,30,2,0,26,115,16,4,7,13,87,1,85,3,46,13,1,14,79,4,0,136,0,12
"Seguridad","Otros delitos que atentan contra la libertad y la seguridad sexual","2021_11",34,34,12,7,59,28,155,2,1,25,1,0,21,129,18,9,9,10,58,9,76,4,42,20,4,9,55,5,0,99,0,13
"Seguridad","Otros delitos que atentan contra la libertad y la seguridad sexual","2021_12",37,20,11,7,68,25,122,2,1,25,2,0,16,151,25,5,2,7,64,11,103,3,45,12,7,3,44,2,0,109,0,7
"Seguridad","Otros delitos que atentan contra la libertad y la seguridad sexual","2022_1",31,24,8,3,50,52,132,2,1,21,3,0,22,178,34,6,6,10,53,3,87,3,34,4,9,4,48,3,0,105,0,4
"Seguridad","Otros delitos que atentan contra la libertad y la seguridad sexual","2022_2",42,15,7,4,40,30,145,14,3,24,1,0,15,148,21,4,7,6,63,1,81,6,36,13,4,8,44,6,1,105,0,9
"Seguridad","Otros delitos que atentan contra la libertad y la seguridad sexual","2022_3",60,27,21,8,66,42,193,9,4,33,3,0,28,164,35,9,17,8,90,3,118,2,45,3,7,4,73,4,5,144,0,9
"Seguridad","Otros delitos que atentan contra la libertad y la seguridad sexual","2022_4",50,30,22,6,50,41,184,2,2,25,2,0,35,146,17,5,10,21,81,2,98,3,41,4,7,7,61,5,1,150,0,10
"Seguridad","Otros delitos que atentan contra la libertad y la seguridad sexual","2022_5",65,40,15,5,79,45,181,11,7,43,5,0,35,178,29,8,13,23,83,3,90,3,50,18,10,6,57,6,1,172,0,10
"Seguridad","Otros delitos que atentan contra la libertad y la seguridad sexual","2022_6",69,31,6,5,72,34,145,7,11,36,6,0,34,123,29,4,6,20,78,1,113,2,51,12,7,9,66,6,1,140,0,8
"Seguridad","Otros delitos que atentan contra la libertad y la seguridad sexual","2022_7",56,42,9,5,58,31,152,5,1,17,1,0,23,123,9,2,6,11,82,0,88,2,41,4,3,4,43,14,1,109,0,11
"Seguridad","Otros delitos que atentan contra la libertad y la seguridad sexual","2022_8",44,40,19,5,58,41,172,2,3,32,0,0,42,112,26,5,10,18,84,4,91,4,54,19,7,9,56,22,0,131,1,21
"Seguridad","Otros delitos que atentan contra la libertad y la seguridad sexual","2022_9",54,47,16,4,57,31,129,3,1,17,3,0,26,113,24,7,16,36,70,5,73,4,49,22,7,13,44,13,1,98,0,23
"Seguridad","Otros delitos que atentan contra la libertad y la seguridad sexual","2022_10",46,43,20,5,60,29,154,5,10,29,4,0,18,108,22,4,13,38,75,4,78,3,42,13,7,4,62,14,0,112,0,13
"Seguridad","Otros delitos que atentan contra la libertad y la seguridad sexual","2022_11",34,31,22,4,46,34,147,6,3,19,2,0,39,116,23,3,5,31,84,2,88,3,38,11,12,11,46,9,0,95,0,15
"Seguridad","Otros delitos que atentan contra la libertad y la seguridad sexual","2022_12",33,18,8,3,41,29,134,7,1,16,3,0,19,93,15,2,6,13,56,2,59,0,43,5,3,6,74,8,0,76,0,7
"Seguridad","Otros delitos que atentan contra la libertad y la seguridad sexual","2023_1",42,29,7,3,54,40,130,3,12,13,1,1,25,99,28,3,5,26,67,1,76,6,53,18,11,6,74,19,0,103,0,19
"Seguridad","Otros delitos que atentan contra la libertad y la seguridad sexual","2023_2",50,32,4,7,60,21,146,8,2,19,1,0,22,100,24,4,7,16,67,1,82,2,42,10,9,11,53,20,0,119,0,20
"Seguridad","Otros delitos que atentan contra la libertad y la seguridad sexual","2023_3",60,44,16,6,54,39,184,5,4,33,1,0,33,143,28,6,12,4,82,3,149,5,52,24,10,9,84,14,0,122,2,16
"Seguridad","Otros delitos que atentan contra la libertad y la seguridad sexual","2023_4",58,48,21,3,45,43,155,6,7,22,5,1,26,124,25,3,14,2,79,1,109,4,42,18,9,7,51,16,0,104,0,11
"Seguridad","Otros delitos que atentan contra la libertad y la seguridad sexual","2023_5",67,94,14,5,58,53,189,7,2,32,4,0,36,110,28,1,8,1,61,3,129,1,48,9,6,12,54,23,0,151,0,16
"Seguridad","Otros delitos que atentan contra la libertad y la seguridad sexual","2023_6",75,111,14,3,48,42,150,8,6,35,4,0,42,124,37,4,10,5,93,2,130,3,30,68,4,8,65,20,0,176,0,18
"Seguridad","Otros delitos que atentan contra la libertad y la seguridad sexual","2023_7",51,122,20,3,53,41,167,4,1,17,5,1,39,127,27,2,11,3,72,0,101,7,36,39,7,9,56,9,0,132,0,12
"Seguridad","Otros delitos que atentan contra la libertad y la seguridad sexual","2023_8",42,93,16,5,50,41,149,9,3,15,1,1,31,110,27,8,8,2,84,2,102,5,35,32,10,14,68,2,0,159,0,3
"Seguridad","Otros delitos que atentan contra la libertad y la seguridad sexual","2023_9",61,102,7,7,37,39,164,8,6,16,1,0,37,115,32,6,9,5,79,4,123,6,65,56,7,13,56,17,0,123,0,11
"Seguridad","Otros delitos que atentan contra la libertad y la seguridad sexual","2023_10",39,101,21,1,43,55,150,7,4,25,4,0,30,114,30,6,10,3,68,1,128,5,47,45,8,14,64,31,0,117,0,18
"Seguridad","Otros delitos que atentan contra la libertad y la seguridad sexual","2023_11",54,80,11,2,48,31,159,5,3,19,0,0,30,100,26,6,5,4,76,4,93,1,43,5,9,5,51,17,0,95,1,15
"Seguridad","Otros delitos que atentan contra la libertad y la seguridad sexual","2023_12",36,63,9,4,21,33,124,7,1,16,3,0,18,85,17,5,1,8,64,3,64,4,28,33,7,6,32,8,0,88,0,11
"Seguridad","Otros delitos que atentan contra la libertad y la seguridad sexual","2024_1",45,97,15,2,38,52,138,3,5,12,0,0,37,119,29,2,10,3,74,3,87,6,35,51,10,9,57,21,0,114,0,17
"Seguridad","Otros delitos que atentan contra la libertad y la seguridad sexual","2024_2",41,87,18,1,47,34,142,9,1,18,4,0,26,102,29,4,6,7,62,0,99,7,28,29,13,9,46,12,0,128,0,16
"Seguridad","Otros delitos que atentan contra la libertad y la seguridad sexual","2024_3",49,71,23,2,38,33,154,6,2,33,4,0,23,115,26,6,4,4,69,2,105,9,50,9,10,3,52,20,1,147,0,19
"Seguridad","Otros delitos que atentan contra la libertad y la seguridad sexual","2024_4",50,82,29,0,60,37,152,8,5,22,3,0,46,107,31,3,5,2,63,5,75,6,37,33,16,10,41,18,0,135,0,22
"Seguridad","Otros delitos que atentan contra la libertad y la seguridad sexual","2024_5",55,84,19,5,29,48,191,13,8,31,1,1,29,123,31,9,5,2,62,4,70,4,46,28,16,10,52,23,0,149,0,15
"Seguridad","Otros delitos que atentan contra la libertad y la seguridad sexual","2024_6",44,64,20,2,31,39,156,5,1,34,1,0,32,115,31,11,3,7,79,2,107,7,43,33,11,12,42,16,0,120,1,25
"Seguridad","Otros delitos que atentan contra la libertad y la seguridad sexual","2024_7",49,74,20,2,36,36,145,6,3,17,3,0,20,87,20,5,6,6,76,0,139,3,44,45,17,4,35,14,0,124,0,16
"Seguridad","Otros delitos que atentan contra la libertad y la seguridad sexual","2024_8",37,60,27,1,43,38,131,4,3,15,1,0,23,96,17,5,6,5,75,3,198,3,48,35,14,4,35,19,0,111,0,11
"Seguridad","Otros delitos que atentan contra la libertad y la seguridad sexual","2024_9",61,98,36,0,27,44,133,5,6,14,1,0,31,101,28,7,5,5,86,1,243,6,49,12,7,10,49,22,0,103,0,13
"Seguridad","Otros delitos que atentan contra la libertad y la seguridad sexual","2024_10",62,70,17,1,53,54,139,7,4,25,0,0,21,104,27,8,3,4,75,1,192,4,48,34,15,9,38,24,0,122,1,17
"Seguridad","Otros delitos que atentan contra la libertad y la seguridad sexual","2024_11",53,65,14,1,48,39,134,3,3,19,1,0,18,90,25,10,3,3,76,3,185,3,42,34,14,15,32,14,1,99,0,15
"Seguridad","Otros delitos que atentan contra la libertad y la seguridad sexual","2024_12",34,44,19,1,31,26,102,7,3,15,3,0,24,77,19,3,3,0,50,1,120,3,32,27,12,17,38,6,0,103,0,9
"Seguridad","Otros delitos que atentan contra la libertad y la seguridad sexual","2025_1",30,44,19,1,36,30,114,5,4,12,2,0,21,83,26,2,2,1,56,2,138,4,29,31,20,4,45,12,0,117,0,19
"Seguridad","Otros delitos que atentan contra la libertad y la seguridad sexual","2025_2",48,59,25,2,41,37,113,8,1,15,3,0,21,81,29,3,7,2,55,3,133,6,41,40,22,7,58,26,0,106,0,9
"Seguridad","Otros delitos que atentan contra la libertad y la seguridad sexual","2025_3",64,59,22,3,45,49,155,5,7,27,4,0,30,96,33,7,4,10,53,3,150,6,41,32,10,11,65,12,2,117,0,11
"Seguridad","Otros delitos que atentan contra la libertad y la seguridad sexual","2025_4",51,53,18,4,45,37,158,15,9,18,3,0,29,103,25,8,8,1,76,1,136,4,58,24,12,10,42,18,0,126,0,14
"Seguridad","Otros delitos que atentan contra la libertad y la seguridad sexual","2025_5",48,60,11,3,34,38,126,9,4,31,6,0,29,121,35,6,3,5,83,0,154,5,79,23,18,8,42,18,0,114,0,15
"Seguridad","Otros delitos que atentan contra la libertad y la seguridad sexual","2025_6",44,67,18,5,47,45,123,43,3,34,2,0,31,107,28,5,9,2,70,1,159,2,45,19,11,10,37,12,0,108,0,17
"Seguridad","Otros delitos que atentan contra la libertad y la seguridad sexual","2025_7",0,0,0,0,0,0,0,0,0,0,0,0,0,0,0,0,0,0,0,0,0,0,0,0,0,0,0,0,0,0,0,0
"Seguridad","Otros delitos que atentan contra la libertad y la seguridad sexual","2025_8",0,0,0,0,0,0,0,0,0,0,0,0,0,0,0,0,0,0,0,0,0,0,0,0,0,0,0,0,0,0,0,0
"Seguridad","Otros delitos que atentan contra la libertad y la seguridad sexual","2025_9",0,0,0,0,0,0,0,0,0,0,0,0,0,0,0,0,0,0,0,0,0,0,0,0,0,0,0,0,0,0,0,0
"Seguridad","Otros delitos que atentan contra la libertad y la seguridad sexual","2025_10",0,0,0,0,0,0,0,0,0,0,0,0,0,0,0,0,0,0,0,0,0,0,0,0,0,0,0,0,0,0,0,0
"Seguridad","Otros delitos que atentan contra la libertad y la seguridad sexual","2025_11",0,0,0,0,0,0,0,0,0,0,0,0,0,0,0,0,0,0,0,0,0,0,0,0,0,0,0,0,0,0,0,0
"Seguridad","Otros delitos que atentan contra la libertad y la seguridad sexual","2025_12",0,0,0,0,0,0,0,0,0,0,0,0,0,0,0,0,0,0,0,0,0,0,0,0,0,0,0,0,0,0,0,0
"Seguridad","Otros delitos que atentan contra la vida y la integridad corporal","2015_1",4,47,0,3,0,26,0,0,0,0,0,0,7,0,2,20,17,0,2,0,9,50,0,1,35,1,8,0,0,1,11,7
"Seguridad","Otros delitos que atentan contra la vida y la integridad corporal","2015_2",9,47,0,1,0,37,0,0,0,5,0,0,12,0,4,23,26,0,1,4,6,36,0,3,35,0,7,0,0,5,10,6
"Seguridad","Otros delitos que atentan contra la vida y la integridad corporal","2015_3",32,47,0,1,0,78,0,0,0,5,0,0,5,0,3,35,26,1,0,0,8,60,0,6,43,0,21,0,1,10,23,1
"Seguridad","Otros delitos que atentan contra la vida y la integridad corporal","2015_4",25,50,0,0,0,25,0,0,0,2,0,1,8,0,4,61,27,1,4,0,9,58,0,3,36,0,13,0,1,7,14,4
"Seguridad","Otros delitos que atentan contra la vida y la integridad corporal","2015_5",0,0,1,1,0,14,0,0,0,3,0,0,6,0,4,30,30,0,1,6,2,47,1,6,33,0,0,0,0,0,23,6
"Seguridad","Otros delitos que atentan contra la vida y la integridad corporal","2015_6",0,0,1,2,0,30,0,0,0,1,0,0,8,0,1,12,21,0,0,0,8,52,0,5,35,0,6,1,1,0,8,5
"Seguridad","Otros delitos que atentan contra la vida y la integridad corporal","2015_7",0,0,0,0,0,19,0,1,0,1,0,0,5,0,0,63,28,0,0,0,6,44,0,2,25,0,3,0,0,0,12,5
"Seguridad","Otros delitos que atentan contra la vida y la integridad corporal","2015_8",0,0,0,0,0,20,0,7,0,0,0,0,7,0,6,54,32,1,3,3,3,44,0,3,31,1,9,0,3,0,12,3
"Seguridad","Otros delitos que atentan contra la vida y la integridad corporal","2015_9",0,0,0,0,0,48,0,0,0,12,0,0,6,0,4,52,32,1,1,0,11,53,0,4,38,0,3,0,0,0,10,4
"Seguridad","Otros delitos que atentan contra la vida y la integridad corporal","2015_10",0,0,0,1,0,21,0,2,0,2,0,0,7,0,1,20,30,0,3,0,8,72,0,1,38,0,12,0,5,0,24,8
"Seguridad","Otros delitos que atentan contra la vida y la integridad corporal","2015_11",0,0,0,0,0,22,0,1,0,0,0,0,14,0,3,35,28,0,3,9,2,59,0,0,30,0,11,0,0,0,9,5
"Seguridad","Otros delitos que atentan contra la vida y la integridad corporal","2015_12",0,0,1,1,0,12,0,1,0,0,0,0,7,0,2,20,21,0,1,0,9,84,0,3,30,0,2,0,3,0,5,1
"Seguridad","Otros delitos que atentan contra la vida y la integridad corporal","2016_1",0,55,0,1,0,14,0,1,0,1,0,0,8,0,7,18,21,0,2,18,3,24,0,1,31,0,11,0,2,0,16,8
"Seguridad","Otros delitos que atentan contra la vida y la integridad corporal","2016_2",0,38,0,2,0,20,0,0,0,2,0,0,27,0,3,16,30,0,0,22,5,35,0,0,33,0,6,0,3,0,11,2
"Seguridad","Otros delitos que atentan contra la vida y la integridad corporal","2016_3",0,45,2,1,0,23,0,3,0,2,0,0,18,0,5,18,39,0,2,20,6,44,3,0,38,0,10,1,3,0,10,5
"Seguridad","Otros delitos que atentan contra la vida y la integridad corporal","2016_4",0,54,3,0,0,15,0,1,0,4,0,0,11,0,5,23,38,0,4,20,6,40,1,5,33,2,12,0,1,0,19,2
"Seguridad","Otros delitos que atentan contra la vida y la integridad corporal","2016_5",0,56,6,3,0,24,0,0,0,1,0,0,20,0,7,23,42,1,2,18,4,48,0,3,31,0,3,0,1,0,16,6
"Seguridad","Otros delitos que atentan contra la vida y la integridad corporal","2016_6",0,43,5,0,0,22,0,1,0,4,0,0,13,0,3,26,31,1,0,32,9,74,1,3,41,1,11,0,5,0,9,5
"Seguridad","Otros delitos que atentan contra la vida y la integridad corporal","2016_7",0,61,2,2,0,19,0,0,0,1,0,0,1,0,4,25,32,0,2,31,1,55,8,1,24,1,0,0,0,0,23,4
"Seguridad","Otros delitos que atentan contra la vida y la integridad corporal","2016_8",0,68,2,2,0,15,0,0,0,1,0,0,6,0,4,29,30,0,3,22,7,81,0,3,29,0,8,0,0,0,13,7
"Seguridad","Otros delitos que atentan contra la vida y la integridad corporal","2016_9",0,58,2,0,0,11,0,1,0,2,0,0,89,0,6,23,37,0,4,17,3,66,0,9,36,0,12,0,0,0,86,3
"Seguridad","Otros delitos que atentan contra la vida y la integridad corporal","2016_10",0,78,3,0,0,22,0,0,0,3,0,0,36,0,1,22,39,0,1,0,3,54,0,27,40,0,13,0,0,0,34,5
"Seguridad","Otros delitos que atentan contra la vida y la integridad corporal","2016_11",0,55,4,2,0,15,0,2,0,4,0,0,35,0,3,20,25,0,3,19,4,56,1,13,23,0,9,0,1,0,42,4
"Seguridad","Otros delitos que atentan contra la vida y la integridad corporal","2016_12",0,48,2,0,0,17,0,0,0,1,0,0,28,0,5,25,43,0,8,14,6,49,0,10,42,0,8,0,0,0,40,7
"Seguridad","Otros delitos que atentan contra la vida y la integridad corporal","2017_1",0,51,7,0,0,23,0,2,0,2,0,0,27,0,4,23,36,0,4,17,5,54,0,13,21,0,5,0,1,7,40,3
"Seguridad","Otros delitos que atentan contra la vida y la integridad corporal","2017_2",0,69,2,1,0,22,0,0,0,2,0,0,20,0,2,25,41,0,6,10,3,70,0,7,16,0,15,0,2,4,35,4
"Seguridad","Otros delitos que atentan contra la vida y la integridad corporal","2017_3",0,64,9,0,0,18,0,0,0,2,0,0,25,0,2,22,46,0,5,17,10,69,0,10,25,0,34,0,0,6,40,6
"Seguridad","Otros delitos que atentan contra la vida y la integridad corporal","2017_4",8,70,5,0,0,13,0,0,0,1,0,0,26,0,1,20,43,0,4,24,4,67,0,17,31,1,42,0,0,0,58,4
"Seguridad","Otros delitos que atentan contra la vida y la integridad corporal","2017_5",11,80,7,1,21,26,0,2,1,1,0,1,10,0,4,18,70,1,6,10,6,61,0,6,44,2,26,0,2,4,54,11
"Seguridad","Otros delitos que atentan contra la vida y la integridad corporal","2017_6",0,80,3,3,16,24,0,5,0,3,0,0,8,0,2,30,47,0,2,14,5,63,0,7,29,0,54,0,0,3,24,3
"Seguridad","Otros delitos que atentan contra la vida y la integridad corporal","2017_7",0,62,17,1,14,28,0,3,0,0,0,0,3,0,1,33,55,0,3,19,3,58,0,9,44,0,44,0,0,6,12,14
"Seguridad","Otros delitos que atentan contra la vida y la integridad corporal","2017_8",0,75,5,1,17,22,0,0,0,1,0,0,12,0,2,30,47,0,0,20,6,61,0,7,39,0,38,42,0,2,5,10
"Seguridad","Otros delitos que atentan contra la vida y la integridad corporal","2017_9",0,73,10,2,14,22,0,2,0,0,0,0,9,0,6,11,45,1,2,6,6,48,1,13,48,0,50,38,1,5,7,12
"Seguridad","Otros delitos que atentan contra la vida y la integridad corporal","2017_10",0,85,9,1,16,20,0,7,0,2,0,0,9,0,4,25,58,0,2,23,10,83,0,7,46,1,30,35,0,5,21,10
"Seguridad","Otros delitos que atentan contra la vida y la integridad corporal","2017_11",0,68,12,0,18,14,0,0,0,4,0,0,6,0,3,25,43,1,7,16,4,63,0,7,46,0,26,32,0,5,8,6
"Seguridad","Otros delitos que atentan contra la vida y la integridad corporal","2017_12",0,68,13,3,16,21,0,3,0,4,0,0,4,0,5,22,47,3,12,11,3,67,0,11,33,1,35,34,1,3,26,8
"Seguridad","Otros delitos que atentan contra la vida y la integridad corporal","2018_1",0,66,14,1,15,21,82,3,0,4,0,0,3,0,4,31,41,1,0,16,7,64,0,6,27,6,38,22,0,9,8,13
"Seguridad","Otros delitos que atentan contra la vida y la integridad corporal","2018_2",0,55,7,2,18,16,64,4,0,2,0,0,7,0,2,35,65,2,0,16,4,54,1,10,35,4,31,34,1,9,9,7
"Seguridad","Otros delitos que atentan contra la vida y la integridad corporal","2018_3",0,75,7,0,10,13,64,7,0,2,0,0,10,0,8,33,54,3,1,22,3,66,0,5,37,5,48,20,1,12,7,18
"Seguridad","Otros delitos que atentan contra la vida y la integridad corporal","2018_4",7,88,14,1,19,12,80,2,0,6,0,0,6,0,6,40,59,0,0,19,2,59,2,9,51,6,44,39,0,14,12,16
"Seguridad","Otros delitos que atentan contra la vida y la integridad corporal","2018_5",0,94,13,1,18,16,86,4,0,6,0,0,36,0,7,41,68,0,0,12,1,80,0,14,50,10,38,35,0,7,4,13
"Seguridad","Otros delitos que atentan contra la vida y la integridad corporal","2018_6",0,106,8,1,11,19,81,5,0,2,0,0,31,0,0,42,58,1,1,11,6,64,0,15,48,5,51,46,0,9,15,10
"Seguridad","Otros delitos que atentan contra la vida y la integridad corporal","2018_7",0,91,8,1,21,25,81,0,0,6,0,0,27,0,4,66,73,0,0,12,7,62,0,12,44,10,54,49,0,7,10,8
"Seguridad","Otros delitos que atentan contra la vida y la integridad corporal","2018_8",0,121,16,0,16,20,80,1,0,6,0,0,37,0,5,30,70,2,0,23,6,55,0,8,40,14,46,25,1,10,3,11
"Seguridad","Otros delitos que atentan contra la vida y la integridad corporal","2018_9",0,62,15,2,9,20,84,4,0,15,0,0,22,0,1,57,72,1,0,26,8,57,0,11,60,9,33,33,0,9,7,13
"Seguridad","Otros delitos que atentan contra la vida y la integridad corporal","2018_10",0,122,10,4,12,12,100,8,0,17,0,2,22,0,2,65,56,0,3,18,4,61,0,10,55,13,40,16,0,10,5,11
"Seguridad","Otros delitos que atentan contra la vida y la integridad corporal","2018_11",0,74,10,3,20,15,98,4,0,3,0,1,14,0,3,41,70,0,0,20,4,66,0,11,50,4,27,30,0,8,2,13
"Seguridad","Otros delitos que atentan contra la vida y la integridad corporal","2018_12",0,73,10,1,12,20,78,1,0,4,0,1,28,0,5,41,43,1,0,16,3,79,0,11,39,6,39,27,0,9,5,16
"Seguridad","Otros delitos que atentan contra la vida y la integridad corporal","2019_1",0,56,9,2,18,15,11,1,0,5,0,0,33,0,2,43,70,0,1,21,3,67,0,13,39,7,31,31,0,18,15,10
"Seguridad","Otros delitos que atentan contra la vida y la integridad corporal","2019_2",0,67,12,2,14,22,7,2,0,2,0,3,18,0,7,48,51,2,1,30,4,70,0,9,33,11,33,29,0,18,10,14
"Seguridad","Otros delitos que atentan contra la vida y la integridad corporal","2019_3",0,95,12,1,17,15,17,8,0,0,0,2,22,0,6,58,81,1,2,34,6,72,0,15,53,9,49,28,0,12,24,16
"Seguridad","Otros delitos que atentan contra la vida y la integridad corporal","2019_4",0,85,24,1,15,13,15,1,0,7,0,2,23,0,12,55,71,0,1,32,6,76,0,20,60,9,43,43,0,19,14,17
"Seguridad","Otros delitos que atentan contra la vida y la integridad corporal","2019_5",1,85,16,0,17,33,14,5,0,3,0,1,42,0,17,49,75,0,0,25,10,73,0,25,49,10,42,36,2,17,16,17
"Seguridad","Otros delitos que atentan contra la vida y la integridad corporal","2019_6",2,112,20,1,9,27,8,3,0,6,0,1,38,0,13,30,70,1,1,18,15,72,0,10,57,12,60,36,0,18,31,12
"Seguridad","Otros delitos que atentan contra la vida y la integridad corporal","2019_7",2,185,23,0,20,24,109,2,0,0,0,4,27,0,19,43,83,0,0,22,49,95,1,13,51,10,44,38,0,14,6,12
"Seguridad","Otros delitos que atentan contra la vida y la integridad corporal","2019_8",3,131,13,5,11,25,18,2,0,0,0,1,38,0,19,40,77,1,0,25,29,84,0,21,74,14,51,41,1,28,0,14
"Seguridad","Otros delitos que atentan contra la vida y la integridad corporal","2019_9",0,111,15,4,22,50,117,3,0,5,14,1,27,0,18,47,84,0,2,19,29,80,0,11,64,18,46,27,1,17,20,23
"Seguridad","Otros delitos que atentan contra la vida y la integridad corporal","2019_10",3,139,16,2,12,38,12,2,0,24,17,3,26,0,32,49,70,0,0,20,30,85,3,20,62,19,63,24,1,24,2,22
"Seguridad","Otros delitos que atentan contra la vida y la integridad corporal","2019_11",1,98,25,3,15,23,14,0,0,46,25,1,23,0,22,53,59,0,0,21,24,80,1,15,65,24,41,26,3,10,18,12
"Seguridad","Otros delitos que atentan contra la vida y la integridad corporal","2019_12",0,126,15,0,8,32,10,3,0,1,23,3,23,0,10,28,64,1,3,23,21,86,5,19,44,16,41,21,0,15,4,16
"Seguridad","Otros delitos que atentan contra la vida y la integridad corporal","2020_1",4,124,17,0,7,24,11,6,0,7,19,2,43,0,15,49,68,1,2,17,26,77,23,18,50,15,61,18,1,16,4,16
"Seguridad","Otros delitos que atentan contra la vida y la integridad corporal","2020_2",4,115,21,1,9,35,20,4,0,8,17,0,36,0,23,48,75,1,9,14,28,93,29,14,36,14,56,19,1,15,2,21
"Seguridad","Otros delitos que atentan contra la vida y la integridad corporal","2020_3",2,156,20,2,13,40,16,1,0,4,19,1,24,0,16,39,88,2,17,28,35,90,28,18,55,29,51,20,0,19,45,19
"Seguridad","Otros delitos que atentan contra la vida y la integridad corporal","2020_4",1,135,4,2,8,28,11,4,0,0,16,2,16,0,14,38,135,1,15,20,32,76,11,17,39,20,53,10,0,13,17,13
"Seguridad","Otros delitos que atentan contra la vida y la integridad corporal","2020_5",2,170,3,1,10,46,63,2,0,0,14,0,7,0,20,29,95,0,25,18,48,80,23,23,50,26,36,15,2,13,8,21
"Seguridad","Otros delitos que atentan contra la vida y la integridad corporal","2020_6",7,184,15,1,13,30,25,4,0,0,12,1,19,0,5,37,108,0,36,16,36,83,24,31,37,22,48,17,1,12,35,29
"Seguridad","Otros delitos que atentan contra la vida y la integridad corporal","2020_7",7,171,9,4,14,59,23,5,0,21,17,1,18,0,12,43,97,1,40,24,38,76,26,22,43,25,55,24,0,21,32,10
"Seguridad","Otros delitos que atentan contra la vida y la integridad corporal","2020_8",3,206,11,0,23,40,17,0,0,10,15,2,55,0,18,40,92,1,24,17,47,106,18,20,62,20,55,15,1,12,0,17
"Seguridad","Otros delitos que atentan contra la vida y la integridad corporal","2020_9",5,178,22,2,14,46,17,5,0,5,15,1,21,0,23,29,72,2,19,9,32,100,17,18,47,18,63,26,0,19,56,17
"Seguridad","Otros delitos que atentan contra la vida y la integridad corporal","2020_10",2,186,12,1,11,36,20,4,0,6,22,5,18,0,23,37,83,1,25,21,32,80,34,21,49,27,65,15,2,15,60,36
"Seguridad","Otros delitos que atentan contra la vida y la integridad corporal","2020_11",2,167,12,0,10,45,24,5,0,6,13,1,28,0,25,35,88,1,19,14,26,88,29,25,46,21,35,17,0,14,35,24
"Seguridad","Otros delitos que atentan contra la vida y la integridad corporal","2020_12",4,216,13,1,7,44,92,3,0,2,12,2,16,0,11,55,85,1,12,21,21,73,20,17,42,21,68,13,0,12,69,18
"Seguridad","Otros delitos que atentan contra la vida y la integridad corporal","2021_1",4,194,14,2,8,33,82,2,0,0,61,2,7,0,9,43,68,2,17,18,21,91,20,21,40,36,84,19,1,14,22,29
"Seguridad","Otros delitos que atentan contra la vida y la integridad corporal","2021_2",5,186,12,3,14,23,68,4,0,0,32,2,12,0,17,26,104,1,13,18,22,80,32,19,37,25,75,15,2,12,42,32
"Seguridad","Otros delitos que atentan contra la vida y la integridad corporal","2021_3",2,193,12,3,12,40,94,1,0,0,46,3,20,0,34,34,92,2,23,14,24,93,41,23,40,34,85,28,0,11,35,29
"Seguridad","Otros delitos que atentan contra la vida y la integridad corporal","2021_4",6,191,15,5,12,41,95,3,0,3,67,7,12,0,21,45,80,1,54,17,25,110,21,21,44,45,58,13,1,13,31,44
"Seguridad","Otros delitos que atentan contra la vida y la integridad corporal","2021_5",9,203,12,2,15,42,24,4,0,1,56,1,12,0,26,77,96,1,38,11,20,123,42,28,44,38,50,17,1,21,51,43
"Seguridad","Otros delitos que atentan contra la vida y la integridad corporal","2021_6",2,223,15,2,14,39,86,3,0,2,54,8,19,0,15,55,92,0,26,23,24,111,26,26,53,30,39,25,2,15,17,27
"Seguridad","Otros delitos que atentan contra la vida y la integridad corporal","2021_7",4,238,2,2,11,40,17,4,0,2,58,1,8,0,20,48,79,0,40,16,26,128,34,22,79,24,51,23,2,9,9,42
"Seguridad","Otros delitos que atentan contra la vida y la integridad corporal","2021_8",3,233,18,1,6,37,116,4,0,0,68,5,9,0,20,46,74,0,32,9,17,112,23,18,42,19,65,19,0,12,17,28
"Seguridad","Otros delitos que atentan contra la vida y la integridad corporal","2021_9",9,217,14,0,12,32,99,3,0,4,69,2,13,0,29,32,108,0,24,19,25,113,32,30,47,33,28,20,0,10,13,42
"Seguridad","Otros delitos que atentan contra la vida y la integridad corporal","2021_10",3,215,10,4,12,24,88,2,0,1,94,3,8,0,27,44,112,0,17,15,29,135,33,17,47,31,33,28,1,13,25,37
"Seguridad","Otros delitos que atentan contra la vida y la integridad corporal","2021_11",6,206,9,12,11,40,92,7,0,1,84,4,29,0,17,44,89,0,20,15,14,109,23,21,40,23,30,28,0,12,9,42
"Seguridad","Otros delitos que atentan contra la vida y la integridad corporal","2021_12",1,164,12,14,5,12,105,7,0,2,74,1,9,0,17,39,96,1,13,21,27,128,21,20,46,23,40,24,0,15,16,32
"Seguridad","Otros delitos que atentan contra la vida y la integridad corporal","2022_1",4,190,10,9,8,27,57,5,0,0,66,0,24,0,22,46,85,2,15,18,13,110,28,9,37,30,49,16,2,18,10,18
"Seguridad","Otros delitos que atentan contra la vida y la integridad corporal","2022_2",2,174,9,8,7,23,65,7,0,0,49,4,11,0,19,48,78,0,17,11,21,76,24,11,51,21,40,12,1,13,3,22
"Seguridad","Otros delitos que atentan contra la vida y la integridad corporal","2022_3",0,194,17,16,12,29,105,5,0,0,87,2,12,0,25,48,108,1,31,28,34,100,39,26,40,29,51,32,0,22,1,33
"Seguridad","Otros delitos que atentan contra la vida y la integridad corporal","2022_4",8,186,24,23,12,27,113,2,0,2,70,5,10,0,28,40,115,0,29,25,26,93,28,16,57,48,47,28,0,17,2,30
"Seguridad","Otros delitos que atentan contra la vida y la integridad corporal","2022_5",5,207,18,27,10,27,101,5,0,4,104,5,10,0,24,52,120,3,39,22,22,91,22,26,54,35,54,26,0,21,15,39
"Seguridad","Otros delitos que atentan contra la vida y la integridad corporal","2022_6",4,217,17,27,11,29,83,7,0,0,72,2,25,0,31,44,101,3,29,22,35,63,27,24,55,25,62,24,1,18,10,35
"Seguridad","Otros delitos que atentan contra la vida y la integridad corporal","2022_7",4,202,14,31,10,32,105,1,0,0,79,2,19,0,15,36,109,0,36,17,28,93,34,24,56,22,60,20,0,17,7,31
"Seguridad","Otros delitos que atentan contra la vida y la integridad corporal","2022_8",7,218,18,22,6,41,84,5,0,1,78,2,18,0,20,37,104,1,32,18,22,107,34,23,65,19,55,25,0,22,16,38
"Seguridad","Otros delitos que atentan contra la vida y la integridad corporal","2022_9",2,220,16,23,12,38,92,3,0,0,91,1,12,0,26,46,116,2,24,15,23,105,22,13,56,29,53,23,0,12,14,33
"Seguridad","Otros delitos que atentan contra la vida y la integridad corporal","2022_10",5,230,12,27,12,23,93,3,0,3,75,2,12,0,22,61,114,3,27,24,28,93,44,25,48,29,65,25,0,15,17,33
"Seguridad","Otros delitos que atentan contra la vida y la integridad corporal","2022_11",1,190,13,27,14,37,90,4,0,1,47,3,20,0,22,62,127,2,17,14,20,105,31,33,43,24,62,18,1,12,18,34
"Seguridad","Otros delitos que atentan contra la vida y la integridad corporal","2022_12",3,180,6,31,12,35,88,3,0,2,57,2,12,0,17,37,100,0,16,22,19,104,23,26,62,42,55,20,2,23,16,31
"Seguridad","Otros delitos que atentan contra la vida y la integridad corporal","2023_1",6,162,14,31,13,25,73,3,0,3,58,2,23,0,25,51,127,0,27,19,13,103,22,21,45,24,68,26,0,17,16,26
"Seguridad","Otros delitos que atentan contra la vida y la integridad corporal","2023_2",8,164,13,23,7,23,55,3,0,0,46,2,6,0,26,51,138,3,33,18,20,80,18,21,55,20,57,19,0,14,6,25
"Seguridad","Otros delitos que atentan contra la vida y la integridad corporal","2023_3",5,198,17,41,10,31,90,5,0,0,66,5,19,0,37,70,143,4,34,32,32,103,41,31,65,29,53,28,1,10,17,41
"Seguridad","Otros delitos que atentan contra la vida y la integridad corporal","2023_4",11,212,18,29,13,26,87,5,0,2,58,0,23,0,26,65,128,0,24,23,23,84,45,16,52,18,37,32,1,22,16,36
"Seguridad","Otros delitos que atentan contra la vida y la integridad corporal","2023_5",11,229,21,32,5,26,75,4,0,3,78,0,16,0,25,56,140,4,35,75,25,101,41,20,56,18,65,42,0,19,16,36
"Seguridad","Otros delitos que atentan contra la vida y la integridad corporal","2023_6",8,221,20,33,5,48,104,8,0,0,101,4,18,0,38,51,151,0,42,61,30,113,36,26,53,29,67,39,0,15,19,48
"Seguridad","Otros delitos que atentan contra la vida y la integridad corporal","2023_7",1,236,24,31,15,31,84,1,0,0,64,3,14,0,32,49,110,0,59,17,11,101,33,12,58,28,55,23,0,16,16,37
"Seguridad","Otros delitos que atentan contra la vida y la integridad corporal","2023_8",4,254,20,20,2,42,99,2,0,1,65,4,22,0,25,39,112,2,34,17,18,98,24,18,49,30,61,32,0,11,20,36
"Seguridad","Otros delitos que atentan contra la vida y la integridad corporal","2023_9",1,241,18,18,6,34,87,2,0,0,83,3,14,0,29,57,132,0,41,22,23,78,34,23,73,28,75,18,1,10,10,27
"Seguridad","Otros delitos que atentan contra la vida y la integridad corporal","2023_10",2,245,15,19,12,32,97,2,0,3,71,5,15,0,22,57,120,0,34,32,28,99,41,17,73,28,62,19,1,18,10,22
"Seguridad","Otros delitos que atentan contra la vida y la integridad corporal","2023_11",1,230,10,23,12,32,87,0,0,1,99,4,18,0,33,60,141,1,23,24,30,93,27,20,40,34,53,20,1,22,10,25
"Seguridad","Otros delitos que atentan contra la vida y la integridad corporal","2023_12",6,214,20,15,5,36,96,3,0,4,62,2,10,0,21,43,115,2,19,25,19,87,35,11,42,28,53,21,0,16,11,29
"Seguridad","Otros delitos que atentan contra la vida y la integridad corporal","2024_1",2,198,20,25,13,23,74,3,0,0,73,4,9,22,22,63,101,1,23,23,25,92,30,18,56,25,29,20,0,21,10,26
"Seguridad","Otros delitos que atentan contra la vida y la integridad corporal","2024_2",3,186,23,18,12,27,85,6,0,0,71,3,6,25,26,62,143,0,26,12,24,71,19,14,46,21,26,23,0,20,6,35
"Seguridad","Otros delitos que atentan contra la vida y la integridad corporal","2024_3",6,214,28,24,7,22,85,2,0,0,91,2,10,14,26,58,137,3,36,17,13,72,20,19,50,38,42,30,0,31,8,24
"Seguridad","Otros delitos que atentan contra la vida y la integridad corporal","2024_4",3,239,27,20,6,32,62,6,0,2,89,4,11,21,25,62,133,0,43,18,23,82,38,19,54,37,47,24,0,25,3,34
"Seguridad","Otros delitos que atentan contra la vida y la integridad corporal","2024_5",7,257,28,22,12,34,81,4,0,3,114,3,25,18,34,53,158,4,27,15,27,104,24,32,67,36,53,32,0,26,8,38
"Seguridad","Otros delitos que atentan contra la vida y la integridad corporal","2024_6",5,220,34,25,4,42,62,3,0,0,96,2,18,8,21,61,154,2,27,26,28,83,29,20,59,48,54,34,0,30,8,38
"Seguridad","Otros delitos que atentan contra la vida y la integridad corporal","2024_7",6,225,26,16,7,41,94,7,0,1,88,1,13,13,29,57,143,1,21,12,29,85,23,15,67,57,57,48,0,16,14,30
"Seguridad","Otros delitos que atentan contra la vida y la integridad corporal","2024_8",5,247,26,8,8,46,97,0,0,1,96,0,18,7,29,38,143,3,33,18,18,90,42,13,55,38,32,37,1,18,6,29
"Seguridad","Otros delitos que atentan contra la vida y la integridad corporal","2024_9",4,239,28,4,8,34,96,1,0,0,61,1,10,13,33,49,161,3,28,35,23,76,30,15,51,64,35,30,0,17,2,26
"Seguridad","Otros delitos que atentan contra la vida y la integridad corporal","2024_10",7,222,23,5,11,46,106,3,0,3,82,3,9,8,21,41,152,0,31,13,23,80,22,18,71,45,31,38,0,15,1,31
"Seguridad","Otros delitos que atentan contra la vida y la integridad corporal","2024_11",7,210,24,4,8,34,94,5,0,1,81,1,15,12,23,37,131,2,21,25,14,74,24,22,45,49,42,36,0,24,1,34
"Seguridad","Otros delitos que atentan contra la vida y la integridad corporal","2024_12",5,183,17,8,13,30,82,3,0,0,49,0,11,16,13,35,128,0,23,10,14,76,24,21,60,48,29,18,1,8,0,25
"Seguridad","Otros delitos que atentan contra la vida y la integridad corporal","2025_1",5,186,30,6,17,38,70,5,0,0,29,5,8,6,25,35,107,1,22,9,15,87,26,29,50,49,32,24,0,21,3,36
"Seguridad","Otros delitos que atentan contra la vida y la integridad corporal","2025_2",13,213,20,8,6,59,115,3,0,0,19,1,9,15,21,39,115,2,27,19,26,84,26,14,50,62,62,25,0,15,4,26
"Seguridad","Otros delitos que atentan contra la vida y la integridad corporal","2025_3",13,215,15,9,14,252,106,5,0,0,32,5,13,7,28,61,170,6,17,10,25,84,25,15,64,55,106,30,0,28,5,34
"Seguridad","Otros delitos que atentan contra la vida y la integridad corporal","2025_4",7,205,15,2,12,96,90,8,0,2,59,2,16,11,33,60,135,2,25,11,26,93,17,26,51,49,86,31,0,20,2,27
"Seguridad","Otros delitos que atentan contra la vida y la integridad corporal","2025_5",14,217,23,5,13,99,99,9,0,3,118,4,11,9,29,50,156,2,28,12,25,114,29,16,59,54,59,28,0,31,5,14
"Seguridad","Otros delitos que atentan contra la vida y la integridad corporal","2025_6",9,210,19,6,7,68,85,0,0,0,103,1,98,11,12,50,125,3,33,6,12,20,36,16,63,57,73,26,0,16,0,24
"Seguridad","Otros delitos que atentan contra la vida y la integridad corporal","2025_7",0,0,0,0,0,0,0,0,0,0,0,0,0,0,0,0,0,0,0,0,0,0,0,0,0,0,0,0,0,0,0,0
"Seguridad","Otros delitos que atentan contra la vida y la integridad corporal","2025_8",0,0,0,0,0,0,0,0,0,0,0,0,0,0,0,0,0,0,0,0,0,0,0,0,0,0,0,0,0,0,0,0
"Seguridad","Otros delitos que atentan contra la vida y la integridad corporal","2025_9",0,0,0,0,0,0,0,0,0,0,0,0,0,0,0,0,0,0,0,0,0,0,0,0,0,0,0,0,0,0,0,0
"Seguridad","Otros delitos que atentan contra la vida y la integridad corporal","2025_10",0,0,0,0,0,0,0,0,0,0,0,0,0,0,0,0,0,0,0,0,0,0,0,0,0,0,0,0,0,0,0,0
"Seguridad","Otros delitos que atentan contra la vida y la integridad corporal","2025_11",0,0,0,0,0,0,0,0,0,0,0,0,0,0,0,0,0,0,0,0,0,0,0,0,0,0,0,0,0,0,0,0
"Seguridad","Otros delitos que atentan contra la vida y la integridad corporal","2025_12",0,0,0,0,0,0,0,0,0,0,0,0,0,0,0,0,0,0,0,0,0,0,0,0,0,0,0,0,0,0,0,0
"Seguridad","Rapto","2015_1",0,0,0,0,1,0,1,0,0,0,0,0,0,0,0,0,0,0,9,0,3,0,0,0,4,0,0,0,0,0,0,0
"Seguridad","Rapto","2015_2",0,0,0,0,1,0,0,0,0,0,0,0,0,0,0,0,0,0,14,3,2,0,0,0,7,2,0,0,0,0,0,0
"Seguridad","Rapto","2015_3",0,0,0,0,0,0,1,0,0,0,0,0,0,0,0,0,0,0,10,0,0,0,0,0,4,3,0,0,0,0,0,2
"Seguridad","Rapto","2015_4",0,0,0,0,0,0,0,0,0,0,0,0,0,0,0,0,0,0,13,0,1,0,0,0,2,0,0,0,0,0,0,1
"Seguridad","Rapto","2015_5",0,0,0,0,0,0,0,2,0,0,0,0,0,0,0,0,0,0,12,0,1,0,0,0,9,4,0,0,0,0,0,2
"Seguridad","Rapto","2015_6",0,0,0,0,1,0,0,0,0,0,0,0,0,0,0,0,0,0,13,0,1,0,0,0,2,3,0,0,0,0,0,1
"Seguridad","Rapto","2015_7",0,0,0,0,0,0,2,0,0,0,0,0,0,0,0,0,0,0,13,0,1,0,0,0,5,1,0,0,0,0,0,2
"Seguridad","Rapto","2015_8",0,0,0,0,0,0,0,0,0,0,0,0,1,0,0,0,0,0,18,4,0,0,0,0,2,1,0,0,0,0,0,1
"Seguridad","Rapto","2015_9",0,0,0,0,1,0,0,1,0,0,0,0,0,0,0,0,0,0,16,0,1,0,0,0,3,1,0,0,0,0,0,0
"Seguridad","Rapto","2015_10",0,1,0,0,0,0,0,0,0,0,0,0,0,0,0,0,0,0,9,0,0,0,0,0,5,1,0,0,0,0,0,2
"Seguridad","Rapto","2015_11",0,0,0,0,1,0,0,0,0,0,0,0,0,0,0,0,0,0,11,1,0,0,0,0,4,2,0,0,0,0,0,2
"Seguridad","Rapto","2015_12",0,0,0,0,0,0,1,1,0,0,0,0,0,0,0,0,0,0,16,0,1,0,0,0,3,1,0,0,0,0,0,0
"Seguridad","Rapto","2016_1",0,0,0,0,1,0,1,0,0,0,0,0,0,0,0,0,0,0,8,0,0,0,0,0,4,1,0,0,0,0,0,0
"Seguridad","Rapto","2016_2",0,0,0,0,2,0,0,0,0,1,0,0,0,0,0,1,0,0,8,0,0,0,0,0,9,0,0,0,0,0,0,0
"Seguridad","Rapto","2016_3",0,0,0,0,4,0,0,0,0,0,0,0,0,0,0,0,0,0,10,0,0,0,0,0,2,6,0,0,0,0,0,1
"Seguridad","Rapto","2016_4",0,0,0,0,2,0,0,1,0,0,0,0,0,0,0,0,0,0,10,0,1,0,0,0,6,1,0,0,0,0,0,6
"Seguridad","Rapto","2016_5",0,0,0,0,1,0,1,0,0,0,0,0,0,0,0,0,0,0,19,0,0,0,0,0,1,0,0,0,0,0,0,1
"Seguridad","Rapto","2016_6",0,0,1,0,1,0,2,0,0,0,0,0,1,0,0,0,0,0,16,0,0,0,0,0,4,2,0,0,0,0,0,2
"Seguridad","Rapto","2016_7",0,0,0,0,1,0,0,0,0,0,0,0,0,0,0,0,0,0,17,0,0,0,0,0,1,3,0,0,0,0,0,1
"Seguridad","Rapto","2016_8",0,0,0,0,1,0,0,1,0,0,0,0,0,0,0,0,0,0,19,0,0,0,0,0,1,2,0,0,0,0,0,0
"Seguridad","Rapto","2016_9",0,0,0,0,0,0,0,0,0,0,0,0,0,0,0,0,0,0,12,0,0,0,0,0,3,0,0,0,0,0,0,0
"Seguridad","Rapto","2016_10",0,0,0,0,1,0,0,0,0,0,0,0,0,0,0,0,0,0,8,0,0,0,0,0,5,0,0,0,0,0,0,0
"Seguridad","Rapto","2016_11",0,0,0,0,1,0,0,1,0,0,0,0,0,0,0,0,0,0,10,0,0,0,0,0,5,0,0,0,0,0,0,0
"Seguridad","Rapto","2016_12",0,0,0,0,0,0,0,1,0,0,0,0,0,0,0,0,0,0,17,0,0,0,0,0,4,1,0,0,0,0,0,0
"Seguridad","Rapto","2017_1",0,0,0,0,2,0,0,0,0,0,0,0,0,0,0,0,0,0,8,0,0,0,0,0,6,1,0,0,0,0,0,0
"Seguridad","Rapto","2017_2",0,0,0,0,0,0,0,3,0,0,0,0,0,0,0,0,0,0,8,0,0,0,0,0,7,1,0,0,0,0,0,0
"Seguridad","Rapto","2017_3",0,0,0,0,0,0,0,1,0,0,0,0,0,0,0,1,0,0,11,0,0,0,0,0,2,0,0,0,0,0,0,0
"Seguridad","Rapto","2017_4",0,0,0,0,2,0,0,0,0,0,0,0,0,0,0,0,0,0,8,0,0,0,0,0,4,2,0,0,0,0,0,0
"Seguridad","Rapto","2017_5",0,0,0,0,1,0,0,1,0,0,0,0,0,0,0,0,0,0,8,0,0,0,0,0,0,1,0,0,0,0,0,0
"Seguridad","Rapto","2017_6",0,0,0,0,1,0,0,0,0,0,0,0,0,0,0,0,0,0,13,0,0,0,0,0,7,1,0,0,0,0,0,0
"Seguridad","Rapto","2017_7",0,0,0,0,0,0,0,0,0,0,0,0,1,0,0,0,0,0,12,0,0,0,0,0,7,0,0,0,0,0,0,0
"Seguridad","Rapto","2017_8",0,0,0,0,3,0,0,1,0,0,0,0,0,0,0,0,0,0,9,0,0,0,0,0,5,2,0,0,0,0,0,0
"Seguridad","Rapto","2017_9",0,0,0,0,1,0,1,0,0,0,0,0,1,0,0,0,0,0,11,0,0,0,0,0,4,1,0,0,0,0,0,0
"Seguridad","Rapto","2017_10",0,0,0,0,1,0,1,0,0,0,0,0,1,0,0,0,0,0,7,0,0,0,0,0,6,1,0,0,0,0,0,0
"Seguridad","Rapto","2017_11",0,0,0,0,1,0,0,1,0,0,0,0,0,0,0,1,0,0,8,0,0,0,0,0,3,0,0,0,0,0,0,0
"Seguridad","Rapto","2017_12",0,0,0,0,0,0,0,0,0,0,0,0,0,0,0,0,0,0,9,0,0,0,0,0,5,0,0,0,0,0,0,0
"Seguridad","Rapto","2018_1",0,0,0,0,0,0,0,0,0,0,0,0,1,0,0,0,0,0,7,0,0,0,0,0,6,0,0,0,0,0,0,0
"Seguridad","Rapto","2018_2",0,0,0,0,0,0,0,0,0,0,0,0,0,0,0,1,0,0,10,0,0,0,0,0,0,1,0,0,0,0,0,0
"Seguridad","Rapto","2018_3",0,0,0,0,0,0,0,0,0,0,0,0,0,0,0,0,0,0,8,0,0,0,0,0,0,0,0,0,0,0,0,0
"Seguridad","Rapto","2018_4",0,0,0,0,0,0,0,0,0,0,0,0,0,0,0,0,0,0,8,0,0,0,0,0,0,0,0,0,0,0,0,0
"Seguridad","Rapto","2018_5",0,0,0,0,0,0,0,0,0,0,0,0,0,0,0,0,0,0,8,0,0,0,0,0,0,0,0,0,0,0,0,0
"Seguridad","Rapto","2018_6",0,0,0,0,0,0,0,0,0,0,0,0,0,0,0,0,0,0,8,0,0,0,0,0,0,0,0,0,0,1,0,0
"Seguridad","Rapto","2018_7",0,0,0,0,0,0,1,0,0,0,0,0,0,0,0,0,0,0,13,0,0,0,0,0,0,0,0,0,0,1,0,0
"Seguridad","Rapto","2018_8",0,0,0,0,0,0,1,0,0,0,0,0,0,0,0,0,0,0,12,0,0,0,0,0,0,0,0,0,0,0,0,0
"Seguridad","Rapto","2018_9",0,0,0,0,0,0,0,0,0,0,0,0,1,0,0,0,0,0,3,0,0,0,0,0,0,0,0,0,0,0,0,0
"Seguridad","Rapto","2018_10",0,0,0,0,0,0,0,0,0,0,0,0,1,0,0,0,0,0,10,0,0,0,0,0,0,3,0,0,0,0,0,0
"Seguridad","Rapto","2018_11",0,0,0,0,0,0,0,0,0,0,0,0,0,0,0,0,0,0,8,0,0,0,0,0,0,0,0,0,0,0,0,0
"Seguridad","Rapto","2018_12",0,0,0,0,0,0,1,0,0,0,0,0,0,0,0,0,0,0,5,0,0,0,0,0,0,0,0,0,0,0,0,0
"Seguridad","Rapto","2019_1",0,0,0,0,0,0,0,0,0,0,0,0,0,0,0,0,0,0,5,0,0,0,0,0,0,0,0,0,0,0,0,0
"Seguridad","Rapto","2019_2",0,0,0,0,0,0,0,0,0,0,0,0,0,0,0,0,0,0,5,0,0,0,0,0,0,0,0,0,0,0,0,0
"Seguridad","Rapto","2019_3",0,0,0,0,0,0,0,0,0,0,0,0,1,0,0,0,0,0,7,0,0,0,0,0,0,2,0,0,0,0,0,0
"Seguridad","Rapto","2019_4",0,0,0,0,0,0,1,0,0,0,0,0,1,0,0,0,0,0,12,0,0,0,0,0,0,0,0,0,0,0,0,0
"Seguridad","Rapto","2019_5",0,0,0,0,0,0,0,0,0,0,0,0,0,0,0,0,0,0,12,0,0,0,0,0,0,0,0,0,0,0,0,0
"Seguridad","Rapto","2019_6",0,0,0,0,0,0,2,0,0,0,0,0,0,0,0,0,0,0,7,0,0,0,0,0,0,1,0,0,0,0,0,0
"Seguridad","Rapto","2019_7",0,0,0,0,0,0,0,0,0,0,0,0,0,0,0,1,0,0,7,0,0,0,0,0,0,0,0,0,0,0,0,0
"Seguridad","Rapto","2019_8",0,0,0,0,0,0,1,0,0,0,0,0,1,0,0,0,0,0,8,0,0,0,0,0,0,0,0,0,0,0,0,0
"Seguridad","Rapto","2019_9",0,0,0,0,0,0,0,0,0,0,0,0,1,0,0,0,0,0,11,0,0,0,0,0,0,0,0,0,0,0,0,0
"Seguridad","Rapto","2019_10",0,0,0,0,0,0,0,0,0,0,0,0,1,0,0,0,0,0,9,0,0,0,0,0,0,1,0,0,0,0,0,0
"Seguridad","Rapto","2019_11",0,0,0,0,0,0,0,0,0,0,0,0,1,0,0,1,0,0,6,0,0,0,0,0,0,1,0,0,0,0,0,0
"Seguridad","Rapto","2019_12",0,0,0,0,0,0,1,0,0,0,0,0,0,0,0,0,0,0,9,0,0,0,0,0,0,0,0,0,0,0,0,0
"Seguridad","Rapto","2020_1",0,0,0,0,0,0,0,0,0,0,0,0,1,0,0,0,0,0,11,0,0,0,0,0,0,0,0,0,0,0,0,0
"Seguridad","Rapto","2020_2",0,0,0,0,0,0,1,0,0,0,0,0,0,0,0,0,0,0,11,0,0,0,0,0,0,0,0,0,0,0,0,0
"Seguridad","Rapto","2020_3",0,0,0,0,0,0,2,0,0,0,0,0,0,0,0,1,0,0,6,0,0,0,0,0,0,0,0,0,0,0,0,0
"Seguridad","Rapto","2020_4",0,0,0,0,0,0,2,0,0,0,0,0,0,0,0,1,0,0,4,0,0,0,0,0,0,0,0,0,0,0,0,0
"Seguridad","Rapto","2020_5",0,0,0,0,0,0,2,0,0,0,0,0,0,0,0,0,0,0,6,0,0,0,0,0,0,0,0,0,0,0,0,0
"Seguridad","Rapto","2020_6",0,0,0,0,0,0,0,0,0,0,0,0,0,0,0,0,0,0,8,0,0,0,0,0,0,0,0,0,0,0,0,0
"Seguridad","Rapto","2020_7",0,0,0,0,0,0,1,0,0,0,0,0,2,0,0,1,0,0,8,0,0,0,0,0,0,2,0,0,0,0,0,0
"Seguridad","Rapto","2020_8",0,0,0,0,0,0,2,0,0,0,0,0,1,0,0,0,0,0,8,0,0,0,0,0,0,0,0,0,0,0,0,0
"Seguridad","Rapto","2020_9",0,0,0,0,0,0,2,0,0,0,0,0,1,0,0,0,0,0,9,0,0,0,0,0,0,0,0,0,0,0,0,0
"Seguridad","Rapto","2020_10",0,0,0,0,0,0,0,0,0,0,0,0,0,0,0,0,0,0,16,0,0,0,0,0,0,0,0,0,0,0,0,0
"Seguridad","Rapto","2020_11",0,0,0,0,0,0,0,0,0,0,0,0,0,0,0,0,0,0,6,0,0,0,0,0,0,0,0,0,0,0,0,0
"Seguridad","Rapto","2020_12",0,0,0,0,0,0,0,0,0,0,0,0,0,0,0,2,0,0,11,0,0,0,0,0,0,0,0,0,0,0,0,0
"Seguridad","Rapto","2021_1",0,0,0,0,0,0,0,0,0,0,0,0,1,0,0,0,0,0,5,0,0,0,0,0,0,0,0,0,0,0,0,0
"Seguridad","Rapto","2021_2",0,0,0,0,0,0,0,0,0,0,0,0,0,0,0,0,0,0,11,0,0,0,0,0,0,1,0,0,0,0,0,0
"Seguridad","Rapto","2021_3",0,0,0,0,0,0,2,0,0,0,0,0,0,0,0,1,0,0,14,0,0,0,0,0,0,0,0,0,0,0,0,0
"Seguridad","Rapto","2021_4",0,0,0,0,0,0,3,0,0,0,0,0,0,0,0,0,0,0,11,0,0,0,0,0,0,1,0,0,0,0,0,0
"Seguridad","Rapto","2021_5",0,0,0,0,0,0,2,0,0,0,0,0,0,0,0,1,0,0,6,0,0,0,0,0,0,1,0,0,0,0,0,0
"Seguridad","Rapto","2021_6",0,0,0,0,0,0,0,0,0,0,0,0,0,0,0,0,0,0,14,0,0,0,0,0,0,1,0,0,0,0,0,0
"Seguridad","Rapto","2021_7",0,0,0,0,0,0,1,0,0,0,0,0,0,0,0,0,0,0,8,0,0,0,0,0,0,0,0,0,0,0,0,0
"Seguridad","Rapto","2021_8",0,0,0,0,0,0,0,0,0,0,0,0,0,0,0,0,0,0,10,0,0,0,0,0,0,0,0,0,0,0,0,0
"Seguridad","Rapto","2021_9",0,0,0,0,0,0,1,0,0,0,0,0,0,0,0,0,0,0,10,0,0,0,0,0,0,0,0,0,0,0,0,0
"Seguridad","Rapto","2021_10",0,0,0,0,0,0,0,0,0,0,0,0,0,0,0,0,0,0,9,0,0,0,0,0,0,0,0,0,0,0,0,0
"Seguridad","Rapto","2021_11",0,0,0,0,0,0,1,0,0,0,0,0,0,0,0,0,0,0,7,0,0,0,0,0,0,0,0,0,0,0,0,0
"Seguridad","Rapto","2021_12",0,0,0,0,0,0,1,0,0,0,0,0,0,0,0,0,0,0,3,0,0,0,0,0,0,0,0,0,0,0,0,0
"Seguridad","Rapto","2022_1",0,0,0,0,0,0,1,0,0,0,0,0,0,0,0,0,0,0,4,0,0,0,0,0,0,0,0,0,0,0,0,0
"Seguridad","Rapto","2022_2",0,0,0,0,0,0,0,0,0,0,0,0,0,0,0,0,0,0,9,0,0,0,0,0,0,0,0,0,0,0,0,0
"Seguridad","Rapto","2022_3",0,0,0,0,0,0,1,0,0,0,0,0,1,0,0,0,0,0,8,0,0,0,0,0,0,0,0,0,0,0,0,0
"Seguridad","Rapto","2022_4",0,0,0,0,0,0,0,0,0,0,0,0,0,0,0,0,0,0,10,0,0,0,0,0,0,0,0,0,0,0,0,0
"Seguridad","Rapto","2022_5",0,0,0,0,0,0,2,0,0,0,0,0,0,0,0,0,0,0,5,0,0,0,0,0,0,0,0,0,0,0,0,0
"Seguridad","Rapto","2022_6",0,0,0,0,0,0,0,0,0,0,0,0,0,0,0,0,0,0,12,0,0,0,0,0,0,0,0,0,0,0,0,0
"Seguridad","Rapto","2022_7",0,0,0,0,0,0,0,0,0,0,0,0,0,0,0,1,0,0,2,0,0,0,0,0,0,0,0,0,0,0,0,0
"Seguridad","Rapto","2022_8",0,0,0,0,0,0,0,0,0,0,0,0,0,0,0,0,0,0,5,0,0,0,0,0,0,0,0,0,0,0,0,0
"Seguridad","Rapto","2022_9",0,0,0,0,0,0,3,0,0,0,0,0,0,0,0,0,0,0,10,0,0,0,0,0,0,0,0,0,0,0,0,0
"Seguridad","Rapto","2022_10",0,0,0,0,0,0,2,0,0,0,0,0,0,0,0,0,0,0,10,0,0,0,0,0,0,0,0,0,0,0,0,0
"Seguridad","Rapto","2022_11",0,0,0,0,0,0,0,0,0,0,0,0,0,0,0,0,0,0,4,0,0,0,0,0,0,0,0,0,0,0,0,0
"Seguridad","Rapto","2022_12",0,0,0,0,0,0,0,0,0,0,0,0,0,0,0,0,0,0,9,0,0,0,0,0,0,0,0,0,0,0,0,0
"Seguridad","Rapto","2023_1",0,0,0,0,0,0,0,0,0,0,0,0,0,0,0,0,0,0,3,0,0,0,0,0,0,0,0,0,0,0,0,0
"Seguridad","Rapto","2023_2",0,0,0,0,0,0,0,0,0,0,0,0,0,0,0,1,0,0,7,0,0,0,0,0,0,0,0,0,0,0,0,0
"Seguridad","Rapto","2023_3",0,0,0,0,0,0,1,0,0,0,0,0,0,0,0,0,0,0,10,0,0,0,0,0,0,0,0,0,0,0,0,0
"Seguridad","Rapto","2023_4",0,0,0,0,0,0,1,0,0,0,0,0,0,0,0,1,0,0,4,0,0,0,0,0,0,0,0,0,0,0,0,0
"Seguridad","Rapto","2023_5",0,0,0,0,0,0,1,0,0,0,0,0,0,0,0,1,0,0,4,0,0,0,0,0,0,0,0,0,0,0,0,0
"Seguridad","Rapto","2023_6",0,0,0,0,0,0,0,0,0,0,0,0,0,0,0,0,0,0,6,0,0,0,0,0,0,0,0,0,0,0,0,0
"Seguridad","Rapto","2023_7",0,0,0,0,0,0,1,0,0,0,0,0,1,0,0,0,0,0,4,0,0,0,0,0,0,0,0,0,0,0,0,0
"Seguridad","Rapto","2023_8",0,0,0,0,0,0,0,0,0,0,0,0,0,0,0,0,0,0,2,0,0,0,0,0,0,0,0,0,0,0,0,0
"Seguridad","Rapto","2023_9",0,0,0,0,0,0,1,0,0,0,0,0,0,0,0,0,0,0,8,0,0,0,0,0,0,0,0,0,0,0,0,0
"Seguridad","Rapto","2023_10",0,0,0,0,0,0,0,0,0,0,0,0,0,0,0,0,0,0,7,0,0,0,0,0,0,0,0,0,0,0,0,0
"Seguridad","Rapto","2023_11",0,0,0,0,0,0,0,0,0,0,0,0,0,0,0,0,0,0,5,0,0,0,0,0,0,0,0,0,0,0,0,0
"Seguridad","Rapto","2023_12",0,0,0,0,0,0,1,0,0,0,0,0,0,0,0,0,0,0,5,0,0,0,0,0,0,0,0,0,0,0,0,0
"Seguridad","Rapto","2024_1",0,0,0,0,0,0,1,0,0,0,0,0,0,0,0,0,0,0,11,0,0,0,0,0,0,0,0,0,0,0,0,0
"Seguridad","Rapto","2024_2",0,0,0,0,0,0,1,0,0,0,0,0,0,0,0,0,0,0,8,0,0,0,0,0,0,0,0,0,0,0,0,0
"Seguridad","Rapto","2024_3",0,0,0,0,0,0,1,0,0,0,0,0,0,0,0,1,0,0,8,0,0,0,0,0,0,0,0,0,0,0,0,0
"Seguridad","Rapto","2024_4",0,0,0,0,0,0,1,0,0,0,0,0,0,0,0,0,0,0,5,0,0,0,0,0,0,0,0,0,0,0,0,0
"Seguridad","Rapto","2024_5",0,0,0,0,0,0,0,0,0,0,0,0,1,0,0,0,0,0,3,0,0,0,0,0,0,0,0,0,0,0,0,0
"Seguridad","Rapto","2024_6",0,0,0,0,0,0,1,0,0,0,0,0,0,0,0,0,0,0,4,0,0,0,0,0,0,0,0,0,0,0,0,0
"Seguridad","Rapto","2024_7",0,0,0,0,0,0,0,0,0,0,0,0,0,0,0,0,0,0,7,0,0,0,0,0,0,0,0,0,0,0,0,0
"Seguridad","Rapto","2024_8",0,0,0,0,0,0,0,0,0,0,0,0,0,0,0,0,0,0,4,0,0,0,0,0,0,0,0,0,0,0,0,0
"Seguridad","Rapto","2024_9",0,0,0,0,0,0,0,0,0,0,0,0,0,0,0,1,0,0,13,0,0,0,0,0,0,0,0,0,0,0,0,0
"Seguridad","Rapto","2024_10",0,0,0,0,0,0,0,0,0,0,0,0,0,0,0,0,0,0,4,0,0,0,0,0,0,0,0,0,0,0,0,0
"Seguridad","Rapto","2024_11",0,0,0,0,0,0,0,0,0,0,0,0,0,0,0,0,0,0,7,0,0,0,0,0,0,0,0,0,0,0,0,0
"Seguridad","Rapto","2024_12",0,0,0,0,0,0,0,0,0,0,0,0,0,0,0,0,0,0,2,0,0,0,0,0,0,0,0,0,0,0,0,0
"Seguridad","Rapto","2025_1",0,0,0,0,0,0,0,0,0,0,0,0,0,0,0,0,0,0,6,0,0,0,0,0,0,0,0,0,0,0,0,0
"Seguridad","Rapto","2025_2",0,0,0,0,0,0,0,0,0,0,0,0,0,0,0,0,0,0,3,0,0,0,0,0,0,0,0,0,0,0,0,0
"Seguridad","Rapto","2025_3",0,0,0,0,0,0,0,0,0,0,0,0,0,0,0,0,0,0,5,0,0,0,0,0,0,0,0,0,0,0,0,0
"Seguridad","Rapto","2025_4",0,0,0,0,0,0,0,0,0,0,0,0,1,0,0,0,0,0,3,0,0,0,0,0,0,1,0,0,0,0,0,0
"Seguridad","Rapto","2025_5",0,0,0,0,0,0,0,0,0,0,0,0,0,0,0,0,0,0,3,0,0,0,0,0,0,1,0,0,0,0,0,0
"Seguridad","Rapto","2025_6",0,0,0,0,0,0,0,0,0,0,0,0,0,0,0,0,0,0,6,0,0,0,0,0,0,0,0,0,0,0,0,0
"Seguridad","Rapto","2025_7",0,0,0,0,0,0,0,0,0,0,0,0,0,0,0,0,0,0,0,0,0,0,0,0,0,0,0,0,0,0,0,0
"Seguridad","Rapto","2025_8",0,0,0,0,0,0,0,0,0,0,0,0,0,0,0,0,0,0,0,0,0,0,0,0,0,0,0,0,0,0,0,0
"Seguridad","Rapto","2025_9",0,0,0,0,0,0,0,0,0,0,0,0,0,0,0,0,0,0,0,0,0,0,0,0,0,0,0,0,0,0,0,0
"Seguridad","Rapto","2025_10",0,0,0,0,0,0,0,0,0,0,0,0,0,0,0,0,0,0,0,0,0,0,0,0,0,0,0,0,0,0,0,0
"Seguridad","Rapto","2025_11",0,0,0,0,0,0,0,0,0,0,0,0,0,0,0,0,0,0,0,0,0,0,0,0,0,0,0,0,0,0,0,0
"Seguridad","Rapto","2025_12",0,0,0,0,0,0,0,0,0,0,0,0,0,0,0,0,0,0,0,0,0,0,0,0,0,0,0,0,0,0,0,0
"Seguridad","Robo","2015_1",870,4222,726,44,608,1422,6104,1486,188,880,2872,1236,932,2210,1345,1615,14689,133,1225,0,1869,1454,989,478,1002,816,1435,1584,405,1369,349,614
"Seguridad","Robo","2015_2",861,3628,715,63,634,1420,6128,1155,209,886,2579,1069,935,2147,1230,1776,13658,142,1222,451,1771,1277,822,456,952,862,1300,1671,344,1478,261,663
"Seguridad","Robo","2015_3",1001,4007,720,87,665,1531,6764,1035,213,838,2710,1014,756,2249,1278,1881,14790,158,1273,0,1913,1481,1153,584,984,919,1471,1737,411,1807,264,684
"Seguridad","Robo","2015_4",873,3824,710,42,666,1350,6417,1326,200,924,2199,1090,783,2040,1166,1576,13751,130,1064,0,1921,1426,1061,523,951,855,1550,1670,354,1593,293,569
"Seguridad","Robo","2015_5",952,3952,705,65,647,1268,6577,1132,213,846,2563,1090,900,2177,1299,1501,13807,123,1058,475,2015,1474,1146,523,869,804,1584,1530,359,1523,242,622
"Seguridad","Robo","2015_6",850,4096,701,71,643,1347,6665,1149,230,927,2574,1106,764,2119,1369,1659,13997,149,1080,0,1915,1453,1009,516,755,864,1524,1707,408,1597,250,648
"Seguridad","Robo","2015_7",891,4050,691,62,638,1358,6693,1267,241,872,2599,1007,735,2402,1356,1648,13946,109,1211,0,1862,1434,1206,547,852,744,1606,1535,425,1431,308,625
"Seguridad","Robo","2015_8",908,4259,735,81,663,1322,6378,990,300,854,2671,1019,893,2391,1340,1763,13751,131,1321,400,1835,1548,1086,469,882,673,1497,1537,447,1559,387,626
"Seguridad","Robo","2015_9",898,4106,890,81,748,1360,6420,1017,270,880,2598,841,1015,2424,1457,1765,14189,121,1199,0,2336,1607,1103,454,771,821,1562,1739,366,1754,301,598
"Seguridad","Robo","2015_10",805,4288,822,88,714,1355,6674,1086,289,881,2858,1099,459,2570,1237,1876,14478,102,1369,0,2115,1598,1026,453,837,898,1444,1719,411,1597,318,636
"Seguridad","Robo","2015_11",952,4223,847,79,682,1203,6320,733,320,818,2694,983,741,2393,1428,1756,14043,87,1268,411,1909,1464,1038,515,726,828,1589,1415,382,1353,333,590
"Seguridad","Robo","2015_12",858,4183,851,95,622,1203,6295,764,313,757,2738,1046,953,2379,1496,1748,13553,83,1244,0,1705,1417,1013,515,534,913,1529,1429,424,780,319,511
"Seguridad","Robo","2016_1",848,4284,909,77,619,1301,5879,789,626,668,2841,1003,736,2187,1244,1594,12049,62,1194,867,1853,1463,623,400,799,1153,1474,1293,402,1055,265,584
"Seguridad","Robo","2016_2",801,3875,886,86,626,1249,5944,719,571,781,2840,856,924,2249,1206,1654,13876,83,1413,885,1934,1326,508,531,759,1391,1400,1266,383,1144,225,600
"Seguridad","Robo","2016_3",868,4022,833,93,684,1123,6527,862,605,810,2968,973,913,2347,1252,1736,15350,80,1522,907,1976,1531,386,372,798,1386,1671,1232,399,1419,220,541
"Seguridad","Robo","2016_4",980,4051,806,93,688,1073,6444,753,571,840,2913,894,1014,2165,1131,1642,14633,75,1659,856,1953,1529,396,403,718,1663,1667,1299,408,1379,221,618
"Seguridad","Robo","2016_5",1003,4086,834,80,736,1079,6405,717,733,797,2884,870,818,2137,1225,1694,14608,57,1683,883,2154,1582,524,402,607,1734,1785,1322,399,1370,172,625
"Seguridad","Robo","2016_6",803,3547,938,93,780,928,6380,1071,671,800,2804,839,1118,6235,1481,1684,11263,60,1864,843,1709,1893,518,394,640,2387,1920,1224,381,1254,193,551
"Seguridad","Robo","2016_7",1003,3566,981,116,812,916,6661,742,637,765,2732,961,567,6651,1480,1662,10291,61,1797,931,1567,2049,499,355,629,2435,2176,1135,388,1342,246,507
"Seguridad","Robo","2016_8",1055,4015,1117,93,900,1104,7276,817,727,886,2916,1053,703,6832,1424,1642,11298,62,1969,948,1642,2233,492,1135,681,829,2154,1256,385,1415,236,592
"Seguridad","Robo","2016_9",935,3999,999,98,869,1104,7341,1075,650,890,2887,1076,1113,5930,1414,1557,11629,78,1644,939,1752,2079,525,1203,669,876,2275,1285,367,1608,195,611
"Seguridad","Robo","2016_10",1067,4328,952,101,827,1271,7885,967,650,885,3116,986,1227,7118,1482,1628,11644,61,1450,0,1953,2342,756,1004,795,808,2424,1379,403,1600,255,599
"Seguridad","Robo","2016_11",1010,4137,1045,87,738,1165,7596,816,664,895,2976,1037,1251,7080,1513,1542,11292,72,1358,928,1677,2048,926,831,738,676,2253,1383,387,1880,244,594
"Seguridad","Robo","2016_12",1039,4798,1065,74,717,1162,7217,1300,674,818,3186,1065,1019,7873,1461,1606,11270,44,1447,932,1521,2044,949,824,795,683,1979,1467,401,1436,192,625
"Seguridad","Robo","2017_1",1126,4815,1007,87,890,1236,7964,939,799,968,3413,1012,1144,7780,1465,1523,11892,109,1681,981,2129,2003,815,851,823,933,1999,1363,439,2727,252,562
"Seguridad","Robo","2017_2",937,4324,810,78,690,1336,7403,909,619,872,3261,894,1230,6650,1296,1505,10421,52,1273,511,2060,1976,713,794,819,812,1879,1217,435,2212,210,534
"Seguridad","Robo","2017_3",1075,4813,836,68,702,1633,8027,1231,760,963,3348,1097,1127,7674,1414,1557,12124,41,1551,890,2473,2259,1092,1016,912,1239,2116,1311,529,2472,221,638
"Seguridad","Robo","2017_4",1000,4491,834,77,671,1306,7431,728,682,920,3093,912,1166,6727,1401,1440,11345,32,1360,970,2395,1967,808,1192,823,830,2133,1224,404,2231,179,597
"Seguridad","Robo","2017_5",1175,4594,954,64,782,1336,8639,666,658,968,3184,959,1331,7364,1525,1481,13097,42,1387,840,2590,2162,904,965,924,1051,2439,1370,448,2453,161,639
"Seguridad","Robo","2017_6",1304,3986,1021,78,770,1343,8920,946,671,871,3045,811,1213,7554,1519,1663,13451,47,1353,990,2598,2343,810,1110,862,952,2380,1390,438,2409,198,629
"Seguridad","Robo","2017_7",1313,4218,919,83,810,1410,8886,803,713,914,3312,814,1165,7414,1602,1372,14278,51,1428,899,2531,2263,893,1047,779,709,2242,1247,461,2201,186,616
"Seguridad","Robo","2017_8",1422,4189,929,78,956,1619,9266,911,670,883,3484,772,1345,7608,1685,1489,15219,54,1504,1021,2535,2402,935,967,859,1064,2287,1305,463,2509,164,719
"Seguridad","Robo","2017_9",1492,4121,888,60,735,1511,8348,762,685,907,3310,794,1243,7359,1510,1425,14271,50,1360,840,2602,2365,831,928,828,816,2001,1404,432,2367,179,675
"Seguridad","Robo","2017_10",1516,3920,950,64,792,1599,9543,843,764,948,3536,800,1175,7863,1664,1451,15960,28,1453,1094,2757,2446,1437,1077,819,913,2177,1699,465,2516,175,627
"Seguridad","Robo","2017_11",1509,3923,800,74,712,1535,9153,982,700,985,3310,749,1170,7486,1623,1522,14999,43,1384,919,2735,2463,1082,985,778,683,2054,1458,413,2121,149,572
"Seguridad","Robo","2017_12",1336,3991,849,72,650,1502,9134,718,615,959,3513,672,1091,7127,1558,1258,14098,35,1143,932,2216,2371,1121,918,659,454,1762,1187,433,2044,144,540
"Seguridad","Robo","2018_1",1368,4166,919,80,669,1463,9625,735,636,1002,3755,720,1439,7742,1473,1377,14412,66,1280,1094,2794,2383,1052,1032,803,647,2134,1209,406,2054,140,681
"Seguridad","Robo","2018_2",1240,3404,825,81,615,1286,9129,723,625,895,3335,622,1086,7302,1487,1363,13624,100,1256,1028,2488,2111,1045,1046,662,615,2073,1213,373,2068,149,717
"Seguridad","Robo","2018_3",1398,3723,793,78,739,1370,9851,990,637,942,3412,657,1016,7335,1607,1368,14386,106,1332,1084,2761,2298,1156,1074,701,599,2007,1206,392,2277,196,689
"Seguridad","Robo","2018_4",1456,3671,809,86,821,1387,9782,725,599,870,3450,672,1306,6612,1520,1533,14259,112,1343,922,2762,2257,1184,1070,718,610,2146,1121,339,2319,166,731
"Seguridad","Robo","2018_5",1415,3646,899,70,876,1357,10467,1003,672,972,3408,720,1233,7025,1610,1551,14402,109,1430,943,2624,2425,1223,1023,710,702,2180,1200,348,1995,192,649
"Seguridad","Robo","2018_6",1347,3309,888,67,825,1420,9833,700,704,919,3154,725,1167,7121,1504,1443,13762,99,1274,912,2630,2295,1009,1124,657,629,2061,1148,324,1881,190,603
"Seguridad","Robo","2018_7",1457,3029,837,77,861,1404,10665,683,783,876,3984,742,1205,7243,1677,1455,13662,107,1440,946,2823,2394,1101,1064,631,546,2104,1150,330,1866,198,658
"Seguridad","Robo","2018_8",1348,3245,858,88,851,1447,11097,936,729,722,3819,741,1204,7145,1607,1449,14548,125,1361,1140,2755,2493,1344,1288,753,601,2194,1330,345,1893,216,689
"Seguridad","Robo","2018_9",1158,3094,870,79,763,1336,10214,706,668,808,3508,757,1155,6491,1444,1489,13403,101,1282,1087,2614,2275,1115,1324,668,527,1973,1141,332,1847,179,547
"Seguridad","Robo","2018_10",1263,3166,955,89,927,1431,11657,549,754,989,3665,747,1265,7306,1639,1543,14562,78,1329,1135,3021,2437,1190,1404,838,769,2219,1274,409,1824,215,639
"Seguridad","Robo","2018_11",1073,3052,814,92,724,1302,10729,649,703,875,3774,657,1425,6888,1551,1458,13563,90,1353,1153,2653,2164,1300,1291,738,625,2116,1049,347,1812,295,553
"Seguridad","Robo","2018_12",1174,3200,883,94,665,1296,10465,467,653,759,3718,623,1140,6825,1492,1284,12946,79,1113,1097,2552,2304,1599,1251,729,600,1852,1057,351,1759,235,577
"Seguridad","Robo","2019_1",1217,3384,808,92,760,1379,10835,495,661,814,3630,655,1544,8537,1674,1386,12885,85,1262,1142,2673,2344,1596,1315,667,526,1939,1148,298,2161,180,621
"Seguridad","Robo","2019_2",1030,2852,729,74,657,1330,9806,676,579,800,3410,609,1445,6956,1289,1193,12187,59,1122,1057,2682,2208,1368,1210,589,479,1694,1074,234,2497,163,604
"Seguridad","Robo","2019_3",1085,3010,772,79,506,1350,9979,612,625,911,3452,712,1300,6564,1372,1435,14010,77,1198,1046,3272,2258,1511,1288,678,563,1807,1216,267,2766,247,570
"Seguridad","Robo","2019_4",1131,3200,719,72,570,1332,9301,566,623,873,3417,607,1261,6780,1381,1308,12584,68,1133,1030,3354,2302,1488,1314,585,534,1619,1081,286,2584,297,595
"Seguridad","Robo","2019_5",1193,3244,692,82,539,1367,9493,689,656,856,3629,644,1290,5907,1460,1324,14150,70,1107,1110,3376,2246,1960,1388,654,581,1821,1144,222,2599,316,613
"Seguridad","Robo","2019_6",1024,3109,665,88,581,1261,9060,528,622,776,3404,556,1058,6108,1387,1236,13075,70,1148,1083,2975,2156,1769,1407,630,427,1745,1053,219,2343,265,574
"Seguridad","Robo","2019_7",1033,3043,707,94,594,1404,8836,564,663,878,3847,697,1140,6697,1386,1349,13550,65,1074,1113,3423,2266,1865,1494,609,519,1919,1088,218,2515,298,644
"Seguridad","Robo","2019_8",1088,3159,785,102,579,1464,8914,574,634,890,3739,692,987,6625,1467,1263,13630,56,1099,1153,3182,2246,1836,1550,535,584,1619,1114,211,2298,196,586
"Seguridad","Robo","2019_9",998,2808,702,84,428,1414,8408,497,572,871,3532,577,1218,5630,1470,1380,12727,37,1142,1095,2752,2058,1679,1305,525,742,1502,1118,219,2375,174,654
"Seguridad","Robo","2019_10",1108,3178,737,99,454,1419,8757,588,684,693,3684,588,1326,6310,1568,1546,13461,42,1323,1185,2952,2319,1810,1440,622,763,1634,1130,226,2734,155,669
"Seguridad","Robo","2019_11",1041,3078,680,101,370,1254,8289,452,603,825,3562,667,1195,5125,1410,1601,12909,55,1202,1140,2664,2193,1775,1406,565,714,1495,953,213,2665,187,635
"Seguridad","Robo","2019_12",1040,3115,629,96,372,1212,7753,413,625,873,3426,560,1109,5008,1375,1280,12113,51,1425,999,2582,2220,1393,1378,496,859,1373,900,209,2350,147,613
"Seguridad","Robo","2020_1",1074,3080,670,99,412,1342,8049,502,584,952,3761,673,1354,5673,1465,1410,12833,76,1493,1037,2384,2170,1894,1458,569,967,1585,983,188,2205,133,712
"Seguridad","Robo","2020_2",1014,2690,565,80,346,1275,8107,507,561,885,3263,622,1246,4857,1273,1349,12050,73,1582,1110,2206,2041,1555,1303,536,797,1355,900,192,2185,71,591
"Seguridad","Robo","2020_3",1052,2966,574,74,344,1238,8182,526,500,782,3170,524,1225,4659,1361,1477,11787,92,1488,1015,2326,2074,1602,1125,535,754,1259,831,186,2147,55,575
"Seguridad","Robo","2020_4",670,1856,358,72,247,961,4712,382,427,588,2387,376,823,3627,886,1010,10474,45,1202,728,1901,1638,852,773,365,704,648,519,176,1469,36,366
"Seguridad","Robo","2020_5",686,1907,337,76,239,943,4549,506,397,660,2623,348,725,3820,1050,1059,10134,65,1194,730,1883,1585,839,821,479,822,592,575,193,1376,30,402
"Seguridad","Robo","2020_6",779,1982,459,69,239,1019,5297,620,458,654,2669,374,693,4215,1060,1176,10693,49,1236,730,1892,1602,1203,948,525,751,892,741,208,1828,55,472
"Seguridad","Robo","2020_7",833,2242,495,67,286,1074,6234,705,518,775,2724,450,803,4620,1181,1286,11410,71,1153,844,2099,1907,1301,1090,496,961,1040,607,244,1772,22,495
"Seguridad","Robo","2020_8",857,2171,383,69,270,1077,6426,622,500,747,2722,478,896,4448,1139,1290,11503,60,1236,797,2007,1971,1210,949,644,697,1133,669,265,1750,32,472
"Seguridad","Robo","2020_9",833,2195,475,65,289,1075,6363,639,639,807,2782,443,957,4297,1076,1208,11476,55,1326,823,2124,1947,1250,1062,655,802,1080,688,234,1935,31,483
"Seguridad","Robo","2020_10",933,2266,500,79,277,999,6956,563,705,874,2936,533,1077,4579,1202,1214,12137,49,1359,824,2257,2043,1199,1129,703,707,1170,810,230,2069,39,480
"Seguridad","Robo","2020_11",813,2314,434,93,248,910,6809,390,560,512,2604,562,1003,4107,1109,1330,11095,70,1403,794,2161,1917,1296,1059,618,709,1091,659,242,1933,33,420
"Seguridad","Robo","2020_12",873,2324,440,82,234,1001,6278,395,566,476,2757,534,786,4553,1138,1291,10666,40,1419,912,2308,1865,1309,1057,535,579,1116,659,257,1760,46,424
"Seguridad","Robo","2021_1",823,2351,371,75,240,1122,6035,472,560,666,2606,464,706,4201,1179,1039,10174,69,1164,853,2070,1740,1168,1045,593,634,948,691,214,1936,36,504
"Seguridad","Robo","2021_2",745,2272,412,72,244,1033,5951,480,496,659,2486,444,721,3823,926,1146,10499,74,992,776,2106,1634,1056,827,635,752,941,577,209,1806,28,453
"Seguridad","Robo","2021_3",845,2609,448,83,278,1183,6924,522,561,803,2686,534,1039,4418,1091,1336,11950,71,1208,843,2279,1861,1354,1056,668,811,1040,771,261,2047,19,541
"Seguridad","Robo","2021_4",808,2543,408,89,236,1091,6572,615,576,817,2487,496,852,4102,986,1285,11247,54,1202,740,2248,1729,1317,1008,643,702,834,736,214,1981,25,503
"Seguridad","Robo","2021_5",902,2451,362,86,255,1127,6934,552,599,628,2333,557,887,4087,999,1273,11778,58,1108,818,2269,1848,1354,1092,631,705,951,763,241,1947,23,483
"Seguridad","Robo","2021_6",809,2552,405,87,222,1165,6817,605,560,863,2531,505,971,4565,1044,1298,11851,70,999,793,2587,1722,1390,1150,644,639,1093,758,252,1968,23,501
"Seguridad","Robo","2021_7",883,2680,373,86,244,1277,6806,775,648,750,2573,476,865,4633,1052,1215,11894,90,1073,897,2701,1821,1316,1156,544,653,1134,706,309,1879,35,463
"Seguridad","Robo","2021_8",872,2576,466,86,211,1298,6803,601,615,534,2621,515,950,4502,1121,1260,11905,94,1373,931,2397,1820,1346,1199,558,700,951,737,272,1796,29,508
"Seguridad","Robo","2021_9",882,2541,403,75,224,1240,6514,840,845,499,2561,510,922,4401,1169,1174,11913,53,1034,948,2390,1801,1411,1373,700,894,1040,736,272,1880,25,497
"Seguridad","Robo","2021_10",835,2654,453,87,243,1307,6898,676,936,538,2664,551,996,4512,1143,1261,12462,78,1148,972,2464,1902,1404,1413,663,868,1057,802,258,1817,34,538
"Seguridad","Robo","2021_11",896,2762,472,461,231,1203,6871,516,924,543,2515,549,1132,4462,1093,1243,11525,81,1586,1006,2413,2003,1304,1378,701,865,984,774,222,1748,41,618
"Seguridad","Robo","2021_12",803,2848,495,445,211,1380,6442,482,728,455,2748,599,733,4373,1114,1300,11647,58,1331,1073,2614,1986,1272,1411,555,706,954,762,279,1892,34,514
"Seguridad","Robo","2022_1",834,2699,416,468,232,1238,5800,661,762,537,2636,532,976,4015,987,1225,11154,75,1279,1046,2371,1890,1166,1138,579,694,860,639,266,1635,23,494
"Seguridad","Robo","2022_2",796,2534,443,436,213,1182,5880,610,525,503,2435,469,994,3767,887,1201,10822,120,1043,855,2242,1701,1157,1179,585,743,849,634,233,1678,21,461
"Seguridad","Robo","2022_3",893,2904,461,470,255,1250,6588,741,495,487,2724,538,1015,4011,961,1228,12398,134,1288,930,2618,2024,1266,1440,684,823,931,774,250,1954,31,470
"Seguridad","Robo","2022_4",866,2693,449,496,196,1160,5955,483,518,580,2456,518,990,3668,863,1115,11555,78,1376,929,2308,1809,1256,1222,692,708,856,689,213,1640,36,455
"Seguridad","Robo","2022_5",871,2921,459,393,200,1345,6478,648,566,457,2569,524,1085,3762,914,1187,11866,117,1423,992,2810,1869,1237,1618,754,723,813,665,250,1648,39,532
"Seguridad","Robo","2022_6",908,2673,500,504,194,1190,6336,730,714,620,2648,477,1082,3941,893,1221,11714,101,1605,941,2544,1873,1252,1516,723,628,820,669,237,1620,40,576
"Seguridad","Robo","2022_7",875,2764,468,551,197,1151,6545,553,613,561,2529,493,871,3883,832,1224,11358,89,1329,930,2455,1905,1152,1263,456,504,948,648,225,1630,46,550
"Seguridad","Robo","2022_8",866,2872,515,515,276,1189,6802,571,614,621,2605,504,1200,4124,1004,1363,11851,129,1614,986,2596,1985,1334,1303,682,666,962,819,252,1652,44,538
"Seguridad","Robo","2022_9",933,2590,527,563,213,1244,6627,693,504,559,2599,518,1139,3654,888,1420,11194,171,1617,941,2491,1962,1236,1498,658,688,925,681,236,1745,49,594
"Seguridad","Robo","2022_10",990,2790,498,556,192,1261,6914,545,541,646,2786,491,1231,3862,1044,1443,11670,143,1450,972,2645,2109,1235,1520,767,678,917,724,278,1632,46,589
"Seguridad","Robo","2022_11",898,2992,493,497,187,1176,6899,512,762,436,2630,494,1149,3847,1012,1327,11217,122,1492,962,2453,1904,1234,1321,700,715,828,757,253,1768,43,540
"Seguridad","Robo","2022_12",931,2646,493,487,173,1151,6308,575,501,320,2642,476,875,3663,1019,1242,11344,91,1033,993,2626,1952,1219,1197,526,578,928,741,260,1678,43,516
"Seguridad","Robo","2023_1",977,2679,477,525,203,1247,6491,481,578,397,2829,475,1163,3927,1003,1312,11309,143,1122,993,2511,2066,1310,1312,1241,704,846,802,275,1489,39,602
"Seguridad","Robo","2023_2",820,2561,440,450,200,1119,6315,553,466,352,2630,442,1029,3521,880,1172,10457,118,967,822,2417,1846,1240,1137,760,691,720,678,236,1457,48,504
"Seguridad","Robo","2023_3",942,2747,543,520,208,1269,6668,676,567,396,2703,556,1014,3762,1056,1314,11189,157,1075,1001,2747,1905,1421,1257,817,814,885,762,274,1735,48,559
"Seguridad","Robo","2023_4",929,2541,473,494,172,1226,6404,521,434,286,2215,474,866,3180,904,1178,9903,158,987,847,2504,1790,1200,1213,618,604,736,689,246,1540,27,536
"Seguridad","Robo","2023_5",988,2929,512,493,173,1311,6580,533,436,315,2481,430,1105,3504,935,1226,9936,162,793,973,2779,1949,1322,1418,744,710,781,918,255,1579,34,515
"Seguridad","Robo","2023_6",853,2745,446,538,185,1255,6200,661,465,301,2374,427,980,3294,1000,1237,10679,129,846,791,2934,1814,1325,1290,752,731,726,800,235,1521,40,526
"Seguridad","Robo","2023_7",943,2711,412,514,188,1324,6082,460,467,253,2331,454,979,3459,971,1239,10969,149,805,747,2699,1864,1188,1425,608,659,752,840,249,1502,28,475
"Seguridad","Robo","2023_8",997,2885,470,555,204,1271,6163,440,427,345,2595,426,986,3574,1001,1364,11260,149,901,777,2711,2022,1145,1327,681,620,774,844,262,1534,38,357
"Seguridad","Robo","2023_9",940,2803,416,481,200,1245,5938,594,466,328,2491,452,1218,3281,989,1366,10795,160,833,703,2699,2010,1029,1372,751,619,806,822,243,1526,30,560
"Seguridad","Robo","2023_10",978,2846,436,483,219,1324,6348,511,465,321,2717,384,1100,3654,1094,1472,11186,140,986,666,2739,1979,1123,1243,767,645,776,811,268,1607,54,604
"Seguridad","Robo","2023_11",840,3033,423,488,188,1271,6106,485,490,275,2541,640,1083,3604,1001,1275,10396,138,903,674,2505,1981,1087,1186,745,643,792,826,243,1608,40,538
"Seguridad","Robo","2023_12",841,2978,439,458,176,1083,5663,541,423,190,2517,512,932,3387,943,1230,9929,110,765,668,2578,2050,1045,1123,542,570,781,848,241,1405,58,496
"Seguridad","Robo","2024_1",936,3101,481,437,182,1335,5728,414,397,277,2685,486,1170,3648,1005,1253,11109,151,769,646,2793,1892,1152,1286,696,643,812,845,245,1487,46,573
"Seguridad","Robo","2024_2",853,2902,415,374,179,1106,5660,588,353,264,2585,448,1053,3240,920,1230,10275,131,868,522,2373,1881,969,1156,725,489,768,808,227,1415,34,479
"Seguridad","Robo","2024_3",936,2773,398,402,194,1122,5564,393,378,214,2611,489,934,3156,859,1137,10479,130,770,574,2464,1776,1001,986,650,414,780,814,227,1426,40,443
"Seguridad","Robo","2024_4",962,2970,463,402,201,1142,5417,442,390,221,2559,543,941,3196,940,1295,9944,107,917,666,2764,1889,1088,1197,655,463,742,800,190,1487,41,453
"Seguridad","Robo","2024_5",904,2662,451,452,210,1232,5615,541,363,228,2522,486,1025,3278,977,1201,9895,124,786,643,2911,1740,1051,1081,585,466,783,802,192,1360,58,474
"Seguridad","Robo","2024_6",763,2320,425,338,195,1075,5447,453,293,210,2334,453,856,3071,929,1207,9299,106,747,564,2691,1711,1022,1085,598,506,820,757,229,1271,31,410
"Seguridad","Robo","2024_7",943,2328,505,130,212,1301,5845,462,343,234,2767,475,755,3352,921,1276,10511,103,786,561,2975,1818,1060,1176,541,491,853,834,230,1385,44,445
"Seguridad","Robo","2024_8",810,2123,503,74,189,1224,5907,497,314,298,2777,511,1036,3186,925,1218,10344,115,831,538,2884,1912,1165,1244,655,459,783,681,232,1225,57,489
"Seguridad","Robo","2024_9",834,2080,437,56,202,1226,5674,428,383,222,2738,499,899,3034,939,1173,9967,114,848,523,2647,1681,1022,1201,856,513,786,730,272,1190,33,437
"Seguridad","Robo","2024_10",822,2372,505,56,224,1233,5915,570,441,269,2889,546,995,3249,1122,1307,10636,124,893,538,2829,1939,1108,1168,1149,631,882,767,199,1399,38,445
"Seguridad","Robo","2024_11",807,1942,545,77,194,1179,5676,386,415,230,2577,455,955,2868,963,1146,9820,65,820,613,2535,1686,1068,1136,1171,833,895,859,217,1297,40,431
"Seguridad","Robo","2024_12",794,1868,478,70,198,1074,5455,413,376,180,2614,480,730,3181,1000,1111,9927,64,699,485,2478,1730,880,1033,860,489,890,692,222,1271,48,422
"Seguridad","Robo","2025_1",814,1877,475,58,195,1030,5287,568,341,248,2642,502,947,3445,1026,1185,10512,103,674,468,2876,1746,1028,1060,1072,432,782,756,175,1299,57,442
"Seguridad","Robo","2025_2",721,1655,430,63,155,1101,4781,491,312,182,2426,408,893,2533,839,1124,9121,91,687,474,2632,1466,945,979,1066,502,745,679,136,1328,46,316
"Seguridad","Robo","2025_3",845,1833,485,66,152,1129,5471,449,357,204,2810,434,847,2642,842,1196,9555,91,694,411,2865,1638,978,937,1052,420,785,679,146,1295,54,369
"Seguridad","Robo","2025_4",831,1747,434,62,170,974,5053,577,329,174,2584,408,971,2737,844,1168,7389,104,738,484,2585,1546,958,959,1014,482,774,732,128,1278,60,388
"Seguridad","Robo","2025_5",797,1708,479,72,142,932,5265,535,357,178,2788,425,900,2623,826,1251,7901,103,661,442,2866,1587,912,951,1128,477,713,711,134,1299,67,418
"Seguridad","Robo","2025_6",751,1632,452,67,123,925,5101,519,317,191,2706,404,991,2591,891,1059,7843,85,695,440,2788,1590,910,1011,1056,386,719,671,122,1319,40,389
"Seguridad","Robo","2025_7",0,0,0,0,0,0,0,0,0,0,0,0,0,0,0,0,0,0,0,0,0,0,0,0,0,0,0,0,0,0,0,0
"Seguridad","Robo","2025_8",0,0,0,0,0,0,0,0,0,0,0,0,0,0,0,0,0,0,0,0,0,0,0,0,0,0,0,0,0,0,0,0
"Seguridad","Robo","2025_9",0,0,0,0,0,0,0,0,0,0,0,0,0,0,0,0,0,0,0,0,0,0,0,0,0,0,0,0,0,0,0,0
"Seguridad","Robo","2025_10",0,0,0,0,0,0,0,0,0,0,0,0,0,0,0,0,0,0,0,0,0,0,0,0,0,0,0,0,0,0,0,0
"Seguridad","Robo","2025_11",0,0,0,0,0,0,0,0,0,0,0,0,0,0,0,0,0,0,0,0,0,0,0,0,0,0,0,0,0,0,0,0
"Seguridad","Robo","2025_12",0,0,0,0,0,0,0,0,0,0,0,0,0,0,0,0,0,0,0,0,0,0,0,0,0,0,0,0,0,0,0,0
"Seguridad","Secuestro","2015_1",0,1,0,0,0,2,3,0,1,0,0,11,3,1,2,3,18,3,2,0,2,1,1,1,1,0,6,17,4,5,0,2
"Seguridad","Secuestro","2015_2",0,1,0,1,0,1,4,4,0,0,1,10,3,3,2,3,15,1,0,7,3,0,0,4,3,0,8,23,0,9,0,2
"Seguridad","Secuestro","2015_3",1,0,0,0,2,0,3,1,0,0,0,5,1,2,3,2,15,0,3,0,2,2,0,0,1,0,3,20,0,8,0,2
"Seguridad","Secuestro","2015_4",1,2,0,0,0,0,5,2,0,0,2,8,1,1,3,1,10,1,2,0,4,2,1,0,1,1,5,18,0,11,0,3
"Seguridad","Secuestro","2015_5",0,2,0,1,0,0,5,4,0,1,1,3,1,2,3,2,14,2,4,3,1,3,2,1,1,2,9,17,1,8,0,3
"Seguridad","Secuestro","2015_6",0,2,0,1,1,1,2,3,0,1,0,7,2,2,4,3,18,1,1,0,3,1,1,4,0,0,14,27,0,7,0,1
"Seguridad","Secuestro","2015_7",0,1,0,1,0,0,6,0,0,1,0,9,1,0,1,4,6,1,3,0,3,2,0,2,1,1,7,18,1,9,0,1
"Seguridad","Secuestro","2015_8",1,1,0,0,0,0,3,3,0,0,1,3,3,3,1,2,8,1,1,4,2,3,0,1,0,0,3,11,0,9,0,0
"Seguridad","Secuestro","2015_9",0,0,0,0,1,1,5,3,1,1,1,6,2,0,3,2,13,0,1,0,3,0,0,3,1,0,4,20,0,6,0,2
"Seguridad","Secuestro","2015_10",1,0,0,2,1,1,9,2,0,0,1,6,0,2,3,2,7,1,0,0,6,2,0,4,1,1,3,18,1,9,0,1
"Seguridad","Secuestro","2015_11",1,1,0,0,2,0,4,3,2,1,1,4,1,2,3,4,20,0,2,3,0,0,0,0,1,1,6,20,0,9,0,0
"Seguridad","Secuestro","2015_12",0,0,0,0,3,0,6,0,1,1,0,9,1,2,3,4,19,1,2,0,4,3,0,1,1,2,10,21,1,7,0,1
"Seguridad","Secuestro","2016_1",0,0,0,1,1,0,4,0,1,0,0,10,0,0,3,2,18,0,1,3,2,1,0,0,2,0,9,9,0,10,0,1
"Seguridad","Secuestro","2016_2",0,3,0,0,1,0,3,3,0,0,1,7,2,3,1,1,17,1,0,3,3,0,0,1,1,0,6,14,1,9,0,3
"Seguridad","Secuestro","2016_3",0,3,0,0,1,1,3,2,1,1,1,4,0,2,1,4,25,0,2,2,2,1,1,3,1,0,2,10,0,12,1,1
"Seguridad","Secuestro","2016_4",0,2,0,0,3,0,3,3,1,1,2,7,3,3,1,4,23,0,3,3,4,1,0,1,2,2,6,8,0,10,0,2
"Seguridad","Secuestro","2016_5",0,0,0,0,0,1,6,1,0,0,0,8,0,1,2,2,19,0,2,2,4,0,0,4,2,0,6,11,1,9,0,3
"Seguridad","Secuestro","2016_6",0,2,0,0,2,1,4,1,0,1,2,7,0,0,2,4,32,0,2,2,0,0,0,2,2,1,4,5,0,12,0,2
"Seguridad","Secuestro","2016_7",0,0,0,2,2,1,6,1,0,1,1,5,2,2,3,6,25,0,4,1,5,0,0,3,1,0,10,8,1,12,0,4
"Seguridad","Secuestro","2016_8",0,1,0,0,0,0,5,3,0,0,0,6,1,2,3,5,15,0,3,2,2,1,0,1,0,1,5,13,0,11,0,3
"Seguridad","Secuestro","2016_9",1,1,0,1,0,0,2,1,0,1,0,3,0,2,2,6,14,0,2,1,4,2,2,2,0,1,10,13,0,10,0,6
"Seguridad","Secuestro","2016_10",0,2,0,1,4,3,1,3,1,0,0,5,3,1,2,2,27,0,3,0,1,0,1,1,1,0,7,21,1,11,0,5
"Seguridad","Secuestro","2016_11",0,0,0,1,0,1,5,1,0,2,0,4,1,0,3,1,28,1,3,5,3,3,1,3,2,0,10,23,1,9,0,6
"Seguridad","Secuestro","2016_12",1,0,0,0,1,1,4,2,0,4,1,6,2,0,2,4,11,1,2,4,2,3,3,5,0,0,10,20,0,17,0,1
"Seguridad","Secuestro","2017_1",1,1,0,2,4,0,1,1,0,3,1,6,0,1,2,2,15,0,2,4,4,2,0,1,2,0,5,16,1,15,0,7
"Seguridad","Secuestro","2017_2",0,3,0,0,1,0,4,0,0,1,0,4,0,0,4,3,15,0,4,4,4,0,1,4,0,0,6,14,0,13,0,6
"Seguridad","Secuestro","2017_3",0,2,1,0,0,0,4,1,0,2,1,5,2,2,3,4,14,0,4,2,0,1,2,0,0,0,8,19,1,18,0,4
"Seguridad","Secuestro","2017_4",2,0,1,0,2,0,4,0,1,2,0,6,1,1,2,2,12,0,3,10,2,0,0,2,1,0,6,15,1,12,0,4
"Seguridad","Secuestro","2017_5",1,1,0,0,2,0,4,2,0,1,0,2,4,2,3,4,15,0,4,4,1,2,2,0,0,0,11,13,1,14,0,7
"Seguridad","Secuestro","2017_6",1,0,0,1,2,2,4,2,0,2,0,11,3,2,2,5,12,0,3,2,3,0,1,6,2,0,12,8,0,16,0,5
"Seguridad","Secuestro","2017_7",0,0,0,0,1,1,5,1,3,0,0,4,1,0,3,2,18,0,2,1,2,3,5,2,1,1,3,11,1,16,0,5
"Seguridad","Secuestro","2017_8",0,0,0,0,1,3,5,0,0,0,1,5,3,2,3,3,15,0,3,5,3,0,1,5,2,0,5,11,0,15,0,8
"Seguridad","Secuestro","2017_9",0,1,1,1,2,4,3,2,0,0,1,5,0,1,1,5,16,0,3,4,3,1,1,1,0,0,4,6,1,14,0,7
"Seguridad","Secuestro","2017_10",0,1,0,0,1,2,2,1,0,2,0,6,0,0,2,4,12,0,3,2,4,1,1,3,3,1,5,9,1,13,0,7
"Seguridad","Secuestro","2017_11",1,1,0,1,1,2,2,2,0,2,0,8,6,2,2,3,19,1,2,6,6,0,1,2,2,0,7,5,1,15,0,4
"Seguridad","Secuestro","2017_12",0,3,0,1,4,1,2,1,0,0,0,7,1,0,2,5,10,1,2,7,3,1,5,2,1,0,5,13,0,11,0,3
"Seguridad","Secuestro","2018_1",0,2,0,2,2,0,26,2,1,0,0,7,4,0,1,0,14,0,2,1,4,2,1,2,1,1,16,10,0,11,0,3
"Seguridad","Secuestro","2018_2",0,1,0,2,1,0,17,1,0,0,0,3,1,1,4,2,15,0,3,5,6,0,0,0,0,0,8,11,0,11,0,4
"Seguridad","Secuestro","2018_3",0,2,0,0,5,4,17,2,0,1,0,4,3,1,2,2,15,1,4,5,2,1,0,1,1,0,7,13,0,16,0,3
"Seguridad","Secuestro","2018_4",0,4,0,1,2,2,19,0,2,2,1,3,2,0,4,3,10,1,2,1,3,0,1,1,0,0,15,12,1,15,0,3
"Seguridad","Secuestro","2018_5",1,2,0,0,4,0,23,0,2,0,1,4,3,1,4,3,12,2,1,1,5,0,2,2,1,0,6,8,0,11,0,4
"Seguridad","Secuestro","2018_6",1,1,0,0,3,0,33,0,0,0,0,6,1,2,2,5,13,0,2,2,3,0,1,2,2,0,9,11,1,12,0,1
"Seguridad","Secuestro","2018_7",0,1,0,0,0,2,29,0,3,0,0,2,1,1,4,3,15,2,1,2,5,2,1,1,1,0,10,12,0,13,0,5
"Seguridad","Secuestro","2018_8",0,1,0,0,1,0,25,1,3,2,1,7,0,0,3,2,11,1,2,1,3,0,1,1,0,0,5,8,0,12,0,4
"Seguridad","Secuestro","2018_9",1,0,0,1,0,1,24,0,1,1,1,6,0,3,2,5,9,1,3,3,6,2,2,4,1,0,8,7,1,13,0,3
"Seguridad","Secuestro","2018_10",3,0,0,1,2,1,29,0,2,0,0,6,2,3,4,5,13,1,3,1,4,3,1,4,0,0,5,6,0,12,0,6
"Seguridad","Secuestro","2018_11",1,1,0,1,0,0,21,2,2,0,0,5,3,3,2,8,17,0,3,3,2,1,1,0,0,1,5,4,0,13,0,2
"Seguridad","Secuestro","2018_12",3,0,0,0,4,0,17,3,1,0,0,4,1,1,2,8,30,0,2,2,3,1,3,2,1,0,9,7,0,36,0,3
"Seguridad","Secuestro","2019_1",1,0,0,0,1,0,35,0,2,0,1,8,1,0,5,8,19,1,2,5,11,1,2,4,0,1,1,7,2,39,0,4
"Seguridad","Secuestro","2019_2",1,0,0,0,0,0,12,2,5,0,1,7,4,2,5,7,13,0,3,1,10,2,1,2,0,1,9,4,0,40,0,5
"Seguridad","Secuestro","2019_3",1,2,1,2,3,1,15,1,2,0,1,2,2,1,3,4,19,1,0,3,10,1,1,0,3,0,3,5,3,32,0,4
"Seguridad","Secuestro","2019_4",0,1,0,0,2,3,11,1,1,0,1,4,4,1,3,5,13,0,0,0,4,0,1,4,0,1,1,3,1,22,0,2
"Seguridad","Secuestro","2019_5",2,0,0,0,4,5,12,2,1,0,1,5,2,2,3,5,21,0,2,1,7,2,2,1,0,2,1,1,0,27,0,5
"Seguridad","Secuestro","2019_6",1,0,0,0,0,2,13,0,0,0,0,4,4,1,4,2,12,0,4,5,4,0,0,3,1,1,2,1,1,21,0,5
"Seguridad","Secuestro","2019_7",2,1,1,0,2,0,30,1,2,0,1,2,2,1,4,4,23,0,2,2,3,0,4,2,0,1,4,0,0,19,0,6
"Seguridad","Secuestro","2019_8",1,1,1,0,2,0,11,0,0,0,1,5,4,1,3,5,18,0,3,2,10,0,2,0,1,1,4,3,2,18,0,3
"Seguridad","Secuestro","2019_9",1,1,2,0,2,1,14,0,1,0,1,1,1,3,5,6,13,0,3,1,2,0,4,1,0,0,4,2,3,28,0,2
"Seguridad","Secuestro","2019_10",0,3,0,0,1,0,14,1,1,0,0,2,5,3,5,9,17,1,3,3,3,0,3,2,0,2,4,3,1,26,0,4
"Seguridad","Secuestro","2019_11",1,1,0,0,1,2,4,1,2,1,0,3,1,2,4,9,21,0,2,0,2,0,2,3,0,0,4,2,1,13,0,4
"Seguridad","Secuestro","2019_12",1,0,0,1,3,2,9,1,1,0,2,1,0,3,3,8,17,0,2,0,3,2,2,2,1,2,3,0,0,13,0,3
"Seguridad","Secuestro","2020_1",4,0,0,0,0,0,8,1,0,0,1,0,0,1,3,9,18,0,2,2,1,1,1,2,1,0,6,2,3,17,0,4
"Seguridad","Secuestro","2020_2",3,3,0,0,0,1,10,0,0,0,1,1,1,2,4,6,13,0,3,2,1,0,0,1,1,1,5,1,1,15,0,2
"Seguridad","Secuestro","2020_3",0,1,0,0,2,3,3,1,1,0,0,1,6,3,1,5,11,0,1,2,0,2,4,2,2,0,2,2,1,16,0,4
"Seguridad","Secuestro","2020_4",0,2,0,0,2,2,6,0,1,0,1,3,3,1,4,7,18,1,1,1,2,2,2,2,0,0,0,1,2,8,0,3
"Seguridad","Secuestro","2020_5",0,1,1,0,1,1,6,0,1,0,1,3,2,0,3,5,9,0,1,3,1,0,0,1,0,0,3,1,2,10,0,3
"Seguridad","Secuestro","2020_6",0,0,0,0,0,3,5,1,1,0,1,1,2,1,3,5,13,0,0,3,7,0,0,2,2,0,1,0,2,8,0,2
"Seguridad","Secuestro","2020_7",1,0,0,0,0,0,8,2,1,0,1,3,1,1,6,4,5,0,3,3,3,1,1,1,0,0,2,5,0,9,0,3
"Seguridad","Secuestro","2020_8",1,2,2,2,2,3,6,1,0,0,4,2,1,1,6,2,17,0,1,3,2,0,0,1,0,1,3,0,0,11,0,5
"Seguridad","Secuestro","2020_9",1,2,1,0,4,3,2,1,0,0,1,2,2,1,5,3,11,1,2,2,2,1,1,2,1,1,2,4,2,7,0,4
"Seguridad","Secuestro","2020_10",0,1,1,0,0,1,8,0,1,0,1,3,1,0,6,6,13,1,1,3,3,1,0,0,1,0,2,3,1,6,0,2
"Seguridad","Secuestro","2020_11",1,2,0,0,2,2,3,1,1,0,1,2,1,1,6,2,12,0,0,1,4,0,1,1,0,0,1,1,0,7,0,2
"Seguridad","Secuestro","2020_12",1,0,0,0,0,1,3,0,0,1,1,1,2,1,1,3,15,0,1,6,1,1,1,1,3,0,5,1,1,8,0,1
"Seguridad","Secuestro","2021_1",0,0,0,0,2,3,4,0,0,0,2,0,0,3,2,2,9,2,1,2,0,0,1,2,2,0,2,0,1,6,0,1
"Seguridad","Secuestro","2021_2",1,2,3,1,0,2,4,0,1,0,0,0,3,2,2,1,16,2,2,2,1,0,3,1,1,1,0,1,1,5,0,2
"Seguridad","Secuestro","2021_3",0,3,1,0,0,2,1,0,0,0,2,2,1,0,5,2,13,0,2,1,1,1,2,4,0,0,2,2,1,6,0,1
"Seguridad","Secuestro","2021_4",0,0,0,0,0,1,3,0,2,0,1,2,2,2,0,1,6,0,0,3,4,2,0,1,1,1,2,2,0,5,1,1
"Seguridad","Secuestro","2021_5",0,0,0,0,1,7,4,2,1,0,0,1,4,2,3,0,9,1,0,1,1,2,2,1,1,1,4,2,2,2,0,1
"Seguridad","Secuestro","2021_6",0,2,0,0,0,1,4,0,0,0,0,0,4,3,4,2,12,0,3,3,0,1,1,0,0,0,2,2,0,3,0,0
"Seguridad","Secuestro","2021_7",0,4,0,0,2,2,3,1,0,0,3,0,2,1,3,2,9,1,4,2,2,0,0,1,0,2,2,4,1,5,0,2
"Seguridad","Secuestro","2021_8",1,1,0,0,1,3,5,0,1,0,0,3,3,1,2,3,10,0,2,4,4,1,0,0,0,2,0,2,3,4,0,2
"Seguridad","Secuestro","2021_9",0,2,0,0,0,1,7,0,1,0,1,3,1,1,2,3,14,0,1,2,1,5,1,2,0,0,1,1,0,3,0,2
"Seguridad","Secuestro","2021_10",0,1,0,0,1,1,4,0,1,0,2,2,3,2,1,3,10,1,1,2,2,0,1,1,0,1,0,5,1,6,0,1
"Seguridad","Secuestro","2021_11",1,0,1,0,1,5,6,0,0,0,0,1,3,2,3,2,12,0,2,2,2,1,2,0,0,1,1,1,0,4,0,2
"Seguridad","Secuestro","2021_12",0,0,0,0,2,5,3,0,0,0,0,0,2,0,1,1,10,0,1,3,1,2,2,1,0,2,0,1,0,3,0,2
"Seguridad","Secuestro","2022_1",1,1,0,0,0,3,8,0,0,0,0,2,1,0,5,1,7,0,1,2,2,2,0,1,0,1,1,0,1,3,0,2
"Seguridad","Secuestro","2022_2",1,2,0,1,3,4,3,0,1,0,2,3,4,4,4,4,9,0,2,3,2,1,0,2,0,1,2,2,0,3,0,2
"Seguridad","Secuestro","2022_3",0,2,0,0,1,0,3,0,0,0,1,1,1,2,4,3,10,0,1,5,0,1,1,3,0,0,0,1,0,5,0,0
"Seguridad","Secuestro","2022_4",0,1,1,0,2,1,0,0,1,0,0,0,1,4,4,3,8,0,1,3,3,3,0,0,2,0,0,0,0,3,0,1
"Seguridad","Secuestro","2022_5",0,2,0,0,1,1,2,0,0,0,0,2,2,3,4,1,7,1,2,2,2,0,0,0,0,3,0,3,0,3,0,1
"Seguridad","Secuestro","2022_6",1,1,0,0,1,2,0,1,1,0,3,1,3,1,1,3,9,0,4,3,2,1,0,1,0,0,1,3,1,3,0,0
"Seguridad","Secuestro","2022_7",0,1,0,0,0,2,3,1,0,0,0,0,0,1,2,1,2,0,2,2,1,1,0,1,0,1,0,1,0,3,0,0
"Seguridad","Secuestro","2022_8",0,3,0,0,1,2,0,0,1,0,1,1,0,3,3,2,6,1,5,4,1,0,0,0,1,0,1,1,0,3,0,0
"Seguridad","Secuestro","2022_9",1,1,2,0,0,1,3,1,0,0,0,2,0,1,6,1,5,0,0,1,3,0,0,1,1,1,2,1,0,3,0,1
"Seguridad","Secuestro","2022_10",1,1,0,0,0,1,1,1,0,1,0,2,1,2,3,3,18,0,2,2,1,0,0,0,0,0,2,2,0,3,0,0
"Seguridad","Secuestro","2022_11",0,3,0,1,0,3,2,0,2,0,1,1,2,0,1,0,6,1,2,1,0,2,0,0,0,1,2,2,1,2,0,0
"Seguridad","Secuestro","2022_12",0,0,0,1,2,1,2,0,1,0,1,1,0,1,2,1,5,0,0,3,0,4,0,2,1,0,1,2,1,1,0,1
"Seguridad","Secuestro","2023_1",0,2,0,0,1,3,1,0,0,0,1,0,1,2,0,2,6,0,2,4,0,1,0,1,0,1,1,4,0,1,0,1
"Seguridad","Secuestro","2023_2",0,1,0,0,0,0,4,0,0,0,1,0,1,1,2,1,7,1,1,5,2,0,0,0,0,0,0,0,0,1,0,1
"Seguridad","Secuestro","2023_3",0,1,0,0,2,5,3,1,1,0,0,1,1,1,1,3,6,0,3,2,2,1,0,0,0,1,1,2,0,3,0,1
"Seguridad","Secuestro","2023_4",0,0,1,0,1,4,3,0,1,0,1,3,0,1,3,1,6,0,1,4,0,0,0,1,0,1,0,0,0,3,0,0
"Seguridad","Secuestro","2023_5",0,2,0,0,0,3,2,0,0,0,0,2,2,1,2,1,11,0,0,1,1,1,0,0,1,1,1,4,0,2,0,0
"Seguridad","Secuestro","2023_6",0,0,0,0,2,2,4,1,0,0,1,1,2,1,2,4,2,0,2,2,2,1,1,3,2,2,2,1,0,5,0,1
"Seguridad","Secuestro","2023_7",0,1,0,0,2,5,3,0,1,0,0,1,2,0,3,6,5,2,1,1,1,3,0,0,0,1,2,2,1,2,0,1
"Seguridad","Secuestro","2023_8",1,1,0,0,1,4,2,0,1,0,0,2,1,1,2,3,4,0,2,2,2,4,1,0,0,0,1,0,0,2,0,0
"Seguridad","Secuestro","2023_9",0,0,0,1,2,7,2,1,0,0,0,0,2,2,1,2,6,0,2,2,0,2,0,1,1,2,1,0,1,2,0,0
"Seguridad","Secuestro","2023_10",0,0,0,0,2,7,2,0,1,0,0,1,3,0,2,2,3,1,0,1,2,0,0,0,0,1,1,0,0,3,0,2
"Seguridad","Secuestro","2023_11",0,1,0,1,1,3,2,0,0,0,0,1,0,5,5,2,6,0,1,1,1,0,1,0,0,1,2,2,0,3,0,1
"Seguridad","Secuestro","2023_12",1,1,0,0,3,5,1,0,0,0,2,2,0,1,0,2,7,1,2,0,1,0,1,2,0,5,0,2,0,1,0,1
"Seguridad","Secuestro","2024_1",1,1,1,0,2,4,0,0,0,0,1,0,1,2,2,0,5,0,0,1,3,2,0,0,3,4,1,2,0,3,0,1
"Seguridad","Secuestro","2024_2",0,3,0,0,0,2,3,0,1,0,1,0,1,1,1,1,3,1,3,0,0,0,2,2,0,1,1,3,1,2,0,2
"Seguridad","Secuestro","2024_3",1,3,0,0,1,2,1,0,0,0,0,0,3,1,3,0,5,0,2,0,1,1,1,0,0,3,1,1,0,1,0,0
"Seguridad","Secuestro","2024_4",0,0,1,0,3,6,2,0,2,0,2,2,2,1,3,1,2,0,3,0,1,0,2,0,0,3,3,1,0,4,0,1
"Seguridad","Secuestro","2024_5",0,1,0,0,3,6,5,0,1,0,1,1,1,2,3,0,8,0,1,0,2,0,2,0,1,2,8,1,1,2,0,0
"Seguridad","Secuestro","2024_6",0,2,0,0,1,8,0,1,0,0,1,0,0,3,3,0,8,0,1,0,3,0,0,0,1,0,3,0,1,6,0,0
"Seguridad","Secuestro","2024_7",0,3,0,0,2,1,1,0,0,0,1,1,2,1,2,1,6,0,4,0,1,0,2,2,0,0,5,3,1,1,0,0
"Seguridad","Secuestro","2024_8",0,1,0,0,2,4,1,1,1,0,0,3,1,2,2,1,2,1,1,2,3,1,0,0,0,3,3,4,1,3,0,1
"Seguridad","Secuestro","2024_9",0,0,0,0,0,2,1,0,0,0,2,0,1,0,1,1,1,0,1,4,0,2,1,0,0,4,2,1,2,1,0,1
"Seguridad","Secuestro","2024_10",0,1,0,0,1,6,1,0,1,0,0,1,0,0,1,1,6,0,2,3,2,0,1,0,1,2,1,0,2,2,0,0
"Seguridad","Secuestro","2024_11",0,0,0,0,4,9,5,0,0,0,0,2,1,3,4,1,3,0,2,7,2,0,0,0,1,1,2,2,2,2,0,1
"Seguridad","Secuestro","2024_12",0,0,0,0,4,1,3,0,0,0,0,0,1,0,4,0,2,0,5,2,3,1,0,0,0,4,6,1,1,1,0,2
"Seguridad","Secuestro","2025_1",0,2,0,0,3,2,1,0,0,0,0,2,0,2,3,2,4,0,3,2,7,0,0,0,0,3,3,2,1,2,0,0
"Seguridad","Secuestro","2025_2",0,0,0,0,0,7,2,0,0,0,0,1,1,1,7,2,0,0,1,2,1,0,0,1,1,4,2,0,1,3,0,1
"Seguridad","Secuestro","2025_3",0,1,0,0,4,5,1,0,0,0,1,0,0,1,3,0,2,0,1,0,1,0,0,0,1,1,6,3,1,5,0,0
"Seguridad","Secuestro","2025_4",0,0,0,0,2,5,0,0,0,0,1,0,0,2,3,1,1,0,3,1,1,0,0,0,0,2,1,0,0,3,0,0
"Seguridad","Secuestro","2025_5",0,0,0,0,1,10,9,0,0,0,2,0,0,1,3,2,4,0,1,2,1,0,0,1,0,3,3,0,2,3,0,1
"Seguridad","Secuestro","2025_6",0,0,0,1,0,7,3,0,0,0,1,0,1,1,4,2,2,1,0,0,2,0,0,0,1,1,5,0,1,1,0,0
"Seguridad","Secuestro","2025_7",0,0,0,0,0,0,0,0,0,0,0,0,0,0,0,0,0,0,0,0,0,0,0,0,0,0,0,0,0,0,0,0
"Seguridad","Secuestro","2025_8",0,0,0,0,0,0,0,0,0,0,0,0,0,0,0,0,0,0,0,0,0,0,0,0,0,0,0,0,0,0,0,0
"Seguridad","Secuestro","2025_9",0,0,0,0,0,0,0,0,0,0,0,0,0,0,0,0,0,0,0,0,0,0,0,0,0,0,0,0,0,0,0,0
"Seguridad","Secuestro","2025_10",0,0,0,0,0,0,0,0,0,0,0,0,0,0,0,0,0,0,0,0,0,0,0,0,0,0,0,0,0,0,0,0
"Seguridad","Secuestro","2025_11",0,0,0,0,0,0,0,0,0,0,0,0,0,0,0,0,0,0,0,0,0,0,0,0,0,0,0,0,0,0,0,0
"Seguridad","Secuestro","2025_12",0,0,0,0,0,0,0,0,0,0,0,0,0,0,0,0,0,0,0,0,0,0,0,0,0,0,0,0,0,0,0,0
"Seguridad","Trata de personas","2015_1",1,1,0,0,13,0,3,0,0,0,2,0,0,0,0,0,3,0,0,0,10,0,1,0,1,0,0,1,0,1,0,1
"Seguridad","Trata de personas","2015_2",0,2,0,0,7,1,4,0,0,0,1,0,0,0,0,1,2,0,0,0,12,0,0,0,0,0,0,0,1,0,0,1
"Seguridad","Trata de personas","2015_3",0,1,0,0,16,3,3,0,0,0,1,1,0,0,0,0,5,0,0,0,10,0,1,0,0,0,3,0,1,0,0,0
"Seguridad","Trata de personas","2015_4",0,0,0,0,15,2,8,0,0,0,2,0,0,0,0,1,5,0,0,0,9,0,1,1,1,0,1,0,3,0,0,0
"Seguridad","Trata de personas","2015_5",0,5,0,0,4,3,3,1,0,0,0,0,0,0,0,1,7,0,0,1,7,0,1,1,0,0,0,1,0,0,0,0
"Seguridad","Trata de personas","2015_6",0,3,0,1,1,2,5,2,0,0,0,0,1,0,1,0,6,0,0,0,12,0,0,0,0,0,0,1,0,0,0,1
"Seguridad","Trata de personas","2015_7",1,2,0,0,1,4,1,0,0,2,0,0,0,0,0,5,1,0,0,0,13,0,0,0,1,0,3,0,0,1,0,0
"Seguridad","Trata de personas","2015_8",0,1,0,0,4,2,1,2,0,0,0,1,0,0,0,1,3,0,0,1,7,0,1,0,1,0,0,0,0,0,0,0
"Seguridad","Trata de personas","2015_9",0,0,0,0,2,1,1,1,0,0,1,1,0,0,4,3,4,0,0,0,4,1,0,0,0,0,1,0,0,0,0,0
"Seguridad","Trata de personas","2015_10",0,4,0,0,9,0,3,0,0,0,0,0,1,0,1,1,2,0,0,0,2,0,0,0,1,0,0,0,0,0,0,0
"Seguridad","Trata de personas","2015_11",0,4,0,0,12,1,3,1,0,0,1,0,0,0,0,2,4,0,0,0,7,0,2,1,0,0,2,0,0,1,0,0
"Seguridad","Trata de personas","2015_12",0,3,0,0,9,2,1,1,0,0,1,0,0,0,2,3,4,0,0,0,0,1,1,0,0,0,2,0,0,0,0,1
"Seguridad","Trata de personas","2016_1",0,2,0,1,4,4,2,1,0,0,2,0,0,0,1,2,5,0,0,10,0,0,0,0,2,0,2,0,0,0,0,1
"Seguridad","Trata de personas","2016_2",0,1,0,1,8,1,5,0,0,0,1,0,0,0,0,3,11,0,0,4,3,0,0,0,1,0,4,0,0,0,0,1
"Seguridad","Trata de personas","2016_3",1,3,2,0,9,1,2,0,0,0,1,1,0,0,0,0,8,0,0,3,1,0,0,2,2,0,0,2,0,0,0,0
"Seguridad","Trata de personas","2016_4",0,2,0,2,5,1,4,2,0,0,1,1,0,1,0,1,10,0,1,2,2,2,0,0,3,0,2,0,0,0,0,0
"Seguridad","Trata de personas","2016_5",0,2,0,0,3,3,2,0,0,0,0,0,2,0,1,0,7,0,2,1,1,0,1,0,2,0,0,0,0,2,0,0
"Seguridad","Trata de personas","2016_6",0,1,0,0,2,1,6,1,0,0,1,2,0,0,1,1,4,0,1,0,2,1,0,1,0,0,1,0,0,0,0,0
"Seguridad","Trata de personas","2016_7",0,0,0,0,4,1,1,0,0,0,0,0,1,0,0,1,4,0,1,0,2,0,0,0,2,0,0,0,1,0,0,1
"Seguridad","Trata de personas","2016_8",0,3,0,0,12,4,1,0,0,0,1,0,2,0,0,1,9,0,0,3,1,0,0,0,0,0,1,0,1,0,0,0
"Seguridad","Trata de personas","2016_9",1,2,0,0,6,6,2,0,0,0,0,0,1,0,0,2,5,0,0,1,2,1,0,0,0,0,0,0,0,0,0,0
"Seguridad","Trata de personas","2016_10",0,1,0,0,8,4,3,0,0,0,0,0,1,1,1,1,5,0,0,0,1,3,1,0,0,0,2,1,1,0,0,0
"Seguridad","Trata de personas","2016_11",0,0,0,0,8,1,1,0,0,0,1,0,1,0,2,0,3,0,1,0,2,0,0,0,2,0,1,1,0,0,0,0
"Seguridad","Trata de personas","2016_12",0,2,0,0,8,1,0,1,0,0,1,0,0,0,0,0,1,0,0,0,1,1,1,0,0,0,0,2,1,0,0,0
"Seguridad","Trata de personas","2017_1",0,0,0,0,11,7,1,0,1,0,1,0,1,0,1,0,2,0,2,0,1,0,0,0,0,0,0,0,1,1,0,0
"Seguridad","Trata de personas","2017_2",0,3,0,0,7,2,2,0,0,0,0,0,0,0,1,1,1,0,1,1,2,0,0,0,0,0,1,3,0,0,0,0
"Seguridad","Trata de personas","2017_3",0,1,0,0,6,4,1,0,0,0,2,0,0,0,2,2,6,0,0,0,1,0,0,1,0,0,0,1,0,2,0,1
"Seguridad","Trata de personas","2017_4",0,5,1,1,3,2,1,0,0,0,0,0,0,0,0,0,4,0,0,2,1,3,1,0,0,0,1,1,0,4,0,0
"Seguridad","Trata de personas","2017_5",0,0,0,2,1,2,4,0,0,0,0,0,0,0,0,1,4,0,0,0,1,1,2,0,0,0,4,0,0,1,0,1
"Seguridad","Trata de personas","2017_6",0,0,0,0,0,1,2,0,0,0,0,0,0,0,0,0,4,0,0,0,2,2,0,0,0,0,2,0,2,2,0,0
"Seguridad","Trata de personas","2017_7",0,1,0,0,4,4,3,1,0,0,0,0,1,0,0,2,2,0,0,0,2,1,1,0,1,0,2,0,0,2,0,0
"Seguridad","Trata de personas","2017_8",0,1,1,0,4,2,1,1,0,0,0,1,0,0,0,2,2,0,0,1,1,3,0,0,0,0,2,2,0,0,0,1
"Seguridad","Trata de personas","2017_9",1,4,0,2,0,2,1,0,0,0,2,0,0,1,1,1,2,0,3,0,2,1,0,1,0,0,0,0,0,4,0,0
"Seguridad","Trata de personas","2017_10",0,1,0,0,4,1,2,0,0,0,0,0,0,0,2,1,2,1,0,0,1,1,2,0,0,0,1,3,2,0,0,0
"Seguridad","Trata de personas","2017_11",0,2,0,0,6,1,1,0,0,0,0,0,0,0,1,0,0,0,0,0,4,2,0,0,0,0,0,0,3,1,0,2
"Seguridad","Trata de personas","2017_12",0,0,0,0,3,1,1,0,0,0,0,2,1,0,1,0,3,0,0,1,0,0,0,0,2,0,2,1,2,1,0,0
"Seguridad","Trata de personas","2018_1",0,1,0,1,3,2,2,0,0,0,1,0,0,0,0,1,3,0,0,0,1,0,1,0,0,0,2,1,4,0,0,1
"Seguridad","Trata de personas","2018_2",0,0,0,0,4,4,3,0,0,0,3,0,2,0,0,0,1,0,1,1,2,1,1,0,0,0,1,1,3,0,0,0
"Seguridad","Trata de personas","2018_3",0,3,0,0,2,4,8,1,0,0,1,0,1,1,0,2,2,0,2,1,0,0,1,0,1,0,2,0,3,0,0,0
"Seguridad","Trata de personas","2018_4",0,3,0,2,4,0,5,0,0,0,0,1,3,0,2,0,4,0,0,0,2,0,1,0,0,0,1,0,3,0,1,2
"Seguridad","Trata de personas","2018_5",0,1,0,0,3,2,11,0,0,0,1,1,1,0,1,0,5,0,4,2,1,1,1,2,0,0,0,0,0,0,0,0
"Seguridad","Trata de personas","2018_6",0,1,0,0,3,4,14,1,0,0,1,2,1,0,0,0,1,0,0,0,1,1,1,2,0,0,4,0,2,0,0,0
"Seguridad","Trata de personas","2018_7",0,1,1,0,0,3,11,0,0,0,0,0,1,0,1,1,1,1,3,1,1,3,0,0,1,0,2,0,2,0,0,0
"Seguridad","Trata de personas","2018_8",1,1,0,0,2,1,10,0,0,0,0,1,1,0,0,0,1,0,2,2,0,0,1,0,1,0,2,0,1,0,0,0
"Seguridad","Trata de personas","2018_9",0,4,0,0,1,3,10,1,0,0,0,0,2,0,1,0,1,0,3,2,0,1,1,0,1,0,2,0,1,2,1,0
"Seguridad","Trata de personas","2018_10",0,3,1,0,3,4,2,3,0,0,1,1,1,0,2,0,2,1,1,1,1,1,1,0,1,1,0,0,0,2,1,0
"Seguridad","Trata de personas","2018_11",0,0,1,0,1,2,10,0,0,0,0,4,0,0,1,0,4,0,2,0,2,1,0,1,0,0,2,0,2,0,2,0
"Seguridad","Trata de personas","2018_12",1,2,0,0,0,2,17,0,0,0,0,1,0,0,1,0,1,0,0,3,0,0,1,0,0,0,0,0,0,0,0,0
"Seguridad","Trata de personas","2019_1",0,1,0,0,0,2,20,0,0,2,1,0,1,0,1,0,2,0,5,2,3,0,0,0,1,1,1,0,1,0,0,0
"Seguridad","Trata de personas","2019_2",1,1,0,0,1,3,21,0,0,0,0,3,0,0,0,1,6,0,1,5,1,0,2,0,1,0,0,2,0,0,0,2
"Seguridad","Trata de personas","2019_3",0,3,1,0,1,4,7,0,0,0,2,3,1,1,0,0,3,0,0,0,2,0,0,1,0,0,0,0,0,1,0,1
"Seguridad","Trata de personas","2019_4",1,0,0,0,1,4,13,0,0,0,0,2,3,0,0,0,1,0,0,0,1,0,0,1,0,0,0,0,0,1,0,1
"Seguridad","Trata de personas","2019_5",0,3,0,0,2,2,15,0,1,0,0,2,0,0,0,0,3,0,3,0,0,0,1,0,1,0,0,2,0,0,5,0
"Seguridad","Trata de personas","2019_6",1,0,0,0,1,3,12,0,0,1,0,0,2,0,1,0,6,0,4,0,1,0,1,0,0,0,0,0,0,0,0,2
"Seguridad","Trata de personas","2019_7",0,3,0,0,0,7,19,0,0,0,0,4,2,0,0,1,3,0,4,0,4,0,7,0,2,0,0,0,0,0,0,1
"Seguridad","Trata de personas","2019_8",0,2,2,0,2,5,19,0,0,0,0,2,0,0,1,1,12,0,4,0,1,0,4,0,0,0,0,1,0,1,1,0
"Seguridad","Trata de personas","2019_9",0,1,0,1,1,6,13,1,0,0,0,1,4,0,2,0,7,0,4,2,1,0,3,0,0,0,0,3,1,0,0,2
"Seguridad","Trata de personas","2019_10",0,0,0,0,0,5,18,1,0,0,1,1,0,3,3,1,12,0,5,1,1,0,1,4,1,0,1,3,0,0,4,4
"Seguridad","Trata de personas","2019_11",0,0,0,0,2,2,12,0,0,0,0,0,1,2,1,0,13,0,4,0,0,1,0,1,0,0,0,0,1,0,0,1
"Seguridad","Trata de personas","2019_12",0,5,0,0,0,3,11,0,0,0,0,1,0,0,1,0,3,1,4,0,2,1,1,0,0,0,0,1,0,0,1,2
"Seguridad","Trata de personas","2020_1",0,0,0,0,1,1,9,0,0,0,0,2,2,0,2,1,6,0,2,1,1,0,4,1,0,0,0,0,0,0,7,0
"Seguridad","Trata de personas","2020_2",0,4,0,0,0,4,3,0,0,0,0,0,0,0,0,0,9,0,1,2,0,0,0,0,2,0,1,0,1,1,0,1
"Seguridad","Trata de personas","2020_3",1,0,0,0,1,4,12,2,0,0,0,3,3,2,2,0,5,0,6,1,1,0,3,1,1,1,1,1,4,0,0,3
"Seguridad","Trata de personas","2020_4",0,12,0,0,1,1,6,0,0,0,1,2,3,1,3,0,8,0,3,0,0,0,3,0,0,0,0,0,1,0,1,0
"Seguridad","Trata de personas","2020_5",0,7,0,0,0,2,8,1,0,0,0,0,0,2,1,0,5,0,7,1,0,0,0,2,0,0,0,0,1,2,0,0
"Seguridad","Trata de personas","2020_6",1,6,0,0,0,5,8,1,0,1,0,2,0,0,0,0,7,2,5,1,0,0,5,1,0,0,0,0,2,0,1,1
"Seguridad","Trata de personas","2020_7",0,5,0,0,1,3,6,2,0,0,0,1,0,1,0,0,6,0,1,2,0,0,1,2,1,0,0,0,0,1,2,2
"Seguridad","Trata de personas","2020_8",0,6,0,0,0,2,12,3,0,0,1,2,0,3,3,0,15,1,2,1,0,0,0,2,1,0,0,0,0,0,2,0
"Seguridad","Trata de personas","2020_9",0,5,1,0,1,2,19,1,0,0,0,2,0,4,0,0,15,2,3,2,1,0,1,4,0,0,0,2,2,2,1,0
"Seguridad","Trata de personas","2020_10",0,1,0,0,0,0,13,0,0,0,0,0,0,0,0,0,6,0,7,3,6,1,4,4,1,0,0,1,2,1,3,0
"Seguridad","Trata de personas","2020_11",0,2,1,0,0,3,7,1,0,0,0,1,1,2,0,0,5,0,5,0,2,1,2,0,0,0,0,1,1,1,0,0
"Seguridad","Trata de personas","2020_12",0,6,1,0,0,3,10,0,0,0,1,2,0,2,0,0,3,0,6,0,2,1,0,0,1,0,1,0,1,0,3,2
"Seguridad","Trata de personas","2021_1",0,1,1,0,0,1,5,0,0,0,0,1,0,0,0,0,9,0,8,0,3,0,1,2,0,0,0,0,0,0,0,0
"Seguridad","Trata de personas","2021_2",0,3,0,0,0,0,4,0,0,0,0,0,0,1,1,0,12,0,7,1,5,0,1,2,1,0,1,0,0,2,0,1
"Seguridad","Trata de personas","2021_3",0,2,0,0,0,4,3,2,0,0,0,0,1,1,0,0,24,0,15,3,3,0,3,1,0,0,0,0,0,0,1,2
"Seguridad","Trata de personas","2021_4",2,4,0,0,1,3,17,1,0,0,0,0,0,5,0,1,18,1,14,3,6,1,1,0,1,0,0,1,0,2,0,1
"Seguridad","Trata de personas","2021_5",0,8,0,0,2,3,8,0,0,0,0,0,0,0,1,0,14,0,17,2,5,1,1,1,0,0,1,0,0,0,0,0
"Seguridad","Trata de personas","2021_6",0,7,0,0,0,4,5,3,0,0,0,0,0,2,1,0,6,0,10,0,4,0,3,0,1,0,0,1,1,0,0,1
"Seguridad","Trata de personas","2021_7",0,7,2,2,0,1,10,1,0,0,0,0,0,0,0,1,9,0,7,0,3,0,3,0,0,0,0,0,0,3,2,0
"Seguridad","Trata de personas","2021_8",0,8,0,0,0,0,4,1,0,0,0,1,2,0,2,0,22,0,4,2,3,0,0,2,0,0,0,2,0,2,0,2
"Seguridad","Trata de personas","2021_9",2,7,1,0,0,1,3,0,0,0,0,1,1,2,0,0,17,0,3,0,10,0,0,2,0,1,0,0,0,0,1,1
"Seguridad","Trata de personas","2021_10",0,2,1,0,0,1,5,1,0,0,0,1,3,1,0,0,18,0,1,1,1,1,2,0,1,0,0,0,1,0,0,0
"Seguridad","Trata de personas","2021_11",1,5,1,1,0,2,6,2,0,0,0,0,0,1,0,1,23,0,3,1,2,0,2,1,0,0,0,0,0,2,1,0
"Seguridad","Trata de personas","2021_12",0,4,0,0,0,3,4,1,0,0,0,0,3,0,2,0,6,0,2,0,4,1,1,1,1,0,0,0,0,0,0,0
"Seguridad","Trata de personas","2022_1",0,2,1,0,0,3,14,0,0,0,0,1,0,0,0,0,16,0,1,1,3,1,0,1,2,0,0,1,0,0,0,0
"Seguridad","Trata de personas","2022_2",1,6,0,0,1,2,13,2,0,0,0,0,1,2,2,1,40,0,2,1,4,2,6,3,1,0,0,0,0,0,0,1
"Seguridad","Trata de personas","2022_3",0,5,1,0,1,6,16,3,0,0,1,0,2,1,0,0,25,0,8,0,3,0,3,0,0,0,0,0,0,1,0,1
"Seguridad","Trata de personas","2022_4",0,9,0,0,0,3,12,0,1,0,0,0,2,0,0,0,11,0,4,1,7,1,1,1,1,0,0,0,0,0,0,2
"Seguridad","Trata de personas","2022_5",0,10,0,0,1,6,9,2,1,0,0,1,3,0,1,2,18,0,5,0,0,0,3,0,0,0,1,0,0,0,0,2
"Seguridad","Trata de personas","2022_6",0,8,0,0,0,4,24,1,1,0,0,0,3,0,0,2,13,0,11,2,3,0,1,1,0,0,0,0,1,1,1,3
"Seguridad","Trata de personas","2022_7",1,6,0,0,0,2,20,2,0,0,0,0,1,0,2,1,29,0,7,0,2,0,4,0,0,0,0,0,0,0,1,0
"Seguridad","Trata de personas","2022_8",0,2,1,0,1,1,18,1,2,0,0,2,0,1,1,0,20,1,10,0,6,0,2,1,0,0,1,0,0,2,0,1
"Seguridad","Trata de personas","2022_9",1,8,0,0,0,3,9,0,0,0,0,1,0,0,0,2,13,0,11,0,3,1,6,0,0,0,0,0,0,1,0,2
"Seguridad","Trata de personas","2022_10",0,3,0,0,0,2,10,0,0,1,0,2,0,2,0,0,10,0,11,2,2,0,3,0,0,0,0,0,0,0,0,0
"Seguridad","Trata de personas","2022_11",1,6,0,0,0,3,11,1,0,0,0,4,0,1,0,0,20,0,2,1,3,0,4,3,0,0,0,1,0,1,0,4
"Seguridad","Trata de personas","2022_12",0,5,0,0,1,3,13,1,0,0,0,2,1,0,2,0,26,1,2,0,2,0,4,0,0,0,0,0,0,0,0,2
"Seguridad","Trata de personas","2023_1",0,12,0,0,1,1,12,1,0,0,0,1,1,1,0,0,13,0,4,1,3,0,6,0,1,0,0,0,0,0,0,1
"Seguridad","Trata de personas","2023_2",0,4,0,0,1,0,7,0,0,0,0,0,0,0,1,0,13,0,4,0,7,0,5,1,1,0,0,1,0,0,0,1
"Seguridad","Trata de personas","2023_3",0,5,0,0,1,1,9,1,0,0,0,0,2,0,0,0,10,0,4,1,8,2,6,2,0,0,0,1,0,0,0,3
"Seguridad","Trata de personas","2023_4",0,2,0,0,0,5,18,0,0,0,0,1,1,0,0,0,20,0,3,0,4,0,10,1,0,0,0,1,0,0,0,0
"Seguridad","Trata de personas","2023_5",1,9,0,1,0,4,15,0,0,0,0,1,0,0,1,0,17,0,1,1,4,1,6,1,0,0,0,1,0,0,0,2
"Seguridad","Trata de personas","2023_6",0,8,0,0,1,2,17,0,0,0,0,0,2,0,0,0,40,1,1,0,8,0,8,0,0,0,1,1,0,0,0,4
"Seguridad","Trata de personas","2023_7",0,4,0,0,0,0,14,1,0,0,0,0,0,1,1,0,20,0,0,2,6,0,12,0,3,0,0,1,0,3,0,0
"Seguridad","Trata de personas","2023_8",0,6,0,0,0,3,12,5,0,0,0,3,4,0,0,0,16,0,1,2,12,0,9,0,1,0,0,0,0,4,0,3
"Seguridad","Trata de personas","2023_9",0,2,0,0,1,5,15,4,0,0,0,3,2,0,2,0,3,0,1,1,7,0,5,1,0,0,0,0,0,3,0,3
"Seguridad","Trata de personas","2023_10",0,3,0,0,0,4,14,1,0,0,0,1,0,0,0,0,20,0,1,3,4,0,9,0,0,0,0,0,0,1,0,5
"Seguridad","Trata de personas","2023_11",1,2,0,0,0,0,11,0,1,0,0,0,1,0,0,1,7,0,0,1,3,1,4,1,0,0,0,0,0,0,0,2
"Seguridad","Trata de personas","2023_12",0,0,0,0,0,2,9,0,0,0,0,0,1,0,1,0,5,0,2,1,5,0,7,0,1,0,0,0,0,0,0,1
"Seguridad","Trata de personas","2024_1",0,2,0,0,1,4,7,0,0,0,0,0,0,1,1,0,6,0,1,0,2,0,9,1,0,0,0,1,0,0,0,6
"Seguridad","Trata de personas","2024_2",1,4,0,0,1,2,13,1,0,0,0,1,1,1,0,0,4,0,1,0,2,0,8,0,1,0,0,0,0,1,0,3
"Seguridad","Trata de personas","2024_3",0,3,2,0,0,0,13,0,0,0,0,0,2,0,0,0,12,0,1,0,8,1,9,2,0,0,0,0,0,1,0,1
"Seguridad","Trata de personas","2024_4",0,3,0,0,0,3,9,2,0,0,0,1,2,3,0,0,16,0,1,2,6,0,12,3,1,0,1,1,0,0,0,3
"Seguridad","Trata de personas","2024_5",0,1,0,0,0,8,1,1,0,0,0,0,1,0,0,0,10,1,1,0,2,0,13,2,0,0,0,0,0,1,0,5
"Seguridad","Trata de personas","2024_6",0,2,0,0,0,2,5,4,0,0,0,0,1,0,0,0,6,0,0,0,7,0,11,5,0,0,0,1,0,1,0,5
"Seguridad","Trata de personas","2024_7",0,1,0,0,0,4,11,1,0,0,0,0,0,2,0,1,4,0,1,1,6,0,13,0,2,0,0,0,0,1,0,1
"Seguridad","Trata de personas","2024_8",0,1,0,0,0,3,12,1,1,0,0,0,0,1,0,0,19,0,1,1,2,0,17,0,1,0,0,0,0,3,0,2
"Seguridad","Trata de personas","2024_9",0,6,0,0,0,2,5,3,0,0,0,1,1,0,1,0,21,0,1,0,1,0,16,2,1,0,0,1,0,2,0,2
"Seguridad","Trata de personas","2024_10",0,2,0,0,1,5,8,1,0,0,0,2,0,1,0,0,18,0,1,1,1,0,10,2,0,0,0,0,0,0,0,1
"Seguridad","Trata de personas","2024_11",0,0,0,0,0,6,4,1,1,0,3,1,1,0,1,0,13,0,1,0,3,0,6,0,0,0,0,2,0,0,0,0
"Seguridad","Trata de personas","2024_12",0,0,1,0,0,1,3,1,0,0,1,1,0,0,4,0,10,0,1,1,1,0,4,0,1,0,0,2,0,0,0,3
"Seguridad","Trata de personas","2025_1",0,1,0,0,2,4,3,0,0,0,1,1,0,0,0,1,8,0,1,0,1,0,15,0,1,2,0,0,0,0,0,3
"Seguridad","Trata de personas","2025_2",0,1,0,1,0,4,7,0,0,0,1,1,0,0,0,0,12,0,0,1,3,0,16,0,0,0,0,1,0,0,0,3
"Seguridad","Trata de personas","2025_3",0,1,0,0,2,3,4,0,0,0,3,1,4,0,0,0,10,0,1,0,1,0,15,1,0,0,0,1,0,0,0,0
"Seguridad","Trata de personas","2025_4",0,2,2,0,1,4,8,0,0,0,1,2,1,0,2,0,7,0,1,2,3,0,15,3,0,0,0,1,0,2,0,3
"Seguridad","Trata de personas","2025_5",0,0,0,0,2,4,11,2,0,0,1,5,1,1,0,0,8,0,1,1,0,0,10,1,0,1,0,0,0,1,0,2
"Seguridad","Trata de personas","2025_6",0,3,0,0,0,3,4,0,1,0,2,2,1,2,1,0,11,0,1,3,4,0,15,1,0,0,0,0,0,0,0,3
"Seguridad","Trata de personas","2025_7",0,0,0,0,0,0,0,0,0,0,0,0,0,0,0,0,0,0,0,0,0,0,0,0,0,0,0,0,0,0,0,0
"Seguridad","Trata de personas","2025_8",0,0,0,0,0,0,0,0,0,0,0,0,0,0,0,0,0,0,0,0,0,0,0,0,0,0,0,0,0,0,0,0
"Seguridad","Trata de personas","2025_9",0,0,0,0,0,0,0,0,0,0,0,0,0,0,0,0,0,0,0,0,0,0,0,0,0,0,0,0,0,0,0,0
"Seguridad","Trata de personas","2025_10",0,0,0,0,0,0,0,0,0,0,0,0,0,0,0,0,0,0,0,0,0,0,0,0,0,0,0,0,0,0,0,0
"Seguridad","Trata de personas","2025_11",0,0,0,0,0,0,0,0,0,0,0,0,0,0,0,0,0,0,0,0,0,0,0,0,0,0,0,0,0,0,0,0
"Seguridad","Trata de personas","2025_12",0,0,0,0,0,0,0,0,0,0,0,0,0,0,0,0,0,0,0,0,0,0,0,0,0,0,0,0,0,0,0,0
"Seguridad","Tráfico de menores","2015_1",0,1,0,0,0,0,1,0,0,0,1,0,0,0,1,1,0,0,0,0,0,0,0,0,0,3,0,0,0,0,0,0
"Seguridad","Tráfico de menores","2015_2",0,0,0,0,0,0,0,0,0,0,1,0,1,0,0,1,0,0,0,0,0,0,0,0,0,7,0,0,0,0,0,0
"Seguridad","Tráfico de menores","2015_3",0,1,0,0,0,0,0,0,0,0,2,0,0,1,1,0,0,0,0,0,0,0,0,0,0,6,0,0,0,0,0,0
"Seguridad","Tráfico de menores","2015_4",0,1,0,0,1,0,1,0,0,0,2,0,0,0,0,1,0,0,0,0,0,0,0,0,0,5,0,0,0,0,0,0
"Seguridad","Tráfico de menores","2015_5",0,0,0,0,0,1,1,0,0,1,1,0,0,0,0,0,3,0,0,0,0,0,0,0,0,0,0,0,0,0,0,0
"Seguridad","Tráfico de menores","2015_6",0,0,0,0,1,0,0,0,0,0,1,0,0,0,0,0,0,0,0,0,0,0,0,0,0,5,0,0,0,0,0,0
"Seguridad","Tráfico de menores","2015_7",0,1,0,0,0,1,0,0,0,0,0,0,0,0,0,0,0,0,0,0,0,0,0,0,1,4,1,0,0,0,0,0
"Seguridad","Tráfico de menores","2015_8",0,1,0,0,0,0,0,0,0,0,1,0,0,0,0,0,2,0,1,0,0,0,0,0,0,2,0,0,0,0,0,0
"Seguridad","Tráfico de menores","2015_9",0,0,0,0,0,0,0,0,0,0,2,0,0,0,0,1,0,0,0,0,0,0,0,0,0,0,0,0,0,0,0,0
"Seguridad","Tráfico de menores","2015_10",0,0,0,0,0,0,1,0,0,0,4,0,0,1,1,0,1,0,1,0,0,0,0,0,0,3,0,0,0,0,0,0
"Seguridad","Tráfico de menores","2015_11",0,0,0,0,0,0,0,0,0,0,1,0,0,1,0,0,0,0,1,0,0,0,0,1,0,3,0,0,0,0,0,0
"Seguridad","Tráfico de menores","2015_12",0,0,0,0,0,0,0,0,0,0,2,0,0,1,0,0,0,0,0,0,0,0,0,0,0,2,0,0,0,0,0,0
"Seguridad","Tráfico de menores","2016_1",0,0,0,0,1,0,0,0,0,0,0,0,0,0,1,0,0,0,0,0,0,0,0,0,0,7,0,0,0,1,0,0
"Seguridad","Tráfico de menores","2016_2",0,0,0,0,2,0,0,0,0,0,2,0,0,2,0,0,0,0,1,0,0,0,0,0,0,6,0,0,0,0,0,0
"Seguridad","Tráfico de menores","2016_3",0,0,0,0,0,0,0,0,0,0,1,0,0,0,0,0,0,0,0,0,0,0,0,0,0,16,0,0,0,0,0,0
"Seguridad","Tráfico de menores","2016_4",0,0,0,0,0,0,1,0,0,0,1,0,0,0,0,0,0,0,0,0,0,0,0,0,0,16,0,0,0,0,0,0
"Seguridad","Tráfico de menores","2016_5",0,1,0,0,0,0,1,0,0,0,1,0,0,0,0,0,1,0,0,0,0,0,1,0,0,15,0,0,0,0,0,0
"Seguridad","Tráfico de menores","2016_6",1,0,0,0,0,0,0,0,0,0,1,0,0,0,0,0,0,0,0,0,0,0,0,0,0,30,1,0,0,0,0,0
"Seguridad","Tráfico de menores","2016_7",0,0,0,0,0,0,0,0,0,0,0,0,0,0,0,0,0,0,0,0,0,0,0,0,0,15,0,0,0,0,0,0
"Seguridad","Tráfico de menores","2016_8",0,0,0,0,3,0,0,0,0,0,0,0,0,1,0,0,0,0,0,0,0,0,0,1,1,9,1,0,0,0,0,0
"Seguridad","Tráfico de menores","2016_9",0,0,0,0,1,0,0,0,0,0,0,0,0,1,0,0,0,0,0,0,0,0,0,1,0,8,0,0,0,0,0,0
"Seguridad","Tráfico de menores","2016_10",0,0,0,0,0,0,0,1,0,0,0,0,0,0,0,0,0,0,0,0,0,0,0,0,0,17,0,0,0,0,0,0
"Seguridad","Tráfico de menores","2016_11",0,0,0,0,0,0,1,0,0,0,0,0,0,0,0,0,0,0,0,0,0,0,0,0,0,15,0,0,0,0,0,0
"Seguridad","Tráfico de menores","2016_12",0,0,0,0,0,0,2,0,0,0,1,0,0,0,1,0,0,0,0,0,0,0,0,0,0,11,1,0,0,0,0,0
"Seguridad","Tráfico de menores","2017_1",0,0,0,0,0,0,0,0,0,0,0,0,0,0,0,0,0,6,0,0,0,0,0,0,0,18,0,0,0,1,0,0
"Seguridad","Tráfico de menores","2017_2",0,1,0,0,0,1,0,0,0,0,1,0,0,0,0,0,0,1,0,0,0,0,0,0,0,13,1,0,0,0,0,0
"Seguridad","Tráfico de menores","2017_3",0,1,0,0,0,0,0,0,0,0,2,0,0,0,0,0,0,2,0,0,0,0,0,1,0,20,0,0,0,0,0,0
"Seguridad","Tráfico de menores","2017_4",0,2,0,0,0,0,0,0,0,0,0,0,0,0,0,0,0,0,0,1,0,0,0,0,0,9,0,0,0,0,0,0
"Seguridad","Tráfico de menores","2017_5",0,0,0,0,0,0,0,0,0,0,0,0,0,0,0,0,0,0,0,0,0,0,0,0,0,8,0,0,0,0,0,0
"Seguridad","Tráfico de menores","2017_6",0,0,0,0,0,0,0,0,0,0,1,0,0,0,0,0,0,0,0,0,0,0,0,0,0,12,0,0,0,0,0,0
"Seguridad","Tráfico de menores","2017_7",0,1,0,0,0,0,1,0,0,0,0,0,0,0,0,0,0,0,1,0,0,0,0,1,0,9,0,0,0,0,0,0
"Seguridad","Tráfico de menores","2017_8",1,0,0,0,0,1,0,0,0,0,2,0,0,0,0,0,0,0,0,0,0,0,0,1,0,15,0,0,0,0,0,0
"Seguridad","Tráfico de menores","2017_9",0,0,0,0,0,0,0,0,0,0,2,0,0,0,0,0,0,0,0,1,0,0,0,0,0,10,0,0,0,0,0,0
"Seguridad","Tráfico de menores","2017_10",0,0,0,0,0,0,1,0,0,0,2,0,0,0,0,0,0,0,0,0,0,0,0,0,1,7,0,0,0,0,0,0
"Seguridad","Tráfico de menores","2017_11",0,0,0,0,0,0,0,0,0,0,0,0,0,0,0,0,0,0,1,0,0,0,0,0,0,11,0,0,0,0,0,0
"Seguridad","Tráfico de menores","2017_12",1,0,0,0,1,0,0,0,0,0,0,0,0,0,0,0,0,0,0,0,0,0,0,0,0,3,0,0,0,0,0,0
"Seguridad","Tráfico de menores","2018_1",0,0,0,0,0,0,0,0,0,0,1,0,0,1,0,0,0,0,0,0,0,0,0,0,1,0,0,0,0,1,0,0
"Seguridad","Tráfico de menores","2018_2",0,1,0,0,0,0,0,0,0,0,0,0,0,0,0,0,0,0,0,1,0,0,0,0,0,0,0,0,0,0,0,0
"Seguridad","Tráfico de menores","2018_3",0,1,0,0,1,0,0,0,0,0,0,0,0,0,0,0,0,0,1,0,0,0,0,0,0,0,0,0,0,0,0,0
"Seguridad","Tráfico de menores","2018_4",1,1,0,0,0,0,1,0,0,0,1,0,0,2,0,0,0,0,0,1,0,0,0,0,0,0,0,0,0,0,0,0
"Seguridad","Tráfico de menores","2018_5",0,0,0,0,0,0,1,0,0,0,2,0,0,0,0,0,0,0,0,0,0,0,1,0,1,0,0,0,0,1,0,0
"Seguridad","Tráfico de menores","2018_6",0,0,0,0,0,0,0,0,0,0,0,0,0,0,1,0,0,0,0,1,0,0,0,1,1,0,0,0,0,1,0,0
"Seguridad","Tráfico de menores","2018_7",0,0,0,0,0,0,0,0,0,0,2,0,0,0,0,0,0,0,0,0,0,0,0,0,0,0,0,0,0,0,0,0
"Seguridad","Tráfico de menores","2018_8",0,0,0,0,1,0,0,0,0,0,0,0,0,0,0,0,0,0,0,0,0,0,0,0,0,0,0,0,0,0,0,0
"Seguridad","Tráfico de menores","2018_9",0,0,0,0,0,0,0,0,0,0,1,0,0,0,0,0,1,0,0,0,0,0,0,1,0,0,0,0,0,1,0,0
"Seguridad","Tráfico de menores","2018_10",0,0,0,0,0,0,0,0,0,0,0,0,0,1,1,0,0,0,0,0,0,0,0,2,0,0,0,0,0,0,0,0
"Seguridad","Tráfico de menores","2018_11",0,0,0,0,0,0,0,0,0,0,0,0,1,0,0,0,0,0,0,0,0,0,0,0,0,0,0,0,0,0,0,0
"Seguridad","Tráfico de menores","2018_12",0,0,0,0,0,0,0,0,0,0,0,0,0,0,0,0,0,0,0,0,0,0,0,1,0,0,0,0,0,0,0,0
"Seguridad","Tráfico de menores","2019_1",0,0,0,0,0,0,0,0,0,0,0,0,0,0,0,0,0,0,0,0,0,0,0,1,0,0,0,0,0,0,0,0
"Seguridad","Tráfico de menores","2019_2",0,0,0,0,0,0,0,0,0,0,0,0,0,0,0,0,0,0,0,0,0,0,0,0,0,0,0,0,0,0,0,0
"Seguridad","Tráfico de menores","2019_3",0,0,0,0,0,0,0,0,0,0,0,0,0,0,0,0,0,0,1,0,0,0,0,0,0,0,0,0,0,0,0,0
"Seguridad","Tráfico de menores","2019_4",0,0,0,0,0,0,0,0,0,0,3,0,0,0,0,0,0,0,0,0,0,0,0,0,0,0,0,0,0,0,0,0
"Seguridad","Tráfico de menores","2019_5",0,1,0,0,0,1,0,0,0,0,1,0,0,0,0,0,0,0,0,0,0,0,0,0,0,0,1,0,0,0,0,0
"Seguridad","Tráfico de menores","2019_6",0,0,0,0,0,0,0,0,0,0,1,0,0,0,0,1,0,0,0,0,0,0,0,1,0,0,0,0,0,0,0,0
"Seguridad","Tráfico de menores","2019_7",1,0,0,0,1,0,0,0,0,0,1,0,0,0,0,0,0,0,0,0,0,0,0,0,0,0,1,0,0,0,0,0
"Seguridad","Tráfico de menores","2019_8",0,0,0,0,0,0,0,0,0,0,1,0,0,0,0,0,0,0,0,0,0,0,1,0,0,0,0,0,0,0,0,0
"Seguridad","Tráfico de menores","2019_9",0,0,0,0,0,0,0,0,0,0,1,0,0,0,0,0,0,0,0,0,0,0,0,0,0,0,0,0,0,0,0,0
"Seguridad","Tráfico de menores","2019_10",0,0,0,0,0,1,0,0,0,0,0,1,0,0,0,0,0,0,0,0,0,0,0,1,0,0,0,0,0,0,0,0
"Seguridad","Tráfico de menores","2019_11",0,0,0,0,1,1,0,0,0,0,2,0,1,0,0,0,0,0,0,0,0,0,0,1,0,0,0,0,0,0,0,0
"Seguridad","Tráfico de menores","2019_12",0,0,0,0,0,0,0,0,0,0,0,0,0,0,0,1,0,0,0,0,0,0,0,0,0,0,0,0,0,0,0,0
"Seguridad","Tráfico de menores","2020_1",0,0,0,0,0,1,0,0,0,0,0,0,0,0,0,0,0,0,0,0,0,0,0,0,1,0,0,0,0,0,0,0
"Seguridad","Tráfico de menores","2020_2",0,0,0,0,0,1,0,0,0,0,0,0,0,0,0,0,0,0,0,0,0,0,0,0,0,0,0,0,0,0,0,0
"Seguridad","Tráfico de menores","2020_3",0,1,0,0,0,0,0,0,0,0,0,0,0,0,0,0,0,0,0,0,0,0,0,0,0,0,0,0,0,0,0,0
"Seguridad","Tráfico de menores","2020_4",0,0,0,0,0,0,0,0,0,0,0,0,0,0,0,0,1,0,0,0,0,0,0,0,0,0,0,0,0,0,0,0
"Seguridad","Tráfico de menores","2020_5",0,0,0,0,0,0,0,0,0,0,0,0,0,0,0,0,0,0,0,0,0,0,0,0,0,0,0,0,0,0,0,0
"Seguridad","Tráfico de menores","2020_6",0,0,0,0,1,0,0,0,0,0,0,0,0,1,1,0,0,0,0,0,0,0,0,0,0,0,0,0,0,0,0,0
"Seguridad","Tráfico de menores","2020_7",0,0,0,0,0,0,0,0,0,0,0,0,0,0,0,0,0,0,1,0,0,0,0,0,0,0,0,0,0,0,0,0
"Seguridad","Tráfico de menores","2020_8",0,0,0,0,0,0,0,0,0,0,0,1,0,0,0,0,0,0,0,0,0,0,1,0,0,0,0,0,0,0,0,0
"Seguridad","Tráfico de menores","2020_9",0,0,0,0,0,0,0,0,0,0,0,0,0,0,0,0,0,0,0,0,0,0,0,0,0,0,0,0,0,0,0,0
"Seguridad","Tráfico de menores","2020_10",0,1,0,0,0,0,0,0,0,0,2,0,0,0,0,0,0,0,0,0,0,0,1,0,0,0,0,0,0,0,0,0
"Seguridad","Tráfico de menores","2020_11",0,0,0,0,0,1,0,0,0,0,0,0,1,0,0,0,0,0,0,0,0,0,0,1,0,0,0,0,0,0,0,0
"Seguridad","Tráfico de menores","2020_12",0,1,0,0,0,0,1,0,0,0,0,0,0,0,0,0,0,0,0,0,0,0,1,0,0,0,0,0,0,0,0,0
"Seguridad","Tráfico de menores","2021_1",0,0,0,0,1,1,0,0,0,0,0,1,0,0,0,0,0,0,0,0,0,0,0,0,0,0,0,0,0,1,0,0
"Seguridad","Tráfico de menores","2021_2",0,0,0,0,0,0,0,0,0,0,0,1,1,0,0,0,0,0,0,0,0,0,0,0,0,0,0,0,0,0,0,0
"Seguridad","Tráfico de menores","2021_3",0,0,0,0,0,1,1,0,0,0,0,0,0,0,0,0,0,0,0,0,0,0,1,2,0,0,0,0,0,0,0,0
"Seguridad","Tráfico de menores","2021_4",0,0,0,0,0,0,0,0,0,0,0,0,1,0,0,0,0,0,0,1,0,0,0,1,1,0,1,0,0,0,0,0
"Seguridad","Tráfico de menores","2021_5",0,1,0,0,0,0,0,0,0,0,0,1,0,1,0,0,0,0,0,0,0,0,0,0,1,0,0,0,0,0,0,0
"Seguridad","Tráfico de menores","2021_6",0,0,0,0,0,0,0,0,0,0,0,0,0,0,0,0,0,0,0,0,0,0,0,1,0,0,0,0,0,0,0,0
"Seguridad","Tráfico de menores","2021_7",0,2,0,0,0,0,0,0,0,0,0,0,0,0,0,0,0,0,0,0,0,0,0,0,0,0,0,2,0,0,0,0
"Seguridad","Tráfico de menores","2021_8",0,0,0,0,0,0,0,0,0,0,0,0,0,0,0,0,0,0,0,0,0,0,0,0,0,0,0,0,0,0,0,0
"Seguridad","Tráfico de menores","2021_9",0,0,0,0,0,0,0,0,0,0,0,0,0,0,0,0,0,0,0,0,0,0,0,0,0,0,0,0,0,0,0,0
"Seguridad","Tráfico de menores","2021_10",0,0,0,0,1,0,0,0,0,0,0,0,0,0,0,0,0,0,0,0,0,0,0,0,0,0,0,0,0,0,0,0
"Seguridad","Tráfico de menores","2021_11",0,0,0,0,0,0,1,0,0,0,1,0,0,0,0,0,0,0,0,0,0,0,0,0,0,0,0,0,0,0,0,0
"Seguridad","Tráfico de menores","2021_12",0,0,0,0,0,0,0,0,0,0,0,1,0,0,0,0,0,0,0,0,0,0,0,0,0,0,0,0,0,0,0,0
"Seguridad","Tráfico de menores","2022_1",0,0,0,0,0,0,0,0,0,0,0,0,0,0,0,0,0,0,0,0,0,0,0,0,0,0,0,0,0,0,0,0
"Seguridad","Tráfico de menores","2022_2",0,0,0,0,0,0,0,0,0,0,0,0,0,0,0,0,0,0,0,0,0,0,0,0,0,0,0,0,0,0,0,0
"Seguridad","Tráfico de menores","2022_3",0,0,0,0,0,0,0,0,0,0,0,0,0,0,0,0,1,0,0,0,0,0,0,1,0,0,0,0,0,0,0,0
"Seguridad","Tráfico de menores","2022_4",0,0,0,0,0,0,0,0,0,0,0,0,0,1,0,0,0,0,0,0,0,0,0,2,0,0,0,0,0,0,0,0
"Seguridad","Tráfico de menores","2022_5",0,0,0,0,0,0,0,0,0,0,0,0,0,0,0,0,0,0,0,0,0,0,0,0,1,0,0,1,0,0,0,0
"Seguridad","Tráfico de menores","2022_6",0,0,0,0,0,0,0,0,0,0,0,0,0,0,0,0,0,0,0,0,0,0,0,0,0,0,0,0,0,0,0,0
"Seguridad","Tráfico de menores","2022_7",0,0,0,0,0,0,0,0,0,0,0,0,0,0,0,0,0,0,0,0,0,0,0,1,0,0,0,0,0,0,0,0
"Seguridad","Tráfico de menores","2022_8",0,0,0,0,0,0,0,0,0,0,0,0,0,0,0,0,0,0,0,0,0,0,0,0,0,0,0,0,0,1,0,0
"Seguridad","Tráfico de menores","2022_9",0,0,0,0,0,0,1,0,0,0,0,0,0,0,0,0,0,0,0,0,0,0,0,0,0,0,0,0,0,0,0,0
"Seguridad","Tráfico de menores","2022_10",0,0,0,0,0,0,0,0,0,0,0,0,0,0,0,0,0,0,0,0,0,0,0,0,0,0,0,0,0,0,0,0
"Seguridad","Tráfico de menores","2022_11",0,0,0,0,0,0,1,0,0,0,1,0,0,0,0,0,0,0,0,0,0,0,1,0,0,0,0,0,0,0,0,0
"Seguridad","Tráfico de menores","2022_12",0,0,0,0,0,0,0,0,0,0,0,0,0,0,0,0,0,0,0,0,0,0,0,0,0,0,0,0,0,0,0,0
"Seguridad","Tráfico de menores","2023_1",0,0,0,0,0,0,0,0,0,0,0,0,0,0,0,0,0,0,0,0,0,0,0,0,0,0,0,0,0,0,0,0
"Seguridad","Tráfico de menores","2023_2",0,0,0,0,0,0,0,0,0,0,0,0,0,0,0,0,0,0,0,0,0,0,0,1,0,0,0,0,0,0,0,0
"Seguridad","Tráfico de menores","2023_3",0,0,0,0,0,0,1,0,0,0,2,0,0,0,0,0,0,0,0,0,0,0,0,0,0,0,1,0,0,0,0,0
"Seguridad","Tráfico de menores","2023_4",0,0,0,0,0,0,0,0,0,0,0,0,0,0,0,0,0,0,0,0,0,0,0,0,0,0,0,0,0,0,0,0
"Seguridad","Tráfico de menores","2023_5",0,0,0,0,0,0,0,0,0,0,0,0,0,0,0,0,0,0,0,0,0,0,0,0,0,0,0,0,0,0,0,0
"Seguridad","Tráfico de menores","2023_6",0,0,0,0,0,0,0,0,0,0,0,0,0,0,0,0,0,0,0,0,0,0,0,0,0,0,0,0,0,0,0,0
"Seguridad","Tráfico de menores","2023_7",0,0,0,0,0,0,0,0,0,0,1,0,0,0,0,0,0,0,0,0,0,0,0,0,0,0,0,0,0,0,0,0
"Seguridad","Tráfico de menores","2023_8",0,0,0,0,0,0,1,0,0,0,0,0,0,0,0,0,0,0,0,0,0,0,0,0,0,0,1,0,0,0,0,0
"Seguridad","Tráfico de menores","2023_9",0,0,0,0,0,0,0,0,0,0,0,0,0,0,0,0,0,0,0,0,0,0,1,0,0,0,0,0,0,0,0,0
"Seguridad","Tráfico de menores","2023_10",0,1,0,0,0,0,0,0,0,0,0,0,0,0,0,0,0,0,0,0,0,0,0,1,1,0,0,0,0,0,0,0
"Seguridad","Tráfico de menores","2023_11",0,0,0,0,0,0,0,0,0,0,0,0,0,0,0,0,0,0,0,0,0,0,0,0,0,0,0,0,0,0,0,0
"Seguridad","Tráfico de menores","2023_12",0,0,0,0,0,0,0,0,0,0,0,0,0,0,0,0,0,0,0,0,0,0,0,0,0,0,0,0,0,0,0,0
"Seguridad","Tráfico de menores","2024_1",0,0,0,0,0,0,0,0,0,0,0,0,0,0,0,0,0,0,0,0,0,0,0,0,0,0,0,0,0,0,0,0
"Seguridad","Tráfico de menores","2024_2",0,0,0,0,0,0,0,0,0,0,1,0,0,0,0,0,0,0,0,0,0,0,0,0,0,0,0,0,0,0,0,0
"Seguridad","Tráfico de menores","2024_3",1,0,0,0,0,0,0,0,0,0,0,0,0,0,0,0,0,0,0,0,0,0,0,0,1,0,0,0,0,0,0,0
"Seguridad","Tráfico de menores","2024_4",0,0,0,0,0,0,0,0,0,0,1,0,0,0,0,0,0,0,0,0,0,0,0,0,0,0,0,0,0,0,0,0
"Seguridad","Tráfico de menores","2024_5",0,0,0,0,0,0,0,0,0,0,0,0,0,1,0,0,0,0,0,0,0,0,0,0,0,0,0,0,0,0,0,0
"Seguridad","Tráfico de menores","2024_6",0,0,0,0,0,0,0,0,0,0,0,0,0,0,0,0,0,0,0,0,0,0,0,0,0,0,0,0,0,0,0,0
"Seguridad","Tráfico de menores","2024_7",0,0,0,0,0,0,0,0,0,0,1,0,0,1,0,0,0,0,0,0,0,0,0,0,0,0,0,0,0,0,0,0
"Seguridad","Tráfico de menores","2024_8",0,0,0,0,0,0,0,0,0,0,1,0,0,1,0,0,0,0,0,0,0,0,0,0,1,0,0,0,0,0,0,0
"Seguridad","Tráfico de menores","2024_9",0,0,0,0,0,0,1,0,0,0,0,0,0,0,0,0,0,0,0,0,0,0,0,0,0,0,0,0,0,0,0,0
"Seguridad","Tráfico de menores","2024_10",0,0,0,0,0,0,0,0,0,0,0,1,0,0,0,0,0,0,0,0,0,0,0,0,0,0,0,0,0,0,0,0
"Seguridad","Tráfico de menores","2024_11",0,0,0,0,0,0,2,0,0,0,1,0,0,0,0,0,0,0,0,0,0,0,0,0,0,0,0,0,0,0,0,0
"Seguridad","Tráfico de menores","2024_12",0,0,0,0,0,0,0,0,0,0,0,0,0,0,0,0,0,0,0,0,0,0,0,0,0,0,0,0,0,0,0,0
"Seguridad","Tráfico de menores","2025_1",0,0,0,0,0,0,0,0,0,0,0,0,0,0,0,0,0,0,0,0,0,0,0,1,0,0,0,0,0,0,0,0
"Seguridad","Tráfico de menores","2025_2",0,0,0,0,0,0,0,0,0,0,0,0,0,0,0,0,0,0,0,0,0,0,0,0,0,0,0,0,0,0,0,0
"Seguridad","Tráfico de menores","2025_3",0,0,0,0,0,0,0,0,0,0,0,0,0,0,0,0,0,0,0,0,0,0,0,0,0,0,0,0,0,0,0,0
"Seguridad","Tráfico de menores","2025_4",0,0,0,0,0,0,0,0,0,0,0,0,0,0,0,0,0,0,0,0,0,0,0,0,0,0,0,0,0,0,0,0
"Seguridad","Tráfico de menores","2025_5",0,0,0,0,0,0,1,0,0,0,0,0,0,0,0,2,0,0,0,0,0,0,0,0,0,0,0,0,0,0,0,0
"Seguridad","Tráfico de menores","2025_6",0,0,0,0,1,0,0,0,0,0,0,0,0,0,0,0,0,0,0,0,0,0,0,0,0,0,0,0,0,0,0,0
"Seguridad","Tráfico de menores","2025_7",0,0,0,0,0,0,0,0,0,0,0,0,0,0,0,0,0,0,0,0,0,0,0,0,0,0,0,0,0,0,0,0
"Seguridad","Tráfico de menores","2025_8",0,0,0,0,0,0,0,0,0,0,0,0,0,0,0,0,0,0,0,0,0,0,0,0,0,0,0,0,0,0,0,0
"Seguridad","Tráfico de menores","2025_9",0,0,0,0,0,0,0,0,0,0,0,0,0,0,0,0,0,0,0,0,0,0,0,0,0,0,0,0,0,0,0,0
"Seguridad","Tráfico de menores","2025_10",0,0,0,0,0,0,0,0,0,0,0,0,0,0,0,0,0,0,0,0,0,0,0,0,0,0,0,0,0,0,0,0
"Seguridad","Tráfico de menores","2025_11",0,0,0,0,0,0,0,0,0,0,0,0,0,0,0,0,0,0,0,0,0,0,0,0,0,0,0,0,0,0,0,0
"Seguridad","Tráfico de menores","2025_12",0,0,0,0,0,0,0,0,0,0,0,0,0,0,0,0,0,0,0,0,0,0,0,0,0,0,0,0,0,0,0,0
"Seguridad","Violación equiparada","2015_1",0,32,0,4,0,13,7,1,0,0,2,5,0,0,0,1,37,0,17,0,8,1,0,1,2,4,0,0,0,0,0,0
"Seguridad","Violación equiparada","2015_2",5,29,0,3,3,22,4,2,0,0,3,2,0,0,0,0,48,1,18,2,11,3,0,5,3,3,0,0,0,0,0,2
"Seguridad","Violación equiparada","2015_3",3,37,0,2,0,27,7,5,0,0,3,2,0,0,0,0,44,0,29,0,11,3,0,1,5,1,0,0,0,0,0,2
"Seguridad","Violación equiparada","2015_4",7,35,0,0,0,17,1,5,0,2,3,4,0,1,0,0,52,0,29,0,14,2,0,5,1,2,0,0,0,0,0,6
"Seguridad","Violación equiparada","2015_5",3,40,2,2,2,28,8,3,0,0,4,6,0,0,0,0,57,0,22,7,7,1,0,1,8,2,0,0,0,0,0,11
"Seguridad","Violación equiparada","2015_6",4,26,0,0,2,20,8,7,0,0,4,4,0,0,0,0,49,1,23,0,12,2,0,5,7,1,0,0,0,0,0,7
"Seguridad","Violación equiparada","2015_7",4,30,0,5,4,18,5,5,0,0,10,6,0,0,0,0,41,1,17,0,7,3,0,2,4,1,1,0,0,0,0,5
"Seguridad","Violación equiparada","2015_8",4,35,0,3,4,12,5,6,0,0,4,4,0,0,1,0,54,3,23,3,14,1,0,2,2,0,0,0,0,0,0,3
"Seguridad","Violación equiparada","2015_9",3,38,1,1,1,19,5,2,0,0,4,5,0,0,0,0,49,1,17,0,13,3,0,1,2,1,1,0,0,0,0,7
"Seguridad","Violación equiparada","2015_10",5,41,0,7,0,21,8,2,0,0,6,6,0,4,2,0,53,0,19,0,16,4,0,5,3,0,0,0,0,0,0,2
"Seguridad","Violación equiparada","2015_11",3,17,0,5,2,16,7,0,0,0,4,6,0,1,0,1,52,0,9,0,14,1,0,0,1,2,0,0,0,0,0,6
"Seguridad","Violación equiparada","2015_12",0,25,0,3,6,10,2,4,0,0,5,3,0,0,0,0,45,0,10,0,8,5,0,1,1,1,1,0,0,0,0,6
"Seguridad","Violación equiparada","2016_1",2,23,0,4,7,14,1,2,0,0,3,3,5,0,3,0,43,1,13,4,6,1,0,2,0,0,0,0,0,0,0,1
"Seguridad","Violación equiparada","2016_2",3,33,0,2,4,9,4,6,0,0,2,6,0,1,1,0,49,0,14,7,6,1,2,4,1,3,0,0,0,0,0,3
"Seguridad","Violación equiparada","2016_3",2,33,0,2,4,24,2,2,0,0,8,9,0,1,2,1,76,1,18,3,5,4,0,3,3,0,1,0,0,0,0,5
"Seguridad","Violación equiparada","2016_4",4,36,3,12,15,12,2,5,0,0,4,10,0,0,1,0,83,0,25,4,12,1,0,5,2,1,0,0,0,0,0,3
"Seguridad","Violación equiparada","2016_5",7,45,0,11,11,18,3,10,0,0,2,11,0,0,0,0,52,1,21,6,8,3,1,4,4,2,0,0,0,0,0,5
"Seguridad","Violación equiparada","2016_6",2,32,0,5,7,18,4,14,0,0,3,9,0,0,1,1,47,2,29,5,10,6,4,1,6,5,0,0,0,0,0,4
"Seguridad","Violación equiparada","2016_7",7,38,0,11,17,23,12,12,0,0,1,3,0,2,0,1,35,0,20,6,10,7,0,2,3,7,0,0,0,0,0,5
"Seguridad","Violación equiparada","2016_8",3,33,1,7,17,16,13,4,0,0,0,6,0,0,3,0,53,0,25,3,19,4,3,4,5,6,1,0,0,1,0,7
"Seguridad","Violación equiparada","2016_9",4,30,1,3,10,21,8,5,0,0,0,1,0,0,3,0,77,0,19,9,10,6,0,3,5,5,0,0,0,0,0,10
"Seguridad","Violación equiparada","2016_10",3,20,0,9,11,18,8,10,0,0,3,7,0,0,0,0,89,2,23,0,13,3,4,7,3,8,0,0,0,0,0,13
"Seguridad","Violación equiparada","2016_11",7,28,0,4,14,18,4,5,0,1,2,2,0,0,1,0,78,1,13,1,8,7,1,6,6,7,0,0,0,1,1,11
"Seguridad","Violación equiparada","2016_12",1,21,1,5,6,14,5,10,0,0,1,5,0,0,2,0,76,0,15,1,5,6,4,2,2,3,0,0,0,0,0,7
"Seguridad","Violación equiparada","2017_1",5,28,1,4,6,9,3,3,3,1,1,4,0,0,3,1,15,0,12,3,9,6,2,5,3,5,0,0,0,0,4,9
"Seguridad","Violación equiparada","2017_2",3,32,2,8,9,13,7,8,1,0,5,1,0,0,2,0,56,1,12,2,4,8,1,3,4,2,0,0,0,0,1,7
"Seguridad","Violación equiparada","2017_3",1,41,7,6,12,23,5,12,0,7,2,4,0,0,6,0,78,1,27,9,13,4,4,5,3,11,0,0,0,0,9,8
"Seguridad","Violación equiparada","2017_4",6,35,1,3,7,20,6,5,0,0,1,3,0,0,4,1,71,1,18,7,7,1,0,5,0,2,0,0,0,0,0,5
"Seguridad","Violación equiparada","2017_5",8,40,0,5,11,19,7,7,0,3,3,4,0,0,3,0,87,0,20,6,17,11,1,6,1,7,0,0,0,1,4,6
"Seguridad","Violación equiparada","2017_6",6,39,2,12,12,29,2,11,0,4,4,4,0,0,3,0,109,0,27,3,15,10,0,0,4,4,1,1,0,0,0,7
"Seguridad","Violación equiparada","2017_7",5,23,4,6,9,16,5,8,0,2,1,6,0,0,4,0,66,0,20,8,16,7,0,4,5,6,0,0,0,0,0,3
"Seguridad","Violación equiparada","2017_8",5,25,1,9,10,20,4,10,0,0,2,8,0,0,4,0,65,0,32,8,17,9,0,0,2,3,0,0,0,0,0,8
"Seguridad","Violación equiparada","2017_9",5,24,0,10,8,16,2,12,0,1,0,14,0,0,3,0,83,0,20,5,15,9,0,4,3,3,1,0,0,0,0,4
"Seguridad","Violación equiparada","2017_10",8,23,1,4,9,16,1,13,0,3,1,6,0,0,5,0,85,0,22,15,13,6,2,3,2,4,0,0,0,0,0,1
"Seguridad","Violación equiparada","2017_11",8,21,2,4,4,17,4,11,0,0,2,3,0,0,3,0,76,2,21,4,8,6,0,0,1,0,0,0,0,0,1,4
"Seguridad","Violación equiparada","2017_12",3,18,0,11,7,14,2,3,0,2,0,1,0,0,1,0,49,2,15,1,13,4,0,0,2,1,0,0,0,0,0,2
"Seguridad","Violación equiparada","2018_1",4,22,2,9,4,11,14,5,0,5,1,2,0,2,3,0,44,0,18,5,15,10,0,3,3,0,0,0,0,0,1,2
"Seguridad","Violación equiparada","2018_2",3,27,1,5,4,26,4,9,1,5,5,1,0,0,3,0,45,0,29,9,11,5,0,2,2,2,0,0,0,0,0,8
"Seguridad","Violación equiparada","2018_3",7,18,2,5,2,27,5,17,1,2,2,5,0,0,3,0,56,0,26,3,21,6,1,3,4,3,0,0,0,0,2,10
"Seguridad","Violación equiparada","2018_4",5,29,6,5,7,16,6,15,0,1,6,2,0,0,1,0,70,2,28,7,26,5,0,1,4,3,0,0,0,1,0,11
"Seguridad","Violación equiparada","2018_5",3,27,1,14,3,22,7,23,2,2,3,9,0,0,2,0,70,0,33,15,25,6,0,8,3,3,0,0,0,0,0,5
"Seguridad","Violación equiparada","2018_6",6,48,1,13,7,22,14,13,2,0,2,9,0,0,6,1,38,0,32,2,20,9,0,8,1,3,0,0,0,0,0,11
"Seguridad","Violación equiparada","2018_7",8,30,2,10,2,16,17,10,0,0,6,6,0,0,4,0,69,2,25,3,15,4,2,5,5,6,0,0,0,1,0,8
"Seguridad","Violación equiparada","2018_8",5,28,1,7,0,28,16,12,0,4,4,0,0,0,5,0,55,0,22,4,23,4,0,4,4,3,0,0,0,0,1,12
"Seguridad","Violación equiparada","2018_9",3,26,6,10,14,11,11,8,3,4,6,0,0,0,6,0,65,1,27,6,33,6,1,2,4,4,0,0,0,0,1,8
"Seguridad","Violación equiparada","2018_10",3,18,1,13,11,19,11,4,0,1,2,5,0,0,9,0,78,1,35,7,32,5,1,1,9,6,1,0,0,0,1,9
"Seguridad","Violación equiparada","2018_11",9,20,1,11,8,12,20,12,0,3,2,4,2,0,2,0,65,1,23,12,33,9,1,1,8,4,0,0,0,0,1,9
"Seguridad","Violación equiparada","2018_12",2,27,0,15,1,8,20,6,1,0,0,11,0,0,2,2,46,0,19,12,17,4,1,2,0,3,0,0,0,0,1,8
"Seguridad","Violación equiparada","2019_1",2,26,2,13,0,27,13,14,2,0,2,6,0,0,8,0,62,1,21,12,34,3,1,0,6,2,0,0,0,0,0,6
"Seguridad","Violación equiparada","2019_2",6,27,4,19,0,23,22,12,2,0,1,6,0,0,2,0,70,1,28,11,28,9,0,0,4,0,0,0,0,0,1,8
"Seguridad","Violación equiparada","2019_3",6,19,0,16,0,31,20,13,3,0,3,11,0,0,3,2,77,2,24,12,28,8,0,0,6,6,0,0,0,0,1,13
"Seguridad","Violación equiparada","2019_4",9,27,2,20,2,20,21,19,3,0,2,7,0,0,9,0,55,1,34,21,23,7,0,0,7,7,0,0,0,1,0,9
"Seguridad","Violación equiparada","2019_5",13,38,2,19,0,27,33,10,0,1,3,13,0,0,10,0,93,3,31,20,33,12,1,0,10,3,0,0,0,0,0,15
"Seguridad","Violación equiparada","2019_6",8,28,0,28,0,20,23,4,2,0,5,9,0,0,6,2,91,0,28,23,28,5,3,0,2,7,1,0,0,0,0,9
"Seguridad","Violación equiparada","2019_7",3,34,5,27,0,28,26,7,1,0,5,5,0,0,1,0,70,0,29,14,31,9,0,6,6,5,0,0,0,0,0,7
"Seguridad","Violación equiparada","2019_8",11,40,5,15,0,16,33,10,0,0,2,12,0,0,6,1,62,0,37,19,35,12,1,0,5,3,0,0,0,0,0,8
"Seguridad","Violación equiparada","2019_9",7,34,2,17,0,22,17,14,0,0,2,8,0,0,10,0,78,1,35,16,34,5,2,0,7,2,0,0,0,0,1,17
"Seguridad","Violación equiparada","2019_10",5,29,2,6,0,24,27,9,0,0,5,11,0,0,6,0,64,3,36,28,44,7,0,0,6,4,0,0,0,0,0,10
"Seguridad","Violación equiparada","2019_11",9,21,2,13,0,17,33,8,0,0,2,9,0,0,2,0,60,2,18,30,19,11,0,0,2,15,0,0,0,1,0,5
"Seguridad","Violación equiparada","2019_12",7,13,1,18,0,19,22,8,0,0,4,6,0,0,11,0,6,2,30,15,20,14,0,0,4,7,0,0,0,0,0,3
"Seguridad","Violación equiparada","2020_1",11,34,9,15,0,19,31,8,1,0,2,7,32,0,6,0,49,0,18,17,23,11,0,0,12,9,0,0,0,1,0,7
"Seguridad","Violación equiparada","2020_2",8,30,2,15,0,16,47,7,1,2,8,17,51,0,8,1,82,0,34,27,32,14,0,0,5,4,0,0,0,1,0,4
"Seguridad","Violación equiparada","2020_3",1,34,3,18,0,15,37,13,0,0,1,14,28,0,13,4,54,6,29,15,28,4,0,0,6,1,0,0,0,1,0,10
"Seguridad","Violación equiparada","2020_4",8,24,1,6,0,11,24,14,1,0,5,7,18,0,10,0,44,1,28,19,26,12,0,0,2,1,0,0,0,1,0,6
"Seguridad","Violación equiparada","2020_5",6,13,3,6,0,21,24,10,0,0,2,9,12,0,6,0,42,0,25,16,24,16,0,0,2,9,0,0,0,1,0,16
"Seguridad","Violación equiparada","2020_6",6,18,3,6,0,20,24,12,1,0,3,12,13,0,7,0,59,0,30,17,27,20,0,0,10,3,0,0,0,3,0,10
"Seguridad","Violación equiparada","2020_7",5,28,4,5,0,29,38,19,2,0,5,13,29,0,12,4,48,2,26,24,21,9,0,0,8,3,0,0,0,0,0,9
"Seguridad","Violación equiparada","2020_8",9,26,6,14,0,17,37,4,0,0,3,11,27,0,4,3,66,2,29,20,24,20,0,0,8,2,0,0,0,1,0,4
"Seguridad","Violación equiparada","2020_9",11,25,6,15,0,26,52,15,0,0,5,18,27,0,5,2,93,3,30,29,33,13,0,0,8,5,0,0,0,2,0,14
"Seguridad","Violación equiparada","2020_10",10,33,5,18,0,22,54,16,0,0,3,17,38,0,10,0,94,3,29,22,39,23,0,0,4,6,0,0,0,1,0,5
"Seguridad","Violación equiparada","2020_11",8,18,7,17,0,17,45,12,0,0,1,22,31,0,6,0,88,1,19,31,24,15,0,0,9,10,0,0,0,2,0,3
"Seguridad","Violación equiparada","2020_12",6,13,2,14,0,35,40,9,0,0,4,14,28,0,11,1,75,3,30,27,23,13,1,0,5,3,0,0,0,0,0,4
"Seguridad","Violación equiparada","2021_1",12,17,6,16,0,16,32,16,0,0,6,11,21,0,4,0,57,1,29,22,15,16,0,0,10,5,0,0,0,1,0,11
"Seguridad","Violación equiparada","2021_2",11,17,7,22,0,30,63,34,0,2,4,12,21,0,14,0,60,3,28,22,34,21,0,0,5,5,1,0,0,3,0,12
"Seguridad","Violación equiparada","2021_3",13,25,5,14,0,24,79,18,0,1,5,14,38,0,10,0,113,3,47,43,40,28,0,0,8,6,1,0,0,1,0,13
"Seguridad","Violación equiparada","2021_4",9,27,3,14,0,24,75,23,0,0,7,12,20,0,14,0,102,3,43,31,43,25,0,0,3,5,0,0,0,4,0,17
"Seguridad","Violación equiparada","2021_5",14,29,2,15,0,34,89,31,0,2,6,20,36,0,15,0,99,2,41,28,40,22,0,0,8,7,1,0,0,1,0,17
"Seguridad","Violación equiparada","2021_6",7,38,8,20,2,30,73,9,0,0,12,13,39,0,12,0,126,0,49,26,35,13,0,0,12,4,0,0,0,1,0,10
"Seguridad","Violación equiparada","2021_7",4,39,2,7,1,22,66,24,0,0,9,14,26,0,8,0,110,3,37,35,42,17,0,0,6,7,0,0,0,2,0,11
"Seguridad","Violación equiparada","2021_8",11,39,2,18,0,28,58,18,0,0,5,10,36,0,13,0,91,0,33,23,33,19,0,0,3,6,0,0,0,1,0,12
"Seguridad","Violación equiparada","2021_9",11,25,4,12,2,23,68,28,0,0,6,10,33,0,11,0,113,1,44,29,34,21,0,0,7,4,0,0,0,1,0,13
"Seguridad","Violación equiparada","2021_10",5,34,5,16,1,28,84,24,0,0,4,20,31,0,12,0,131,2,55,27,53,31,0,0,4,6,0,0,1,5,0,9
"Seguridad","Violación equiparada","2021_11",4,28,2,27,1,27,64,27,0,0,9,17,46,0,6,0,121,2,37,33,29,20,8,0,14,6,0,0,0,2,0,13
"Seguridad","Violación equiparada","2021_12",9,28,1,28,0,23,68,12,0,0,5,21,20,0,3,0,129,1,44,18,31,21,0,0,10,3,0,0,0,1,0,12
"Seguridad","Violación equiparada","2022_1",6,23,3,16,1,16,95,13,0,0,12,12,33,0,10,0,115,1,36,24,31,23,0,0,3,4,0,1,0,1,0,5
"Seguridad","Violación equiparada","2022_2",8,26,1,20,6,17,110,23,0,1,6,12,30,0,9,0,123,1,34,23,37,15,0,0,5,3,0,0,0,0,0,13
"Seguridad","Violación equiparada","2022_3",10,38,7,13,2,33,200,31,0,1,5,16,37,0,9,1,163,3,75,40,26,28,0,0,7,7,1,0,1,2,0,15
"Seguridad","Violación equiparada","2022_4",9,35,3,27,1,32,176,28,0,0,10,18,48,0,19,0,136,2,53,20,41,31,0,0,8,6,0,0,0,2,0,5
"Seguridad","Violación equiparada","2022_5",13,33,5,21,2,26,150,21,0,0,10,22,47,2,10,0,184,2,57,33,36,30,0,0,12,11,0,0,0,1,0,13
"Seguridad","Violación equiparada","2022_6",12,29,7,23,4,28,159,35,0,1,7,19,62,1,7,2,163,4,60,26,28,27,0,0,8,5,0,0,0,0,0,7
"Seguridad","Violación equiparada","2022_7",6,36,3,24,4,27,132,10,0,0,6,15,38,5,16,0,104,1,41,31,29,24,0,0,8,4,1,0,0,3,0,14
"Seguridad","Violación equiparada","2022_8",12,29,1,28,0,29,142,22,0,0,9,14,59,3,8,0,115,5,70,23,31,24,0,0,8,3,0,0,0,3,0,14
"Seguridad","Violación equiparada","2022_9",9,25,6,20,0,16,125,45,0,0,8,12,50,6,14,0,112,1,51,24,37,18,0,0,5,5,0,0,0,0,0,10
"Seguridad","Violación equiparada","2022_10",9,41,1,18,3,27,137,21,0,1,11,19,54,10,17,0,94,2,45,21,36,31,0,0,6,3,0,0,0,1,0,8
"Seguridad","Violación equiparada","2022_11",6,15,3,18,2,30,151,21,0,0,5,18,57,4,12,0,84,8,45,24,29,20,0,0,9,1,0,0,1,3,0,4
"Seguridad","Violación equiparada","2022_12",12,14,3,22,0,10,126,29,0,0,1,13,28,10,10,0,75,3,51,13,19,25,0,0,7,1,0,0,0,2,0,9
"Seguridad","Violación equiparada","2023_1",8,23,0,18,0,21,154,21,0,0,4,23,57,2,14,0,110,3,51,25,26,22,0,0,10,3,0,0,0,1,0,11
"Seguridad","Violación equiparada","2023_2",14,18,4,25,2,19,152,29,0,0,9,19,43,9,19,0,93,4,32,27,26,19,0,0,6,6,0,0,0,0,0,13
"Seguridad","Violación equiparada","2023_3",15,25,3,15,2,26,199,50,0,0,11,26,51,12,15,0,90,5,49,30,44,26,0,0,5,3,1,0,0,1,0,11
"Seguridad","Violación equiparada","2023_4",14,25,3,19,2,20,168,31,0,0,10,9,40,3,15,0,92,3,60,29,35,22,0,0,2,1,0,0,0,2,0,9
"Seguridad","Violación equiparada","2023_5",9,20,3,18,2,23,188,38,0,0,13,22,54,0,19,0,70,10,57,26,34,22,0,0,5,2,0,0,0,0,0,14
"Seguridad","Violación equiparada","2023_6",11,28,3,22,1,23,196,46,0,0,8,17,63,4,12,0,93,5,63,26,48,14,0,0,1,5,0,0,0,1,0,17
"Seguridad","Violación equiparada","2023_7",16,32,4,19,1,22,168,38,0,0,8,11,51,3,17,0,66,3,48,24,43,26,0,0,4,2,0,0,1,3,0,8
"Seguridad","Violación equiparada","2023_8",12,28,2,17,3,27,158,29,0,0,9,19,36,1,13,1,64,3,56,28,30,21,0,0,6,3,0,0,0,1,0,9
"Seguridad","Violación equiparada","2023_9",13,24,3,26,0,16,137,28,0,0,11,16,33,3,9,1,68,3,47,20,34,26,0,0,6,1,0,0,0,3,0,9
"Seguridad","Violación equiparada","2023_10",14,25,2,23,1,23,178,27,0,0,6,11,31,2,10,0,61,2,39,26,32,17,0,0,1,4,0,0,0,5,0,10
"Seguridad","Violación equiparada","2023_11",15,31,5,18,0,32,118,29,0,0,6,7,53,5,14,1,51,3,42,25,29,19,0,0,5,2,0,0,0,2,0,11
"Seguridad","Violación equiparada","2023_12",9,17,1,17,1,10,132,37,0,0,3,11,18,3,8,2,34,3,32,22,35,19,0,0,2,2,0,0,0,0,0,7
"Seguridad","Violación equiparada","2024_1",7,18,2,15,0,11,127,14,0,0,3,9,42,4,9,3,60,2,46,19,24,13,0,0,7,0,0,0,0,0,0,5
"Seguridad","Violación equiparada","2024_2",13,20,2,13,2,19,141,41,0,0,7,7,46,13,12,0,55,2,40,28,28,22,0,0,7,4,0,0,0,2,0,10
"Seguridad","Violación equiparada","2024_3",4,10,2,16,1,27,156,37,0,0,7,15,33,6,17,2,46,1,42,31,25,14,0,0,7,2,0,0,0,4,0,7
"Seguridad","Violación equiparada","2024_4",15,38,5,16,1,25,169,29,0,0,11,18,62,1,18,2,57,3,44,24,17,28,0,0,9,2,0,0,0,2,0,10
"Seguridad","Violación equiparada","2024_5",16,25,2,19,0,34,155,47,0,0,13,15,45,1,11,3,41,1,59,27,29,25,0,0,3,2,0,0,0,2,0,11
"Seguridad","Violación equiparada","2024_6",8,20,4,14,0,24,148,27,0,0,6,12,41,3,16,0,39,1,40,30,25,9,0,0,8,4,0,0,0,1,0,10
"Seguridad","Violación equiparada","2024_7",18,29,2,11,0,29,157,29,0,0,1,13,21,5,15,0,34,1,63,15,29,27,0,0,7,4,0,0,0,2,0,9
"Seguridad","Violación equiparada","2024_8",14,21,5,16,1,15,137,41,0,0,8,17,26,3,13,0,45,5,55,17,26,15,0,0,4,7,0,0,0,1,0,8
"Seguridad","Violación equiparada","2024_9",18,36,1,14,0,22,161,29,0,0,12,12,11,6,12,0,42,1,46,28,16,31,0,0,4,5,0,0,0,5,0,12
"Seguridad","Violación equiparada","2024_10",9,22,2,17,1,43,138,46,0,0,10,23,34,1,13,0,60,3,34,31,26,26,0,0,7,4,0,0,0,4,0,14
"Seguridad","Violación equiparada","2024_11",8,16,4,17,1,31,137,30,0,0,6,11,31,0,17,0,39,0,31,27,24,28,0,0,8,8,0,0,0,2,0,8
"Seguridad","Violación equiparada","2024_12",11,16,2,13,0,20,109,14,0,0,9,21,25,1,12,0,23,1,34,16,17,17,0,0,8,2,0,0,0,2,0,10
"Seguridad","Violación equiparada","2025_1",12,12,5,18,1,15,108,21,0,0,7,14,48,6,12,0,44,4,30,27,22,21,0,0,1,3,0,0,0,0,0,6
"Seguridad","Violación equiparada","2025_2",12,9,6,14,0,17,113,38,0,0,8,19,34,1,22,2,34,0,26,14,24,22,0,0,7,1,0,0,0,1,0,9
"Seguridad","Violación equiparada","2025_3",8,18,3,23,1,51,142,52,0,0,9,12,50,0,21,0,51,2,40,26,15,23,0,0,8,6,1,0,0,1,0,6
"Seguridad","Violación equiparada","2025_4",13,20,0,13,1,30,133,26,0,0,11,15,45,2,23,0,59,1,33,34,29,19,0,0,5,4,0,0,0,3,0,14
"Seguridad","Violación equiparada","2025_5",16,20,3,22,4,39,140,31,0,0,12,18,0,3,29,0,47,3,50,37,25,11,0,0,9,3,1,0,0,1,0,13
"Seguridad","Violación equiparada","2025_6",20,15,2,14,1,22,109,31,0,0,7,17,42,2,20,0,65,0,50,23,25,18,0,0,9,8,0,0,0,0,0,12
"Seguridad","Violación equiparada","2025_7",0,0,0,0,0,0,0,0,0,0,0,0,0,0,0,0,0,0,0,0,0,0,0,0,0,0,0,0,0,0,0,0
"Seguridad","Violación equiparada","2025_8",0,0,0,0,0,0,0,0,0,0,0,0,0,0,0,0,0,0,0,0,0,0,0,0,0,0,0,0,0,0,0,0
"Seguridad","Violación equiparada","2025_9",0,0,0,0,0,0,0,0,0,0,0,0,0,0,0,0,0,0,0,0,0,0,0,0,0,0,0,0,0,0,0,0
"Seguridad","Violación equiparada","2025_10",0,0,0,0,0,0,0,0,0,0,0,0,0,0,0,0,0,0,0,0,0,0,0,0,0,0,0,0,0,0,0,0
"Seguridad","Violación equiparada","2025_11",0,0,0,0,0,0,0,0,0,0,0,0,0,0,0,0,0,0,0,0,0,0,0,0,0,0,0,0,0,0,0,0
"Seguridad","Violación equiparada","2025_12",0,0,0,0,0,0,0,0,0,0,0,0,0,0,0,0,0,0,0,0,0,0,0,0,0,0,0,0,0,0,0,0
"Seguridad","Violación simple","2015_1",5,55,8,6,63,40,32,5,4,18,47,25,30,30,22,19,93,3,53,0,43,17,40,18,5,10,23,29,5,8,25,17
"Seguridad","Violación simple","2015_2",5,46,13,3,77,43,35,4,0,18,44,25,41,27,25,35,62,12,42,13,28,11,36,15,6,6,17,34,2,11,13,11
"Seguridad","Violación simple","2015_3",3,56,17,2,75,60,50,6,0,10,62,34,14,23,33,29,66,8,60,0,30,30,43,29,18,23,33,42,2,10,26,4
"Seguridad","Violación simple","2015_4",11,49,11,0,74,49,46,9,5,18,59,35,24,34,18,42,71,10,45,0,27,25,47,24,12,15,16,52,6,10,13,12
"Seguridad","Violación simple","2015_5",3,52,7,4,62,71,69,4,3,22,68,20,43,35,34,48,77,15,59,25,36,31,51,20,12,12,16,46,1,9,16,16
"Seguridad","Violación simple","2015_6",15,75,16,5,63,77,43,7,1,9,57,16,21,27,24,48,72,12,50,0,33,22,36,17,19,15,24,58,4,12,17,13
"Seguridad","Violación simple","2015_7",8,55,17,8,59,52,83,3,0,13,50,16,23,31,28,38,73,10,61,0,44,29,52,20,14,17,30,48,4,10,22,6
"Seguridad","Violación simple","2015_8",8,58,8,2,50,83,70,3,5,17,51,19,50,34,25,33,88,8,47,9,37,28,55,17,10,11,16,35,2,9,17,9
"Seguridad","Violación simple","2015_9",6,69,6,0,38,59,56,6,1,16,66,10,34,37,24,32,78,8,53,0,40,24,48,22,17,16,23,43,4,8,17,9
"Seguridad","Violación simple","2015_10",9,77,6,6,50,52,66,6,3,15,70,17,21,31,35,23,81,11,52,0,36,28,41,19,12,36,18,47,0,7,15,9
"Seguridad","Violación simple","2015_11",5,47,9,4,56,67,46,3,2,13,51,18,30,28,25,26,103,17,46,25,35,28,49,25,11,14,23,55,13,7,26,9
"Seguridad","Violación simple","2015_12",6,57,13,4,50,41,48,7,0,19,47,17,17,30,23,42,100,7,46,0,24,21,32,20,12,11,27,42,4,5,17,6
"Seguridad","Violación simple","2016_1",7,54,9,1,36,54,28,5,4,15,45,15,37,28,27,37,75,6,45,34,44,16,22,8,17,10,13,40,5,8,19,10
"Seguridad","Violación simple","2016_2",5,40,15,4,47,57,34,18,8,12,56,20,44,30,21,28,142,11,50,34,42,20,17,24,14,25,13,37,0,10,13,13
"Seguridad","Violación simple","2016_3",11,59,28,2,74,62,25,12,4,18,43,14,20,36,19,37,102,6,54,45,45,21,21,11,14,13,18,39,1,7,16,11
"Seguridad","Violación simple","2016_4",8,59,21,6,50,78,40,15,7,15,36,32,4,45,28,27,117,7,66,35,46,24,29,24,13,17,16,71,4,7,20,14
"Seguridad","Violación simple","2016_5",8,39,10,13,50,69,55,6,17,19,36,17,54,56,32,35,155,10,52,32,53,34,21,16,20,12,16,68,3,6,25,11
"Seguridad","Violación simple","2016_6",12,53,13,9,45,61,75,15,8,10,32,23,51,44,21,29,106,10,64,40,40,22,11,17,9,27,30,39,5,8,18,13
"Seguridad","Violación simple","2016_7",9,62,13,9,44,71,55,17,12,20,33,10,23,38,22,34,137,6,55,37,50,25,14,29,10,25,25,30,6,7,19,12
"Seguridad","Violación simple","2016_8",8,58,27,7,47,66,45,11,15,12,32,7,36,34,24,27,142,7,62,43,41,25,9,49,9,21,21,33,6,8,23,15
"Seguridad","Violación simple","2016_9",7,57,7,6,54,41,55,16,6,19,31,19,73,46,28,23,112,5,68,36,46,37,11,26,13,18,24,32,9,10,11,15
"Seguridad","Violación simple","2016_10",9,52,12,6,71,51,26,13,8,14,26,15,31,38,32,36,118,6,62,0,54,24,21,29,11,25,28,41,2,16,23,16
"Seguridad","Violación simple","2016_11",3,42,15,8,41,52,25,9,8,10,26,7,32,41,23,29,100,6,45,35,41,28,29,31,12,14,25,46,1,25,17,6
"Seguridad","Violación simple","2016_12",12,42,15,5,47,41,40,16,12,7,25,10,40,52,13,41,84,1,53,31,35,9,31,28,9,13,23,30,0,14,16,12
"Seguridad","Violación simple","2017_1",11,44,14,4,43,50,22,7,8,12,23,18,47,36,11,26,133,9,41,31,47,12,16,29,8,19,27,33,4,49,12,5
"Seguridad","Violación simple","2017_2",5,30,12,4,44,49,27,13,9,7,24,18,54,26,21,28,98,7,43,21,48,21,11,24,9,17,26,39,0,30,9,11
"Seguridad","Violación simple","2017_3",11,66,8,8,67,72,28,20,11,28,26,22,46,59,22,23,83,4,65,21,49,31,28,43,9,15,29,41,4,36,12,7
"Seguridad","Violación simple","2017_4",10,50,7,3,38,70,22,9,13,13,27,11,24,38,21,34,85,2,51,31,36,23,27,40,8,15,32,41,1,33,18,4
"Seguridad","Violación simple","2017_5",14,49,12,7,52,64,19,18,4,19,24,11,51,44,19,30,84,12,51,20,49,36,32,44,12,27,30,59,2,34,19,16
"Seguridad","Violación simple","2017_6",19,53,18,4,58,68,22,24,8,17,27,22,43,47,23,37,90,6,76,25,39,31,26,38,13,24,30,47,1,27,18,15
"Seguridad","Violación simple","2017_7",19,69,8,3,49,62,18,13,11,11,28,13,36,42,24,41,95,4,60,26,54,25,15,38,13,20,37,30,0,33,13,5
"Seguridad","Violación simple","2017_8",10,53,20,8,50,84,25,24,7,23,29,17,48,49,35,34,94,7,66,28,49,27,18,30,9,23,31,45,1,28,22,14
"Seguridad","Violación simple","2017_9",8,69,15,6,47,65,18,24,11,19,28,7,54,31,33,29,88,5,57,26,40,23,10,36,9,16,41,32,9,22,23,11
"Seguridad","Violación simple","2017_10",25,71,17,3,52,74,23,14,6,15,30,20,54,35,27,37,90,5,51,32,41,24,13,45,14,11,31,45,11,24,16,19
"Seguridad","Violación simple","2017_11",15,54,14,4,46,74,16,16,9,8,27,14,66,29,24,41,74,6,42,32,37,24,7,24,11,5,18,27,11,12,19,11
"Seguridad","Violación simple","2017_12",14,59,6,3,32,41,17,12,6,9,33,15,37,31,21,27,90,4,41,20,32,19,7,28,14,11,30,28,10,11,14,10
"Seguridad","Violación simple","2018_1",9,51,8,1,48,57,65,17,10,13,29,14,40,33,11,20,68,11,51,24,33,18,4,30,7,8,18,34,8,29,22,7
"Seguridad","Violación simple","2018_2",18,30,9,8,37,52,96,17,8,15,34,13,54,34,24,27,82,5,63,39,48,25,12,26,8,15,23,43,13,30,8,13
"Seguridad","Violación simple","2018_3",16,52,8,7,51,63,116,11,4,14,36,12,66,43,24,57,77,8,53,38,38,18,9,32,10,6,37,39,13,33,9,15
"Seguridad","Violación simple","2018_4",9,59,11,5,51,71,142,14,2,15,46,13,62,31,25,39,100,4,74,31,42,18,13,36,12,12,33,51,19,44,9,10
"Seguridad","Violación simple","2018_5",10,75,12,5,49,79,84,28,9,20,49,26,50,30,41,38,106,4,91,42,52,22,10,53,14,8,33,66,18,33,8,14
"Seguridad","Violación simple","2018_6",14,66,12,9,50,93,99,22,3,18,51,16,57,39,21,45,104,8,59,28,51,32,13,43,16,11,27,50,13,29,2,11
"Seguridad","Violación simple","2018_7",25,57,14,5,47,66,96,11,6,14,47,18,45,31,32,40,102,3,69,39,46,23,11,38,15,9,40,50,17,22,3,10
"Seguridad","Violación simple","2018_8",20,58,4,4,50,79,134,25,10,20,62,24,58,32,28,23,100,4,73,40,48,23,23,46,21,8,26,40,15,22,7,10
"Seguridad","Violación simple","2018_9",19,51,16,5,39,75,92,21,11,16,59,22,55,21,21,34,151,5,61,35,50,20,4,48,12,17,27,51,10,22,5,16
"Seguridad","Violación simple","2018_10",14,54,5,8,50,71,127,14,18,9,51,18,46,34,33,43,138,2,73,42,59,22,7,49,10,12,33,39,3,31,5,13
"Seguridad","Violación simple","2018_11",8,46,15,7,35,53,105,14,7,10,62,14,43,31,25,29,133,9,41,36,41,27,11,40,15,13,19,46,0,11,3,10
"Seguridad","Violación simple","2018_12",13,44,15,3,37,44,96,13,6,13,44,6,34,31,15,31,122,6,42,29,38,14,12,46,10,11,22,39,1,6,2,8
"Seguridad","Violación simple","2019_1",16,39,18,6,39,52,71,12,8,11,47,15,47,23,29,20,119,7,45,19,56,20,21,46,15,8,26,50,1,25,9,15
"Seguridad","Violación simple","2019_2",19,36,14,7,49,50,90,6,8,17,50,21,72,38,24,30,108,6,60,34,38,24,10,48,16,8,42,54,1,29,5,11
"Seguridad","Violación simple","2019_3",23,61,19,5,44,77,104,15,9,26,63,21,48,40,25,43,123,11,47,51,69,29,11,40,9,16,37,38,1,32,4,13
"Seguridad","Violación simple","2019_4",14,41,14,4,52,85,101,14,6,17,65,24,55,32,25,42,114,12,59,35,49,33,9,60,11,13,35,45,0,32,9,13
"Seguridad","Violación simple","2019_5",18,60,12,2,40,91,87,24,10,24,62,26,69,30,43,34,138,9,78,40,57,44,16,52,13,14,56,66,4,42,4,18
"Seguridad","Violación simple","2019_6",19,69,18,9,48,76,82,12,15,33,68,19,69,40,27,30,129,10,75,35,39,47,18,66,10,17,43,39,4,32,5,21
"Seguridad","Violación simple","2019_7",19,64,14,9,41,79,102,4,7,23,52,19,50,48,36,29,101,13,58,44,39,49,26,67,18,15,39,43,5,27,4,19
"Seguridad","Violación simple","2019_8",21,64,17,7,36,73,106,28,14,21,64,9,69,38,28,36,105,11,61,40,38,33,19,56,9,9,34,60,4,35,9,24
"Seguridad","Violación simple","2019_9",19,63,19,6,59,77,108,15,9,27,52,32,63,32,31,33,100,10,82,25,49,28,24,43,31,6,37,53,1,37,4,20
"Seguridad","Violación simple","2019_10",13,65,24,1,42,79,117,22,10,28,54,20,77,45,32,35,120,10,83,37,51,44,24,84,18,11,35,46,3,46,3,8
"Seguridad","Violación simple","2019_11",19,46,18,2,40,67,109,18,12,17,42,15,57,48,34,45,96,8,59,37,39,43,24,57,15,10,21,45,2,39,2,14
"Seguridad","Violación simple","2019_12",16,37,23,3,41,53,82,7,13,16,31,21,29,32,21,32,132,8,64,30,38,51,53,43,10,14,30,42,0,22,2,5
"Seguridad","Violación simple","2020_1",17,50,13,5,41,66,90,11,8,20,44,17,40,29,19,30,68,7,65,29,41,47,54,41,11,10,19,26,0,32,4,7
"Seguridad","Violación simple","2020_2",20,61,18,7,53,66,121,12,5,23,33,15,34,37,30,35,109,5,75,39,45,39,61,55,14,13,22,32,3,32,2,15
"Seguridad","Violación simple","2020_3",24,49,25,8,48,72,129,10,16,7,50,27,51,37,38,35,94,12,94,50,50,47,59,66,16,14,30,49,2,38,5,23
"Seguridad","Violación simple","2020_4",12,34,4,1,37,52,66,13,6,13,36,11,29,26,19,26,73,12,44,26,25,30,30,50,9,13,16,24,4,27,2,7
"Seguridad","Violación simple","2020_5",11,37,12,3,33,50,65,11,12,21,40,10,23,27,32,29,92,7,56,45,24,25,24,58,6,25,8,36,5,27,1,6
"Seguridad","Violación simple","2020_6",22,41,12,2,33,89,78,6,9,19,34,13,41,24,30,32,94,9,60,26,32,26,49,57,10,20,20,35,3,31,2,12
"Seguridad","Violación simple","2020_7",21,46,20,2,42,93,75,14,15,18,49,15,27,19,35,37,84,10,59,20,43,33,48,61,12,16,32,32,4,37,2,15
"Seguridad","Violación simple","2020_8",16,59,17,3,37,91,95,11,8,35,39,16,27,25,32,41,100,15,81,40,22,30,54,47,14,14,26,37,2,33,7,21
"Seguridad","Violación simple","2020_9",16,45,13,6,45,82,86,13,20,35,40,16,19,36,33,42,126,22,69,26,22,29,68,39,17,20,32,36,4,33,3,10
"Seguridad","Violación simple","2020_10",20,75,21,7,28,74,89,17,22,19,62,13,23,36,25,45,111,12,62,42,49,29,71,55,18,26,25,47,2,44,1,8
"Seguridad","Violación simple","2020_11",10,35,8,2,28,56,88,7,12,16,46,18,31,32,24,37,105,9,52,40,39,33,55,52,12,19,21,37,5,34,4,18
"Seguridad","Violación simple","2020_12",17,37,15,7,35,42,70,8,12,14,54,18,25,41,23,28,99,10,62,32,40,27,61,52,11,13,24,26,4,26,2,10
"Seguridad","Violación simple","2021_1",21,41,11,5,33,59,91,16,13,23,50,12,15,29,34,35,89,17,39,27,25,32,59,45,16,22,19,34,2,21,3,6
"Seguridad","Violación simple","2021_2",15,36,10,7,46,52,85,19,20,28,53,22,21,38,37,38,113,15,60,26,38,37,58,53,12,23,18,36,4,49,1,14
"Seguridad","Violación simple","2021_3",19,56,16,5,47,107,139,24,21,16,86,13,42,46,37,50,164,16,83,51,66,35,63,58,22,35,36,52,1,42,3,17
"Seguridad","Violación simple","2021_4",17,38,14,2,45,94,123,34,14,44,68,24,42,57,34,48,124,15,86,35,47,38,72,59,21,20,28,40,1,52,8,9
"Seguridad","Violación simple","2021_5",24,67,20,4,45,88,138,21,14,40,75,20,52,45,36,33,144,11,79,38,43,29,79,64,15,32,22,47,0,52,8,18
"Seguridad","Violación simple","2021_6",24,55,27,9,39,104,124,26,18,36,64,18,34,38,30,41,125,10,79,27,51,41,70,54,19,21,30,56,5,32,3,13
"Seguridad","Violación simple","2021_7",28,49,18,5,42,110,116,25,22,24,65,16,30,47,43,31,100,18,88,30,42,37,62,64,22,14,29,52,4,37,2,10
"Seguridad","Violación simple","2021_8",19,65,17,0,41,103,128,16,17,25,61,19,29,32,31,41,142,13,88,25,32,38,65,45,16,30,31,51,0,42,2,10
"Seguridad","Violación simple","2021_9",23,48,18,6,41,88,114,23,20,26,68,21,22,48,44,40,134,20,81,33,36,33,62,49,22,21,43,33,4,44,5,13
"Seguridad","Violación simple","2021_10",23,52,31,6,60,78,117,15,13,29,85,19,42,45,38,47,157,16,91,37,42,48,77,61,24,24,27,61,1,39,2,19
"Seguridad","Violación simple","2021_11",15,45,11,5,41,84,112,20,9,27,67,15,26,50,33,40,121,14,66,36,33,32,57,48,18,23,16,47,0,32,1,13
"Seguridad","Violación simple","2021_12",27,38,16,6,43,80,114,10,19,19,76,16,39,42,30,47,123,15,78,31,40,29,70,36,22,24,31,50,2,33,1,9
"Seguridad","Violación simple","2022_1",20,34,8,11,38,72,53,14,7,20,59,18,16,26,28,42,112,11,41,28,23,24,76,40,15,23,16,31,1,29,1,6
"Seguridad","Violación simple","2022_2",18,34,25,6,33,76,57,19,10,19,63,19,47,37,31,46,107,12,74,38,42,27,56,48,16,23,23,23,6,26,1,14
"Seguridad","Violación simple","2022_3",23,51,28,15,26,113,74,18,18,28,81,15,55,47,46,59,199,25,94,50,43,32,90,65,34,21,31,51,7,47,1,27
"Seguridad","Violación simple","2022_4",20,62,32,5,21,123,92,24,24,30,79,21,56,46,41,60,170,20,78,46,45,35,51,51,19,27,26,53,2,44,8,20
"Seguridad","Violación simple","2022_5",24,75,26,14,40,133,83,23,22,27,91,29,47,54,41,55,210,24,103,43,47,37,67,53,25,33,31,51,3,46,3,12
"Seguridad","Violación simple","2022_6",26,59,24,8,37,107,64,17,21,35,70,30,42,28,37,56,182,21,107,35,37,37,70,65,33,16,29,50,3,39,5,23
"Seguridad","Violación simple","2022_7",27,66,23,14,36,118,83,12,18,25,82,22,33,32,39,35,155,19,98,35,35,35,75,60,25,22,34,52,0,49,7,14
"Seguridad","Violación simple","2022_8",18,56,17,12,40,93,77,13,11,29,73,25,48,51,38,58,171,33,87,35,42,32,73,62,18,23,28,48,0,32,2,9
"Seguridad","Violación simple","2022_9",21,60,17,1,25,107,74,14,11,21,62,17,38,43,30,30,167,31,92,28,27,31,71,56,20,29,29,61,0,40,8,14
"Seguridad","Violación simple","2022_10",22,62,18,5,39,121,64,10,12,28,80,20,55,56,45,53,191,40,91,38,36,45,58,59,37,10,37,65,1,45,5,18
"Seguridad","Violación simple","2022_11",16,55,19,8,32,78,56,8,11,29,63,18,48,35,39,45,174,22,99,36,34,29,58,47,22,10,37,38,1,37,2,12
"Seguridad","Violación simple","2022_12",15,46,10,8,27,64,45,9,5,19,60,15,24,30,34,40,169,10,63,38,28,22,47,38,11,11,42,35,1,29,1,8
"Seguridad","Violación simple","2023_1",17,39,18,6,32,84,62,10,15,20,52,16,39,56,39,34,163,20,86,52,31,25,62,54,28,11,26,49,2,24,4,7
"Seguridad","Violación simple","2023_2",16,48,19,8,27,68,62,5,8,16,71,19,47,39,33,53,180,27,59,31,33,44,54,37,15,15,25,49,0,32,2,13
"Seguridad","Violación simple","2023_3",26,61,33,20,40,119,70,7,18,26,83,10,56,36,52,53,225,37,111,42,50,48,88,80,31,8,26,57,0,56,6,17
"Seguridad","Violación simple","2023_4",17,50,24,13,20,106,64,7,19,28,63,16,37,45,41,42,162,26,71,51,44,30,56,52,29,17,38,39,2,35,3,15
"Seguridad","Violación simple","2023_5",23,72,25,10,35,104,73,12,15,27,83,25,47,40,53,30,229,33,85,36,35,41,69,80,31,7,21,64,1,49,3,11
"Seguridad","Violación simple","2023_6",26,78,32,5,31,135,65,10,20,34,87,27,36,59,33,49,239,42,114,48,39,41,57,56,22,13,36,61,1,60,2,17
"Seguridad","Violación simple","2023_7",33,64,23,5,15,109,48,10,14,25,80,17,41,62,36,34,149,26,95,35,31,26,52,53,34,12,23,60,2,37,6,12
"Seguridad","Violación simple","2023_8",17,50,17,12,23,85,63,8,16,25,86,20,43,52,33,43,220,31,94,43,40,31,48,42,36,6,16,47,0,38,3,14
"Seguridad","Violación simple","2023_9",18,72,29,4,23,98,61,10,12,20,64,22,51,48,30,32,253,23,92,32,30,27,75,58,35,16,22,41,0,35,6,16
"Seguridad","Violación simple","2023_10",24,74,17,1,17,99,66,3,14,24,62,13,38,41,31,37,260,40,87,31,30,42,67,51,27,11,29,51,0,44,2,18
"Seguridad","Violación simple","2023_11",17,54,21,10,20,59,51,7,9,26,70,12,37,41,29,40,205,28,78,28,28,26,47,43,24,6,30,43,0,39,5,12
"Seguridad","Violación simple","2023_12",17,55,10,8,10,66,49,2,12,11,55,15,22,41,24,32,176,21,71,24,23,18,49,27,20,4,22,31,0,34,6,9
"Seguridad","Violación simple","2024_1",16,41,12,8,13,69,48,4,17,20,55,24,37,35,26,25,185,23,59,38,18,27,49,41,20,5,20,33,1,28,9,10
"Seguridad","Violación simple","2024_2",23,55,19,7,19,87,60,6,8,16,79,18,42,36,31,29,206,24,87,31,26,39,57,58,17,7,25,39,0,26,3,10
"Seguridad","Violación simple","2024_3",21,52,24,7,13,106,69,6,12,25,83,11,34,36,28,30,225,31,121,36,32,40,70,58,21,9,22,40,2,36,2,13
"Seguridad","Violación simple","2024_4",24,56,16,9,29,81,65,3,15,27,86,20,38,46,42,43,222,23,85,31,36,42,65,45,35,13,22,56,1,42,3,15
"Seguridad","Violación simple","2024_5",35,51,23,11,15,126,69,6,15,27,70,15,45,56,31,36,258,28,93,40,41,40,76,57,23,15,40,51,1,42,7,20
"Seguridad","Violación simple","2024_6",17,62,19,5,15,117,73,11,14,26,95,13,55,43,32,58,232,31,89,23,36,41,52,54,22,21,26,51,0,43,3,13
"Seguridad","Violación simple","2024_7",19,53,20,9,24,124,59,8,15,24,61,8,30,42,34,39,197,36,68,34,48,41,63,46,41,17,24,35,0,28,0,15
"Seguridad","Violación simple","2024_8",24,51,25,4,18,119,72,4,22,25,68,15,81,41,33,34,197,24,94,34,45,37,61,48,31,15,11,52,3,35,2,13
"Seguridad","Violación simple","2024_9",26,84,16,7,14,103,79,6,17,20,73,13,56,45,35,45,209,27,88,24,38,37,61,59,26,21,18,47,1,51,4,16
"Seguridad","Violación simple","2024_10",26,60,18,9,17,112,68,16,15,24,70,14,32,46,28,43,217,24,99,38,37,26,48,60,25,12,27,48,3,37,7,19
"Seguridad","Violación simple","2024_11",26,57,17,10,21,91,66,13,13,26,60,13,27,37,28,35,236,23,67,26,32,30,50,54,18,14,18,43,2,34,3,18
"Seguridad","Violación simple","2024_12",17,48,10,7,22,77,58,14,9,11,72,15,20,48,32,42,237,20,47,29,30,15,66,45,20,12,19,24,0,35,2,11
"Seguridad","Violación simple","2025_1",9,44,16,10,26,61,61,12,10,20,66,26,24,29,28,30,178,17,59,20,42,28,61,53,17,11,16,31,3,30,6,10
"Seguridad","Violación simple","2025_2",24,56,18,4,18,100,64,10,12,14,82,9,25,43,28,38,187,23,44,26,43,34,55,41,25,11,20,39,2,34,5,16
"Seguridad","Violación simple","2025_3",18,51,20,11,32,159,67,16,11,25,69,17,40,43,28,47,269,18,79,34,30,39,67,67,27,8,37,57,2,38,6,10
"Seguridad","Violación simple","2025_4",22,54,22,6,23,117,60,13,10,22,93,25,45,51,25,52,195,21,64,37,46,27,51,63,18,12,21,38,1,40,4,13
"Seguridad","Violación simple","2025_5",20,49,13,7,17,96,47,14,17,23,57,17,73,39,35,49,207,32,87,37,35,34,53,60,24,6,14,53,1,32,2,16
"Seguridad","Violación simple","2025_6",21,58,19,7,27,86,57,15,14,24,82,13,43,50,23,40,179,16,92,22,39,29,67,48,23,13,18,40,1,46,6,15
"Seguridad","Violación simple","2025_7",0,0,0,0,0,0,0,0,0,0,0,0,0,0,0,0,0,0,0,0,0,0,0,0,0,0,0,0,0,0,0,0
"Seguridad","Violación simple","2025_8",0,0,0,0,0,0,0,0,0,0,0,0,0,0,0,0,0,0,0,0,0,0,0,0,0,0,0,0,0,0,0,0
"Seguridad","Violación simple","2025_9",0,0,0,0,0,0,0,0,0,0,0,0,0,0,0,0,0,0,0,0,0,0,0,0,0,0,0,0,0,0,0,0
"Seguridad","Violación simple","2025_10",0,0,0,0,0,0,0,0,0,0,0,0,0,0,0,0,0,0,0,0,0,0,0,0,0,0,0,0,0,0,0,0
"Seguridad","Violación simple","2025_11",0,0,0,0,0,0,0,0,0,0,0,0,0,0,0,0,0,0,0,0,0,0,0,0,0,0,0,0,0,0,0,0
"Seguridad","Violación simple","2025_12",0,0,0,0,0,0,0,0,0,0,0,0,0,0,0,0,0,0,0,0,0,0,0,0,0,0,0,0,0,0,0,0
"Seguridad","Violencia de género en todas sus modalidades distinta a la violencia familiar","2015_1",0,0,0,0,0,0,0,0,0,0,0,0,0,0,0,0,82,0,0,0,0,0,0,0,0,0,0,0,0,26,0,0
"Seguridad","Violencia de género en todas sus modalidades distinta a la violencia familiar","2015_2",0,0,0,0,0,0,0,0,0,0,0,0,0,0,0,0,84,0,0,0,0,0,0,0,0,0,0,0,0,25,0,0
"Seguridad","Violencia de género en todas sus modalidades distinta a la violencia familiar","2015_3",0,0,0,0,0,0,0,2,0,0,0,0,0,0,0,0,96,0,0,0,0,0,0,0,0,0,0,0,0,52,0,0
"Seguridad","Violencia de género en todas sus modalidades distinta a la violencia familiar","2015_4",0,0,0,0,0,0,0,1,0,0,0,0,0,0,0,0,119,0,0,0,0,1,0,0,0,0,0,0,0,66,0,0
"Seguridad","Violencia de género en todas sus modalidades distinta a la violencia familiar","2015_5",0,0,0,0,0,0,0,0,0,0,0,1,0,0,0,0,69,0,0,0,0,0,0,0,0,0,0,0,0,56,0,0
"Seguridad","Violencia de género en todas sus modalidades distinta a la violencia familiar","2015_6",0,0,0,0,0,0,0,4,0,0,0,0,0,0,0,0,104,0,0,0,0,0,0,0,0,0,0,0,0,33,0,0
"Seguridad","Violencia de género en todas sus modalidades distinta a la violencia familiar","2015_7",0,0,0,0,0,0,0,0,0,0,0,3,0,0,0,0,80,0,0,0,0,0,0,0,0,0,0,0,0,16,0,0
"Seguridad","Violencia de género en todas sus modalidades distinta a la violencia familiar","2015_8",0,0,0,0,0,0,0,1,0,0,0,1,0,0,0,0,90,0,0,0,0,0,0,0,0,0,0,0,0,57,0,0
"Seguridad","Violencia de género en todas sus modalidades distinta a la violencia familiar","2015_9",1,0,0,0,0,0,0,1,0,0,0,2,0,0,0,0,103,0,0,0,0,1,0,0,0,0,0,20,0,15,0,0
"Seguridad","Violencia de género en todas sus modalidades distinta a la violencia familiar","2015_10",1,0,0,0,0,0,0,4,0,0,0,3,0,0,0,0,84,0,0,0,0,0,0,0,0,0,0,0,0,53,0,0
"Seguridad","Violencia de género en todas sus modalidades distinta a la violencia familiar","2015_11",0,0,0,0,0,0,0,0,0,0,0,3,0,0,0,0,97,0,0,0,0,0,0,0,0,0,0,0,0,51,0,0
"Seguridad","Violencia de género en todas sus modalidades distinta a la violencia familiar","2015_12",0,0,0,0,0,0,0,0,0,0,0,2,0,0,0,0,91,0,0,0,0,0,0,0,0,0,0,0,0,44,0,0
"Seguridad","Violencia de género en todas sus modalidades distinta a la violencia familiar","2016_1",0,0,0,0,0,0,0,0,0,0,0,3,0,0,0,0,76,0,0,0,0,0,0,0,0,0,0,0,0,23,0,0
"Seguridad","Violencia de género en todas sus modalidades distinta a la violencia familiar","2016_2",0,0,0,0,0,0,0,0,0,0,0,1,0,0,0,0,102,0,0,0,0,0,0,0,0,0,0,0,0,49,0,0
"Seguridad","Violencia de género en todas sus modalidades distinta a la violencia familiar","2016_3",2,0,0,0,0,0,0,0,0,0,0,4,0,0,0,0,99,0,0,0,0,0,0,0,0,0,0,0,0,63,0,0
"Seguridad","Violencia de género en todas sus modalidades distinta a la violencia familiar","2016_4",0,0,0,0,0,0,0,2,0,0,0,5,0,0,0,0,119,0,0,0,0,0,0,0,0,0,0,0,0,46,0,0
"Seguridad","Violencia de género en todas sus modalidades distinta a la violencia familiar","2016_5",0,0,0,0,0,0,0,2,0,0,0,2,0,0,0,0,127,0,0,0,0,0,0,0,0,0,0,0,0,30,0,0
"Seguridad","Violencia de género en todas sus modalidades distinta a la violencia familiar","2016_6",0,0,0,0,0,0,0,5,0,0,0,1,0,0,0,0,90,0,0,2,0,0,0,0,0,0,0,0,0,51,0,0
"Seguridad","Violencia de género en todas sus modalidades distinta a la violencia familiar","2016_7",0,0,0,0,0,0,0,3,0,0,0,1,0,0,0,0,105,0,0,0,0,0,0,0,0,0,0,0,0,51,0,0
"Seguridad","Violencia de género en todas sus modalidades distinta a la violencia familiar","2016_8",0,0,0,0,0,0,0,3,0,0,0,2,0,0,0,0,113,0,0,0,0,0,0,0,0,0,0,0,0,53,0,0
"Seguridad","Violencia de género en todas sus modalidades distinta a la violencia familiar","2016_9",1,0,1,0,0,0,0,5,0,0,0,2,0,0,0,0,119,0,0,0,0,1,42,0,0,0,0,0,0,40,0,0
"Seguridad","Violencia de género en todas sus modalidades distinta a la violencia familiar","2016_10",1,0,0,0,0,0,0,3,0,0,0,2,0,0,0,0,95,0,0,0,0,0,0,0,0,0,0,0,0,39,0,0
"Seguridad","Violencia de género en todas sus modalidades distinta a la violencia familiar","2016_11",0,0,0,0,0,0,0,0,0,0,0,3,0,0,0,0,104,0,0,0,0,0,0,0,0,0,0,0,0,31,0,0
"Seguridad","Violencia de género en todas sus modalidades distinta a la violencia familiar","2016_12",0,0,0,0,0,0,0,2,0,0,0,7,0,0,0,0,125,0,0,0,0,1,6,0,0,0,0,0,0,28,0,0
"Seguridad","Violencia de género en todas sus modalidades distinta a la violencia familiar","2017_1",0,0,0,0,0,0,0,2,0,0,0,0,0,0,0,0,114,0,0,0,0,0,3,0,0,0,0,0,0,71,0,0
"Seguridad","Violencia de género en todas sus modalidades distinta a la violencia familiar","2017_2",0,0,0,0,0,0,0,1,0,0,0,0,0,0,0,0,106,0,0,2,0,1,0,0,0,0,0,0,0,58,0,0
"Seguridad","Violencia de género en todas sus modalidades distinta a la violencia familiar","2017_3",0,0,0,0,0,0,0,3,0,0,0,12,0,0,0,0,123,0,0,0,0,0,0,0,0,0,0,0,0,88,0,0
"Seguridad","Violencia de género en todas sus modalidades distinta a la violencia familiar","2017_4",0,0,0,0,0,0,0,0,0,0,0,5,0,0,0,0,97,0,0,1,0,0,0,0,0,0,0,0,0,55,0,0
"Seguridad","Violencia de género en todas sus modalidades distinta a la violencia familiar","2017_5",0,0,0,0,0,0,0,1,0,0,0,2,0,0,0,0,88,0,0,0,0,0,0,0,0,0,0,0,0,73,0,0
"Seguridad","Violencia de género en todas sus modalidades distinta a la violencia familiar","2017_6",1,0,0,0,0,0,0,1,0,0,0,6,0,0,0,0,101,0,0,0,0,1,0,0,0,0,0,0,0,57,0,0
"Seguridad","Violencia de género en todas sus modalidades distinta a la violencia familiar","2017_7",0,0,0,0,0,0,0,3,0,0,0,8,0,0,0,0,110,0,0,0,0,1,0,0,0,0,0,0,0,43,0,0
"Seguridad","Violencia de género en todas sus modalidades distinta a la violencia familiar","2017_8",0,0,0,0,0,0,0,3,0,0,0,2,0,0,0,0,129,0,0,0,0,1,0,0,0,0,0,0,0,58,0,0
"Seguridad","Violencia de género en todas sus modalidades distinta a la violencia familiar","2017_9",3,0,0,0,0,0,0,3,0,0,0,5,0,0,0,0,116,0,0,0,0,0,0,0,0,0,0,0,0,70,0,0
"Seguridad","Violencia de género en todas sus modalidades distinta a la violencia familiar","2017_10",2,0,0,0,0,0,0,2,0,0,0,5,0,0,0,0,114,0,0,0,0,0,0,0,0,0,0,0,0,72,0,0
"Seguridad","Violencia de género en todas sus modalidades distinta a la violencia familiar","2017_11",0,0,0,0,0,0,0,6,0,0,0,5,0,0,0,0,104,0,0,0,0,0,0,0,0,0,0,0,0,39,0,0
"Seguridad","Violencia de género en todas sus modalidades distinta a la violencia familiar","2017_12",0,0,0,0,0,0,0,0,0,0,0,3,0,0,0,0,127,0,0,0,0,0,0,0,0,0,0,0,0,35,0,0
"Seguridad","Violencia de género en todas sus modalidades distinta a la violencia familiar","2018_1",0,0,0,0,0,0,0,1,0,0,0,7,0,0,0,0,124,0,0,0,0,0,0,0,0,0,0,0,0,67,0,0
"Seguridad","Violencia de género en todas sus modalidades distinta a la violencia familiar","2018_2",1,0,0,0,0,2,0,2,0,0,0,5,0,0,0,0,117,0,0,0,0,0,0,0,0,0,0,0,0,50,0,0
"Seguridad","Violencia de género en todas sus modalidades distinta a la violencia familiar","2018_3",1,0,0,0,0,3,0,5,0,0,0,5,0,0,0,0,103,0,0,1,0,0,0,0,0,0,0,1,0,75,0,0
"Seguridad","Violencia de género en todas sus modalidades distinta a la violencia familiar","2018_4",1,0,0,0,0,3,0,1,0,1,0,13,0,0,0,0,119,0,0,1,0,0,0,0,0,0,0,0,0,70,0,0
"Seguridad","Violencia de género en todas sus modalidades distinta a la violencia familiar","2018_5",0,0,0,0,0,4,0,7,0,0,0,10,0,0,0,0,103,0,0,0,0,0,0,0,0,0,0,0,0,88,0,0
"Seguridad","Violencia de género en todas sus modalidades distinta a la violencia familiar","2018_6",0,0,0,0,0,3,0,3,0,1,0,10,0,0,0,0,101,0,0,1,0,0,0,0,0,0,0,0,0,75,0,0
"Seguridad","Violencia de género en todas sus modalidades distinta a la violencia familiar","2018_7",0,0,0,0,0,1,0,3,0,0,0,6,0,0,0,0,97,0,0,0,0,0,0,0,0,0,0,0,0,56,0,0
"Seguridad","Violencia de género en todas sus modalidades distinta a la violencia familiar","2018_8",1,0,0,0,0,1,0,2,0,0,0,13,0,0,0,0,137,0,0,0,0,1,0,0,0,2,0,0,0,59,0,0
"Seguridad","Violencia de género en todas sus modalidades distinta a la violencia familiar","2018_9",0,0,0,0,0,3,0,4,0,0,0,6,0,0,0,0,113,0,0,1,0,0,0,0,0,0,0,0,0,80,0,0
"Seguridad","Violencia de género en todas sus modalidades distinta a la violencia familiar","2018_10",0,0,0,0,0,4,0,7,0,0,0,3,0,0,0,0,111,0,0,0,0,0,0,0,0,4,0,0,0,61,0,0
"Seguridad","Violencia de género en todas sus modalidades distinta a la violencia familiar","2018_11",0,0,0,0,0,5,0,11,0,0,0,6,0,0,0,0,102,0,0,0,0,0,0,0,0,2,0,0,0,20,0,0
"Seguridad","Violencia de género en todas sus modalidades distinta a la violencia familiar","2018_12",1,0,0,0,0,1,0,5,0,0,0,12,0,0,0,0,110,0,0,0,0,0,0,0,0,0,0,0,0,19,0,0
"Seguridad","Violencia de género en todas sus modalidades distinta a la violencia familiar","2019_1",1,0,0,0,0,0,0,4,0,0,0,6,0,0,0,0,119,0,0,1,0,0,0,0,0,1,0,0,0,113,0,0
"Seguridad","Violencia de género en todas sus modalidades distinta a la violencia familiar","2019_2",0,0,0,0,0,7,0,8,0,0,0,11,0,0,0,0,109,0,0,0,0,0,0,0,0,1,0,0,0,110,0,0
"Seguridad","Violencia de género en todas sus modalidades distinta a la violencia familiar","2019_3",1,0,0,0,0,2,0,8,0,0,0,13,0,0,0,0,102,0,0,0,0,0,0,0,0,1,0,0,0,76,0,0
"Seguridad","Violencia de género en todas sus modalidades distinta a la violencia familiar","2019_4",2,0,0,0,0,1,0,23,0,0,0,6,0,0,0,0,97,0,0,0,0,1,0,0,0,0,0,0,0,107,0,0
"Seguridad","Violencia de género en todas sus modalidades distinta a la violencia familiar","2019_5",1,0,0,0,0,1,0,28,0,0,0,9,0,0,0,0,98,0,0,0,0,0,0,0,0,1,0,0,0,125,0,0
"Seguridad","Violencia de género en todas sus modalidades distinta a la violencia familiar","2019_6",2,0,0,0,0,6,0,26,0,0,0,12,0,0,0,0,148,0,0,1,0,0,0,0,0,0,0,0,0,109,0,0
"Seguridad","Violencia de género en todas sus modalidades distinta a la violencia familiar","2019_7",1,0,0,0,0,4,0,16,0,0,0,18,0,0,0,0,111,0,0,0,0,1,0,0,0,0,0,0,0,85,0,0
"Seguridad","Violencia de género en todas sus modalidades distinta a la violencia familiar","2019_8",1,0,0,0,0,0,0,24,0,0,0,16,0,0,0,0,156,0,0,0,0,1,0,0,0,0,0,0,0,94,0,0
"Seguridad","Violencia de género en todas sus modalidades distinta a la violencia familiar","2019_9",0,0,12,0,0,1,0,15,0,0,0,11,0,0,0,0,129,0,0,0,0,1,0,0,0,1,0,0,0,131,0,0
"Seguridad","Violencia de género en todas sus modalidades distinta a la violencia familiar","2019_10",2,0,1,0,0,3,0,27,0,2,0,17,0,0,0,0,137,0,0,0,0,2,0,0,0,1,0,0,0,128,0,0
"Seguridad","Violencia de género en todas sus modalidades distinta a la violencia familiar","2019_11",1,0,1,0,0,3,0,12,0,1,0,25,0,0,0,0,108,0,0,0,0,0,0,0,0,1,0,0,0,101,0,0
"Seguridad","Violencia de género en todas sus modalidades distinta a la violencia familiar","2019_12",0,0,0,0,0,2,0,11,0,9,0,34,0,0,0,0,120,0,0,0,0,1,0,0,0,1,0,0,0,102,0,0
"Seguridad","Violencia de género en todas sus modalidades distinta a la violencia familiar","2020_1",0,0,0,0,0,1,0,16,0,1,0,29,0,0,0,0,105,0,0,0,0,0,0,0,0,1,0,0,0,56,0,0
"Seguridad","Violencia de género en todas sus modalidades distinta a la violencia familiar","2020_2",0,0,2,0,0,6,0,28,0,0,0,28,0,0,0,0,116,0,0,0,0,1,0,0,0,0,0,0,0,92,0,0
"Seguridad","Violencia de género en todas sus modalidades distinta a la violencia familiar","2020_3",2,0,3,0,1,3,0,29,0,0,0,38,0,0,0,0,123,0,0,0,0,3,0,0,0,0,0,0,0,129,0,0
"Seguridad","Violencia de género en todas sus modalidades distinta a la violencia familiar","2020_4",0,0,0,0,0,0,0,32,0,0,0,14,0,0,0,0,214,0,0,0,0,0,0,0,0,0,0,0,0,85,0,0
"Seguridad","Violencia de género en todas sus modalidades distinta a la violencia familiar","2020_5",1,0,0,0,0,3,0,37,0,0,0,17,0,0,0,0,169,0,0,1,0,3,0,0,0,1,0,0,0,69,0,0
"Seguridad","Violencia de género en todas sus modalidades distinta a la violencia familiar","2020_6",0,0,0,0,0,6,0,42,0,0,0,21,0,0,0,0,170,0,0,1,0,1,0,0,0,2,0,0,0,98,0,0
"Seguridad","Violencia de género en todas sus modalidades distinta a la violencia familiar","2020_7",0,0,0,0,0,3,0,64,0,0,0,26,0,0,0,0,183,0,0,0,0,2,0,0,0,1,0,0,0,92,0,0
"Seguridad","Violencia de género en todas sus modalidades distinta a la violencia familiar","2020_8",0,0,0,0,0,5,0,52,0,0,0,30,0,0,0,0,180,0,0,0,0,3,0,0,0,1,0,0,0,99,0,0
"Seguridad","Violencia de género en todas sus modalidades distinta a la violencia familiar","2020_9",2,0,0,0,0,2,0,57,0,0,0,38,0,0,0,0,200,0,0,0,0,0,0,0,0,3,0,0,0,98,0,0
"Seguridad","Violencia de género en todas sus modalidades distinta a la violencia familiar","2020_10",1,0,1,0,0,2,0,74,0,0,0,34,0,0,0,0,161,0,0,0,0,0,0,0,0,0,0,0,0,121,0,0
"Seguridad","Violencia de género en todas sus modalidades distinta a la violencia familiar","2020_11",0,0,0,0,0,1,0,38,0,0,0,24,0,0,0,0,148,0,0,0,0,2,0,0,0,0,0,0,0,113,0,0
"Seguridad","Violencia de género en todas sus modalidades distinta a la violencia familiar","2020_12",0,0,0,0,0,0,0,52,0,0,0,22,0,0,0,0,220,0,0,0,0,3,0,0,0,0,0,0,0,92,0,0
"Seguridad","Violencia de género en todas sus modalidades distinta a la violencia familiar","2021_1",0,0,0,0,0,2,0,0,0,0,0,24,0,0,0,0,152,0,0,1,0,4,0,0,0,0,0,0,0,108,0,0
"Seguridad","Violencia de género en todas sus modalidades distinta a la violencia familiar","2021_2",0,0,3,0,0,0,0,3,0,0,0,12,0,0,0,0,184,0,0,1,0,5,0,0,0,0,0,0,0,132,0,0
"Seguridad","Violencia de género en todas sus modalidades distinta a la violencia familiar","2021_3",0,0,0,0,0,3,0,1,0,0,0,18,0,0,0,0,194,0,0,0,0,4,0,0,0,0,0,0,0,172,0,0
"Seguridad","Violencia de género en todas sus modalidades distinta a la violencia familiar","2021_4",0,0,0,0,0,3,0,1,0,0,0,13,0,0,0,0,188,0,0,0,0,7,0,0,0,3,0,0,0,129,0,0
"Seguridad","Violencia de género en todas sus modalidades distinta a la violencia familiar","2021_5",0,0,0,0,0,2,0,3,0,0,0,16,0,0,0,0,176,0,0,1,0,8,0,0,0,0,0,0,0,148,0,0
"Seguridad","Violencia de género en todas sus modalidades distinta a la violencia familiar","2021_6",1,0,2,0,0,3,0,2,0,0,0,28,0,0,0,0,182,0,0,1,0,13,0,0,0,0,0,0,0,155,0,0
"Seguridad","Violencia de género en todas sus modalidades distinta a la violencia familiar","2021_7",1,0,1,0,0,2,0,3,0,0,0,32,0,0,0,0,182,0,0,0,0,9,0,0,0,0,0,0,0,112,0,0
"Seguridad","Violencia de género en todas sus modalidades distinta a la violencia familiar","2021_8",0,0,0,0,0,3,0,3,0,0,0,23,0,0,0,0,177,0,0,0,0,14,0,0,0,1,0,0,0,100,0,0
"Seguridad","Violencia de género en todas sus modalidades distinta a la violencia familiar","2021_9",0,0,0,0,0,4,0,0,0,0,0,35,0,0,0,0,179,0,0,0,0,16,0,0,0,0,0,0,0,112,0,0
"Seguridad","Violencia de género en todas sus modalidades distinta a la violencia familiar","2021_10",1,0,0,0,0,1,0,0,0,0,0,16,0,0,0,0,181,0,0,0,0,17,0,0,0,0,0,0,0,142,0,0
"Seguridad","Violencia de género en todas sus modalidades distinta a la violencia familiar","2021_11",1,0,1,0,0,2,0,0,0,0,0,28,0,0,0,0,178,0,0,0,0,30,0,0,0,0,0,0,0,104,0,0
"Seguridad","Violencia de género en todas sus modalidades distinta a la violencia familiar","2021_12",0,0,0,0,0,6,0,0,0,0,0,27,0,0,0,0,202,0,0,0,0,23,0,0,0,0,0,0,0,109,0,0
"Seguridad","Violencia de género en todas sus modalidades distinta a la violencia familiar","2022_1",0,0,0,0,0,1,0,0,0,0,0,27,0,0,0,0,163,0,0,0,0,18,0,0,0,0,0,0,0,97,0,0
"Seguridad","Violencia de género en todas sus modalidades distinta a la violencia familiar","2022_2",2,0,0,0,0,3,0,0,0,0,0,21,0,0,0,0,153,0,0,0,0,26,0,0,0,0,0,0,0,103,0,0
"Seguridad","Violencia de género en todas sus modalidades distinta a la violencia familiar","2022_3",2,0,0,0,0,5,0,0,0,0,0,23,0,0,0,0,205,0,0,0,0,62,0,0,0,0,0,0,0,168,0,0
"Seguridad","Violencia de género en todas sus modalidades distinta a la violencia familiar","2022_4",1,0,0,0,0,4,0,0,0,0,0,28,0,0,0,0,252,0,0,2,0,63,0,0,0,0,0,0,0,146,0,0
"Seguridad","Violencia de género en todas sus modalidades distinta a la violencia familiar","2022_5",1,0,0,0,0,7,0,0,0,10,0,40,0,0,0,0,249,0,0,0,0,79,0,0,0,0,0,0,0,161,0,0
"Seguridad","Violencia de género en todas sus modalidades distinta a la violencia familiar","2022_6",1,0,1,0,0,4,0,0,0,0,0,14,0,0,0,0,269,0,0,0,0,44,0,0,0,0,0,0,0,147,0,0
"Seguridad","Violencia de género en todas sus modalidades distinta a la violencia familiar","2022_7",3,0,2,0,0,5,0,0,0,0,0,32,0,0,0,0,220,0,0,1,0,67,0,0,0,0,0,0,0,125,0,0
"Seguridad","Violencia de género en todas sus modalidades distinta a la violencia familiar","2022_8",1,0,1,0,0,2,0,0,0,0,0,14,0,0,0,0,268,0,0,1,0,70,0,0,0,0,0,0,0,173,0,0
"Seguridad","Violencia de género en todas sus modalidades distinta a la violencia familiar","2022_9",1,0,0,0,0,2,0,0,0,0,0,17,0,0,0,0,261,0,0,0,0,91,0,0,0,4,0,0,0,128,0,0
"Seguridad","Violencia de género en todas sus modalidades distinta a la violencia familiar","2022_10",0,0,1,0,0,3,0,0,0,0,0,27,0,0,0,0,217,0,0,2,0,89,0,0,0,0,0,0,0,121,0,0
"Seguridad","Violencia de género en todas sus modalidades distinta a la violencia familiar","2022_11",1,0,0,0,0,1,0,0,0,0,0,27,0,0,0,0,201,0,0,3,0,82,0,0,0,0,0,0,0,176,0,0
"Seguridad","Violencia de género en todas sus modalidades distinta a la violencia familiar","2022_12",0,0,0,0,0,6,0,0,0,0,0,28,0,0,0,0,227,0,0,7,0,73,0,0,0,0,0,0,0,141,0,0
"Seguridad","Violencia de género en todas sus modalidades distinta a la violencia familiar","2023_1",0,0,0,0,0,7,0,0,0,0,0,20,1,0,0,0,216,0,0,1,0,101,0,0,0,0,0,0,0,172,0,0
"Seguridad","Violencia de género en todas sus modalidades distinta a la violencia familiar","2023_2",3,0,0,0,0,0,0,0,0,0,0,32,0,0,0,0,205,0,0,1,0,91,0,0,0,0,0,0,0,143,0,0
"Seguridad","Violencia de género en todas sus modalidades distinta a la violencia familiar","2023_3",2,0,0,0,0,0,0,0,0,0,0,39,0,0,0,0,227,0,0,0,0,137,0,0,0,2,0,0,0,195,0,0
"Seguridad","Violencia de género en todas sus modalidades distinta a la violencia familiar","2023_4",4,0,0,0,0,0,0,0,0,0,0,32,0,0,0,0,218,0,0,1,0,114,0,0,0,0,0,0,0,186,0,0
"Seguridad","Violencia de género en todas sus modalidades distinta a la violencia familiar","2023_5",3,0,0,0,0,0,0,0,0,0,0,32,0,0,0,0,184,0,0,0,0,119,0,0,0,0,0,0,0,203,0,0
"Seguridad","Violencia de género en todas sus modalidades distinta a la violencia familiar","2023_6",1,0,2,0,0,0,0,0,0,0,0,40,0,0,0,0,223,0,0,0,0,134,0,0,0,0,0,0,0,207,0,0
"Seguridad","Violencia de género en todas sus modalidades distinta a la violencia familiar","2023_7",0,0,0,0,0,0,0,0,0,0,0,25,1,0,0,0,186,0,0,0,0,122,0,0,0,0,0,0,0,171,0,0
"Seguridad","Violencia de género en todas sus modalidades distinta a la violencia familiar","2023_8",0,0,0,0,0,0,0,0,0,0,0,36,0,0,0,0,254,0,0,1,0,122,0,0,0,0,0,0,1,159,0,0
"Seguridad","Violencia de género en todas sus modalidades distinta a la violencia familiar","2023_9",0,0,0,0,0,0,0,0,0,0,0,33,0,0,0,0,264,0,0,1,0,132,0,0,0,0,0,0,1,201,0,0
"Seguridad","Violencia de género en todas sus modalidades distinta a la violencia familiar","2023_10",1,0,0,0,0,0,0,0,0,0,0,23,0,0,0,0,228,0,0,0,0,124,0,0,0,0,0,0,0,163,1,0
"Seguridad","Violencia de género en todas sus modalidades distinta a la violencia familiar","2023_11",1,0,2,0,0,0,0,0,0,0,0,13,0,0,0,0,189,0,0,1,0,100,0,0,0,0,0,0,0,117,0,0
"Seguridad","Violencia de género en todas sus modalidades distinta a la violencia familiar","2023_12",2,0,0,0,0,0,0,0,0,0,0,19,0,0,0,0,200,0,0,2,0,101,0,0,0,0,0,0,0,110,1,0
"Seguridad","Violencia de género en todas sus modalidades distinta a la violencia familiar","2024_1",3,0,1,0,0,0,0,0,0,0,0,27,0,0,0,0,224,0,0,2,0,122,0,0,0,0,0,0,0,141,3,0
"Seguridad","Violencia de género en todas sus modalidades distinta a la violencia familiar","2024_2",1,0,0,0,0,0,0,0,0,0,0,26,0,0,0,0,192,0,0,0,0,95,0,0,0,0,0,0,0,152,0,0
"Seguridad","Violencia de género en todas sus modalidades distinta a la violencia familiar","2024_3",0,0,0,0,0,0,0,0,0,0,0,17,0,0,0,0,230,0,0,2,0,136,0,0,0,1,0,0,0,181,3,0
"Seguridad","Violencia de género en todas sus modalidades distinta a la violencia familiar","2024_4",0,0,0,0,0,0,0,0,0,0,0,26,0,0,0,0,226,0,0,2,0,132,0,0,0,0,0,0,0,171,1,0
"Seguridad","Violencia de género en todas sus modalidades distinta a la violencia familiar","2024_5",1,0,0,0,0,0,0,0,0,0,0,34,5,0,0,0,221,0,0,3,0,150,0,0,0,0,0,0,0,208,0,0
"Seguridad","Violencia de género en todas sus modalidades distinta a la violencia familiar","2024_6",2,0,0,0,0,0,0,0,0,0,0,49,1,0,0,0,229,0,0,0,0,107,0,0,0,0,0,0,0,192,0,0
"Seguridad","Violencia de género en todas sus modalidades distinta a la violencia familiar","2024_7",2,0,0,0,0,0,0,0,0,0,0,32,0,0,0,0,197,0,0,1,0,109,0,0,0,0,0,0,0,170,0,0
"Seguridad","Violencia de género en todas sus modalidades distinta a la violencia familiar","2024_8",1,0,1,0,0,1,0,0,0,0,0,36,0,0,0,0,266,0,0,1,0,148,0,0,0,0,0,0,0,188,0,0
"Seguridad","Violencia de género en todas sus modalidades distinta a la violencia familiar","2024_9",1,0,0,0,0,0,0,0,0,0,0,24,0,0,0,0,224,0,0,1,0,107,0,0,0,0,0,0,0,171,0,0
"Seguridad","Violencia de género en todas sus modalidades distinta a la violencia familiar","2024_10",0,0,1,0,0,0,0,0,0,0,0,34,0,0,0,0,215,0,0,3,0,130,0,0,0,0,0,0,0,159,4,0
"Seguridad","Violencia de género en todas sus modalidades distinta a la violencia familiar","2024_11",2,0,3,0,0,0,0,0,0,0,0,34,0,0,0,0,258,0,0,0,0,119,0,0,0,1,0,0,0,153,0,0
"Seguridad","Violencia de género en todas sus modalidades distinta a la violencia familiar","2024_12",1,0,1,0,0,0,0,0,0,0,0,22,0,0,0,0,197,0,0,3,0,114,0,0,0,0,0,0,0,160,0,0
"Seguridad","Violencia de género en todas sus modalidades distinta a la violencia familiar","2025_1",2,0,0,0,0,0,0,0,0,0,0,31,0,0,0,0,234,0,0,0,0,104,0,0,0,0,0,0,0,122,1,0
"Seguridad","Violencia de género en todas sus modalidades distinta a la violencia familiar","2025_2",2,0,0,0,0,0,0,0,0,0,0,32,1,0,0,0,204,0,0,1,0,85,0,0,0,0,0,0,1,170,0,0
"Seguridad","Violencia de género en todas sus modalidades distinta a la violencia familiar","2025_3",0,0,0,0,0,0,0,0,0,0,0,38,0,0,0,0,235,0,0,1,0,132,0,0,0,0,0,0,0,203,0,0
"Seguridad","Violencia de género en todas sus modalidades distinta a la violencia familiar","2025_4",0,0,0,0,0,0,0,0,0,0,0,30,5,0,0,0,188,0,0,0,0,109,0,0,0,0,0,0,1,175,0,0
"Seguridad","Violencia de género en todas sus modalidades distinta a la violencia familiar","2025_5",0,0,0,0,0,0,0,0,0,0,0,30,0,0,0,0,208,0,0,1,0,128,0,0,0,0,0,0,0,200,0,0
"Seguridad","Violencia de género en todas sus modalidades distinta a la violencia familiar","2025_6",0,0,0,0,0,0,0,0,0,0,0,32,0,0,0,0,194,0,0,3,0,111,0,0,0,1,0,0,0,210,0,0
"Seguridad","Violencia de género en todas sus modalidades distinta a la violencia familiar","2025_7",0,0,0,0,0,0,0,0,0,0,0,0,0,0,0,0,0,0,0,0,0,0,0,0,0,0,0,0,0,0,0,0
"Seguridad","Violencia de género en todas sus modalidades distinta a la violencia familiar","2025_8",0,0,0,0,0,0,0,0,0,0,0,0,0,0,0,0,0,0,0,0,0,0,0,0,0,0,0,0,0,0,0,0
"Seguridad","Violencia de género en todas sus modalidades distinta a la violencia familiar","2025_9",0,0,0,0,0,0,0,0,0,0,0,0,0,0,0,0,0,0,0,0,0,0,0,0,0,0,0,0,0,0,0,0
"Seguridad","Violencia de género en todas sus modalidades distinta a la violencia familiar","2025_10",0,0,0,0,0,0,0,0,0,0,0,0,0,0,0,0,0,0,0,0,0,0,0,0,0,0,0,0,0,0,0,0
"Seguridad","Violencia de género en todas sus modalidades distinta a la violencia familiar","2025_11",0,0,0,0,0,0,0,0,0,0,0,0,0,0,0,0,0,0,0,0,0,0,0,0,0,0,0,0,0,0,0,0
"Seguridad","Violencia de género en todas sus modalidades distinta a la violencia familiar","2025_12",0,0,0,0,0,0,0,0,0,0,0,0,0,0,0,0,0,0,0,0,0,0,0,0,0,0,0,0,0,0,0,0
"Seguridad","Violencia familiar","2015_1",29,579,123,1,60,723,894,147,30,151,612,221,100,345,89,268,325,20,1045,0,336,49,198,210,162,114,283,126,8,236,201,36
"Seguridad","Violencia familiar","2015_2",41,628,119,0,76,820,1011,141,34,155,638,192,155,362,104,341,281,24,1102,88,370,67,174,248,192,178,307,38,12,206,58,61
"Seguridad","Violencia familiar","2015_3",26,806,170,3,81,921,1229,136,41,196,747,211,117,449,74,355,341,42,1286,0,387,81,218,314,195,204,384,196,0,213,230,52
"Seguridad","Violencia familiar","2015_4",41,734,142,1,86,929,1266,202,63,243,864,208,174,431,113,366,360,28,1432,0,442,74,287,252,207,196,395,197,0,461,188,70
"Seguridad","Violencia familiar","2015_5",35,693,116,3,87,1134,1357,171,54,372,916,184,246,462,97,336,325,37,1532,97,462,86,280,278,218,198,416,241,0,438,206,71
"Seguridad","Violencia familiar","2015_6",38,834,143,5,90,1217,1441,225,71,404,929,151,143,585,81,360,453,26,1671,0,421,76,270,242,243,242,211,273,0,307,201,78
"Seguridad","Violencia familiar","2015_7",37,818,142,1,84,1210,1543,229,40,387,936,145,180,595,59,324,460,15,1630,0,485,73,297,225,195,192,346,212,0,148,222,49
"Seguridad","Violencia familiar","2015_8",43,840,124,1,102,1308,1490,201,57,427,926,160,281,574,80,374,467,25,1669,194,451,82,280,224,206,158,358,235,1,342,175,52
"Seguridad","Violencia familiar","2015_9",50,882,162,0,181,1190,1497,213,40,348,994,99,237,921,41,316,475,39,1690,0,393,86,276,214,247,189,376,164,1,297,164,91
"Seguridad","Violencia familiar","2015_10",58,804,141,2,157,1077,1537,201,44,384,921,150,237,1361,66,384,434,18,1435,0,468,106,271,206,217,236,381,205,1,380,175,61
"Seguridad","Violencia familiar","2015_11",43,674,166,0,130,915,1457,122,45,360,922,167,277,1297,57,315,417,15,1325,239,440,83,283,251,189,169,403,216,0,305,167,72
"Seguridad","Violencia familiar","2015_12",40,600,143,1,117,829,1381,166,30,94,893,134,147,1161,60,295,384,9,1245,0,369,79,224,260,116,155,370,291,1,239,171,42
"Seguridad","Violencia familiar","2016_1",50,556,128,1,113,904,1266,189,145,336,806,150,291,948,45,368,321,19,1056,202,368,59,140,149,169,143,303,281,1,328,160,78
"Seguridad","Violencia familiar","2016_2",41,661,171,2,132,927,1529,509,178,368,939,150,234,935,50,423,468,36,1363,215,415,72,113,277,226,187,375,400,0,338,185,64
"Seguridad","Violencia familiar","2016_3",50,695,151,4,151,1112,1524,531,154,421,928,172,226,1016,65,420,443,28,1383,268,494,80,113,208,231,252,389,492,0,397,184,82
"Seguridad","Violencia familiar","2016_4",52,776,182,3,164,1112,1722,525,0,525,1234,164,47,1312,106,446,537,44,1521,348,605,82,100,340,216,432,325,503,0,474,181,63
"Seguridad","Violencia familiar","2016_5",62,795,192,3,177,1305,1831,627,0,476,1418,176,295,1387,66,504,626,48,1618,360,651,75,96,125,250,434,318,661,1,417,186,97
"Seguridad","Violencia familiar","2016_6",47,781,191,5,192,1167,1772,834,0,528,1055,178,314,936,51,391,444,57,1889,321,469,76,113,351,197,576,477,574,2,431,201,105
"Seguridad","Violencia familiar","2016_7",52,799,191,7,179,1201,1430,600,17,450,747,170,171,745,48,333,443,23,1849,333,390,83,108,252,160,529,540,551,1,393,237,83
"Seguridad","Violencia familiar","2016_8",56,809,170,6,181,1011,1593,571,16,475,831,207,263,900,70,311,437,41,1592,330,407,95,81,437,192,173,560,533,0,473,222,81
"Seguridad","Violencia familiar","2016_9",59,681,174,1,169,916,1516,847,18,461,798,230,413,801,59,334,490,47,1650,340,459,89,102,455,200,189,523,627,0,392,200,141
"Seguridad","Violencia familiar","2016_10",70,712,224,4,184,868,1530,543,15,394,841,200,188,602,91,327,437,50,1450,0,500,103,161,495,231,264,514,590,0,381,180,119
"Seguridad","Violencia familiar","2016_11",63,564,172,5,186,732,1332,481,21,452,675,177,304,828,90,288,397,39,1247,326,464,82,189,445,169,249,506,537,1,386,173,67
"Seguridad","Violencia familiar","2016_12",43,486,153,2,136,705,1381,628,18,386,861,209,332,1021,46,371,431,44,1155,310,364,69,208,396,130,167,576,629,0,361,161,95
"Seguridad","Violencia familiar","2017_1",56,514,175,3,141,734,1382,490,191,484,837,164,303,733,60,375,370,63,1178,253,460,85,124,497,157,251,490,532,0,506,187,90
"Seguridad","Violencia familiar","2017_2",58,539,157,6,105,781,1340,537,163,365,873,209,375,649,83,368,477,54,1260,274,523,63,140,496,148,240,519,571,1,501,209,133
"Seguridad","Violencia familiar","2017_3",69,704,155,3,116,1000,1578,743,164,239,984,292,332,823,85,459,545,53,1458,376,513,96,242,515,185,310,597,679,1,593,247,120
"Seguridad","Violencia familiar","2017_4",70,682,168,7,122,930,1495,703,159,437,1022,217,338,644,70,423,556,35,1356,392,513,83,184,461,180,184,599,621,0,577,260,103
"Seguridad","Violencia familiar","2017_5",113,759,184,7,141,1091,1651,760,193,263,1205,242,444,897,108,555,618,55,1652,402,590,123,194,550,274,236,681,753,0,613,270,146
"Seguridad","Violencia familiar","2017_6",113,807,200,8,111,1177,1704,1064,173,466,1042,208,396,942,122,466,651,30,1852,335,533,92,229,480,300,199,582,711,0,626,246,167
"Seguridad","Violencia familiar","2017_7",86,844,177,5,265,1093,1484,797,181,525,876,222,251,840,107,399,588,17,1512,314,520,106,211,407,225,167,598,598,0,539,233,135
"Seguridad","Violencia familiar","2017_8",107,826,171,6,467,1020,1694,989,229,523,1007,212,453,937,99,453,681,32,1696,372,611,126,218,489,230,211,550,646,2,573,211,156
"Seguridad","Violencia familiar","2017_9",100,802,168,7,510,935,1556,825,215,492,860,229,415,838,124,375,600,29,1630,304,510,86,250,491,214,172,563,558,3,545,220,141
"Seguridad","Violencia familiar","2017_10",127,790,178,4,541,1059,1608,747,206,473,989,273,413,826,122,456,647,11,1290,430,589,111,310,513,298,210,555,500,0,568,226,155
"Seguridad","Violencia familiar","2017_11",105,679,140,5,544,887,1445,788,228,514,810,222,401,820,95,403,626,28,1295,388,530,103,248,448,236,122,445,455,8,412,197,134
"Seguridad","Violencia familiar","2017_12",98,608,109,4,443,876,1423,525,197,415,748,206,296,608,83,337,501,25,966,372,435,112,283,376,165,126,417,406,9,273,164,130
"Seguridad","Violencia familiar","2018_1",86,679,148,4,545,827,1449,519,209,463,772,206,351,778,109,396,468,23,997,424,482,113,247,436,232,132,412,398,15,505,168,128
"Seguridad","Violencia familiar","2018_2",96,642,147,6,541,788,1532,712,200,417,733,254,410,709,82,423,547,35,1099,428,506,97,299,430,300,166,490,473,13,562,166,149
"Seguridad","Violencia familiar","2018_3",118,729,198,4,719,1004,1769,959,240,539,940,301,437,845,129,477,644,37,1372,586,616,136,278,434,316,180,565,549,18,611,185,177
"Seguridad","Violencia familiar","2018_4",134,824,160,3,544,1045,1877,818,224,533,993,238,413,883,135,466,589,42,1347,537,617,178,315,503,371,214,590,594,20,676,199,196
"Seguridad","Violencia familiar","2018_5",170,954,187,4,505,1155,1892,1159,204,546,1053,217,487,904,142,537,568,37,1574,563,691,179,344,588,364,216,632,713,17,678,196,187
"Seguridad","Violencia familiar","2018_6",108,964,191,12,499,1062,1655,1111,182,595,804,194,491,849,137,392,557,21,1595,431,680,154,373,561,328,203,614,647,17,648,146,188
"Seguridad","Violencia familiar","2018_7",148,999,194,2,487,1048,1744,693,238,489,938,252,324,826,122,454,489,23,1788,481,713,177,490,581,276,188,583,695,12,515,33,186
"Seguridad","Violencia familiar","2018_8",167,984,167,4,453,995,1580,1007,197,481,852,240,542,689,90,371,445,29,1558,434,623,175,402,533,303,185,506,689,12,537,184,195
"Seguridad","Violencia familiar","2018_9",133,863,154,4,462,998,1672,728,221,405,855,215,444,647,92,401,510,46,1563,410,594,182,279,562,317,179,578,674,6,608,191,195
"Seguridad","Violencia familiar","2018_10",158,891,240,5,416,871,1676,662,196,429,933,254,467,683,102,419,704,35,1355,471,653,188,315,535,405,206,599,623,0,474,169,220
"Seguridad","Violencia familiar","2018_11",152,729,167,1,432,720,1570,771,169,365,762,214,428,529,69,325,488,23,1130,472,593,142,330,443,320,178,424,492,0,248,169,162
"Seguridad","Violencia familiar","2018_12",140,646,157,3,429,714,1513,652,173,333,721,249,289,508,64,292,487,53,1032,445,528,144,353,442,268,148,455,482,0,157,129,168
"Seguridad","Violencia familiar","2019_1",127,654,158,4,466,762,1609,646,198,377,823,205,552,686,77,414,480,34,961,485,542,150,469,536,343,140,518,463,0,810,124,153
"Seguridad","Violencia familiar","2019_2",153,570,165,9,443,689,1754,1025,236,432,813,216,540,685,66,323,541,58,1162,463,637,159,431,551,343,189,582,566,2,813,134,186
"Seguridad","Violencia familiar","2019_3",209,769,201,4,453,800,2204,848,292,463,967,283,463,841,91,501,634,59,1216,552,772,221,504,613,378,267,571,612,0,820,146,244
"Seguridad","Violencia familiar","2019_4",199,859,236,6,442,937,2171,801,252,541,1030,240,483,938,71,466,638,62,1250,562,844,236,518,705,392,292,590,648,1,890,121,215
"Seguridad","Violencia familiar","2019_5",189,877,215,11,469,1045,2477,1128,271,589,1168,258,609,1169,86,511,768,90,1563,638,915,245,515,866,416,339,764,812,4,979,123,269
"Seguridad","Violencia familiar","2019_6",188,971,266,7,439,1072,2156,918,315,633,1029,260,580,1026,81,406,889,63,1472,525,792,216,533,698,379,304,665,652,4,933,92,252
"Seguridad","Violencia familiar","2019_7",195,1054,256,4,445,1205,2205,884,258,644,943,295,334,1062,76,435,785,67,1434,573,846,385,574,816,389,361,735,706,2,913,106,248
"Seguridad","Violencia familiar","2019_8",195,1042,234,2,377,1042,2402,1213,314,628,932,276,456,1134,80,378,861,56,1506,604,827,354,423,747,355,329,669,711,0,876,95,257
"Seguridad","Violencia familiar","2019_9",173,1056,251,3,358,1019,2315,921,261,577,875,275,456,951,82,370,921,59,1485,522,714,286,407,737,366,305,615,656,1,934,106,231
"Seguridad","Violencia familiar","2019_10",206,995,225,5,400,868,2193,971,300,542,928,258,416,1002,71,486,956,86,1717,511,787,338,477,726,466,333,640,648,1,905,97,245
"Seguridad","Violencia familiar","2019_11",170,836,185,3,433,715,2114,657,253,455,829,250,381,782,79,437,893,73,1225,472,673,283,341,612,341,400,337,512,1,715,76,260
"Seguridad","Violencia familiar","2019_12",148,772,220,4,383,814,2174,635,276,439,805,211,349,779,81,405,883,61,1348,532,728,262,316,626,292,328,529,523,1,736,75,234
"Seguridad","Violencia familiar","2020_1",165,747,174,6,395,723,2071,748,313,428,775,269,406,778,78,424,884,60,1312,499,738,260,363,604,341,314,558,503,0,613,58,246
"Seguridad","Violencia familiar","2020_2",172,892,191,2,433,830,2485,787,327,472,865,283,435,943,73,459,995,97,1258,574,795,298,370,639,362,371,607,539,5,925,73,237
"Seguridad","Violencia familiar","2020_3",223,998,247,7,591,894,2793,832,352,596,997,317,631,1095,121,520,998,82,1670,650,981,376,518,703,371,381,587,657,0,942,87,288
"Seguridad","Violencia familiar","2020_4",144,598,163,4,387,864,1786,503,301,374,730,179,576,965,113,320,1449,49,1195,445,766,297,257,586,263,174,258,412,0,806,26,245
"Seguridad","Violencia familiar","2020_5",150,724,152,1,327,913,1550,662,361,432,751,147,408,1116,100,315,1392,48,1356,463,697,308,297,606,409,589,270,464,2,759,30,262
"Seguridad","Violencia familiar","2020_6",218,785,254,0,235,1255,1980,922,441,449,835,196,522,1198,118,381,1616,68,1569,422,758,261,402,713,466,460,492,605,0,853,46,363
"Seguridad","Violencia familiar","2020_7",199,1064,224,1,377,1254,2301,876,387,481,819,257,511,1106,108,433,1594,64,1529,527,780,342,409,756,445,376,625,501,0,924,42,291
"Seguridad","Violencia familiar","2020_8",207,1100,192,2,387,1163,2564,810,377,487,801,277,451,999,95,467,1592,74,1709,562,738,295,415,576,512,492,681,592,1,859,45,323
"Seguridad","Violencia familiar","2020_9",163,1109,278,8,376,1028,2438,738,386,468,851,266,508,941,105,410,1716,81,1838,596,687,274,509,680,494,542,660,604,1,1002,71,266
"Seguridad","Violencia familiar","2020_10",199,1097,248,7,333,877,2775,961,418,440,997,289,479,1026,111,420,1639,93,1734,606,753,313,353,698,512,589,668,589,2,1023,73,266
"Seguridad","Violencia familiar","2020_11",164,873,209,4,349,724,2533,750,356,251,838,273,423,858,89,395,1524,79,1486,567,703,281,440,641,466,645,487,511,6,866,105,285
"Seguridad","Violencia familiar","2020_12",149,794,158,3,284,768,2489,692,319,341,776,243,374,867,74,402,1516,69,1284,565,728,247,480,579,497,517,552,490,1,814,70,244
"Seguridad","Violencia familiar","2021_1",167,815,164,1,347,856,2301,704,355,408,764,263,274,890,74,312,1691,75,1258,553,654,266,419,593,399,655,570,474,0,757,92,249
"Seguridad","Violencia familiar","2021_2",154,832,190,1,351,835,2592,799,321,420,698,247,367,913,77,382,1888,82,1257,552,607,286,471,562,482,615,535,473,2,859,54,302
"Seguridad","Violencia familiar","2021_3",228,965,179,4,352,1084,3297,970,376,535,1097,334,498,1300,112,485,2256,82,1821,658,812,337,554,888,560,859,792,701,5,1128,95,348
"Seguridad","Violencia familiar","2021_4",210,1087,220,4,358,1046,3140,1332,339,495,1039,316,549,1275,139,484,1954,88,1796,628,831,289,572,909,536,740,768,751,4,1053,104,331
"Seguridad","Violencia familiar","2021_5",228,1041,296,4,357,1305,3212,1145,409,576,1112,372,576,1173,114,434,1817,88,1985,604,804,368,589,919,549,669,797,731,3,1164,113,353
"Seguridad","Violencia familiar","2021_6",197,1155,220,1,358,1171,2988,1081,357,550,1008,272,579,1067,90,420,1821,92,2074,519,718,346,501,864,545,647,682,757,5,1050,69,318
"Seguridad","Violencia familiar","2021_7",216,1259,198,1,361,1109,2825,1205,386,485,1011,266,385,980,96,458,1807,97,1939,591,803,354,456,775,379,450,658,658,1,938,105,274
"Seguridad","Violencia familiar","2021_8",202,1274,218,0,353,1125,2889,938,292,442,1062,242,482,986,82,388,1798,86,1981,520,713,308,436,775,455,522,643,738,5,938,103,289
"Seguridad","Violencia familiar","2021_9",178,1172,193,2,288,1196,2723,1165,329,461,983,229,517,925,102,370,1712,107,1898,547,659,307,441,702,482,498,604,703,9,985,74,246
"Seguridad","Violencia familiar","2021_10",193,1064,201,7,329,1158,3079,905,375,426,955,260,605,1122,97,425,1888,97,1790,596,750,325,439,742,489,581,637,662,6,996,55,273
"Seguridad","Violencia familiar","2021_11",166,1056,214,140,293,1010,2817,775,349,379,920,246,578,1011,104,399,1664,96,1558,554,667,286,434,665,454,565,525,585,11,920,11,243
"Seguridad","Violencia familiar","2021_12",149,848,200,149,224,1073,2985,753,370,354,975,226,460,977,97,381,1843,73,1672,571,699,312,536,640,403,424,580,611,27,918,9,227
"Seguridad","Violencia familiar","2022_1",161,846,184,136,192,913,2427,797,315,353,897,271,466,915,91,366,1674,83,1188,508,560,290,413,588,430,401,481,445,30,760,12,194
"Seguridad","Violencia familiar","2022_2",169,840,131,142,169,1004,2668,761,273,289,950,267,435,909,105,370,1644,113,1278,556,587,264,425,629,451,438,511,475,23,793,9,235
"Seguridad","Violencia familiar","2022_3",220,1072,223,180,208,1155,3303,1353,380,467,1155,324,657,1222,123,500,2298,103,2003,645,847,391,556,718,529,619,626,644,45,1118,12,272
"Seguridad","Violencia familiar","2022_4",202,1120,246,177,155,1233,3141,1136,393,453,1169,286,660,1153,106,438,2559,139,1953,621,726,429,528,809,529,523,714,711,33,1112,18,288
"Seguridad","Violencia familiar","2022_5",249,1264,253,164,164,1388,3578,1268,408,520,1403,329,732,1272,143,552,2847,173,2429,727,837,526,582,910,627,580,751,795,28,1207,9,388
"Seguridad","Violencia familiar","2022_6",231,1247,241,173,154,1294,3176,1550,367,571,1228,295,664,1079,122,467,2621,138,2282,657,793,472,522,788,628,657,654,795,18,1088,9,347
"Seguridad","Violencia familiar","2022_7",219,1232,247,170,146,1353,3090,1051,372,418,1241,302,478,1042,121,427,2347,116,2115,627,656,442,566,801,518,473,776,675,28,1069,13,322
"Seguridad","Violencia familiar","2022_8",234,1384,242,182,150,1198,3372,991,411,460,1222,298,654,1264,144,466,2431,223,2292,580,703,476,547,864,597,613,654,770,19,1080,10,315
"Seguridad","Violencia familiar","2022_9",204,1300,222,141,129,1107,3088,1221,355,407,1165,222,610,1228,122,402,2226,294,2042,581,587,461,474,739,675,614,570,712,23,925,6,292
"Seguridad","Violencia familiar","2022_10",199,1161,234,171,136,1091,3280,816,385,421,1255,292,588,1300,136,437,2376,261,1874,567,711,440,540,687,701,551,594,679,20,932,5,264
"Seguridad","Violencia familiar","2022_11",199,892,190,163,102,858,3220,855,396,371,1094,298,576,1264,112,427,2306,194,1565,514,655,441,490,690,556,460,560,583,4,850,8,255
"Seguridad","Violencia familiar","2022_12",247,904,207,158,71,919,2681,919,350,349,945,283,409,1099,119,354,2120,110,1459,500,529,400,518,638,505,416,535,579,4,813,14,236
"Seguridad","Violencia familiar","2023_1",206,846,178,159,119,927,2874,892,377,365,1136,294,537,1143,111,487,2207,222,1668,645,617,423,549,734,593,454,611,726,2,989,9,270
"Seguridad","Violencia familiar","2023_2",240,922,174,167,94,892,3067,914,332,297,1068,283,600,1310,137,464,2193,205,1509,554,716,428,456,694,540,541,551,677,1,884,11,277
"Seguridad","Violencia familiar","2023_3",330,1210,260,197,110,1163,3668,1312,392,420,1347,345,685,1584,147,584,2582,215,1906,703,790,536,589,848,605,578,786,794,0,1251,17,336
"Seguridad","Violencia familiar","2023_4",268,1164,229,196,74,1179,3255,1016,355,450,1151,325,615,1385,129,511,2307,181,1517,653,773,537,558,724,558,520,670,754,1,994,9,301
"Seguridad","Violencia familiar","2023_5",291,1290,261,206,81,1373,3387,1055,352,505,1377,363,699,1647,122,518,2455,188,1884,741,849,583,576,945,679,661,752,894,0,1194,12,373
"Seguridad","Violencia familiar","2023_6",294,1403,306,231,89,1399,3487,1483,319,555,1404,304,727,1743,129,540,2724,157,1990,652,862,576,663,883,718,630,682,849,2,1139,16,429
"Seguridad","Violencia familiar","2023_7",281,1477,311,227,93,1512,3189,1064,341,420,1334,319,688,1552,116,428,2264,156,1741,621,721,505,541,808,673,522,649,699,0,950,13,343
"Seguridad","Violencia familiar","2023_8",260,1463,285,163,106,1263,3225,968,338,460,1305,258,622,1592,113,498,2513,196,1914,592,699,520,554,827,623,785,556,806,3,989,18,197
"Seguridad","Violencia familiar","2023_9",256,1304,314,141,54,1358,3177,1110,330,405,1211,253,785,1472,135,538,2481,214,1920,603,714,522,584,884,753,973,605,720,2,1027,15,305
"Seguridad","Violencia familiar","2023_10",194,1307,247,149,57,1192,3116,885,334,421,1313,225,550,1328,145,490,2658,231,1618,647,651,471,641,770,681,1064,684,759,1,919,25,335
"Seguridad","Violencia familiar","2023_11",218,1153,197,145,55,1019,2817,780,314,365,1148,256,628,1140,124,407,2429,241,1377,527,806,394,507,648,615,835,500,540,3,756,17,294
"Seguridad","Violencia familiar","2023_12",376,1087,184,170,40,888,2316,900,285,355,901,247,399,1008,71,412,1837,104,1276,490,606,370,527,555,563,538,468,567,3,704,31,213
"Seguridad","Violencia familiar","2024_1",228,1102,220,129,46,941,2740,788,298,365,1173,288,522,1192,107,488,2262,239,1316,556,709,415,546,650,602,632,517,564,1,863,38,281
"Seguridad","Violencia familiar","2024_2",307,1124,205,150,83,1042,2833,1136,329,297,1218,222,577,1056,121,466,2265,215,1477,550,651,401,528,705,588,709,558,634,1,846,27,300
"Seguridad","Violencia familiar","2024_3",271,1211,268,189,60,1152,3428,1040,328,419,1330,200,631,1247,108,480,2493,207,1660,599,738,518,604,873,576,592,686,741,2,943,32,317
"Seguridad","Violencia familiar","2024_4",282,1324,274,173,119,1132,3322,1168,328,447,1569,273,686,1289,114,530,2542,182,1767,616,856,536,637,886,763,660,749,758,4,1051,28,384
"Seguridad","Violencia familiar","2024_5",305,1343,316,179,73,1399,3671,1523,394,505,1676,307,723,1417,133,566,2691,233,1895,579,892,578,694,976,666,601,805,830,2,1156,26,355
"Seguridad","Violencia familiar","2024_6",308,1274,263,113,123,1400,3226,1095,356,554,1332,236,668,1314,124,491,2296,207,1654,449,768,455,549,822,666,752,664,701,3,958,19,322
"Seguridad","Violencia familiar","2024_7",299,1425,323,63,57,1412,3033,1120,407,418,1287,241,443,1228,99,449,2279,194,1744,468,874,512,624,829,720,665,651,717,1,971,19,303
"Seguridad","Violencia familiar","2024_8",301,1263,344,34,57,1328,2969,1320,344,460,1297,227,654,1229,100,499,2203,241,1538,521,924,464,612,778,637,615,600,748,2,1002,18,305
"Seguridad","Violencia familiar","2024_9",249,1273,328,40,49,1221,2951,1009,322,405,1376,164,584,1235,118,464,2314,244,1731,458,977,457,652,822,586,978,585,669,3,1019,27,302
"Seguridad","Violencia familiar","2024_10",263,1262,305,37,63,1247,2773,1206,409,421,1244,208,479,1248,137,499,2385,207,1709,273,1075,434,629,723,569,798,549,699,2,880,27,282
"Seguridad","Violencia familiar","2024_11",279,1096,266,40,66,1011,2797,893,338,365,1275,227,473,1085,167,444,2269,190,1468,329,1116,416,586,819,512,721,496,654,2,890,23,274
"Seguridad","Violencia familiar","2024_12",266,1032,232,39,49,950,2515,724,392,348,1181,192,362,1010,128,383,1977,154,1225,296,881,376,534,679,451,643,428,616,5,742,17,199
"Seguridad","Violencia familiar","2025_1",233,1003,257,42,52,941,2623,966,317,346,1221,219,128,1096,139,407,2182,123,1200,354,824,380,571,740,518,413,508,466,4,772,26,222
"Seguridad","Violencia familiar","2025_2",237,1070,234,39,58,1002,2606,1157,329,293,1254,217,609,1023,134,475,2292,176,1356,327,899,355,572,832,500,436,485,588,10,834,32,255
"Seguridad","Violencia familiar","2025_3",246,1214,293,55,75,1203,3074,1301,329,417,1474,246,691,1100,152,488,2385,145,1628,341,947,456,613,899,589,439,626,843,4,993,19,276
"Seguridad","Violencia familiar","2025_4",239,1242,257,52,90,1217,3069,1495,323,433,1519,194,723,1116,136,496,1894,171,1651,340,830,416,612,885,586,472,605,763,6,1006,22,285
"Seguridad","Violencia familiar","2025_5",253,1357,288,49,69,1351,3164,1252,356,505,1555,205,706,1153,152,532,2190,144,1759,373,886,471,663,960,644,415,640,815,4,1107,28,342
"Seguridad","Violencia familiar","2025_6",209,1475,270,57,73,1355,2646,1359,356,512,1422,189,732,955,139,450,1948,131,1805,300,782,413,651,861,573,488,650,764,3,888,28,303
"Seguridad","Violencia familiar","2025_7",0,0,0,0,0,0,0,0,0,0,0,0,0,0,0,0,0,0,0,0,0,0,0,0,0,0,0,0,0,0,0,0
"Seguridad","Violencia familiar","2025_8",0,0,0,0,0,0,0,0,0,0,0,0,0,0,0,0,0,0,0,0,0,0,0,0,0,0,0,0,0,0,0,0
"Seguridad","Violencia familiar","2025_9",0,0,0,0,0,0,0,0,0,0,0,0,0,0,0,0,0,0,0,0,0,0,0,0,0,0,0,0,0,0,0,0
"Seguridad","Violencia familiar","2025_10",0,0,0,0,0,0,0,0,0,0,0,0,0,0,0,0,0,0,0,0,0,0,0,0,0,0,0,0,0,0,0,0
"Seguridad","Violencia familiar","2025_11",0,0,0,0,0,0,0,0,0,0,0,0,0,0,0,0,0,0,0,0,0,0,0,0,0,0,0,0,0,0,0,0
"Seguridad","Violencia familiar","2025_12",0,0,0,0,0,0,0,0,0,0,0,0,0,0,0,0,0,0,0,0,0,0,0,0,0,0,0,0,0,0,0,0
