"Tema","Entidad","Indicador","link.de.consulta","2025_1","2025_2","2025_3","2025_4","2025_5","2025_6","2025_7","2025_8","2025_9","2025_10","2025_11","2025_12","2026_1","2026_2","2026_3","2026_4","2026_5","2026_6"
"Económico","Aguascalientes","Empleos formales generados","https://mexicocomovamos.mx/datos/",2522,4571,5843,5451,6515,4555,5834,4548,6751,9583,8403,1900,"1626","3353","3569","4180","1557","1847"
"Económico","Baja California","Empleos formales generados","https://mexicocomovamos.mx/datos/",9436,14000,16531,12678,13283,7608,5880,11855,11328,13690,9739,-13399,"4303","19999","54653","36120","32774","76048"
"Económico","Baja California Sur","Empleos formales generados","https://mexicocomovamos.mx/datos/",238,2084,2956,3561,7140,9882,9321,7159,8723,12104,13042,2470,"2509","3784","6530","6172","7477","7685"
"Económico","Campeche","Empleos formales generados","https://mexicocomovamos.mx/datos/",-4496,-5440,-837,-1930,-7349,-3123,4255,1117,7163,-9166,-7363,-11275,"1356","1955","3601","3532","5544","4849"
"Económico","Coahuila de Zaragoza","Empleos formales generados","https://mexicocomovamos.mx/datos/",4454,3802,6764,4227,2318,-2121,-3813,-2385,-3493,-2510,-4952,-22687,"11467","2211","5428","17884","8255","9732"
"Económico","Colima","Empleos formales generados","https://mexicocomovamos.mx/datos/",1251,2637,4416,3531,3395,2156,1594,2741,3983,3431,3920,2239,"1832","1797","3275","4993","2482","2286"
"Económico","Chiapas","Empleos formales generados","https://mexicocomovamos.mx/datos/",-1552,3303,-910,-1880,-928,-1270,-4419,-4637,-4471,401,-2728,-2854,"-2462","-2039","971","-371","-800","1803"
"Económico","Chihuahua","Empleos formales generados","https://mexicocomovamos.mx/datos/",5966,6776,4877,4791,3758,4491,3263,4626,6316,8232,7598,-10886,"3421","6322","8353","8406","8519","5968"
"Económico","Ciudad de México","Empleos formales generados","https://mexicocomovamos.mx/datos/",-16965,-758,-12820,-8031,1726,-15274,78613,76310,69064,185118,217942,196226,"-54763","29244","-38593","-62297","-100987","-231"
"Económico","Durango","Empleos formales generados","https://mexicocomovamos.mx/datos/",993,2780,3558,5227,2240,2495,1589,1285,2593,5226,4802,703,"2590","4482","6308","8449","9377","11562"
"Económico","Guanajuato","Empleos formales generados","https://mexicocomovamos.mx/datos/",5637,11860,14848,15311,12726,13710,13621,14141,16559,22055,20282,754,"4735","10586","16176","20806","18181","19902"
"Económico","Guerrero","Empleos formales generados","https://mexicocomovamos.mx/datos/",-1886,3602,9345,-2576,-3232,1854,-3072,-3805,-2681,-297,1450,-795,"-3099","-2946","-1381","-2904","-3070","-3246"
"Económico","Hidalgo","Empleos formales generados","https://mexicocomovamos.mx/datos/",2949,2217,2106,3536,8464,1715,5966,4057,13891,14025,14506,4873,"7314","4873","5043","5743","59243","10796"
"Económico","Jalisco","Empleos formales generados","https://mexicocomovamos.mx/datos/",10459,25591,28754,24862,18726,16846,13287,21377,30722,37900,48058,27794,"-3120","2304","7657","18921","24211","5585"
"Económico","México","Empleos formales generados","https://mexicocomovamos.mx/datos/",4354,13648,24875,30956,37022,42453,92336,94781,121528,149130,146129,129481,"-35565","-27674","-425","55637","59635","55675"
"Económico","Michoacán de Ocampo","Empleos formales generados","https://mexicocomovamos.mx/datos/",1137,-373,1633,3857,2819,-744,-220,-2628,5161,7560,4730,2088,"3681","4958","9193","1886","192","-1308"
"Económico","Morelos","Empleos formales generados","https://mexicocomovamos.mx/datos/",-741,269,588,-255,-764,-1188,-1729,-721,-315,684,914,-1112,"1335","4890","772","1646","-4349","-5178"
"Económico","Nayarit","Empleos formales generados","https://mexicocomovamos.mx/datos/",1752,4282,3905,482,-1367,-1257,-820,293,2913,4815,5483,-126,"3778","5092","3005","1903","-173","1267"
"Económico","Nuevo León","Empleos formales generados","https://mexicocomovamos.mx/datos/",14875,33040,35832,32834,26874,28202,31110,31462,45429,54522,62452,19389,"11718","28450","29506","38315","38579","40210"
"Económico","Oaxaca","Empleos formales generados","https://mexicocomovamos.mx/datos/",-2042,-1270,-984,-1655,-5480,-7442,-8958,-7701,-6926,-4768,-2137,-2984,"3506","3697","5575","8309","7151","7417"
"Económico","Puebla","Empleos formales generados","https://mexicocomovamos.mx/datos/",-4346,-1898,4075,-646,-614,-287,-344,-3066,-3524,1282,11350,-6209,"-3183","-841","3974","7625","6113","2821"
"Económico","Querétaro","Empleos formales generados","https://mexicocomovamos.mx/datos/",3604,8657,11386,10138,7826,8928,5878,10628,11840,18418,17164,4965,"5616","8531","14650","12153","11238","10822"
"Económico","Quintana Roo","Empleos formales generados","https://mexicocomovamos.mx/datos/",9516,13662,14864,16272,14612,15236,16222,9710,12607,23826,17894,4020,"4166","8425","11053","8163","11407","11584"
"Económico","San Luis Potosí","Empleos formales generados","https://mexicocomovamos.mx/datos/",6639,10224,12506,8345,3257,2889,1815,2511,5973,7741,6902,-527,"2829","5617","6493","7862","5829","2675"
"Económico","Sinaloa","Empleos formales generados","https://mexicocomovamos.mx/datos/",8171,9644,1076,-4667,-21079,-36068,-36308,-26214,-10674,-16676,-8028,-11452,"11493","6295","1177","-5847","-23546","-26787"
"Económico","Sonora","Empleos formales generados","https://mexicocomovamos.mx/datos/",12649,15677,18137,5962,7136,3026,-7923,-6885,-370,5476,-1755,-15854,"11154","22375","34665","19991","18317","16812"
"Económico","Tabasco","Empleos formales generados","https://mexicocomovamos.mx/datos/",-2101,-2109,-3197,-2590,-2492,-6699,-7943,-8576,-8497,-3498,-6735,-7928,"1679","3579","6094","6844","8195","7666"
"Económico","Tamaulipas","Empleos formales generados","https://mexicocomovamos.mx/datos/",3012,6180,7686,6539,4691,5882,4242,3727,-931,781,1888,-9131,"1599","2632","161","793","-1183","-1829"
"Económico","Tlaxcala","Empleos formales generados","https://mexicocomovamos.mx/datos/",-145,2001,2301,2081,1666,748,330,563,811,1671,4977,9286,"-9389","-9078","-6922","-7698","-8444","-8848"
"Económico","Veracruz de Ignacio de la Llave","Empleos formales generados","https://mexicocomovamos.mx/datos/",1803,4577,4221,3057,-7386,-8920,-16197,-11057,-7338,-1188,-683,-6747,"1371","17966","8045","5066","1497","-5039"
"Económico","Yucatán","Empleos formales generados","https://mexicocomovamos.mx/datos/",-2330,573,2705,1824,568,1617,-5882,-6118,-89,2919,4513,-2414,"74","222","-216","196","-397","550"
"Económico","Zacatecas","Empleos formales generados","https://mexicocomovamos.mx/datos/",-1646,-1257,-309,-2003,-2406,-2613,-2740,-2560,-743,-1693,-368,-1111,"-1675","3613","-786","-951","-1219","-468"
"Seguridad Pública","Aguascalientes","Incidencia delictiva","www.gob.mx/sesnsp/documentos/historico-de-incidencia-delictiva-del-fuero-comun",3375,3316,3651,3165,3316,3162,3196,3287,3389,3416,3104,2914,"3229","3051","3600","3334","3338",NA
"Seguridad Pública","Aguascalientes","Homicidios","www.gob.mx/sesnsp/documentos/historico-de-incidencia-delictiva-del-fuero-comun",22,18,19,15,22,20,17,18,24,15,11,19,"17","13","16","19","10",NA
"Seguridad Pública","Aguascalientes","Lesiones","www.gob.mx/sesnsp/documentos/historico-de-incidencia-delictiva-del-fuero-comun",310,378,419,371,420,366,337,348,381,405,379,343,"326","347","438","359","407",NA
"Seguridad Pública","Aguascalientes","Feminicidios","www.gob.mx/sesnsp/documentos/historico-de-incidencia-delictiva-del-fuero-comun",0,0,1,0,0,1,0,0,1,0,1,0,"0","0","0","0","1",NA
"Seguridad Pública","Aguascalientes","Secuestro","www.gob.mx/sesnsp/documentos/historico-de-incidencia-delictiva-del-fuero-comun",0,0,0,0,0,0,0,0,0,0,0,0,"0","0","0","0","0",NA
"Seguridad Pública","Aguascalientes","Violacion","www.gob.mx/sesnsp/documentos/historico-de-incidencia-delictiva-del-fuero-comun",21,36,26,35,36,41,28,32,35,29,28,23,"28","27","26","27","39",NA
"Seguridad Pública","Aguascalientes","Robo a Casa Habitación","www.gob.mx/sesnsp/documentos/historico-de-incidencia-delictiva-del-fuero-comun",167,138,150,133,120,149,136,144,157,144,118,128,"151","103","133","145","118",NA
"Seguridad Pública","Aguascalientes","Robo de Vehículos","www.gob.mx/sesnsp/documentos/historico-de-incidencia-delictiva-del-fuero-comun",130,96,122,145,131,106,106,118,116,114,119,118,"101","111","107","86","89",NA
"Seguridad Pública","Aguascalientes","Robo a Negocio","www.gob.mx/sesnsp/documentos/historico-de-incidencia-delictiva-del-fuero-comun",141,148,187,181,165,144,159,199,193,203,179,146,"131","119","159","159","171",NA
"Seguridad Pública","Aguascalientes","Extorsión","www.gob.mx/sesnsp/documentos/historico-de-incidencia-delictiva-del-fuero-comun",14,19,4,6,10,11,4,0,3,0,0,0,"1","0","1","1","1",NA
"Seguridad Pública","Aguascalientes","Violencia familiar","www.gob.mx/sesnsp/documentos/historico-de-incidencia-delictiva-del-fuero-comun",233,237,246,239,253,209,225,219,257,221,194,186,"206","190","233","261","257",NA
"Seguridad Pública","Aguascalientes","Narcomenudeo","www.gob.mx/sesnsp/documentos/historico-de-incidencia-delictiva-del-fuero-comun",274,244,224,210,163,218,232,255,215,225,261,257,"389","303","312","243","252",NA
"Seguridad Pública","Baja California","Incidencia delictiva","www.gob.mx/sesnsp/documentos/historico-de-incidencia-delictiva-del-fuero-comun",6834,6719,7455,7525,7815,8059,8480,8039,7789,8115,7492,7614,"7089","6881","8238","7854","7854",NA
"Seguridad Pública","Baja California","Homicidios","www.gob.mx/sesnsp/documentos/historico-de-incidencia-delictiva-del-fuero-comun",207,168,171,140,151,179,165,158,174,154,139,166,"168","169","194","158","173",NA
"Seguridad Pública","Baja California","Lesiones","www.gob.mx/sesnsp/documentos/historico-de-incidencia-delictiva-del-fuero-comun",414,414,478,484,543,585,641,574,579,567,513,543,"452","481","634","570","582",NA
"Seguridad Pública","Baja California","Feminicidios","www.gob.mx/sesnsp/documentos/historico-de-incidencia-delictiva-del-fuero-comun",6,1,3,1,6,0,0,3,7,3,3,0,"0","2","2","1","0",NA
"Seguridad Pública","Baja California","Secuestro","www.gob.mx/sesnsp/documentos/historico-de-incidencia-delictiva-del-fuero-comun",2,0,1,0,0,0,0,0,0,0,0,1,"0","0","0","0","1",NA
"Seguridad Pública","Baja California","Violacion","www.gob.mx/sesnsp/documentos/historico-de-incidencia-delictiva-del-fuero-comun",56,65,69,74,69,73,76,74,72,69,54,53,"60","69","89","79","57",NA
"Seguridad Pública","Baja California","Robo a Casa Habitación","www.gob.mx/sesnsp/documentos/historico-de-incidencia-delictiva-del-fuero-comun",125,133,127,143,127,139,157,151,133,130,146,162,"137","115","144","124","131",NA
"Seguridad Pública","Baja California","Robo de Vehículos","www.gob.mx/sesnsp/documentos/historico-de-incidencia-delictiva-del-fuero-comun",831,700,827,658,685,614,647,660,617,629,683,723,"638","616","631","610","577",NA
"Seguridad Pública","Baja California","Robo a Negocio","www.gob.mx/sesnsp/documentos/historico-de-incidencia-delictiva-del-fuero-comun",231,188,225,277,221,210,199,208,203,345,362,376,"395","300","332","309","291",NA
"Seguridad Pública","Baja California","Extorsión","www.gob.mx/sesnsp/documentos/historico-de-incidencia-delictiva-del-fuero-comun",10,9,10,7,10,14,10,6,5,2,1,5,"6","5","29","25","2",NA
"Seguridad Pública","Baja California","Violencia familiar","www.gob.mx/sesnsp/documentos/historico-de-incidencia-delictiva-del-fuero-comun",1003,1070,1214,1242,1357,1475,1428,1426,1406,1444,1211,1187,"1203","1139","1530","1346","1448",NA
"Seguridad Pública","Baja California","Narcomenudeo","www.gob.mx/sesnsp/documentos/historico-de-incidencia-delictiva-del-fuero-comun",721,688,690,724,800,786,766,780,759,694,607,607,"666","640","662","658","655",NA
"Seguridad Pública","Baja California Sur","Incidencia delictiva","www.gob.mx/sesnsp/documentos/historico-de-incidencia-delictiva-del-fuero-comun",2038,1929,2097,2018,2215,2183,2337,2167,1979,2061,1833,1883,"1841","1737","2021","2102","2249",NA
"Seguridad Pública","Baja California Sur","Homicidios","www.gob.mx/sesnsp/documentos/historico-de-incidencia-delictiva-del-fuero-comun",9,13,12,15,20,33,25,33,20,12,22,14,"10","10","19","11","11",NA
"Seguridad Pública","Baja California Sur","Lesiones","www.gob.mx/sesnsp/documentos/historico-de-incidencia-delictiva-del-fuero-comun",156,183,210,175,241,193,253,200,172,221,213,226,"214","197","212","213","233",NA
"Seguridad Pública","Baja California Sur","Feminicidios","www.gob.mx/sesnsp/documentos/historico-de-incidencia-delictiva-del-fuero-comun",1,1,0,0,0,1,0,1,0,1,1,0,"0","0","2","1","1",NA
"Seguridad Pública","Baja California Sur","Secuestro","www.gob.mx/sesnsp/documentos/historico-de-incidencia-delictiva-del-fuero-comun",0,0,0,0,0,0,0,1,0,0,0,1,"2","0","0","0","0",NA
"Seguridad Pública","Baja California Sur","Violacion","www.gob.mx/sesnsp/documentos/historico-de-incidencia-delictiva-del-fuero-comun",21,24,23,22,16,21,22,24,17,18,10,21,"14","19","16","23","23",NA
"Seguridad Pública","Baja California Sur","Robo a Casa Habitación","www.gob.mx/sesnsp/documentos/historico-de-incidencia-delictiva-del-fuero-comun",83,59,56,74,70,61,69,86,80,90,91,69,"77","71","68","71","77",NA
"Seguridad Pública","Baja California Sur","Robo de Vehículos","www.gob.mx/sesnsp/documentos/historico-de-incidencia-delictiva-del-fuero-comun",42,43,39,26,47,50,47,47,34,51,53,37,"39","45","41","52","54",NA
"Seguridad Pública","Baja California Sur","Robo a Negocio","www.gob.mx/sesnsp/documentos/historico-de-incidencia-delictiva-del-fuero-comun",32,39,30,38,38,52,35,58,41,51,39,53,"48","32","58","42","50",NA
"Seguridad Pública","Baja California Sur","Extorsión","www.gob.mx/sesnsp/documentos/historico-de-incidencia-delictiva-del-fuero-comun",7,6,3,17,14,11,12,16,13,12,13,14,"5","3","19","15","29",NA
"Seguridad Pública","Baja California Sur","Violencia familiar","www.gob.mx/sesnsp/documentos/historico-de-incidencia-delictiva-del-fuero-comun",257,234,293,257,288,270,327,293,288,274,237,274,"270","238","299","302","337",NA
"Seguridad Pública","Baja California Sur","Narcomenudeo","www.gob.mx/sesnsp/documentos/historico-de-incidencia-delictiva-del-fuero-comun",113,112,80,75,108,96,101,59,91,87,67,59,"59","71","83","180","186",NA
"Seguridad Pública","Campeche","Incidencia delictiva","www.gob.mx/sesnsp/documentos/historico-de-incidencia-delictiva-del-fuero-comun",467,474,547,468,562,482,485,466,469,405,346,409,"349","333","397","422","379",NA
"Seguridad Pública","Campeche","Homicidios","www.gob.mx/sesnsp/documentos/historico-de-incidencia-delictiva-del-fuero-comun",11,21,26,18,19,8,17,16,13,8,14,8,"11","19","15","21","20",NA
"Seguridad Pública","Campeche","Lesiones","www.gob.mx/sesnsp/documentos/historico-de-incidencia-delictiva-del-fuero-comun",84,80,91,76,94,74,88,68,87,75,56,64,"52","66","61","61","64",NA
"Seguridad Pública","Campeche","Feminicidios","www.gob.mx/sesnsp/documentos/historico-de-incidencia-delictiva-del-fuero-comun",0,2,1,1,1,0,1,2,1,0,1,1,"0","1","1","0","0",NA
"Seguridad Pública","Campeche","Secuestro","www.gob.mx/sesnsp/documentos/historico-de-incidencia-delictiva-del-fuero-comun",0,0,0,0,0,1,0,0,0,0,0,0,"0","0","0","0","0",NA
"Seguridad Pública","Campeche","Violacion","www.gob.mx/sesnsp/documentos/historico-de-incidencia-delictiva-del-fuero-comun",28,18,34,19,29,21,23,19,15,23,17,19,"16","19","24","30","16",NA
"Seguridad Pública","Campeche","Robo a Casa Habitación","www.gob.mx/sesnsp/documentos/historico-de-incidencia-delictiva-del-fuero-comun",11,10,11,11,8,13,10,6,7,7,8,13,"10","10","6","3","4",NA
"Seguridad Pública","Campeche","Robo de Vehículos","www.gob.mx/sesnsp/documentos/historico-de-incidencia-delictiva-del-fuero-comun",5,3,4,5,5,7,0,2,1,3,1,3,"4","3","0","4","0",NA
"Seguridad Pública","Campeche","Robo a Negocio","www.gob.mx/sesnsp/documentos/historico-de-incidencia-delictiva-del-fuero-comun",20,25,30,31,28,21,28,29,32,25,22,25,"19","17","23","29","13",NA
"Seguridad Pública","Campeche","Extorsión","www.gob.mx/sesnsp/documentos/historico-de-incidencia-delictiva-del-fuero-comun",0,3,4,3,4,1,2,1,1,0,0,1,"0","0","1","1","2",NA
"Seguridad Pública","Campeche","Violencia familiar","www.gob.mx/sesnsp/documentos/historico-de-incidencia-delictiva-del-fuero-comun",42,39,55,52,49,57,50,43,33,35,25,33,"27","26","39","30","30",NA
"Seguridad Pública","Campeche","Narcomenudeo","www.gob.mx/sesnsp/documentos/historico-de-incidencia-delictiva-del-fuero-comun",36,35,21,21,34,31,37,34,41,41,31,71,"67","37","65","62","55",NA
"Seguridad Pública","Coahuila de Zaragoza","Incidencia delictiva","www.gob.mx/sesnsp/documentos/historico-de-incidencia-delictiva-del-fuero-comun",5050,5467,5697,6356,5945,5813,6400,5988,5322,6525,5442,5144,"5136","5597","6331","6190","6391",NA
"Seguridad Pública","Coahuila de Zaragoza","Homicidios","www.gob.mx/sesnsp/documentos/historico-de-incidencia-delictiva-del-fuero-comun",14,19,29,29,19,32,22,35,27,31,23,25,"19","28","25","26","34",NA
"Seguridad Pública","Coahuila de Zaragoza","Lesiones","www.gob.mx/sesnsp/documentos/historico-de-incidencia-delictiva-del-fuero-comun",418,457,467,518,567,572,555,519,445,613,479,532,"433","563","635","567","708",NA
"Seguridad Pública","Coahuila de Zaragoza","Feminicidios","www.gob.mx/sesnsp/documentos/historico-de-incidencia-delictiva-del-fuero-comun",1,1,0,0,1,2,0,0,1,2,1,0,"1","0","0","0","0",NA
"Seguridad Pública","Coahuila de Zaragoza","Secuestro","www.gob.mx/sesnsp/documentos/historico-de-incidencia-delictiva-del-fuero-comun",0,0,0,0,0,0,0,0,0,0,0,0,"0","0","0","0","0",NA
"Seguridad Pública","Coahuila de Zaragoza","Violacion","www.gob.mx/sesnsp/documentos/historico-de-incidencia-delictiva-del-fuero-comun",33,48,68,39,45,48,52,45,24,42,25,23,"23","36","49","48","34",NA
"Seguridad Pública","Coahuila de Zaragoza","Robo a Casa Habitación","www.gob.mx/sesnsp/documentos/historico-de-incidencia-delictiva-del-fuero-comun",120,33,27,37,60,117,117,110,73,111,90,57,"66","63","71","66","49",NA
"Seguridad Pública","Coahuila de Zaragoza","Robo de Vehículos","www.gob.mx/sesnsp/documentos/historico-de-incidencia-delictiva-del-fuero-comun",20,32,18,23,18,13,22,26,22,38,25,21,"19","14","20","17","17",NA
"Seguridad Pública","Coahuila de Zaragoza","Robo a Negocio","www.gob.mx/sesnsp/documentos/historico-de-incidencia-delictiva-del-fuero-comun",72,39,19,51,49,60,68,63,55,63,53,31,"31","50","46","41","48",NA
"Seguridad Pública","Coahuila de Zaragoza","Extorsión","www.gob.mx/sesnsp/documentos/historico-de-incidencia-delictiva-del-fuero-comun",3,8,7,6,3,2,3,5,6,17,8,8,"5","6","5","11","6",NA
"Seguridad Pública","Coahuila de Zaragoza","Violencia familiar","www.gob.mx/sesnsp/documentos/historico-de-incidencia-delictiva-del-fuero-comun",966,1157,1301,1500,1380,1360,1350,1249,1151,1220,1033,997,"1003","1173","1268","1278","1350",NA
"Seguridad Pública","Coahuila de Zaragoza","Narcomenudeo","www.gob.mx/sesnsp/documentos/historico-de-incidencia-delictiva-del-fuero-comun",545,491,484,516,399,331,502,504,382,447,380,377,"438","328","298","338","283",NA
"Seguridad Pública","Colima","Incidencia delictiva","www.gob.mx/sesnsp/documentos/historico-de-incidencia-delictiva-del-fuero-comun",2045,1874,2091,1997,2250,2246,2443,2403,2390,2547,2291,2236,"2204","2150","2446","2187","2338",NA
"Seguridad Pública","Colima","Homicidios","www.gob.mx/sesnsp/documentos/historico-de-incidencia-delictiva-del-fuero-comun",66,43,69,58,59,65,58,44,49,66,63,66,"75","85","77","72","66",NA
"Seguridad Pública","Colima","Lesiones","www.gob.mx/sesnsp/documentos/historico-de-incidencia-delictiva-del-fuero-comun",156,152,189,168,184,192,158,181,192,198,195,188,"157","152","191","189","191",NA
"Seguridad Pública","Colima","Feminicidios","www.gob.mx/sesnsp/documentos/historico-de-incidencia-delictiva-del-fuero-comun",0,2,1,0,0,0,0,0,0,0,0,0,"0","0","2","0","1",NA
"Seguridad Pública","Colima","Secuestro","www.gob.mx/sesnsp/documentos/historico-de-incidencia-delictiva-del-fuero-comun",0,0,0,0,0,0,0,0,1,1,0,0,"0","0","1","0","0",NA
"Seguridad Pública","Colima","Violacion","www.gob.mx/sesnsp/documentos/historico-de-incidencia-delictiva-del-fuero-comun",10,12,11,10,17,14,18,17,18,15,17,10,"21","16","15","7","13",NA
"Seguridad Pública","Colima","Robo a Casa Habitación","www.gob.mx/sesnsp/documentos/historico-de-incidencia-delictiva-del-fuero-comun",62,52,61,56,65,59,71,78,73,57,48,46,"35","29","48","43","58",NA
"Seguridad Pública","Colima","Robo de Vehículos","www.gob.mx/sesnsp/documentos/historico-de-incidencia-delictiva-del-fuero-comun",56,72,78,62,75,68,77,59,60,86,66,39,"64","42","49","29","40",NA
"Seguridad Pública","Colima","Robo a Negocio","www.gob.mx/sesnsp/documentos/historico-de-incidencia-delictiva-del-fuero-comun",48,39,64,49,66,44,45,34,52,60,52,55,"44","26","33","19","27",NA
"Seguridad Pública","Colima","Extorsión","www.gob.mx/sesnsp/documentos/historico-de-incidencia-delictiva-del-fuero-comun",16,9,7,8,14,7,10,10,13,19,15,14,"12","8","18","13","15",NA
"Seguridad Pública","Colima","Violencia familiar","www.gob.mx/sesnsp/documentos/historico-de-incidencia-delictiva-del-fuero-comun",317,329,329,323,356,356,402,385,384,360,339,369,"331","320","412","336","356",NA
"Seguridad Pública","Colima","Narcomenudeo","www.gob.mx/sesnsp/documentos/historico-de-incidencia-delictiva-del-fuero-comun",155,157,142,145,166,184,226,249,236,244,266,229,"233","230","250","178","196",NA
"Seguridad Pública","Chiapas","Incidencia delictiva","www.gob.mx/sesnsp/documentos/historico-de-incidencia-delictiva-del-fuero-comun",1516,1274,1352,1093,884,638,701,793,749,803,687,541,"651","718","814","739","746",NA
"Seguridad Pública","Chiapas","Homicidios","www.gob.mx/sesnsp/documentos/historico-de-incidencia-delictiva-del-fuero-comun",111,72,99,103,107,84,93,96,76,89,94,80,"98","80","100","93","86",NA
"Seguridad Pública","Chiapas","Lesiones","www.gob.mx/sesnsp/documentos/historico-de-incidencia-delictiva-del-fuero-comun",143,137,144,63,73,46,66,73,65,93,64,51,"56","61","51","44","83",NA
"Seguridad Pública","Chiapas","Feminicidios","www.gob.mx/sesnsp/documentos/historico-de-incidencia-delictiva-del-fuero-comun",1,1,4,4,2,3,2,2,3,2,6,1,"3","5","5","3","2",NA
"Seguridad Pública","Chiapas","Secuestro","www.gob.mx/sesnsp/documentos/historico-de-incidencia-delictiva-del-fuero-comun",3,0,4,2,1,0,0,0,0,0,1,1,"1","1","2","1","1",NA
"Seguridad Pública","Chiapas","Violacion","www.gob.mx/sesnsp/documentos/historico-de-incidencia-delictiva-del-fuero-comun",27,18,33,24,21,28,27,22,21,20,25,18,"15","11","15","17","6",NA
"Seguridad Pública","Chiapas","Robo a Casa Habitación","www.gob.mx/sesnsp/documentos/historico-de-incidencia-delictiva-del-fuero-comun",9,6,10,11,10,5,10,6,11,14,5,4,"14","11","7","5","14",NA
"Seguridad Pública","Chiapas","Robo de Vehículos","www.gob.mx/sesnsp/documentos/historico-de-incidencia-delictiva-del-fuero-comun",92,62,66,60,54,46,56,48,42,49,38,23,"33","51","40","49","37",NA
"Seguridad Pública","Chiapas","Robo a Negocio","www.gob.mx/sesnsp/documentos/historico-de-incidencia-delictiva-del-fuero-comun",14,10,8,13,11,10,17,12,11,14,10,12,"12","13","10","9","12",NA
"Seguridad Pública","Chiapas","Extorsión","www.gob.mx/sesnsp/documentos/historico-de-incidencia-delictiva-del-fuero-comun",21,10,6,7,12,5,6,6,2,5,3,2,"5","0","6","3","3",NA
"Seguridad Pública","Chiapas","Violencia familiar","www.gob.mx/sesnsp/documentos/historico-de-incidencia-delictiva-del-fuero-comun",52,58,75,90,69,73,54,79,65,78,67,42,"53","60","78","87","62",NA
"Seguridad Pública","Chiapas","Narcomenudeo","www.gob.mx/sesnsp/documentos/historico-de-incidencia-delictiva-del-fuero-comun",242,171,160,173,122,55,99,102,91,78,68,50,"84","119","148","113","85",NA
"Seguridad Pública","Chihuahua","Incidencia delictiva","www.gob.mx/sesnsp/documentos/historico-de-incidencia-delictiva-del-fuero-comun",5620,6129,7032,6238,6287,6267,6597,6264,6047,6346,5449,5576,"5222","5402","6628","6109","6319",NA
"Seguridad Pública","Chihuahua","Homicidios","www.gob.mx/sesnsp/documentos/historico-de-incidencia-delictiva-del-fuero-comun",148,128,178,139,150,160,191,151,145,128,142,141,"137","124","153","161","114",NA
"Seguridad Pública","Chihuahua","Lesiones","www.gob.mx/sesnsp/documentos/historico-de-incidencia-delictiva-del-fuero-comun",430,529,599,522,681,708,647,598,587,657,584,591,"501","531","684","603","675",NA
"Seguridad Pública","Chihuahua","Feminicidios","www.gob.mx/sesnsp/documentos/historico-de-incidencia-delictiva-del-fuero-comun",3,2,3,3,8,2,4,4,6,5,4,3,"2","3","5","1","2",NA
"Seguridad Pública","Chihuahua","Secuestro","www.gob.mx/sesnsp/documentos/historico-de-incidencia-delictiva-del-fuero-comun",2,7,5,5,10,7,7,3,7,5,6,7,"2","13","13","6","4",NA
"Seguridad Pública","Chihuahua","Violacion","www.gob.mx/sesnsp/documentos/historico-de-incidencia-delictiva-del-fuero-comun",76,117,210,147,135,108,130,123,100,101,93,100,"76","88","119","106","132",NA
"Seguridad Pública","Chihuahua","Robo a Casa Habitación","www.gob.mx/sesnsp/documentos/historico-de-incidencia-delictiva-del-fuero-comun",143,170,177,128,135,125,137,130,144,123,114,103,"114","127","140","116","108",NA
"Seguridad Pública","Chihuahua","Robo de Vehículos","www.gob.mx/sesnsp/documentos/historico-de-incidencia-delictiva-del-fuero-comun",271,288,243,237,274,252,304,249,298,259,234,231,"198","177","212","184","227",NA
"Seguridad Pública","Chihuahua","Robo a Negocio","www.gob.mx/sesnsp/documentos/historico-de-incidencia-delictiva-del-fuero-comun",120,133,146,131,127,138,134,101,115,145,123,109,"95","142","124","116","114",NA
"Seguridad Pública","Chihuahua","Extorsión","www.gob.mx/sesnsp/documentos/historico-de-incidencia-delictiva-del-fuero-comun",2,0,0,0,0,1,1,3,3,0,0,0,"13","9","15","20","22",NA
"Seguridad Pública","Chihuahua","Violencia familiar","www.gob.mx/sesnsp/documentos/historico-de-incidencia-delictiva-del-fuero-comun",941,1002,1203,1217,1351,1355,1372,1354,1223,1128,914,990,"905","992","1280","1154","1193",NA
"Seguridad Pública","Chihuahua","Narcomenudeo","www.gob.mx/sesnsp/documentos/historico-de-incidencia-delictiva-del-fuero-comun",357,291,275,297,311,290,337,324,281,365,318,355,"387","373","425","468","463",NA
"Seguridad Pública","Ciudad de México","Incidencia delictiva","www.gob.mx/sesnsp/documentos/historico-de-incidencia-delictiva-del-fuero-comun",16545,16158,18545,17697,18534,16930,18042,18149,17333,19121,17184,15869,"16147","15750","17741","17527","18046",NA
"Seguridad Pública","Ciudad de México","Homicidios","www.gob.mx/sesnsp/documentos/historico-de-incidencia-delictiva-del-fuero-comun",105,112,135,132,122,136,134,136,113,121,134,125,"145","123","135","149","147",NA
"Seguridad Pública","Ciudad de México","Lesiones","www.gob.mx/sesnsp/documentos/historico-de-incidencia-delictiva-del-fuero-comun",749,803,918,928,907,736,843,694,775,928,850,811,"746","739","885","1012","1024",NA
"Seguridad Pública","Ciudad de México","Feminicidios","www.gob.mx/sesnsp/documentos/historico-de-incidencia-delictiva-del-fuero-comun",2,3,2,4,3,3,5,5,4,9,2,0,"4","4","4","4","3",NA
"Seguridad Pública","Ciudad de México","Secuestro","www.gob.mx/sesnsp/documentos/historico-de-incidencia-delictiva-del-fuero-comun",1,2,1,0,9,3,2,1,4,2,1,0,"1","1","1","1","0",NA
"Seguridad Pública","Ciudad de México","Violacion","www.gob.mx/sesnsp/documentos/historico-de-incidencia-delictiva-del-fuero-comun",169,177,209,194,187,166,177,172,176,184,148,142,"173","190","202","182","197",NA
"Seguridad Pública","Ciudad de México","Robo a Casa Habitación","www.gob.mx/sesnsp/documentos/historico-de-incidencia-delictiva-del-fuero-comun",239,219,217,215,221,216,190,250,232,201,207,185,"207","156","192","182","203",NA
"Seguridad Pública","Ciudad de México","Robo de Vehículos","www.gob.mx/sesnsp/documentos/historico-de-incidencia-delictiva-del-fuero-comun",374,496,549,520,511,475,522,522,484,510,493,451,"401","381","430","435","419",NA
"Seguridad Pública","Ciudad de México","Robo a Negocio","www.gob.mx/sesnsp/documentos/historico-de-incidencia-delictiva-del-fuero-comun",774,678,746,719,767,680,811,732,692,727,718,663,"781","694","757","745","751",NA
"Seguridad Pública","Ciudad de México","Extorsión","www.gob.mx/sesnsp/documentos/historico-de-incidencia-delictiva-del-fuero-comun",83,98,147,127,144,173,196,167,169,132,131,137,"137","138","199","130","123",NA
"Seguridad Pública","Ciudad de México","Violencia familiar","www.gob.mx/sesnsp/documentos/historico-de-incidencia-delictiva-del-fuero-comun",2626,2606,3074,3070,3165,2646,3062,2876,2696,2897,2651,2324,"2357","2164","2505","2410","2409",NA
"Seguridad Pública","Ciudad de México","Narcomenudeo","www.gob.mx/sesnsp/documentos/historico-de-incidencia-delictiva-del-fuero-comun",680,604,564,499,499,489,494,516,451,470,424,340,"506","461","499","475","526",NA
"Seguridad Pública","Durango","Incidencia delictiva","www.gob.mx/sesnsp/documentos/historico-de-incidencia-delictiva-del-fuero-comun",1522,1338,1835,1572,1689,1641,1473,1524,1534,1630,1409,1166,"1471","1491","1528","1523","1645",NA
"Seguridad Pública","Durango","Homicidios","www.gob.mx/sesnsp/documentos/historico-de-incidencia-delictiva-del-fuero-comun",16,28,19,19,24,22,24,19,30,18,21,20,"11","25","19","28","19",NA
"Seguridad Pública","Durango","Lesiones","www.gob.mx/sesnsp/documentos/historico-de-incidencia-delictiva-del-fuero-comun",204,217,270,231,273,247,207,254,203,255,227,189,"228","239","232","241","262",NA
"Seguridad Pública","Durango","Feminicidios","www.gob.mx/sesnsp/documentos/historico-de-incidencia-delictiva-del-fuero-comun",0,1,0,1,1,1,1,0,0,1,0,0,"3","0","0","2","0",NA
"Seguridad Pública","Durango","Secuestro","www.gob.mx/sesnsp/documentos/historico-de-incidencia-delictiva-del-fuero-comun",0,0,0,0,0,0,0,0,0,0,0,0,"0","0","0","0","0",NA
"Seguridad Pública","Durango","Violacion","www.gob.mx/sesnsp/documentos/historico-de-incidencia-delictiva-del-fuero-comun",20,14,25,22,23,24,21,24,20,22,18,10,"20","21","23","21","17",NA
"Seguridad Pública","Durango","Robo a Casa Habitación","www.gob.mx/sesnsp/documentos/historico-de-incidencia-delictiva-del-fuero-comun",34,36,27,26,28,33,31,43,40,30,27,16,"27","27","27","25","28",NA
"Seguridad Pública","Durango","Robo de Vehículos","www.gob.mx/sesnsp/documentos/historico-de-incidencia-delictiva-del-fuero-comun",71,37,40,37,43,32,31,37,44,54,38,48,"57","46","36","30","43",NA
"Seguridad Pública","Durango","Robo a Negocio","www.gob.mx/sesnsp/documentos/historico-de-incidencia-delictiva-del-fuero-comun",44,22,37,22,17,33,35,26,30,35,23,18,"27","22","26","21","17",NA
"Seguridad Pública","Durango","Extorsión","www.gob.mx/sesnsp/documentos/historico-de-incidencia-delictiva-del-fuero-comun",1,2,2,0,1,3,0,4,2,1,4,3,"4","4","3","0","3",NA
"Seguridad Pública","Durango","Violencia familiar","www.gob.mx/sesnsp/documentos/historico-de-incidencia-delictiva-del-fuero-comun",346,293,417,433,505,512,411,455,415,420,362,345,"365","412","414","402","502",NA
"Seguridad Pública","Durango","Narcomenudeo","www.gob.mx/sesnsp/documentos/historico-de-incidencia-delictiva-del-fuero-comun",103,89,75,58,66,51,68,94,112,112,69,53,"50","63","50","59","63",NA
"Seguridad Pública","Guanajuato","Incidencia delictiva","www.gob.mx/sesnsp/documentos/historico-de-incidencia-delictiva-del-fuero-comun",13040,13103,14843,14000,14731,14069,14462,14476,14528,15209,11606,12414,"12108","11630","14139","13492","14194",NA
"Seguridad Pública","Guanajuato","Homicidios","www.gob.mx/sesnsp/documentos/historico-de-incidencia-delictiva-del-fuero-comun",403,403,365,261,236,247,205,246,199,235,243,258,"203","238","278","256","257",NA
"Seguridad Pública","Guanajuato","Lesiones","www.gob.mx/sesnsp/documentos/historico-de-incidencia-delictiva-del-fuero-comun",1142,1384,1582,1550,1591,1445,1395,1465,1465,1547,1253,1382,"1268","1294","1640","1563","1797",NA
"Seguridad Pública","Guanajuato","Feminicidios","www.gob.mx/sesnsp/documentos/historico-de-incidencia-delictiva-del-fuero-comun",2,4,4,1,2,0,0,3,0,1,0,1,"1","0","3","4","1",NA
"Seguridad Pública","Guanajuato","Secuestro","www.gob.mx/sesnsp/documentos/historico-de-incidencia-delictiva-del-fuero-comun",0,0,1,1,2,1,0,1,2,2,1,1,"0","2","1","0","0",NA
"Seguridad Pública","Guanajuato","Violacion","www.gob.mx/sesnsp/documentos/historico-de-incidencia-delictiva-del-fuero-comun",73,90,78,104,69,89,118,93,96,120,76,95,"77","84","105","106","92",NA
"Seguridad Pública","Guanajuato","Robo a Casa Habitación","www.gob.mx/sesnsp/documentos/historico-de-incidencia-delictiva-del-fuero-comun",242,203,243,241,220,256,263,253,254,259,216,236,"234","191","236","212","198",NA
"Seguridad Pública","Guanajuato","Robo de Vehículos","www.gob.mx/sesnsp/documentos/historico-de-incidencia-delictiva-del-fuero-comun",264,234,227,201,251,671,739,681,731,678,624,642,"599","401","497","403","476",NA
"Seguridad Pública","Guanajuato","Robo a Negocio","www.gob.mx/sesnsp/documentos/historico-de-incidencia-delictiva-del-fuero-comun",352,330,417,355,416,411,419,359,365,353,297,362,"353","364","415","368","371",NA
"Seguridad Pública","Guanajuato","Extorsión","www.gob.mx/sesnsp/documentos/historico-de-incidencia-delictiva-del-fuero-comun",124,125,108,96,130,101,90,79,97,110,112,103,"96","109","104","138","115",NA
"Seguridad Pública","Guanajuato","Violencia familiar","www.gob.mx/sesnsp/documentos/historico-de-incidencia-delictiva-del-fuero-comun",1221,1254,1474,1519,1555,1422,1425,1386,1526,1444,1160,1240,"1223","1209","1561","1607","1708",NA
"Seguridad Pública","Guanajuato","Narcomenudeo","www.gob.mx/sesnsp/documentos/historico-de-incidencia-delictiva-del-fuero-comun",1900,1901,1970,1684,1722,1837,1916,2038,1993,2016,1065,839,"847","797","851","1057","992",NA
"Seguridad Pública","Guerrero","Incidencia delictiva","www.gob.mx/sesnsp/documentos/historico-de-incidencia-delictiva-del-fuero-comun",2182,2027,2348,2095,2299,1891,2155,2010,2164,2202,2006,1963,"2064","1890","2333","2252","2391",NA
"Seguridad Pública","Guerrero","Homicidios","www.gob.mx/sesnsp/documentos/historico-de-incidencia-delictiva-del-fuero-comun",128,109,130,165,138,116,152,105,105,95,96,97,"103","83","114","107","120",NA
"Seguridad Pública","Guerrero","Lesiones","www.gob.mx/sesnsp/documentos/historico-de-incidencia-delictiva-del-fuero-comun",299,291,344,306,354,243,317,253,290,292,256,273,"316","250","299","284","320",NA
"Seguridad Pública","Guerrero","Feminicidios","www.gob.mx/sesnsp/documentos/historico-de-incidencia-delictiva-del-fuero-comun",2,0,4,1,0,3,2,1,1,0,6,0,"2","0","2","2","1",NA
"Seguridad Pública","Guerrero","Secuestro","www.gob.mx/sesnsp/documentos/historico-de-incidencia-delictiva-del-fuero-comun",2,1,0,0,0,0,0,1,0,1,0,0,"0","0","2","2","0",NA
"Seguridad Pública","Guerrero","Violacion","www.gob.mx/sesnsp/documentos/historico-de-incidencia-delictiva-del-fuero-comun",40,28,29,40,35,30,34,27,30,41,21,28,"35","15","42","38","37",NA
"Seguridad Pública","Guerrero","Robo a Casa Habitación","www.gob.mx/sesnsp/documentos/historico-de-incidencia-delictiva-del-fuero-comun",28,28,18,14,20,7,14,21,19,12,20,12,"16","13","20","21","23",NA
"Seguridad Pública","Guerrero","Robo de Vehículos","www.gob.mx/sesnsp/documentos/historico-de-incidencia-delictiva-del-fuero-comun",215,175,214,169,208,219,207,222,246,210,179,218,"168","165","172","191","174",NA
"Seguridad Pública","Guerrero","Robo a Negocio","www.gob.mx/sesnsp/documentos/historico-de-incidencia-delictiva-del-fuero-comun",67,66,48,56,43,33,37,45,45,69,34,39,"40","33","41","42","50",NA
"Seguridad Pública","Guerrero","Extorsión","www.gob.mx/sesnsp/documentos/historico-de-incidencia-delictiva-del-fuero-comun",10,11,6,9,11,11,13,9,13,7,5,4,"6","10","12","20","22",NA
"Seguridad Pública","Guerrero","Violencia familiar","www.gob.mx/sesnsp/documentos/historico-de-incidencia-delictiva-del-fuero-comun",219,217,246,194,205,189,259,218,224,237,262,234,"249","222","260","295","318",NA
"Seguridad Pública","Guerrero","Narcomenudeo","www.gob.mx/sesnsp/documentos/historico-de-incidencia-delictiva-del-fuero-comun",58,54,88,53,72,56,90,64,86,81,96,88,"91","95","112","99","82",NA
"Seguridad Pública","Hidalgo","Incidencia delictiva","www.gob.mx/sesnsp/documentos/historico-de-incidencia-delictiva-del-fuero-comun",4286,4354,4816,5155,4288,4912,5239,4904,5045,5250,4681,4235,"4148","4138","4828","4660","4777",NA
"Seguridad Pública","Hidalgo","Homicidios","www.gob.mx/sesnsp/documentos/historico-de-incidencia-delictiva-del-fuero-comun",34,35,38,41,31,38,37,35,39,30,43,26,"31","28","29","33","49",NA
"Seguridad Pública","Hidalgo","Lesiones","www.gob.mx/sesnsp/documentos/historico-de-incidencia-delictiva-del-fuero-comun",431,375,461,580,545,698,710,647,723,763,682,634,"555","552","680","735","782",NA
"Seguridad Pública","Hidalgo","Feminicidios","www.gob.mx/sesnsp/documentos/historico-de-incidencia-delictiva-del-fuero-comun",3,1,2,2,1,1,1,1,2,0,0,0,"0","1","0","0","1",NA
"Seguridad Pública","Hidalgo","Secuestro","www.gob.mx/sesnsp/documentos/historico-de-incidencia-delictiva-del-fuero-comun",0,1,0,0,0,1,0,0,2,1,0,1,"0","1","1","0","0",NA
"Seguridad Pública","Hidalgo","Violacion","www.gob.mx/sesnsp/documentos/historico-de-incidencia-delictiva-del-fuero-comun",72,59,90,90,73,85,76,71,69,86,64,64,"57","83","94","72","77",NA
"Seguridad Pública","Hidalgo","Robo a Casa Habitación","www.gob.mx/sesnsp/documentos/historico-de-incidencia-delictiva-del-fuero-comun",86,46,62,89,84,142,151,133,163,163,123,136,"143","117","150","126","145",NA
"Seguridad Pública","Hidalgo","Robo de Vehículos","www.gob.mx/sesnsp/documentos/historico-de-incidencia-delictiva-del-fuero-comun",286,263,247,230,327,172,201,187,194,215,195,188,"262","242","261","239","242",NA
"Seguridad Pública","Hidalgo","Robo a Negocio","www.gob.mx/sesnsp/documentos/historico-de-incidencia-delictiva-del-fuero-comun",79,96,67,90,95,179,188,177,164,203,138,148,"172","199","178","145","155",NA
"Seguridad Pública","Hidalgo","Extorsión","www.gob.mx/sesnsp/documentos/historico-de-incidencia-delictiva-del-fuero-comun",16,17,32,34,25,8,11,7,13,6,7,3,"3","5","15","8","9",NA
"Seguridad Pública","Hidalgo","Violencia familiar","www.gob.mx/sesnsp/documentos/historico-de-incidencia-delictiva-del-fuero-comun",128,609,691,723,706,732,733,664,720,736,677,526,"592","571","733","738","774",NA
"Seguridad Pública","Hidalgo","Narcomenudeo","www.gob.mx/sesnsp/documentos/historico-de-incidencia-delictiva-del-fuero-comun",80,66,65,51,53,76,100,81,65,74,76,71,"104","96","120","134","104",NA
"Seguridad Pública","Jalisco","Incidencia delictiva","www.gob.mx/sesnsp/documentos/historico-de-incidencia-delictiva-del-fuero-comun",10179,9142,9834,9879,9775,9029,10086,9408,9427,10114,8804,8752,"8643","8172","10203","9847","9978",NA
"Seguridad Pública","Jalisco","Homicidios","www.gob.mx/sesnsp/documentos/historico-de-incidencia-delictiva-del-fuero-comun",168,155,195,188,194,167,151,164,135,162,150,192,"165","138","151","163","162",NA
"Seguridad Pública","Jalisco","Lesiones","www.gob.mx/sesnsp/documentos/historico-de-incidencia-delictiva-del-fuero-comun",1068,1054,1224,1226,1227,1012,1179,1085,1170,1238,1207,1241,"1139","1099","1412","1353","1376",NA
"Seguridad Pública","Jalisco","Feminicidios","www.gob.mx/sesnsp/documentos/historico-de-incidencia-delictiva-del-fuero-comun",2,2,4,1,3,3,4,1,8,2,1,1,"4","1","3","1","3",NA
"Seguridad Pública","Jalisco","Secuestro","www.gob.mx/sesnsp/documentos/historico-de-incidencia-delictiva-del-fuero-comun",2,1,1,2,1,1,0,1,2,1,1,2,"2","0","1","1","3",NA
"Seguridad Pública","Jalisco","Violacion","www.gob.mx/sesnsp/documentos/historico-de-incidencia-delictiva-del-fuero-comun",35,44,43,53,42,52,46,49,52,43,42,27,"34","33","41","42","57",NA
"Seguridad Pública","Jalisco","Robo a Casa Habitación","www.gob.mx/sesnsp/documentos/historico-de-incidencia-delictiva-del-fuero-comun",225,151,163,197,150,191,174,200,186,173,153,147,"162","109","154","149","122",NA
"Seguridad Pública","Jalisco","Robo de Vehículos","www.gob.mx/sesnsp/documentos/historico-de-incidencia-delictiva-del-fuero-comun",1008,749,774,732,720,654,754,721,847,784,747,768,"782","727","881","832","832",NA
"Seguridad Pública","Jalisco","Robo a Negocio","www.gob.mx/sesnsp/documentos/historico-de-incidencia-delictiva-del-fuero-comun",311,225,218,262,284,318,349,278,214,231,241,216,"202","210","251","273","204",NA
"Seguridad Pública","Jalisco","Extorsión","www.gob.mx/sesnsp/documentos/historico-de-incidencia-delictiva-del-fuero-comun",33,36,36,37,36,37,42,43,38,34,26,35,"36","18","29","18","20",NA
"Seguridad Pública","Jalisco","Violencia familiar","www.gob.mx/sesnsp/documentos/historico-de-incidencia-delictiva-del-fuero-comun",1096,1023,1100,1116,1152,955,1087,980,969,1035,943,861,"930","894","1135","1226","1154",NA
"Seguridad Pública","Jalisco","Narcomenudeo","www.gob.mx/sesnsp/documentos/historico-de-incidencia-delictiva-del-fuero-comun",188,201,201,220,194,206,195,209,207,219,201,202,"234","214","238","203","314",NA
"Seguridad Pública","México","Incidencia delictiva","www.gob.mx/sesnsp/documentos/historico-de-incidencia-delictiva-del-fuero-comun",29794,28400,30669,30501,30109,29677,30454,30730,29590,30634,27958,24047,"28318","25715","27527","28407","28586",NA
"Seguridad Pública","México","Homicidios","www.gob.mx/sesnsp/documentos/historico-de-incidencia-delictiva-del-fuero-comun",245,231,269,245,244,208,212,221,213,259,229,236,"216","195","227","228","205",NA
"Seguridad Pública","México","Lesiones","www.gob.mx/sesnsp/documentos/historico-de-incidencia-delictiva-del-fuero-comun",4578,4654,5443,4768,4967,4387,4171,4399,4932,4722,4641,4397,"4129","3996","4607","4493","4854",NA
"Seguridad Pública","México","Feminicidios","www.gob.mx/sesnsp/documentos/historico-de-incidencia-delictiva-del-fuero-comun",7,4,7,5,5,4,3,4,2,6,4,4,"3","2","5","5","5",NA
"Seguridad Pública","México","Secuestro","www.gob.mx/sesnsp/documentos/historico-de-incidencia-delictiva-del-fuero-comun",4,0,2,1,4,2,4,4,4,4,2,2,"0","1","4","1","4",NA
"Seguridad Pública","México","Violacion","www.gob.mx/sesnsp/documentos/historico-de-incidencia-delictiva-del-fuero-comun",222,221,320,254,254,244,223,230,269,204,211,192,"211","197","252","236","229",NA
"Seguridad Pública","México","Robo a Casa Habitación","www.gob.mx/sesnsp/documentos/historico-de-incidencia-delictiva-del-fuero-comun",574,517,586,366,383,380,366,394,232,225,266,333,"296","247","274","263","266",NA
"Seguridad Pública","México","Robo de Vehículos","www.gob.mx/sesnsp/documentos/historico-de-incidencia-delictiva-del-fuero-comun",3040,2493,2459,1521,1569,1518,1583,1371,1330,1320,1304,1305,"1337","1234","1331","1279","1194",NA
"Seguridad Pública","México","Robo a Negocio","www.gob.mx/sesnsp/documentos/historico-de-incidencia-delictiva-del-fuero-comun",1713,1409,1411,1206,1165,1216,1160,1198,1104,1104,958,1160,"1058","1034","1122","1108","1212",NA
"Seguridad Pública","México","Extorsión","www.gob.mx/sesnsp/documentos/historico-de-incidencia-delictiva-del-fuero-comun",249,302,274,161,189,223,150,142,120,117,115,108,"107","124","173","157","134",NA
"Seguridad Pública","México","Violencia familiar","www.gob.mx/sesnsp/documentos/historico-de-incidencia-delictiva-del-fuero-comun",2182,2292,2385,1894,2190,1948,2100,2166,2345,2371,2086,1952,"2017","2015","2376","2237","2672",NA
"Seguridad Pública","México","Narcomenudeo","www.gob.mx/sesnsp/documentos/historico-de-incidencia-delictiva-del-fuero-comun",273,312,313,351,315,282,231,317,328,314,303,264,"289","300","385","352","361",NA
"Seguridad Pública","Michoacán de Ocampo","Incidencia delictiva","www.gob.mx/sesnsp/documentos/historico-de-incidencia-delictiva-del-fuero-comun",3981,3806,4095,4090,4067,3967,3685,3954,4088,4356,3906,3942,"3915","4033","4495","5318","4933",NA
"Seguridad Pública","Michoacán de Ocampo","Homicidios","www.gob.mx/sesnsp/documentos/historico-de-incidencia-delictiva-del-fuero-comun",228,192,215,199,223,210,160,159,177,202,167,194,"187","192","210","201","214",NA
"Seguridad Pública","Michoacán de Ocampo","Lesiones","www.gob.mx/sesnsp/documentos/historico-de-incidencia-delictiva-del-fuero-comun",611,703,725,734,700,613,586,622,631,745,639,704,"604","668","730","792","847",NA
"Seguridad Pública","Michoacán de Ocampo","Feminicidios","www.gob.mx/sesnsp/documentos/historico-de-incidencia-delictiva-del-fuero-comun",3,2,1,2,2,5,1,2,1,1,1,3,"1","0","1","5","0",NA
"Seguridad Pública","Michoacán de Ocampo","Secuestro","www.gob.mx/sesnsp/documentos/historico-de-incidencia-delictiva-del-fuero-comun",3,7,3,3,3,4,3,4,3,3,3,3,"4","2","3","5","3",NA
"Seguridad Pública","Michoacán de Ocampo","Violacion","www.gob.mx/sesnsp/documentos/historico-de-incidencia-delictiva-del-fuero-comun",40,50,49,48,64,43,39,39,41,64,37,42,"40","50","52","55","56",NA
"Seguridad Pública","Michoacán de Ocampo","Robo a Casa Habitación","www.gob.mx/sesnsp/documentos/historico-de-incidencia-delictiva-del-fuero-comun",86,61,62,67,66,66,56,87,79,84,80,98,"75","70","65","109","99",NA
"Seguridad Pública","Michoacán de Ocampo","Robo de Vehículos","www.gob.mx/sesnsp/documentos/historico-de-incidencia-delictiva-del-fuero-comun",487,424,392,391,406,439,480,432,419,498,434,461,"454","469","462","434","457",NA
"Seguridad Pública","Michoacán de Ocampo","Robo a Negocio","www.gob.mx/sesnsp/documentos/historico-de-incidencia-delictiva-del-fuero-comun",71,51,62,36,52,75,69,79,55,67,55,60,"74","66","108","217","121",NA
"Seguridad Pública","Michoacán de Ocampo","Extorsión","www.gob.mx/sesnsp/documentos/historico-de-incidencia-delictiva-del-fuero-comun",19,28,24,25,12,22,29,16,34,29,24,25,"25","28","30","29","48",NA
"Seguridad Pública","Michoacán de Ocampo","Violencia familiar","www.gob.mx/sesnsp/documentos/historico-de-incidencia-delictiva-del-fuero-comun",139,134,152,136,152,139,118,141,168,166,133,142,"155","138","166","187","214",NA
"Seguridad Pública","Michoacán de Ocampo","Narcomenudeo","www.gob.mx/sesnsp/documentos/historico-de-incidencia-delictiva-del-fuero-comun",198,144,166,192,170,156,160,183,186,160,170,134,"188","176","176","151","157",NA
"Seguridad Pública","Morelos","Incidencia delictiva","www.gob.mx/sesnsp/documentos/historico-de-incidencia-delictiva-del-fuero-comun",3652,3647,3950,3881,4133,3607,3798,3669,3705,4050,3767,3592,"3807","3548","4228","4211","4467",NA
"Seguridad Pública","Morelos","Homicidios","www.gob.mx/sesnsp/documentos/historico-de-incidencia-delictiva-del-fuero-comun",148,116,117,118,104,92,122,114,99,120,124,111,"143","102","174","166","121",NA
"Seguridad Pública","Morelos","Lesiones","www.gob.mx/sesnsp/documentos/historico-de-incidencia-delictiva-del-fuero-comun",291,341,345,346,389,296,322,332,346,396,345,361,"353","369","428","372","413",NA
"Seguridad Pública","Morelos","Feminicidios","www.gob.mx/sesnsp/documentos/historico-de-incidencia-delictiva-del-fuero-comun",4,2,1,5,5,1,4,3,2,5,1,2,"3","1","4","5","1",NA
"Seguridad Pública","Morelos","Secuestro","www.gob.mx/sesnsp/documentos/historico-de-incidencia-delictiva-del-fuero-comun",2,2,0,1,2,2,3,2,3,3,0,0,"1","2","0","0","4",NA
"Seguridad Pública","Morelos","Violacion","www.gob.mx/sesnsp/documentos/historico-de-incidencia-delictiva-del-fuero-comun",30,40,47,52,49,40,42,38,28,33,34,36,"37","40","46","40","43",NA
"Seguridad Pública","Morelos","Robo a Casa Habitación","www.gob.mx/sesnsp/documentos/historico-de-incidencia-delictiva-del-fuero-comun",109,83,88,104,125,124,110,117,87,107,91,83,"86","91","101","80","101",NA
"Seguridad Pública","Morelos","Robo de Vehículos","www.gob.mx/sesnsp/documentos/historico-de-incidencia-delictiva-del-fuero-comun",431,387,417,375,373,300,327,334,301,342,369,342,"349","300","328","330","338",NA
"Seguridad Pública","Morelos","Robo a Negocio","www.gob.mx/sesnsp/documentos/historico-de-incidencia-delictiva-del-fuero-comun",147,133,92,106,105,80,117,113,121,78,72,126,"86","71","119","107","138",NA
"Seguridad Pública","Morelos","Extorsión","www.gob.mx/sesnsp/documentos/historico-de-incidencia-delictiva-del-fuero-comun",25,16,18,34,50,36,42,42,34,42,38,42,"42","45","69","82","69",NA
"Seguridad Pública","Morelos","Violencia familiar","www.gob.mx/sesnsp/documentos/historico-de-incidencia-delictiva-del-fuero-comun",407,475,488,496,532,450,505,442,487,551,491,483,"503","527","582","615","661",NA
"Seguridad Pública","Morelos","Narcomenudeo","www.gob.mx/sesnsp/documentos/historico-de-incidencia-delictiva-del-fuero-comun",85,79,81,73,92,94,84,103,89,98,84,96,"82","85","130","132","131",NA
"Seguridad Pública","Nayarit","Incidencia delictiva","www.gob.mx/sesnsp/documentos/historico-de-incidencia-delictiva-del-fuero-comun",904,893,900,915,905,763,853,1149,1149,1074,850,638,"920","860","727","866","706",NA
"Seguridad Pública","Nayarit","Homicidios","www.gob.mx/sesnsp/documentos/historico-de-incidencia-delictiva-del-fuero-comun",34,32,37,34,29,35,36,41,40,36,38,27,"12","18","9","18","11",NA
"Seguridad Pública","Nayarit","Lesiones","www.gob.mx/sesnsp/documentos/historico-de-incidencia-delictiva-del-fuero-comun",91,102,84,100,83,60,84,105,126,117,85,40,"103","125","100","109","63",NA
"Seguridad Pública","Nayarit","Feminicidios","www.gob.mx/sesnsp/documentos/historico-de-incidencia-delictiva-del-fuero-comun",1,0,6,0,0,0,0,0,0,3,0,0,"1","0","0","0","0",NA
"Seguridad Pública","Nayarit","Secuestro","www.gob.mx/sesnsp/documentos/historico-de-incidencia-delictiva-del-fuero-comun",0,0,0,0,0,1,1,1,2,1,1,0,"1","1","0","1","0",NA
"Seguridad Pública","Nayarit","Violacion","www.gob.mx/sesnsp/documentos/historico-de-incidencia-delictiva-del-fuero-comun",21,23,20,22,35,16,17,30,34,30,21,35,"22","13","10","15","14",NA
"Seguridad Pública","Nayarit","Robo a Casa Habitación","www.gob.mx/sesnsp/documentos/historico-de-incidencia-delictiva-del-fuero-comun",13,14,13,19,9,18,17,25,22,12,13,3,"6","11","15","14","6",NA
"Seguridad Pública","Nayarit","Robo de Vehículos","www.gob.mx/sesnsp/documentos/historico-de-incidencia-delictiva-del-fuero-comun",50,34,38,36,51,25,44,44,51,65,31,30,"36","24","49","34","41",NA
"Seguridad Pública","Nayarit","Robo a Negocio","www.gob.mx/sesnsp/documentos/historico-de-incidencia-delictiva-del-fuero-comun",18,23,13,24,18,18,16,27,31,18,14,13,"0","0","0","0","0",NA
"Seguridad Pública","Nayarit","Extorsión","www.gob.mx/sesnsp/documentos/historico-de-incidencia-delictiva-del-fuero-comun",2,0,1,0,6,2,2,4,11,9,2,8,"3","3","1","3","9",NA
"Seguridad Pública","Nayarit","Violencia familiar","www.gob.mx/sesnsp/documentos/historico-de-incidencia-delictiva-del-fuero-comun",123,176,145,171,144,131,136,220,266,232,190,124,"111","124","109","132","147",NA
"Seguridad Pública","Nayarit","Narcomenudeo","www.gob.mx/sesnsp/documentos/historico-de-incidencia-delictiva-del-fuero-comun",66,43,50,49,55,46,41,56,59,51,26,27,"83","32","35","58","54",NA
"Seguridad Pública","Nuevo León","Incidencia delictiva","www.gob.mx/sesnsp/documentos/historico-de-incidencia-delictiva-del-fuero-comun",5474,5831,6425,6394,6556,6798,6646,6664,7298,6781,6026,5622,"5135","4967","7050","6414","7404",NA
"Seguridad Pública","Nuevo León","Homicidios","www.gob.mx/sesnsp/documentos/historico-de-incidencia-delictiva-del-fuero-comun",136,111,137,139,104,103,86,97,103,73,80,70,"59","66","56","55","60",NA
"Seguridad Pública","Nuevo León","Lesiones","www.gob.mx/sesnsp/documentos/historico-de-incidencia-delictiva-del-fuero-comun",348,375,389,400,417,457,414,443,474,354,315,323,"321","209","431","397","423",NA
"Seguridad Pública","Nuevo León","Feminicidios","www.gob.mx/sesnsp/documentos/historico-de-incidencia-delictiva-del-fuero-comun",1,0,3,1,1,1,2,0,0,3,3,0,"3","0","1","2","1",NA
"Seguridad Pública","Nuevo León","Secuestro","www.gob.mx/sesnsp/documentos/historico-de-incidencia-delictiva-del-fuero-comun",3,1,1,3,1,0,1,1,1,1,2,1,"0","1","2","1","1",NA
"Seguridad Pública","Nuevo León","Violacion","www.gob.mx/sesnsp/documentos/historico-de-incidencia-delictiva-del-fuero-comun",89,70,119,97,137,142,132,124,142,134,106,92,"100","96","138","115","102",NA
"Seguridad Pública","Nuevo León","Robo a Casa Habitación","www.gob.mx/sesnsp/documentos/historico-de-incidencia-delictiva-del-fuero-comun",118,102,101,129,132,114,119,106,123,94,90,89,"80","72","82","79","78",NA
"Seguridad Pública","Nuevo León","Robo de Vehículos","www.gob.mx/sesnsp/documentos/historico-de-incidencia-delictiva-del-fuero-comun",146,140,152,154,105,97,67,74,72,55,43,42,"14","36","50","29","58",NA
"Seguridad Pública","Nuevo León","Robo a Negocio","www.gob.mx/sesnsp/documentos/historico-de-incidencia-delictiva-del-fuero-comun",83,88,94,97,86,83,88,89,98,81,88,78,"67","86","95","73","95",NA
"Seguridad Pública","Nuevo León","Extorsión","www.gob.mx/sesnsp/documentos/historico-de-incidencia-delictiva-del-fuero-comun",68,62,95,83,87,85,89,71,72,94,73,61,"33","70","106","117","124",NA
"Seguridad Pública","Nuevo León","Violencia familiar","www.gob.mx/sesnsp/documentos/historico-de-incidencia-delictiva-del-fuero-comun",1200,1356,1628,1651,1759,1805,1716,1634,1768,1861,1619,1474,"1630","1540","2474","1987","2449",NA
"Seguridad Pública","Nuevo León","Narcomenudeo","www.gob.mx/sesnsp/documentos/historico-de-incidencia-delictiva-del-fuero-comun",536,630,693,708,645,642,790,786,723,839,822,822,"790","852","795","927","957",NA
"Seguridad Pública","Oaxaca","Incidencia delictiva","www.gob.mx/sesnsp/documentos/historico-de-incidencia-delictiva-del-fuero-comun",2740,2662,2482,2439,2478,2431,2438,2375,2411,2404,2277,2176,"2188","2204","2261","2294","2283",NA
"Seguridad Pública","Oaxaca","Homicidios","www.gob.mx/sesnsp/documentos/historico-de-incidencia-delictiva-del-fuero-comun",170,141,193,185,172,132,159,106,96,85,88,91,"79","71","107","91","91",NA
"Seguridad Pública","Oaxaca","Lesiones","www.gob.mx/sesnsp/documentos/historico-de-incidencia-delictiva-del-fuero-comun",366,278,285,284,337,292,335,295,329,277,275,278,"295","263","302","304","322",NA
"Seguridad Pública","Oaxaca","Feminicidios","www.gob.mx/sesnsp/documentos/historico-de-incidencia-delictiva-del-fuero-comun",1,0,1,3,2,0,3,3,0,1,1,0,"1","1","2","1","2",NA
"Seguridad Pública","Oaxaca","Secuestro","www.gob.mx/sesnsp/documentos/historico-de-incidencia-delictiva-del-fuero-comun",2,2,0,1,2,0,1,1,4,3,4,2,"3","2","1","1","2",NA
"Seguridad Pública","Oaxaca","Violacion","www.gob.mx/sesnsp/documentos/historico-de-incidencia-delictiva-del-fuero-comun",47,40,60,71,74,45,68,51,47,54,56,52,"46","45","67","68","59",NA
"Seguridad Pública","Oaxaca","Robo a Casa Habitación","www.gob.mx/sesnsp/documentos/historico-de-incidencia-delictiva-del-fuero-comun",65,57,52,36,38,52,73,61,46,44,43,34,"37","24","46","37","37",NA
"Seguridad Pública","Oaxaca","Robo de Vehículos","www.gob.mx/sesnsp/documentos/historico-de-incidencia-delictiva-del-fuero-comun",188,173,152,188,185,171,187,161,164,194,199,204,"173","180","162","157","176",NA
"Seguridad Pública","Oaxaca","Robo a Negocio","www.gob.mx/sesnsp/documentos/historico-de-incidencia-delictiva-del-fuero-comun",78,74,71,79,64,62,44,82,61,79,63,51,"46","57","65","56","77",NA
"Seguridad Pública","Oaxaca","Extorsión","www.gob.mx/sesnsp/documentos/historico-de-incidencia-delictiva-del-fuero-comun",6,9,3,7,5,8,8,6,6,6,8,2,"5","4","6","6","3",NA
"Seguridad Pública","Oaxaca","Violencia familiar","www.gob.mx/sesnsp/documentos/historico-de-incidencia-delictiva-del-fuero-comun",354,327,341,340,373,300,303,318,316,285,285,235,"259","238","302","338","345",NA
"Seguridad Pública","Oaxaca","Narcomenudeo","www.gob.mx/sesnsp/documentos/historico-de-incidencia-delictiva-del-fuero-comun",48,70,66,68,59,65,50,73,56,58,61,48,"75","69","71","103","98",NA
"Seguridad Pública","Puebla","Incidencia delictiva","www.gob.mx/sesnsp/documentos/historico-de-incidencia-delictiva-del-fuero-comun",6741,6717,7429,6736,6900,6908,6918,6544,6675,7323,6671,6560,"6423","6068","7430","7101","6986",NA
"Seguridad Pública","Puebla","Homicidios","www.gob.mx/sesnsp/documentos/historico-de-incidencia-delictiva-del-fuero-comun",138,138,154,158,167,115,95,148,123,123,123,135,"121","102","116","118","119",NA
"Seguridad Pública","Puebla","Lesiones","www.gob.mx/sesnsp/documentos/historico-de-incidencia-delictiva-del-fuero-comun",468,523,680,554,516,472,444,419,405,518,435,440,"451","417","501","483","502",NA
"Seguridad Pública","Puebla","Feminicidios","www.gob.mx/sesnsp/documentos/historico-de-incidencia-delictiva-del-fuero-comun",5,1,2,1,5,1,0,2,2,3,2,1,"2","0","1","0","1",NA
"Seguridad Pública","Puebla","Secuestro","www.gob.mx/sesnsp/documentos/historico-de-incidencia-delictiva-del-fuero-comun",7,1,1,1,1,2,2,0,3,1,2,0,"2","2","1","0","0",NA
"Seguridad Pública","Puebla","Violacion","www.gob.mx/sesnsp/documentos/historico-de-incidencia-delictiva-del-fuero-comun",64,67,45,75,60,64,73,74,62,62,60,59,"62","48","86","56","58",NA
"Seguridad Pública","Puebla","Robo a Casa Habitación","www.gob.mx/sesnsp/documentos/historico-de-incidencia-delictiva-del-fuero-comun",192,158,155,145,172,145,152,162,175,176,171,161,"146","133","174","175","147",NA
"Seguridad Pública","Puebla","Robo de Vehículos","www.gob.mx/sesnsp/documentos/historico-de-incidencia-delictiva-del-fuero-comun",988,904,939,871,1006,927,852,872,832,876,848,813,"779","687","828","787","803",NA
"Seguridad Pública","Puebla","Robo a Negocio","www.gob.mx/sesnsp/documentos/historico-de-incidencia-delictiva-del-fuero-comun",320,248,274,271,325,326,305,251,284,292,269,318,"270","252","273","297","240",NA
"Seguridad Pública","Puebla","Extorsión","www.gob.mx/sesnsp/documentos/historico-de-incidencia-delictiva-del-fuero-comun",19,32,22,12,23,22,23,16,15,23,17,20,"8","23","18","18","15",NA
"Seguridad Pública","Puebla","Violencia familiar","www.gob.mx/sesnsp/documentos/historico-de-incidencia-delictiva-del-fuero-comun",824,899,947,830,886,782,908,911,942,881,877,864,"848","848","1005","976","1057",NA
"Seguridad Pública","Puebla","Narcomenudeo","www.gob.mx/sesnsp/documentos/historico-de-incidencia-delictiva-del-fuero-comun",112,135,121,110,110,132,128,142,146,173,130,120,"160","128","182","172","142",NA
"Seguridad Pública","Querétaro","Incidencia delictiva","www.gob.mx/sesnsp/documentos/historico-de-incidencia-delictiva-del-fuero-comun",4893,4396,4967,4594,4909,4561,4968,4703,4780,4800,4439,4635,"4613","4442","5138","4859","4991",NA
"Seguridad Pública","Querétaro","Homicidios","www.gob.mx/sesnsp/documentos/historico-de-incidencia-delictiva-del-fuero-comun",35,37,42,50,37,42,46,27,52,35,39,32,"43","42","57","43","59",NA
"Seguridad Pública","Querétaro","Lesiones","www.gob.mx/sesnsp/documentos/historico-de-incidencia-delictiva-del-fuero-comun",478,486,595,488,583,438,483,448,496,463,429,519,"423","402","532","462","541",NA
"Seguridad Pública","Querétaro","Feminicidios","www.gob.mx/sesnsp/documentos/historico-de-incidencia-delictiva-del-fuero-comun",3,2,1,0,3,0,0,1,0,1,2,1,"2","0","1","0","1",NA
"Seguridad Pública","Querétaro","Secuestro","www.gob.mx/sesnsp/documentos/historico-de-incidencia-delictiva-del-fuero-comun",0,0,0,0,0,0,0,0,0,0,0,0,"0","0","0","1","0",NA
"Seguridad Pública","Querétaro","Violacion","www.gob.mx/sesnsp/documentos/historico-de-incidencia-delictiva-del-fuero-comun",48,55,61,46,44,45,60,52,55,54,36,36,"32","69","75","45","65",NA
"Seguridad Pública","Querétaro","Robo a Casa Habitación","www.gob.mx/sesnsp/documentos/historico-de-incidencia-delictiva-del-fuero-comun",148,125,153,135,135,119,131,121,144,122,138,121,"126","91","90","126","93",NA
"Seguridad Pública","Querétaro","Robo de Vehículos","www.gob.mx/sesnsp/documentos/historico-de-incidencia-delictiva-del-fuero-comun",311,286,305,274,308,277,291,279,256,289,288,280,"276","208","282","237","232",NA
"Seguridad Pública","Querétaro","Robo a Negocio","www.gob.mx/sesnsp/documentos/historico-de-incidencia-delictiva-del-fuero-comun",213,189,237,207,203,228,228,233,275,262,195,204,"256","233","234","206","180",NA
"Seguridad Pública","Querétaro","Extorsión","www.gob.mx/sesnsp/documentos/historico-de-incidencia-delictiva-del-fuero-comun",27,26,24,26,24,19,29,16,13,22,22,20,"23","18","42","53","44",NA
"Seguridad Pública","Querétaro","Violencia familiar","www.gob.mx/sesnsp/documentos/historico-de-incidencia-delictiva-del-fuero-comun",380,355,457,419,472,409,403,421,407,383,370,362,"334","354","436","429","487",NA
"Seguridad Pública","Querétaro","Narcomenudeo","www.gob.mx/sesnsp/documentos/historico-de-incidencia-delictiva-del-fuero-comun",248,190,168,206,220,206,210,213,199,173,191,191,"217","214","215","189","211",NA
"Seguridad Pública","Quintana Roo","Incidencia delictiva","www.gob.mx/sesnsp/documentos/historico-de-incidencia-delictiva-del-fuero-comun",4177,4340,4521,4522,4882,4682,4966,5047,4571,5136,4447,4551,"4728","4357","5319","4974","4973",NA
"Seguridad Pública","Quintana Roo","Homicidios","www.gob.mx/sesnsp/documentos/historico-de-incidencia-delictiva-del-fuero-comun",94,91,108,104,112,98,120,108,115,95,113,106,"94","94","104","97","107",NA
"Seguridad Pública","Quintana Roo","Lesiones","www.gob.mx/sesnsp/documentos/historico-de-incidencia-delictiva-del-fuero-comun",377,402,430,370,480,472,475,478,405,420,378,394,"393","379","430","427","500",NA
"Seguridad Pública","Quintana Roo","Feminicidios","www.gob.mx/sesnsp/documentos/historico-de-incidencia-delictiva-del-fuero-comun",0,3,2,1,1,2,4,0,1,0,1,0,"0","1","1","2","4",NA
"Seguridad Pública","Quintana Roo","Secuestro","www.gob.mx/sesnsp/documentos/historico-de-incidencia-delictiva-del-fuero-comun",0,0,0,0,0,0,0,0,0,0,0,0,"0","0","0","0","0",NA
"Seguridad Pública","Quintana Roo","Violacion","www.gob.mx/sesnsp/documentos/historico-de-incidencia-delictiva-del-fuero-comun",61,55,67,51,53,67,54,61,64,70,53,61,"0","0","63","58","77",NA
"Seguridad Pública","Quintana Roo","Robo a Casa Habitación","www.gob.mx/sesnsp/documentos/historico-de-incidencia-delictiva-del-fuero-comun",82,107,105,97,95,104,97,91,90,96,97,100,"86","63","76","79","88",NA
"Seguridad Pública","Quintana Roo","Robo de Vehículos","www.gob.mx/sesnsp/documentos/historico-de-incidencia-delictiva-del-fuero-comun",254,200,221,211,232,215,264,234,206,252,194,200,"231","168","193","168","148",NA
"Seguridad Pública","Quintana Roo","Robo a Negocio","www.gob.mx/sesnsp/documentos/historico-de-incidencia-delictiva-del-fuero-comun",220,181,164,148,141,111,135,138,130,136,119,110,"103","120","129","123","126",NA
"Seguridad Pública","Quintana Roo","Extorsión","www.gob.mx/sesnsp/documentos/historico-de-incidencia-delictiva-del-fuero-comun",10,17,20,19,20,21,20,18,17,20,8,17,"16","10","21","15","10",NA
"Seguridad Pública","Quintana Roo","Violencia familiar","www.gob.mx/sesnsp/documentos/historico-de-incidencia-delictiva-del-fuero-comun",571,572,613,612,663,651,671,703,597,615,563,573,"578","536","685","642","647",NA
"Seguridad Pública","Quintana Roo","Narcomenudeo","www.gob.mx/sesnsp/documentos/historico-de-incidencia-delictiva-del-fuero-comun",210,175,186,211,242,210,226,296,244,288,219,210,"272","261","332","273","242",NA
"Seguridad Pública","San Luis Potosí","Incidencia delictiva","www.gob.mx/sesnsp/documentos/historico-de-incidencia-delictiva-del-fuero-comun",5085,4925,5253,5227,5341,5047,4861,4791,4840,4902,5014,4772,"4687","4553","4861","5004","4875",NA
"Seguridad Pública","San Luis Potosí","Homicidios","www.gob.mx/sesnsp/documentos/historico-de-incidencia-delictiva-del-fuero-comun",51,50,53,42,43,48,38,39,30,34,39,32,"36","32","44","42","36",NA
"Seguridad Pública","San Luis Potosí","Lesiones","www.gob.mx/sesnsp/documentos/historico-de-incidencia-delictiva-del-fuero-comun",344,394,471,432,449,388,389,391,411,390,386,405,"355","387","428","411","445",NA
"Seguridad Pública","San Luis Potosí","Feminicidios","www.gob.mx/sesnsp/documentos/historico-de-incidencia-delictiva-del-fuero-comun",1,1,0,0,0,0,1,1,1,0,0,1,"1","2","0","0","0",NA
"Seguridad Pública","San Luis Potosí","Secuestro","www.gob.mx/sesnsp/documentos/historico-de-incidencia-delictiva-del-fuero-comun",0,1,0,0,1,0,0,1,0,0,1,1,"1","0","0","0","0",NA
"Seguridad Pública","San Luis Potosí","Violacion","www.gob.mx/sesnsp/documentos/historico-de-incidencia-delictiva-del-fuero-comun",53,41,67,63,60,48,46,38,50,55,58,32,"40","41","35","37","43",NA
"Seguridad Pública","San Luis Potosí","Robo a Casa Habitación","www.gob.mx/sesnsp/documentos/historico-de-incidencia-delictiva-del-fuero-comun",47,55,50,55,39,41,72,55,55,63,65,56,"38","32","42","54","49",NA
"Seguridad Pública","San Luis Potosí","Robo de Vehículos","www.gob.mx/sesnsp/documentos/historico-de-incidencia-delictiva-del-fuero-comun",163,161,211,150,152,149,174,143,182,169,162,171,"128","133","178","137","121",NA
"Seguridad Pública","San Luis Potosí","Robo a Negocio","www.gob.mx/sesnsp/documentos/historico-de-incidencia-delictiva-del-fuero-comun",106,101,73,88,93,67,64,54,56,61,57,59,"45","55","57","74","62",NA
"Seguridad Pública","San Luis Potosí","Extorsión","www.gob.mx/sesnsp/documentos/historico-de-incidencia-delictiva-del-fuero-comun",11,13,9,6,12,15,19,22,22,12,16,19,"11","14","12","15","13",NA
"Seguridad Pública","San Luis Potosí","Violencia familiar","www.gob.mx/sesnsp/documentos/historico-de-incidencia-delictiva-del-fuero-comun",740,832,899,885,960,861,788,802,821,850,790,736,"706","757","836","855","942",NA
"Seguridad Pública","San Luis Potosí","Narcomenudeo","www.gob.mx/sesnsp/documentos/historico-de-incidencia-delictiva-del-fuero-comun",989,883,948,1049,1073,925,1110,1206,1077,1126,990,953,"1077","894","967","1016","972",NA
"Seguridad Pública","Sinaloa","Incidencia delictiva","www.gob.mx/sesnsp/documentos/historico-de-incidencia-delictiva-del-fuero-comun",3171,3096,3346,3258,3602,3450,3104,3143,3387,3529,2904,3010,"2976","3137","3604","3336","3337",NA
"Seguridad Pública","Sinaloa","Homicidios","www.gob.mx/sesnsp/documentos/historico-de-incidencia-delictiva-del-fuero-comun",151,151,156,150,188,200,181,141,149,152,145,170,"127","129","102","137","135",NA
"Seguridad Pública","Sinaloa","Lesiones","www.gob.mx/sesnsp/documentos/historico-de-incidencia-delictiva-del-fuero-comun",343,324,379,370,403,421,353,395,427,444,433,390,"359","389","537","466","436",NA
"Seguridad Pública","Sinaloa","Feminicidios","www.gob.mx/sesnsp/documentos/historico-de-incidencia-delictiva-del-fuero-comun",0,5,2,6,2,5,4,1,14,9,14,6,"7","5","2","9","6",NA
"Seguridad Pública","Sinaloa","Secuestro","www.gob.mx/sesnsp/documentos/historico-de-incidencia-delictiva-del-fuero-comun",0,1,1,0,0,1,0,3,1,3,1,0,"1","2","2","1","0",NA
"Seguridad Pública","Sinaloa","Violacion","www.gob.mx/sesnsp/documentos/historico-de-incidencia-delictiva-del-fuero-comun",18,32,35,23,33,32,44,26,34,35,31,26,"28","33","40","39","42",NA
"Seguridad Pública","Sinaloa","Robo a Casa Habitación","www.gob.mx/sesnsp/documentos/historico-de-incidencia-delictiva-del-fuero-comun",39,47,41,44,43,40,22,43,42,39,27,15,"28","42","44","35","29",NA
"Seguridad Pública","Sinaloa","Robo de Vehículos","www.gob.mx/sesnsp/documentos/historico-de-incidencia-delictiva-del-fuero-comun",604,532,565,569,640,546,504,396,533,520,437,493,"474","381","401","375","374",NA
"Seguridad Pública","Sinaloa","Robo a Negocio","www.gob.mx/sesnsp/documentos/historico-de-incidencia-delictiva-del-fuero-comun",216,283,221,226,207,254,172,185,121,123,95,143,"145","124","164","123","115",NA
"Seguridad Pública","Sinaloa","Extorsión","www.gob.mx/sesnsp/documentos/historico-de-incidencia-delictiva-del-fuero-comun",9,5,9,6,15,12,4,5,9,14,9,7,"6","10","6","19","18",NA
"Seguridad Pública","Sinaloa","Violencia familiar","www.gob.mx/sesnsp/documentos/historico-de-incidencia-delictiva-del-fuero-comun",518,500,589,586,644,573,606,567,620,570,493,527,"521","541","657","667","684",NA
"Seguridad Pública","Sinaloa","Narcomenudeo","www.gob.mx/sesnsp/documentos/historico-de-incidencia-delictiva-del-fuero-comun",31,23,26,26,40,32,27,39,34,36,29,32,"33","34","32","43","55",NA
"Seguridad Pública","Sonora","Incidencia delictiva","www.gob.mx/sesnsp/documentos/historico-de-incidencia-delictiva-del-fuero-comun",2538,2847,2737,2874,2687,2845,2847,2921,3261,2928,2502,2089,"2089","2459","3143","2717","2559",NA
"Seguridad Pública","Sonora","Homicidios","www.gob.mx/sesnsp/documentos/historico-de-incidencia-delictiva-del-fuero-comun",120,102,123,82,100,111,89,104,76,93,98,101,"120","102","111","93","89",NA
"Seguridad Pública","Sonora","Lesiones","www.gob.mx/sesnsp/documentos/historico-de-incidencia-delictiva-del-fuero-comun",118,188,172,196,156,174,156,159,245,230,181,132,"125","183","250","232","204",NA
"Seguridad Pública","Sonora","Feminicidios","www.gob.mx/sesnsp/documentos/historico-de-incidencia-delictiva-del-fuero-comun",3,1,0,2,0,3,2,2,2,5,4,0,"2","4","4","0","2",NA
"Seguridad Pública","Sonora","Secuestro","www.gob.mx/sesnsp/documentos/historico-de-incidencia-delictiva-del-fuero-comun",4,5,2,3,3,1,4,4,1,3,1,5,"3","1","0","2","0",NA
"Seguridad Pública","Sonora","Violacion","www.gob.mx/sesnsp/documentos/historico-de-incidencia-delictiva-del-fuero-comun",14,12,14,16,9,21,16,18,10,17,14,14,"19","15","11","15","10",NA
"Seguridad Pública","Sonora","Robo a Casa Habitación","www.gob.mx/sesnsp/documentos/historico-de-incidencia-delictiva-del-fuero-comun",22,29,33,35,22,16,29,21,39,26,19,33,"15","19","27","19","25",NA
"Seguridad Pública","Sonora","Robo de Vehículos","www.gob.mx/sesnsp/documentos/historico-de-incidencia-delictiva-del-fuero-comun",190,233,173,218,210,185,203,204,219,187,200,154,"157","186","195","212","183",NA
"Seguridad Pública","Sonora","Robo a Negocio","www.gob.mx/sesnsp/documentos/historico-de-incidencia-delictiva-del-fuero-comun",55,42,52,54,42,37,49,33,44,28,20,42,"30","24","25","34","27",NA
"Seguridad Pública","Sonora","Extorsión","www.gob.mx/sesnsp/documentos/historico-de-incidencia-delictiva-del-fuero-comun",3,6,4,6,7,2,6,7,6,8,5,3,"6","3","0","0","2",NA
"Seguridad Pública","Sonora","Violencia familiar","www.gob.mx/sesnsp/documentos/historico-de-incidencia-delictiva-del-fuero-comun",413,436,439,472,415,488,471,432,511,516,484,371,"382","398","522","512","481",NA
"Seguridad Pública","Sonora","Narcomenudeo","www.gob.mx/sesnsp/documentos/historico-de-incidencia-delictiva-del-fuero-comun",455,447,411,347,365,522,528,482,530,435,419,292,"392","514","739","526","545",NA
"Seguridad Pública","Tabasco","Incidencia delictiva","www.gob.mx/sesnsp/documentos/historico-de-incidencia-delictiva-del-fuero-comun",3452,3558,4217,3835,3813,3887,4123,3851,3794,3813,3675,3636,"3415","3504","4109","4094","4069",NA
"Seguridad Pública","Tabasco","Homicidios","www.gob.mx/sesnsp/documentos/historico-de-incidencia-delictiva-del-fuero-comun",103,100,101,80,93,80,83,73,74,92,90,74,"77","75","95","94","113",NA
"Seguridad Pública","Tabasco","Lesiones","www.gob.mx/sesnsp/documentos/historico-de-incidencia-delictiva-del-fuero-comun",347,386,484,404,392,393,452,351,407,380,373,391,"313","358","451","431","482",NA
"Seguridad Pública","Tabasco","Feminicidios","www.gob.mx/sesnsp/documentos/historico-de-incidencia-delictiva-del-fuero-comun",3,0,2,2,3,5,4,0,2,1,2,1,"0","1","1","2","2",NA
"Seguridad Pública","Tabasco","Secuestro","www.gob.mx/sesnsp/documentos/historico-de-incidencia-delictiva-del-fuero-comun",3,2,6,1,3,5,5,3,2,2,3,2,"1","4","1","1","1",NA
"Seguridad Pública","Tabasco","Violacion","www.gob.mx/sesnsp/documentos/historico-de-incidencia-delictiva-del-fuero-comun",16,20,38,21,15,18,24,12,20,12,21,15,"15","16","19","26","19",NA
"Seguridad Pública","Tabasco","Robo a Casa Habitación","www.gob.mx/sesnsp/documentos/historico-de-incidencia-delictiva-del-fuero-comun",60,20,54,50,52,77,60,60,62,66,51,45,"76","35","36","32","24",NA
"Seguridad Pública","Tabasco","Robo de Vehículos","www.gob.mx/sesnsp/documentos/historico-de-incidencia-delictiva-del-fuero-comun",234,167,121,174,177,181,224,236,215,216,193,201,"165","145","157","167","146",NA
"Seguridad Pública","Tabasco","Robo a Negocio","www.gob.mx/sesnsp/documentos/historico-de-incidencia-delictiva-del-fuero-comun",142,211,180,189,158,154,158,150,132,142,165,136,"159","109","144","115","104",NA
"Seguridad Pública","Tabasco","Extorsión","www.gob.mx/sesnsp/documentos/historico-de-incidencia-delictiva-del-fuero-comun",9,10,10,18,21,14,16,17,17,22,21,22,"15","11","20","31","27",NA
"Seguridad Pública","Tabasco","Violencia familiar","www.gob.mx/sesnsp/documentos/historico-de-incidencia-delictiva-del-fuero-comun",508,485,626,605,640,650,675,642,596,566,482,485,"459","473","628","620","710",NA
"Seguridad Pública","Tabasco","Narcomenudeo","www.gob.mx/sesnsp/documentos/historico-de-incidencia-delictiva-del-fuero-comun",79,68,99,76,78,95,65,85,94,92,81,80,"108","75","82","114","62",NA
"Seguridad Pública","Tamaulipas","Incidencia delictiva","www.gob.mx/sesnsp/documentos/historico-de-incidencia-delictiva-del-fuero-comun",2814,3063,3659,3532,3693,3443,3448,3252,3588,3603,3112,2705,"2926","3119","3694","3357","3444",NA
"Seguridad Pública","Tamaulipas","Homicidios","www.gob.mx/sesnsp/documentos/historico-de-incidencia-delictiva-del-fuero-comun",84,64,75,75,68,73,77,63,96,77,65,71,"60","62","86","74","76",NA
"Seguridad Pública","Tamaulipas","Lesiones","www.gob.mx/sesnsp/documentos/historico-de-incidencia-delictiva-del-fuero-comun",229,249,332,305,348,318,318,343,400,407,369,251,"262","319","394","311","361",NA
"Seguridad Pública","Tamaulipas","Feminicidios","www.gob.mx/sesnsp/documentos/historico-de-incidencia-delictiva-del-fuero-comun",3,2,2,2,3,4,2,0,2,2,2,5,"4","1","1","4","3",NA
"Seguridad Pública","Tamaulipas","Secuestro","www.gob.mx/sesnsp/documentos/historico-de-incidencia-delictiva-del-fuero-comun",2,0,3,0,1,0,0,0,1,1,0,0,"0","0","3","2","0",NA
"Seguridad Pública","Tamaulipas","Violacion","www.gob.mx/sesnsp/documentos/historico-de-incidencia-delictiva-del-fuero-comun",31,39,57,38,53,40,40,53,43,56,38,25,"39","25","55","51","45",NA
"Seguridad Pública","Tamaulipas","Robo a Casa Habitación","www.gob.mx/sesnsp/documentos/historico-de-incidencia-delictiva-del-fuero-comun",84,73,79,101,86,87,96,76,89,85,64,54,"54","65","81","82","70",NA
"Seguridad Pública","Tamaulipas","Robo de Vehículos","www.gob.mx/sesnsp/documentos/historico-de-incidencia-delictiva-del-fuero-comun",169,159,133,142,165,148,153,163,156,148,136,145,"140","146","152","129","125",NA
"Seguridad Pública","Tamaulipas","Robo a Negocio","www.gob.mx/sesnsp/documentos/historico-de-incidencia-delictiva-del-fuero-comun",120,119,88,91,114,88,114,109,87,98,107,77,"85","102","145","147","128",NA
"Seguridad Pública","Tamaulipas","Extorsión","www.gob.mx/sesnsp/documentos/historico-de-incidencia-delictiva-del-fuero-comun",9,14,14,14,16,11,5,5,16,4,2,5,"3","4","7","3","8",NA
"Seguridad Pública","Tamaulipas","Violencia familiar","www.gob.mx/sesnsp/documentos/historico-de-incidencia-delictiva-del-fuero-comun",466,588,843,763,815,764,726,625,670,713,544,481,"495","558","730","667","656",NA
"Seguridad Pública","Tamaulipas","Narcomenudeo","www.gob.mx/sesnsp/documentos/historico-de-incidencia-delictiva-del-fuero-comun",30,49,39,55,51,54,47,48,49,48,44,18,"40","47","37","33","55",NA
"Seguridad Pública","Tlaxcala","Incidencia delictiva","www.gob.mx/sesnsp/documentos/historico-de-incidencia-delictiva-del-fuero-comun",255,239,224,196,219,202,210,208,220,203,165,152,"129","155","157","160","155",NA
"Seguridad Pública","Tlaxcala","Homicidios","www.gob.mx/sesnsp/documentos/historico-de-incidencia-delictiva-del-fuero-comun",10,12,11,10,12,9,15,3,11,9,6,13,"4","17","16","10","12",NA
"Seguridad Pública","Tlaxcala","Lesiones","www.gob.mx/sesnsp/documentos/historico-de-incidencia-delictiva-del-fuero-comun",12,19,14,12,9,7,13,14,14,13,10,11,"13","8","13","14","16",NA
"Seguridad Pública","Tlaxcala","Feminicidios","www.gob.mx/sesnsp/documentos/historico-de-incidencia-delictiva-del-fuero-comun",1,0,1,0,1,0,1,2,0,1,0,0,"0","0","1","1","0",NA
"Seguridad Pública","Tlaxcala","Secuestro","www.gob.mx/sesnsp/documentos/historico-de-incidencia-delictiva-del-fuero-comun",1,1,1,0,2,1,2,0,2,0,0,1,"0","1","0","3","0",NA
"Seguridad Pública","Tlaxcala","Violacion","www.gob.mx/sesnsp/documentos/historico-de-incidencia-delictiva-del-fuero-comun",3,2,2,1,1,1,1,1,3,2,1,0,"2","0","3","3","0",NA
"Seguridad Pública","Tlaxcala","Robo a Casa Habitación","www.gob.mx/sesnsp/documentos/historico-de-incidencia-delictiva-del-fuero-comun",26,26,16,25,25,23,17,15,19,22,11,20,"14","23","18","19","14",NA
"Seguridad Pública","Tlaxcala","Robo de Vehículos","www.gob.mx/sesnsp/documentos/historico-de-incidencia-delictiva-del-fuero-comun",111,70,101,78,69,65,69,64,62,57,37,23,"29","20","24","20","29",NA
"Seguridad Pública","Tlaxcala","Robo a Negocio","www.gob.mx/sesnsp/documentos/historico-de-incidencia-delictiva-del-fuero-comun",9,10,8,6,19,14,22,23,28,11,18,19,"12","14","14","13","13",NA
"Seguridad Pública","Tlaxcala","Extorsión","www.gob.mx/sesnsp/documentos/historico-de-incidencia-delictiva-del-fuero-comun",1,0,0,3,2,0,2,2,2,0,0,0,"0","0","0","0","0",NA
"Seguridad Pública","Tlaxcala","Violencia familiar","www.gob.mx/sesnsp/documentos/historico-de-incidencia-delictiva-del-fuero-comun",4,10,4,6,4,3,3,3,2,2,4,4,"1","6","1","3","1",NA
"Seguridad Pública","Tlaxcala","Narcomenudeo","www.gob.mx/sesnsp/documentos/historico-de-incidencia-delictiva-del-fuero-comun",6,10,11,6,13,14,8,12,11,11,9,6,"13","13","23","12","25",NA
"Seguridad Pública","Veracruz de Ignacio de la Llave","Incidencia delictiva","www.gob.mx/sesnsp/documentos/historico-de-incidencia-delictiva-del-fuero-comun",5580,6122,6616,6423,6948,6336,6457,6220,6573,6406,6128,5963,"6204","6108","7562","7527","7277",NA
"Seguridad Pública","Veracruz de Ignacio de la Llave","Homicidios","www.gob.mx/sesnsp/documentos/historico-de-incidencia-delictiva-del-fuero-comun",136,142,166,131,163,151,169,171,178,136,148,184,"163","186","166","170","169",NA
"Seguridad Pública","Veracruz de Ignacio de la Llave","Lesiones","www.gob.mx/sesnsp/documentos/historico-de-incidencia-delictiva-del-fuero-comun",565,672,822,723,837,747,750,703,743,690,723,727,"643","639","810","786","886",NA
"Seguridad Pública","Veracruz de Ignacio de la Llave","Feminicidios","www.gob.mx/sesnsp/documentos/historico-de-incidencia-delictiva-del-fuero-comun",1,1,2,3,2,5,4,4,4,7,7,3,"3","5","0","1","1",NA
"Seguridad Pública","Veracruz de Ignacio de la Llave","Secuestro","www.gob.mx/sesnsp/documentos/historico-de-incidencia-delictiva-del-fuero-comun",2,3,5,3,3,1,2,2,2,1,6,2,"3","3","4","4","1",NA
"Seguridad Pública","Veracruz de Ignacio de la Llave","Violacion","www.gob.mx/sesnsp/documentos/historico-de-incidencia-delictiva-del-fuero-comun",30,35,39,43,33,46,37,31,36,41,31,31,"41","32","59","53","43",NA
"Seguridad Pública","Veracruz de Ignacio de la Llave","Robo a Casa Habitación","www.gob.mx/sesnsp/documentos/historico-de-incidencia-delictiva-del-fuero-comun",150,163,114,130,136,127,153,143,168,186,140,162,"147","131","139","131","142",NA
"Seguridad Pública","Veracruz de Ignacio de la Llave","Robo de Vehículos","www.gob.mx/sesnsp/documentos/historico-de-incidencia-delictiva-del-fuero-comun",344,295,346,320,377,366,435,371,424,424,439,464,"473","430","456","400","383",NA
"Seguridad Pública","Veracruz de Ignacio de la Llave","Robo a Negocio","www.gob.mx/sesnsp/documentos/historico-de-incidencia-delictiva-del-fuero-comun",321,389,345,385,340,377,302,325,340,403,341,336,"383","285","416","326","359",NA
"Seguridad Pública","Veracruz de Ignacio de la Llave","Extorsión","www.gob.mx/sesnsp/documentos/historico-de-incidencia-delictiva-del-fuero-comun",56,56,88,82,82,90,75,47,45,41,39,29,"29","31","32","44","29",NA
"Seguridad Pública","Veracruz de Ignacio de la Llave","Violencia familiar","www.gob.mx/sesnsp/documentos/historico-de-incidencia-delictiva-del-fuero-comun",772,834,993,1006,1107,888,876,868,859,834,819,763,"787","739","1034","1050","1033",NA
"Seguridad Pública","Veracruz de Ignacio de la Llave","Narcomenudeo","www.gob.mx/sesnsp/documentos/historico-de-incidencia-delictiva-del-fuero-comun",183,251,248,219,209,163,227,163,210,245,217,252,"346","380","511","541","554",NA
"Seguridad Pública","Yucatán","Incidencia delictiva","www.gob.mx/sesnsp/documentos/historico-de-incidencia-delictiva-del-fuero-comun",375,384,390,399,406,433,451,482,496,495,510,536,"562","579","591","614","632",NA
"Seguridad Pública","Yucatán","Homicidios","www.gob.mx/sesnsp/documentos/historico-de-incidencia-delictiva-del-fuero-comun",10,7,28,8,13,11,12,22,27,18,34,19,"15","22","15","12","22",NA
"Seguridad Pública","Yucatán","Lesiones","www.gob.mx/sesnsp/documentos/historico-de-incidencia-delictiva-del-fuero-comun",23,20,16,14,15,24,32,43,28,46,34,28,"57","60","68","30","61",NA
"Seguridad Pública","Yucatán","Feminicidios","www.gob.mx/sesnsp/documentos/historico-de-incidencia-delictiva-del-fuero-comun",0,0,2,1,0,1,0,1,1,0,0,4,"0","0","1","0","2",NA
"Seguridad Pública","Yucatán","Secuestro","www.gob.mx/sesnsp/documentos/historico-de-incidencia-delictiva-del-fuero-comun",0,0,0,0,0,0,0,0,0,0,0,0,"0","0","0","0","0",NA
"Seguridad Pública","Yucatán","Violacion","www.gob.mx/sesnsp/documentos/historico-de-incidencia-delictiva-del-fuero-comun",6,5,6,4,2,6,7,6,1,3,0,0,"6","1","4","2","5",NA
"Seguridad Pública","Yucatán","Robo a Casa Habitación","www.gob.mx/sesnsp/documentos/historico-de-incidencia-delictiva-del-fuero-comun",7,7,13,16,20,10,11,15,14,10,12,24,"25","24","26","20","9",NA
"Seguridad Pública","Yucatán","Robo de Vehículos","www.gob.mx/sesnsp/documentos/historico-de-incidencia-delictiva-del-fuero-comun",16,4,3,6,1,3,5,7,11,9,2,6,"5","6","11","6","9",NA
"Seguridad Pública","Yucatán","Robo a Negocio","www.gob.mx/sesnsp/documentos/historico-de-incidencia-delictiva-del-fuero-comun",9,11,7,13,19,10,19,15,11,15,12,23,"15","20","22","21","14",NA
"Seguridad Pública","Yucatán","Extorsión","www.gob.mx/sesnsp/documentos/historico-de-incidencia-delictiva-del-fuero-comun",1,0,0,0,0,0,1,0,0,0,0,0,"1","0","2","1","0",NA
"Seguridad Pública","Yucatán","Violencia familiar","www.gob.mx/sesnsp/documentos/historico-de-incidencia-delictiva-del-fuero-comun",26,32,19,22,28,28,22,24,27,23,19,18,"25","18","22","32","17",NA
"Seguridad Pública","Yucatán","Narcomenudeo","www.gob.mx/sesnsp/documentos/historico-de-incidencia-delictiva-del-fuero-comun",53,30,21,20,39,20,9,51,7,21,20,9,"11","43","23","20","18",NA
"Seguridad Pública","Zacatecas","Incidencia delictiva","www.gob.mx/sesnsp/documentos/historico-de-incidencia-delictiva-del-fuero-comun",2059,1850,2065,1960,2117,1968,1930,1957,2029,2090,1770,1713,"1704","1822","2115","1946","2081",NA
"Seguridad Pública","Zacatecas","Homicidios","www.gob.mx/sesnsp/documentos/historico-de-incidencia-delictiva-del-fuero-comun",50,37,57,47,48,45,37,37,25,45,39,50,"36","47","43","54","60",NA
"Seguridad Pública","Zacatecas","Lesiones","www.gob.mx/sesnsp/documentos/historico-de-incidencia-delictiva-del-fuero-comun",230,187,242,225,270,211,238,253,232,214,183,209,"167","177","217","223","252",NA
"Seguridad Pública","Zacatecas","Feminicidios","www.gob.mx/sesnsp/documentos/historico-de-incidencia-delictiva-del-fuero-comun",0,0,0,0,1,0,3,1,0,0,1,1,"0","3","0","0","1",NA
"Seguridad Pública","Zacatecas","Secuestro","www.gob.mx/sesnsp/documentos/historico-de-incidencia-delictiva-del-fuero-comun",0,1,0,0,1,0,0,0,0,0,0,0,"0","0","0","0","0",NA
"Seguridad Pública","Zacatecas","Violacion","www.gob.mx/sesnsp/documentos/historico-de-incidencia-delictiva-del-fuero-comun",16,24,17,27,29,27,31,19,27,27,12,14,"19","21","33","29","34",NA
"Seguridad Pública","Zacatecas","Robo a Casa Habitación","www.gob.mx/sesnsp/documentos/historico-de-incidencia-delictiva-del-fuero-comun",25,27,29,40,36,32,26,43,33,31,30,37,"33","37","26","29","25",NA
"Seguridad Pública","Zacatecas","Robo de Vehículos","www.gob.mx/sesnsp/documentos/historico-de-incidencia-delictiva-del-fuero-comun",125,72,80,88,96,96,106,63,98,119,69,86,"70","100","83","105","104",NA
"Seguridad Pública","Zacatecas","Robo a Negocio","www.gob.mx/sesnsp/documentos/historico-de-incidencia-delictiva-del-fuero-comun",18,12,14,23,31,20,23,11,23,20,21,15,"11","16","23","20","14",NA
"Seguridad Pública","Zacatecas","Extorsión","www.gob.mx/sesnsp/documentos/historico-de-incidencia-delictiva-del-fuero-comun",5,6,12,1,8,3,7,3,6,3,4,3,"16","40","48","22","37",NA
"Seguridad Pública","Zacatecas","Violencia familiar","www.gob.mx/sesnsp/documentos/historico-de-incidencia-delictiva-del-fuero-comun",221,255,275,284,342,301,279,324,335,294,274,264,"264","260","299","323","369",NA
"Seguridad Pública","Zacatecas","Narcomenudeo","www.gob.mx/sesnsp/documentos/historico-de-incidencia-delictiva-del-fuero-comun",63,47,51,38,34,44,34,56,42,63,54,23,"49","72","48","54","31",NA
"Económico","Aguascalientes","Indicador Mensual de la Actividad Industrial por Entidad Federativa IMAIEF","https://www.inegi.org.mx/programas/aief/2018/#tabulados",93.410635334557,93.331734497992,96.450440852199,95.884652259259,100.611726112797,94.887197371504,91.255014146384,99.523011362122,95.308886596961,97.492569472155,88.465987970274,77.926371150007,"87.775895235974","87.792070231799","92.381457905894",NA,NA,NA
"Económico","Baja California","Indicador Mensual de la Actividad Industrial por Entidad Federativa IMAIEF","https://www.inegi.org.mx/programas/aief/2018/#tabulados",109.012597491999,107.371323593671,112.633537576433,111.573070575312,114.058917655458,112.674320409009,108.637041639912,107.772840569577,110.05469353273,113.876754174041,106.932252164077,96.822955704128,"100.119660746172","101.207442746801","106.86306439134",NA,NA,NA
"Económico","Baja California Sur","Indicador Mensual de la Actividad Industrial por Entidad Federativa IMAIEF","https://www.inegi.org.mx/programas/aief/2018/#tabulados",57.035668963218,65.053225800272,77.376574319702,72.057222971779,77.910970672657,76.446486028921,81.830512442045,84.84717760157,72.178499739451,67.429815093267,69.592082626992,65.650053322585,"55.648980501882","65.603979454385","71.184313459524",NA,NA,NA
"Económico","Campeche","Indicador Mensual de la Actividad Industrial por Entidad Federativa IMAIEF","https://www.inegi.org.mx/programas/aief/2018/#tabulados",72.566904058214,64.473175079146,69.360131892928,69.62052010794,70.336568681818,63.652569211866,63.520973367477,62.462845228097,59.936717654794,63.170662922604,62.080688418834,67.389764839643,"65.494936241862","59.960455285659","67.180359231375",NA,NA,NA
"Económico","Coahuila de Zaragoza","Indicador Mensual de la Actividad Industrial por Entidad Federativa IMAIEF","https://www.inegi.org.mx/programas/aief/2018/#tabulados",79.93726394209,84.328723745074,91.373442807157,85.224855643959,89.417986345476,90.569023939872,90.16839429673,86.238320497733,81.758208001011,87.068452517964,81.837697197977,77.897655439135,"71.552274689984","77.590414156157","83.543005330801",NA,NA,NA
"Económico","Colima","Indicador Mensual de la Actividad Industrial por Entidad Federativa IMAIEF","https://www.inegi.org.mx/programas/aief/2018/#tabulados",87.848891336778,85.357237119648,93.261089717171,96.123386110502,91.025933046241,82.666288395168,80.5433119135,79.101400593106,74.406228381667,89.483152191048,90.290830111222,105.198437725914,"104.516421016749","102.417917594438","102.234551632864",NA,NA,NA
"Económico","Chiapas","Indicador Mensual de la Actividad Industrial por Entidad Federativa IMAIEF","https://www.inegi.org.mx/programas/aief/2018/#tabulados",100.886318022212,98.264254315958,109.491261386979,110.695970625118,128.538058539418,102.068415110663,96.269855351378,93.701683070867,93.464818597517,103.590228796015,113.95817792188,125.307599975524,"107.798238318052","101.945617579761","110.160536711295",NA,NA,NA
"Económico","Chihuahua","Indicador Mensual de la Actividad Industrial por Entidad Federativa IMAIEF","https://www.inegi.org.mx/programas/aief/2018/#tabulados",107.354460298296,108.499467661881,112.958582304841,109.422427703936,112.55349846788,112.453466304219,110.681495633089,110.775148655918,111.932022598497,113.46878523296,107.826972933944,102.782613749914,"102.886657040107","105.681671376151","107.353509000206",NA,NA,NA
"Económico","Ciudad de México","Indicador Mensual de la Actividad Industrial por Entidad Federativa IMAIEF","https://www.inegi.org.mx/programas/aief/2018/#tabulados",104.043550294976,96.675948785837,106.992969824641,104.79542184356,109.040998598268,102.869323651203,110.510925982118,105.951327832398,102.491442381641,119.224257709675,118.514500214046,112.947818318245,"103.667979988206","91.115805769953","100.044582893009",NA,NA,NA
"Económico","Durango","Indicador Mensual de la Actividad Industrial por Entidad Federativa IMAIEF","https://www.inegi.org.mx/programas/aief/2018/#tabulados",92.06091482979,107.109227002282,106.120649241442,105.974747445968,109.97606627032,99.59006352629,97.005607511345,97.33881253521,89.506231147239,95.857629962283,95.420662427598,91.532379208821,"89.136493983857","95.251228120069","97.954365133976",NA,NA,NA
"Económico","Guanajuato","Indicador Mensual de la Actividad Industrial por Entidad Federativa IMAIEF","https://www.inegi.org.mx/programas/aief/2018/#tabulados",100.618422061462,102.418969536745,109.821610493241,107.460878024752,107.6131861817,102.408372277915,104.519455037906,102.6674408948,108.009145853817,110.299399196055,100.807343891473,93.850226450863,"101.568741583463","99.526461316739","109.087853149864",NA,NA,NA
"Económico","Guerrero","Indicador Mensual de la Actividad Industrial por Entidad Federativa IMAIEF","https://www.inegi.org.mx/programas/aief/2018/#tabulados",67.477536941528,68.715385672694,76.525964572603,68.814074373828,80.947337459483,72.310640500058,83.080521918945,82.479148017193,75.386792977816,87.364343754525,84.543162127946,77.196479285709,"66.600439713251","63.664166440169","67.065213877836",NA,NA,NA
"Económico","Hidalgo","Indicador Mensual de la Actividad Industrial por Entidad Federativa IMAIEF","https://www.inegi.org.mx/programas/aief/2018/#tabulados",113.172000441391,95.489374987642,116.954020814065,108.052866748168,114.333130757736,109.33916312383,116.289361403934,115.965257702863,120.641067745121,118.660277989413,142.265093183477,135.576522391949,"125.908195318423","118.656661392732","134.928143682575",NA,NA,NA
"Económico","Jalisco","Indicador Mensual de la Actividad Industrial por Entidad Federativa IMAIEF","https://www.inegi.org.mx/programas/aief/2018/#tabulados",97.212424884185,103.947661661733,112.600970726758,105.193717028932,111.293967791685,107.749387127729,108.784329435949,107.881829253836,107.533549233247,112.288418403881,107.643840829229,106.333668216178,"98.384003148099","99.544097202391","107.490050971133",NA,NA,NA
"Económico","México","Indicador Mensual de la Actividad Industrial por Entidad Federativa IMAIEF","https://www.inegi.org.mx/programas/aief/2018/#tabulados",87.955071119676,86.191635148578,92.664361019272,87.060012833502,92.479278909078,91.630180431386,96.612042117157,93.24631227002,87.122738690665,94.929001151462,92.208485316315,89.664021056095,"87.644548771411","88.671275727833","94.631894463737",NA,NA,NA
"Económico","Michoacán de Ocampo","Indicador Mensual de la Actividad Industrial por Entidad Federativa IMAIEF","https://www.inegi.org.mx/programas/aief/2018/#tabulados",89.825811072957,88.788256434073,92.333242120184,95.124315543049,94.692261453231,92.304409445314,90.956784927154,92.197967292391,91.737056900254,98.135860200508,94.201048249415,90.854058936574,"86.893022148501","85.498581958921","93.868819590504",NA,NA,NA
"Económico","Morelos","Indicador Mensual de la Actividad Industrial por Entidad Federativa IMAIEF","https://www.inegi.org.mx/programas/aief/2018/#tabulados",95.242032736584,97.4079777636,101.247454386184,97.701045300317,102.161928444102,92.192523483412,96.877835992324,91.760377121308,85.632520746829,85.958129643942,80.067238241593,78.404782503614,"86.919640063048","84.046382382677","87.405909801681",NA,NA,NA
"Económico","Nayarit","Indicador Mensual de la Actividad Industrial por Entidad Federativa IMAIEF","https://www.inegi.org.mx/programas/aief/2018/#tabulados",83.455636539724,69.978552165431,78.929372258411,71.730426976048,87.255986295433,93.624219521102,108.269704878165,96.528517013546,107.426694203413,107.852570164956,84.167781144221,87.6172993295,"79.080489475358","72.79921548731","81.755260632807",NA,NA,NA
"Económico","Nuevo León","Indicador Mensual de la Actividad Industrial por Entidad Federativa IMAIEF","https://www.inegi.org.mx/programas/aief/2018/#tabulados",103.328996476949,105.918446767895,109.862639263611,107.413707810746,113.68442963736,109.945250173654,104.472645823763,106.115485234639,108.734454858482,115.323376631651,116.019573055727,109.016331441732,"102.382961042864","105.048812783294","110.385226481918",NA,NA,NA
"Económico","Oaxaca","Indicador Mensual de la Actividad Industrial por Entidad Federativa IMAIEF","https://www.inegi.org.mx/programas/aief/2018/#tabulados",156.042673926635,158.204768706003,169.945260451761,139.859054006047,144.00295641983,134.123546912411,155.407722788551,153.256651204579,126.456431605073,163.346272994016,152.158487526796,147.424909696006,"135.256628687598","156.868040884685","158.57416453454",NA,NA,NA
"Económico","Puebla","Indicador Mensual de la Actividad Industrial por Entidad Federativa IMAIEF","https://www.inegi.org.mx/programas/aief/2018/#tabulados",89.258871989449,86.210876413354,95.07619688044,98.567597687647,97.533165252059,101.072687086599,100.682098784016,104.183845598156,97.149245917351,103.336728769863,98.290042187929,84.570698075907,"93.836761384512","94.297670305816","96.617162170106",NA,NA,NA
"Económico","Querétaro","Indicador Mensual de la Actividad Industrial por Entidad Federativa IMAIEF","https://www.inegi.org.mx/programas/aief/2018/#tabulados",93.981358997717,93.796463168158,100.710699631852,97.360568819223,102.964074980683,99.54168761385,99.468965664193,96.872088653055,97.972690587414,103.302687017955,96.659392292289,95.21700952894,"93.702081819787","90.64155159968","99.700788819204",NA,NA,NA
"Económico","Quintana Roo","Indicador Mensual de la Actividad Industrial por Entidad Federativa IMAIEF","https://www.inegi.org.mx/programas/aief/2018/#tabulados",71.672647901588,92.70743433521,108.802667413963,102.943037423346,124.304538576854,99.921551515978,92.239921541586,87.801391949132,72.169097004152,80.656998666143,88.128533237284,104.276946532621,"65.215938764275","71.979233605586","73.949015251455",NA,NA,NA
"Económico","San Luis Potosí","Indicador Mensual de la Actividad Industrial por Entidad Federativa IMAIEF","https://www.inegi.org.mx/programas/aief/2018/#tabulados",103.990963898177,102.481392750806,117.956861675115,103.152349248973,115.074766177335,109.456935164972,110.511451511942,104.516806012105,112.512206383441,115.553146481018,101.401070766842,84.505804429824,"101.52522648727","95.448414991775","112.287680874453",NA,NA,NA
"Económico","Sinaloa","Indicador Mensual de la Actividad Industrial por Entidad Federativa IMAIEF","https://www.inegi.org.mx/programas/aief/2018/#tabulados",77.506240058126,77.481271011006,80.265291225886,82.159769332297,89.254999225257,86.097495021235,80.288648573989,89.863021192765,82.39511436201,91.31925717224,88.756451918008,83.253142385506,"83.880635335936","80.506467565148","83.10435225929",NA,NA,NA
"Económico","Sonora","Indicador Mensual de la Actividad Industrial por Entidad Federativa IMAIEF","https://www.inegi.org.mx/programas/aief/2018/#tabulados",112.662259734183,107.651155127656,109.02653510067,106.247203495504,108.835577713526,108.032704564715,98.9547677672,110.69750211315,106.319840188036,107.69584711974,101.203131494516,107.855886393461,"104.737243895539","104.644021800338","111.32266087237",NA,NA,NA
"Económico","Tabasco","Indicador Mensual de la Actividad Industrial por Entidad Federativa IMAIEF","https://www.inegi.org.mx/programas/aief/2018/#tabulados",129.807954842249,125.687265334083,126.538749580064,122.819344755682,134.921745399885,126.602192451868,133.479234415711,125.445393006493,130.068668373667,134.654629984738,131.59350583001,139.85969411137,"137.372718272033","126.586419476893","134.279877721882",NA,NA,NA
"Económico","Tamaulipas","Indicador Mensual de la Actividad Industrial por Entidad Federativa IMAIEF","https://www.inegi.org.mx/programas/aief/2018/#tabulados",99.481443889682,94.67514534163,109.649595079328,111.458688839331,107.745194961731,110.615181724676,107.219351263188,117.119255338943,110.439860446814,110.367396961895,107.571246690022,110.890878493683,"110.826729555847","108.258555645964","113.590041718099",NA,NA,NA
"Económico","Tlaxcala","Indicador Mensual de la Actividad Industrial por Entidad Federativa IMAIEF","https://www.inegi.org.mx/programas/aief/2018/#tabulados",87.883460160803,89.372701217954,92.754576534472,91.608002132685,94.608472633391,95.033558543256,98.516371699577,92.835956972836,97.162114045596,99.305949214011,98.077812736052,91.466172781521,"86.889357925367","90.692007405386","96.623069251173",NA,NA,NA
"Económico","Veracruz de Ignacio de la Llave","Indicador Mensual de la Actividad Industrial por Entidad Federativa IMAIEF","https://www.inegi.org.mx/programas/aief/2018/#tabulados",100.613500888257,99.828905154907,109.670221419954,100.053140246251,98.512088886032,94.218554822118,104.274327790264,106.170324095801,100.600892558395,99.039940420242,101.220233161702,106.014772590169,"106.786967968871","101.961358237817","116.135804967333",NA,NA,NA
"Económico","Yucatán","Indicador Mensual de la Actividad Industrial por Entidad Federativa IMAIEF","https://www.inegi.org.mx/programas/aief/2018/#tabulados",102.67940342609,98.352070483001,103.673176625897,99.59835391655,110.850016699006,101.049621417764,108.760557467767,105.923762026286,97.39898645373,109.15222110062,107.685622169484,107.100675779649,"104.252205910474","99.215722446401","106.779350116588",NA,NA,NA
"Económico","Zacatecas","Indicador Mensual de la Actividad Industrial por Entidad Federativa IMAIEF","https://www.inegi.org.mx/programas/aief/2018/#tabulados",106.374347910176,104.968670267468,113.277739450368,110.054500922365,116.59983085501,100.975684720841,107.34804007029,109.389880761139,110.194687400829,114.154414613515,114.108274329922,109.095250663415,"109.388385917182","105.999049869839","111.953232535238",NA,NA,NA
"Económico","Aguascalientes","Trabajadores Asegurados del IMSS","http://siel.stps.gob.mx:303/ibmcognos/cgi-bin/cognos.cgi?b_action=cognosViewer&ui.action=run&ui.object=XSSSTART*2fcontent*2ffolder*5b*40name*3d*27Sitio*20STPS*27*5d*2ffolder*5b*40name*3d*271.*20Asegurados*20en*20el*20IMSS*27*5d*2freport*5b*40name*3d*27Trabajadores*20Asegurados*20al*20IMSS*20por*20Entidad*20Federativa*27*5dXSSEND&ui.name=XSSSTARTTrabajadores*20Asegurados*20al*20IMSS*20por*20Entidad*20FederativaXSSEND&run.outputFormat=&run.prompt=true",362407,364456,365728,365336,366400,364440,365719,364433,366636,369468,368288,361785,"363411","365138","365354","365965","363342","363632"
"Económico","Baja California","Trabajadores Asegurados del IMSS","http://siel.stps.gob.mx:303/ibmcognos/cgi-bin/cognos.cgi?b_action=cognosViewer&ui.action=run&ui.object=XSSSTART*2fcontent*2ffolder*5b*40name*3d*27Sitio*20STPS*27*5d*2ffolder*5b*40name*3d*271.*20Asegurados*20en*20el*20IMSS*27*5d*2freport*5b*40name*3d*27Trabajadores*20Asegurados*20al*20IMSS*20por*20Entidad*20Federativa*27*5dXSSEND&ui.name=XSSSTARTTrabajadores*20Asegurados*20al*20IMSS*20por*20Entidad*20FederativaXSSEND&run.outputFormat=&run.prompt=true",1017738,1022302,1024833,1020980,1021585,1015910,1014182,1020157,1019630,1021992,1018041,994903,"999206","1014902","1049556","1031023","1027677","1070951"
"Económico","Baja California Sur","Trabajadores Asegurados del IMSS","http://siel.stps.gob.mx:303/ibmcognos/cgi-bin/cognos.cgi?b_action=cognosViewer&ui.action=run&ui.object=XSSSTART*2fcontent*2ffolder*5b*40name*3d*27Sitio*20STPS*27*5d*2ffolder*5b*40name*3d*271.*20Asegurados*20en*20el*20IMSS*27*5d*2freport*5b*40name*3d*27Trabajadores*20Asegurados*20al*20IMSS*20por*20Entidad*20Federativa*27*5dXSSEND&ui.name=XSSSTARTTrabajadores*20Asegurados*20al*20IMSS*20por*20Entidad*20FederativaXSSEND&run.outputFormat=&run.prompt=true",217514,219360,220232,220837,224416,227158,226597,224435,225999,229380,230318,219746,"222255","223530","226276","225918","227223","227431"
"Económico","Campeche","Trabajadores Asegurados del IMSS","http://siel.stps.gob.mx:303/ibmcognos/cgi-bin/cognos.cgi?b_action=cognosViewer&ui.action=run&ui.object=XSSSTART*2fcontent*2ffolder*5b*40name*3d*27Sitio*20STPS*27*5d*2ffolder*5b*40name*3d*271.*20Asegurados*20en*20el*20IMSS*27*5d*2freport*5b*40name*3d*27Trabajadores*20Asegurados*20al*20IMSS*20por*20Entidad*20Federativa*27*5dXSSEND&ui.name=XSSSTARTTrabajadores*20Asegurados*20al*20IMSS*20por*20Entidad*20FederativaXSSEND&run.outputFormat=&run.prompt=true",131129,130185,134788,133695,128276,132502,139880,136742,142788,126459,128262,124350,"125706","126305","127951","127882","129894","129199"
"Económico","Coahuila de Zaragoza","Trabajadores Asegurados del IMSS","http://siel.stps.gob.mx:303/ibmcognos/cgi-bin/cognos.cgi?b_action=cognosViewer&ui.action=run&ui.object=XSSSTART*2fcontent*2ffolder*5b*40name*3d*27Sitio*20STPS*27*5d*2ffolder*5b*40name*3d*271.*20Asegurados*20en*20el*20IMSS*27*5d*2freport*5b*40name*3d*27Trabajadores*20Asegurados*20al*20IMSS*20por*20Entidad*20Federativa*27*5dXSSEND&ui.name=XSSSTARTTrabajadores*20Asegurados*20al*20IMSS*20por*20Entidad*20FederativaXSSEND&run.outputFormat=&run.prompt=true",867245,866593,869555,867018,865109,860670,858978,860406,859298,860281,857839,840104,"851571","842315","845532","857988","848359","849836"
"Económico","Colima","Trabajadores Asegurados del IMSS","http://siel.stps.gob.mx:303/ibmcognos/cgi-bin/cognos.cgi?b_action=cognosViewer&ui.action=run&ui.object=XSSSTART*2fcontent*2ffolder*5b*40name*3d*27Sitio*20STPS*27*5d*2ffolder*5b*40name*3d*271.*20Asegurados*20en*20el*20IMSS*27*5d*2freport*5b*40name*3d*27Trabajadores*20Asegurados*20al*20IMSS*20por*20Entidad*20Federativa*27*5dXSSEND&ui.name=XSSSTARTTrabajadores*20Asegurados*20al*20IMSS*20por*20Entidad*20FederativaXSSEND&run.outputFormat=&run.prompt=true",154266,155652,157431,156546,156410,155171,154609,155756,156998,156446,156935,155254,"157086","157051","158529","160247","157736","157540"
"Económico","Chiapas","Trabajadores Asegurados del IMSS","http://siel.stps.gob.mx:303/ibmcognos/cgi-bin/cognos.cgi?b_action=cognosViewer&ui.action=run&ui.object=XSSSTART*2fcontent*2ffolder*5b*40name*3d*27Sitio*20STPS*27*5d*2ffolder*5b*40name*3d*271.*20Asegurados*20en*20el*20IMSS*27*5d*2freport*5b*40name*3d*27Trabajadores*20Asegurados*20al*20IMSS*20por*20Entidad*20Federativa*27*5dXSSEND&ui.name=XSSSTARTTrabajadores*20Asegurados*20al*20IMSS*20por*20Entidad*20FederativaXSSEND&run.outputFormat=&run.prompt=true",261341,266196,261983,261013,261965,261623,258520,258256,258422,263294,260165,260039,"257577","258000","261010","259668","259239","261842"
"Económico","Chihuahua","Trabajadores Asegurados del IMSS","http://siel.stps.gob.mx:303/ibmcognos/cgi-bin/cognos.cgi?b_action=cognosViewer&ui.action=run&ui.object=XSSSTART*2fcontent*2ffolder*5b*40name*3d*27Sitio*20STPS*27*5d*2ffolder*5b*40name*3d*271.*20Asegurados*20en*20el*20IMSS*27*5d*2freport*5b*40name*3d*27Trabajadores*20Asegurados*20al*20IMSS*20por*20Entidad*20Federativa*27*5dXSSEND&ui.name=XSSSTARTTrabajadores*20Asegurados*20al*20IMSS*20por*20Entidad*20FederativaXSSEND&run.outputFormat=&run.prompt=true",971964,972774,970875,970789,969756,970489,969261,970624,972314,974230,973596,955112,"958533","961434","963465","963518","963631","961080"
"Económico","Ciudad de México","Trabajadores Asegurados del IMSS","http://siel.stps.gob.mx:303/ibmcognos/cgi-bin/cognos.cgi?b_action=cognosViewer&ui.action=run&ui.object=XSSSTART*2fcontent*2ffolder*5b*40name*3d*27Sitio*20STPS*27*5d*2ffolder*5b*40name*3d*271.*20Asegurados*20en*20el*20IMSS*27*5d*2freport*5b*40name*3d*27Trabajadores*20Asegurados*20al*20IMSS*20por*20Entidad*20Federativa*27*5dXSSEND&ui.name=XSSSTARTTrabajadores*20Asegurados*20al*20IMSS*20por*20Entidad*20FederativaXSSEND&run.outputFormat=&run.prompt=true",3462389,3478596,3466534,3471323,3481080,3464080,4059315,3555664,3548418,3664472,3697296,3675580,"3620817","3704824","3636987","3613283","3574593","3675349"
"Económico","Durango","Trabajadores Asegurados del IMSS","http://siel.stps.gob.mx:303/ibmcognos/cgi-bin/cognos.cgi?b_action=cognosViewer&ui.action=run&ui.object=XSSSTART*2fcontent*2ffolder*5b*40name*3d*27Sitio*20STPS*27*5d*2ffolder*5b*40name*3d*271.*20Asegurados*20en*20el*20IMSS*27*5d*2freport*5b*40name*3d*27Trabajadores*20Asegurados*20al*20IMSS*20por*20Entidad*20Federativa*27*5dXSSEND&ui.name=XSSSTARTTrabajadores*20Asegurados*20al*20IMSS*20por*20Entidad*20FederativaXSSEND&run.outputFormat=&run.prompt=true",257581,259368,260146,261815,258828,259083,258177,257873,259181,261814,261390,257291,"259881","261773","263599","265740","266668","268853"
"Económico","Guanajuato","Trabajadores Asegurados del IMSS","http://siel.stps.gob.mx:303/ibmcognos/cgi-bin/cognos.cgi?b_action=cognosViewer&ui.action=run&ui.object=XSSSTART*2fcontent*2ffolder*5b*40name*3d*27Sitio*20STPS*27*5d*2ffolder*5b*40name*3d*271.*20Asegurados*20en*20el*20IMSS*27*5d*2freport*5b*40name*3d*27Trabajadores*20Asegurados*20al*20IMSS*20por*20Entidad*20Federativa*27*5dXSSEND&ui.name=XSSSTARTTrabajadores*20Asegurados*20al*20IMSS*20por*20Entidad*20FederativaXSSEND&run.outputFormat=&run.prompt=true",1116122,1122345,1125333,1125796,1123211,1124195,1124106,1124626,1127044,1132540,1130767,1111239,"1115974","1121825","1127415","1132045","1129420","1131141"
"Económico","Guerrero","Trabajadores Asegurados del IMSS","http://siel.stps.gob.mx:303/ibmcognos/cgi-bin/cognos.cgi?b_action=cognosViewer&ui.action=run&ui.object=XSSSTART*2fcontent*2ffolder*5b*40name*3d*27Sitio*20STPS*27*5d*2ffolder*5b*40name*3d*271.*20Asegurados*20en*20el*20IMSS*27*5d*2freport*5b*40name*3d*27Trabajadores*20Asegurados*20al*20IMSS*20por*20Entidad*20Federativa*27*5dXSSEND&ui.name=XSSSTARTTrabajadores*20Asegurados*20al*20IMSS*20por*20Entidad*20FederativaXSSEND&run.outputFormat=&run.prompt=true",161270,166758,172501,160580,159924,165010,160084,159351,160475,162859,164606,162361,"159262","159415","160980","159457","159291","159115"
"Económico","Hidalgo","Trabajadores Asegurados del IMSS","http://siel.stps.gob.mx:303/ibmcognos/cgi-bin/cognos.cgi?b_action=cognosViewer&ui.action=run&ui.object=XSSSTART*2fcontent*2ffolder*5b*40name*3d*27Sitio*20STPS*27*5d*2ffolder*5b*40name*3d*271.*20Asegurados*20en*20el*20IMSS*27*5d*2freport*5b*40name*3d*27Trabajadores*20Asegurados*20al*20IMSS*20por*20Entidad*20Federativa*27*5dXSSEND&ui.name=XSSSTARTTrabajadores*20Asegurados*20al*20IMSS*20por*20Entidad*20FederativaXSSEND&run.outputFormat=&run.prompt=true",283913,283181,283070,284500,289428,282679,286930,285021,294855,294989,295470,285837,"293151","290710","290880","291580","345080","296633"
"Económico","Jalisco","Trabajadores Asegurados del IMSS","http://siel.stps.gob.mx:303/ibmcognos/cgi-bin/cognos.cgi?b_action=cognosViewer&ui.action=run&ui.object=XSSSTART*2fcontent*2ffolder*5b*40name*3d*27Sitio*20STPS*27*5d*2ffolder*5b*40name*3d*271.*20Asegurados*20en*20el*20IMSS*27*5d*2freport*5b*40name*3d*27Trabajadores*20Asegurados*20al*20IMSS*20por*20Entidad*20Federativa*27*5dXSSEND&ui.name=XSSSTARTTrabajadores*20Asegurados*20al*20IMSS*20por*20Entidad*20FederativaXSSEND&run.outputFormat=&run.prompt=true",2036540,2051672,2054835,2050943,2044807,2042927,2039368,2047458,2056803,2063981,2074139,2053875,"2050755","2056179","2061532","2072796","2078086","2059460"
"Económico","México","Trabajadores Asegurados del IMSS","http://siel.stps.gob.mx:303/ibmcognos/cgi-bin/cognos.cgi?b_action=cognosViewer&ui.action=run&ui.object=XSSSTART*2fcontent*2ffolder*5b*40name*3d*27Sitio*20STPS*27*5d*2ffolder*5b*40name*3d*271.*20Asegurados*20en*20el*20IMSS*27*5d*2freport*5b*40name*3d*27Trabajadores*20Asegurados*20al*20IMSS*20por*20Entidad*20Federativa*27*5dXSSEND&ui.name=XSSSTARTTrabajadores*20Asegurados*20al*20IMSS*20por*20Entidad*20FederativaXSSEND&run.outputFormat=&run.prompt=true",1880861,1890155,1901382,1907463,1913529,1918960,2625973,1971288,1998035,2025637,2022636,2005988,"1970423","1978314","2005563","2061625","2065623","2061663"
"Económico","Michoacán de Ocampo","Trabajadores Asegurados del IMSS","http://siel.stps.gob.mx:303/ibmcognos/cgi-bin/cognos.cgi?b_action=cognosViewer&ui.action=run&ui.object=XSSSTART*2fcontent*2ffolder*5b*40name*3d*27Sitio*20STPS*27*5d*2ffolder*5b*40name*3d*271.*20Asegurados*20en*20el*20IMSS*27*5d*2freport*5b*40name*3d*27Trabajadores*20Asegurados*20al*20IMSS*20por*20Entidad*20Federativa*27*5dXSSEND&ui.name=XSSSTARTTrabajadores*20Asegurados*20al*20IMSS*20por*20Entidad*20FederativaXSSEND&run.outputFormat=&run.prompt=true",491336,489826,491832,494056,493018,489455,489979,487571,495360,497759,494929,492287,"495968","497245","501480","494173","492479","490979"
"Económico","Morelos","Trabajadores Asegurados del IMSS","http://siel.stps.gob.mx:303/ibmcognos/cgi-bin/cognos.cgi?b_action=cognosViewer&ui.action=run&ui.object=XSSSTART*2fcontent*2ffolder*5b*40name*3d*27Sitio*20STPS*27*5d*2ffolder*5b*40name*3d*271.*20Asegurados*20en*20el*20IMSS*27*5d*2freport*5b*40name*3d*27Trabajadores*20Asegurados*20al*20IMSS*20por*20Entidad*20Federativa*27*5dXSSEND&ui.name=XSSSTARTTrabajadores*20Asegurados*20al*20IMSS*20por*20Entidad*20FederativaXSSEND&run.outputFormat=&run.prompt=true",220174,221184,221503,220660,220151,219727,219186,220194,220600,221599,221829,219803,"221138","224693","220575","221449","215454","214625"
"Económico","Nayarit","Trabajadores Asegurados del IMSS","http://siel.stps.gob.mx:303/ibmcognos/cgi-bin/cognos.cgi?b_action=cognosViewer&ui.action=run&ui.object=XSSSTART*2fcontent*2ffolder*5b*40name*3d*27Sitio*20STPS*27*5d*2ffolder*5b*40name*3d*271.*20Asegurados*20en*20el*20IMSS*27*5d*2freport*5b*40name*3d*27Trabajadores*20Asegurados*20al*20IMSS*20por*20Entidad*20Federativa*27*5dXSSEND&ui.name=XSSSTARTTrabajadores*20Asegurados*20al*20IMSS*20por*20Entidad*20FederativaXSSEND&run.outputFormat=&run.prompt=true",185008,187538,187161,183738,181889,181999,182436,183549,186169,188071,188739,183130,"186908","188222","186135","185033","182957","184397"
"Económico","Nuevo León","Trabajadores Asegurados del IMSS","http://siel.stps.gob.mx:303/ibmcognos/cgi-bin/cognos.cgi?b_action=cognosViewer&ui.action=run&ui.object=XSSSTART*2fcontent*2ffolder*5b*40name*3d*27Sitio*20STPS*27*5d*2ffolder*5b*40name*3d*271.*20Asegurados*20en*20el*20IMSS*27*5d*2freport*5b*40name*3d*27Trabajadores*20Asegurados*20al*20IMSS*20por*20Entidad*20Federativa*27*5dXSSEND&ui.name=XSSSTARTTrabajadores*20Asegurados*20al*20IMSS*20por*20Entidad*20FederativaXSSEND&run.outputFormat=&run.prompt=true",1930068,1948233,1951025,1948027,1942067,1943395,1946303,1946655,1960622,1969715,1977645,1934582,"1946300","1963032","1964088","1972897","1973161","1974792"
"Económico","Oaxaca","Trabajadores Asegurados del IMSS","http://siel.stps.gob.mx:303/ibmcognos/cgi-bin/cognos.cgi?b_action=cognosViewer&ui.action=run&ui.object=XSSSTART*2fcontent*2ffolder*5b*40name*3d*27Sitio*20STPS*27*5d*2ffolder*5b*40name*3d*271.*20Asegurados*20en*20el*20IMSS*27*5d*2freport*5b*40name*3d*27Trabajadores*20Asegurados*20al*20IMSS*20por*20Entidad*20Federativa*27*5dXSSEND&ui.name=XSSSTARTTrabajadores*20Asegurados*20al*20IMSS*20por*20Entidad*20FederativaXSSEND&run.outputFormat=&run.prompt=true",234863,235635,235921,235250,231425,229463,227947,229204,229979,232137,234768,233921,"237427","237618","239496","242230","241072","241338"
"Económico","Puebla","Trabajadores Asegurados del IMSS","http://siel.stps.gob.mx:303/ibmcognos/cgi-bin/cognos.cgi?b_action=cognosViewer&ui.action=run&ui.object=XSSSTART*2fcontent*2ffolder*5b*40name*3d*27Sitio*20STPS*27*5d*2ffolder*5b*40name*3d*271.*20Asegurados*20en*20el*20IMSS*27*5d*2freport*5b*40name*3d*27Trabajadores*20Asegurados*20al*20IMSS*20por*20Entidad*20Federativa*27*5dXSSEND&ui.name=XSSSTARTTrabajadores*20Asegurados*20al*20IMSS*20por*20Entidad*20FederativaXSSEND&run.outputFormat=&run.prompt=true",657171,659619,665592,660871,660903,661230,661173,658451,657993,662799,672867,655308,"652125","654467","659282","662933","661421","658129"
"Económico","Querétaro","Trabajadores Asegurados del IMSS","http://siel.stps.gob.mx:303/ibmcognos/cgi-bin/cognos.cgi?b_action=cognosViewer&ui.action=run&ui.object=XSSSTART*2fcontent*2ffolder*5b*40name*3d*27Sitio*20STPS*27*5d*2ffolder*5b*40name*3d*271.*20Asegurados*20en*20el*20IMSS*27*5d*2freport*5b*40name*3d*27Trabajadores*20Asegurados*20al*20IMSS*20por*20Entidad*20Federativa*27*5dXSSEND&ui.name=XSSSTARTTrabajadores*20Asegurados*20al*20IMSS*20por*20Entidad*20FederativaXSSEND&run.outputFormat=&run.prompt=true",710755,715808,718537,717289,714977,716079,713029,717779,718991,725569,724315,712116,"717732","720647","726766","724269","723354","722938"
"Económico","Quintana Roo","Trabajadores Asegurados del IMSS","http://siel.stps.gob.mx:303/ibmcognos/cgi-bin/cognos.cgi?b_action=cognosViewer&ui.action=run&ui.object=XSSSTART*2fcontent*2ffolder*5b*40name*3d*27Sitio*20STPS*27*5d*2ffolder*5b*40name*3d*271.*20Asegurados*20en*20el*20IMSS*27*5d*2freport*5b*40name*3d*27Trabajadores*20Asegurados*20al*20IMSS*20por*20Entidad*20Federativa*27*5dXSSEND&ui.name=XSSSTARTTrabajadores*20Asegurados*20al*20IMSS*20por*20Entidad*20FederativaXSSEND&run.outputFormat=&run.prompt=true",521681,525827,527029,528437,526777,527401,528387,521875,524772,535991,530059,516185,"520351","524610","527238","524348","527592","527769"
"Económico","San Luis Potosí","Trabajadores Asegurados del IMSS","http://siel.stps.gob.mx:303/ibmcognos/cgi-bin/cognos.cgi?b_action=cognosViewer&ui.action=run&ui.object=XSSSTART*2fcontent*2ffolder*5b*40name*3d*27Sitio*20STPS*27*5d*2ffolder*5b*40name*3d*271.*20Asegurados*20en*20el*20IMSS*27*5d*2freport*5b*40name*3d*27Trabajadores*20Asegurados*20al*20IMSS*20por*20Entidad*20Federativa*27*5dXSSEND&ui.name=XSSSTARTTrabajadores*20Asegurados*20al*20IMSS*20por*20Entidad*20FederativaXSSEND&run.outputFormat=&run.prompt=true",485398,488983,491265,487104,482016,481648,480574,481270,484732,486500,485661,478232,"481061","483849","484725","486094","484061","480907"
"Económico","Sinaloa","Trabajadores Asegurados del IMSS","http://siel.stps.gob.mx:303/ibmcognos/cgi-bin/cognos.cgi?b_action=cognosViewer&ui.action=run&ui.object=XSSSTART*2fcontent*2ffolder*5b*40name*3d*27Sitio*20STPS*27*5d*2ffolder*5b*40name*3d*271.*20Asegurados*20en*20el*20IMSS*27*5d*2freport*5b*40name*3d*27Trabajadores*20Asegurados*20al*20IMSS*20por*20Entidad*20Federativa*27*5dXSSEND&ui.name=XSSSTARTTrabajadores*20Asegurados*20al*20IMSS*20por*20Entidad*20FederativaXSSEND&run.outputFormat=&run.prompt=true",613390,614863,606295,600552,584140,569151,568911,579005,594545,588543,597191,593767,"605260","600062","594944","587920","570221","566980"
"Económico","Sonora","Trabajadores Asegurados del IMSS","http://siel.stps.gob.mx:303/ibmcognos/cgi-bin/cognos.cgi?b_action=cognosViewer&ui.action=run&ui.object=XSSSTART*2fcontent*2ffolder*5b*40name*3d*27Sitio*20STPS*27*5d*2ffolder*5b*40name*3d*271.*20Asegurados*20en*20el*20IMSS*27*5d*2freport*5b*40name*3d*27Trabajadores*20Asegurados*20al*20IMSS*20por*20Entidad*20Federativa*27*5dXSSEND&ui.name=XSSSTARTTrabajadores*20Asegurados*20al*20IMSS*20por*20Entidad*20FederativaXSSEND&run.outputFormat=&run.prompt=true",661609,664637,667097,654922,656096,651986,641037,642075,648590,654436,647205,633106,"644260","655481","667771","653097","651423","649918"
"Económico","Tabasco","Trabajadores Asegurados del IMSS","http://siel.stps.gob.mx:303/ibmcognos/cgi-bin/cognos.cgi?b_action=cognosViewer&ui.action=run&ui.object=XSSSTART*2fcontent*2ffolder*5b*40name*3d*27Sitio*20STPS*27*5d*2ffolder*5b*40name*3d*271.*20Asegurados*20en*20el*20IMSS*27*5d*2freport*5b*40name*3d*27Trabajadores*20Asegurados*20al*20IMSS*20por*20Entidad*20Federativa*27*5dXSSEND&ui.name=XSSSTARTTrabajadores*20Asegurados*20al*20IMSS*20por*20Entidad*20FederativaXSSEND&run.outputFormat=&run.prompt=true",203978,203970,202882,203489,203587,199380,198136,197503,197582,202581,199344,198151,"199830","201730","204245","204995","206346","205817"
"Económico","Tamaulipas","Trabajadores Asegurados del IMSS","http://siel.stps.gob.mx:303/ibmcognos/cgi-bin/cognos.cgi?b_action=cognosViewer&ui.action=run&ui.object=XSSSTART*2fcontent*2ffolder*5b*40name*3d*27Sitio*20STPS*27*5d*2ffolder*5b*40name*3d*271.*20Asegurados*20en*20el*20IMSS*27*5d*2freport*5b*40name*3d*27Trabajadores*20Asegurados*20al*20IMSS*20por*20Entidad*20Federativa*27*5dXSSEND&ui.name=XSSSTARTTrabajadores*20Asegurados*20al*20IMSS*20por*20Entidad*20FederativaXSSEND&run.outputFormat=&run.prompt=true",692457,695625,697131,695984,694136,695327,693687,693172,688514,690226,691333,680314,"681913","682946","680475","681107","679131","678485"
"Económico","Tlaxcala","Trabajadores Asegurados del IMSS","http://siel.stps.gob.mx:303/ibmcognos/cgi-bin/cognos.cgi?b_action=cognosViewer&ui.action=run&ui.object=XSSSTART*2fcontent*2ffolder*5b*40name*3d*27Sitio*20STPS*27*5d*2ffolder*5b*40name*3d*271.*20Asegurados*20en*20el*20IMSS*27*5d*2freport*5b*40name*3d*27Trabajadores*20Asegurados*20al*20IMSS*20por*20Entidad*20Federativa*27*5dXSSEND&ui.name=XSSSTARTTrabajadores*20Asegurados*20al*20IMSS*20por*20Entidad*20FederativaXSSEND&run.outputFormat=&run.prompt=true",116141,118287,118587,118367,117952,117034,116616,116849,117097,117957,121263,125572,"116183","116494","118650","117874","117128","116724"
"Económico","Veracruz de Ignacio de la Llave","Trabajadores Asegurados del IMSS","http://siel.stps.gob.mx:303/ibmcognos/cgi-bin/cognos.cgi?b_action=cognosViewer&ui.action=run&ui.object=XSSSTART*2fcontent*2ffolder*5b*40name*3d*27Sitio*20STPS*27*5d*2ffolder*5b*40name*3d*271.*20Asegurados*20en*20el*20IMSS*27*5d*2freport*5b*40name*3d*27Trabajadores*20Asegurados*20al*20IMSS*20por*20Entidad*20Federativa*27*5dXSSEND&ui.name=XSSSTARTTrabajadores*20Asegurados*20al*20IMSS*20por*20Entidad*20FederativaXSSEND&run.outputFormat=&run.prompt=true",779559,782333,781977,780813,770370,768836,761559,766699,770418,776568,777073,771009,"772380","788975","779054","776075","772506","765970"
"Económico","Yucatán","Trabajadores Asegurados del IMSS","http://siel.stps.gob.mx:303/ibmcognos/cgi-bin/cognos.cgi?b_action=cognosViewer&ui.action=run&ui.object=XSSSTART*2fcontent*2ffolder*5b*40name*3d*27Sitio*20STPS*27*5d*2ffolder*5b*40name*3d*271.*20Asegurados*20en*20el*20IMSS*27*5d*2freport*5b*40name*3d*27Trabajadores*20Asegurados*20al*20IMSS*20por*20Entidad*20Federativa*27*5dXSSEND&ui.name=XSSSTARTTrabajadores*20Asegurados*20al*20IMSS*20por*20Entidad*20FederativaXSSEND&run.outputFormat=&run.prompt=true",435058,437961,440093,439212,437956,439005,431506,431270,437299,440307,441901,434974,"435048","435196","434758","435170","434577","435524"
"Económico","Zacatecas","Trabajadores Asegurados del IMSS","http://siel.stps.gob.mx:303/ibmcognos/cgi-bin/cognos.cgi?b_action=cognosViewer&ui.action=run&ui.object=XSSSTART*2fcontent*2ffolder*5b*40name*3d*27Sitio*20STPS*27*5d*2ffolder*5b*40name*3d*271.*20Asegurados*20en*20el*20IMSS*27*5d*2freport*5b*40name*3d*27Trabajadores*20Asegurados*20al*20IMSS*20por*20Entidad*20Federativa*27*5dXSSEND&ui.name=XSSSTARTTrabajadores*20Asegurados*20al*20IMSS*20por*20Entidad*20FederativaXSSEND&run.outputFormat=&run.prompt=true",190620,191009,191957,190263,189860,189653,189526,189706,191523,190573,191898,191155,"189480","194768","190369","190204","189936","190687"
