"Tema","Entidad","Indicador","link.de.consulta","2015_1","2015_2","2015_3","2015_4","2015_5","2015_6","2015_7","2015_8","2015_9","2015_10","2015_11","2015_12","2016_1","2016_2","2016_3","2016_4","2016_5","2016_6","2016_7","2016_8","2016_9","2016_10","2016_11","2016_12","2017_1","2017_2","2017_3","2017_4","2017_5","2017_6","2017_7","2017_8","2017_9","2017_10","2017_11","2017_12","2018_1","2018_2","2018_3","2018_4","2018_5","2018_6","2018_7","2018_8","2018_9","2018_10","2018_11","2018_12","2019_1","2019_2","2019_3","2019_4","2019_5","2019_6","2019_7","2019_8","2019_9","2019_10","2019_11","2019_12","2020_1","2020_2","2020_3","2020_4","2020_5","2020_6","2020_7","2020_8","2020_9","2020_10","2020_11","2020_12","2021_1","2021_2","2021_3","2021_4","2021_5","2021_6","2021_7","2021_8","2021_9","2021_10","2021_11","2021_12","2022_1","2022_2","2022_3","2022_4","2022_5","2022_6","2022_7","2022_8","2022_9","2022_10","2022_11","2022_12","2023_1","2023_2","2023_3","2023_4","2023_5","2023_6","2023_7","2023_8","2023_9","2023_10","2023_11","2023_12","2024_1","2024_2","2024_3","2024_4","2024_5","2024_6","2024_7","2024_8","2024_9","2024_10","2024_11","2024_12","2025_1","2025_2","2025_3","2025_4","2025_5","2025_6","2025_7","2025_8","2025_9","2025_10","2025_11","2025_12"
"Seguridad","Aguascalientes","Aborto",NA,0,3,1,0,0,0,0,0,0,0,1,0,1,0,0,2,1,0,0,0,1,1,1,0,0,0,0,0,1,1,1,0,1,0,0,0,2,0,0,1,0,1,1,1,0,0,0,1,0,0,0,2,2,0,1,0,1,2,2,0,1,0,0,0,1,1,0,0,0,0,0,2,0,0,0,1,3,2,4,1,1,1,0,1,2,1,0,0,0,1,3,2,1,0,2,1,2,1,0,4,0,1,1,1,0,0,0,0,0,1,1,0,0,1,0,0,1,1,0,2,1,1,2,1,0,1,0,0,0,0,0,0
"Seguridad","Baja California","Aborto",NA,1,4,4,9,10,4,1,4,1,6,4,5,3,3,4,0,3,4,6,3,6,7,3,1,4,7,4,8,8,9,4,10,4,10,4,1,7,2,2,5,6,10,6,8,6,4,4,3,5,3,3,7,6,5,5,5,3,6,5,4,3,4,6,0,3,3,4,5,2,3,2,4,1,2,0,3,4,3,5,4,5,2,3,2,4,1,5,9,0,1,2,3,6,3,4,4,1,3,3,3,1,1,5,5,6,5,3,2,2,7,0,5,3,2,1,7,3,3,5,3,5,7,3,4,8,4,0,0,0,0,0,0
"Seguridad","Baja California Sur","Aborto",NA,0,0,0,0,1,0,1,1,0,0,0,0,0,0,0,1,0,0,0,0,1,1,0,0,2,0,3,1,2,0,1,3,1,0,0,1,1,1,1,1,2,2,0,1,2,2,1,2,0,2,0,2,1,1,0,2,0,3,0,1,0,1,2,1,2,0,0,0,1,0,2,1,1,2,1,1,1,1,0,1,0,2,2,2,0,1,0,1,0,0,0,0,0,1,0,0,1,0,1,1,0,1,2,1,0,0,1,0,0,0,0,3,0,0,1,1,0,0,1,4,1,0,1,2,0,1,0,0,0,0,0,0
"Seguridad","Campeche","Aborto",NA,0,0,0,0,0,0,0,0,0,0,1,0,0,1,0,0,0,0,0,0,0,0,0,0,0,0,0,2,0,0,0,0,0,0,0,0,0,0,0,0,0,0,1,0,0,0,0,0,0,0,0,0,0,0,0,0,0,0,0,0,0,0,0,0,0,0,0,0,0,0,0,0,0,0,0,0,0,0,0,0,0,0,1,0,0,0,1,0,0,1,0,0,0,0,2,1,0,3,0,0,0,0,0,0,0,0,0,0,0,0,0,0,0,0,0,0,0,0,0,0,0,0,0,0,0,0,0,0,0,0,0,0
"Seguridad","Chiapas","Aborto",NA,0,2,0,1,2,0,2,2,5,1,1,4,0,2,1,2,3,1,1,2,3,2,0,5,2,0,1,0,0,0,2,2,2,2,0,0,0,1,1,0,4,1,1,0,3,2,0,2,1,2,0,2,0,0,1,1,0,4,0,0,1,0,3,0,1,1,0,0,0,2,0,2,3,0,0,0,1,1,1,1,0,0,1,1,0,0,0,0,2,1,0,0,0,0,0,0,0,0,0,0,0,0,0,0,0,0,0,0,0,0,0,1,1,0,0,0,2,1,0,1,0,0,0,1,1,0,0,0,0,0,0,0
"Seguridad","Chihuahua","Aborto",NA,1,0,0,1,3,1,0,0,0,1,1,0,2,1,0,0,0,1,3,0,0,3,1,2,0,1,1,1,1,1,2,2,2,1,0,1,1,1,0,2,0,2,1,1,0,2,0,0,1,0,1,0,0,1,0,0,2,1,1,1,0,2,2,0,1,1,1,0,0,0,2,0,1,0,0,0,2,0,0,0,0,1,0,2,0,0,0,0,1,1,1,3,0,2,0,1,1,0,1,0,1,0,3,0,2,0,2,1,2,0,0,1,1,0,0,1,0,2,0,0,0,0,2,1,0,1,0,0,0,0,0,0
"Seguridad","Ciudad de México","Aborto",NA,12,11,13,17,11,8,13,11,8,11,11,5,8,10,17,11,10,10,4,11,7,9,11,7,7,6,8,11,5,4,6,4,7,9,7,10,8,6,6,12,8,10,9,8,12,7,9,15,12,12,14,13,13,8,6,15,8,11,10,10,11,12,9,8,4,3,5,5,10,4,4,4,8,7,3,7,9,10,8,6,11,13,14,6,10,8,23,14,25,15,15,17,15,20,11,19,19,12,13,20,17,20,13,17,7,12,14,17,22,13,15,18,13,6,12,15,16,19,17,20,24,20,22,14,16,19,0,0,0,0,0,0
"Seguridad","Coahuila de Zaragoza","Aborto",NA,1,1,0,0,0,0,0,0,0,0,0,1,0,0,1,0,0,0,0,1,0,0,0,0,0,0,0,0,0,0,0,0,0,2,1,0,0,1,5,0,0,0,1,1,0,0,0,1,0,0,0,1,0,0,1,0,0,0,0,0,0,0,0,0,0,0,0,0,0,1,0,1,0,0,1,1,0,0,2,0,0,0,0,0,0,1,0,0,0,0,0,0,1,0,0,0,0,1,0,0,0,1,0,0,0,0,0,0,0,0,0,0,0,0,0,0,0,0,0,0,0,0,1,1,0,0,0,0,0,0,0,0
"Seguridad","Colima","Aborto",NA,0,0,0,0,0,0,0,0,0,0,0,0,0,0,0,0,0,0,0,0,0,0,0,0,0,1,1,1,0,0,0,2,0,0,0,0,0,0,0,0,0,0,0,0,0,0,0,0,2,0,0,0,0,1,0,0,0,0,0,1,0,0,1,0,0,0,0,1,0,0,1,1,0,0,0,0,0,0,0,0,0,0,0,0,1,0,1,0,0,0,0,0,1,0,2,0,1,0,0,0,0,0,0,0,0,0,0,0,0,0,2,0,0,0,0,0,0,0,0,0,1,0,0,0,1,0,0,0,0,0,0,0
"Seguridad","Durango","Aborto",NA,0,0,0,0,1,1,0,0,0,0,0,0,0,2,1,0,0,0,0,0,1,0,0,1,0,0,1,0,0,0,0,0,0,0,0,0,0,0,2,0,0,1,2,0,1,0,0,0,0,0,0,0,0,1,0,0,0,0,0,0,0,0,0,0,0,0,0,0,0,0,0,0,0,0,0,0,0,0,0,0,0,0,0,0,0,0,0,0,0,1,1,0,0,0,0,0,0,0,0,0,0,0,0,0,0,0,0,0,0,0,0,0,0,0,0,0,0,0,0,0,0,0,0,0,0,0,0,0,0,0,0,0
"Seguridad","Guanajuato","Aborto",NA,2,2,2,3,1,1,2,2,2,2,1,2,3,2,4,1,5,4,0,1,1,1,2,3,2,3,3,3,0,3,2,3,1,2,3,3,0,2,2,4,3,1,5,2,5,1,0,5,1,2,1,2,0,2,3,2,3,3,2,3,2,1,3,4,3,0,4,3,2,3,1,5,4,2,1,3,1,3,4,1,0,3,1,0,1,3,2,3,3,2,3,1,3,1,2,0,0,0,1,1,2,1,1,5,2,2,1,2,3,0,1,2,2,3,1,0,0,0,7,3,3,3,1,1,1,2,0,0,0,0,0,0
"Seguridad","Guerrero","Aborto",NA,0,0,0,0,0,0,1,0,0,0,0,1,1,1,2,1,0,0,0,0,0,0,0,0,0,0,0,0,0,0,0,0,0,2,0,0,0,0,0,0,1,0,0,1,1,0,0,1,2,0,1,0,0,0,1,1,1,1,0,3,0,0,0,0,1,0,1,0,0,1,0,1,0,0,0,2,0,1,0,0,1,1,0,0,1,0,0,0,0,0,1,0,1,1,1,1,0,0,0,1,0,0,0,0,0,0,0,0,0,0,0,1,1,0,1,0,0,0,1,1,0,1,0,0,0,0,0,0,0,0,0,0
"Seguridad","Hidalgo","Aborto",NA,0,1,2,4,2,1,2,7,2,2,0,1,0,0,0,0,0,4,0,1,1,1,0,0,1,2,1,0,1,0,0,0,2,3,1,0,2,2,2,1,4,0,0,4,0,3,0,0,2,0,3,0,2,1,1,0,4,1,1,0,2,3,4,1,0,2,2,0,2,3,2,2,1,3,1,4,2,3,1,1,1,0,0,2,1,1,2,4,2,1,0,1,2,0,3,1,0,2,0,2,1,1,1,0,3,1,1,0,2,4,0,2,0,1,0,0,0,0,0,0,2,1,0,0,1,1,0,0,0,0,0,0
"Seguridad","Jalisco","Aborto",NA,1,4,2,2,0,0,3,3,0,6,0,2,3,4,3,3,0,1,4,5,3,2,1,2,3,1,2,2,4,1,5,3,1,1,5,1,0,2,1,0,3,3,0,3,2,0,3,0,0,0,2,1,2,0,0,0,0,0,0,0,1,0,2,3,2,2,0,1,1,0,0,1,0,0,3,0,0,2,1,0,1,1,2,1,1,0,0,2,1,1,0,1,0,0,0,0,1,2,3,0,0,1,1,0,1,0,1,1,3,0,2,2,3,3,1,2,2,1,0,2,0,2,1,3,0,1,0,0,0,0,0,0
"Seguridad","Michoacán de Ocampo","Aborto",NA,0,1,0,1,0,0,2,0,2,2,1,0,1,2,0,0,1,2,1,0,4,0,0,0,0,2,0,3,2,0,2,0,0,0,2,0,1,0,0,0,1,0,0,0,0,0,1,2,0,1,0,0,2,4,1,4,3,2,0,0,0,1,3,1,0,0,1,0,2,0,0,3,2,2,3,2,0,2,2,0,1,1,1,2,4,2,2,4,1,3,2,2,2,4,1,4,1,1,2,0,1,5,3,0,2,4,1,1,0,0,0,0,2,3,1,3,0,0,0,4,2,1,2,1,1,2,0,0,0,0,0,0
"Seguridad","Morelos","Aborto",NA,0,3,0,0,0,1,0,2,1,2,2,1,3,0,1,0,1,0,2,1,1,2,3,2,4,2,4,3,1,2,1,3,0,2,0,0,0,0,0,0,0,1,0,1,0,1,1,0,1,1,0,0,0,2,0,2,1,3,2,0,1,0,0,0,0,1,2,3,0,2,3,1,0,0,1,1,4,1,0,0,0,1,1,1,2,2,1,0,0,0,1,3,1,0,0,0,0,0,0,0,0,2,0,1,0,0,0,0,0,1,0,0,1,1,0,3,3,0,0,0,1,0,0,1,0,0,0,0,0,0,0,0
"Seguridad","México","Aborto",NA,10,9,5,5,7,7,6,5,5,4,4,4,4,5,3,7,5,10,5,5,7,4,7,4,11,3,7,6,9,1,9,9,6,4,4,3,3,8,10,8,12,7,7,8,14,7,12,11,13,12,15,14,9,8,14,10,12,18,13,17,12,14,15,3,13,14,19,11,11,13,11,9,9,15,14,13,21,11,10,9,22,7,13,5,16,10,14,10,8,8,14,18,10,15,9,12,10,14,16,16,14,20,14,13,14,6,12,7,16,11,7,7,13,6,13,6,12,2,9,6,6,5,12,7,14,8,0,0,0,0,0,0
"Seguridad","Nayarit","Aborto",NA,0,0,0,0,0,0,0,0,0,0,0,0,0,0,0,0,0,0,0,0,0,0,0,0,0,0,0,0,0,0,0,0,0,0,0,0,0,0,0,0,0,0,0,0,0,0,0,0,0,0,0,0,0,0,0,0,0,0,0,0,0,0,0,0,0,0,0,0,0,1,0,0,1,0,0,1,1,0,0,0,0,0,0,0,0,0,0,0,1,0,0,1,0,1,0,0,0,0,1,0,1,1,0,1,0,0,0,0,0,0,0,0,0,0,0,1,0,0,0,0,0,0,0,0,0,0,0,0,0,0,0,0
"Seguridad","Nuevo León","Aborto",NA,4,8,9,9,7,5,3,6,1,2,1,3,4,2,3,3,5,9,2,4,1,7,5,2,1,2,3,3,2,3,2,4,4,3,1,0,3,3,1,3,2,1,5,2,6,5,6,1,3,7,7,8,14,8,8,6,5,8,8,2,8,8,6,10,13,7,5,10,5,15,8,5,10,10,12,9,11,6,9,15,13,6,9,9,9,15,12,9,17,12,8,11,15,9,16,11,9,12,17,11,12,10,15,14,12,9,9,11,15,15,7,7,16,21,21,13,12,18,16,14,25,22,15,25,27,12,0,0,0,0,0,0
"Seguridad","Oaxaca","Aborto",NA,0,0,0,0,0,0,0,0,0,0,0,0,1,1,0,3,2,0,0,3,4,0,2,0,4,1,2,1,1,0,1,3,0,1,0,1,0,0,2,3,2,1,0,1,2,2,0,3,2,1,1,2,1,0,1,1,2,0,3,2,1,1,0,0,0,2,1,2,0,2,0,0,1,2,1,1,0,0,1,0,0,0,1,1,2,1,3,0,0,0,3,1,1,0,1,1,2,3,2,1,1,1,1,3,1,1,0,0,3,0,1,2,1,0,0,2,2,1,1,0,1,0,2,1,0,1,0,0,0,0,0,0
"Seguridad","Puebla","Aborto",NA,0,0,3,0,0,2,1,0,0,1,0,0,3,2,1,2,1,0,2,0,1,1,0,0,1,1,2,2,0,1,2,0,0,0,0,0,0,0,0,1,0,0,0,0,1,1,2,0,2,0,2,0,0,0,0,0,0,0,0,0,1,0,1,0,0,1,1,0,1,0,1,0,1,0,0,0,1,1,1,0,0,1,0,0,1,0,0,0,0,0,0,0,0,0,0,0,0,0,1,0,0,0,0,0,0,1,0,0,0,0,0,1,0,1,1,2,0,0,0,1,0,0,1,1,0,1,0,0,0,0,0,0
"Seguridad","Querétaro","Aborto",NA,0,2,0,0,0,1,0,0,0,0,2,0,1,1,0,0,0,2,1,0,1,0,0,4,1,1,0,2,3,1,1,0,1,0,0,2,4,0,3,1,0,2,0,1,1,1,0,1,1,0,1,2,1,1,3,2,3,1,3,4,0,3,3,1,3,0,5,4,0,3,3,3,3,5,2,4,3,1,4,2,3,2,3,5,2,6,5,1,6,1,2,2,2,4,4,4,4,3,4,5,1,4,1,3,4,2,4,2,4,1,5,4,6,3,6,0,0,0,0,0,0,0,0,0,0,0,0,0,0,0,0,0
"Seguridad","Quintana Roo","Aborto",NA,2,0,1,0,0,2,0,1,0,0,0,0,1,0,0,0,0,0,0,0,0,1,1,0,0,0,0,0,0,0,0,0,1,2,1,1,0,1,0,0,0,0,1,0,1,0,0,1,2,1,0,3,1,1,0,1,0,2,1,1,2,0,1,0,1,2,2,3,1,0,0,0,1,0,1,1,0,1,0,0,0,0,1,0,0,1,0,0,1,0,1,1,0,0,0,0,0,1,1,1,0,0,0,0,0,1,0,0,1,0,1,1,1,0,0,1,0,1,1,0,0,0,0,0,1,2,0,0,0,0,0,0
"Seguridad","San Luis Potosí","Aborto",NA,0,1,0,0,0,1,0,1,1,0,1,0,0,1,0,1,0,0,0,3,1,0,0,2,0,1,2,2,0,0,1,0,1,0,0,0,0,1,0,3,1,1,2,0,0,0,2,0,0,0,0,0,0,0,2,0,1,1,3,0,0,1,0,0,3,1,3,1,0,0,0,0,0,1,0,2,2,1,0,0,0,1,1,1,1,1,0,1,0,1,1,1,0,2,0,1,0,1,1,0,1,2,1,0,1,0,2,3,2,0,0,0,0,3,2,1,1,2,1,0,1,1,0,0,2,0,0,0,0,0,0,0
"Seguridad","Sinaloa","Aborto",NA,0,0,2,0,2,0,1,0,2,0,0,2,0,0,1,4,1,0,0,1,0,1,0,1,0,0,2,0,1,1,2,0,0,1,1,1,1,0,1,0,1,3,0,1,0,0,2,0,0,0,2,1,1,0,2,1,0,1,0,1,0,2,0,0,0,0,0,0,2,0,0,0,0,0,0,2,0,1,1,1,2,0,0,1,2,1,0,1,1,0,0,0,1,0,0,0,0,0,0,0,0,0,0,0,0,0,0,0,0,0,0,0,0,0,0,0,0,0,0,0,0,0,0,0,0,0,0,0,0,0,0,0
"Seguridad","Sonora","Aborto",NA,0,0,0,0,0,0,0,0,0,0,0,3,0,0,0,0,1,1,0,0,0,0,1,1,0,0,0,0,1,0,0,0,0,1,0,0,2,0,0,0,0,1,0,0,0,1,2,1,0,0,0,0,0,0,0,0,1,0,0,2,0,0,0,0,1,0,1,0,2,0,1,0,1,3,4,0,0,1,1,1,0,0,0,0,0,0,0,1,2,1,0,0,0,1,0,1,1,0,3,0,0,3,0,0,2,0,0,0,0,1,0,0,0,0,1,1,0,1,0,1,0,1,0,2,2,1,0,0,0,0,0,0
"Seguridad","Tabasco","Aborto",NA,0,0,0,1,0,0,0,0,0,0,0,0,0,1,0,1,0,0,0,0,0,0,1,0,0,3,0,0,0,0,0,0,0,0,0,0,0,2,0,0,0,0,0,0,0,0,0,0,0,0,1,0,1,0,0,0,0,0,0,0,0,0,0,0,0,0,2,0,0,0,0,0,0,1,1,0,0,1,1,0,1,0,0,0,0,0,1,1,1,0,0,2,1,0,1,1,1,1,0,3,2,2,1,0,0,0,0,0,0,1,0,0,0,1,0,0,1,0,0,0,0,0,0,0,0,0,0,0,0,0,0,0
"Seguridad","Tamaulipas","Aborto",NA,3,0,3,0,3,3,2,3,2,1,4,1,3,2,3,1,3,2,3,3,2,6,1,4,2,3,3,3,5,3,1,5,3,1,1,2,4,2,4,7,4,3,0,6,4,4,4,4,4,4,4,4,5,2,4,1,4,3,4,6,4,2,6,2,3,1,2,4,5,0,4,1,2,3,3,6,4,9,1,5,2,2,4,3,2,4,3,9,4,4,3,3,1,0,2,5,6,5,6,7,5,5,2,0,1,4,4,3,8,7,3,6,8,7,1,5,3,2,11,8,3,4,3,4,6,7,0,0,0,0,0,0
"Seguridad","Tlaxcala","Aborto",NA,0,0,0,1,0,1,1,1,0,0,0,0,0,0,0,1,0,0,0,1,1,1,0,0,0,0,0,1,1,0,1,0,1,0,0,0,0,0,0,0,0,0,0,0,0,0,0,0,0,0,0,0,0,0,0,0,0,0,0,0,0,0,0,0,0,0,0,0,0,0,0,0,0,0,0,0,0,0,0,0,0,0,0,0,0,0,0,0,0,0,0,0,0,0,0,0,0,0,0,0,0,0,0,0,0,0,0,0,0,0,0,0,0,0,0,0,0,0,0,0,0,0,0,0,0,0,0,0,0,0,0,0
"Seguridad","Veracruz de Ignacio de la Llave","Aborto",NA,2,3,3,0,1,1,0,2,2,0,1,0,3,1,1,2,2,5,2,5,1,2,2,3,3,4,1,3,2,2,4,4,2,4,3,1,4,1,3,4,4,2,2,1,3,1,2,1,2,3,7,4,5,2,3,1,3,2,3,1,0,3,2,5,1,1,1,3,2,0,3,1,0,2,3,2,1,2,3,0,2,5,2,2,0,7,4,2,3,3,2,1,1,1,0,2,2,0,1,2,10,5,3,6,4,1,1,5,0,1,3,1,1,0,0,1,0,1,2,1,1,2,0,1,0,3,0,0,0,0,0,0
"Seguridad","Yucatán","Aborto",NA,0,1,2,0,0,3,2,1,1,4,1,0,1,0,3,0,1,1,2,0,0,0,0,0,0,0,0,0,0,0,0,0,0,0,0,0,0,0,0,0,0,0,0,0,0,0,0,0,0,0,0,0,0,0,0,0,0,0,0,0,0,0,0,0,0,0,0,0,0,0,0,0,0,0,0,0,0,0,0,0,0,0,0,0,0,0,0,0,0,0,0,0,1,0,0,0,0,1,0,1,0,0,0,0,0,0,0,0,0,0,0,0,1,0,0,0,0,0,0,0,0,0,0,0,0,0,0,0,0,0,0,0
"Seguridad","Zacatecas","Aborto",NA,0,0,0,0,0,1,1,0,0,0,0,0,0,0,0,0,0,0,0,1,0,0,0,0,0,1,0,0,0,0,0,0,0,0,0,0,1,0,1,2,0,0,0,0,0,0,0,0,0,0,0,0,0,0,0,0,0,0,0,0,0,0,1,0,0,0,0,0,0,0,1,1,1,0,3,0,1,0,0,0,0,0,1,0,0,0,0,0,0,0,0,0,0,0,1,2,1,2,1,1,3,0,0,0,1,0,0,0,0,1,0,0,1,0,0,0,2,0,2,0,0,0,2,0,0,0,0,0,0,0,0,0
"Seguridad","Aguascalientes","Abuso de confianza",NA,41,33,31,22,36,43,30,40,40,34,43,26,32,29,29,47,23,52,31,33,27,31,39,21,29,40,44,30,62,76,81,96,70,66,58,56,73,60,67,73,78,41,77,70,72,70,57,39,50,59,62,60,64,54,68,70,62,69,63,29,38,47,49,16,25,53,67,70,73,72,50,54,50,53,60,50,57,62,71,58,68,67,67,48,43,60,68,67,78,71,63,103,93,80,60,47,69,48,87,71,74,81,80,61,64,67,70,45,66,72,77,72,68,63,76,73,57,60,59,48,71,62,85,54,70,68,0,0,0,0,0,0
"Seguridad","Baja California","Abuso de confianza",NA,63,62,88,77,71,83,86,96,85,95,61,50,43,34,64,51,55,57,46,57,44,77,63,62,58,35,42,48,57,51,58,71,54,69,47,43,21,40,49,45,66,48,54,45,45,69,42,36,35,27,42,45,54,47,72,56,80,76,56,47,43,35,38,17,27,34,50,52,53,48,47,31,29,35,39,63,41,35,50,43,44,45,46,48,26,26,45,30,44,46,48,51,55,56,37,48,34,28,59,65,54,57,66,67,48,54,68,51,41,48,32,61,69,44,50,65,53,72,59,55,42,46,40,61,50,53,0,0,0,0,0,0
"Seguridad","Baja California Sur","Abuso de confianza",NA,30,42,28,22,19,30,31,29,20,27,34,42,24,24,26,37,27,42,32,33,29,37,24,29,29,27,23,23,23,24,28,19,15,18,26,15,18,22,28,23,21,19,23,29,18,25,26,18,18,21,17,12,32,30,32,29,37,36,17,20,19,23,33,13,20,22,29,20,19,25,19,16,12,26,38,25,23,29,26,15,23,20,18,12,15,19,22,27,22,34,19,30,22,22,24,10,27,25,30,26,25,25,25,25,20,35,32,25,33,42,26,34,30,18,32,49,27,32,21,21,13,17,35,22,35,29,0,0,0,0,0,0
"Seguridad","Campeche","Abuso de confianza",NA,0,0,0,0,0,0,0,0,0,0,0,0,0,0,0,0,0,0,0,0,0,0,1,0,0,0,0,0,0,0,0,0,0,0,0,0,0,0,0,0,0,0,0,0,1,0,0,0,0,0,0,0,0,0,0,0,0,1,0,1,0,0,0,0,0,0,0,0,0,0,0,0,0,1,0,0,0,0,0,0,0,0,35,39,41,34,47,40,34,37,37,44,41,48,40,43,42,39,48,40,53,48,33,47,3,8,17,14,13,9,9,10,13,15,4,3,0,3,3,2,0,4,1,0,0,3,0,0,0,0,0,0
"Seguridad","Chiapas","Abuso de confianza",NA,5,8,10,11,8,11,6,10,7,7,3,3,11,13,6,18,10,12,3,16,12,18,15,12,15,25,34,16,24,16,12,22,15,19,19,16,10,23,15,14,20,16,20,20,17,16,19,15,18,22,14,9,14,16,25,13,13,13,13,15,12,10,18,5,5,8,4,4,4,8,7,3,4,8,7,4,2,7,2,10,6,11,8,13,10,8,12,8,8,10,8,12,17,14,11,18,11,17,13,18,26,23,23,39,23,15,17,12,11,19,17,17,15,13,15,15,18,17,16,16,19,13,15,7,5,4,0,0,0,0,0,0
"Seguridad","Chihuahua","Abuso de confianza",NA,75,71,76,77,54,74,88,52,69,71,63,58,45,47,62,56,66,55,51,48,60,55,62,49,45,78,79,70,65,74,58,59,62,72,54,50,64,63,47,69,64,45,63,89,55,59,68,75,72,61,47,64,76,63,86,89,69,69,55,67,66,76,66,37,56,83,73,87,73,73,54,64,60,61,82,86,68,91,91,99,96,98,75,98,92,86,102,98,97,111,96,109,86,85,85,52,77,80,105,93,138,106,106,80,98,124,101,115,97,103,105,132,110,99,147,127,128,118,97,79,92,116,117,113,122,126,0,0,0,0,0,0
"Seguridad","Ciudad de México","Abuso de confianza",NA,194,175,188,205,193,205,281,246,245,268,243,262,236,219,242,258,255,305,312,279,306,261,277,263,279,302,339,281,370,324,291,318,273,335,283,288,340,277,308,326,290,348,342,384,347,363,334,364,343,353,340,314,298,329,342,380,330,334,334,335,321,366,331,265,237,276,349,315,340,408,335,314,302,323,431,342,415,425,436,466,550,589,473,576,411,510,380,468,474,456,405,461,406,357,472,347,401,404,487,339,356,390,351,370,331,316,275,257,328,279,316,352,334,274,332,291,293,309,319,306,292,269,388,373,328,350,0,0,0,0,0,0
"Seguridad","Coahuila de Zaragoza","Abuso de confianza",NA,46,28,42,58,47,49,45,47,52,45,25,42,31,38,22,32,38,55,35,47,69,45,45,33,49,57,58,29,36,56,30,46,29,45,56,34,18,42,51,28,51,43,39,46,35,32,41,28,29,54,45,28,52,47,38,47,46,47,32,33,30,47,46,24,35,29,45,55,36,57,44,39,52,47,49,51,51,59,61,59,73,58,46,53,51,56,67,61,73,85,59,68,68,56,53,38,42,43,60,34,56,69,60,45,76,57,44,49,40,54,49,42,62,57,65,63,53,58,47,29,46,63,52,70,65,91,0,0,0,0,0,0
"Seguridad","Colima","Abuso de confianza",NA,4,5,2,5,4,3,1,2,3,3,2,4,24,21,18,14,13,1,1,0,0,0,0,0,36,49,57,34,53,61,52,36,37,33,46,28,40,35,33,45,54,29,32,37,51,48,38,39,51,29,34,36,45,43,64,59,41,52,58,30,47,45,47,29,31,39,36,31,32,36,34,28,27,25,38,44,39,40,43,43,38,41,44,37,38,53,46,39,52,37,44,57,31,42,37,22,25,28,28,21,26,36,35,43,40,31,34,42,60,30,32,32,39,27,29,37,37,29,20,25,27,30,30,28,33,21,0,0,0,0,0,0
"Seguridad","Durango","Abuso de confianza",NA,36,30,25,36,36,42,44,42,58,76,39,53,56,42,64,58,48,64,65,69,64,66,57,63,62,55,74,58,66,93,70,70,68,59,85,52,62,70,44,41,62,61,59,48,42,61,55,31,44,44,52,37,43,72,45,53,58,43,45,36,42,26,42,11,14,12,41,32,40,36,19,37,41,53,58,55,60,53,54,71,68,63,76,77,46,77,66,66,45,73,62,60,56,51,51,63,42,71,66,42,43,66,38,52,47,51,38,43,40,33,53,41,43,27,34,21,26,54,51,6,40,48,56,29,22,20,0,0,0,0,0,0
"Seguridad","Guanajuato","Abuso de confianza",NA,94,100,98,90,86,90,77,94,107,103,91,75,84,98,85,120,114,114,68,84,88,58,79,64,70,74,78,51,74,87,62,94,69,95,88,75,62,126,124,130,118,131,121,133,112,137,106,96,139,162,140,142,166,163,144,169,150,140,128,102,119,141,100,52,76,90,113,101,120,112,110,100,82,108,140,122,120,151,138,144,159,146,123,128,122,113,175,136,151,134,137,148,133,165,128,108,131,150,194,128,159,160,157,160,150,158,146,101,143,145,141,175,174,145,170,160,140,158,168,129,141,164,178,184,181,172,0,0,0,0,0,0
"Seguridad","Guerrero","Abuso de confianza",NA,24,41,28,23,17,26,26,20,25,25,20,27,16,17,21,18,21,19,19,28,31,30,22,13,26,18,23,15,30,29,23,33,17,23,31,24,25,18,17,18,18,21,30,36,28,20,19,17,23,20,25,19,26,24,25,19,21,23,25,19,22,24,22,17,7,20,24,20,24,31,29,22,19,21,29,28,24,29,35,31,26,36,23,23,30,31,33,23,22,30,27,33,27,21,27,20,31,16,37,21,34,31,21,19,23,29,22,26,36,23,18,19,31,29,26,29,19,27,27,29,22,21,26,23,27,24,0,0,0,0,0,0
"Seguridad","Hidalgo","Abuso de confianza",NA,56,68,35,21,48,32,34,57,42,43,53,46,67,56,38,46,47,80,30,34,62,57,84,55,63,69,67,80,75,85,76,123,101,76,84,60,96,75,82,109,243,90,87,106,99,88,94,75,85,81,69,65,82,51,59,55,66,55,45,54,67,62,63,25,6,4,16,34,40,55,51,27,9,9,34,54,42,33,41,46,52,51,44,30,46,45,31,50,43,36,26,30,48,40,42,29,30,36,48,37,32,44,31,27,37,35,37,23,33,27,19,25,33,36,15,34,22,16,22,16,2,28,36,33,49,66,0,0,0,0,0,0
"Seguridad","Jalisco","Abuso de confianza",NA,67,54,67,57,65,81,81,66,62,54,76,62,58,81,74,78,89,118,95,129,121,157,169,157,149,187,212,167,158,205,179,179,153,217,220,161,259,224,235,188,192,149,160,161,170,176,138,129,197,230,222,193,221,195,205,193,179,187,191,181,206,182,171,98,125,176,190,141,158,156,127,125,119,114,129,142,110,110,112,117,109,125,133,112,111,127,124,104,124,114,118,147,132,128,133,147,168,136,139,116,149,114,128,147,146,201,145,154,122,118,149,121,110,147,164,131,122,122,118,132,142,111,117,113,83,100,0,0,0,0,0,0
"Seguridad","Michoacán de Ocampo","Abuso de confianza",NA,8,11,12,7,13,9,16,24,20,7,24,18,11,14,13,16,17,12,15,22,16,18,27,15,18,14,27,20,18,26,32,60,64,44,38,46,55,45,37,55,56,36,38,48,36,45,18,28,45,45,50,45,51,49,49,44,59,49,48,31,40,54,64,34,41,42,70,47,44,67,44,44,43,45,44,54,49,45,51,64,52,51,43,54,46,56,49,55,71,60,60,71,61,67,51,48,47,61,58,57,56,71,57,63,55,62,56,57,68,45,59,57,78,54,58,64,59,87,72,64,48,63,65,79,68,65,0,0,0,0,0,0
"Seguridad","Morelos","Abuso de confianza",NA,47,67,56,50,61,58,63,57,74,77,51,48,57,56,61,68,45,50,53,46,59,56,56,55,72,69,48,61,65,55,50,56,73,72,69,59,65,51,54,88,69,67,62,83,71,85,69,49,44,48,61,54,52,42,55,58,57,60,51,56,51,51,43,21,32,37,54,60,57,51,45,48,58,52,64,65,45,59,65,72,61,60,64,58,43,39,71,53,55,61,50,70,51,62,38,46,45,56,61,58,55,41,51,58,64,43,58,35,50,58,42,52,54,52,57,54,45,49,41,41,62,44,54,53,49,57,0,0,0,0,0,0
"Seguridad","México","Abuso de confianza",NA,232,211,252,185,218,225,220,238,251,263,217,192,191,188,218,230,187,163,192,216,215,237,199,189,230,215,237,239,290,275,291,314,317,353,283,212,263,261,306,322,293,290,263,289,261,278,285,212,212,253,277,254,265,373,307,394,358,339,280,249,298,287,248,267,180,219,287,339,304,352,287,265,270,406,394,352,333,350,287,358,492,369,315,285,291,352,303,305,332,305,314,307,316,366,367,280,344,297,347,295,324,367,294,348,358,437,369,289,345,398,355,369,342,387,399,444,453,447,419,354,436,429,417,400,448,463,0,0,0,0,0,0
"Seguridad","Nayarit","Abuso de confianza",NA,7,18,19,14,16,13,9,9,10,24,12,10,5,9,6,4,10,9,5,7,5,14,10,3,3,13,6,2,2,2,1,0,3,1,3,1,0,0,2,0,1,3,1,3,1,2,2,5,2,5,2,1,5,4,4,7,0,2,7,6,4,1,2,1,3,1,1,1,6,2,4,4,0,3,1,0,7,3,0,2,0,3,2,2,2,0,2,2,7,5,6,9,6,10,8,1,12,7,6,6,10,6,7,6,13,24,27,21,21,21,16,22,23,19,22,17,14,18,12,8,24,8,17,16,11,13,0,0,0,0,0,0
"Seguridad","Nuevo León","Abuso de confianza",NA,69,64,58,67,72,78,50,44,94,84,60,74,69,53,47,61,73,91,74,88,100,93,97,157,108,101,117,100,115,94,103,95,85,120,117,112,91,92,118,90,116,107,102,120,76,111,83,57,89,69,88,74,80,80,87,87,87,121,85,91,61,89,49,24,25,62,49,86,83,89,105,123,57,116,76,72,84,107,83,109,77,89,137,89,85,69,96,74,88,88,89,109,134,106,112,94,102,95,132,66,77,91,81,98,87,87,104,76,89,120,88,101,77,89,94,93,93,108,65,35,51,38,47,63,61,54,0,0,0,0,0,0
"Seguridad","Oaxaca","Abuso de confianza",NA,0,5,0,0,6,0,0,11,0,0,9,0,18,29,32,33,27,28,23,21,32,0,22,15,18,8,3,32,10,13,12,12,18,35,15,23,32,28,33,40,42,20,32,29,32,34,29,27,44,37,42,46,47,32,53,40,48,62,37,45,41,37,38,16,27,41,41,62,55,51,38,45,41,47,51,35,40,41,44,48,40,30,33,40,39,27,35,38,38,42,35,29,33,35,19,30,31,32,33,24,41,34,42,47,44,32,36,29,56,30,39,32,31,41,32,33,31,37,28,32,30,23,26,36,20,19,0,0,0,0,0,0
"Seguridad","Puebla","Abuso de confianza",NA,115,111,120,95,108,113,106,115,85,118,96,89,77,91,83,78,96,75,13,9,23,56,56,36,62,49,65,82,62,87,72,60,55,71,57,48,59,54,65,68,44,49,54,72,68,62,74,62,62,117,146,151,167,155,201,92,76,86,87,69,76,64,84,46,58,64,99,93,108,109,106,92,90,114,121,146,126,138,155,120,120,147,112,157,112,103,147,106,118,148,135,141,109,131,118,144,89,100,116,110,110,141,127,125,115,114,113,129,135,108,122,97,94,102,124,119,114,97,92,89,112,108,132,133,110,149,0,0,0,0,0,0
"Seguridad","Querétaro","Abuso de confianza",NA,36,23,30,33,40,39,60,32,39,41,54,32,44,31,52,42,54,54,44,35,67,52,39,50,46,59,49,54,60,44,60,61,64,46,48,44,42,53,55,64,58,45,68,55,44,49,46,43,53,64,55,44,53,48,75,59,61,69,47,53,53,48,55,38,26,33,54,50,66,53,50,61,66,76,76,57,48,85,61,40,57,54,41,54,31,52,59,68,62,47,79,59,58,55,63,74,56,61,75,53,64,78,79,65,75,64,67,59,73,58,57,65,58,73,78,68,50,79,78,37,72,55,57,55,70,65,0,0,0,0,0,0
"Seguridad","Quintana Roo","Abuso de confianza",NA,47,40,58,52,54,65,67,56,47,38,43,34,33,25,26,24,14,18,21,16,30,42,37,36,28,39,46,55,45,37,39,31,42,35,38,44,28,37,43,43,37,44,49,42,36,45,40,30,50,43,52,46,64,72,43,67,48,61,53,43,179,140,167,53,91,152,209,187,213,176,239,230,204,216,246,230,213,253,253,198,218,270,238,255,271,233,241,251,306,232,257,325,281,293,264,312,278,227,353,274,323,353,263,327,363,346,348,269,328,313,423,379,354,299,354,400,315,360,328,312,294,378,310,378,415,361,0,0,0,0,0,0
"Seguridad","San Luis Potosí","Abuso de confianza",NA,35,33,43,22,29,28,32,29,26,35,29,40,21,25,28,32,26,23,68,40,44,24,22,28,35,38,37,35,35,34,27,34,26,41,16,17,27,30,26,33,37,31,29,45,24,76,59,47,52,68,93,71,70,71,101,104,95,102,82,72,76,65,52,21,27,46,108,57,68,80,68,49,52,39,74,69,65,140,72,86,72,61,62,60,52,54,78,55,63,72,64,55,60,46,62,46,68,58,57,61,74,71,66,62,58,60,63,42,52,58,37,70,67,57,70,36,85,45,64,40,66,50,62,61,67,66,0,0,0,0,0,0
"Seguridad","Sinaloa","Abuso de confianza",NA,33,30,24,14,26,23,25,22,16,15,7,4,28,37,44,36,28,23,15,18,14,11,12,13,20,15,19,10,18,21,11,15,23,17,17,10,20,16,18,23,13,23,5,11,12,7,9,11,11,11,12,12,18,11,17,19,21,23,37,16,18,19,13,4,7,16,24,16,33,27,30,26,28,35,30,27,31,27,16,24,26,26,22,20,25,24,26,21,25,36,26,39,30,40,31,21,33,29,36,21,45,37,24,36,37,24,17,17,23,38,30,28,26,33,19,29,41,35,28,33,28,33,22,31,30,40,0,0,0,0,0,0
"Seguridad","Sonora","Abuso de confianza",NA,11,22,29,33,23,18,22,15,21,17,14,18,13,45,25,43,38,42,49,34,27,30,24,21,34,25,49,43,34,45,14,29,41,33,22,19,9,22,15,24,23,20,11,25,30,22,16,7,14,17,19,20,27,25,15,15,24,20,31,19,16,12,14,5,4,4,20,17,24,25,29,31,21,12,35,23,25,15,15,12,15,15,8,7,5,8,11,8,11,7,10,7,18,15,16,3,8,9,11,8,9,9,7,10,19,13,8,5,12,7,5,4,5,6,4,6,18,14,28,19,14,26,15,28,20,11,0,0,0,0,0,0
"Seguridad","Tabasco","Abuso de confianza",NA,33,21,34,33,24,40,34,25,25,22,33,29,22,42,25,35,36,36,44,40,33,44,44,48,41,48,48,33,58,52,47,71,37,44,51,31,41,43,38,52,42,43,51,38,35,47,33,26,54,59,59,64,73,60,64,45,54,63,54,41,49,64,49,10,16,46,55,57,80,52,45,60,50,46,70,55,67,66,64,75,66,67,64,55,54,52,74,62,61,85,76,82,53,72,74,59,65,48,65,53,73,58,65,72,51,70,51,45,46,56,62,46,58,62,71,60,50,57,33,34,29,29,53,43,64,42,0,0,0,0,0,0
"Seguridad","Tamaulipas","Abuso de confianza",NA,24,38,28,24,41,52,24,27,55,45,52,34,35,30,40,58,73,81,77,74,92,97,75,80,85,54,61,47,59,67,67,66,62,63,81,46,55,61,43,66,70,53,71,53,60,52,38,47,58,53,59,65,66,57,55,58,44,50,44,38,36,42,49,10,20,38,26,46,40,50,33,31,46,30,36,56,51,43,45,48,55,58,40,55,48,38,41,58,53,51,76,60,51,64,54,51,63,51,67,47,54,65,55,75,60,63,52,39,35,42,45,68,55,54,54,53,63,64,55,46,32,48,56,61,49,49,0,0,0,0,0,0
"Seguridad","Tlaxcala","Abuso de confianza",NA,3,8,8,7,4,7,3,6,5,7,3,4,11,7,5,8,5,4,7,4,2,0,0,2,1,0,3,1,2,2,1,5,8,4,1,3,2,5,1,2,4,4,5,7,0,1,3,4,1,1,1,2,2,1,4,0,1,0,0,1,1,2,3,0,0,0,0,0,0,2,2,1,0,1,2,3,1,4,0,2,1,3,3,1,2,2,3,0,2,1,1,0,2,0,2,0,0,0,0,0,0,0,0,0,0,1,1,0,0,0,0,0,0,0,0,0,1,0,0,0,0,1,0,0,0,0,0,0,0,0,0,0
"Seguridad","Veracruz de Ignacio de la Llave","Abuso de confianza",NA,37,74,74,80,70,78,82,81,77,67,60,41,33,49,42,53,52,40,29,33,34,32,39,30,58,66,78,39,57,53,56,58,69,73,49,51,39,58,55,61,38,36,49,62,54,63,49,48,52,118,82,90,115,113,102,86,108,117,97,81,110,121,116,51,61,77,77,103,132,122,134,90,109,107,145,131,110,134,116,91,102,97,119,131,87,121,146,124,127,96,86,99,102,88,124,101,107,84,125,97,122,112,123,109,114,107,101,93,103,147,121,148,146,138,121,70,78,81,76,70,84,85,93,77,72,91,0,0,0,0,0,0
"Seguridad","Yucatán","Abuso de confianza",NA,91,99,82,72,98,107,93,79,97,107,115,91,108,154,158,105,101,112,115,113,98,102,128,114,121,119,125,86,98,57,27,40,36,24,26,20,35,32,44,13,26,37,26,31,30,34,39,36,18,13,51,85,54,34,80,42,44,42,43,43,61,36,40,20,14,19,24,26,44,45,60,38,40,33,24,54,66,7,10,8,9,13,10,5,8,8,7,1,11,15,13,12,12,7,6,9,8,7,7,8,6,7,13,7,9,9,6,13,14,4,6,10,5,4,2,8,2,8,9,5,8,5,3,9,12,9,0,0,0,0,0,0
"Seguridad","Zacatecas","Abuso de confianza",NA,27,20,31,25,27,27,22,18,34,21,20,18,14,19,21,20,13,39,30,28,22,38,31,30,27,27,34,16,36,30,25,29,16,32,28,23,26,43,30,34,31,39,32,49,47,31,24,31,29,23,46,22,35,36,31,33,28,34,36,21,27,36,23,14,11,41,26,21,25,17,27,26,21,33,34,30,20,37,36,21,25,28,36,21,37,28,37,31,34,24,38,36,18,24,27,18,23,20,39,22,26,30,31,15,17,33,31,14,17,26,21,20,18,26,30,36,32,25,18,24,29,29,27,15,33,26,0,0,0,0,0,0
"Seguridad","Aguascalientes","Abuso sexual",NA,6,4,0,2,1,1,1,1,0,0,1,1,1,0,0,0,0,0,0,0,0,0,0,0,0,0,0,0,0,0,0,0,0,0,0,0,0,0,0,0,0,0,0,0,0,0,0,0,0,0,0,0,0,0,0,0,0,0,0,0,0,0,0,0,0,0,0,0,0,0,0,0,0,0,0,0,0,0,0,0,0,0,0,0,0,0,0,0,0,0,0,0,0,0,0,0,0,0,0,0,0,0,0,0,0,0,0,0,0,0,0,0,0,0,0,0,0,0,0,0,0,0,0,0,0,0,0,0,0,0,0,0
"Seguridad","Baja California","Abuso sexual",NA,87,77,122,105,119,131,102,112,118,105,92,77,75,89,96,99,120,96,124,115,99,107,81,74,80,75,102,97,105,81,127,86,99,89,102,68,76,76,92,103,124,119,126,143,126,125,97,91,86,109,127,99,124,142,117,111,148,122,116,83,134,155,136,52,79,98,107,132,108,112,78,77,70,90,121,104,121,136,144,138,97,115,90,71,86,73,139,152,169,190,174,131,152,166,146,102,118,125,183,156,168,230,159,136,160,195,173,106,111,129,147,156,159,211,178,154,184,186,117,108,106,129,151,135,121,152,0,0,0,0,0,0
"Seguridad","Baja California Sur","Abuso sexual",NA,0,0,0,8,5,7,11,17,7,15,19,4,15,18,11,9,17,12,19,20,16,19,11,14,19,8,19,14,14,26,26,25,27,31,16,7,20,19,28,25,22,22,13,24,23,43,28,23,22,24,26,22,26,37,31,21,31,34,20,21,29,35,25,15,12,19,30,23,24,26,23,19,20,23,24,13,26,36,19,26,34,37,28,27,26,26,34,38,39,43,30,45,35,37,48,28,30,36,43,31,34,37,34,34,42,47,25,36,44,36,42,34,35,39,44,36,45,49,48,26,31,31,35,36,32,39,0,0,0,0,0,0
"Seguridad","Campeche","Abuso sexual",NA,0,0,0,1,2,1,0,2,0,2,0,1,0,3,3,3,2,0,2,2,0,3,2,1,4,2,3,2,4,3,4,4,7,8,5,5,3,1,3,3,3,5,8,3,3,6,4,2,6,4,2,5,9,4,4,3,6,3,2,7,9,7,3,2,1,2,4,3,7,6,5,4,3,2,6,3,4,6,5,6,0,7,25,29,33,24,37,33,43,43,39,20,22,24,30,22,28,36,43,33,40,31,26,24,21,22,21,16,20,17,30,26,32,24,17,14,6,17,5,17,9,11,12,8,9,12,0,0,0,0,0,0
"Seguridad","Chiapas","Abuso sexual",NA,16,19,36,26,22,27,17,12,19,26,25,21,32,27,19,30,24,23,29,21,24,41,24,17,20,17,16,15,17,18,20,18,16,15,23,18,15,18,22,14,20,20,11,14,24,25,14,11,12,14,18,13,25,5,10,15,16,15,9,10,17,19,19,10,11,3,10,15,12,8,12,12,17,12,17,18,18,19,21,22,10,17,20,16,20,18,21,23,21,13,18,22,15,12,18,17,13,13,11,15,13,16,15,14,13,11,20,15,14,14,12,21,9,11,11,8,10,13,10,9,13,5,9,9,13,12,0,0,0,0,0,0
"Seguridad","Chihuahua","Abuso sexual",NA,60,84,85,84,135,124,85,104,81,84,69,69,68,79,81,100,116,99,121,84,88,93,76,71,74,83,85,98,124,109,122,93,103,107,112,72,77,78,116,113,137,145,113,135,108,93,104,82,87,101,117,122,121,150,110,134,131,127,88,91,96,105,153,79,103,122,132,146,114,117,60,66,103,105,149,150,150,165,157,150,143,160,129,130,88,145,167,177,214,226,155,148,159,184,156,135,152,143,227,174,207,250,177,145,167,181,131,90,111,139,162,188,197,183,158,136,154,183,183,114,121,123,172,183,184,173,0,0,0,0,0,0
"Seguridad","Ciudad de México","Abuso sexual",NA,96,102,123,126,157,158,149,156,153,173,158,95,123,143,151,193,249,229,175,135,141,115,126,95,94,95,126,144,141,170,130,136,105,142,141,102,143,161,205,224,202,183,172,198,252,323,256,242,288,392,379,302,366,347,333,350,304,371,313,308,268,419,427,168,129,192,234,239,266,277,260,242,206,280,405,346,333,369,320,353,307,373,308,332,247,291,433,432,466,462,401,370,380,431,433,310,329,385,510,352,426,456,376,394,373,433,350,358,311,350,379,374,400,379,437,368,330,369,347,239,310,319,317,342,374,322,0,0,0,0,0,0
"Seguridad","Coahuila de Zaragoza","Abuso sexual",NA,19,22,28,26,19,36,28,21,34,34,20,24,12,31,32,40,42,50,41,34,52,30,37,30,28,30,55,43,46,53,34,47,43,40,54,17,31,34,44,53,67,65,28,58,53,52,45,44,36,57,41,43,48,39,39,64,58,62,43,29,43,46,48,55,32,61,39,42,59,56,52,45,46,71,64,81,61,76,73,58,96,75,72,55,44,74,97,83,110,144,77,82,96,80,81,78,68,70,128,87,74,104,53,68,83,55,77,68,46,82,68,85,95,95,68,91,80,88,81,37,59,59,83,75,66,70,0,0,0,0,0,0
"Seguridad","Colima","Abuso sexual",NA,8,1,3,4,2,1,1,0,3,0,2,1,9,6,4,0,0,0,1,0,1,5,3,1,15,15,7,11,12,14,18,16,19,31,10,16,12,9,19,13,9,16,27,24,17,27,17,14,15,20,27,19,21,19,21,23,18,18,19,20,27,33,30,17,26,36,25,22,30,26,23,24,17,18,39,30,41,31,25,26,36,28,27,24,14,24,41,28,39,44,38,34,39,40,41,22,28,27,39,26,25,31,49,43,44,47,28,15,19,23,31,39,36,37,33,38,27,38,23,24,36,26,30,27,20,30,0,0,0,0,0,0
"Seguridad","Durango","Abuso sexual",NA,1,1,2,2,15,25,32,20,24,26,22,12,21,18,21,30,19,28,17,30,26,31,42,34,29,27,20,21,12,37,20,22,21,19,27,18,25,23,19,30,50,49,34,38,22,39,30,19,31,44,40,39,51,57,45,35,44,53,26,14,30,43,38,22,29,26,22,51,53,34,26,30,37,46,46,38,50,52,45,58,45,46,42,43,29,38,71,58,57,54,47,50,55,41,40,30,28,35,62,57,56,54,41,49,55,41,38,30,27,29,54,44,55,52,41,49,54,41,38,30,27,29,49,42,49,51,0,0,0,0,0,0
"Seguridad","Guanajuato","Abuso sexual",NA,78,83,80,87,81,74,75,94,81,99,75,61,59,69,81,85,106,74,80,82,83,97,77,77,75,85,79,91,104,98,76,85,86,63,71,55,67,81,69,79,94,62,72,87,80,100,90,67,68,97,86,106,127,93,90,99,96,98,102,100,94,89,130,81,91,107,85,83,94,108,85,94,76,86,144,127,123,92,115,114,95,113,85,104,84,110,140,145,146,134,106,134,123,135,100,93,95,126,169,121,136,145,125,122,123,129,118,82,94,80,137,121,139,124,120,119,121,118,113,73,97,142,169,143,146,139,0,0,0,0,0,0
"Seguridad","Guerrero","Abuso sexual",NA,26,28,18,29,21,23,17,16,18,24,15,16,17,17,19,25,19,18,19,16,16,16,16,15,14,9,21,20,20,24,18,14,22,13,21,13,11,11,6,13,11,11,13,12,17,22,18,20,15,22,29,27,28,24,23,23,27,19,30,19,20,27,34,22,13,20,30,29,28,29,37,27,21,29,30,31,35,25,29,20,30,41,30,34,26,34,39,52,41,30,36,29,37,46,48,33,30,33,53,44,42,46,33,27,35,39,20,29,22,21,38,33,41,36,27,25,22,34,34,39,33,30,32,31,37,24,0,0,0,0,0,0
"Seguridad","Hidalgo","Abuso sexual",NA,0,0,0,0,15,18,26,26,17,19,11,26,19,23,20,12,26,33,23,22,46,25,45,40,22,50,32,27,63,40,27,39,28,35,47,32,23,28,39,53,49,38,37,65,48,51,50,33,65,85,58,57,54,71,48,42,54,70,68,31,49,68,70,44,44,40,66,76,74,66,67,42,41,38,80,59,78,67,52,44,50,64,49,33,38,43,58,45,77,74,46,73,53,60,74,32,57,61,81,57,62,83,69,73,73,48,56,36,33,65,65,66,63,78,36,56,54,62,54,40,53,56,60,63,63,62,0,0,0,0,0,0
"Seguridad","Jalisco","Abuso sexual",NA,112,101,125,122,105,125,115,127,125,180,180,155,147,140,168,238,226,208,146,179,192,272,172,257,156,183,193,223,234,202,223,195,213,187,185,127,174,134,188,191,204,173,186,216,176,168,193,153,215,175,221,229,286,198,176,226,181,180,166,170,161,199,220,176,176,183,165,179,188,184,161,145,163,165,241,224,206,206,207,202,199,196,183,186,160,202,254,256,260,223,272,265,329,357,359,361,331,347,427,423,429,371,397,441,516,499,450,371,401,395,458,504,521,493,424,396,431,455,442,403,410,402,506,470,523,460,0,0,0,0,0,0
"Seguridad","Michoacán de Ocampo","Abuso sexual",NA,21,20,27,28,19,18,34,21,17,28,22,18,22,18,20,20,17,21,8,23,12,14,18,18,18,23,19,15,21,23,20,26,21,39,27,18,21,24,31,31,34,23,23,34,34,26,41,17,24,26,38,39,38,40,41,42,35,40,33,31,43,36,47,42,49,43,39,50,49,33,39,46,44,44,62,58,36,47,48,46,45,46,41,54,53,45,60,55,73,55,35,57,49,56,60,59,48,57,74,57,56,59,41,61,49,44,52,33,32,42,47,56,58,50,44,48,54,54,39,56,47,41,62,62,56,42,0,0,0,0,0,0
"Seguridad","Morelos","Abuso sexual",NA,28,36,33,26,33,26,22,26,26,33,34,29,26,24,42,35,32,41,29,23,25,36,25,31,30,37,45,45,44,48,36,39,30,45,31,23,20,35,47,34,41,45,43,36,39,36,40,38,28,49,49,49,34,46,41,33,37,45,49,36,31,41,49,26,31,23,44,43,42,52,42,45,41,47,53,55,44,42,46,52,44,56,34,36,37,43,70,36,73,65,57,47,50,71,43,33,46,64,67,46,63,61,51,41,47,53,50,33,37,44,66,44,51,60,42,43,50,62,56,44,44,52,58,42,59,52,0,0,0,0,0,0
"Seguridad","México","Abuso sexual",NA,0,0,2,0,0,9,78,83,74,100,93,93,90,112,110,149,177,153,121,122,139,124,111,121,88,118,148,129,167,188,154,143,134,166,149,119,115,138,174,161,164,176,183,178,184,201,199,104,172,238,246,190,242,268,187,249,219,238,219,203,236,275,308,187,140,179,181,268,270,293,299,255,258,290,447,370,367,356,369,347,289,342,307,329,276,356,509,564,573,539,463,429,462,513,441,361,393,456,563,462,470,582,428,400,441,453,400,265,336,411,465,491,497,493,361,381,394,403,434,308,350,426,510,387,432,395,0,0,0,0,0,0
"Seguridad","Nayarit","Abuso sexual",NA,0,0,0,0,0,0,0,0,0,0,0,0,0,0,0,0,0,0,0,0,0,0,0,0,0,0,0,0,0,0,0,0,0,0,0,0,0,0,0,0,0,0,0,0,0,0,0,0,0,0,0,0,0,0,0,0,0,0,0,0,0,0,0,0,0,0,0,0,0,0,0,0,0,0,0,0,0,0,0,0,0,0,0,0,0,0,0,0,0,0,0,0,0,0,0,0,0,0,19,22,28,37,23,28,31,35,27,27,25,11,24,35,25,27,35,23,27,37,24,18,18,25,26,19,23,12,0,0,0,0,0,0
"Seguridad","Nuevo León","Abuso sexual",NA,48,53,60,76,73,98,88,95,97,81,82,50,57,70,92,89,91,97,89,78,72,81,84,46,64,60,84,72,115,111,82,97,98,97,77,50,53,79,94,93,117,118,113,108,85,103,71,78,60,90,77,113,97,130,99,116,86,132,81,90,84,123,156,64,82,92,123,103,130,105,121,105,97,94,174,154,160,171,141,119,158,152,115,118,84,105,205,160,212,192,148,173,152,166,135,93,141,113,210,163,200,164,135,143,173,157,117,96,113,135,133,133,164,119,133,123,130,155,122,76,91,121,167,117,119,152,0,0,0,0,0,0
"Seguridad","Oaxaca","Abuso sexual",NA,0,21,0,0,22,0,0,22,0,0,17,0,38,35,26,51,32,42,35,29,28,0,23,20,20,20,41,32,26,31,34,32,38,34,38,37,31,39,45,50,58,49,54,49,46,38,31,35,39,44,62,58,67,45,44,61,52,54,53,43,52,59,78,27,30,50,28,34,39,53,43,35,41,38,77,48,55,44,39,39,34,48,43,40,40,22,43,39,48,38,58,34,50,47,49,23,45,53,58,33,56,61,48,51,51,49,43,39,39,44,46,50,50,30,37,60,36,57,34,37,31,33,34,47,29,40,0,0,0,0,0,0
"Seguridad","Puebla","Abuso sexual",NA,0,0,0,0,0,0,0,0,0,0,0,0,0,0,0,0,0,0,0,0,0,0,0,0,0,0,0,0,0,0,0,0,0,0,0,0,0,38,58,48,61,64,41,56,52,67,58,32,40,53,57,59,70,53,66,67,64,78,52,53,62,84,81,48,50,51,50,55,65,61,63,48,51,54,94,65,80,59,70,80,69,81,70,55,50,75,101,83,89,69,87,75,90,81,79,54,68,71,96,84,82,87,71,78,90,71,62,55,78,74,69,92,79,87,92,106,86,82,94,61,71,76,88,80,84,78,0,0,0,0,0,0
"Seguridad","Querétaro","Abuso sexual",NA,20,13,14,25,25,17,21,23,20,29,26,17,22,14,16,20,28,24,31,28,34,25,30,22,27,25,34,27,43,35,30,23,27,32,32,23,19,29,35,43,31,39,46,27,37,34,39,34,29,47,48,54,59,44,50,57,34,39,39,40,36,39,69,22,47,46,56,41,51,54,48,42,42,39,69,68,48,53,77,68,51,61,54,48,61,36,73,76,67,75,70,60,57,70,60,48,60,62,80,66,83,70,64,52,63,61,40,44,50,63,71,77,96,57,67,62,75,71,63,46,56,45,62,48,52,55,0,0,0,0,0,0
"Seguridad","Quintana Roo","Abuso sexual",NA,41,27,31,45,56,27,40,31,27,30,43,39,30,16,25,25,32,26,28,21,25,26,20,64,18,18,20,23,37,35,24,19,34,31,33,20,25,32,33,24,33,45,38,33,36,27,29,37,48,38,57,59,44,51,52,38,40,41,47,41,40,58,67,19,32,47,57,49,54,50,55,48,70,63,77,63,96,72,87,115,82,84,71,86,58,63,127,113,123,127,92,89,92,120,100,102,105,90,120,95,91,93,73,76,86,105,80,71,104,86,115,102,109,71,89,84,81,88,88,70,67,88,83,79,80,90,0,0,0,0,0,0
"Seguridad","San Luis Potosí","Abuso sexual",NA,13,14,36,24,32,32,20,26,22,26,20,22,11,20,21,35,18,4,28,31,34,26,23,28,36,26,23,30,44,27,30,30,30,28,31,33,26,32,28,24,38,48,43,27,42,39,33,40,32,42,51,42,38,43,50,52,46,51,63,39,34,52,71,26,27,41,50,40,45,38,48,32,40,44,69,62,51,58,50,67,51,48,44,64,38,53,70,72,69,56,53,42,53,62,52,52,44,63,88,60,59,68,66,75,59,52,52,37,51,52,67,60,59,48,61,56,75,74,52,49,54,60,62,50,61,61,0,0,0,0,0,0
"Seguridad","Sinaloa","Abuso sexual",NA,12,24,25,22,18,17,18,15,16,29,13,17,13,15,25,23,19,30,21,24,16,21,29,10,13,12,28,15,15,19,10,22,20,27,23,10,23,29,24,19,37,30,24,27,27,17,18,19,22,18,19,24,41,27,27,27,40,29,31,19,32,28,38,22,22,22,32,25,39,26,37,36,34,31,34,36,35,35,28,38,37,36,36,27,24,38,52,51,54,46,37,37,45,56,39,30,43,41,63,39,64,60,40,46,37,50,39,32,50,33,42,59,65,49,42,44,44,49,43,35,34,47,49,37,39,51,0,0,0,0,0,0
"Seguridad","Sonora","Abuso sexual",NA,15,21,29,20,20,25,21,16,23,26,20,15,18,22,25,37,36,61,72,42,43,27,28,12,23,38,50,26,35,25,33,29,28,43,15,17,16,17,22,18,30,32,27,29,28,51,27,27,34,22,17,37,49,51,44,53,43,28,40,33,30,47,41,20,45,59,39,46,57,54,54,40,45,52,106,60,75,84,54,37,65,48,60,32,42,43,49,45,80,41,57,57,71,37,54,43,55,75,54,64,75,63,59,68,74,102,58,49,42,38,47,67,61,83,50,48,83,108,99,73,69,42,61,56,52,69,0,0,0,0,0,0
"Seguridad","Tabasco","Abuso sexual",NA,6,4,11,12,7,7,7,4,7,10,8,0,5,10,7,9,13,10,9,15,11,12,15,12,15,10,6,11,11,17,9,12,17,16,12,13,8,8,13,16,18,20,13,8,19,14,14,11,15,12,16,12,16,15,17,21,23,16,6,9,16,18,27,8,2,9,9,11,18,14,11,17,11,16,30,14,24,25,23,20,13,20,18,21,28,21,22,22,21,15,25,11,22,26,25,18,21,22,26,13,25,21,21,17,18,30,25,11,17,32,29,22,27,23,20,14,22,23,20,17,14,10,33,21,23,14,0,0,0,0,0,0
"Seguridad","Tamaulipas","Abuso sexual",NA,0,0,0,0,0,0,0,0,0,0,0,0,0,0,0,0,0,0,11,21,29,47,30,33,32,31,47,33,37,52,26,49,40,45,21,24,19,47,50,51,55,39,38,55,56,59,38,36,38,54,37,50,66,61,53,52,59,54,35,32,49,53,63,22,40,39,33,38,55,51,50,50,36,51,69,53,63,66,70,66,61,70,46,50,40,36,61,68,76,83,52,86,58,89,54,45,74,59,78,90,93,83,66,57,76,76,58,53,51,72,59,64,79,73,68,66,69,66,52,41,53,56,68,64,63,66,0,0,0,0,0,0
"Seguridad","Tlaxcala","Abuso sexual",NA,3,2,2,2,0,3,1,4,6,2,3,1,1,7,1,2,2,0,1,3,0,3,2,1,1,1,0,1,1,1,2,2,5,7,5,1,2,9,12,7,12,8,12,1,2,2,2,2,3,3,0,2,2,0,1,2,2,2,4,1,2,1,5,0,8,0,4,0,2,0,4,1,0,3,7,3,4,5,0,4,2,2,3,0,2,3,1,0,5,4,4,1,3,1,0,0,3,0,2,0,1,1,0,1,1,0,2,2,0,0,5,2,3,3,1,2,1,2,2,1,0,1,0,2,3,1,0,0,0,0,0,0
"Seguridad","Veracruz de Ignacio de la Llave","Abuso sexual",NA,3,2,7,3,0,0,6,7,6,6,4,2,6,8,8,4,5,4,4,2,2,4,4,3,9,6,12,7,7,11,8,6,9,7,3,6,7,15,12,16,11,28,27,23,23,19,19,11,41,63,57,63,71,61,61,48,69,88,62,69,35,55,69,43,56,64,56,58,67,65,64,42,53,64,86,59,91,66,78,72,66,82,72,90,63,63,84,87,105,73,101,88,87,106,67,58,78,72,82,97,127,121,81,99,110,101,81,67,69,87,115,122,101,105,114,105,93,103,85,84,76,91,119,85,100,90,0,0,0,0,0,0
"Seguridad","Yucatán","Abuso sexual",NA,34,32,36,36,42,45,42,28,28,28,34,35,38,32,45,42,43,32,42,33,35,30,26,34,27,30,56,47,54,35,19,26,41,34,27,25,22,42,40,21,19,13,20,17,14,14,9,10,14,13,21,22,23,12,6,12,21,15,14,8,10,4,12,2,3,4,3,8,2,13,9,3,2,4,5,15,5,8,9,3,3,4,0,1,6,3,15,7,3,12,11,6,3,3,3,6,10,8,4,4,8,7,8,10,9,10,14,11,17,7,5,6,10,9,5,7,13,11,14,6,6,15,10,7,10,7,0,0,0,0,0,0
"Seguridad","Zacatecas","Abuso sexual",NA,0,0,0,0,0,0,0,0,0,0,0,0,0,0,0,0,0,0,0,0,4,12,4,6,10,12,13,4,14,24,21,12,8,14,7,3,18,6,7,19,14,17,16,16,17,22,10,19,13,16,29,23,13,21,10,16,21,23,17,15,10,17,25,18,12,15,22,17,21,16,19,12,15,19,24,27,23,24,25,32,22,13,23,12,18,16,23,22,33,39,19,33,36,22,20,15,17,22,28,25,19,39,33,24,37,22,20,28,25,21,40,33,45,36,28,26,28,45,25,19,26,26,24,26,26,29,0,0,0,0,0,0
"Seguridad","Aguascalientes","Acoso sexual",NA,0,0,0,0,0,0,0,0,0,0,0,0,0,0,0,0,0,0,0,0,0,0,0,0,0,0,0,0,0,0,0,0,0,0,0,0,0,0,0,0,0,0,0,0,0,0,0,0,0,0,0,0,0,0,0,0,0,0,0,0,0,0,0,0,0,0,0,0,0,0,0,0,0,0,0,0,0,0,0,0,0,0,0,0,0,0,0,0,0,0,0,0,0,0,0,0,0,0,0,0,0,0,0,0,0,0,0,0,0,0,0,0,0,0,0,0,0,0,0,0,0,0,0,0,0,0,0,0,0,0,0,0
"Seguridad","Baja California","Acoso sexual",NA,0,0,0,0,0,0,0,0,0,0,0,0,0,0,0,0,0,0,0,0,0,0,0,0,0,0,0,0,0,0,0,0,0,0,0,0,0,0,0,0,0,0,0,0,0,0,0,0,0,0,0,0,0,0,0,0,0,0,0,0,0,0,0,0,0,0,0,0,0,0,0,0,0,0,0,0,0,0,0,0,0,0,0,0,0,0,0,0,0,0,0,0,0,0,0,0,0,0,0,4,15,9,12,19,23,16,12,11,13,22,25,15,24,17,13,14,19,18,46,4,12,16,15,17,24,24,0,0,0,0,0,0
"Seguridad","Baja California Sur","Acoso sexual",NA,3,1,0,0,1,1,1,1,1,1,3,1,0,3,5,1,3,8,4,5,0,2,1,1,0,4,3,0,0,0,3,1,1,2,3,0,2,2,2,3,4,3,4,2,1,2,5,1,0,3,5,1,6,2,2,1,2,11,12,4,8,9,15,8,3,9,14,15,13,7,4,5,8,5,15,8,16,18,6,12,8,9,7,7,5,10,7,11,12,14,7,13,7,9,7,9,7,9,17,17,20,19,14,12,19,15,19,6,10,17,16,14,14,19,16,19,9,26,12,8,12,19,21,17,7,19,0,0,0,0,0,0
"Seguridad","Campeche","Acoso sexual",NA,0,0,0,0,0,0,0,0,0,0,0,0,0,0,0,0,0,0,0,0,0,0,0,0,0,0,0,0,0,0,0,0,0,0,0,0,0,0,0,0,0,0,0,0,0,0,0,0,1,1,0,0,0,0,1,0,0,0,0,0,0,0,0,0,0,0,0,0,0,1,1,0,0,0,0,0,0,0,0,0,0,0,8,8,5,4,6,10,2,7,8,6,6,4,11,3,11,4,10,9,8,12,6,7,2,3,3,0,6,5,10,4,6,4,0,0,2,0,1,0,3,2,3,1,1,1,0,0,0,0,0,0
"Seguridad","Chiapas","Acoso sexual",NA,0,0,0,0,0,0,0,0,0,0,0,0,0,0,0,0,0,0,0,0,0,0,0,0,0,0,0,0,0,0,0,0,0,0,0,0,0,0,7,7,6,4,2,10,11,13,9,5,8,11,4,13,6,9,6,4,9,15,7,2,8,11,19,5,4,3,9,7,3,4,6,6,7,6,11,7,9,6,5,3,4,4,19,7,4,6,10,5,6,6,8,9,12,7,7,7,7,9,12,9,4,7,15,12,6,9,7,5,10,8,6,18,7,6,5,8,7,11,11,13,5,6,10,12,8,4,0,0,0,0,0,0
"Seguridad","Chihuahua","Acoso sexual",NA,0,0,0,0,0,0,0,0,0,0,0,0,0,0,0,0,0,0,0,0,0,0,0,0,0,0,0,0,0,0,0,0,0,0,0,0,0,0,0,0,0,0,0,0,0,0,0,0,0,0,0,0,0,0,0,0,0,0,0,0,0,0,0,0,0,0,0,0,0,0,0,0,0,0,0,0,0,0,0,0,0,0,0,0,0,1,14,27,23,22,25,20,31,27,30,14,28,18,42,26,34,44,32,39,17,39,28,19,16,24,29,23,45,38,31,31,33,36,33,25,25,30,37,35,42,44,0,0,0,0,0,0
"Seguridad","Ciudad de México","Acoso sexual",NA,1,1,4,8,9,2,3,1,0,1,3,0,1,0,0,0,4,16,40,28,26,25,18,23,20,18,20,17,29,15,21,17,15,10,15,11,26,18,30,32,40,40,46,41,59,39,44,34,43,77,92,83,94,66,76,85,77,87,64,102,97,167,184,46,46,46,68,65,84,103,97,62,86,84,130,152,120,124,122,133,115,126,119,113,85,100,150,170,159,138,110,130,97,109,131,102,140,109,207,158,136,166,141,163,137,137,127,112,130,115,145,154,163,142,122,103,115,128,125,86,97,98,180,178,150,131,0,0,0,0,0,0
"Seguridad","Coahuila de Zaragoza","Acoso sexual",NA,5,7,4,16,2,7,4,8,5,4,4,2,8,9,11,14,11,20,15,7,17,9,9,9,8,15,13,17,12,14,13,18,19,10,8,11,11,7,10,17,29,27,6,10,24,26,27,9,12,17,20,13,20,14,16,26,20,20,16,17,17,22,37,4,15,8,36,18,16,28,27,20,15,33,29,23,47,33,30,33,31,34,22,17,21,33,56,43,48,62,39,39,49,40,20,26,28,25,59,36,42,50,24,31,47,41,34,32,30,43,45,50,70,40,43,39,34,46,22,19,35,44,54,56,45,43,0,0,0,0,0,0
"Seguridad","Colima","Acoso sexual",NA,0,0,0,0,0,0,0,0,0,0,0,0,0,0,0,0,0,0,0,0,0,0,0,0,0,0,0,0,0,0,0,0,0,0,0,0,0,0,0,0,0,0,0,0,0,0,0,0,0,0,0,0,0,0,0,0,0,0,0,0,0,0,0,0,0,0,0,0,0,0,0,0,0,0,0,0,0,0,0,0,0,0,0,0,0,0,0,0,0,0,0,0,0,7,4,3,2,2,9,5,9,6,5,8,2,8,8,1,6,8,16,7,14,9,7,4,7,11,10,10,6,10,13,7,11,10,0,0,0,0,0,0
"Seguridad","Durango","Acoso sexual",NA,0,0,0,0,0,0,1,0,0,2,0,0,0,0,1,1,1,1,0,0,1,1,3,0,0,0,0,0,0,0,1,0,0,0,0,0,0,0,0,0,1,1,0,0,0,1,5,4,0,5,4,5,3,3,5,2,5,5,14,3,2,15,10,2,6,5,12,8,11,9,7,3,11,8,11,9,5,4,8,8,1,12,9,9,6,7,11,11,15,10,8,10,7,9,6,3,6,6,11,11,13,9,6,10,7,9,5,3,6,6,10,10,12,7,6,9,7,9,5,10,6,6,10,9,12,7,0,0,0,0,0,0
"Seguridad","Guanajuato","Acoso sexual",NA,14,10,23,23,21,22,16,15,25,15,18,10,13,11,9,23,24,19,9,9,15,13,10,11,16,8,14,14,17,19,12,8,12,16,15,10,8,18,18,17,11,10,21,13,12,16,16,11,17,19,19,17,25,18,13,8,17,21,16,23,19,17,25,18,10,16,18,30,26,19,14,15,15,20,26,23,25,14,20,27,11,18,19,16,16,21,32,29,43,36,35,33,26,27,27,27,26,27,31,33,33,42,31,34,41,29,36,27,29,32,33,51,44,32,33,43,32,38,27,23,22,50,30,39,43,40,0,0,0,0,0,0
"Seguridad","Guerrero","Acoso sexual",NA,0,0,0,0,1,0,0,2,2,0,3,0,1,0,0,1,2,1,0,0,3,3,2,2,1,0,2,5,2,4,3,2,2,2,2,0,1,4,2,4,3,3,3,10,4,6,3,2,1,1,5,2,4,3,1,3,3,5,5,3,2,5,10,5,7,7,2,4,11,8,8,10,5,4,7,6,14,8,15,11,4,8,6,11,9,5,16,22,10,12,11,12,17,19,14,10,11,15,16,16,18,17,10,12,13,22,5,5,12,10,11,24,18,13,9,12,8,10,21,8,11,9,26,9,12,20,0,0,0,0,0,0
"Seguridad","Hidalgo","Acoso sexual",NA,14,32,9,13,13,6,1,5,3,3,16,3,6,0,1,0,0,0,0,0,0,0,0,0,0,0,0,0,0,4,0,0,0,0,2,1,4,5,0,3,1,0,0,0,0,0,0,0,0,0,0,3,0,1,0,0,0,0,0,0,0,0,0,0,0,0,0,0,0,0,0,0,0,0,0,0,0,0,0,0,0,0,0,0,1,0,0,0,0,0,0,0,0,0,0,0,0,0,0,1,0,1,1,1,0,0,0,0,0,0,0,0,0,1,0,0,1,0,0,0,1,0,1,0,1,3,0,0,0,0,0,0
"Seguridad","Jalisco","Acoso sexual",NA,14,8,7,6,5,7,3,7,17,26,21,9,30,21,24,26,23,5,2,6,8,33,7,14,8,3,6,16,21,22,18,17,19,11,17,14,26,20,30,29,24,33,17,15,25,27,18,20,19,16,22,17,30,35,26,34,22,24,19,28,18,26,31,10,18,24,21,28,24,26,18,19,12,25,35,37,17,18,17,19,28,15,31,23,11,24,29,40,44,34,22,21,20,24,30,22,24,17,46,33,39,30,38,36,30,23,30,9,15,17,33,25,33,29,27,20,29,27,23,21,11,36,26,26,19,17,0,0,0,0,0,0
"Seguridad","Michoacán de Ocampo","Acoso sexual",NA,0,0,0,0,0,0,0,0,0,0,0,0,0,0,0,0,0,0,0,0,0,0,0,0,0,0,0,0,0,0,0,0,0,0,0,0,0,0,0,0,0,0,0,0,0,0,0,0,2,1,3,4,3,1,1,0,0,1,0,0,0,0,0,1,0,0,4,9,6,14,13,15,9,21,15,18,20,10,4,18,19,22,11,14,13,10,21,15,19,12,17,12,21,22,16,12,14,17,18,22,18,15,18,13,17,13,15,7,11,10,19,25,28,12,8,19,19,20,17,15,8,14,19,25,23,27,0,0,0,0,0,0
"Seguridad","Morelos","Acoso sexual",NA,0,0,0,0,0,0,0,0,1,0,0,1,0,0,0,0,1,0,0,1,1,1,0,2,2,0,0,0,2,2,1,0,2,4,2,1,2,2,5,3,1,3,5,4,0,5,2,3,0,2,1,2,3,4,4,3,4,2,0,1,1,4,4,1,0,1,2,5,3,2,0,2,0,0,1,3,7,2,6,0,3,4,6,2,0,0,1,2,8,4,0,2,2,2,1,1,3,2,1,1,1,5,1,1,0,2,1,0,1,0,1,1,2,2,0,4,0,0,0,3,1,2,1,1,0,0,0,0,0,0,0,0
"Seguridad","México","Acoso sexual",NA,12,17,19,8,11,17,15,10,10,19,17,11,12,8,17,16,17,1,19,18,16,20,17,14,18,13,18,21,31,29,31,20,19,32,25,14,11,22,34,26,27,16,17,14,24,27,20,23,28,41,39,50,61,85,53,60,52,42,61,51,57,69,96,76,101,89,84,95,126,137,96,86,88,130,141,121,92,120,116,129,119,138,105,132,125,118,232,446,464,444,325,411,391,403,460,301,380,442,575,493,388,645,303,608,519,503,384,259,278,297,304,312,298,316,248,287,285,301,266,180,289,297,270,202,225,240,0,0,0,0,0,0
"Seguridad","Nayarit","Acoso sexual",NA,1,0,0,2,1,1,2,0,0,0,0,0,1,1,0,1,1,0,0,0,0,0,0,0,0,1,0,0,0,0,0,2,0,0,0,0,0,0,0,0,0,1,0,0,1,0,0,0,2,1,3,0,0,1,1,1,0,1,0,0,0,1,1,0,0,1,0,0,1,1,4,1,2,1,2,2,1,0,2,0,1,2,0,0,1,2,1,1,1,4,2,1,7,8,6,10,5,9,12,2,13,5,7,3,12,2,9,7,3,6,10,6,4,6,5,9,8,5,3,2,4,3,4,3,6,3,0,0,0,0,0,0
"Seguridad","Nuevo León","Acoso sexual",NA,0,0,0,0,0,0,0,0,0,0,0,0,0,0,0,0,0,0,0,0,0,0,0,0,0,0,0,0,0,4,5,7,14,9,6,13,3,12,15,14,16,17,24,18,21,20,19,12,13,16,22,15,15,27,21,17,25,38,19,29,20,49,57,27,32,34,27,38,48,48,47,28,31,36,72,47,68,45,42,44,46,63,43,49,33,45,73,96,130,80,69,87,73,59,68,47,67,57,81,76,81,94,73,62,71,66,56,37,42,43,63,71,76,47,60,78,74,77,71,41,50,60,87,93,67,72,0,0,0,0,0,0
"Seguridad","Oaxaca","Acoso sexual",NA,0,0,0,0,1,0,0,3,0,0,1,0,3,0,3,5,6,1,4,3,6,0,5,2,4,1,8,1,4,1,4,6,4,7,4,5,4,4,12,10,16,10,5,7,15,13,8,10,10,20,14,12,7,12,10,18,14,23,18,10,6,24,26,14,14,15,12,14,24,28,10,22,11,30,29,17,21,20,24,11,17,19,20,14,13,25,23,29,37,26,22,24,23,25,25,17,21,21,26,28,24,29,22,25,31,15,13,10,14,28,20,23,24,16,22,13,19,31,23,20,14,21,15,30,24,18,0,0,0,0,0,0
"Seguridad","Puebla","Acoso sexual",NA,11,8,11,9,18,11,5,9,13,14,4,3,5,8,12,8,10,9,5,7,2,9,10,9,3,2,7,1,6,8,3,1,7,7,13,5,5,9,12,14,17,12,11,8,9,20,15,13,16,18,35,22,35,26,36,36,21,25,12,20,16,34,35,16,16,15,17,13,17,19,13,7,19,18,25,28,28,21,26,27,10,19,23,16,11,18,24,25,25,27,21,19,28,20,20,10,17,28,33,33,36,38,28,34,34,28,28,13,33,24,28,38,46,41,47,46,44,35,48,28,27,45,52,29,38,32,0,0,0,0,0,0
"Seguridad","Querétaro","Acoso sexual",NA,5,1,0,0,3,3,0,4,1,2,2,2,1,4,3,6,4,5,6,2,2,6,0,1,1,4,1,2,7,3,3,9,4,4,4,2,2,16,9,18,9,10,13,13,11,12,14,1,11,14,14,19,17,19,22,37,31,33,44,33,34,55,52,54,42,50,48,57,57,60,42,48,39,41,76,65,64,56,71,55,57,59,54,54,44,57,78,69,77,87,59,69,63,52,57,41,67,51,87,75,83,93,53,83,77,61,56,37,62,62,64,51,79,69,59,58,74,73,68,42,77,66,66,68,65,73,0,0,0,0,0,0
"Seguridad","Quintana Roo","Acoso sexual",NA,6,4,11,4,1,4,5,1,3,3,6,4,1,6,4,0,1,4,2,2,6,1,5,9,2,3,6,5,9,5,7,4,11,8,3,5,5,2,7,5,7,11,12,6,8,8,7,10,9,17,15,12,11,15,25,13,19,13,9,12,11,16,25,4,8,22,14,21,24,19,12,19,21,20,32,25,20,19,28,16,20,25,18,14,17,9,14,27,36,30,17,17,26,34,16,28,23,16,36,20,22,31,23,31,29,23,26,17,26,22,26,28,32,20,24,23,27,17,28,23,24,23,32,26,35,17,0,0,0,0,0,0
"Seguridad","San Luis Potosí","Acoso sexual",NA,2,3,6,5,5,7,2,3,2,3,4,2,5,6,7,4,0,12,0,1,10,3,5,9,11,14,13,14,16,12,10,11,13,13,6,2,10,11,6,13,10,16,10,11,11,18,10,10,13,16,14,14,12,11,7,12,13,11,11,9,14,14,18,11,14,15,22,14,18,18,15,18,10,20,25,23,28,41,26,17,23,15,19,15,20,16,33,25,41,26,20,20,19,26,17,11,18,9,26,23,32,21,27,30,36,26,35,24,34,16,29,30,48,22,25,20,18,33,25,7,19,31,33,30,36,32,0,0,0,0,0,0
"Seguridad","Sinaloa","Acoso sexual",NA,0,0,0,0,2,1,0,1,1,0,0,0,0,0,3,0,2,0,0,1,0,1,1,0,1,0,0,0,1,1,0,0,1,0,0,3,1,3,9,7,3,1,2,5,4,5,4,7,4,5,7,8,4,4,2,5,6,8,5,10,11,7,14,5,2,6,6,6,2,13,7,8,2,3,13,8,9,6,5,7,8,12,14,12,8,5,14,14,22,15,16,13,9,7,12,7,15,14,15,16,19,13,18,21,18,13,10,12,10,15,20,22,16,14,25,21,21,12,27,13,14,8,23,24,15,25,0,0,0,0,0,0
"Seguridad","Sonora","Acoso sexual",NA,0,0,0,0,0,0,0,0,0,0,0,0,0,0,0,0,0,0,0,0,0,0,0,0,0,0,0,0,1,1,0,0,2,1,1,0,1,1,1,0,1,1,3,0,0,4,0,3,2,3,3,4,9,5,1,9,2,2,5,3,5,5,3,2,6,6,3,6,9,7,8,10,6,11,7,9,10,10,0,5,3,10,8,2,5,3,5,10,14,8,2,5,17,8,14,9,10,16,8,5,11,18,12,17,9,21,7,15,9,11,10,9,14,9,12,3,20,35,21,11,11,12,11,14,9,11,0,0,0,0,0,0
"Seguridad","Tabasco","Acoso sexual",NA,0,0,0,0,0,0,0,0,0,0,0,0,0,0,0,0,0,0,0,0,0,0,0,0,0,0,0,0,0,0,0,0,0,0,0,0,0,0,0,0,0,0,0,0,0,0,0,0,0,0,0,0,0,0,0,0,0,0,0,0,0,0,0,0,0,0,0,0,0,0,0,0,0,0,0,0,0,0,0,0,0,0,0,0,0,0,0,0,0,0,0,0,0,0,0,0,0,0,0,0,0,0,0,0,0,0,0,0,0,0,0,0,0,0,0,0,0,0,0,0,0,0,0,0,0,0,0,0,0,0,0,0
"Seguridad","Tamaulipas","Acoso sexual",NA,3,4,4,3,5,4,4,4,5,4,2,3,2,2,5,4,3,0,0,0,0,5,3,4,5,6,8,3,10,3,6,4,0,8,3,5,7,9,4,6,7,6,7,7,9,10,8,5,6,12,10,8,7,7,4,12,12,8,4,1,6,8,11,1,3,3,9,8,7,4,9,10,6,4,2,7,14,5,13,12,10,9,10,7,4,4,6,19,12,8,8,9,10,14,7,12,18,7,16,12,14,14,5,9,13,11,11,7,1,15,15,7,15,9,26,6,18,14,8,2,14,9,19,10,11,12,0,0,0,0,0,0
"Seguridad","Tlaxcala","Acoso sexual",NA,0,0,0,0,0,0,0,0,0,0,0,0,0,0,0,0,0,0,0,0,0,0,0,0,0,0,0,0,0,0,0,0,0,0,0,0,0,1,2,0,0,0,2,0,0,0,0,0,0,0,0,0,0,0,0,0,0,0,0,0,0,0,1,0,0,0,1,0,0,0,0,0,0,0,0,0,1,1,0,0,1,0,0,1,1,1,0,1,0,0,1,0,0,0,1,0,0,0,0,0,0,0,0,0,0,0,2,0,0,0,1,1,0,0,0,0,0,1,0,0,1,0,0,0,0,0,0,0,0,0,0,0
"Seguridad","Veracruz de Ignacio de la Llave","Acoso sexual",NA,4,5,5,5,4,3,3,5,2,7,9,6,10,7,7,6,9,4,6,6,7,3,7,8,16,14,9,11,18,14,11,18,19,14,17,9,10,10,16,20,19,22,16,19,16,17,9,0,0,1,0,0,0,0,0,0,0,0,0,0,0,0,0,0,0,16,0,0,0,0,0,0,0,0,0,0,0,0,0,0,0,0,0,0,0,0,0,0,0,0,0,0,0,0,0,0,30,31,44,41,48,53,36,40,52,45,25,31,38,40,49,45,38,47,35,30,53,43,41,28,28,41,56,54,43,31,0,0,0,0,0,0
"Seguridad","Yucatán","Acoso sexual",NA,0,0,0,0,0,0,0,0,0,0,0,0,0,0,0,0,0,0,0,0,0,0,0,0,0,0,0,0,0,0,0,0,0,0,0,0,0,0,0,0,0,0,0,0,0,0,0,0,0,0,0,0,0,0,0,0,2,1,1,1,0,0,1,1,0,1,0,0,0,0,0,1,0,1,2,0,1,1,0,0,0,1,0,1,0,0,2,0,3,1,3,1,0,1,1,3,1,2,1,0,2,2,0,3,0,0,1,0,3,0,2,0,1,2,1,2,1,4,2,2,1,3,2,3,3,1,0,0,0,0,0,0
"Seguridad","Zacatecas","Acoso sexual",NA,0,0,0,0,0,0,0,0,0,0,0,0,0,0,0,0,0,0,0,0,0,0,0,0,0,0,0,0,0,0,0,0,0,0,0,0,0,0,0,0,0,0,0,0,0,0,0,0,0,2,10,7,6,7,8,7,11,19,12,8,12,7,12,4,3,4,13,7,9,10,3,9,8,9,15,11,7,11,14,6,14,7,9,11,7,6,12,10,18,11,9,11,11,13,11,2,5,12,18,8,19,9,6,4,10,14,10,1,9,5,10,10,14,13,10,16,7,16,20,7,9,9,16,16,13,16,0,0,0,0,0,0
"Seguridad","Aguascalientes","Allanamiento de morada",NA,13,11,18,16,16,19,18,19,15,11,4,9,13,9,12,10,18,15,16,17,2,20,10,16,24,26,35,21,31,33,41,31,49,41,45,28,38,25,33,37,33,43,37,52,45,40,46,31,27,37,47,47,57,44,56,57,45,30,36,35,28,52,45,33,39,44,39,34,42,32,43,46,35,31,44,57,67,36,42,45,43,62,54,60,53,41,71,51,73,65,48,76,76,52,53,62,48,45,41,45,51,60,58,58,52,61,40,40,46,52,61,49,62,69,49,36,60,43,51,38,33,47,47,49,43,46,0,0,0,0,0,0
"Seguridad","Baja California","Allanamiento de morada",NA,245,217,283,267,293,296,349,310,308,299,297,276,296,310,348,341,294,338,260,260,244,237,230,149,152,133,199,234,183,192,197,201,188,215,212,155,208,170,197,207,214,223,205,207,239,304,220,229,274,240,292,293,224,247,228,257,219,223,211,230,203,213,210,172,185,164,218,204,173,211,142,155,185,159,179,148,163,150,186,144,161,152,136,143,126,138,166,199,196,203,172,188,166,228,174,164,185,160,223,234,227,259,259,267,255,241,182,199,261,223,232,231,203,226,166,207,146,178,153,143,163,144,158,175,193,223,0,0,0,0,0,0
"Seguridad","Baja California Sur","Allanamiento de morada",NA,4,5,4,13,9,11,11,10,14,14,13,16,13,9,9,13,15,17,14,20,14,21,21,18,19,17,10,15,9,17,17,13,7,16,12,8,20,14,18,11,18,19,16,16,13,19,19,14,15,10,10,10,19,16,21,9,8,18,9,7,16,7,8,20,7,9,19,13,17,8,16,9,9,13,15,22,19,12,15,16,18,18,22,10,12,17,25,17,19,23,29,20,13,10,19,16,15,16,21,15,14,22,15,23,14,29,19,14,18,20,20,14,31,18,28,22,17,23,21,24,23,23,16,27,30,21,0,0,0,0,0,0
"Seguridad","Campeche","Allanamiento de morada",NA,3,4,2,1,3,2,5,0,4,6,9,4,7,4,2,1,1,1,4,5,4,3,6,5,2,1,1,4,4,1,3,3,6,5,4,4,4,5,5,2,2,2,2,5,3,3,1,2,2,2,1,1,0,2,1,1,1,1,3,2,2,0,3,1,0,1,2,1,1,1,3,1,6,1,0,2,2,1,1,0,0,2,35,36,30,33,48,39,28,36,29,38,42,48,44,33,36,40,48,50,49,51,56,51,40,39,35,29,22,32,34,28,33,21,22,9,16,10,13,12,13,11,16,14,19,15,0,0,0,0,0,0
"Seguridad","Chiapas","Allanamiento de morada",NA,11,11,6,11,7,10,8,8,11,11,6,4,10,11,18,7,10,7,10,12,18,14,9,15,12,13,13,9,14,13,10,8,9,12,6,9,11,21,13,10,14,13,15,7,12,15,18,10,9,8,6,9,9,12,11,13,9,14,10,12,7,18,8,3,3,1,6,8,7,6,7,7,8,3,5,6,11,4,14,8,7,11,9,11,8,14,5,5,7,7,6,10,5,10,7,7,13,8,17,16,6,11,12,19,6,12,7,6,3,9,13,8,7,7,5,11,11,15,19,18,10,10,8,5,2,4,0,0,0,0,0,0
"Seguridad","Chihuahua","Allanamiento de morada",NA,9,18,19,25,35,32,32,28,31,34,18,32,28,18,19,23,31,32,22,25,16,24,24,18,35,31,32,42,34,42,42,51,55,55,60,63,63,84,70,67,89,43,70,81,121,71,74,87,85,98,96,60,82,85,73,71,79,93,68,50,54,57,65,77,67,85,73,81,83,101,58,96,70,87,106,99,106,62,70,69,91,123,81,73,89,106,51,36,28,29,20,17,29,31,24,25,28,28,36,16,36,31,29,26,19,35,22,13,28,25,31,37,25,29,27,26,31,35,26,18,28,18,32,40,25,26,0,0,0,0,0,0
"Seguridad","Ciudad de México","Allanamiento de morada",NA,31,40,48,49,53,65,53,63,54,54,53,52,45,41,60,60,75,73,79,51,71,59,65,73,68,49,51,75,57,71,67,69,69,87,57,52,45,71,65,77,75,64,84,76,75,68,65,47,68,58,77,86,73,100,73,61,78,70,70,69,74,83,91,46,36,40,64,64,78,70,67,61,47,78,94,80,88,78,88,61,74,74,84,64,57,70,89,65,66,76,69,88,71,76,61,65,62,65,62,81,85,87,75,76,65,69,55,62,66,55,60,67,89,74,70,82,57,58,72,54,57,61,70,66,62,63,0,0,0,0,0,0
"Seguridad","Coahuila de Zaragoza","Allanamiento de morada",NA,17,15,25,32,27,30,32,32,18,24,27,27,26,32,33,18,37,30,44,38,37,35,45,54,31,35,68,31,53,47,49,57,58,46,58,31,35,48,61,52,69,69,56,94,74,68,66,60,47,91,44,72,74,58,50,61,67,75,59,50,52,44,47,34,38,39,51,41,45,65,43,34,39,51,58,68,60,52,64,69,84,65,53,59,67,58,91,63,74,96,82,70,93,73,80,71,77,71,104,71,71,93,59,72,78,59,42,71,47,69,63,69,61,66,57,60,58,76,55,55,58,67,63,76,71,58,0,0,0,0,0,0
"Seguridad","Colima","Allanamiento de morada",NA,0,7,12,8,4,10,9,8,9,4,7,4,12,19,16,0,11,0,3,5,1,2,5,3,19,20,23,11,22,6,19,22,25,26,0,14,18,19,27,17,22,18,9,15,10,14,5,13,11,18,21,22,29,22,23,25,14,9,12,9,15,14,14,14,6,16,24,18,18,17,18,16,13,22,24,20,25,11,22,17,19,19,15,19,16,14,13,25,18,11,14,15,14,17,20,16,9,16,19,21,16,15,15,12,15,15,15,11,20,14,13,14,22,7,13,9,10,13,15,8,15,8,8,19,20,14,0,0,0,0,0,0
"Seguridad","Durango","Allanamiento de morada",NA,16,10,7,9,16,13,13,28,16,16,10,5,13,13,12,12,21,30,16,19,10,22,15,23,8,14,24,21,12,26,18,14,9,19,18,13,24,16,9,9,28,16,9,18,12,19,14,12,11,4,7,0,8,4,6,9,2,5,8,11,15,15,20,20,8,20,13,17,15,17,2,16,7,11,21,19,16,19,15,31,14,10,12,9,6,9,16,12,13,14,9,7,10,17,8,9,6,9,13,8,10,7,6,6,10,11,5,8,5,4,7,8,4,7,6,6,7,7,9,5,5,4,10,8,4,7,0,0,0,0,0,0
"Seguridad","Guanajuato","Allanamiento de morada",NA,20,16,16,12,13,25,14,17,13,14,12,18,18,18,15,15,22,34,25,28,27,24,18,28,18,22,22,15,27,31,38,30,35,35,36,27,36,42,26,41,45,42,47,39,39,32,39,35,34,42,43,50,55,34,55,38,43,45,35,29,49,39,41,23,27,17,29,28,21,32,36,28,29,35,39,36,27,39,35,40,22,41,34,37,24,41,36,47,35,33,42,45,40,37,39,35,33,34,49,33,49,55,50,50,60,50,48,47,40,38,41,59,53,37,49,34,46,48,49,50,41,57,62,58,49,59,0,0,0,0,0,0
"Seguridad","Guerrero","Allanamiento de morada",NA,24,24,26,27,20,29,22,19,13,20,11,15,13,11,25,16,23,18,11,16,16,23,19,16,7,13,13,15,16,10,12,14,18,20,12,9,14,16,13,10,15,7,17,16,15,14,12,14,15,10,22,15,31,23,26,6,10,11,14,16,18,21,13,7,10,11,15,20,21,16,15,17,15,22,15,10,17,17,21,21,13,17,14,18,13,13,15,20,22,21,19,12,23,20,21,17,17,17,22,15,21,31,16,22,15,14,14,10,21,20,12,17,16,11,19,21,15,24,12,20,21,30,21,20,18,12,0,0,0,0,0,0
"Seguridad","Hidalgo","Allanamiento de morada",NA,24,12,15,10,18,12,6,11,10,9,143,25,27,14,16,16,16,28,4,13,38,32,22,31,24,25,21,22,26,28,26,25,33,30,26,23,18,30,30,29,23,30,33,22,22,26,44,30,37,53,33,50,38,31,24,29,35,32,23,23,21,26,29,24,9,12,5,17,26,28,38,15,15,7,25,30,34,26,33,23,21,23,23,26,26,20,20,27,28,26,22,18,22,23,23,16,14,16,29,19,33,15,32,22,29,26,21,22,20,19,24,25,32,23,13,18,19,16,13,18,16,28,20,32,27,22,0,0,0,0,0,0
"Seguridad","Jalisco","Allanamiento de morada",NA,26,29,38,43,48,61,48,57,56,57,49,42,49,47,42,47,49,54,49,57,35,57,42,37,40,44,31,35,40,44,37,41,48,34,42,37,43,41,34,35,46,36,32,25,40,35,31,33,22,31,28,38,31,23,22,30,24,45,27,17,26,23,20,16,27,22,12,22,23,29,17,17,18,19,25,17,20,31,35,21,23,23,15,20,11,24,24,30,18,23,21,28,19,26,19,10,22,20,24,25,20,22,16,12,11,10,11,10,19,12,15,17,19,17,13,19,19,24,13,11,16,16,19,22,20,18,0,0,0,0,0,0
"Seguridad","Michoacán de Ocampo","Allanamiento de morada",NA,9,7,9,12,10,9,11,17,4,24,16,7,12,9,12,9,13,8,10,12,13,12,10,13,9,15,17,19,28,13,15,22,22,27,17,32,23,27,21,16,21,15,19,20,24,24,18,13,20,17,20,20,29,29,15,22,31,12,26,26,34,22,35,35,28,24,30,33,30,32,15,24,22,21,25,27,34,19,23,18,25,17,27,23,28,26,36,32,38,39,30,24,29,16,26,15,26,29,28,28,22,28,28,23,22,30,27,17,26,31,21,27,36,27,33,24,24,23,24,21,23,21,29,29,19,17,0,0,0,0,0,0
"Seguridad","Morelos","Allanamiento de morada",NA,37,37,45,35,42,39,33,46,46,37,41,24,29,34,37,37,38,27,29,35,23,40,30,39,26,26,35,29,36,24,26,29,30,52,40,16,30,33,25,20,36,32,39,25,23,37,26,26,34,25,33,39,39,33,34,28,23,37,23,27,21,23,27,13,22,25,25,35,33,29,29,32,35,32,40,32,24,33,33,34,38,19,30,29,23,25,40,20,39,33,29,34,29,23,36,29,43,33,38,46,27,25,37,33,33,36,32,26,21,14,29,29,23,23,37,29,27,34,15,20,16,28,29,29,33,28,0,0,0,0,0,0
"Seguridad","México","Allanamiento de morada",NA,117,105,129,127,134,132,131,103,113,126,97,107,77,102,109,105,130,86,82,101,102,120,104,116,94,112,134,115,132,119,145,133,134,157,131,136,118,125,136,119,144,153,118,110,122,104,111,115,108,89,109,123,141,160,141,138,145,143,124,127,149,138,142,152,134,139,140,138,139,163,120,112,108,201,144,148,149,146,149,135,131,135,119,122,116,114,153,162,155,155,148,179,156,165,145,135,135,167,170,152,146,176,139,152,180,168,133,117,131,140,205,162,162,154,159,132,157,148,132,138,158,165,170,144,158,128,0,0,0,0,0,0
"Seguridad","Nayarit","Allanamiento de morada",NA,3,4,1,1,0,1,5,3,1,3,0,2,0,0,2,0,2,2,0,2,1,2,2,0,1,0,1,0,2,0,0,0,0,0,0,1,2,1,0,1,1,2,1,4,1,2,0,0,1,2,2,2,3,5,0,0,1,0,2,2,1,3,0,1,2,1,2,3,1,2,0,1,3,6,2,7,3,3,5,4,4,2,1,5,1,3,1,8,5,4,2,3,4,4,8,3,4,7,3,8,1,6,3,6,9,9,6,4,11,3,2,4,6,5,3,4,7,5,11,7,6,5,2,8,5,3,0,0,0,0,0,0
"Seguridad","Nuevo León","Allanamiento de morada",NA,23,27,36,21,32,34,18,29,45,46,33,24,16,28,30,22,22,37,33,34,36,32,34,27,39,42,40,32,43,46,49,47,40,36,34,29,16,19,34,29,21,36,21,34,40,32,23,23,23,31,17,22,24,32,22,30,28,20,18,18,12,20,20,17,19,18,17,25,21,28,37,43,37,28,32,39,34,39,28,46,23,44,45,50,45,32,53,50,65,50,37,57,60,47,59,36,51,46,61,62,54,53,36,45,52,50,36,38,28,40,44,56,54,36,48,35,44,40,37,25,30,30,19,21,21,23,0,0,0,0,0,0
"Seguridad","Oaxaca","Allanamiento de morada",NA,0,8,0,0,9,0,0,7,0,0,13,0,83,14,27,12,21,27,15,20,14,0,13,12,17,14,14,21,12,16,19,19,25,20,29,25,27,18,18,24,23,20,26,28,24,15,26,25,24,21,28,17,23,22,30,32,29,22,20,20,35,21,32,25,16,8,24,21,21,26,21,23,20,23,25,25,31,20,27,30,25,29,19,20,26,24,30,32,28,26,18,18,15,21,15,15,17,11,22,30,24,11,26,17,30,32,17,22,21,14,21,20,29,16,30,27,26,26,24,27,26,28,17,21,1,18,0,0,0,0,0,0
"Seguridad","Puebla","Allanamiento de morada",NA,33,26,42,39,34,29,37,36,33,25,20,16,26,20,35,28,29,19,15,12,6,4,8,8,10,7,8,8,19,19,9,9,15,14,16,6,11,11,15,3,16,6,12,11,14,9,10,16,13,27,28,28,27,38,39,29,19,31,22,33,34,42,37,32,34,24,27,37,38,29,16,34,28,30,33,36,33,34,28,31,39,38,39,36,39,32,49,38,34,19,31,34,28,25,31,14,25,15,29,28,19,15,20,20,17,19,16,13,24,10,12,10,10,9,18,13,17,12,13,20,16,24,19,21,17,26,0,0,0,0,0,0
"Seguridad","Querétaro","Allanamiento de morada",NA,10,10,9,5,12,6,5,4,5,9,16,10,10,10,10,12,9,11,15,16,13,20,11,12,11,17,17,11,17,15,12,13,15,18,12,14,15,10,16,18,27,26,31,13,23,14,8,31,26,20,26,25,25,20,39,32,17,28,30,27,23,27,22,24,27,21,30,28,22,23,25,24,17,25,22,25,19,24,26,20,26,23,23,24,19,23,24,41,34,24,24,33,27,23,23,31,26,20,39,27,23,41,29,28,34,30,19,20,27,17,30,21,22,19,22,14,26,23,18,15,25,31,22,26,30,27,0,0,0,0,0,0
"Seguridad","Quintana Roo","Allanamiento de morada",NA,27,14,24,23,30,15,28,23,17,14,17,27,20,12,19,15,8,19,12,6,18,13,18,14,12,9,9,12,16,18,11,10,24,16,15,19,8,17,10,22,21,14,19,25,12,14,16,20,14,17,17,19,17,17,10,14,13,11,15,12,11,18,15,14,17,25,20,30,19,18,16,18,20,17,37,22,21,15,21,20,13,22,17,20,19,25,25,17,26,24,23,25,34,17,18,23,22,28,36,24,19,27,22,24,31,24,15,20,23,17,21,32,25,19,24,31,29,23,28,23,25,15,30,29,27,27,0,0,0,0,0,0
"Seguridad","San Luis Potosí","Allanamiento de morada",NA,29,20,34,21,16,19,16,22,23,21,17,12,11,23,17,22,14,50,39,53,44,32,29,39,36,51,35,27,34,19,25,20,22,21,16,16,22,15,16,21,29,30,11,31,20,26,22,28,42,39,49,42,47,40,41,44,50,42,46,35,37,39,47,40,45,44,37,44,32,43,46,29,46,40,57,54,37,59,47,43,42,40,45,43,24,34,43,52,40,47,49,67,41,46,41,34,50,48,38,45,58,38,32,50,37,40,43,28,50,30,44,49,59,46,61,48,39,44,55,27,46,52,51,58,46,55,0,0,0,0,0,0
"Seguridad","Sinaloa","Allanamiento de morada",NA,7,4,15,19,21,16,16,17,13,21,5,8,10,6,14,16,8,15,17,13,15,8,7,2,2,4,6,10,6,6,5,7,7,11,8,4,6,10,2,2,3,7,5,6,5,5,3,2,7,4,10,6,2,5,2,5,3,7,10,3,1,4,13,6,3,6,12,9,10,12,9,16,5,3,3,12,6,5,1,10,7,7,7,3,3,4,10,4,9,8,4,11,8,9,10,4,7,4,10,11,16,12,7,6,11,11,4,4,5,7,9,5,10,5,3,7,5,7,3,2,4,6,6,9,11,6,0,0,0,0,0,0
"Seguridad","Sonora","Allanamiento de morada",NA,9,9,15,18,14,10,17,9,8,17,12,12,28,29,32,28,27,51,44,17,21,12,17,13,15,14,29,9,17,21,7,11,10,19,9,4,3,7,11,8,5,4,6,6,7,6,2,13,6,1,13,13,12,10,13,11,18,14,17,30,19,15,20,20,24,15,14,8,17,29,14,16,34,33,53,25,30,32,39,27,36,35,47,38,27,32,39,32,37,34,33,56,45,42,38,37,38,36,58,45,63,66,49,40,30,40,62,42,51,40,27,29,34,42,32,32,37,52,55,35,37,33,43,48,37,38,0,0,0,0,0,0
"Seguridad","Tabasco","Allanamiento de morada",NA,38,38,44,45,45,51,43,32,42,35,31,39,33,32,36,55,49,46,46,45,43,34,35,39,43,33,33,38,42,40,46,35,39,40,46,42,35,30,43,47,54,33,51,50,38,60,25,23,47,35,33,48,42,35,59,46,47,38,31,25,30,41,46,22,16,43,36,39,51,39,36,35,27,45,64,44,39,37,35,38,41,43,27,27,27,19,30,40,22,28,30,22,24,23,22,29,23,19,29,23,28,29,24,28,18,25,13,15,24,26,26,20,22,20,26,21,15,20,20,27,14,22,29,18,17,19,0,0,0,0,0,0
"Seguridad","Tamaulipas","Allanamiento de morada",NA,22,23,28,21,37,38,2,33,34,44,29,25,23,16,24,27,29,36,36,31,37,34,18,32,32,13,21,17,22,19,31,29,25,23,20,25,20,15,29,23,28,29,29,22,23,15,16,19,20,18,21,13,20,28,25,25,29,23,11,10,9,16,30,21,11,14,17,21,16,17,14,12,16,22,24,16,22,14,23,13,17,18,25,23,15,6,23,27,26,18,18,18,22,22,12,15,19,11,21,25,24,18,20,20,14,20,20,5,13,22,18,22,25,16,20,25,28,19,11,23,11,21,23,21,29,19,0,0,0,0,0,0
"Seguridad","Tlaxcala","Allanamiento de morada",NA,14,4,6,2,5,6,6,4,0,11,3,6,1,1,6,3,0,1,2,1,1,2,2,4,3,0,4,5,1,3,2,2,3,0,2,6,2,1,3,0,2,1,2,6,2,2,4,2,3,4,5,4,3,0,7,5,4,5,5,5,2,9,2,3,5,2,3,7,4,3,5,7,2,7,2,8,3,0,6,7,10,6,6,5,11,9,4,4,6,11,5,8,0,3,3,7,3,4,3,4,6,6,5,1,6,4,7,6,6,5,4,5,3,3,3,1,3,6,3,4,3,6,2,4,3,5,0,0,0,0,0,0
"Seguridad","Veracruz de Ignacio de la Llave","Allanamiento de morada",NA,17,15,8,19,13,23,21,14,20,15,13,14,15,29,16,16,16,23,12,21,12,14,40,17,28,36,30,14,23,25,31,34,23,25,37,24,25,29,28,34,28,26,23,32,42,29,21,24,25,50,47,46,50,43,47,39,49,30,46,46,49,40,68,43,36,35,46,59,45,63,54,41,49,36,56,66,63,57,47,48,52,50,47,54,47,65,71,71,64,50,66,50,65,59,54,49,69,65,70,70,73,73,66,57,56,52,41,41,43,46,45,73,60,62,58,35,58,67,32,32,41,43,51,38,54,35,0,0,0,0,0,0
"Seguridad","Yucatán","Allanamiento de morada",NA,66,34,61,71,75,70,69,62,56,49,80,81,60,81,97,90,92,117,146,154,155,161,171,173,187,196,287,167,213,103,58,46,59,54,2,38,34,32,30,10,3,14,12,11,8,8,9,5,8,11,24,29,35,15,4,14,17,20,14,11,6,5,7,0,2,14,7,4,7,10,10,9,8,9,10,15,9,6,3,1,3,6,4,0,4,1,1,4,1,4,3,0,5,1,5,4,1,3,3,1,3,1,0,3,3,2,4,2,6,3,1,0,3,1,0,3,0,1,4,4,2,2,4,1,2,3,0,0,0,0,0,0
"Seguridad","Zacatecas","Allanamiento de morada",NA,4,9,5,9,11,11,8,12,4,6,7,5,11,9,8,9,14,12,7,14,5,13,11,10,8,10,8,11,10,9,18,11,7,9,7,7,5,11,8,5,7,9,12,12,18,12,11,13,13,23,13,17,14,23,16,14,21,15,12,18,14,8,23,18,8,23,11,18,16,17,15,12,8,23,23,19,20,15,14,19,13,23,17,13,11,16,13,12,14,11,14,12,23,16,18,12,10,11,13,12,18,22,20,9,18,15,12,13,14,11,14,9,18,14,11,16,13,9,13,10,8,13,17,10,24,23,0,0,0,0,0,0
"Seguridad","Aguascalientes","Amenazas",NA,98,111,87,123,93,109,99,95,84,101,81,67,76,51,58,71,56,92,92,100,109,145,91,100,99,111,117,99,196,299,183,268,273,241,223,199,224,233,237,259,299,220,295,289,253,284,221,204,202,214,273,261,321,286,310,314,301,341,318,238,295,295,332,198,229,290,292,239,243,246,211,209,227,248,315,306,318,298,276,340,322,333,270,290,248,280,359,340,355,341,346,375,319,347,266,243,255,317,404,311,366,393,313,327,296,252,267,303,287,362,364,327,392,326,296,286,321,296,322,208,265,274,318,223,234,253,0,0,0,0,0,0
"Seguridad","Baja California","Amenazas",NA,320,345,363,366,337,387,437,376,373,348,251,294,232,296,311,308,305,317,307,345,327,367,254,226,263,234,301,295,284,324,325,321,325,261,203,192,232,227,281,304,318,300,340,275,260,292,282,229,253,212,325,308,316,335,364,353,358,386,326,335,306,357,410,230,227,302,348,416,436,410,368,289,324,341,365,382,373,396,415,439,471,408,400,370,419,352,487,481,540,600,596,617,560,557,473,437,444,454,500,423,591,645,594,618,611,652,533,480,508,527,556,575,605,398,381,411,373,354,309,286,271,293,335,362,352,335,0,0,0,0,0,0
"Seguridad","Baja California Sur","Amenazas",NA,56,59,64,69,87,106,71,97,76,88,114,66,74,79,102,101,90,98,99,112,108,94,93,78,104,86,86,69,109,93,101,101,78,100,115,94,101,74,96,62,84,86,101,97,121,129,91,83,98,102,102,108,110,113,108,123,119,123,117,115,115,117,117,71,95,148,113,118,124,106,107,103,102,110,148,148,159,122,124,117,116,122,130,106,131,114,165,145,162,155,124,156,133,161,127,104,123,129,202,160,198,169,171,138,142,136,121,133,154,174,162,177,201,187,253,183,195,220,165,179,189,174,190,226,204,227,0,0,0,0,0,0
"Seguridad","Campeche","Amenazas",NA,2,3,0,1,9,1,1,0,1,5,3,1,1,1,4,1,3,4,1,0,1,1,1,2,1,5,1,4,7,4,2,3,3,6,3,5,6,4,9,6,10,6,9,4,8,6,2,3,5,9,6,7,6,4,3,3,4,6,2,3,2,3,3,5,3,4,2,3,3,5,6,4,5,5,2,8,3,2,2,1,7,7,243,231,276,238,356,229,254,314,330,234,246,258,249,236,247,255,307,311,383,365,327,295,129,120,102,119,110,134,141,124,136,106,51,16,22,26,41,25,42,46,35,39,42,37,0,0,0,0,0,0
"Seguridad","Chiapas","Amenazas",NA,9,6,11,9,5,6,5,3,3,9,7,4,10,28,31,28,19,23,25,63,53,61,34,31,41,31,33,34,51,40,42,56,45,54,33,44,39,47,41,38,50,51,37,47,49,58,47,45,47,31,41,27,60,75,66,64,54,60,58,46,46,49,67,30,21,25,33,25,25,43,44,44,26,41,32,31,19,37,54,51,51,63,53,54,57,49,81,76,96,137,105,153,193,168,203,163,160,185,259,199,274,271,232,282,112,186,160,152,128,120,155,267,139,131,164,171,147,178,238,260,207,219,213,11,11,1,0,0,0,0,0,0
"Seguridad","Chihuahua","Amenazas",NA,151,165,224,210,216,259,221,220,238,185,174,129,166,192,212,210,230,271,165,186,212,195,202,165,168,185,228,234,270,248,250,279,233,266,235,186,194,233,238,263,276,284,255,279,260,258,262,204,210,261,288,309,321,372,319,377,326,377,272,208,307,263,271,177,209,253,262,285,306,256,178,209,248,249,333,355,339,340,302,338,355,361,267,260,275,275,287,315,309,289,258,273,279,251,193,194,237,167,274,241,307,301,255,302,321,296,241,217,279,306,287,336,385,364,407,330,338,344,273,215,257,313,361,324,281,326,0,0,0,0,0,0
"Seguridad","Ciudad de México","Amenazas",NA,742,587,769,795,878,970,913,849,913,895,781,768,677,797,841,910,932,866,834,781,902,951,738,685,705,730,777,732,826,845,734,835,856,813,764,687,711,759,969,904,1033,955,942,949,1025,1069,898,838,940,1040,1190,1147,1318,1136,1087,1099,1286,1287,1177,1138,1163,1403,1606,809,668,899,1258,1271,1318,1545,1245,1178,1110,1207,1622,1477,1594,1505,1392,1357,1375,1487,1319,1374,1098,1276,1666,1564,1842,1621,1600,1634,1635,1666,1788,1460,1510,1601,1905,1676,1704,1908,1677,1559,1674,1701,1427,1316,1448,1590,1744,1892,1934,1787,1713,1573,1745,1729,1601,1376,1373,1588,1917,1725,1789,1497,0,0,0,0,0,0
"Seguridad","Coahuila de Zaragoza","Amenazas",NA,170,156,151,203,166,235,194,191,183,187,127,134,192,217,260,295,310,429,299,262,333,255,189,258,205,211,345,241,311,341,188,234,232,198,223,157,191,237,354,312,378,379,311,391,338,309,375,269,257,454,341,327,564,424,379,483,438,535,339,275,414,386,345,238,310,369,437,375,383,478,356,338,359,419,487,508,501,486,534,437,548,431,377,316,469,610,796,715,687,884,648,668,895,668,662,608,660,669,896,585,554,801,672,563,702,594,546,667,547,798,667,661,884,742,662,845,676,947,775,647,847,1025,945,1062,1030,1026,0,0,0,0,0,0
"Seguridad","Colima","Amenazas",NA,15,15,16,10,33,15,14,24,10,17,12,20,90,103,96,87,59,8,8,3,0,6,4,6,161,177,171,146,208,243,203,187,194,210,196,176,186,206,220,191,220,212,214,223,190,219,212,182,207,185,203,185,258,227,203,241,227,251,207,199,238,208,236,191,221,228,224,210,212,262,206,213,200,176,266,243,250,234,237,188,265,225,226,239,245,258,305,266,240,267,304,282,211,246,241,237,246,207,271,214,236,245,211,222,236,195,223,190,191,201,214,215,240,210,229,210,184,201,214,195,200,174,264,217,263,282,0,0,0,0,0,0
"Seguridad","Durango","Amenazas",NA,69,99,121,164,156,146,181,152,192,172,162,151,119,126,183,177,216,172,142,158,175,180,175,149,172,158,188,166,213,177,163,161,158,158,145,142,177,147,135,112,131,150,119,145,137,154,107,76,95,78,85,62,62,88,74,75,76,105,86,84,107,135,142,69,63,71,106,110,88,109,27,92,96,110,120,125,122,104,110,90,124,108,94,71,86,72,105,114,131,121,112,132,109,115,94,71,86,70,105,91,114,121,110,130,105,115,93,61,85,69,104,91,114,84,86,127,103,102,107,72,85,78,129,99,114,83,0,0,0,0,0,0
"Seguridad","Guanajuato","Amenazas",NA,263,318,325,317,323,300,306,325,313,345,295,322,292,312,347,396,437,518,498,483,542,620,488,482,504,430,594,487,665,586,558,687,648,769,650,502,591,685,807,813,849,740,784,794,776,866,745,632,796,779,852,937,1007,931,836,913,891,947,787,654,784,872,891,475,590,735,710,642,758,738,672,672,607,676,895,931,903,889,814,820,755,898,844,880,743,767,956,995,1106,1043,953,959,905,975,950,842,931,902,1061,997,1144,1209,993,1057,1153,1061,997,754,1083,979,1031,1137,1341,1085,1075,1032,1056,1113,1098,1015,1054,1226,1422,1343,1478,1341,0,0,0,0,0,0
"Seguridad","Guerrero","Amenazas",NA,122,123,121,117,116,114,115,97,79,93,78,83,97,83,95,83,112,96,105,99,104,130,114,108,122,112,138,104,118,113,112,123,128,161,110,116,124,143,153,151,175,147,159,128,134,154,147,120,162,149,190,179,225,191,163,209,201,190,182,166,207,215,210,139,140,138,155,192,217,178,163,170,167,161,207,167,174,199,200,186,182,184,182,175,198,200,226,246,229,259,241,269,253,302,273,227,252,314,341,274,319,270,239,261,273,257,201,195,245,265,211,279,272,270,234,240,192,255,271,219,288,275,287,273,294,234,0,0,0,0,0,0
"Seguridad","Hidalgo","Amenazas",NA,146,193,124,193,213,128,153,152,179,80,193,174,173,174,155,127,196,297,67,174,289,306,250,278,256,265,218,286,371,279,285,342,325,272,310,243,311,230,359,394,350,355,356,327,408,352,373,272,386,378,337,367,386,254,304,268,292,296,249,196,318,337,313,209,126,122,139,183,238,283,266,177,55,79,181,223,225,193,167,182,201,311,246,238,196,236,307,306,307,264,219,249,258,279,229,184,248,240,314,247,298,312,256,250,324,302,317,201,263,279,287,309,361,294,185,265,223,282,257,213,267,261,282,361,393,447,0,0,0,0,0,0
"Seguridad","Jalisco","Amenazas",NA,543,638,708,610,741,699,576,697,668,784,536,496,655,430,548,897,565,952,787,786,786,846,822,747,789,678,777,722,866,939,853,876,892,941,800,718,912,759,929,907,914,828,789,829,780,897,731,610,817,848,958,939,1007,975,955,990,927,925,872,826,932,857,893,701,742,907,841,826,768,880,761,733,747,788,994,928,905,825,829,901,899,874,780,780,736,835,985,905,933,904,853,892,884,778,744,613,732,747,981,771,805,901,859,923,907,923,837,676,803,824,903,873,883,847,781,764,760,901,724,727,811,762,897,830,834,772,0,0,0,0,0,0
"Seguridad","Michoacán de Ocampo","Amenazas",NA,30,34,21,26,51,99,22,29,33,10,46,46,56,85,68,88,93,107,96,81,104,91,115,98,77,111,56,145,142,206,240,210,233,245,192,224,211,221,287,238,295,252,219,187,193,235,148,159,225,236,257,220,252,217,225,216,268,251,317,255,305,331,362,224,340,330,354,341,355,425,367,353,322,344,429,398,425,390,366,381,322,430,371,320,301,359,417,404,458,410,372,393,410,435,403,397,421,441,433,409,484,474,383,442,487,535,425,335,426,411,440,469,520,509,455,397,414,436,414,345,376,394,447,430,451,380,0,0,0,0,0,0
"Seguridad","Morelos","Amenazas",NA,213,261,323,283,275,292,261,263,251,305,245,210,198,262,303,315,366,324,332,333,286,333,278,311,305,272,337,337,333,306,283,362,313,373,340,280,316,351,402,451,354,358,354,389,415,444,383,304,367,309,443,393,373,324,415,362,322,366,365,299,385,403,404,259,310,322,387,458,373,400,369,351,341,371,441,424,409,374,358,419,362,395,372,381,330,366,513,448,474,408,404,503,425,463,443,385,453,447,494,444,442,462,373,503,486,504,475,366,442,447,455,549,558,488,453,415,453,532,423,405,426,489,561,474,512,405,0,0,0,0,0,0
"Seguridad","México","Amenazas",NA,0,0,0,0,0,0,0,0,0,0,0,0,0,0,0,0,0,0,0,0,0,0,0,0,0,0,0,0,0,0,0,0,0,0,0,0,0,0,0,0,0,0,0,0,0,0,0,0,0,0,0,0,0,0,0,0,0,0,0,0,0,0,0,0,0,0,0,0,0,0,0,0,0,0,0,0,0,0,0,0,0,0,0,0,0,0,0,0,0,0,0,0,0,0,0,0,0,0,0,0,0,0,0,0,0,0,0,0,0,0,0,0,0,0,0,0,0,0,0,0,0,0,0,0,0,0,0,0,0,0,0,0
"Seguridad","Nayarit","Amenazas",NA,22,17,11,17,11,20,21,14,15,14,14,17,10,13,9,11,10,12,6,12,13,10,7,2,9,15,6,5,10,1,1,2,1,1,1,1,2,7,6,10,4,5,6,6,4,15,12,1,6,13,20,17,25,30,10,19,7,10,2,5,3,9,4,8,5,7,2,6,6,9,11,6,9,10,8,8,9,8,9,9,5,3,8,10,6,15,7,13,17,21,22,37,106,103,112,85,50,68,57,76,69,79,56,127,124,119,86,47,66,62,51,56,75,58,75,68,72,58,28,57,59,50,67,40,55,48,0,0,0,0,0,0
"Seguridad","Nuevo León","Amenazas",NA,313,290,271,322,336,323,283,258,405,392,303,245,204,323,323,362,390,455,413,453,368,498,393,399,388,369,482,368,491,540,491,540,398,472,446,295,277,325,374,333,442,500,382,494,508,429,411,373,246,249,323,266,321,344,310,340,276,363,255,268,248,412,241,163,151,202,169,332,392,431,452,514,469,436,429,454,413,426,416,554,454,487,702,714,727,502,599,523,601,574,507,844,762,592,640,483,555,514,622,441,498,558,449,556,475,534,493,398,391,472,495,630,564,522,473,445,527,514,417,198,231,248,232,259,294,318,0,0,0,0,0,0
"Seguridad","Oaxaca","Amenazas",NA,0,44,0,0,61,0,0,47,0,0,45,0,69,118,94,94,124,98,88,137,108,0,109,77,103,60,101,130,92,105,112,137,113,165,144,145,171,234,219,239,304,285,229,278,280,286,268,232,292,325,355,365,365,294,350,375,420,392,349,327,337,395,392,304,309,289,325,349,342,381,330,331,352,374,418,401,412,381,375,312,374,341,273,364,331,351,450,419,385,384,362,378,343,369,309,275,325,326,411,371,414,362,319,351,342,328,320,279,335,355,395,446,474,407,394,378,438,485,353,446,440,452,386,313,331,336,0,0,0,0,0,0
"Seguridad","Puebla","Amenazas",NA,312,386,411,443,409,399,373,363,347,388,313,257,274,305,269,332,338,241,60,51,40,48,56,40,36,50,53,40,37,44,33,39,54,45,62,56,51,29,46,59,64,66,62,87,76,79,100,90,80,265,463,476,541,501,588,392,245,316,241,225,263,297,301,250,304,349,418,359,411,465,382,362,372,395,518,508,552,587,472,481,420,499,494,486,441,454,602,429,548,518,459,536,409,434,423,385,409,360,486,472,521,597,491,499,533,553,490,400,484,438,474,435,624,576,511,495,490,524,550,428,490,515,621,553,491,442,0,0,0,0,0,0
"Seguridad","Querétaro","Amenazas",NA,78,81,95,94,88,85,103,98,95,102,103,86,71,67,89,106,113,189,187,223,159,184,148,174,169,186,176,189,294,231,208,281,241,245,230,215,233,210,287,263,315,276,315,297,273,341,278,273,319,307,333,376,417,344,399,391,308,367,353,328,342,390,380,251,201,278,322,350,333,324,271,281,296,308,407,429,374,365,352,311,316,254,271,310,301,264,373,359,436,343,343,377,360,386,391,311,385,395,492,406,450,500,389,444,483,425,378,325,385,344,364,471,478,355,355,308,297,313,307,284,329,343,395,297,345,325,0,0,0,0,0,0
"Seguridad","Quintana Roo","Amenazas",NA,54,44,69,57,58,72,70,86,80,76,65,61,38,29,48,40,58,47,29,36,29,52,73,70,48,40,51,53,75,81,63,69,109,84,115,131,93,90,105,101,116,129,123,140,125,126,113,157,145,157,179,180,225,219,231,184,178,178,167,154,162,180,230,101,125,170,202,190,235,191,214,212,174,204,283,205,218,201,227,197,222,261,244,228,228,199,258,248,308,284,292,267,257,298,299,263,259,292,351,269,365,338,324,289,301,347,280,221,274,246,307,321,362,270,294,283,285,278,263,243,276,323,307,338,364,399,0,0,0,0,0,0
"Seguridad","San Luis Potosí","Amenazas",NA,93,98,160,119,109,117,118,91,101,93,92,83,54,129,100,149,215,249,272,204,192,160,108,139,184,198,251,189,214,181,120,151,147,125,96,83,83,106,116,151,158,176,151,175,136,142,171,190,231,258,330,303,346,280,340,325,281,286,239,210,220,271,232,165,218,280,319,218,264,257,220,216,171,171,268,292,296,260,232,208,278,253,199,206,183,161,243,248,326,296,257,254,249,242,246,199,270,214,316,225,301,274,228,267,292,255,218,159,238,209,256,260,336,281,229,248,259,294,268,220,209,262,288,278,277,274,0,0,0,0,0,0
"Seguridad","Sinaloa","Amenazas",NA,111,87,85,76,104,95,89,88,75,83,66,49,67,64,54,83,63,44,32,22,33,25,26,19,25,18,26,22,29,30,12,40,18,33,37,17,24,29,39,42,42,51,39,35,41,31,44,29,27,30,42,44,52,42,28,36,67,97,102,86,81,84,76,47,67,80,92,111,91,136,131,149,107,136,118,96,123,124,89,113,98,96,131,80,113,94,129,121,160,136,108,183,157,188,141,143,126,151,170,147,207,204,150,170,218,182,149,133,154,158,180,190,173,166,153,154,151,155,174,137,177,188,226,193,194,215,0,0,0,0,0,0
"Seguridad","Sonora","Amenazas",NA,13,22,39,32,26,42,22,15,23,27,26,28,97,158,160,214,213,369,301,40,50,59,48,57,114,106,142,71,80,99,57,70,59,62,26,15,6,13,24,28,18,19,9,73,30,30,9,6,9,3,25,10,16,12,11,7,21,47,46,40,22,27,43,37,38,49,67,53,59,108,85,77,112,90,143,124,114,120,99,94,113,116,138,105,113,111,189,159,163,164,180,152,159,127,141,159,105,110,204,152,119,145,116,143,142,195,152,62,93,130,130,136,124,148,124,100,144,156,189,139,102,88,89,95,122,87,0,0,0,0,0,0
"Seguridad","Tabasco","Amenazas",NA,228,271,284,290,269,311,264,232,252,272,260,236,223,234,295,303,355,340,281,278,294,290,271,262,272,311,336,328,371,386,351,317,353,375,303,261,286,295,328,363,369,338,378,320,330,383,271,255,354,344,388,398,454,433,449,406,370,367,269,299,368,357,395,110,125,303,422,461,402,405,364,341,355,374,532,475,389,446,432,393,389,395,335,319,268,293,407,399,491,377,388,403,372,356,347,309,377,323,414,351,395,392,355,364,371,391,283,261,270,304,392,408,410,386,381,356,336,309,304,264,336,402,463,368,410,387,0,0,0,0,0,0
"Seguridad","Tamaulipas","Amenazas",NA,122,155,177,197,199,287,227,215,217,205,186,177,121,146,175,201,216,251,220,273,250,260,248,200,250,201,210,153,214,225,164,200,214,213,180,123,108,152,195,172,216,213,223,214,188,223,166,145,150,159,170,180,203,186,201,229,168,191,140,120,136,129,129,92,108,142,125,124,143,138,122,112,110,131,187,169,170,153,118,157,137,158,163,155,115,103,156,176,164,167,175,180,155,189,150,151,153,154,227,154,202,216,176,191,179,221,165,140,149,213,222,224,261,187,170,177,193,187,180,128,137,147,193,164,172,178,0,0,0,0,0,0
"Seguridad","Tlaxcala","Amenazas",NA,29,27,12,21,7,5,6,7,7,7,8,0,4,4,5,3,2,2,2,4,4,1,1,1,2,1,1,1,1,3,2,5,5,0,5,3,7,0,3,1,2,7,11,18,6,6,6,3,5,3,5,3,1,2,4,5,1,0,2,3,4,1,1,3,1,2,1,2,0,1,2,1,2,2,3,4,4,1,0,0,3,2,2,2,0,1,3,0,1,2,0,1,0,0,2,1,0,1,0,3,1,1,3,0,1,0,0,1,0,0,0,1,1,0,0,0,2,0,0,0,1,1,0,0,0,0,0,0,0,0,0,0
"Seguridad","Veracruz de Ignacio de la Llave","Amenazas",NA,149,216,223,223,217,212,208,201,234,235,209,108,118,103,170,167,196,156,157,170,155,159,177,146,239,257,276,210,249,281,267,259,342,290,235,227,229,252,277,292,241,244,264,243,281,310,242,217,292,604,543,560,548,540,429,469,533,583,508,530,540,620,585,440,431,533,538,598,666,592,547,444,509,573,688,727,699,705,542,584,524,523,496,567,423,467,690,665,676,639,617,608,654,585,609,528,610,578,715,630,738,744,631,619,667,640,623,477,580,694,664,824,845,844,747,540,530,618,556,487,489,538,623,581,712,608,0,0,0,0,0,0
"Seguridad","Yucatán","Amenazas",NA,395,364,525,455,514,472,473,412,343,515,504,578,580,652,700,759,560,469,455,499,505,498,467,475,566,529,666,613,754,494,203,95,79,104,104,91,96,165,119,88,104,63,86,127,185,219,213,236,215,210,249,322,345,368,272,243,254,361,264,269,248,203,221,104,120,153,153,140,243,205,140,205,182,268,214,255,356,98,82,76,114,112,66,75,60,60,82,88,90,77,81,86,89,80,58,84,74,75,68,71,72,78,65,56,76,48,60,82,47,31,38,28,77,59,71,60,55,64,59,79,49,41,62,51,59,55,0,0,0,0,0,0
"Seguridad","Zacatecas","Amenazas",NA,24,23,23,24,30,29,37,39,32,41,20,22,21,33,41,31,48,42,29,35,49,45,46,45,45,51,53,35,54,61,37,42,42,57,55,33,36,44,53,58,67,54,78,105,68,67,70,62,69,64,94,100,112,100,96,106,115,120,96,107,99,109,116,75,94,125,95,96,113,89,96,72,69,91,112,118,121,106,95,112,124,113,108,96,92,120,134,107,145,140,121,122,123,121,102,85,94,84,152,101,132,148,110,57,111,136,96,87,117,90,99,98,148,139,102,99,114,122,113,105,105,126,122,112,120,145,0,0,0,0,0,0
"Seguridad","Aguascalientes","Contra el medio ambiente",NA,0,0,1,0,1,0,0,0,0,0,3,0,3,0,0,0,0,0,0,0,0,1,0,0,0,0,1,0,0,0,0,0,0,0,0,0,0,0,1,5,0,0,0,2,1,2,1,1,1,2,0,1,1,1,5,3,1,3,8,1,0,2,2,3,3,5,4,6,4,4,4,6,2,5,2,2,4,4,6,7,8,5,5,12,4,6,3,7,6,9,10,10,8,10,7,10,7,7,8,9,14,6,8,3,3,7,9,5,11,6,5,4,7,13,10,7,11,7,13,6,8,4,11,4,9,10,0,0,0,0,0,0
"Seguridad","Baja California","Contra el medio ambiente",NA,1,0,0,2,0,0,2,0,0,2,0,0,0,2,0,0,5,4,6,1,6,2,2,0,1,2,1,2,2,1,0,4,3,0,4,2,0,0,0,7,1,2,1,13,1,7,4,5,5,6,5,1,1,5,3,6,4,4,4,1,4,2,0,1,2,2,1,5,4,4,1,0,0,0,0,0,3,0,2,2,1,1,0,0,3,1,1,2,2,0,0,3,0,1,3,1,0,0,0,3,0,0,1,2,2,1,0,1,0,0,1,0,1,4,0,0,2,2,1,0,2,3,0,3,4,4,0,0,0,0,0,0
"Seguridad","Baja California Sur","Contra el medio ambiente",NA,0,0,0,1,0,0,0,0,0,0,0,0,0,0,0,0,0,0,0,0,0,0,0,0,0,0,0,0,0,0,0,0,0,0,0,0,0,0,0,1,0,0,0,0,0,0,0,0,0,0,0,0,0,0,0,0,0,0,0,0,0,0,1,0,1,0,0,0,0,0,0,0,0,0,2,0,0,1,0,0,0,1,0,0,0,0,0,0,0,0,1,0,0,3,1,0,0,0,0,0,0,1,0,3,0,4,0,0,0,0,0,0,0,0,0,0,1,2,1,0,0,0,0,2,2,1,0,0,0,0,0,0
"Seguridad","Campeche","Contra el medio ambiente",NA,0,0,0,0,0,0,0,0,2,1,1,0,0,0,1,0,0,1,0,0,0,0,0,1,0,0,0,0,0,0,0,0,0,0,2,0,0,0,0,0,0,0,0,0,0,0,0,0,0,0,0,0,1,0,0,1,0,0,0,0,0,0,1,0,0,0,0,0,0,0,0,1,0,0,0,0,0,0,0,0,0,0,3,0,2,1,1,2,2,2,0,1,2,2,1,1,1,0,0,1,1,5,2,0,1,1,2,0,0,1,1,7,0,0,1,0,0,0,0,1,0,0,1,0,0,1,0,0,0,0,0,0
"Seguridad","Chiapas","Contra el medio ambiente",NA,10,6,4,7,10,6,7,5,8,5,5,3,1,3,2,5,4,1,2,1,3,2,7,1,0,1,0,2,2,2,4,3,2,3,2,2,3,1,4,4,2,6,1,4,5,3,0,2,2,2,2,7,12,3,6,3,2,4,3,1,2,6,5,4,6,0,2,3,14,2,1,5,1,4,2,5,3,4,10,2,7,16,8,8,7,4,4,5,5,4,8,4,3,2,4,3,0,0,2,2,10,8,5,8,7,10,3,3,4,1,3,3,3,9,4,3,3,1,2,5,2,6,6,6,9,2,0,0,0,0,0,0
"Seguridad","Chihuahua","Contra el medio ambiente",NA,2,4,3,4,1,5,0,4,2,1,0,3,0,5,1,5,2,3,0,1,1,1,6,7,5,2,4,4,4,1,3,1,0,2,2,2,2,6,2,1,6,0,2,2,0,4,2,5,3,4,17,5,5,9,5,2,2,5,0,2,8,7,2,0,12,5,15,12,4,6,6,10,18,11,9,12,7,14,10,5,6,1,4,5,1,7,3,2,2,0,2,3,0,3,2,2,2,2,2,3,5,3,1,5,4,4,3,5,2,5,2,9,7,0,7,1,2,4,8,4,11,3,3,1,3,1,0,0,0,0,0,0
"Seguridad","Ciudad de México","Contra el medio ambiente",NA,39,50,45,52,29,49,52,52,57,54,66,48,36,42,59,92,63,79,56,58,63,83,52,43,64,58,69,59,81,84,110,76,83,115,119,54,89,125,98,79,109,89,86,91,104,73,58,56,77,64,81,79,67,78,87,52,65,76,57,59,51,58,45,29,22,52,56,95,59,57,48,56,45,46,111,122,86,60,80,93,82,58,71,43,76,74,90,64,88,91,80,103,88,138,100,100,73,87,91,91,110,117,95,81,71,93,85,66,52,93,76,92,81,55,87,90,90,66,56,54,80,62,95,68,100,81,0,0,0,0,0,0
"Seguridad","Coahuila de Zaragoza","Contra el medio ambiente",NA,0,3,5,3,5,5,1,3,0,3,1,3,4,3,2,1,0,0,0,2,5,2,0,7,1,1,3,11,5,0,0,0,0,0,0,0,0,0,0,2,1,0,0,1,1,0,0,0,0,1,0,0,0,0,1,0,0,0,0,0,0,0,0,0,0,0,0,0,0,0,0,0,0,0,0,0,1,0,1,0,0,0,0,1,1,0,0,1,0,1,0,1,1,0,1,1,0,0,0,0,0,0,1,1,0,1,0,0,1,0,0,0,0,1,0,0,0,1,2,1,0,4,2,2,1,1,0,0,0,0,0,0
"Seguridad","Colima","Contra el medio ambiente",NA,0,0,0,0,0,0,0,0,0,0,0,0,0,0,0,0,0,0,0,0,0,0,0,0,0,0,0,0,2,0,0,0,0,0,0,1,0,0,0,0,0,0,0,0,0,0,0,0,1,0,1,0,0,0,0,0,1,0,0,0,0,0,0,1,1,0,0,2,0,0,0,0,0,0,1,0,1,1,6,0,0,0,0,0,1,0,0,1,0,2,0,0,0,0,0,1,0,0,0,4,0,0,0,0,1,0,0,0,0,2,0,1,1,0,0,0,0,0,0,0,0,0,0,0,1,0,0,0,0,0,0,0
"Seguridad","Durango","Contra el medio ambiente",NA,0,0,0,0,0,0,0,0,0,0,0,0,0,0,0,0,0,0,0,0,0,0,0,0,0,0,0,0,0,0,0,0,0,0,0,0,0,0,0,0,0,0,0,0,0,0,0,0,0,0,0,0,0,0,0,0,0,0,0,0,0,0,0,0,0,0,0,0,0,0,0,0,0,0,0,0,0,0,0,0,0,0,0,0,0,0,0,0,0,2,0,1,2,0,0,0,0,0,0,4,0,0,0,1,1,0,0,0,0,0,0,0,0,0,0,0,0,0,0,0,0,0,0,0,0,0,0,0,0,0,0,0
"Seguridad","Guanajuato","Contra el medio ambiente",NA,1,0,1,0,0,2,0,1,0,0,1,1,0,1,0,0,2,1,0,1,0,0,0,0,0,1,0,2,2,1,0,0,1,1,0,0,1,0,0,8,0,1,0,0,0,7,11,0,1,0,0,0,0,0,25,0,0,10,3,1,0,0,13,1,5,1,0,0,1,0,0,0,1,0,0,0,0,0,1,0,2,2,0,0,0,1,1,0,2,0,1,1,1,1,0,0,1,2,1,0,3,2,1,4,5,1,1,0,0,0,0,1,2,0,2,1,0,1,0,1,0,1,3,2,0,0,0,0,0,0,0,0
"Seguridad","Guerrero","Contra el medio ambiente",NA,0,0,2,0,0,0,0,0,0,0,0,1,0,0,0,0,0,0,0,0,0,0,0,0,0,0,0,0,0,0,0,0,0,0,0,0,0,0,0,0,0,0,0,0,1,1,0,0,0,0,0,1,1,2,0,0,0,0,0,0,1,1,0,0,1,0,0,0,2,0,0,1,0,1,2,1,1,2,0,0,0,1,1,0,0,0,1,1,3,1,0,0,0,1,0,0,1,1,3,2,0,2,1,1,0,0,0,3,0,0,1,1,0,3,0,0,0,0,0,1,0,1,3,1,0,2,0,0,0,0,0,0
"Seguridad","Hidalgo","Contra el medio ambiente",NA,0,0,0,5,0,0,0,0,0,0,0,0,0,0,0,0,0,0,0,0,0,0,0,0,0,0,0,0,0,0,0,0,0,0,0,0,0,1,1,0,3,0,0,0,0,0,0,0,1,1,0,0,0,1,2,0,2,1,0,0,0,0,0,0,0,1,0,0,0,0,0,0,0,0,0,0,0,0,0,0,0,0,0,0,0,0,0,0,0,0,0,0,0,0,0,0,1,0,0,0,0,0,1,0,0,2,3,0,5,0,2,2,1,0,0,1,0,1,0,0,0,0,0,1,0,1,0,0,0,0,0,0
"Seguridad","Jalisco","Contra el medio ambiente",NA,1,1,2,1,2,2,2,1,4,1,0,0,3,3,3,2,2,92,5,6,2,1,3,4,2,4,0,6,4,3,0,4,2,1,2,4,89,1,5,7,3,3,1,4,5,2,3,2,1,7,1,4,37,2,2,2,6,2,3,2,4,9,27,8,4,6,6,4,1,0,2,1,5,3,2,4,5,5,2,2,3,2,1,1,1,5,6,13,5,3,5,4,1,0,4,2,3,4,6,7,8,9,4,0,1,1,1,3,1,1,4,7,7,4,4,9,2,5,1,3,9,3,7,5,5,5,0,0,0,0,0,0
"Seguridad","Michoacán de Ocampo","Contra el medio ambiente",NA,7,5,7,5,7,5,3,1,10,5,11,12,14,12,10,8,9,7,4,5,7,6,4,5,1,4,14,10,4,6,7,7,2,6,1,6,2,7,6,4,6,2,6,4,2,6,3,1,3,11,13,8,6,5,14,7,10,10,7,7,5,10,9,7,18,27,12,18,19,12,5,6,8,10,6,11,19,9,12,4,3,8,5,6,8,6,13,11,14,7,6,7,3,9,15,2,9,7,9,19,11,5,8,24,12,9,19,6,26,17,32,30,292,58,18,5,6,18,9,15,19,16,76,24,35,20,0,0,0,0,0,0
"Seguridad","Morelos","Contra el medio ambiente",NA,0,0,4,2,0,2,1,2,0,0,1,0,1,0,0,0,0,2,2,0,0,0,1,0,1,0,1,0,1,0,2,1,0,1,0,0,0,0,0,1,1,0,0,0,1,0,3,2,0,0,0,0,1,2,1,0,1,3,1,0,0,1,2,0,3,0,1,1,1,1,0,2,0,1,0,0,3,1,0,3,0,0,0,0,2,0,0,0,1,0,1,1,3,1,2,2,0,1,1,2,1,4,1,2,1,0,0,2,0,0,0,2,1,0,1,2,0,0,1,0,2,1,1,3,1,2,0,0,0,0,0,0
"Seguridad","México","Contra el medio ambiente",NA,17,24,22,28,14,12,21,19,16,18,19,22,26,23,30,31,20,27,13,33,37,26,23,21,30,17,27,29,30,25,26,34,16,52,46,20,41,44,32,45,47,40,31,50,50,42,34,28,37,33,48,48,39,34,52,45,48,37,30,29,32,46,39,36,36,46,43,38,51,31,29,29,30,45,38,27,25,21,25,29,24,29,31,22,17,21,34,22,23,36,27,26,27,26,34,34,34,30,40,33,37,34,19,34,34,39,27,19,26,23,30,32,37,18,23,20,20,23,21,19,14,30,19,27,24,22,0,0,0,0,0,0
"Seguridad","Nayarit","Contra el medio ambiente",NA,0,0,0,0,0,0,0,0,1,0,0,0,0,0,0,0,1,0,0,0,0,0,0,2,0,0,0,0,0,0,0,0,0,0,0,0,0,0,0,0,0,0,0,0,1,0,1,1,0,0,1,0,0,0,0,0,0,0,2,0,0,0,0,0,0,0,0,0,0,2,3,0,0,0,0,0,1,0,0,0,0,0,0,0,0,1,2,0,1,1,0,0,1,4,6,5,9,2,0,1,2,3,1,3,9,2,2,6,10,7,8,10,3,8,11,2,5,9,3,3,9,13,4,1,2,0,0,0,0,0,0,0
"Seguridad","Nuevo León","Contra el medio ambiente",NA,0,0,0,0,0,0,0,0,0,0,0,0,0,0,0,0,0,0,0,0,0,0,0,0,0,0,0,0,0,0,0,0,0,0,0,0,0,0,0,0,0,0,0,0,0,0,0,0,0,0,0,0,0,0,0,0,0,0,0,0,0,0,0,0,0,0,0,0,0,0,0,0,0,0,0,0,0,1,0,0,0,0,0,1,3,1,1,2,1,1,0,2,0,1,0,1,1,1,16,6,5,5,4,4,2,2,1,2,7,2,6,5,0,7,1,2,2,1,3,1,9,22,57,31,6,9,0,0,0,0,0,0
"Seguridad","Oaxaca","Contra el medio ambiente",NA,0,0,0,0,0,0,0,0,0,0,0,0,0,0,0,0,0,0,0,0,0,0,0,0,0,0,0,0,0,0,0,0,0,0,0,0,0,0,0,0,0,0,0,0,0,0,0,0,0,0,0,0,0,0,0,0,0,0,0,0,1,0,0,0,0,0,0,1,0,0,0,0,0,0,0,0,0,0,0,0,0,0,0,0,0,0,0,0,0,0,0,0,0,0,0,0,0,0,0,0,0,0,0,1,0,0,0,0,0,1,0,0,0,0,0,0,0,0,0,0,1,0,0,0,0,0,0,0,0,0,0,0
"Seguridad","Puebla","Contra el medio ambiente",NA,3,1,3,2,1,1,4,0,4,1,0,0,2,0,1,0,1,1,0,2,0,1,1,3,3,0,1,4,2,1,1,1,3,2,3,3,2,1,3,0,1,1,0,1,5,3,0,2,2,3,3,3,3,1,1,3,4,1,3,1,6,2,2,5,4,10,8,1,7,8,5,2,2,5,3,2,1,1,4,2,2,4,0,1,7,3,6,3,2,1,1,4,1,3,1,1,1,3,2,1,3,2,0,2,0,0,1,0,0,1,2,0,4,6,1,2,1,2,3,1,3,3,4,3,2,2,0,0,0,0,0,0
"Seguridad","Querétaro","Contra el medio ambiente",NA,2,1,0,0,0,0,0,0,0,0,0,0,1,0,1,1,1,0,0,0,0,0,0,0,0,0,0,0,0,0,2,0,0,0,0,0,0,0,0,1,0,0,1,0,0,0,0,0,0,0,0,0,0,0,0,0,0,2,1,0,0,0,0,1,1,0,0,1,0,0,0,0,0,0,0,0,1,1,0,0,1,0,0,0,1,0,0,0,0,0,1,0,1,0,0,0,1,0,0,0,0,0,0,1,0,0,0,0,0,0,0,1,1,0,0,0,0,0,0,0,1,0,0,1,0,0,0,0,0,0,0,0
"Seguridad","Quintana Roo","Contra el medio ambiente",NA,3,1,1,1,0,6,2,5,4,5,0,0,0,1,1,0,2,1,1,0,0,3,0,3,0,3,10,0,5,5,2,1,6,2,1,1,1,2,1,2,3,2,4,3,4,5,3,2,2,1,2,2,7,4,5,1,10,11,5,3,6,9,9,0,7,6,3,4,6,8,8,3,6,10,3,2,12,6,6,18,11,5,10,6,7,3,12,7,4,8,4,6,11,10,7,12,7,16,12,9,12,13,9,8,11,7,12,8,11,6,16,9,17,18,20,15,14,10,8,14,18,22,33,27,14,24,0,0,0,0,0,0
"Seguridad","San Luis Potosí","Contra el medio ambiente",NA,5,3,0,0,1,1,2,0,3,3,0,1,1,1,0,1,1,1,1,1,2,3,1,5,5,3,7,7,2,3,4,6,1,8,2,4,1,1,2,2,3,5,8,8,2,6,3,4,18,10,8,14,9,7,13,10,8,19,10,10,11,4,2,2,1,8,6,8,3,5,2,3,1,11,4,8,6,10,10,11,12,7,9,11,12,11,16,10,17,11,7,20,12,12,12,7,7,11,16,16,14,14,10,15,22,13,11,9,15,10,16,18,15,14,20,11,12,15,8,9,18,17,15,16,25,14,0,0,0,0,0,0
"Seguridad","Sinaloa","Contra el medio ambiente",NA,0,0,0,0,0,0,0,0,0,0,0,0,0,0,0,0,0,0,0,0,0,0,0,0,0,0,0,0,0,0,0,0,0,0,0,0,0,0,0,0,0,0,0,0,0,0,0,0,0,0,0,0,0,0,0,0,0,0,0,0,0,0,0,0,0,0,0,0,0,0,0,0,0,0,0,0,0,0,0,0,0,0,0,0,0,0,0,0,0,0,0,0,0,0,0,0,0,0,0,0,0,0,0,0,0,0,0,0,0,0,0,0,0,0,0,0,0,0,0,0,0,0,0,0,0,0,0,0,0,0,0,0
"Seguridad","Sonora","Contra el medio ambiente",NA,0,0,0,0,0,0,0,0,0,0,0,0,0,0,0,0,0,2,0,0,0,0,0,0,0,0,0,0,0,0,0,0,0,0,0,0,0,0,0,0,1,0,0,0,0,0,0,0,0,0,0,0,0,0,0,0,0,0,0,0,0,0,0,0,0,0,0,0,0,0,0,0,0,0,0,0,0,0,1,0,0,0,0,0,0,0,0,4,0,1,0,0,0,0,0,0,0,0,0,0,0,0,0,1,1,0,0,0,0,0,0,0,0,0,5,0,0,1,2,0,0,0,0,0,2,1,0,0,0,0,0,0
"Seguridad","Tabasco","Contra el medio ambiente",NA,0,0,0,0,0,0,0,0,0,0,0,1,0,0,0,0,0,0,0,0,0,0,0,0,0,0,0,0,0,0,0,0,0,0,0,0,0,0,0,0,0,0,0,0,0,0,0,0,0,0,0,0,0,0,0,0,0,0,0,0,0,0,0,0,0,0,0,0,0,0,0,0,0,0,0,0,0,0,0,0,0,0,0,0,0,0,0,0,0,0,0,0,0,0,0,0,0,0,0,0,0,0,0,0,0,0,0,0,0,0,0,0,0,0,0,0,0,0,0,0,0,0,0,0,0,0,0,0,0,0,0,0
"Seguridad","Tamaulipas","Contra el medio ambiente",NA,0,0,0,0,0,1,0,0,0,0,0,0,0,0,0,0,0,0,0,0,0,0,0,0,0,0,0,2,3,0,1,7,5,2,1,1,5,5,1,1,1,1,3,2,1,5,0,3,0,0,0,1,1,0,0,1,3,0,3,1,1,1,1,1,0,0,0,0,1,0,1,2,0,3,0,0,0,1,0,2,1,0,0,0,2,0,1,0,2,1,0,1,0,0,1,0,0,2,1,2,2,0,1,0,1,1,0,0,0,0,0,1,2,2,1,0,1,0,0,1,0,0,0,0,0,1,0,0,0,0,0,0
"Seguridad","Tlaxcala","Contra el medio ambiente",NA,0,0,0,0,0,0,0,0,0,0,0,0,0,0,0,0,0,0,0,0,0,0,0,1,0,0,1,0,0,0,0,0,0,0,0,0,0,0,0,0,0,0,0,0,0,0,0,0,0,0,0,0,0,0,0,0,0,0,0,0,0,0,0,0,0,0,0,0,0,0,0,0,0,0,0,0,0,0,0,0,0,0,0,0,0,0,0,0,0,0,0,0,0,0,0,0,0,0,0,0,0,0,0,0,0,0,0,0,0,0,0,0,0,0,0,0,0,0,0,0,0,0,0,0,0,0,0,0,0,0,0,0
"Seguridad","Veracruz de Ignacio de la Llave","Contra el medio ambiente",NA,0,1,0,1,1,0,0,0,0,0,0,0,0,2,1,0,0,1,0,0,1,0,1,0,5,9,15,3,11,15,6,14,8,11,13,13,13,10,9,15,8,6,10,11,10,10,2,1,20,22,13,14,25,17,16,8,19,24,16,24,20,25,27,8,9,5,13,21,23,26,21,21,12,22,25,20,8,20,19,10,13,14,15,7,23,4,36,17,19,12,18,16,12,11,7,9,1,2,2,0,2,18,1,0,1,1,1,2,2,1,2,2,4,10,2,4,1,2,1,0,0,2,4,2,4,2,0,0,0,0,0,0
"Seguridad","Yucatán","Contra el medio ambiente",NA,0,0,0,2,1,1,0,1,0,0,1,0,0,0,0,0,0,0,1,0,0,0,0,0,1,0,1,0,0,0,0,0,0,0,0,0,0,0,0,0,0,0,0,0,0,0,0,0,0,0,0,0,1,0,0,0,0,0,0,1,0,1,0,0,0,0,0,0,0,0,0,0,0,0,0,0,0,0,0,0,0,1,0,1,0,1,2,0,0,0,0,0,0,0,0,0,0,3,1,0,0,0,2,0,0,0,0,0,0,0,0,1,0,0,0,0,0,1,0,0,0,0,0,0,0,0,0,0,0,0,0,0
"Seguridad","Zacatecas","Contra el medio ambiente",NA,0,0,0,1,0,0,0,0,0,0,0,0,0,0,0,0,0,0,0,1,0,0,0,0,0,0,0,1,1,0,1,0,0,1,0,0,0,0,0,0,0,0,0,0,0,0,0,0,0,0,0,0,1,0,0,0,0,0,0,0,0,0,0,0,0,0,1,0,1,0,0,0,0,0,2,0,1,1,0,1,1,1,0,1,1,0,0,0,0,0,0,0,0,2,0,1,0,1,0,0,1,2,0,0,1,0,1,0,0,0,0,0,0,0,2,0,0,0,0,1,0,0,1,2,0,0,0,0,0,0,0,0
"Seguridad","Aguascalientes","Corrupción de menores",NA,5,2,10,4,7,4,8,3,4,5,4,1,3,5,8,3,7,4,9,7,7,2,6,3,6,5,3,2,6,8,1,4,6,8,5,8,5,7,4,4,11,5,6,1,9,7,7,6,2,6,5,9,5,6,7,6,14,9,3,4,6,12,3,2,4,1,7,4,9,5,7,4,5,5,9,3,5,3,2,3,3,7,0,3,6,4,4,10,10,0,4,6,4,6,5,3,3,7,5,6,6,7,4,9,6,7,4,3,3,5,10,5,5,7,3,4,6,3,5,6,6,3,7,8,8,7,0,0,0,0,0,0
"Seguridad","Baja California","Corrupción de menores",NA,31,10,36,32,31,31,19,31,31,40,10,10,11,26,21,22,24,34,20,22,20,21,23,22,14,21,30,27,30,26,31,16,18,21,15,8,7,20,22,17,28,34,19,26,22,20,18,13,11,14,28,19,19,16,15,25,20,25,50,33,59,82,79,51,34,58,62,66,71,59,58,43,50,62,51,44,67,83,88,85,78,66,49,47,52,45,76,51,51,61,52,77,62,67,69,64,68,53,74,62,67,67,63,62,58,46,48,38,26,26,28,24,29,21,35,40,38,44,38,35,27,22,29,31,18,24,0,0,0,0,0,0
"Seguridad","Baja California Sur","Corrupción de menores",NA,2,1,0,1,0,0,0,0,0,0,0,2,1,1,0,1,1,3,2,5,2,3,3,3,1,2,0,2,5,1,5,7,5,5,2,1,7,5,6,5,4,1,2,4,3,4,0,6,0,3,7,6,4,5,3,3,6,6,6,8,3,5,7,3,6,3,1,2,4,5,8,7,3,8,2,6,5,5,3,5,1,3,10,0,2,5,2,3,5,6,6,1,2,3,8,3,5,4,8,8,5,6,8,4,10,5,4,4,5,1,13,5,6,7,5,8,6,2,5,4,7,8,9,4,5,6,0,0,0,0,0,0
"Seguridad","Campeche","Corrupción de menores",NA,0,0,1,0,1,0,0,0,0,0,1,1,1,0,0,0,0,0,2,0,0,2,1,0,1,0,2,0,0,0,1,0,1,3,0,0,0,0,2,0,1,0,0,0,2,2,1,0,1,0,1,2,0,0,3,0,1,1,2,1,1,1,0,0,0,0,0,0,0,0,0,0,0,0,0,0,0,0,0,1,0,0,1,1,1,3,9,4,6,4,4,8,2,4,3,2,0,6,6,4,2,4,1,5,1,1,5,2,4,3,3,1,3,0,1,2,0,0,2,1,1,0,2,0,1,1,0,0,0,0,0,0
"Seguridad","Chiapas","Corrupción de menores",NA,0,6,10,1,1,4,2,2,3,6,7,2,2,4,0,4,2,4,3,8,4,9,5,4,12,15,14,10,7,6,11,28,16,3,4,2,6,3,4,18,8,6,6,10,9,9,8,0,10,7,3,1,5,7,4,6,2,6,1,1,9,4,4,4,1,2,2,6,6,6,6,4,3,7,6,2,2,2,7,10,11,10,5,4,5,0,4,2,0,2,1,1,1,1,0,1,1,1,1,1,0,1,0,0,1,1,0,2,0,1,1,0,0,0,0,0,0,0,1,0,2,2,2,2,1,0,0,0,0,0,0,0
"Seguridad","Chihuahua","Corrupción de menores",NA,10,20,14,9,18,17,9,11,8,22,4,9,17,10,11,12,13,4,11,5,5,16,6,7,3,11,12,14,22,12,12,12,8,12,8,12,12,9,5,13,10,11,9,10,6,8,8,7,5,6,8,17,14,13,5,6,9,6,7,6,10,5,7,13,3,7,8,6,8,9,7,7,5,7,9,5,2,10,3,6,9,13,6,1,4,4,11,17,13,7,10,11,7,6,8,4,7,2,11,9,12,8,9,13,9,9,14,3,6,8,10,22,16,7,16,12,15,33,6,6,10,12,33,27,14,20,0,0,0,0,0,0
"Seguridad","Ciudad de México","Corrupción de menores",NA,11,14,13,15,23,12,17,11,17,16,22,11,8,17,14,17,15,11,18,17,19,16,7,6,8,10,5,12,8,13,10,10,15,15,15,5,8,13,19,21,9,14,20,11,15,18,9,15,20,32,32,30,37,20,27,24,31,33,25,13,13,25,33,11,11,17,13,17,15,23,24,15,21,23,22,35,28,27,25,18,23,24,26,28,14,36,32,31,31,26,40,17,13,37,35,29,10,23,35,21,22,25,18,21,26,26,24,17,18,25,25,31,30,24,58,37,38,45,34,19,32,25,31,48,32,25,0,0,0,0,0,0
"Seguridad","Coahuila de Zaragoza","Corrupción de menores",NA,3,3,9,9,0,1,2,6,4,11,5,1,0,5,3,5,4,2,3,6,5,2,2,7,5,5,3,2,1,5,3,3,2,5,5,3,7,8,2,4,5,2,3,0,6,7,3,3,2,8,5,6,3,4,5,3,1,0,3,1,3,3,3,1,2,2,1,1,4,2,0,1,3,4,3,4,4,5,6,4,0,1,1,2,2,3,1,5,2,4,1,1,1,4,0,5,4,2,4,4,1,6,2,3,1,2,0,1,0,3,3,5,3,2,3,5,1,4,1,1,1,2,2,6,4,4,0,0,0,0,0,0
"Seguridad","Colima","Corrupción de menores",NA,0,0,0,0,0,0,0,0,0,0,0,0,3,2,0,0,0,0,0,0,0,0,0,0,0,4,3,1,1,0,3,1,4,2,0,1,0,2,1,3,0,0,2,1,2,5,0,5,3,3,8,3,5,1,6,1,1,0,3,2,2,3,3,4,1,4,2,1,3,8,0,6,3,5,8,1,9,2,1,2,3,0,1,2,1,1,2,2,3,2,4,5,3,4,1,0,3,1,3,2,5,4,4,2,2,6,1,1,0,4,4,5,10,5,1,2,2,3,1,1,6,2,4,3,3,3,0,0,0,0,0,0
"Seguridad","Durango","Corrupción de menores",NA,0,0,0,0,0,0,0,0,0,0,0,0,0,0,0,0,0,0,0,0,0,0,0,0,0,0,0,0,0,0,0,0,0,0,0,0,1,0,2,1,0,0,6,5,3,7,0,5,2,9,6,5,7,6,11,7,8,10,2,2,1,2,0,0,0,1,0,0,0,0,0,0,0,0,0,0,1,0,0,0,0,0,0,0,0,0,0,0,0,0,0,0,0,0,0,0,0,0,0,0,0,0,0,0,0,0,0,0,0,0,0,0,0,0,0,0,0,0,0,0,0,0,0,0,0,0,0,0,0,0,0,0
"Seguridad","Guanajuato","Corrupción de menores",NA,14,11,17,12,8,15,9,7,9,17,12,9,9,10,14,19,20,16,11,9,9,10,10,9,6,12,13,13,15,15,21,8,12,16,15,5,11,8,10,21,12,20,13,15,11,16,9,15,11,6,18,15,6,14,14,17,15,15,17,13,14,17,14,12,21,12,20,31,20,24,16,9,14,22,34,22,29,25,31,24,16,26,19,24,20,23,27,36,34,40,27,26,36,36,32,19,27,26,40,27,40,44,32,29,24,24,29,19,23,32,42,59,53,47,38,34,52,50,38,26,49,41,76,61,59,51,0,0,0,0,0,0
"Seguridad","Guerrero","Corrupción de menores",NA,0,0,0,0,0,0,0,0,1,0,2,0,0,0,0,0,1,1,0,0,1,0,0,0,0,0,0,0,0,0,0,0,0,0,1,1,1,0,0,0,0,0,0,1,0,5,0,0,1,2,0,0,1,1,1,1,2,2,3,0,2,0,4,0,1,1,1,1,1,3,0,3,0,1,2,1,2,0,1,0,0,1,0,1,1,2,1,2,2,1,3,0,1,3,0,1,1,0,1,1,4,0,1,0,0,0,0,0,2,2,1,2,0,0,1,0,1,1,0,0,1,2,0,1,2,1,0,0,0,0,0,0
"Seguridad","Hidalgo","Corrupción de menores",NA,0,4,2,0,1,2,2,1,5,0,2,0,2,1,0,0,1,4,2,1,1,3,3,1,2,0,0,1,3,0,0,2,3,3,6,3,2,7,5,4,4,2,2,0,3,3,4,0,9,3,3,1,2,4,1,2,3,2,3,0,1,1,2,1,2,3,1,3,4,5,4,2,1,1,2,4,5,3,2,0,1,3,3,0,0,0,3,3,5,9,3,4,4,5,1,5,8,8,5,3,5,4,8,3,5,3,5,4,2,7,6,6,10,10,5,5,4,6,4,5,4,8,7,10,10,10,0,0,0,0,0,0
"Seguridad","Jalisco","Corrupción de menores",NA,7,12,6,12,9,6,8,9,14,25,8,12,15,12,18,17,13,32,13,17,21,24,8,13,16,16,19,14,18,25,20,11,22,12,10,12,18,8,21,12,12,5,13,20,5,14,15,10,7,11,13,11,9,14,11,18,6,10,18,14,9,14,10,12,17,5,11,9,14,13,9,10,8,11,9,15,12,12,13,9,7,4,9,8,6,8,12,9,7,7,7,12,6,13,17,7,4,15,14,14,9,4,10,17,11,14,8,8,10,9,14,7,13,10,15,11,8,8,12,9,15,12,9,18,19,13,0,0,0,0,0,0
"Seguridad","Michoacán de Ocampo","Corrupción de menores",NA,3,1,4,3,1,2,0,3,5,4,3,0,2,0,0,1,4,4,2,1,1,3,0,1,5,1,1,2,1,2,0,1,3,2,0,2,1,2,1,6,1,1,1,1,2,3,1,0,2,1,1,3,1,2,4,5,1,1,3,3,5,4,9,1,1,2,0,3,5,2,1,1,3,3,4,0,1,3,0,2,4,2,4,2,3,5,2,2,1,2,4,0,1,2,1,2,2,0,1,2,3,4,1,1,3,3,3,2,2,3,1,1,3,3,2,3,5,6,3,1,3,4,3,3,1,2,0,0,0,0,0,0
"Seguridad","Morelos","Corrupción de menores",NA,3,10,2,2,0,4,8,1,3,3,3,0,0,1,5,5,1,2,1,2,3,4,2,3,1,2,7,3,4,1,1,3,4,8,1,6,1,6,0,2,4,1,3,1,2,10,3,2,4,5,2,2,6,4,3,2,5,5,2,1,5,4,2,2,1,3,3,3,2,1,3,1,1,5,4,3,2,0,2,6,2,1,5,1,2,5,4,3,2,3,1,3,3,1,4,6,6,8,4,3,4,5,3,2,3,3,3,3,1,3,1,2,2,8,3,6,6,6,2,2,2,3,7,4,8,5,0,0,0,0,0,0
"Seguridad","México","Corrupción de menores",NA,16,6,6,4,3,3,8,10,7,10,3,9,11,11,8,7,18,14,5,7,7,14,11,2,3,6,16,6,9,7,8,7,4,12,4,5,6,8,5,10,9,3,6,5,5,6,7,2,9,3,7,3,6,15,8,6,13,8,23,10,7,16,11,13,18,15,7,9,14,16,12,7,6,6,8,8,12,9,3,8,5,9,2,4,6,6,10,7,13,8,17,10,15,10,9,10,11,10,11,4,5,8,6,5,10,8,6,4,10,10,12,14,13,2,3,4,13,11,7,9,8,4,10,6,5,7,0,0,0,0,0,0
"Seguridad","Nayarit","Corrupción de menores",NA,7,5,3,2,5,8,6,8,3,0,2,5,3,1,2,3,5,3,1,2,1,2,1,1,0,2,2,0,2,1,1,2,0,1,2,2,3,2,0,3,0,0,1,4,1,2,0,1,1,2,3,0,0,2,3,0,0,1,0,1,1,0,2,1,0,0,0,2,2,3,0,3,1,1,3,1,1,2,1,1,1,0,2,2,3,1,1,1,4,2,2,1,1,5,5,2,3,3,1,3,3,5,1,5,2,3,3,3,4,0,4,1,0,2,4,1,3,3,0,2,0,4,1,0,2,2,0,0,0,0,0,0
"Seguridad","Nuevo León","Corrupción de menores",NA,10,11,5,14,21,20,19,12,19,17,20,13,12,21,15,28,17,15,14,13,12,11,13,19,14,12,12,8,17,18,22,12,14,10,13,10,9,12,14,16,18,17,18,15,17,11,6,7,15,19,13,20,14,17,6,13,17,19,12,8,15,10,22,13,15,14,4,19,24,14,9,7,10,9,8,14,15,13,18,16,8,14,16,14,13,18,22,21,26,25,21,20,29,16,25,16,22,16,15,16,16,18,20,25,29,22,28,16,25,20,27,17,18,13,28,20,26,28,27,11,27,27,30,20,29,37,0,0,0,0,0,0
"Seguridad","Oaxaca","Corrupción de menores",NA,0,2,0,0,3,0,0,0,0,0,0,0,1,0,1,3,2,3,1,0,1,0,0,0,3,0,0,2,0,0,1,2,1,2,0,5,0,3,1,3,2,3,2,2,2,3,1,3,1,0,2,2,3,1,3,3,0,2,2,4,3,6,5,2,3,5,5,2,2,0,3,3,1,1,5,1,3,1,0,1,2,2,1,4,1,6,3,11,2,0,2,3,2,3,2,9,3,3,1,1,3,3,3,1,4,2,3,2,0,3,7,1,3,3,0,3,2,1,2,4,2,5,5,3,7,10,0,0,0,0,0,0
"Seguridad","Puebla","Corrupción de menores",NA,4,4,7,2,3,6,3,1,4,2,2,3,2,3,7,2,5,2,0,3,5,2,0,1,4,1,1,0,0,3,6,2,4,3,0,2,0,0,1,2,0,3,1,4,3,1,2,2,4,5,6,3,4,3,3,4,1,5,4,2,2,2,5,1,1,4,3,3,1,1,0,2,2,2,3,2,2,0,2,5,2,7,1,2,2,3,6,1,1,7,2,1,1,2,3,1,1,1,2,4,6,8,2,4,8,0,5,1,5,2,4,3,2,5,4,3,5,1,5,3,3,3,3,4,5,4,0,0,0,0,0,0
"Seguridad","Querétaro","Corrupción de menores",NA,0,0,0,0,0,0,0,0,0,0,1,0,0,0,0,0,0,0,0,0,0,0,0,0,0,0,0,0,0,0,0,0,0,0,0,0,0,0,0,0,0,0,0,0,0,0,0,0,0,0,0,0,0,0,0,0,0,0,0,1,0,0,0,0,0,0,0,0,0,0,0,0,0,0,0,0,0,0,0,0,0,0,0,0,0,0,0,0,0,0,0,0,0,0,0,0,0,0,0,0,0,0,0,0,0,0,0,0,0,0,0,0,0,0,0,0,0,0,0,0,0,0,0,0,0,0,0,0,0,0,0,0
"Seguridad","Quintana Roo","Corrupción de menores",NA,5,3,4,8,9,7,14,7,7,7,9,4,7,1,4,1,3,3,0,3,5,4,6,6,1,5,3,3,1,2,3,3,3,5,2,2,1,3,1,2,3,4,0,4,1,2,2,0,6,5,1,3,7,5,6,6,6,6,4,2,5,11,7,2,4,7,7,7,10,10,10,12,7,6,5,8,5,22,12,10,15,13,12,17,9,11,21,16,19,4,13,13,13,11,9,12,4,7,8,12,15,5,8,9,8,9,15,9,11,15,16,15,13,8,10,6,15,14,16,10,14,10,8,10,12,10,0,0,0,0,0,0
"Seguridad","San Luis Potosí","Corrupción de menores",NA,2,6,7,5,3,4,1,2,3,4,1,2,1,2,1,4,3,3,2,5,4,4,3,2,4,2,1,1,4,1,8,3,3,5,4,2,1,5,5,3,1,1,2,5,4,4,4,1,2,0,4,5,5,3,4,4,1,2,0,2,1,10,4,2,2,3,0,2,2,4,2,2,1,2,3,0,2,0,2,1,2,2,1,0,1,3,0,4,5,5,3,6,1,2,2,1,1,2,2,1,1,4,3,2,2,3,1,1,2,0,3,1,4,2,1,1,1,3,3,2,0,0,3,2,2,1,0,0,0,0,0,0
"Seguridad","Sinaloa","Corrupción de menores",NA,7,5,13,1,2,6,9,1,4,12,4,4,3,9,12,8,11,6,2,5,1,6,4,3,2,3,4,5,3,5,0,2,4,0,1,5,4,4,4,5,3,6,4,7,6,4,6,2,3,7,10,9,2,7,3,4,1,7,2,6,4,5,7,1,0,2,5,3,3,4,5,3,2,3,7,6,8,5,7,4,0,5,4,4,2,8,7,1,5,6,4,0,6,5,9,4,2,0,11,8,11,13,5,3,3,7,3,7,4,6,6,3,4,4,7,9,5,4,12,4,1,8,9,5,8,11,0,0,0,0,0,0
"Seguridad","Sonora","Corrupción de menores",NA,3,8,10,7,12,8,6,5,5,6,5,7,5,5,6,2,3,15,6,1,6,6,3,5,5,1,15,3,3,1,1,4,1,2,2,1,1,1,1,5,0,3,0,0,0,5,5,1,4,1,2,1,2,4,4,2,4,4,3,3,2,6,3,2,4,2,0,3,6,8,3,4,6,5,6,3,4,13,4,7,20,12,4,3,2,7,9,1,12,6,5,5,12,2,4,1,2,5,4,6,6,20,6,9,4,14,8,8,8,9,9,7,7,2,4,4,6,7,7,5,5,4,6,10,6,7,0,0,0,0,0,0
"Seguridad","Tabasco","Corrupción de menores",NA,2,4,3,1,1,0,1,1,2,2,2,0,1,3,0,2,2,2,2,1,3,6,3,0,1,3,5,1,6,3,1,0,2,4,0,3,2,5,5,7,5,7,3,2,2,5,5,1,5,3,3,3,6,4,3,5,3,9,3,2,6,4,4,2,2,2,4,5,4,6,4,4,2,3,9,4,5,3,4,1,2,4,2,0,2,4,5,4,5,3,3,2,1,5,3,1,5,4,3,3,2,2,4,3,6,4,4,1,2,1,4,4,5,1,2,0,4,3,6,0,2,3,8,7,1,8,0,0,0,0,0,0
"Seguridad","Tamaulipas","Corrupción de menores",NA,4,1,3,7,1,7,2,3,0,6,2,6,2,3,1,2,4,1,1,2,5,2,2,4,6,6,5,6,4,4,4,4,6,3,5,5,1,3,6,9,1,3,0,6,3,3,2,2,2,1,3,5,2,3,1,1,4,4,3,2,1,5,5,2,2,4,2,2,0,2,3,2,1,1,3,0,5,3,2,1,1,1,3,2,2,4,4,3,7,10,3,5,3,6,4,2,1,1,3,1,2,3,7,3,4,0,2,3,2,1,3,3,2,2,0,2,4,2,3,0,2,3,1,7,6,3,0,0,0,0,0,0
"Seguridad","Tlaxcala","Corrupción de menores",NA,0,0,0,0,0,0,0,0,0,0,0,0,0,0,0,0,0,0,0,0,0,0,0,0,0,0,0,0,0,0,0,0,0,0,0,0,0,0,0,0,0,0,0,0,0,0,0,0,0,0,0,0,0,0,0,0,0,0,0,0,0,0,0,0,0,0,0,0,0,0,0,0,0,0,0,0,0,0,0,0,0,0,0,0,0,0,0,0,0,0,0,0,0,0,0,0,0,0,0,0,0,0,0,0,0,0,0,0,0,0,0,0,0,0,0,0,0,0,0,0,0,0,0,0,0,0,0,0,0,0,0,0
"Seguridad","Veracruz de Ignacio de la Llave","Corrupción de menores",NA,1,0,1,2,3,3,0,1,5,1,2,1,3,2,2,2,3,0,2,2,3,2,2,0,0,0,4,1,6,1,5,0,2,1,0,1,3,2,1,3,3,1,6,7,1,5,0,0,4,2,4,3,5,4,3,3,2,3,0,3,1,2,5,1,3,1,5,2,1,1,1,1,2,0,4,2,0,0,4,2,1,2,0,4,3,6,3,6,9,6,3,7,5,5,2,0,3,2,2,3,4,9,2,5,4,3,2,3,1,5,4,3,4,2,7,6,1,3,1,3,6,5,3,10,4,4,0,0,0,0,0,0
"Seguridad","Yucatán","Corrupción de menores",NA,9,4,2,2,1,8,6,0,0,4,0,2,0,0,1,0,5,1,3,2,1,4,1,2,1,1,1,2,2,1,2,0,1,0,1,0,3,0,1,1,2,0,1,0,1,0,0,0,1,0,1,1,0,2,0,1,0,1,0,0,0,1,1,0,0,0,0,0,0,0,0,3,1,0,0,0,4,1,0,0,0,0,0,0,0,0,0,1,0,0,0,1,0,1,1,1,1,1,0,0,0,0,0,0,0,0,1,0,0,0,0,1,0,1,0,0,0,0,0,0,0,0,0,1,0,1,0,0,0,0,0,0
"Seguridad","Zacatecas","Corrupción de menores",NA,2,1,0,1,1,1,0,3,1,0,2,0,1,2,4,2,1,3,2,1,5,1,5,5,3,2,2,1,5,3,2,1,2,4,1,6,3,1,1,3,5,4,4,4,6,3,2,1,3,5,8,1,2,5,3,1,5,6,2,3,3,3,1,2,1,2,0,0,0,1,3,1,3,3,3,2,5,3,1,0,1,7,2,1,0,0,3,1,1,6,3,2,2,4,3,0,2,2,4,0,5,2,1,1,3,2,4,1,1,4,5,4,0,2,1,0,1,3,3,1,2,1,2,5,4,2,0,0,0,0,0,0
"Seguridad","Aguascalientes","Daño a la propiedad",NA,201,180,182,160,121,166,160,151,178,133,121,107,119,102,99,124,92,135,166,118,144,183,135,160,178,146,174,170,312,360,292,329,345,364,371,307,325,318,353,379,407,353,431,366,331,357,332,292,244,228,338,345,372,367,341,382,336,334,357,360,355,328,357,179,210,372,320,281,298,346,267,334,317,283,365,382,356,369,339,356,379,354,379,365,345,327,397,404,412,405,387,421,423,428,400,379,400,388,446,384,461,427,408,377,379,430,364,398,459,423,385,427,452,427,406,390,442,458,441,426,421,384,472,366,440,333,0,0,0,0,0,0
"Seguridad","Baja California","Daño a la propiedad",NA,901,883,1018,912,832,924,927,985,869,951,856,917,755,874,896,852,928,720,604,683,614,690,611,635,579,471,611,603,623,625,659,693,609,638,615,584,543,491,575,629,631,624,639,647,601,643,615,565,535,477,579,593,643,674,766,701,708,806,697,693,573,524,598,361,431,552,630,689,682,711,708,646,576,515,603,690,702,690,714,805,663,682,633,639,496,530,653,670,702,683,694,823,794,751,694,741,608,780,814,800,888,930,896,928,876,1028,907,954,808,818,845,862,879,702,617,631,550,564,561,566,448,395,473,507,534,571,0,0,0,0,0,0
"Seguridad","Baja California Sur","Daño a la propiedad",NA,151,139,136,155,140,152,143,142,116,165,160,170,191,194,145,172,166,170,186,163,165,174,174,180,160,153,155,150,190,191,157,174,147,189,158,134,143,152,170,157,150,153,172,122,102,159,141,126,119,116,143,135,129,131,157,136,134,143,149,126,122,126,102,72,68,117,110,95,102,91,110,100,85,93,133,130,135,133,99,118,112,123,119,130,91,120,136,148,155,114,158,125,131,141,153,127,164,140,148,138,185,165,174,172,134,168,135,137,160,175,140,187,171,178,164,142,157,184,138,168,151,126,165,150,141,151,0,0,0,0,0,0
"Seguridad","Campeche","Daño a la propiedad",NA,17,12,14,18,21,26,19,23,16,27,19,23,24,19,19,18,23,8,9,21,23,14,21,16,16,12,7,10,18,9,11,10,7,12,9,7,11,17,14,13,12,10,17,8,14,10,7,16,10,14,23,13,11,13,7,7,12,14,15,6,10,10,8,9,11,8,12,8,11,9,11,14,12,11,13,19,12,8,13,13,7,14,258,262,202,238,297,217,201,251,297,262,281,270,242,291,265,282,317,332,364,371,279,282,112,114,98,139,96,110,129,115,133,111,78,64,62,52,47,60,43,45,65,58,68,45,0,0,0,0,0,0
"Seguridad","Chiapas","Daño a la propiedad",NA,91,73,107,109,121,130,125,84,93,128,106,96,103,101,117,125,112,112,122,150,140,121,122,112,133,134,135,136,117,120,129,135,108,121,122,171,138,116,141,149,149,139,141,141,164,163,141,120,116,122,96,103,116,106,94,105,92,83,80,83,71,93,94,53,48,45,47,69,62,69,83,101,67,90,108,90,75,100,66,76,61,91,99,96,75,61,104,94,109,95,90,124,130,125,122,114,114,135,157,134,169,165,155,193,111,113,123,99,111,114,115,151,110,104,110,117,94,100,125,149,127,129,134,60,48,33,0,0,0,0,0,0
"Seguridad","Chihuahua","Daño a la propiedad",NA,510,498,567,509,561,549,565,581,505,526,507,541,541,521,550,497,566,581,538,480,536,512,513,555,556,531,577,572,652,632,588,535,535,636,562,584,558,522,540,589,634,636,579,576,566,650,634,575,579,581,635,656,716,696,698,720,731,732,707,650,730,692,678,452,564,696,674,695,620,589,502,620,656,658,801,722,764,748,745,730,700,678,638,661,547,642,752,660,775,701,717,633,655,626,644,688,766,636,689,641,812,771,765,721,737,770,731,696,762,698,760,851,895,831,892,843,847,805,834,798,795,850,940,816,796,762,0,0,0,0,0,0
"Seguridad","Ciudad de México","Daño a la propiedad",NA,621,646,792,761,802,813,831,772,878,854,871,877,768,834,797,822,834,761,874,848,908,974,904,858,891,847,926,820,909,912,872,914,918,1059,956,802,807,849,965,889,964,909,878,924,970,996,873,910,820,827,1023,931,923,878,900,958,968,925,856,912,808,889,914,507,430,565,626,705,795,948,805,804,697,705,1009,933,975,940,859,975,898,1033,890,1035,802,826,1002,960,1054,914,915,948,1057,1048,971,889,960,953,1358,1045,925,885,906,929,977,931,872,844,819,915,939,844,926,889,925,935,935,951,895,839,778,786,879,777,1052,826,0,0,0,0,0,0
"Seguridad","Coahuila de Zaragoza","Daño a la propiedad",NA,725,623,612,760,657,713,840,677,668,740,584,731,551,658,732,672,679,877,680,671,855,599,564,775,579,575,711,568,635,845,630,700,592,618,714,452,528,607,889,624,842,635,602,756,574,552,718,502,491,727,546,559,711,599,525,675,557,659,527,491,585,499,477,361,349,484,530,501,479,587,430,553,459,556,531,685,582,543,658,586,695,518,531,491,553,548,800,604,689,834,557,598,694,591,574,623,516,635,776,614,653,754,599,587,818,537,520,615,466,749,524,559,859,592,581,716,567,840,668,587,654,719,784,861,844,728,0,0,0,0,0,0
"Seguridad","Colima","Daño a la propiedad",NA,6,19,15,10,13,13,7,12,8,9,19,15,102,119,113,27,30,7,8,8,3,6,9,7,174,181,259,167,192,218,264,203,190,214,200,271,199,168,209,212,214,227,214,166,176,217,198,202,196,191,220,214,203,209,240,200,185,229,220,230,218,198,186,159,184,220,201,189,202,280,245,232,279,228,264,226,305,249,237,213,367,302,255,307,278,238,250,257,290,229,285,269,245,231,269,241,231,245,278,263,279,251,250,240,250,239,244,263,250,237,233,276,261,211,247,242,196,299,290,274,261,240,264,235,258,226,0,0,0,0,0,0
"Seguridad","Durango","Daño a la propiedad",NA,135,113,188,170,187,184,185,180,191,255,189,229,186,234,231,236,306,262,182,211,236,231,259,240,237,213,293,265,305,291,231,289,261,275,265,229,243,246,268,243,256,185,230,224,193,245,205,172,177,170,206,165,161,212,255,203,183,134,174,172,159,267,195,135,174,179,156,176,174,182,47,215,231,218,265,229,233,219,212,259,273,210,218,229,152,200,206,222,236,296,213,244,226,199,209,223,150,171,186,211,236,215,185,202,202,193,198,172,150,171,183,211,217,130,126,132,123,219,219,96,150,173,230,207,130,123,0,0,0,0,0,0
"Seguridad","Guanajuato","Daño a la propiedad",NA,734,705,725,649,664,699,713,642,706,777,648,752,674,721,729,730,784,830,674,817,751,784,747,816,792,695,748,618,802,744,712,803,758,880,836,832,788,997,1084,1094,1157,982,1033,1043,1010,1165,1019,1042,1006,994,1043,1031,1106,1019,1078,1010,967,1074,912,1022,919,900,815,522,560,699,723,697,751,827,735,828,774,751,971,883,908,871,872,881,903,932,989,1049,977,949,1099,1033,1037,1017,916,1072,1005,1121,1001,1102,1152,1076,1239,1021,1247,1109,1041,1018,1036,1072,1102,1058,1117,1118,1011,1152,1221,1034,1039,1021,1055,1159,1128,1154,1185,1137,1278,1233,1271,1120,0,0,0,0,0,0
"Seguridad","Guerrero","Daño a la propiedad",NA,161,174,170,187,144,149,188,172,135,159,169,146,142,136,155,143,154,124,142,154,151,161,136,172,131,163,151,140,171,151,145,139,114,144,162,198,162,164,204,177,185,180,183,145,134,179,153,154,173,141,165,160,207,163,173,158,170,146,182,154,156,141,145,103,113,122,139,150,142,163,173,156,137,129,194,175,168,150,162,120,149,158,166,193,161,169,183,178,187,199,164,193,167,170,169,180,176,156,189,180,203,217,201,167,134,175,133,189,199,213,198,231,203,174,163,206,174,183,163,183,177,174,236,174,204,156,0,0,0,0,0,0
"Seguridad","Hidalgo","Daño a la propiedad",NA,138,171,137,151,184,99,109,157,186,94,157,199,191,187,200,145,249,278,88,226,219,623,271,215,352,221,258,258,307,249,254,353,278,261,299,301,294,266,316,364,286,321,315,314,314,334,326,294,345,341,274,296,304,278,248,266,236,284,208,219,285,269,279,164,76,92,105,162,203,250,217,141,58,73,239,257,227,184,160,189,175,246,237,236,236,191,223,233,225,217,193,257,243,259,220,182,203,237,202,214,246,258,235,211,213,235,285,210,237,232,198,227,260,213,178,242,233,244,213,183,218,198,224,260,272,283,0,0,0,0,0,0
"Seguridad","Jalisco","Daño a la propiedad",NA,596,517,626,515,720,604,696,635,661,705,597,624,724,570,595,706,629,782,736,727,683,777,851,832,826,663,786,749,801,848,866,728,720,836,889,814,799,727,823,742,883,611,734,688,708,863,946,766,896,743,745,756,703,667,700,714,648,684,671,664,637,627,559,466,554,617,539,637,536,658,577,677,608,585,694,677,615,673,634,587,600,627,611,672,574,571,741,663,725,703,617,679,574,658,261,244,224,217,281,253,282,450,251,206,203,206,171,167,187,172,224,199,289,182,198,183,158,152,154,153,180,152,211,212,179,183,0,0,0,0,0,0
"Seguridad","Michoacán de Ocampo","Daño a la propiedad",NA,87,94,73,85,71,71,119,113,84,141,113,166,130,134,142,170,137,137,90,114,148,148,121,144,136,153,146,160,146,203,203,269,254,259,243,253,248,220,256,254,261,230,231,199,211,219,186,200,217,239,272,264,270,240,247,252,243,278,267,279,303,246,278,186,210,230,255,284,257,292,290,297,292,275,335,316,332,301,272,272,287,297,307,305,295,316,329,309,307,321,298,292,318,344,309,300,344,298,377,343,319,366,309,292,335,322,308,298,355,364,348,356,400,382,337,329,339,401,361,319,297,320,378,372,383,372,0,0,0,0,0,0
"Seguridad","Morelos","Daño a la propiedad",NA,224,265,319,313,259,271,224,262,199,252,215,215,153,194,218,209,222,196,235,196,179,226,208,366,222,254,269,213,258,214,196,240,201,249,207,224,192,189,241,211,245,225,254,209,209,214,174,164,179,195,189,200,189,175,172,176,173,175,199,193,200,175,168,96,135,122,192,195,162,198,167,208,161,161,289,221,210,234,167,241,259,287,232,241,385,297,280,315,350,230,238,255,244,242,182,219,313,241,320,240,186,301,336,332,342,368,306,276,265,191,215,331,341,293,334,359,302,382,241,256,276,157,217,230,194,158,0,0,0,0,0,0
"Seguridad","México","Daño a la propiedad",NA,982,976,1041,1021,1035,1000,1009,1036,1058,1100,1084,1129,855,954,1110,955,1063,800,763,806,883,892,849,961,836,815,956,966,1102,918,1015,978,987,1065,1030,1052,1042,1019,1099,1063,1017,1029,914,940,996,965,973,976,759,930,649,952,1178,1231,1069,1299,1155,1162,1157,1169,1142,1115,1076,990,743,945,998,1049,1078,1208,1091,1131,951,1100,1398,1263,1349,1177,1128,1135,1144,1215,1105,1264,1253,1183,1383,1417,1534,1339,1281,1277,1284,1337,1288,1222,1274,1239,1544,1422,1252,1450,1267,1222,1375,1354,1309,1195,1240,1326,1507,1392,1517,1401,1338,1285,1330,1390,1357,1265,1336,1296,1493,1255,1317,1216,0,0,0,0,0,0
"Seguridad","Nayarit","Daño a la propiedad",NA,18,20,31,26,29,24,16,13,13,17,15,12,10,17,9,9,20,6,7,12,8,10,9,2,13,11,9,2,7,9,5,5,1,5,7,3,11,10,8,10,6,7,5,7,10,8,5,5,14,9,15,6,5,11,10,22,7,16,11,9,12,10,8,6,4,4,4,9,9,9,15,16,4,13,11,13,21,8,10,13,16,19,13,12,12,21,14,17,49,35,22,41,48,69,56,33,62,51,73,58,55,76,59,70,103,66,69,58,73,80,58,74,65,58,98,56,89,69,62,57,63,63,45,67,65,42,0,0,0,0,0,0
"Seguridad","Nuevo León","Daño a la propiedad",NA,672,661,589,600,655,658,647,541,817,882,731,646,532,699,788,796,764,840,737,920,673,863,777,875,835,788,899,631,799,799,790,890,735,712,788,664,708,714,737,705,760,715,674,752,747,670,745,610,524,464,693,492,631,632,558,569,429,612,550,486,484,777,450,198,170,325,275,399,547,524,608,575,525,551,434,514,494,521,428,646,545,611,882,807,814,566,624,514,566,591,551,876,792,605,775,635,774,712,883,626,665,726,590,792,635,620,605,506,531,643,549,707,641,528,535,523,499,673,457,295,338,262,208,214,239,208,0,0,0,0,0,0
"Seguridad","Oaxaca","Daño a la propiedad",NA,0,108,0,0,134,0,0,95,0,0,105,0,201,198,213,221,217,199,191,196,165,0,193,183,164,116,200,170,171,149,198,156,139,181,169,171,225,214,266,243,243,229,235,261,244,233,188,213,210,231,268,263,262,209,263,249,243,209,200,216,226,249,267,173,200,173,210,226,233,252,215,198,224,200,243,225,253,219,204,214,199,223,199,230,226,184,266,244,231,238,239,239,226,251,209,222,217,204,234,216,239,227,221,208,216,238,196,233,221,178,242,246,242,205,205,212,220,205,211,210,154,143,158,148,145,119,0,0,0,0,0,0
"Seguridad","Puebla","Daño a la propiedad",NA,350,374,425,380,405,387,360,386,335,344,323,297,284,304,309,291,338,213,103,86,73,99,77,51,51,63,69,62,79,59,74,58,59,83,72,67,63,68,66,67,61,55,59,85,77,103,166,189,159,243,365,335,341,384,391,257,184,184,187,191,182,195,228,186,199,205,228,206,236,320,280,269,275,306,344,371,375,387,368,382,329,381,389,418,386,410,438,352,372,385,317,355,313,313,324,342,324,344,363,303,356,326,281,315,318,332,342,311,305,290,335,319,392,284,316,293,309,321,277,288,331,304,363,342,309,356,0,0,0,0,0,0
"Seguridad","Querétaro","Daño a la propiedad",NA,167,153,186,178,172,168,158,132,165,143,186,174,155,183,159,185,213,391,430,461,477,402,394,412,407,387,432,395,477,447,385,455,412,522,437,444,478,395,433,426,436,510,487,462,473,465,430,426,451,436,484,481,506,452,272,116,120,112,102,128,113,128,107,115,97,108,106,131,134,119,108,94,116,125,135,140,139,144,134,145,87,134,98,129,100,109,138,138,165,150,124,129,144,133,123,142,169,154,157,142,148,141,140,128,132,159,117,106,136,123,144,138,162,134,135,127,137,119,129,131,147,133,153,150,132,115,0,0,0,0,0,0
"Seguridad","Quintana Roo","Daño a la propiedad",NA,251,234,305,328,331,289,291,290,300,268,254,255,228,154,198,263,239,205,247,197,242,290,262,314,256,233,280,235,283,281,333,280,321,308,294,293,289,266,289,311,324,295,320,334,305,290,303,314,340,303,307,307,295,370,332,334,306,312,279,228,296,302,366,135,154,245,256,285,282,266,286,329,353,310,371,343,335,372,358,377,355,394,398,449,356,360,445,408,455,408,491,474,450,485,445,476,447,431,554,486,526,515,557,454,500,562,478,536,505,479,544,522,512,445,469,477,511,425,446,486,434,470,520,486,566,490,0,0,0,0,0,0
"Seguridad","San Luis Potosí","Daño a la propiedad",NA,210,229,266,204,190,197,178,186,188,182,215,220,112,184,163,334,194,351,404,482,381,373,315,420,391,407,377,340,405,301,296,290,307,312,306,298,318,279,284,331,319,308,300,305,282,330,364,389,381,430,470,472,523,466,513,440,405,491,450,445,487,432,397,175,219,393,439,343,335,411,393,408,419,398,512,447,471,500,473,403,420,489,459,572,390,436,445,504,511,550,489,533,521,468,437,578,530,514,590,483,565,523,488,473,512,499,436,446,425,498,423,510,552,466,452,413,469,489,415,423,495,421,455,419,457,397,0,0,0,0,0,0
"Seguridad","Sinaloa","Daño a la propiedad",NA,231,209,217,240,253,226,208,217,216,246,185,147,179,164,173,171,164,266,120,98,80,101,94,131,125,117,127,77,129,131,118,126,101,146,132,72,117,120,110,123,131,120,112,94,100,93,100,67,114,97,79,98,112,113,114,100,140,190,176,157,192,181,148,61,78,125,112,145,177,209,225,216,189,180,211,184,190,200,157,176,188,152,213,182,188,175,212,231,205,238,194,248,211,215,224,228,252,193,266,185,261,256,199,242,246,226,260,191,233,248,211,242,252,232,175,228,242,218,246,157,226,192,189,240,251,203,0,0,0,0,0,0
"Seguridad","Sonora","Daño a la propiedad",NA,128,149,222,193,232,209,153,177,194,178,163,152,188,216,215,289,252,351,302,138,162,209,140,109,116,122,168,132,161,182,79,123,117,152,92,83,76,105,114,135,126,115,81,94,94,114,93,68,123,131,111,97,87,100,104,100,150,133,135,87,98,114,133,106,135,116,253,274,317,380,205,180,203,261,333,267,227,205,192,220,226,243,189,214,147,144,225,206,265,234,176,209,179,209,201,196,227,187,223,207,233,226,186,199,201,256,214,225,206,223,174,182,167,191,170,165,238,176,236,134,110,175,155,209,135,188,0,0,0,0,0,0
"Seguridad","Tabasco","Daño a la propiedad",NA,226,220,222,235,232,272,253,218,232,209,231,213,195,221,221,250,291,317,266,219,245,216,220,224,257,167,243,247,305,243,277,265,244,284,222,221,217,168,247,219,255,233,256,233,210,241,197,172,226,195,198,268,307,230,252,223,207,194,168,184,211,176,199,92,100,178,227,228,192,231,171,162,194,190,263,209,209,204,194,184,192,205,164,162,153,153,170,179,236,194,178,169,145,165,165,177,172,153,191,177,214,231,169,151,141,162,104,136,144,139,170,188,234,182,172,155,144,173,121,147,0,0,0,0,0,0,0,0,0,0,0,0
"Seguridad","Tamaulipas","Daño a la propiedad",NA,141,145,174,162,164,212,201,171,185,201,171,180,159,222,231,250,303,376,314,353,411,364,453,443,411,329,354,326,356,353,308,351,317,322,317,268,342,314,328,306,371,372,313,359,310,346,320,322,314,285,271,336,372,335,375,351,302,356,312,274,300,307,282,158,195,255,204,266,295,282,273,269,257,221,325,288,278,342,255,309,308,324,337,298,238,236,333,352,359,351,337,351,354,373,331,375,347,322,376,292,324,386,341,359,387,370,345,331,327,342,314,349,400,359,363,349,333,373,321,329,329,274,393,364,373,368,0,0,0,0,0,0
"Seguridad","Tlaxcala","Daño a la propiedad",NA,29,39,30,27,28,25,29,36,31,30,28,24,16,22,18,9,10,10,7,17,17,9,5,15,13,24,14,9,9,9,7,7,9,7,16,17,9,12,11,8,8,22,27,25,23,7,12,32,17,27,19,26,17,13,27,18,21,17,20,13,20,30,21,20,11,11,8,14,14,20,10,16,22,14,8,23,13,10,8,12,10,13,6,5,9,9,8,8,7,12,7,7,7,3,8,3,4,6,4,6,4,7,7,5,5,3,5,4,4,2,3,2,2,0,4,1,6,7,2,3,3,7,3,6,6,1,0,0,0,0,0,0
"Seguridad","Veracruz de Ignacio de la Llave","Daño a la propiedad",NA,329,376,386,409,366,381,340,390,361,323,297,164,200,235,266,276,243,236,215,186,217,231,268,238,447,382,441,319,372,417,376,383,393,359,370,355,362,340,364,428,352,371,317,332,362,390,280,310,364,589,629,604,595,568,537,496,576,633,589,559,620,642,612,396,350,487,491,519,521,591,536,517,591,585,702,675,722,635,538,507,585,563,552,626,513,546,694,622,752,650,576,602,583,571,635,585,569,508,681,643,671,672,648,606,625,621,573,557,528,576,667,743,741,698,610,487,488,470,497,493,447,523,527,531,588,517,0,0,0,0,0,0
"Seguridad","Yucatán","Daño a la propiedad",NA,342,374,398,435,509,424,381,382,315,375,353,402,358,328,368,381,257,225,306,248,196,253,228,256,252,264,301,189,208,180,96,91,101,100,113,116,91,95,95,164,100,99,96,98,107,77,77,85,101,112,127,119,148,142,179,126,190,171,140,132,131,184,146,72,78,72,107,100,160,143,135,157,183,153,184,205,167,133,50,28,34,41,29,31,39,46,47,50,52,49,52,62,67,67,57,49,59,46,85,48,40,68,55,32,60,56,68,70,36,66,43,83,89,57,63,48,56,47,51,41,39,96,85,97,47,121,0,0,0,0,0,0
"Seguridad","Zacatecas","Daño a la propiedad",NA,94,114,140,105,115,130,134,105,124,117,123,105,109,156,157,123,158,141,143,142,134,128,139,157,151,141,160,118,131,165,128,144,125,132,123,142,140,128,169,148,190,151,155,161,177,154,152,152,162,156,177,177,199,189,199,211,171,214,187,205,203,197,181,127,125,198,146,161,152,142,147,160,164,203,205,195,189,199,177,175,167,181,178,191,173,160,221,199,222,236,212,243,234,219,218,212,211,250,238,210,248,205,191,127,209,245,213,199,250,241,213,228,266,256,200,197,194,221,245,206,216,216,207,201,232,218,0,0,0,0,0,0
"Seguridad","Aguascalientes","Delitos cometidos por servidores públicos",NA,1,2,0,0,2,0,1,0,0,0,0,0,1,1,2,0,0,2,0,0,3,0,20,1,1,3,2,2,4,0,6,5,6,12,2,3,4,7,5,2,8,7,4,5,3,9,2,0,2,0,30,35,4,3,6,6,4,48,34,40,34,34,38,32,21,33,25,47,48,57,41,40,47,41,52,63,54,55,23,38,31,55,33,40,42,40,43,47,39,33,43,36,38,41,40,32,42,44,42,43,42,41,45,43,40,45,69,37,49,39,49,59,35,34,40,27,39,57,43,41,42,36,40,30,33,32,0,0,0,0,0,0
"Seguridad","Baja California","Delitos cometidos por servidores públicos",NA,79,100,105,117,0,0,0,0,0,0,0,0,82,114,150,130,118,157,105,138,100,127,90,86,67,67,98,67,87,86,79,82,103,111,126,75,83,76,142,92,114,112,110,123,104,120,88,82,86,78,110,101,111,107,121,126,124,122,113,87,89,101,74,39,79,55,67,72,90,106,82,59,69,57,94,80,72,70,85,61,97,80,72,78,53,63,95,94,83,96,90,71,78,68,58,47,61,56,69,78,58,80,79,82,87,106,71,66,52,66,62,68,58,69,55,54,62,59,49,49,53,45,44,53,58,47,0,0,0,0,0,0
"Seguridad","Baja California Sur","Delitos cometidos por servidores públicos",NA,10,14,13,16,16,9,3,12,9,6,17,15,20,27,22,25,24,13,22,28,30,43,26,24,35,22,19,19,27,27,22,37,17,17,22,11,17,19,30,21,30,31,11,13,22,29,21,22,42,26,17,21,18,14,22,32,23,27,24,20,21,24,23,22,21,28,13,27,32,23,21,17,18,23,20,34,18,23,12,16,26,36,29,29,18,15,30,30,27,31,18,31,25,22,8,13,20,17,26,28,31,41,18,23,31,12,21,18,25,34,19,28,25,33,27,26,35,25,21,20,23,20,35,24,34,22,0,0,0,0,0,0
"Seguridad","Campeche","Delitos cometidos por servidores públicos",NA,2,6,2,3,3,1,0,0,1,1,0,2,0,2,3,0,0,0,1,0,0,0,0,9,2,0,4,1,2,4,3,2,2,1,1,0,0,0,0,0,0,0,0,1,0,0,0,0,0,0,0,0,0,0,0,0,1,0,0,0,0,2,1,0,0,0,0,1,1,0,0,0,0,0,0,0,0,0,0,0,0,0,13,9,24,12,7,9,9,11,7,9,10,17,5,8,7,14,8,12,12,17,10,10,10,3,2,6,2,3,6,7,2,1,3,4,3,0,1,1,2,1,2,4,5,0,0,0,0,0,0,0
"Seguridad","Chiapas","Delitos cometidos por servidores públicos",NA,15,25,24,21,19,18,18,22,7,14,24,9,6,9,19,23,17,14,13,68,18,29,16,12,24,25,30,29,26,14,28,25,34,38,29,21,29,40,42,33,22,29,33,24,32,27,29,20,22,27,28,32,17,34,24,62,23,19,23,27,24,25,28,18,23,22,15,18,24,20,27,6,10,10,12,12,8,18,12,11,11,9,15,12,11,11,8,5,10,4,7,9,6,5,4,7,2,11,15,11,18,15,5,5,7,8,13,3,10,7,5,11,7,5,6,2,7,11,12,9,10,9,6,2,5,4,0,0,0,0,0,0
"Seguridad","Chihuahua","Delitos cometidos por servidores públicos",NA,31,38,53,47,55,58,61,64,42,51,36,31,37,46,36,47,51,47,41,38,42,41,36,32,50,49,61,77,66,77,74,55,57,76,63,44,58,82,75,94,81,55,84,58,60,96,69,62,79,67,45,79,72,81,64,62,73,58,56,55,98,323,93,73,92,101,125,197,151,125,141,185,134,76,141,133,135,123,125,124,96,117,94,76,71,96,72,85,89,71,52,53,71,58,63,45,38,36,67,52,59,73,56,59,67,78,56,48,50,55,64,68,75,57,65,50,58,62,43,62,54,45,47,39,48,50,0,0,0,0,0,0
"Seguridad","Ciudad de México","Delitos cometidos por servidores públicos",NA,180,205,254,281,248,283,260,263,268,286,296,318,281,294,308,314,305,304,196,270,264,304,295,188,211,267,301,250,281,268,256,231,227,219,207,198,324,349,414,466,440,437,433,421,494,612,467,341,537,503,453,448,502,538,534,534,522,567,553,470,405,609,578,325,222,305,426,435,401,542,399,387,307,312,436,419,455,468,478,456,436,472,460,427,340,384,477,437,490,471,443,412,369,370,416,337,339,368,483,421,456,477,427,432,424,454,377,348,378,386,408,394,409,325,402,364,300,318,312,280,353,347,385,341,401,345,0,0,0,0,0,0
"Seguridad","Coahuila de Zaragoza","Delitos cometidos por servidores públicos",NA,13,11,8,9,10,30,23,20,22,7,6,11,17,33,8,6,6,16,3,3,5,9,4,4,0,5,4,0,9,5,3,1,12,11,7,3,10,28,32,35,31,51,47,64,48,29,44,32,42,43,45,47,73,52,63,76,57,92,63,44,62,97,57,31,53,52,31,32,35,39,33,45,13,41,63,90,74,50,49,68,44,50,47,29,94,44,77,48,42,40,95,60,61,38,39,28,33,33,61,37,37,61,51,39,47,28,41,32,38,51,29,40,43,41,38,108,44,54,37,39,23,35,35,52,37,45,0,0,0,0,0,0
"Seguridad","Colima","Delitos cometidos por servidores públicos",NA,0,0,0,0,0,0,0,0,0,0,0,0,11,8,1,0,0,0,0,0,0,0,0,0,0,0,0,0,1,0,0,0,0,0,0,0,0,0,0,0,0,0,0,0,0,0,0,0,14,25,27,25,23,28,16,25,22,24,24,44,32,29,22,15,22,25,27,23,11,24,22,26,29,26,22,24,23,26,11,28,17,20,17,20,25,14,26,14,19,23,13,22,14,16,14,21,27,27,23,10,30,28,23,21,27,27,18,14,15,26,23,20,21,15,13,26,23,13,10,13,17,18,16,9,24,24,0,0,0,0,0,0
"Seguridad","Durango","Delitos cometidos por servidores públicos",NA,13,9,0,12,8,6,17,16,13,1,12,16,14,22,11,21,19,11,16,17,23,16,21,11,20,14,20,0,10,10,13,14,17,16,9,9,15,22,10,12,18,18,6,5,10,6,10,15,9,6,2,8,5,6,4,6,4,7,9,12,7,11,13,8,5,5,4,7,3,7,0,7,6,16,15,8,8,11,7,7,8,3,0,5,3,3,2,3,2,5,2,2,0,2,1,0,0,0,0,0,1,0,0,0,0,0,0,0,0,0,0,0,0,0,0,0,0,0,0,0,0,0,0,0,0,0,0,0,0,0,0,0
"Seguridad","Guanajuato","Delitos cometidos por servidores públicos",NA,0,0,0,0,0,0,0,0,0,0,0,0,0,0,0,0,0,0,0,0,0,0,0,0,0,0,0,0,0,0,0,0,0,0,0,0,0,0,0,0,0,0,0,0,0,0,0,0,0,0,0,0,0,7,10,14,14,10,4,7,8,9,10,9,6,6,3,9,10,12,7,8,9,8,14,14,11,17,18,15,15,11,19,11,4,13,6,14,11,12,11,26,13,10,5,11,12,10,7,14,21,13,17,13,12,25,19,8,15,11,9,13,15,13,13,9,4,12,8,6,6,12,16,16,17,15,0,0,0,0,0,0
"Seguridad","Guerrero","Delitos cometidos por servidores públicos",NA,6,11,8,14,17,6,11,13,7,6,13,7,5,16,9,10,8,5,9,4,13,10,7,7,1,8,16,7,5,11,16,12,14,8,5,12,10,12,12,17,25,7,7,18,10,16,25,13,11,10,22,15,13,13,17,19,15,17,21,21,23,33,15,8,4,7,16,12,10,29,24,21,23,15,19,17,8,9,12,15,14,11,15,11,9,15,20,15,19,36,16,20,25,26,24,17,18,24,43,33,27,14,28,21,22,17,26,14,13,24,9,12,19,14,16,26,16,13,21,20,16,17,27,19,33,18,0,0,0,0,0,0
"Seguridad","Hidalgo","Delitos cometidos por servidores públicos",NA,0,0,0,0,2,0,0,0,0,0,0,0,0,0,0,0,0,0,0,0,0,1,0,0,0,0,0,0,44,29,22,37,35,26,26,32,35,45,41,41,19,44,41,42,48,48,48,14,53,43,41,40,61,42,343,21,47,57,48,21,45,65,47,42,19,17,30,38,39,48,25,29,12,26,45,29,56,39,30,30,38,47,29,29,35,41,45,55,75,61,27,46,46,42,51,17,41,54,46,31,40,36,36,48,50,44,54,27,54,28,47,60,49,40,35,46,37,36,56,39,48,32,40,49,65,90,0,0,0,0,0,0
"Seguridad","Jalisco","Delitos cometidos por servidores públicos",NA,78,78,110,100,91,108,117,115,160,146,133,178,156,102,101,106,120,0,141,95,93,77,95,103,75,127,83,111,121,111,103,136,89,100,106,79,3,84,93,100,95,33,49,29,42,40,31,47,45,29,31,40,0,20,28,33,22,22,14,40,32,15,33,27,30,46,38,28,27,25,27,29,27,33,62,62,31,62,46,22,36,42,28,38,52,26,22,38,52,44,44,42,25,37,23,36,39,31,35,31,27,39,59,48,31,42,49,28,27,30,28,33,29,29,98,43,27,34,33,32,32,30,26,28,34,26,0,0,0,0,0,0
"Seguridad","Michoacán de Ocampo","Delitos cometidos por servidores públicos",NA,13,22,18,13,17,35,17,20,22,47,20,22,27,26,38,41,47,38,32,34,30,33,27,31,30,37,28,29,33,19,38,41,66,60,45,32,40,32,39,39,61,57,41,48,21,52,40,24,32,40,43,40,32,34,51,30,25,38,36,39,23,42,36,42,37,27,18,19,35,26,37,25,20,27,31,20,26,32,29,20,29,11,22,25,29,17,27,30,24,24,18,34,27,30,19,33,14,39,34,23,34,43,24,35,34,33,33,16,29,24,28,21,26,21,24,27,11,13,31,18,10,23,14,47,14,14,0,0,0,0,0,0
"Seguridad","Morelos","Delitos cometidos por servidores públicos",NA,1,10,6,8,4,3,24,9,10,4,0,8,3,2,5,5,0,7,4,4,2,3,6,6,4,1,6,4,1,3,13,5,4,5,6,3,3,4,6,4,5,5,2,6,4,8,5,0,6,5,3,1,7,7,4,3,6,4,4,2,4,3,6,5,2,0,10,1,2,7,6,4,1,3,5,4,2,5,4,7,2,4,6,2,6,3,3,0,1,1,1,2,2,1,3,2,1,0,2,1,0,2,1,2,4,5,0,3,4,1,1,3,14,5,3,3,3,3,6,6,2,7,9,4,9,14,0,0,0,0,0,0
"Seguridad","México","Delitos cometidos por servidores públicos",NA,214,213,264,250,205,232,235,219,267,271,284,245,207,235,180,269,244,194,252,257,254,221,228,233,233,195,281,229,278,279,262,273,249,255,227,205,191,229,272,248,276,232,198,239,243,229,202,210,161,220,250,247,253,327,333,270,327,363,363,342,328,338,327,253,241,307,340,364,410,372,350,282,214,314,414,320,321,352,358,298,346,309,288,285,238,276,313,309,343,321,307,383,373,436,389,349,354,327,441,355,396,350,317,343,348,359,329,244,299,309,325,312,344,299,298,288,342,359,315,258,302,270,323,280,283,238,0,0,0,0,0,0
"Seguridad","Nayarit","Delitos cometidos por servidores públicos",NA,9,13,11,11,10,4,5,4,7,5,8,3,0,1,0,0,1,1,0,1,1,0,1,0,1,1,0,2,0,0,2,1,0,0,0,0,0,0,4,0,4,6,2,1,0,4,1,2,1,1,1,2,1,2,0,3,2,4,5,0,1,0,0,5,1,1,0,0,3,2,0,1,1,0,1,0,1,1,1,5,0,1,0,1,3,5,3,8,2,3,2,4,8,2,5,4,7,8,4,5,5,9,7,15,3,14,7,12,10,9,5,6,13,14,12,5,13,12,11,6,8,6,17,18,9,11,0,0,0,0,0,0
"Seguridad","Nuevo León","Delitos cometidos por servidores públicos",NA,60,68,85,78,88,110,107,73,128,111,114,82,29,22,36,65,73,114,118,150,148,147,175,198,189,190,158,222,179,191,222,113,162,173,234,313,115,167,227,157,137,199,211,226,238,276,279,114,191,180,141,106,261,249,299,123,237,258,155,207,188,154,128,141,174,267,90,211,296,340,209,216,144,151,178,153,150,197,187,162,174,257,178,140,139,148,167,217,184,160,157,207,189,161,177,186,265,153,175,170,183,129,132,138,146,213,165,77,136,150,118,157,136,130,125,159,138,132,106,89,143,131,159,128,132,166,0,0,0,0,0,0
"Seguridad","Oaxaca","Delitos cometidos por servidores públicos",NA,0,37,0,0,25,0,0,7,0,0,18,0,26,23,24,22,20,11,15,26,19,0,21,26,13,12,22,33,22,17,14,21,23,39,22,24,37,38,40,35,47,25,35,40,30,34,30,32,37,39,40,34,31,29,30,33,30,33,34,30,36,37,42,39,35,37,32,46,37,29,31,32,28,41,39,24,27,40,26,33,19,35,22,24,31,31,31,25,21,14,22,22,27,13,28,17,35,25,22,19,18,28,16,20,22,42,23,18,14,17,10,17,17,17,23,19,16,24,30,19,30,26,19,24,15,22,0,0,0,0,0,0
"Seguridad","Puebla","Delitos cometidos por servidores públicos",NA,1,4,5,9,5,2,4,6,3,2,1,0,3,2,2,2,6,3,1,0,2,7,7,6,0,1,3,3,1,7,3,5,9,7,11,1,5,5,8,5,3,3,8,6,8,2,5,6,6,8,6,5,9,75,90,77,88,95,113,99,101,99,83,64,102,95,113,68,94,138,83,119,82,110,99,107,105,120,101,103,88,124,75,88,66,63,97,102,131,229,140,144,123,116,89,128,86,88,81,70,88,74,79,78,57,80,52,46,63,63,76,74,54,70,62,50,62,74,50,69,56,81,69,85,74,77,0,0,0,0,0,0
"Seguridad","Querétaro","Delitos cometidos por servidores públicos",NA,0,0,0,0,0,0,0,0,0,1,0,2,0,0,0,0,0,0,0,0,0,0,0,0,0,0,0,0,0,0,0,0,1,0,0,0,0,0,0,0,0,0,0,0,0,0,0,0,0,0,0,0,0,0,0,0,0,0,0,0,0,0,0,0,0,0,0,0,0,0,0,0,0,0,0,0,0,0,0,0,1,0,0,0,0,0,0,0,0,0,0,0,0,0,0,0,0,0,0,0,1,0,0,1,0,0,0,0,0,0,0,0,0,1,0,0,0,0,0,0,0,0,0,0,0,0,0,0,0,0,0,0
"Seguridad","Quintana Roo","Delitos cometidos por servidores públicos",NA,0,0,0,0,1,1,0,1,0,0,0,0,0,0,0,0,0,0,0,0,0,0,0,0,0,0,0,0,0,0,0,0,0,0,0,1,0,1,0,0,0,0,0,0,0,2,0,0,0,0,0,0,0,0,0,0,0,0,0,0,37,62,49,34,22,47,37,62,45,40,47,53,44,47,56,51,45,45,64,46,59,34,48,52,43,49,47,47,57,66,48,44,50,49,51,43,31,28,43,24,43,41,40,44,46,56,58,53,57,66,52,34,49,51,50,48,52,34,60,63,55,52,61,42,63,47,0,0,0,0,0,0
"Seguridad","San Luis Potosí","Delitos cometidos por servidores públicos",NA,4,12,3,8,10,11,7,8,8,11,13,8,9,12,9,2,3,8,12,35,85,54,45,36,37,25,43,42,57,44,56,24,35,39,39,47,31,43,55,52,47,48,53,43,54,45,46,40,38,39,53,64,74,72,70,57,65,58,64,80,59,60,71,57,57,41,52,32,59,71,67,46,38,30,55,64,48,81,43,48,57,37,69,74,47,46,49,46,63,59,62,47,68,53,46,59,51,52,59,48,36,53,46,40,66,51,45,46,50,47,50,42,64,41,47,44,49,53,70,51,75,44,65,65,52,62,0,0,0,0,0,0
"Seguridad","Sinaloa","Delitos cometidos por servidores públicos",NA,48,24,34,44,26,25,22,20,15,15,5,7,61,63,81,48,52,41,13,66,14,22,14,11,10,20,26,13,11,19,7,24,21,29,22,10,7,37,19,21,20,18,10,20,11,16,14,10,14,22,13,11,19,21,16,16,16,14,30,4,56,21,22,5,11,11,11,7,11,17,12,9,22,14,18,10,15,15,12,14,13,9,16,36,9,12,12,18,20,18,17,15,6,14,8,17,8,21,18,15,21,18,17,12,19,16,16,9,10,14,15,12,20,11,7,11,22,19,9,5,9,17,17,17,10,12,0,0,0,0,0,0
"Seguridad","Sonora","Delitos cometidos por servidores públicos",NA,3,3,3,3,4,0,8,6,9,5,7,5,3,11,6,13,13,7,28,12,15,4,5,12,11,5,15,6,20,11,8,2,5,9,4,2,2,0,3,6,2,2,1,1,1,5,1,1,2,1,3,0,2,1,5,5,9,5,6,10,5,5,9,1,4,5,2,5,5,1,16,5,11,4,11,6,5,27,3,10,9,10,9,6,8,4,10,2,8,4,7,2,10,12,7,6,8,10,16,6,7,12,6,2,5,6,3,2,4,8,4,6,8,4,9,2,2,7,9,7,10,9,7,4,8,5,0,0,0,0,0,0
"Seguridad","Tabasco","Delitos cometidos por servidores públicos",NA,13,12,9,0,0,0,0,1,0,0,0,0,0,3,1,4,2,2,0,0,0,0,0,2,1,1,1,0,27,25,28,14,27,18,22,17,24,23,25,24,18,18,18,17,9,18,13,21,18,31,24,27,23,19,29,28,22,27,17,16,17,22,24,14,29,21,26,33,24,20,20,16,19,19,28,15,19,18,22,18,16,19,25,9,11,15,17,17,11,15,10,13,19,17,16,17,13,15,14,15,22,26,17,11,16,23,15,12,11,18,13,16,13,12,11,15,9,11,0,0,0,1,23,18,13,13,0,0,0,0,0,0
"Seguridad","Tamaulipas","Delitos cometidos por servidores públicos",NA,0,0,0,0,0,1,0,0,0,0,0,0,0,0,0,0,0,0,0,0,0,0,1,0,2,1,3,0,0,1,2,66,52,73,54,42,35,50,60,54,58,60,45,55,53,53,47,50,43,4,68,57,45,59,34,52,34,46,91,61,37,43,52,27,25,19,27,33,54,73,46,36,28,30,41,40,50,21,31,43,40,51,34,47,34,38,39,35,43,34,35,41,24,32,37,35,47,36,61,28,44,48,39,43,49,59,36,42,22,20,23,49,60,21,20,109,31,50,45,43,31,39,41,73,43,46,0,0,0,0,0,0
"Seguridad","Tlaxcala","Delitos cometidos por servidores públicos",NA,0,0,0,0,0,0,0,0,0,0,0,0,0,0,0,0,0,0,0,0,0,0,0,0,0,0,0,0,0,0,0,0,0,0,0,0,0,0,0,0,0,0,0,0,0,0,0,0,0,0,0,0,0,0,0,0,0,0,0,0,0,0,0,0,0,0,0,0,0,0,0,0,0,0,0,0,0,0,0,0,0,0,0,0,0,0,0,0,0,0,0,0,0,0,0,0,0,0,0,0,0,0,0,0,0,0,0,0,0,0,0,0,0,0,0,0,0,0,0,0,0,0,0,0,0,0,0,0,0,0,0,0
"Seguridad","Veracruz de Ignacio de la Llave","Delitos cometidos por servidores públicos",NA,11,18,18,15,42,32,30,33,27,22,18,13,5,18,12,25,11,20,14,17,15,28,20,14,29,21,18,30,21,28,24,27,29,44,31,12,20,27,26,31,29,44,32,27,37,41,44,29,22,32,24,35,40,45,33,33,38,43,36,16,36,33,42,23,25,30,37,39,30,48,40,36,37,36,49,45,53,40,44,40,54,63,43,56,34,29,43,29,34,38,42,40,38,44,35,33,39,55,80,79,127,80,64,65,60,66,61,62,66,68,81,95,67,68,72,67,39,35,60,37,39,49,31,131,97,80,0,0,0,0,0,0
"Seguridad","Yucatán","Delitos cometidos por servidores públicos",NA,1,0,2,0,2,2,0,0,0,0,0,0,0,0,3,0,0,0,0,0,0,0,3,0,5,0,0,0,0,0,0,0,0,0,0,0,0,0,0,0,0,0,0,0,0,0,0,0,0,2,7,0,0,0,0,0,0,0,0,0,0,0,8,0,5,0,1,0,0,0,1,1,2,0,0,1,0,0,2,0,0,2,0,2,1,1,2,0,3,3,3,1,1,3,0,2,2,4,1,3,3,3,2,3,1,3,5,5,7,4,3,11,1,3,6,6,7,2,2,3,2,0,2,0,1,1,0,0,0,0,0,0
"Seguridad","Zacatecas","Delitos cometidos por servidores públicos",NA,10,12,10,14,17,13,10,13,19,11,18,6,8,9,10,15,19,9,9,9,17,13,3,9,14,15,12,20,70,13,13,13,14,14,12,14,22,13,19,23,21,17,18,31,27,26,20,17,15,28,41,18,21,27,13,17,27,18,25,17,20,20,28,13,18,23,21,30,20,20,15,20,24,21,26,32,31,37,34,18,27,21,39,20,12,26,45,84,26,25,22,31,24,22,16,20,16,20,27,23,25,32,25,14,46,28,26,8,21,22,33,35,36,37,28,24,21,26,27,27,37,35,25,39,31,31,0,0,0,0,0,0
"Seguridad","Aguascalientes","Despojo",NA,19,15,13,14,13,19,12,15,19,22,10,8,13,14,4,12,14,10,13,8,8,20,9,10,8,9,12,9,19,29,27,55,39,25,31,16,30,30,32,26,26,19,31,30,28,36,24,11,28,30,26,38,40,35,29,27,31,39,26,17,28,26,23,19,19,25,37,32,29,26,20,31,29,22,35,26,36,57,34,42,29,40,25,17,18,38,32,31,39,42,43,31,34,47,27,20,20,34,27,36,40,28,40,38,35,28,22,26,36,45,31,44,35,26,35,35,24,21,27,28,30,42,38,24,27,39,0,0,0,0,0,0
"Seguridad","Baja California","Despojo",NA,76,68,99,102,109,106,121,134,89,110,90,92,78,95,86,110,102,80,81,100,101,94,82,53,48,60,128,69,80,77,109,195,93,92,105,83,70,67,98,96,91,104,107,96,105,109,120,65,62,73,78,96,102,97,120,114,116,138,115,88,68,85,91,53,52,104,160,137,140,162,183,120,93,106,121,141,116,132,141,137,168,125,143,130,80,93,125,106,134,129,139,173,127,122,121,91,84,92,115,145,156,125,145,147,158,160,148,107,102,121,108,140,141,92,119,121,143,107,98,91,69,91,98,119,102,125,0,0,0,0,0,0
"Seguridad","Baja California Sur","Despojo",NA,30,15,51,15,13,15,22,13,12,29,18,29,16,43,38,36,23,57,22,30,15,24,36,20,43,50,24,23,26,29,25,20,34,42,38,29,26,30,29,35,34,38,36,31,16,38,31,42,18,30,21,40,35,26,26,32,27,41,27,22,24,24,33,10,31,39,45,31,32,38,33,21,32,30,34,41,28,26,26,33,23,35,32,17,16,20,39,23,46,38,20,26,32,25,32,15,18,29,41,35,44,47,33,46,28,29,45,18,27,22,26,37,27,37,38,38,30,35,42,27,41,29,34,36,44,41,0,0,0,0,0,0
"Seguridad","Campeche","Despojo",NA,1,1,2,0,1,1,2,0,1,1,0,1,1,3,1,0,0,2,0,0,0,1,0,0,0,2,1,1,0,0,0,2,0,0,0,0,1,0,0,1,2,0,0,0,2,0,0,0,1,0,0,1,1,2,1,0,0,0,2,1,0,1,0,0,1,0,1,1,0,0,0,0,1,0,0,0,0,0,1,0,1,0,24,22,24,24,30,36,27,22,49,34,29,29,25,18,20,34,23,24,41,45,37,51,9,13,11,11,4,12,7,12,10,7,3,4,2,0,4,1,4,1,0,3,3,3,0,0,0,0,0,0
"Seguridad","Chiapas","Despojo",NA,31,25,25,27,35,30,17,24,39,30,41,29,22,19,20,20,22,17,19,44,17,30,35,23,24,26,33,45,35,46,28,32,27,34,34,27,19,25,23,22,17,30,36,45,27,42,27,25,22,20,28,22,24,24,22,15,21,16,16,8,22,19,27,6,2,7,9,9,6,13,9,10,3,21,13,13,15,14,19,13,7,10,14,9,9,15,12,15,13,11,4,17,13,21,14,12,8,12,18,9,16,15,14,21,13,18,12,7,10,11,16,20,12,6,11,11,5,15,10,7,2,12,5,10,9,10,0,0,0,0,0,0
"Seguridad","Chihuahua","Despojo",NA,53,52,55,55,55,43,52,48,56,73,36,34,44,36,55,53,56,50,40,50,69,64,64,48,65,77,77,63,74,62,69,71,82,64,43,33,67,54,66,61,65,66,70,77,53,82,44,54,70,72,72,81,70,75,75,91,69,63,50,41,72,62,76,52,51,69,84,91,87,89,44,61,71,68,125,78,75,67,76,89,75,79,75,82,63,89,75,87,90,70,66,73,64,69,74,53,71,64,88,53,72,74,68,70,71,66,76,61,70,73,76,88,101,90,134,92,81,88,68,58,73,99,98,95,47,62,0,0,0,0,0,0
"Seguridad","Ciudad de México","Despojo",NA,185,191,245,249,219,305,341,289,332,298,315,279,268,312,293,353,326,305,261,281,267,267,239,194,256,243,315,226,310,315,292,346,269,318,286,251,263,258,291,276,312,302,309,353,308,352,307,287,316,329,323,326,366,317,379,353,338,364,297,286,336,322,378,210,172,245,352,376,384,445,392,333,347,346,424,382,383,371,397,381,379,349,351,327,267,338,408,323,392,358,316,358,287,325,373,294,301,322,360,330,301,357,363,317,332,350,272,274,263,337,346,307,356,317,296,287,305,288,285,256,279,287,321,329,344,341,0,0,0,0,0,0
"Seguridad","Coahuila de Zaragoza","Despojo",NA,23,25,29,56,38,26,42,25,34,34,24,17,27,29,31,27,28,55,29,36,36,47,38,29,29,41,56,34,32,60,27,26,21,31,53,25,16,35,51,37,37,29,30,32,33,23,25,27,17,53,36,33,41,30,37,38,42,47,30,14,39,36,25,16,30,26,51,34,30,53,31,30,27,34,40,44,39,41,41,39,51,49,32,31,28,32,56,40,46,53,35,38,54,44,32,26,26,31,56,30,40,43,54,40,46,40,35,34,23,37,38,34,32,33,22,36,30,35,32,29,40,28,48,48,42,44,0,0,0,0,0,0
"Seguridad","Colima","Despojo",NA,4,4,4,3,8,10,2,5,1,6,1,4,10,15,18,20,10,0,0,0,0,0,0,0,33,28,37,29,33,47,34,40,26,29,24,25,28,26,37,43,25,17,23,27,40,27,20,20,27,39,34,30,41,30,23,38,30,42,25,29,33,40,30,22,34,33,35,31,36,31,29,33,41,37,48,39,34,47,40,31,33,35,37,43,41,37,41,34,33,22,24,44,20,27,24,23,30,27,40,22,33,22,29,42,24,18,20,18,29,30,25,24,34,30,64,34,23,22,28,17,32,28,35,33,19,23,0,0,0,0,0,0
"Seguridad","Durango","Despojo",NA,12,26,21,28,18,26,33,44,46,50,29,40,38,44,41,40,41,46,38,51,50,42,46,22,36,46,51,41,50,51,37,51,46,43,38,46,74,49,51,40,47,34,28,45,33,29,27,22,25,34,38,34,45,31,24,37,32,39,36,39,31,39,17,10,9,18,44,39,30,24,6,18,42,42,37,34,36,42,33,25,47,40,20,22,32,34,44,28,37,38,33,33,28,51,25,22,28,32,44,28,35,28,33,33,26,26,24,21,25,31,44,28,33,14,26,27,20,26,29,17,15,11,28,16,33,17,0,0,0,0,0,0
"Seguridad","Guanajuato","Despojo",NA,59,68,70,72,82,73,81,55,51,62,51,62,63,74,80,74,83,106,79,67,63,59,74,65,61,75,81,51,72,70,71,77,68,79,71,66,71,104,103,99,127,96,99,122,105,113,83,77,97,112,129,117,141,145,123,110,82,95,88,81,101,116,101,51,70,89,114,108,114,140,102,127,104,127,138,130,115,121,121,96,142,125,111,92,100,132,142,124,126,155,141,125,105,113,123,97,112,114,149,122,158,121,137,134,107,103,114,87,98,137,125,124,110,117,136,118,85,139,108,93,142,145,137,139,154,172,0,0,0,0,0,0
"Seguridad","Guerrero","Despojo",NA,24,35,60,34,51,37,33,37,18,44,28,28,24,35,38,30,48,41,27,32,31,25,30,38,25,35,35,34,32,50,34,38,40,32,35,38,39,49,31,45,49,36,38,33,41,27,28,21,29,24,42,28,32,54,43,38,39,35,44,24,42,29,27,16,31,38,55,48,52,40,41,46,38,48,51,49,40,41,46,36,33,38,36,39,35,39,64,51,51,69,60,53,54,44,61,34,58,54,69,45,61,68,41,50,50,33,26,26,39,39,28,51,49,41,63,38,44,31,46,31,44,43,53,42,48,31,0,0,0,0,0,0
"Seguridad","Hidalgo","Despojo",NA,60,72,44,58,72,57,20,68,55,55,23,56,69,69,50,74,44,83,20,29,76,73,67,60,61,82,69,91,100,107,109,118,97,79,109,77,85,68,98,146,72,96,109,115,108,115,98,65,122,123,118,88,115,84,83,102,66,86,66,51,86,92,92,40,26,16,35,83,89,106,81,32,8,12,95,116,71,73,70,88,86,77,78,65,76,85,87,93,96,72,68,101,63,73,68,41,64,92,82,68,101,70,61,63,61,72,57,47,46,61,55,61,65,43,41,73,54,96,61,40,53,65,75,65,91,107,0,0,0,0,0,0
"Seguridad","Jalisco","Despojo",NA,121,132,134,122,101,117,136,100,145,127,134,89,104,122,136,122,138,210,158,178,158,158,151,152,125,145,184,138,142,179,204,213,178,147,184,145,217,203,191,189,194,171,171,175,134,192,128,130,174,199,193,172,191,169,216,205,148,175,120,131,152,145,141,82,145,213,205,158,161,177,134,146,113,134,155,166,125,141,154,138,124,155,147,122,80,112,140,145,136,141,126,119,95,112,129,107,103,112,149,117,142,131,158,136,138,144,117,89,101,115,119,94,107,105,126,100,106,111,105,93,124,110,97,97,105,79,0,0,0,0,0,0
"Seguridad","Michoacán de Ocampo","Despojo",NA,43,29,26,21,20,14,20,46,44,15,19,31,21,37,36,37,24,36,26,33,31,23,24,23,34,35,29,34,40,36,63,71,63,66,64,60,69,71,64,71,72,62,65,60,67,43,24,38,59,49,70,63,70,54,72,73,61,51,54,68,63,65,60,43,83,89,83,91,86,90,66,79,66,88,110,85,69,79,83,95,68,65,69,59,77,75,85,51,77,81,76,68,79,84,74,52,73,68,86,66,78,82,71,83,66,66,63,48,67,76,70,58,76,93,63,62,70,71,66,62,64,63,58,73,83,83,0,0,0,0,0,0
"Seguridad","Morelos","Despojo",NA,79,92,86,57,68,109,77,94,61,91,76,67,72,83,96,84,95,81,87,90,72,94,77,89,79,86,97,86,101,93,93,104,74,116,104,87,87,100,95,111,89,93,96,121,104,118,98,86,80,82,149,102,104,84,108,82,67,99,92,74,86,89,80,43,51,80,111,124,160,119,127,86,93,108,114,96,128,127,116,126,89,91,99,56,91,89,123,94,113,138,104,123,87,102,91,73,95,108,141,90,104,86,102,109,96,82,78,66,88,79,93,95,88,66,93,80,89,82,66,77,91,96,82,98,98,95,0,0,0,0,0,0
"Seguridad","México","Despojo",NA,298,298,315,249,257,262,261,267,235,268,245,223,208,298,248,273,285,226,252,250,261,268,212,213,223,265,287,288,293,301,288,330,301,379,314,245,283,312,340,364,330,269,293,344,284,298,234,228,225,287,314,319,315,360,341,343,338,313,278,263,304,312,320,331,289,385,471,470,457,406,408,406,321,421,480,425,433,418,469,400,418,434,363,339,321,341,423,385,413,453,424,433,416,448,377,318,399,385,454,384,404,456,418,437,419,447,364,319,402,402,396,443,406,400,438,435,409,471,414,320,424,437,431,502,516,506,0,0,0,0,0,0
"Seguridad","Nayarit","Despojo",NA,17,27,15,15,19,14,7,17,11,19,16,8,10,10,8,11,11,10,4,9,15,12,8,2,10,12,9,3,6,5,5,6,0,3,3,1,5,3,3,4,4,4,3,1,2,3,4,3,3,7,2,3,5,6,3,5,7,2,4,0,4,3,0,1,4,1,1,1,7,4,3,7,1,5,5,2,5,3,3,5,8,9,5,7,5,3,3,9,13,9,12,17,15,12,11,7,17,11,11,8,14,14,9,17,19,14,19,2,28,18,13,18,15,15,24,17,14,12,10,6,10,15,9,12,8,5,0,0,0,0,0,0
"Seguridad","Nuevo León","Despojo",NA,57,59,76,51,77,55,58,57,84,80,64,63,63,64,63,77,69,69,53,86,74,71,80,76,48,59,71,56,59,77,63,103,65,70,85,76,75,85,76,64,61,64,61,74,73,76,76,51,59,68,77,71,57,85,66,85,60,82,67,69,79,99,51,33,49,111,95,113,107,113,77,95,93,105,152,117,122,123,122,129,111,119,123,90,79,100,131,118,125,108,106,136,112,123,140,82,125,128,128,89,112,99,94,115,110,114,113,91,105,126,97,133,97,83,101,104,114,99,71,105,98,125,129,102,122,123,0,0,0,0,0,0
"Seguridad","Oaxaca","Despojo",NA,0,26,0,0,29,0,0,33,0,0,28,0,33,38,66,45,52,45,28,58,44,0,33,34,29,16,16,46,20,25,46,25,27,52,46,43,62,52,58,49,69,50,52,64,58,58,52,44,54,51,62,82,61,61,76,70,85,63,58,46,64,69,62,26,55,64,79,84,83,81,68,64,85,82,104,108,80,89,113,83,78,88,69,60,65,79,112,89,99,75,76,65,54,73,64,44,62,80,67,67,70,85,62,84,74,70,59,57,63,66,58,67,65,58,74,74,69,72,41,39,71,71,71,52,55,39,0,0,0,0,0,0
"Seguridad","Puebla","Despojo",NA,127,127,141,98,111,120,131,141,97,114,112,75,80,86,108,100,129,85,31,18,41,53,70,52,56,69,98,100,79,95,77,70,73,80,82,56,66,67,79,79,67,92,57,67,92,100,64,55,55,113,175,173,107,140,153,94,82,113,76,73,81,89,102,78,115,142,162,114,133,138,128,113,131,126,183,179,148,167,158,159,124,162,129,156,119,139,182,139,148,154,149,157,155,115,99,89,109,85,120,104,104,122,107,129,110,104,117,113,100,114,113,110,89,89,111,114,113,118,111,83,106,110,131,141,127,169,0,0,0,0,0,0
"Seguridad","Querétaro","Despojo",NA,43,40,45,51,35,33,48,38,34,38,28,50,41,47,47,38,36,46,38,49,41,46,37,45,36,48,51,55,56,64,51,61,51,41,54,29,45,57,65,47,68,60,60,72,61,78,58,49,69,71,83,72,73,73,81,66,65,69,66,62,67,77,58,45,53,71,104,86,70,90,62,78,76,86,77,91,81,87,76,63,69,71,62,73,54,70,77,73,78,85,77,93,84,87,76,67,91,80,97,66,71,94,80,85,72,73,64,69,70,66,56,73,66,67,64,62,56,67,64,55,74,54,70,77,54,57,0,0,0,0,0,0
"Seguridad","Quintana Roo","Despojo",NA,28,68,47,44,51,48,66,38,47,51,54,55,36,26,21,21,23,21,24,22,20,29,40,40,13,52,44,37,38,58,40,36,38,38,64,58,63,43,46,60,66,46,60,49,43,34,95,53,52,63,64,65,75,53,72,62,49,56,49,52,46,66,68,14,30,45,55,55,68,41,50,73,63,61,98,87,70,76,63,67,54,56,53,65,38,71,61,53,71,65,60,63,81,60,59,57,65,71,91,59,59,63,59,57,71,68,55,49,55,62,60,74,78,56,63,71,60,84,64,49,65,68,82,76,85,76,0,0,0,0,0,0
"Seguridad","San Luis Potosí","Despojo",NA,25,18,31,17,13,20,31,25,28,25,24,18,14,35,19,16,16,25,26,32,45,34,13,30,24,44,41,30,34,38,37,45,46,45,30,28,23,31,33,25,23,35,39,41,36,42,39,37,36,51,54,50,40,53,74,50,50,52,60,36,67,70,49,12,26,64,93,51,50,56,47,50,33,45,65,69,48,62,60,66,61,56,50,42,38,32,58,51,41,47,52,42,63,34,43,38,57,52,54,59,68,61,47,41,55,55,41,37,40,41,39,56,48,36,63,57,48,48,45,34,33,42,49,53,49,51,0,0,0,0,0,0
"Seguridad","Sinaloa","Despojo",NA,26,29,36,22,43,27,42,48,17,17,21,9,21,34,27,39,41,20,31,31,24,18,24,31,26,10,23,20,25,31,19,23,22,26,29,14,25,28,29,19,24,26,23,28,19,29,23,25,16,25,24,25,23,41,32,28,20,36,40,27,21,31,31,4,18,25,22,39,41,49,56,53,50,51,64,36,58,48,34,44,41,49,47,46,38,50,46,49,57,55,28,42,54,50,65,43,52,47,63,45,59,42,36,44,39,49,45,28,47,39,38,54,51,50,34,45,42,45,37,25,44,55,47,54,34,45,0,0,0,0,0,0
"Seguridad","Sonora","Despojo",NA,7,25,34,29,33,44,27,28,37,32,22,13,28,46,38,58,39,44,40,35,54,47,21,18,31,40,40,32,44,37,11,25,41,30,19,20,16,24,25,13,15,7,5,19,18,16,18,13,14,14,21,24,22,52,29,18,20,18,28,29,32,26,23,11,9,9,34,28,39,45,33,35,19,29,54,37,34,36,18,23,15,24,19,20,13,19,25,11,22,19,19,9,17,29,38,23,21,19,20,18,29,29,22,25,24,31,25,17,11,25,16,21,23,25,23,21,28,35,28,30,15,22,27,24,23,31,0,0,0,0,0,0
"Seguridad","Tabasco","Despojo",NA,32,47,59,39,36,39,69,40,44,34,34,19,33,48,41,46,42,60,48,36,42,29,40,24,46,27,35,40,42,44,56,47,46,47,33,27,31,32,49,44,49,45,52,45,51,44,38,21,40,75,56,49,52,51,44,60,42,37,47,24,43,39,36,10,20,34,47,54,52,45,38,43,41,72,64,56,39,53,52,59,37,62,36,31,35,28,49,44,49,45,42,53,40,37,25,32,41,37,57,30,45,33,46,51,37,61,29,29,37,34,55,38,30,38,47,56,30,40,41,37,36,35,39,37,49,47,0,0,0,0,0,0
"Seguridad","Tamaulipas","Despojo",NA,16,23,34,26,26,29,29,39,38,42,16,23,20,29,46,41,39,52,56,63,61,68,58,38,33,38,53,40,41,74,52,55,46,52,33,52,57,57,50,48,45,68,38,61,58,46,42,56,35,53,53,45,65,45,51,94,58,56,30,22,41,47,38,21,22,42,37,58,46,47,50,36,46,39,77,57,57,53,31,46,41,55,49,38,41,40,47,64,54,40,22,53,44,50,40,33,48,73,53,37,40,46,41,52,33,49,26,32,30,51,37,55,46,41,33,29,41,51,42,24,28,38,35,45,53,52,0,0,0,0,0,0
"Seguridad","Tlaxcala","Despojo",NA,9,11,15,16,6,9,9,5,10,13,9,3,3,11,5,2,8,6,1,6,5,1,1,3,3,2,4,1,2,7,0,3,3,1,6,4,5,3,4,7,5,6,2,2,1,4,5,3,6,1,0,1,2,2,3,0,2,4,3,5,5,10,5,0,2,1,0,0,1,2,5,4,2,1,5,1,5,3,3,4,2,9,6,2,3,4,7,2,2,2,0,0,0,1,0,0,1,0,0,0,0,0,0,0,0,1,0,0,0,0,0,0,0,0,0,1,0,1,0,0,0,5,0,1,0,0,0,0,0,0,0,0
"Seguridad","Veracruz de Ignacio de la Llave","Despojo",NA,71,110,131,114,104,111,68,96,108,105,85,53,59,82,80,89,84,69,61,52,57,68,77,57,100,100,129,105,97,102,105,121,122,126,106,83,87,106,110,138,124,90,99,107,92,122,84,69,129,201,205,219,192,172,189,168,212,229,186,159,134,243,182,99,109,152,207,214,215,234,213,176,222,211,293,275,182,205,184,204,193,193,203,216,154,210,262,217,205,213,164,199,194,177,155,161,154,156,226,213,221,213,200,181,190,173,160,114,139,200,211,252,218,178,178,134,120,117,124,95,124,134,140,157,127,121,0,0,0,0,0,0
"Seguridad","Yucatán","Despojo",NA,24,11,29,23,33,9,37,34,25,35,40,35,40,34,41,30,26,35,24,36,36,33,51,27,41,39,60,33,34,39,18,3,6,10,2,7,9,8,10,10,6,11,3,12,8,11,4,4,7,4,6,13,6,5,10,2,2,4,1,4,2,1,1,0,0,0,1,2,2,0,1,2,1,1,0,2,6,4,1,2,3,2,3,5,0,1,1,4,3,2,6,0,2,5,5,4,3,3,3,2,2,2,4,4,8,6,5,8,4,3,7,3,4,2,2,2,5,4,2,1,3,6,1,3,6,13,0,0,0,0,0,0
"Seguridad","Zacatecas","Despojo",NA,21,23,21,27,17,26,27,12,18,22,19,12,17,20,24,21,15,19,13,23,30,16,19,13,23,22,19,15,32,19,23,23,19,28,24,15,17,18,24,21,22,29,30,27,28,34,18,21,22,21,35,26,40,35,48,31,30,43,20,24,32,45,23,7,15,31,45,35,37,25,36,31,24,43,39,34,35,34,29,31,37,27,22,23,17,27,33,21,36,38,37,44,33,36,35,26,23,28,36,28,29,39,45,18,39,28,16,19,27,32,27,35,31,27,33,32,27,31,32,21,27,41,37,31,32,22,0,0,0,0,0,0
"Seguridad","Aguascalientes","Electorales",NA,0,0,0,0,1,0,0,0,0,0,0,0,0,0,0,0,6,6,1,1,0,1,0,0,0,0,0,0,0,2,0,0,0,0,0,0,0,0,0,5,0,1,22,0,0,0,0,0,0,1,2,2,5,2,2,0,0,1,0,0,0,0,0,0,0,0,0,0,0,0,6,0,2,1,1,2,15,41,2,0,0,1,2,0,4,0,0,10,10,17,4,4,0,1,1,0,0,0,0,0,0,0,0,0,1,0,0,0,0,0,3,8,38,26,0,1,2,1,1,1,0,2,0,0,0,4,0,0,0,0,0,0
"Seguridad","Baja California","Electorales",NA,0,1,0,0,0,1,0,0,0,0,0,0,0,0,1,2,6,14,0,0,0,3,0,0,0,0,0,0,0,0,0,0,0,0,0,0,1,0,0,0,0,2,2,0,0,0,0,0,0,0,0,1,12,23,0,0,0,3,0,0,0,0,0,0,0,0,0,0,0,0,0,1,1,6,0,0,13,32,0,0,0,1,1,1,0,0,0,3,0,2,0,0,1,3,2,0,1,0,1,0,0,1,2,1,2,1,2,1,3,1,10,2,16,23,6,2,2,2,0,2,0,2,3,0,1,0,0,0,0,0,0,0
"Seguridad","Baja California Sur","Electorales",NA,0,0,0,0,0,0,0,0,0,0,0,0,0,0,0,0,0,0,0,0,0,0,0,0,0,0,0,0,0,0,0,0,0,0,0,0,0,0,0,1,0,3,1,0,1,0,0,0,0,0,0,0,0,0,0,0,0,0,0,0,0,0,0,0,0,0,0,0,0,0,0,0,0,0,0,2,7,1,0,0,0,0,0,0,0,0,4,0,0,0,0,0,0,1,0,0,0,0,1,1,0,0,0,0,0,0,0,2,1,0,0,0,2,9,0,0,0,0,1,1,6,0,0,0,0,1,0,0,0,0,0,0
"Seguridad","Campeche","Electorales",NA,0,0,0,1,0,3,0,0,0,0,0,0,0,0,0,0,0,0,0,0,0,0,0,0,0,0,0,0,0,0,0,0,0,0,0,0,0,0,0,0,2,0,0,0,0,0,0,0,0,0,0,0,0,0,0,0,0,0,0,0,0,0,0,0,0,0,0,0,0,0,0,0,0,0,0,0,0,2,0,0,0,0,2,0,0,0,0,1,0,0,1,0,0,0,0,0,0,1,0,0,0,0,0,0,1,0,0,0,0,0,0,0,0,6,0,0,3,0,0,0,0,0,0,0,0,0,0,0,0,0,0,0
"Seguridad","Chiapas","Electorales",NA,0,0,0,1,1,8,31,3,0,0,0,2,1,0,0,1,1,0,0,0,0,1,1,0,0,0,0,0,2,0,1,0,3,0,1,0,1,3,2,1,3,13,37,6,9,0,2,1,1,2,1,0,0,1,2,0,0,0,0,0,1,0,0,0,0,0,0,0,0,0,2,1,2,2,1,1,6,10,0,3,1,0,1,1,0,0,3,0,1,5,2,1,0,2,2,1,2,1,1,0,2,3,1,1,1,0,2,0,2,2,0,2,2,2,1,0,1,0,0,1,5,6,2,2,3,1,0,0,0,0,0,0
"Seguridad","Chihuahua","Electorales",NA,0,0,0,0,0,1,0,0,1,0,0,1,0,1,0,0,0,9,0,0,0,0,0,3,0,2,0,0,0,0,17,0,1,0,2,0,0,0,1,0,2,5,5,5,2,9,3,1,0,0,1,0,1,0,0,1,0,0,1,0,0,0,0,0,0,0,0,0,0,0,0,0,0,0,2,5,14,36,6,0,1,0,0,0,0,0,6,2,2,1,2,0,2,0,1,0,0,2,2,0,0,0,1,0,0,2,1,2,1,1,2,4,17,24,0,0,2,3,2,2,2,16,1,2,6,2,0,0,0,0,0,0
"Seguridad","Ciudad de México","Electorales",NA,0,0,0,2,4,12,0,0,0,0,2,0,0,0,0,0,1,0,0,0,2,1,0,104,43,1,86,180,191,102,0,5,0,4,1,8,3,9,4,1,4,38,38,10,3,3,3,2,5,7,0,2,1,0,1,2,1,2,0,0,1,0,3,0,0,0,0,0,2,1,6,0,2,12,14,52,115,287,31,5,5,1,5,4,7,4,3,7,16,2,3,10,0,3,2,1,1,3,2,2,65,21,52,6,19,7,5,6,41,58,101,121,243,470,15,7,6,4,4,2,5,2,1,4,13,45,0,0,0,0,0,0
"Seguridad","Coahuila de Zaragoza","Electorales",NA,0,0,0,0,0,0,0,0,0,0,0,0,0,0,0,0,0,0,0,0,0,0,0,0,0,0,0,0,0,0,0,0,0,0,0,0,0,0,0,0,0,2,1,0,0,0,0,0,0,0,0,0,0,0,0,2,5,0,0,0,0,0,0,0,0,0,1,0,0,0,0,0,0,0,2,4,9,66,6,0,0,0,0,1,0,1,0,1,4,27,2,1,0,0,0,0,0,3,0,0,5,29,9,1,1,1,0,6,0,1,1,22,38,19,12,7,1,5,0,1,1,1,0,1,0,11,0,0,0,0,0,0
"Seguridad","Colima","Electorales",NA,0,0,0,0,0,0,0,0,0,0,0,0,0,1,0,0,0,0,0,0,0,0,0,0,0,0,0,0,0,0,0,0,0,0,0,1,2,4,0,0,0,0,0,0,0,0,0,0,0,0,0,0,0,0,0,0,0,0,0,1,0,0,1,0,0,0,1,0,0,1,0,0,0,0,4,7,5,9,0,2,0,1,1,0,0,0,0,0,0,0,2,1,0,0,0,0,0,0,0,0,0,0,0,0,0,0,0,1,0,1,0,3,11,11,1,2,0,0,0,0,0,0,0,0,2,1,0,0,0,0,0,0
"Seguridad","Durango","Electorales",NA,0,0,15,0,0,0,0,0,0,0,0,0,0,0,0,0,0,0,0,0,0,0,1,0,0,0,0,0,3,1,0,0,0,0,0,0,0,3,0,0,0,0,0,0,0,0,0,0,0,9,0,2,13,0,5,0,0,0,3,0,0,0,0,0,0,0,0,0,0,0,0,0,0,0,2,1,4,0,0,0,0,0,0,0,0,0,0,4,4,2,0,0,0,0,0,0,0,0,0,0,0,0,0,0,0,0,0,0,0,0,0,0,0,5,0,0,0,0,0,0,0,0,0,0,3,3,0,0,0,0,0,0
"Seguridad","Guanajuato","Electorales",NA,0,0,1,4,8,35,4,0,0,1,0,1,1,0,0,0,1,0,0,0,0,0,1,0,0,1,1,0,0,0,2,0,0,2,0,0,0,0,0,1,9,24,18,1,1,3,0,0,0,1,0,0,0,0,0,0,0,0,0,1,0,0,0,0,0,0,0,0,0,0,0,3,0,1,0,6,5,26,0,2,2,0,1,0,0,0,0,0,1,0,1,0,1,0,0,0,0,0,0,0,0,1,0,1,0,0,0,0,0,1,2,6,18,23,0,0,0,0,0,0,0,1,0,0,0,1,0,0,0,0,0,0
"Seguridad","Guerrero","Electorales",NA,0,0,0,0,1,9,0,0,0,0,0,0,1,0,1,1,0,0,1,0,0,0,0,0,0,0,0,0,0,1,0,0,0,0,0,0,0,0,0,0,0,0,0,0,0,0,0,0,0,0,0,0,0,0,1,0,0,0,0,0,0,0,0,0,0,0,2,0,0,1,0,0,0,0,3,6,0,3,0,0,0,1,0,0,0,0,0,0,1,0,1,0,0,0,0,0,1,2,1,0,1,0,0,0,0,0,1,0,2,1,1,5,13,14,3,3,2,14,4,25,3,5,2,1,4,7,0,0,0,0,0,0
"Seguridad","Hidalgo","Electorales",NA,0,0,0,0,0,0,0,0,0,0,0,0,9,0,0,0,0,0,0,0,0,0,0,0,0,0,0,0,0,0,0,0,0,0,0,0,0,0,1,1,5,22,6,1,1,1,0,1,1,0,0,0,1,1,0,0,0,4,1,0,1,0,7,3,0,1,2,1,33,212,41,6,3,3,3,5,26,21,2,1,4,1,1,3,5,5,7,11,30,55,8,7,0,1,0,2,2,4,3,1,3,3,2,4,3,0,5,7,9,11,15,17,82,53,4,1,3,0,2,1,0,0,5,82,1,2,0,0,0,0,0,0
"Seguridad","Jalisco","Electorales",NA,0,0,0,3,7,29,1,2,1,2,0,0,0,0,0,0,0,0,0,0,0,0,0,0,0,0,0,0,0,0,0,0,0,0,0,0,0,2,0,3,3,26,54,4,2,1,0,3,0,2,0,0,1,0,1,1,0,11,0,0,0,1,0,0,0,1,1,0,0,3,1,1,0,0,0,2,0,3,0,1,0,0,0,0,0,0,0,0,0,0,0,0,0,0,0,0,0,0,0,0,0,0,0,0,0,0,0,0,0,0,0,0,0,8,0,0,0,0,0,0,0,0,0,0,0,0,0,0,0,0,0,0
"Seguridad","Michoacán de Ocampo","Electorales",NA,0,1,4,9,20,38,0,1,6,0,1,1,0,0,0,1,0,0,0,0,0,0,0,0,0,0,0,0,0,0,0,0,0,0,0,0,1,1,1,1,10,54,20,0,2,0,3,0,0,0,0,0,0,0,0,1,0,0,0,0,0,0,0,0,0,1,0,0,0,0,0,0,0,2,9,4,19,61,1,2,1,3,1,0,1,2,0,0,2,1,1,0,1,0,0,0,0,0,0,0,0,0,0,0,0,0,0,0,0,0,0,8,34,32,0,0,1,0,0,1,3,1,1,2,0,8,0,0,0,0,0,0
"Seguridad","Morelos","Electorales",NA,1,1,0,1,10,27,1,1,0,1,1,0,0,1,0,0,0,2,0,1,0,0,0,0,0,0,0,0,0,0,0,1,0,1,0,0,0,2,1,1,1,9,9,0,0,0,0,2,0,0,2,0,0,0,0,0,0,0,2,1,0,1,0,0,0,0,0,0,0,0,0,0,1,1,0,0,0,5,1,0,0,0,0,0,0,0,0,0,0,0,0,0,0,0,0,0,0,0,0,0,0,0,0,0,0,0,0,0,0,0,0,3,0,1,0,0,0,0,0,0,0,1,0,0,0,0,0,0,0,0,0,0
"Seguridad","México","Electorales",NA,0,0,2,2,42,114,3,7,1,6,78,11,2,19,1,10,1,5,14,9,12,12,1,0,1,0,8,17,27,63,202,29,31,19,0,178,80,5,33,18,24,264,228,29,6,4,14,3,4,5,7,4,1,0,7,2,1,1,0,1,1,1,0,0,0,0,0,0,2,2,0,1,0,6,14,23,84,155,6,6,3,0,1,1,0,1,3,4,2,0,2,2,1,1,0,0,0,3,3,22,67,183,5,0,9,0,9,1,5,16,10,24,120,202,22,4,2,3,6,5,2,1,2,1,7,13,0,0,0,0,0,0
"Seguridad","Nayarit","Electorales",NA,0,0,0,0,0,0,0,0,0,0,0,0,0,0,0,0,0,0,0,0,0,0,0,0,0,0,0,0,0,0,0,0,0,0,0,0,0,0,0,0,0,0,0,0,0,0,1,0,0,0,0,0,0,0,0,0,0,0,0,0,0,0,0,0,0,0,0,0,0,0,1,0,0,0,0,0,0,2,0,0,0,0,0,0,0,0,0,0,0,0,1,0,0,0,0,1,0,0,0,0,0,1,0,0,0,1,0,0,0,0,0,0,0,1,2,0,0,0,0,0,0,0,0,0,0,0,0,0,0,0,0,0
"Seguridad","Nuevo León","Electorales",NA,0,0,0,1,5,45,2,0,0,0,0,0,0,0,0,0,0,0,0,0,0,0,0,0,0,0,0,0,0,0,1,0,0,0,0,0,0,0,1,1,15,63,104,12,3,3,8,44,4,1,0,0,2,0,0,1,1,1,130,0,1,1,0,0,2,1,4,3,0,2,3,6,4,11,12,84,111,193,89,17,9,9,10,0,1,1,4,1,1,1,0,1,2,0,4,3,0,0,5,4,2,0,1,3,2,3,2,1,0,4,3,15,30,18,4,41,10,3,0,1,1,2,9,0,1,0,0,0,0,0,0,0
"Seguridad","Oaxaca","Electorales",NA,0,0,0,0,0,0,0,0,0,0,0,0,0,0,1,0,7,21,0,0,0,0,2,0,0,0,1,4,0,0,0,0,0,0,0,0,0,3,0,0,4,46,75,4,3,5,9,11,5,2,13,3,4,1,2,2,7,13,9,11,4,3,5,1,4,3,2,6,13,6,7,7,11,13,17,20,71,112,17,9,8,5,5,17,8,13,20,2,7,24,9,12,10,24,14,8,12,7,7,6,7,6,4,8,16,5,4,9,6,11,5,13,49,46,3,7,3,9,6,11,13,6,11,3,9,27,0,0,0,0,0,0
"Seguridad","Puebla","Electorales",NA,0,0,0,0,2,5,0,0,2,0,0,0,0,0,0,0,8,3,0,0,1,0,1,0,0,0,0,0,0,0,0,0,1,0,1,1,0,0,1,0,5,26,68,38,54,63,38,9,23,11,6,1,10,11,3,1,0,6,1,0,0,1,1,0,0,2,2,1,0,3,5,2,4,2,13,6,35,71,4,3,2,0,5,5,6,4,4,3,1,4,3,1,1,3,1,0,0,2,2,0,1,2,1,1,1,1,2,0,1,2,2,8,11,27,2,1,1,0,1,2,10,1,4,0,2,4,0,0,0,0,0,0
"Seguridad","Querétaro","Electorales",NA,0,0,0,0,0,1,0,0,1,0,0,3,0,0,5,1,0,0,0,0,0,1,0,0,0,0,0,0,0,0,0,0,0,1,0,1,1,0,1,1,3,26,12,2,2,1,0,0,0,0,0,0,0,0,0,0,0,0,0,0,3,0,3,0,0,3,3,2,0,0,2,0,2,2,2,5,18,26,2,2,1,0,0,0,0,0,0,0,0,0,0,0,0,0,0,0,0,0,0,0,1,0,0,0,0,0,0,0,0,0,0,2,5,9,0,0,0,0,0,0,0,0,0,0,0,0,0,0,0,0,0,0
"Seguridad","Quintana Roo","Electorales",NA,0,0,0,0,0,0,0,0,0,0,0,0,0,0,0,0,0,1,0,0,0,0,0,0,0,0,1,0,0,0,0,0,0,0,0,0,0,1,0,0,0,5,0,0,0,0,0,0,0,0,1,2,6,49,0,0,0,0,0,6,12,1,1,0,0,0,0,0,0,0,0,1,0,0,1,6,15,35,7,0,1,1,3,0,0,0,0,3,12,8,41,0,0,2,0,0,0,0,0,0,1,0,0,1,0,0,0,2,0,2,1,2,8,8,1,1,1,3,0,5,0,0,2,0,2,1,0,0,0,0,0,0
"Seguridad","San Luis Potosí","Electorales",NA,0,0,1,4,13,21,4,1,0,0,0,0,0,0,0,0,0,0,0,0,0,0,1,0,0,0,0,0,0,0,1,0,0,0,0,1,0,1,4,2,19,26,8,1,1,0,0,0,0,2,0,1,0,0,0,0,0,0,0,0,0,0,1,0,0,0,0,0,0,0,0,4,0,0,5,21,4,0,0,0,0,1,0,0,0,1,1,0,0,0,0,1,0,1,17,0,0,0,0,0,0,1,1,0,0,2,2,2,2,2,1,5,15,22,5,1,0,1,1,3,6,2,1,0,1,11,0,0,0,0,0,0
"Seguridad","Sinaloa","Electorales",NA,0,0,0,0,0,0,0,0,0,0,0,0,0,0,0,0,1,2,2,0,3,5,14,0,0,6,0,0,0,0,0,0,0,0,0,0,0,0,0,0,0,0,0,0,0,0,0,0,0,1,0,1,1,2,0,0,0,1,0,0,1,0,0,0,2,0,0,0,0,0,0,3,4,0,0,8,3,27,0,0,0,0,0,0,0,0,0,0,0,0,0,1,0,0,0,0,0,0,0,0,0,0,0,0,0,0,1,1,0,0,0,1,5,2,0,0,1,0,0,1,0,0,0,0,0,4,0,0,0,0,0,0
"Seguridad","Sonora","Electorales",NA,0,0,1,0,0,0,0,0,0,0,0,0,0,0,0,0,0,0,0,0,0,0,0,1,0,0,1,0,0,0,0,0,0,0,0,0,0,0,0,0,1,0,0,0,0,0,0,0,0,0,0,0,0,0,0,0,0,0,0,0,0,0,0,0,0,0,0,0,0,0,0,0,0,0,0,0,0,1,0,0,0,0,0,0,0,0,0,0,0,0,0,1,0,0,0,0,0,0,0,0,0,0,0,0,0,0,0,0,0,0,0,0,0,1,0,0,0,1,0,0,0,0,0,0,0,0,0,0,0,0,0,0
"Seguridad","Tabasco","Electorales",NA,0,0,0,0,1,1,0,0,0,0,0,0,1,0,0,0,0,0,0,0,0,0,2,0,0,3,0,1,0,2,0,0,0,0,1,0,0,5,2,3,12,12,4,3,1,3,0,0,2,0,0,0,0,0,0,0,1,0,0,0,0,1,0,0,0,0,0,0,0,0,0,1,2,1,4,7,13,25,2,1,0,0,0,0,0,0,0,0,1,0,0,0,0,1,0,0,0,4,1,0,0,0,0,1,0,3,0,0,1,4,0,1,10,21,2,1,0,1,3,0,2,0,0,0,0,2,0,0,0,0,0,0
"Seguridad","Tamaulipas","Electorales",NA,0,0,2,0,0,0,0,0,0,0,1,0,0,0,1,4,0,26,2,0,1,0,0,0,0,0,0,0,0,0,0,0,0,0,0,0,0,3,0,3,13,26,7,7,2,5,0,2,0,2,1,11,33,30,0,5,6,0,0,0,0,0,0,0,0,0,0,0,0,1,0,0,3,6,7,16,39,110,10,7,3,3,4,0,2,1,7,4,12,51,122,54,5,0,0,0,0,0,1,0,0,0,0,0,0,0,7,2,0,0,3,0,10,12,0,0,0,0,0,0,0,0,0,0,1,0,0,0,0,0,0,0
"Seguridad","Tlaxcala","Electorales",NA,0,0,0,0,0,0,0,0,0,0,0,0,0,0,0,0,2,3,0,0,0,0,0,0,0,0,0,0,0,0,0,0,0,0,0,0,0,0,0,0,0,0,1,0,0,0,0,0,0,0,0,0,0,0,0,0,0,0,0,0,0,0,0,0,0,0,0,0,0,0,0,0,0,0,0,0,0,0,0,0,0,0,0,0,0,0,0,0,0,0,0,0,0,0,0,0,0,0,0,0,0,0,0,0,0,1,0,0,0,0,0,0,6,4,0,0,0,0,0,0,0,0,0,0,0,0,0,0,0,0,0,0
"Seguridad","Veracruz de Ignacio de la Llave","Electorales",NA,0,0,0,0,2,5,0,0,0,0,0,0,0,0,0,0,0,0,0,0,0,0,0,0,0,0,0,0,11,36,1,0,0,0,1,0,0,0,0,2,2,2,3,1,0,0,0,0,5,1,10,2,4,1,2,0,4,1,0,1,1,2,2,0,0,0,0,0,5,1,1,1,1,2,6,1,50,248,30,15,8,4,1,0,1,0,7,3,1,1,0,1,0,0,1,0,1,0,0,0,0,0,0,0,0,0,1,1,1,1,2,4,3,25,1,0,0,0,0,0,0,0,1,1,26,37,0,0,0,0,0,0
"Seguridad","Yucatán","Electorales",NA,0,0,1,1,2,5,0,0,0,0,0,0,0,0,0,0,0,0,0,0,0,0,0,0,0,0,0,0,0,0,0,0,0,0,0,0,0,0,0,0,0,0,0,0,0,0,0,0,0,0,0,0,0,0,0,0,0,0,0,0,0,0,0,0,0,0,0,0,0,0,0,0,0,0,0,0,1,0,1,0,1,0,0,0,0,0,3,0,0,0,0,0,1,0,1,0,0,0,1,0,0,0,0,0,0,0,0,0,0,0,0,5,6,0,0,0,0,0,0,0,0,0,0,0,0,0,0,0,0,0,0,0
"Seguridad","Zacatecas","Electorales",NA,0,0,12,0,0,0,1,0,0,0,0,1,0,0,0,2,15,10,0,0,37,3,0,7,0,1,2,0,1,0,24,1,1,0,3,0,3,0,3,3,9,17,11,4,2,1,1,0,0,1,0,0,0,1,0,0,0,0,1,2,0,1,0,0,0,2,0,0,0,0,3,0,12,4,6,14,31,54,12,8,5,12,8,8,1,0,3,0,1,0,0,0,1,0,3,0,0,0,0,2,0,1,1,1,0,0,0,0,0,1,0,10,31,22,0,0,0,0,0,0,8,3,1,0,2,2,0,0,0,0,0,0
"Seguridad","Aguascalientes","Evasión de presos",NA,0,0,0,0,0,0,0,0,0,0,0,0,0,0,0,0,0,0,0,0,0,0,0,0,0,0,0,0,0,0,0,0,0,0,0,0,0,0,0,1,0,0,0,0,0,0,0,0,0,0,0,0,1,0,0,0,0,0,1,0,0,0,0,0,0,0,0,0,0,0,0,0,0,0,0,0,0,0,0,0,0,0,0,0,0,0,0,0,0,1,1,0,0,0,0,0,1,0,0,0,0,0,0,0,0,0,0,0,0,0,0,0,0,0,0,0,0,0,0,0,0,0,0,0,0,0,0,0,0,0,0,0
"Seguridad","Baja California","Evasión de presos",NA,2,1,2,0,0,0,1,0,1,0,0,0,0,0,1,0,1,0,0,0,0,1,1,1,1,0,0,0,1,0,0,0,0,0,3,0,2,1,1,1,1,2,0,1,0,0,0,0,2,1,1,0,0,0,0,1,0,0,1,0,0,1,0,0,1,0,0,2,1,2,0,1,0,1,0,0,0,0,0,0,0,1,1,1,0,1,0,0,0,0,0,0,0,1,0,0,0,1,0,0,1,0,1,1,0,2,0,0,0,0,0,1,2,1,1,0,0,1,0,0,1,0,0,0,0,2,0,0,0,0,0,0
"Seguridad","Baja California Sur","Evasión de presos",NA,0,1,0,0,0,0,0,0,0,0,0,1,0,0,0,0,0,0,0,0,0,0,1,0,0,0,0,0,0,0,0,0,2,0,0,0,0,0,0,1,0,0,0,0,0,0,0,1,0,0,0,0,0,0,0,0,0,0,2,0,0,0,0,0,0,0,0,0,1,1,1,0,0,0,0,0,0,0,0,0,0,0,0,0,0,0,0,0,0,0,0,0,0,0,0,0,0,0,0,0,0,0,0,0,0,0,0,0,0,0,0,0,0,0,0,0,0,0,0,0,0,0,0,0,0,0,0,0,0,0,0,0
"Seguridad","Campeche","Evasión de presos",NA,0,0,0,0,0,0,0,0,0,0,0,0,0,0,0,0,0,1,0,0,0,0,0,0,0,0,0,0,0,0,0,0,0,0,0,0,0,0,0,0,0,0,0,0,0,0,0,0,0,0,0,0,0,0,0,0,0,0,0,0,0,0,0,0,0,0,0,0,0,0,0,0,0,0,0,0,0,0,0,0,0,0,0,0,0,0,0,0,0,0,0,0,0,0,0,0,0,0,0,0,0,0,0,0,0,0,0,0,1,0,0,0,0,0,0,1,0,0,0,0,0,0,0,0,0,0,0,0,0,0,0,0
"Seguridad","Chiapas","Evasión de presos",NA,0,0,0,0,0,0,0,0,0,2,1,0,0,1,3,0,0,0,0,1,0,0,0,0,1,0,0,0,1,0,0,1,0,0,0,0,1,0,1,0,0,1,0,2,1,0,0,0,0,0,1,0,0,0,0,0,0,0,0,0,0,0,0,0,0,0,0,1,0,0,0,0,0,0,0,2,0,1,0,0,0,0,0,0,1,0,0,0,0,1,0,0,1,0,0,0,0,0,0,0,0,0,0,0,0,0,0,1,0,0,0,1,0,0,0,0,0,0,0,0,1,0,0,0,0,0,0,0,0,0,0,0
"Seguridad","Chihuahua","Evasión de presos",NA,0,0,0,0,0,0,0,1,1,0,0,0,1,0,0,0,0,1,1,0,0,0,1,0,1,0,0,0,1,1,0,0,1,0,0,1,1,1,0,0,0,0,3,0,5,6,1,0,0,0,16,1,0,0,0,2,1,0,1,3,0,0,6,0,0,0,2,0,0,0,1,0,0,0,0,0,0,0,0,2,0,0,0,0,0,0,0,1,0,0,1,0,0,1,0,0,0,1,0,0,0,0,0,0,0,0,0,1,0,0,1,0,1,0,0,0,0,0,0,0,0,0,1,0,0,0,0,0,0,0,0,0
"Seguridad","Ciudad de México","Evasión de presos",NA,1,0,1,2,1,2,3,4,2,3,3,1,1,1,1,0,2,2,4,1,0,1,0,1,0,0,0,1,0,0,1,2,1,0,2,0,2,3,0,0,0,3,1,0,1,5,2,3,0,3,1,1,1,0,1,1,0,2,2,3,3,4,3,1,0,1,0,1,0,0,1,1,2,0,0,3,3,1,0,1,0,2,1,0,0,0,1,1,2,2,1,2,0,3,1,2,1,4,2,0,2,1,2,1,1,1,2,2,0,1,1,3,0,1,1,1,3,0,0,2,2,1,1,2,1,1,0,0,0,0,0,0
"Seguridad","Coahuila de Zaragoza","Evasión de presos",NA,0,0,0,0,0,0,0,0,0,1,0,0,0,0,0,0,0,0,0,0,0,0,0,0,0,0,0,0,0,0,0,0,0,0,0,0,0,0,0,0,0,0,0,0,1,0,0,0,0,0,0,0,0,0,1,1,0,0,0,0,0,0,0,0,0,1,1,0,0,0,0,0,0,0,0,0,0,0,0,0,0,0,0,1,0,0,0,0,0,0,0,0,1,0,0,0,0,0,0,0,0,0,0,0,1,0,0,0,0,0,0,0,0,0,0,0,0,0,0,0,0,0,0,0,0,0,0,0,0,0,0,0
"Seguridad","Colima","Evasión de presos",NA,0,0,0,0,0,0,0,0,0,0,0,0,0,0,0,0,0,0,0,0,0,0,0,0,0,0,1,0,0,0,0,0,0,0,0,1,0,0,0,0,0,0,0,0,0,0,0,0,0,0,0,0,0,0,0,0,0,0,0,0,0,0,0,0,0,0,0,0,0,0,0,0,0,0,0,0,0,0,0,0,0,0,0,0,0,0,0,0,0,0,0,0,0,0,0,0,0,0,0,0,0,0,0,0,0,0,0,0,0,0,0,0,0,0,0,0,0,0,0,0,0,0,0,0,0,0,0,0,0,0,0,0
"Seguridad","Durango","Evasión de presos",NA,0,0,0,0,0,0,1,0,0,0,0,0,0,0,0,0,0,0,0,4,0,0,0,1,0,0,0,0,0,0,0,0,0,0,0,0,0,1,0,0,0,0,0,0,0,0,0,0,0,0,0,0,0,0,0,0,0,0,0,0,0,0,0,0,0,0,0,0,0,0,0,0,0,0,0,0,0,0,0,2,0,0,0,0,0,0,0,0,1,0,0,0,1,0,0,0,0,0,0,0,0,0,0,0,0,0,0,0,0,0,0,0,0,0,0,0,0,0,0,0,0,0,0,0,0,0,0,0,0,0,0,0
"Seguridad","Guanajuato","Evasión de presos",NA,0,0,0,0,0,0,0,0,0,1,1,1,1,1,1,0,0,1,0,0,2,1,0,0,0,1,0,1,0,0,0,1,3,1,0,0,0,1,1,0,2,1,1,1,0,0,0,0,1,1,0,2,0,0,0,0,0,0,2,1,0,1,0,0,0,0,0,0,1,0,2,1,0,0,2,0,0,2,0,0,0,1,1,0,0,1,1,0,0,1,0,1,2,0,2,0,0,0,1,0,0,0,0,1,1,0,0,0,0,0,0,1,1,1,0,0,0,0,0,0,0,1,1,1,0,1,0,0,0,0,0,0
"Seguridad","Guerrero","Evasión de presos",NA,0,0,0,0,0,0,0,0,0,0,0,0,2,0,0,1,1,0,0,0,1,1,1,0,0,0,0,0,0,0,0,0,0,0,0,0,0,0,0,0,0,0,0,0,1,0,0,0,0,0,0,0,0,1,0,0,0,0,0,0,0,0,0,0,0,0,0,0,0,0,0,0,0,0,0,0,0,0,0,0,0,0,0,0,0,0,0,0,0,0,0,0,0,0,1,1,0,0,0,0,0,0,0,0,1,0,0,0,0,0,0,0,0,0,0,0,0,0,1,0,1,0,0,0,0,0,0,0,0,0,0,0
"Seguridad","Hidalgo","Evasión de presos",NA,0,0,0,0,0,0,0,0,0,0,0,0,0,1,0,0,0,0,0,0,0,0,0,0,0,0,0,0,0,0,0,0,0,0,1,2,0,0,0,1,0,0,1,0,0,0,0,0,1,0,1,0,0,0,0,0,1,1,1,0,1,0,0,0,0,0,0,1,1,2,0,0,0,0,0,2,0,0,0,1,0,0,0,1,0,0,0,0,0,0,0,0,0,1,0,0,0,1,1,0,0,1,0,0,0,1,0,0,0,0,0,0,0,1,0,0,0,0,0,0,0,0,0,0,0,0,0,0,0,0,0,0
"Seguridad","Jalisco","Evasión de presos",NA,0,0,0,0,1,0,1,0,1,2,1,1,0,1,1,1,0,1,0,1,1,3,0,0,0,0,0,0,0,0,0,0,0,0,0,0,1,1,1,0,0,2,0,0,3,3,0,0,0,0,0,0,0,0,0,0,0,0,0,0,0,0,0,0,0,0,0,0,0,2,0,0,1,0,0,0,0,0,2,1,0,0,2,0,0,1,0,0,2,0,0,0,1,0,0,0,0,0,0,0,0,0,2,1,1,0,0,0,0,1,1,1,0,0,0,0,1,0,0,1,0,1,0,0,0,0,0,0,0,0,0,0
"Seguridad","Michoacán de Ocampo","Evasión de presos",NA,0,0,0,0,2,0,0,0,0,0,0,0,1,0,0,0,0,1,1,0,2,1,0,0,0,0,0,0,0,0,0,0,0,0,0,0,0,0,0,0,0,0,0,0,0,0,0,0,0,0,0,0,0,0,0,0,0,0,0,0,0,0,0,0,0,0,0,0,0,0,0,0,0,0,0,0,0,0,0,0,0,0,0,0,0,0,0,0,0,0,0,0,0,0,0,0,0,0,0,0,0,0,0,0,0,0,0,0,0,0,0,0,0,0,0,0,0,0,0,0,0,0,0,0,0,0,0,0,0,0,0,0
"Seguridad","Morelos","Evasión de presos",NA,0,0,0,1,2,0,0,0,1,0,0,0,0,0,2,0,1,0,0,1,0,1,1,0,2,1,0,1,0,0,0,2,0,0,1,0,0,0,0,0,0,0,0,0,0,0,1,0,0,0,2,0,0,0,0,0,0,0,0,0,0,0,0,1,0,0,0,0,0,0,0,0,0,0,0,1,0,1,1,0,0,0,1,0,1,0,0,0,0,0,1,0,0,0,0,0,0,0,0,0,0,0,0,0,0,0,0,0,0,0,0,0,0,0,0,0,1,0,0,0,0,0,0,0,0,0,0,0,0,0,0,0
"Seguridad","México","Evasión de presos",NA,2,1,0,0,2,1,0,1,1,0,0,1,1,1,2,2,1,3,0,0,1,2,0,1,3,0,0,1,1,1,1,0,0,2,1,1,4,4,0,1,1,0,1,2,0,2,1,2,0,1,0,0,2,1,1,3,3,1,2,2,1,1,0,1,2,0,2,6,1,3,1,3,0,1,0,3,4,3,2,2,2,3,4,0,2,0,2,2,2,0,2,1,2,4,0,1,2,1,0,0,1,0,3,1,1,0,0,2,2,0,1,2,4,4,2,1,1,0,0,1,0,2,3,1,0,1,0,0,0,0,0,0
"Seguridad","Nayarit","Evasión de presos",NA,0,0,0,0,0,0,0,0,0,0,0,0,0,0,0,0,0,0,0,0,0,1,1,1,1,0,0,1,0,0,0,0,0,0,0,0,0,0,0,0,0,0,0,0,0,0,0,0,0,0,0,0,0,0,0,0,0,0,0,0,0,0,0,0,0,0,1,0,0,0,0,0,0,0,0,0,0,0,0,0,0,0,0,0,0,0,0,0,0,0,0,0,0,0,0,0,0,0,0,0,0,0,0,0,0,0,0,0,0,0,0,0,0,0,0,0,0,0,0,0,0,0,0,0,0,0,0,0,0,0,0,0
"Seguridad","Nuevo León","Evasión de presos",NA,1,1,2,0,1,0,1,1,4,0,1,0,2,2,1,1,1,1,1,0,3,1,0,0,0,1,2,2,2,1,0,1,1,0,0,3,0,0,2,0,4,0,0,0,0,0,1,1,0,0,1,3,0,1,1,0,4,0,1,3,0,0,0,0,0,1,0,0,1,0,1,0,2,1,0,1,1,0,1,1,2,0,0,0,0,1,0,0,0,1,2,2,2,2,0,0,1,1,0,0,0,0,0,1,0,4,0,1,0,3,1,3,1,0,1,0,1,0,4,0,1,0,1,0,1,1,0,0,0,0,0,0
"Seguridad","Oaxaca","Evasión de presos",NA,0,0,0,0,0,0,0,0,0,0,0,0,0,0,0,0,1,0,0,0,0,0,0,0,0,1,0,0,1,0,0,1,0,0,0,0,0,0,0,1,0,0,0,0,0,1,0,1,0,0,1,0,0,0,1,0,0,0,0,0,0,1,0,0,0,0,0,0,0,1,0,0,0,1,0,0,0,0,0,0,0,1,1,0,0,0,0,3,0,0,0,1,0,0,0,0,0,2,0,1,0,0,0,1,0,0,0,2,0,0,0,1,0,0,0,1,1,0,0,0,0,0,0,3,1,0,0,0,0,0,0,0
"Seguridad","Puebla","Evasión de presos",NA,2,2,1,1,0,0,2,1,1,0,1,2,1,2,0,0,1,0,1,1,0,0,1,0,1,0,0,0,0,0,0,0,0,1,2,0,0,0,0,0,0,0,0,3,0,0,0,0,0,2,1,0,0,1,0,0,2,1,0,0,1,0,1,0,0,0,0,0,0,0,0,1,0,2,0,0,0,0,0,0,1,1,0,0,0,1,1,1,1,0,2,2,0,0,0,0,1,1,0,0,0,0,0,0,0,1,1,1,1,0,1,0,0,0,1,0,0,2,2,0,0,1,1,1,0,0,0,0,0,0,0,0
"Seguridad","Querétaro","Evasión de presos",NA,0,0,0,0,0,0,0,0,0,0,0,1,0,0,0,0,0,0,0,0,0,0,0,0,0,0,0,0,0,0,0,0,0,0,0,0,0,0,1,0,0,1,0,0,0,0,0,0,0,0,0,0,0,1,0,0,1,0,1,0,0,0,0,0,0,0,0,0,0,0,0,0,0,1,0,0,1,0,0,0,0,0,0,0,0,0,0,0,0,0,0,0,0,0,1,1,0,0,0,2,0,0,0,0,0,1,0,1,0,0,0,0,0,2,0,0,0,0,0,0,0,0,0,0,0,0,0,0,0,0,0,0
"Seguridad","Quintana Roo","Evasión de presos",NA,0,0,0,0,0,0,2,1,1,0,1,1,0,0,0,0,10,1,2,0,0,2,0,0,0,0,0,0,0,0,0,0,0,1,1,0,0,0,0,0,0,0,0,0,0,1,0,2,0,0,1,0,0,1,0,0,0,0,0,1,1,0,0,0,0,1,0,0,0,0,0,0,0,0,0,0,0,0,0,0,1,0,0,0,0,0,0,0,0,0,0,1,0,0,0,0,0,0,0,0,0,0,0,0,0,1,0,0,0,0,1,0,0,1,0,1,0,1,0,1,0,1,3,0,0,0,0,0,0,0,0,0
"Seguridad","San Luis Potosí","Evasión de presos",NA,0,0,0,0,0,0,1,0,0,0,0,0,0,0,0,0,0,1,0,0,0,0,0,0,2,0,0,0,0,0,1,0,0,1,0,0,0,0,0,0,0,0,0,0,0,0,0,0,0,0,0,0,1,0,0,0,0,3,0,0,1,1,0,1,0,0,0,0,0,1,0,0,0,0,0,0,0,0,0,2,0,0,0,0,0,1,1,1,0,0,0,0,1,1,0,0,0,0,0,1,2,0,2,0,0,0,0,0,0,1,0,0,0,0,0,0,0,1,0,0,0,0,1,1,0,1,0,0,0,0,0,0
"Seguridad","Sinaloa","Evasión de presos",NA,0,1,0,0,1,0,0,0,1,0,0,0,0,1,0,1,0,0,0,0,0,0,0,1,0,0,0,1,0,0,0,0,1,0,0,0,0,0,0,1,0,0,0,0,0,0,0,0,0,0,0,0,0,0,0,0,0,0,0,0,0,0,1,0,0,0,0,0,0,0,0,0,0,0,1,0,1,0,0,1,1,0,0,0,0,0,0,0,0,0,0,1,0,0,0,0,0,0,0,1,0,0,0,0,0,0,1,0,0,0,0,0,0,0,0,0,0,0,0,0,1,0,0,0,0,0,0,0,0,0,0,0
"Seguridad","Sonora","Evasión de presos",NA,0,0,0,0,1,0,0,0,0,0,0,0,1,0,1,0,2,0,0,0,0,0,0,0,1,0,0,0,0,0,0,0,0,0,0,0,0,0,0,0,0,0,0,0,0,0,0,0,0,0,0,0,0,0,0,0,0,0,2,0,0,0,0,0,0,0,0,0,0,0,0,0,0,0,0,0,0,0,0,0,2,0,0,0,0,0,0,0,0,0,0,0,0,0,0,0,0,0,0,0,0,0,0,0,0,0,1,0,0,2,0,1,0,0,0,0,1,0,0,0,0,0,0,1,1,0,0,0,0,0,0,0
"Seguridad","Tabasco","Evasión de presos",NA,0,0,1,0,1,1,0,0,0,0,1,1,0,0,1,1,0,1,0,0,1,0,1,1,1,1,0,0,1,0,0,0,0,0,0,0,1,0,0,0,1,1,0,0,1,1,0,0,1,0,0,0,0,1,0,1,2,0,0,1,0,0,0,0,1,0,1,1,0,1,0,0,0,0,0,1,1,1,0,1,1,0,2,1,0,0,0,0,0,0,0,0,0,1,0,0,0,1,1,0,0,0,1,1,0,0,0,0,0,1,0,0,0,0,1,0,0,0,1,0,0,0,1,1,0,0,0,0,0,0,0,0
"Seguridad","Tamaulipas","Evasión de presos",NA,1,0,2,1,1,1,0,2,0,1,0,0,1,0,1,5,1,0,0,1,1,1,0,0,1,0,2,1,2,1,3,2,0,1,0,0,0,1,0,0,0,0,0,0,1,0,0,0,0,0,0,1,0,0,0,0,0,0,0,0,0,0,0,0,0,0,0,0,0,0,0,0,0,1,0,0,0,0,2,0,0,0,0,0,0,0,0,0,0,0,0,0,0,1,0,0,0,0,0,0,0,0,0,0,0,0,0,0,0,0,0,0,0,0,0,0,0,1,0,0,0,1,0,0,0,0,0,0,0,0,0,0
"Seguridad","Tlaxcala","Evasión de presos",NA,0,0,1,0,0,0,1,0,0,0,0,0,0,0,0,0,0,0,0,0,0,0,0,0,0,0,0,0,0,0,0,0,0,0,0,0,0,0,0,0,0,0,1,0,0,0,1,0,0,0,0,0,0,0,0,0,0,0,0,0,0,0,0,0,0,0,2,0,0,0,0,0,0,0,0,0,0,0,0,0,0,0,0,0,0,0,0,0,0,0,0,0,0,0,0,0,0,0,0,0,0,0,0,0,0,0,0,0,0,1,0,0,0,0,0,0,0,0,0,0,0,0,0,0,0,0,0,0,0,0,0,0
"Seguridad","Veracruz de Ignacio de la Llave","Evasión de presos",NA,0,0,0,1,0,0,0,0,1,0,0,0,0,0,1,0,1,0,0,0,1,0,0,0,1,0,0,1,0,0,0,0,0,0,0,1,0,0,0,0,0,0,0,1,0,0,0,0,0,0,0,0,0,0,1,0,0,0,0,0,0,0,1,0,0,0,0,0,0,0,0,0,0,0,0,0,0,0,0,0,0,0,0,0,0,0,0,0,0,0,0,0,0,0,0,0,0,0,0,0,0,0,0,0,0,0,0,1,0,1,0,0,0,0,0,2,0,0,0,1,0,0,1,0,0,2,0,0,0,0,0,0
"Seguridad","Yucatán","Evasión de presos",NA,0,0,0,0,0,0,0,0,0,0,0,0,0,0,0,0,0,0,0,0,0,0,0,0,0,0,0,0,0,0,0,0,0,0,0,0,0,0,0,0,0,0,0,0,0,0,0,0,0,1,0,0,0,0,0,0,0,0,0,0,0,0,0,0,0,0,0,0,0,0,0,0,0,0,0,0,0,0,0,0,0,0,0,0,0,0,0,0,0,0,0,0,0,0,0,0,0,0,0,0,0,0,0,0,0,0,0,0,0,0,0,0,0,0,0,0,0,0,0,0,0,0,0,0,0,0,0,0,0,0,0,0
"Seguridad","Zacatecas","Evasión de presos",NA,0,0,0,0,0,0,0,0,0,0,0,0,0,0,0,0,0,1,0,0,0,0,0,0,0,0,0,0,0,0,1,0,0,0,0,1,0,0,0,0,0,0,1,1,0,0,0,0,0,0,0,0,0,0,0,0,0,0,0,0,0,1,0,1,3,1,0,0,0,0,0,0,0,1,0,0,0,0,1,0,1,0,0,0,2,0,1,0,0,0,0,0,0,0,0,0,1,0,1,0,0,0,0,0,0,0,0,0,0,0,0,0,0,1,0,0,0,0,0,0,0,2,0,0,0,0,0,0,0,0,0,0
"Seguridad","Aguascalientes","Extorsión",NA,2,4,1,5,7,2,1,3,2,6,4,2,2,4,7,8,8,8,4,5,7,2,2,13,13,10,2,2,3,14,6,16,21,10,12,12,16,9,7,18,12,8,12,11,9,9,18,9,12,11,10,14,8,11,12,5,6,12,9,6,11,8,12,9,10,9,8,6,12,5,7,7,8,5,9,6,8,9,4,4,8,9,8,10,3,8,5,9,10,9,11,6,12,6,10,8,11,8,7,4,11,1,9,9,10,18,12,6,7,11,10,10,14,7,11,4,9,10,7,10,14,19,4,6,10,11,0,0,0,0,0,0
"Seguridad","Baja California","Extorsión",NA,7,19,24,10,17,16,19,19,27,20,17,26,18,20,17,21,5,9,20,9,9,18,14,15,19,22,16,11,15,19,8,25,21,19,8,15,7,10,10,17,9,15,8,17,15,9,12,6,19,11,15,8,18,19,28,22,22,18,18,20,16,14,17,5,3,10,12,8,10,14,11,7,7,8,17,19,20,12,14,18,14,9,17,14,10,14,18,11,13,10,11,24,21,14,15,11,6,12,10,9,9,15,10,7,9,5,13,5,6,7,11,12,9,11,7,13,11,3,3,5,10,9,10,7,10,13,0,0,0,0,0,0
"Seguridad","Baja California Sur","Extorsión",NA,3,3,4,7,10,5,0,3,4,0,6,4,12,11,10,10,17,25,3,10,3,17,7,14,27,31,22,18,35,27,12,16,2,10,12,15,9,18,10,10,22,19,10,8,9,17,32,34,36,23,15,17,7,10,21,12,14,11,6,13,16,7,8,7,3,4,9,2,9,8,7,9,5,8,6,10,5,4,10,7,7,6,17,14,13,8,11,8,14,17,21,19,16,14,13,10,13,14,15,15,22,5,7,9,7,3,1,1,4,4,5,5,6,10,10,13,7,8,17,4,7,6,3,17,14,11,0,0,0,0,0,0
"Seguridad","Campeche","Extorsión",NA,2,0,0,2,3,3,3,1,4,7,3,6,2,2,2,1,2,1,0,1,1,1,1,4,2,5,1,3,1,2,0,0,1,1,2,4,2,2,3,1,1,2,0,1,0,0,3,3,1,0,3,5,2,2,4,1,2,3,2,0,1,0,5,0,1,0,0,1,1,2,1,1,0,1,3,2,1,1,0,0,2,2,9,12,5,9,6,12,3,4,9,13,5,9,8,7,5,5,7,11,10,10,10,10,8,6,8,6,5,7,3,11,8,3,4,3,4,1,6,0,0,3,4,3,4,1,0,0,0,0,0,0
"Seguridad","Chiapas","Extorsión",NA,10,13,12,23,21,22,20,12,18,25,25,16,17,12,9,17,11,17,18,18,11,10,14,10,12,10,14,17,12,20,9,15,13,14,9,14,6,15,19,17,15,14,10,16,22,23,15,12,18,21,11,12,9,15,13,9,12,6,9,3,3,10,12,6,3,3,10,2,7,7,5,4,3,2,5,6,4,2,4,5,9,5,3,1,3,3,3,1,3,1,2,2,4,3,2,2,1,1,1,0,3,1,1,1,0,5,2,2,0,1,0,1,1,1,0,4,2,2,3,7,21,10,6,7,12,5,0,0,0,0,0,0
"Seguridad","Chihuahua","Extorsión",NA,0,0,1,1,2,1,0,3,3,0,0,0,1,1,2,1,4,2,1,1,3,2,1,4,1,1,2,0,6,1,2,0,1,1,1,0,0,0,2,2,1,1,0,1,1,0,0,0,2,2,1,1,3,1,2,2,1,0,1,2,0,2,1,1,3,2,1,2,1,1,1,1,0,1,0,2,1,0,0,11,1,0,1,3,1,1,0,1,0,0,0,0,0,1,1,1,0,0,1,0,1,1,0,1,1,0,0,0,0,0,0,0,1,0,2,2,0,1,0,0,2,0,0,0,0,1,0,0,0,0,0,0
"Seguridad","Ciudad de México","Extorsión",NA,49,52,54,59,46,53,57,48,48,68,53,52,47,49,52,58,45,51,56,49,49,51,49,52,48,29,44,34,44,46,47,43,39,47,33,36,38,45,46,42,46,63,42,49,45,37,33,50,96,132,49,48,69,65,74,67,71,104,38,43,56,80,20,17,9,31,31,20,23,9,19,29,39,22,66,28,33,43,39,111,37,37,38,39,22,24,35,32,42,30,29,35,38,33,25,12,42,43,44,38,42,37,34,54,68,35,38,21,27,52,30,38,83,36,31,29,43,36,34,34,63,98,130,124,103,125,0,0,0,0,0,0
"Seguridad","Coahuila de Zaragoza","Extorsión",NA,4,1,0,6,2,2,6,8,5,1,0,1,0,1,4,4,4,3,1,1,3,1,0,2,1,3,4,0,1,3,2,1,1,3,2,0,2,2,3,0,0,5,1,3,3,6,3,4,0,3,0,1,8,3,5,5,3,4,4,1,4,8,1,3,4,0,3,3,5,3,1,2,2,1,3,3,2,4,2,2,6,6,4,1,3,4,3,4,0,6,2,2,2,4,0,4,4,1,1,4,4,2,1,0,2,8,1,2,7,4,5,7,3,4,3,4,3,8,1,2,3,8,7,6,3,1,0,0,0,0,0,0
"Seguridad","Colima","Extorsión",NA,0,1,1,1,1,0,2,1,1,3,3,0,3,4,11,5,8,4,12,8,2,3,2,5,4,3,6,0,0,1,1,0,1,0,0,0,1,6,2,3,4,3,3,12,8,2,3,8,3,8,3,3,6,7,4,20,4,8,5,3,10,8,4,16,10,12,13,5,5,3,8,4,2,5,12,9,8,10,3,8,6,6,7,17,12,12,13,7,11,15,5,13,10,13,11,20,7,0,18,14,15,9,8,16,16,9,13,18,15,15,13,15,11,13,15,12,7,8,10,4,16,9,7,8,14,7,0,0,0,0,0,0
"Seguridad","Durango","Extorsión",NA,4,5,4,8,4,5,3,9,5,3,7,5,8,5,4,0,1,1,2,4,2,10,4,8,4,7,6,3,7,7,3,9,5,5,6,10,8,5,5,7,6,6,3,6,7,12,3,6,7,11,9,9,5,10,9,16,10,10,10,8,9,13,12,4,4,7,10,11,9,10,5,7,3,8,12,8,6,6,9,8,12,16,3,5,11,8,7,4,2,8,6,4,5,6,3,1,3,5,6,4,1,5,6,3,2,1,3,1,3,5,4,4,2,4,2,3,1,1,3,3,1,2,2,0,1,3,0,0,0,0,0,0
"Seguridad","Guanajuato","Extorsión",NA,1,0,1,1,1,0,1,0,0,1,0,2,0,0,1,0,0,0,1,0,1,0,1,0,0,1,1,0,0,0,0,1,0,1,0,0,0,2,2,0,0,1,2,0,2,2,0,2,0,0,0,2,2,0,0,1,5,2,5,1,0,1,4,0,2,0,3,1,1,0,2,3,6,6,11,13,19,24,23,29,36,42,43,39,38,25,55,49,39,42,35,52,39,38,51,60,60,66,73,57,65,65,62,71,70,75,72,65,76,79,70,90,75,78,93,90,80,90,93,113,124,125,108,96,130,101,0,0,0,0,0,0
"Seguridad","Guerrero","Extorsión",NA,11,16,16,13,17,12,8,7,8,12,11,13,15,9,13,13,19,35,22,16,18,18,9,12,12,19,12,11,15,12,14,24,13,12,19,12,13,19,13,15,15,18,13,23,15,20,25,13,21,16,25,18,29,19,24,21,24,25,16,21,20,27,17,18,23,21,27,16,28,12,12,20,16,25,24,17,13,18,16,13,26,19,9,16,18,14,24,20,16,25,32,32,29,22,18,10,13,12,7,15,25,16,14,15,14,6,4,9,7,16,5,15,9,13,13,14,12,11,11,13,10,11,6,9,11,11,0,0,0,0,0,0
"Seguridad","Hidalgo","Extorsión",NA,4,6,2,3,2,2,4,3,1,3,6,6,7,8,8,12,6,5,1,5,5,11,4,8,11,8,2,7,13,6,9,18,22,10,12,15,11,13,12,14,12,12,8,17,11,12,17,3,18,16,8,14,24,14,16,21,19,25,23,12,11,12,20,12,6,21,7,14,10,9,10,1,3,5,9,8,17,2,7,10,4,10,19,14,14,21,21,28,25,21,15,20,27,12,17,11,37,19,28,19,39,43,32,32,39,27,40,10,32,21,25,46,34,17,22,35,17,28,18,16,16,17,32,34,25,8,0,0,0,0,0,0
"Seguridad","Jalisco","Extorsión",NA,63,65,68,52,93,84,87,74,66,73,55,51,52,43,40,36,28,71,50,87,50,82,67,69,69,46,45,50,45,40,31,51,44,51,40,44,62,53,81,71,63,72,77,63,45,57,63,71,76,58,86,76,98,74,68,47,42,45,32,40,68,54,71,46,65,74,76,62,55,62,38,59,43,51,56,55,53,47,44,47,31,48,49,41,43,32,57,57,59,50,49,62,66,69,56,63,45,53,57,48,54,44,54,51,51,52,53,26,58,34,43,44,43,54,32,51,48,57,36,43,33,36,36,37,36,37,0,0,0,0,0,0
"Seguridad","Michoacán de Ocampo","Extorsión",NA,5,5,5,2,2,3,3,6,3,1,5,3,3,2,2,0,2,1,1,2,2,1,0,2,1,0,0,0,1,3,3,6,2,2,1,2,0,0,0,1,0,0,0,0,0,2,0,0,0,0,0,1,0,0,0,0,0,1,0,0,1,0,0,0,4,2,2,4,5,2,2,7,3,7,4,7,3,10,7,6,6,2,5,1,5,5,6,5,4,7,1,11,6,6,6,3,3,7,20,20,24,30,24,30,24,20,19,20,22,20,34,24,25,33,22,18,27,26,23,21,19,28,24,25,12,22,0,0,0,0,0,0
"Seguridad","Morelos","Extorsión",NA,15,26,8,16,12,24,36,13,8,5,4,5,10,9,1,4,11,2,2,5,8,3,3,9,2,5,3,4,4,2,3,6,3,5,2,4,3,1,1,2,1,1,1,3,4,1,1,5,17,13,9,18,9,26,22,17,21,21,3,8,8,8,7,11,15,12,13,13,10,14,8,16,12,13,13,9,14,11,14,16,14,12,11,12,11,10,14,9,10,10,13,22,16,14,12,6,10,14,20,15,28,18,10,20,18,24,37,22,38,33,23,27,25,19,31,27,20,25,29,25,25,16,18,34,50,36,0,0,0,0,0,0
"Seguridad","México","Extorsión",NA,118,142,140,149,147,132,135,118,120,130,116,133,86,115,135,124,120,99,116,116,125,160,130,126,105,88,110,109,126,115,115,146,112,125,129,105,87,116,129,148,122,113,136,159,137,182,163,137,154,152,207,169,189,196,238,272,219,256,221,214,193,227,213,258,240,253,266,330,304,256,240,215,219,273,281,264,274,276,277,273,298,300,283,284,267,244,287,460,555,564,344,273,239,275,312,333,332,294,330,313,273,362,491,432,269,335,294,285,318,310,285,276,261,249,305,285,276,288,333,253,249,302,274,161,189,223,0,0,0,0,0,0
"Seguridad","Nayarit","Extorsión",NA,0,0,0,0,0,0,0,0,0,0,0,1,1,0,1,1,0,0,1,0,1,0,0,0,0,0,0,0,0,0,0,0,0,0,1,0,0,0,2,1,0,0,0,0,0,0,1,0,0,1,3,0,0,0,0,0,0,0,0,0,0,0,0,0,1,2,0,2,0,1,2,0,2,3,0,1,0,1,2,3,2,0,0,0,2,1,4,1,0,1,1,1,2,2,0,2,2,0,5,1,3,5,4,7,3,4,2,1,0,1,3,1,2,1,2,2,1,2,0,0,2,0,1,0,6,2,0,0,0,0,0,0
"Seguridad","Nuevo León","Extorsión",NA,25,59,37,53,28,41,31,45,38,50,51,51,49,61,49,44,38,53,51,57,44,51,61,68,63,61,48,60,80,62,46,69,56,49,43,41,34,42,47,34,40,54,45,48,50,54,46,42,40,43,38,39,38,56,29,65,33,56,46,26,40,35,32,28,30,36,38,20,27,29,33,41,27,19,51,33,39,45,92,46,61,65,57,66,45,48,84,60,68,68,52,67,61,65,70,58,57,62,62,69,73,70,51,71,85,63,70,64,44,80,73,99,56,66,51,60,87,97,85,68,68,62,95,83,87,85,0,0,0,0,0,0
"Seguridad","Oaxaca","Extorsión",NA,0,9,0,0,5,0,0,11,0,0,8,0,3,6,9,3,4,5,8,6,4,0,2,3,3,5,7,5,7,3,7,14,9,5,9,6,7,5,11,19,6,8,12,17,10,12,9,14,11,10,13,16,10,10,9,12,17,7,12,4,8,12,11,10,4,4,14,14,7,5,14,10,6,9,9,11,7,14,17,11,11,11,12,7,6,13,20,17,5,5,8,11,4,10,8,11,9,13,12,11,6,14,11,19,23,13,3,6,9,8,10,21,13,8,5,12,20,15,5,6,6,9,3,7,5,8,0,0,0,0,0,0
"Seguridad","Puebla","Extorsión",NA,28,21,18,18,19,26,21,26,26,28,18,24,17,22,8,11,14,7,9,8,9,9,6,2,5,8,9,7,6,9,12,10,13,17,13,6,19,17,17,17,13,19,17,12,11,11,9,6,9,15,17,11,15,21,26,27,11,15,15,10,12,15,15,12,12,10,14,13,9,12,11,10,13,17,11,5,6,10,14,8,6,12,7,8,8,5,17,11,5,8,11,8,14,7,17,15,10,11,11,10,11,10,8,16,6,9,8,7,8,6,8,17,12,16,8,6,9,18,12,9,19,32,22,12,23,22,0,0,0,0,0,0
"Seguridad","Querétaro","Extorsión",NA,2,0,1,0,0,0,0,3,0,0,0,0,4,0,1,0,1,1,1,0,0,0,0,3,2,0,3,2,1,0,1,0,0,1,3,5,4,5,7,13,4,13,4,13,7,12,12,10,14,33,20,13,23,19,38,35,14,20,16,14,26,16,25,15,21,18,18,20,22,25,17,19,11,18,20,27,24,18,32,25,20,26,22,14,29,19,18,19,16,26,22,18,12,6,13,26,16,11,19,15,12,18,17,17,15,12,12,5,24,17,9,22,18,18,22,23,22,23,22,16,27,27,24,26,24,19,0,0,0,0,0,0
"Seguridad","Quintana Roo","Extorsión",NA,11,13,15,6,2,6,8,10,12,18,10,5,6,4,3,0,2,2,2,0,0,5,7,10,11,4,8,2,5,9,6,4,5,8,7,8,7,8,11,8,7,11,10,19,14,13,9,9,22,23,23,14,21,23,26,21,26,31,24,22,28,29,33,29,18,12,12,15,4,7,8,2,3,7,13,13,14,7,18,4,6,8,10,6,6,9,5,5,4,9,8,8,6,10,10,5,5,11,4,3,10,4,9,12,17,14,14,13,12,15,17,18,20,15,12,11,15,13,11,16,10,17,20,19,20,21,0,0,0,0,0,0
"Seguridad","San Luis Potosí","Extorsión",NA,13,11,12,15,12,19,15,9,7,7,8,13,4,14,11,5,9,11,42,38,30,26,17,11,22,7,17,16,16,9,12,9,8,17,8,10,5,10,11,7,8,11,8,12,11,13,12,14,9,8,12,11,9,9,13,8,10,11,11,10,14,12,15,10,11,15,13,12,12,11,18,8,12,8,5,7,15,12,13,7,11,9,9,14,6,5,19,13,8,11,7,11,10,5,14,13,9,11,13,9,7,9,5,11,6,9,13,5,8,14,10,7,13,11,10,11,7,14,10,13,11,13,9,6,12,15,0,0,0,0,0,0
"Seguridad","Sinaloa","Extorsión",NA,9,10,14,14,22,11,8,4,11,12,7,6,10,4,14,13,8,8,6,5,10,4,14,8,2,2,4,5,6,5,4,7,3,5,4,4,7,4,2,6,6,8,6,6,6,3,6,4,7,2,2,2,3,5,2,1,6,6,1,9,6,6,7,3,3,2,2,4,7,4,5,9,5,3,4,8,10,5,3,4,2,10,1,6,1,5,5,9,5,7,3,6,9,8,3,0,2,3,1,3,2,7,2,7,5,5,4,6,14,6,7,12,9,3,4,11,9,2,7,5,9,5,9,6,15,12,0,0,0,0,0,0
"Seguridad","Sonora","Extorsión",NA,0,1,4,3,2,1,2,3,1,1,0,2,6,6,10,12,20,36,27,6,8,2,2,7,3,4,5,3,3,5,2,0,2,7,1,0,0,2,2,1,0,2,0,0,1,1,1,0,1,0,0,1,2,1,2,3,0,1,3,2,3,3,0,4,7,3,8,6,2,9,4,6,5,3,17,11,4,9,3,2,8,8,7,3,3,6,10,5,4,6,1,6,6,4,7,4,5,9,4,5,7,6,10,11,4,2,7,3,5,6,3,8,6,8,3,5,6,8,2,4,3,6,4,6,7,2,0,0,0,0,0,0
"Seguridad","Tabasco","Extorsión",NA,11,24,12,25,9,14,12,9,21,17,7,10,7,16,11,8,10,10,8,11,7,15,21,24,28,29,25,24,18,36,24,16,17,15,14,12,34,21,18,24,35,20,28,27,40,25,28,31,24,30,35,42,29,9,8,25,6,4,13,7,11,8,9,7,5,11,9,7,12,9,6,11,7,6,9,7,8,10,8,8,7,19,7,8,15,13,15,11,14,6,12,16,7,12,7,6,8,5,14,5,9,7,2,9,13,8,12,10,14,17,14,21,14,5,9,7,11,6,13,13,9,10,10,18,21,14,0,0,0,0,0,0
"Seguridad","Tamaulipas","Extorsión",NA,14,18,19,24,18,12,16,11,10,13,8,11,7,6,6,10,4,8,11,6,8,17,11,13,17,17,16,9,17,16,9,10,18,17,13,23,9,10,7,10,16,6,17,13,19,11,8,12,5,15,9,10,12,7,11,15,17,7,7,8,12,7,17,9,15,9,5,12,12,13,15,11,8,9,7,11,6,6,6,12,7,5,7,12,10,10,15,11,11,11,3,12,8,6,3,14,11,8,9,12,17,12,5,11,7,7,5,7,3,6,8,6,7,7,11,13,7,10,9,16,12,16,15,17,19,13,0,0,0,0,0,0
"Seguridad","Tlaxcala","Extorsión",NA,2,0,1,2,1,0,1,0,2,0,0,0,0,0,0,0,0,0,0,0,0,0,0,0,0,1,0,0,0,0,0,0,3,2,2,0,0,0,0,0,0,1,0,0,0,0,0,0,0,0,0,1,0,0,0,0,0,0,0,1,1,0,0,0,0,0,0,0,0,0,1,0,0,0,1,0,0,0,0,1,1,0,1,0,0,0,1,1,1,0,1,0,0,1,0,1,0,0,0,0,0,1,0,0,1,0,1,0,0,0,0,0,0,1,0,0,0,0,0,0,1,0,0,3,2,0,0,0,0,0,0,0
"Seguridad","Veracruz de Ignacio de la Llave","Extorsión",NA,10,15,14,13,11,12,10,9,8,8,9,7,10,15,11,14,12,10,10,13,13,21,27,36,70,47,63,47,57,52,42,47,63,44,42,35,55,45,44,67,50,55,47,54,39,37,52,33,48,74,71,88,76,45,80,61,76,74,50,51,71,72,80,60,47,63,53,46,58,71,56,37,58,66,81,57,55,79,48,66,60,48,69,57,50,69,65,75,80,75,69,71,77,71,77,55,73,71,82,64,92,71,84,91,74,60,58,61,76,74,70,69,87,95,73,85,88,81,72,68,56,56,88,82,82,90,0,0,0,0,0,0
"Seguridad","Yucatán","Extorsión",NA,4,2,9,12,4,3,7,4,5,6,8,4,6,2,4,5,3,5,12,3,4,2,6,5,4,3,8,7,3,1,1,2,2,0,1,1,2,0,0,0,0,0,1,0,0,1,0,1,0,0,1,0,0,0,1,0,2,1,1,1,0,0,0,0,0,0,0,0,0,0,0,1,0,0,1,0,0,1,0,1,0,0,0,0,2,0,0,1,1,0,1,1,2,1,0,1,2,1,0,0,5,1,0,1,3,0,0,1,0,0,0,0,0,1,0,0,0,0,0,0,1,0,0,0,0,0,0,0,0,0,0,0
"Seguridad","Zacatecas","Extorsión",NA,5,5,3,3,9,12,11,6,7,8,9,13,6,5,10,8,6,8,4,7,6,9,7,5,16,11,10,14,17,21,18,10,21,26,15,9,27,14,17,18,18,14,19,20,15,22,32,19,33,25,32,30,18,32,32,21,18,30,27,41,35,27,34,27,23,27,32,37,26,28,39,27,24,30,46,32,29,55,39,49,52,35,54,41,37,58,48,34,38,37,29,52,30,46,31,45,9,4,12,7,2,3,4,2,8,11,8,6,9,6,3,10,7,5,5,2,4,3,5,3,5,6,12,1,8,3,0,0,0,0,0,0
"Seguridad","Aguascalientes","Falsedad",NA,6,7,12,5,11,8,9,9,11,9,8,5,5,4,4,7,10,7,1,3,4,3,4,4,8,4,4,3,6,15,7,7,7,2,7,3,5,4,4,6,4,5,4,5,3,5,9,4,6,10,10,8,8,6,5,1,10,13,8,5,6,12,5,1,0,0,7,4,3,9,6,9,4,6,2,8,8,5,7,7,8,7,5,9,4,5,3,6,5,8,15,14,10,5,9,4,10,7,9,10,18,5,10,8,9,12,11,3,8,12,11,17,13,8,12,10,8,13,9,8,6,8,6,7,4,9,0,0,0,0,0,0
"Seguridad","Baja California","Falsedad",NA,6,7,13,9,11,21,14,10,12,22,12,10,8,9,7,9,12,12,9,8,11,15,16,14,10,8,9,8,8,11,11,8,9,13,9,15,6,8,10,12,9,7,13,17,7,10,14,10,9,6,12,11,16,16,9,13,15,9,13,8,9,16,3,3,1,4,7,10,6,13,9,9,7,11,7,3,13,12,16,15,15,10,24,19,6,11,16,17,20,16,13,13,16,15,22,17,12,9,14,21,13,24,18,18,24,24,31,15,15,13,15,16,18,11,21,18,25,22,27,19,15,12,17,19,21,29,0,0,0,0,0,0
"Seguridad","Baja California Sur","Falsedad",NA,0,1,0,1,0,1,1,3,0,0,2,1,6,5,5,4,8,1,3,14,13,14,8,9,3,0,1,1,7,7,4,8,5,4,7,3,6,11,5,4,6,3,7,11,4,13,6,2,2,6,7,9,7,15,3,6,8,12,10,8,6,9,6,5,3,6,8,6,7,7,5,10,5,10,11,10,15,10,12,8,9,12,11,9,9,16,9,8,22,18,11,27,17,17,6,26,11,25,18,22,40,54,37,40,43,35,22,29,34,36,42,34,52,40,39,35,42,45,20,28,46,31,34,30,23,33,0,0,0,0,0,0
"Seguridad","Campeche","Falsedad",NA,0,0,0,0,0,0,0,0,0,0,0,0,0,0,0,0,0,0,0,0,0,0,0,0,0,0,0,0,0,0,0,0,0,0,0,0,0,0,0,0,0,0,0,0,0,0,0,0,0,0,0,1,0,0,0,0,0,0,0,0,0,0,0,0,0,0,0,0,0,0,0,0,0,0,0,0,0,0,0,0,0,0,2,1,5,3,1,2,3,1,4,9,9,2,6,7,5,2,4,3,3,13,1,3,2,5,4,1,3,8,5,3,7,0,2,1,0,0,0,0,0,0,0,1,0,0,0,0,0,0,0,0
"Seguridad","Chiapas","Falsedad",NA,3,3,2,2,2,3,0,0,1,4,1,2,2,0,1,1,3,0,2,4,1,0,1,2,2,1,4,6,3,5,4,5,2,4,4,4,3,4,8,3,8,7,6,10,6,5,7,3,3,3,3,4,4,4,5,1,2,3,3,2,4,5,3,2,0,0,0,1,1,1,1,1,1,3,1,0,1,1,1,1,2,1,3,1,1,0,3,1,0,1,1,0,0,0,0,1,2,0,1,1,1,2,1,0,3,0,0,0,2,1,0,0,2,0,0,0,4,1,0,1,2,0,2,4,3,0,0,0,0,0,0,0
"Seguridad","Chihuahua","Falsedad",NA,31,14,23,20,17,13,23,16,16,14,18,21,10,14,14,17,19,18,18,15,21,16,14,15,16,19,28,18,18,11,4,22,18,16,18,13,21,14,16,23,14,12,12,17,15,16,14,16,21,14,16,17,29,16,16,13,11,27,28,21,17,23,14,5,8,10,15,16,14,18,14,19,11,17,21,24,13,27,16,19,19,21,18,16,13,17,25,18,24,16,17,19,18,28,21,13,13,17,32,18,18,21,20,29,19,20,12,12,16,22,21,24,16,18,13,18,18,26,19,26,16,16,31,22,25,16,0,0,0,0,0,0
"Seguridad","Ciudad de México","Falsedad",NA,33,34,47,35,38,46,34,40,48,42,45,35,47,46,44,59,51,75,44,45,33,41,58,40,39,32,24,45,28,36,35,38,25,26,26,26,49,30,43,36,49,31,32,51,50,55,42,50,39,36,48,51,56,35,66,40,43,61,61,46,50,40,54,30,9,11,19,22,26,44,36,53,21,14,28,31,34,60,46,57,35,45,48,42,35,41,41,31,45,47,57,47,42,49,46,56,52,42,51,38,58,66,54,44,47,63,72,42,50,79,69,71,56,53,66,53,45,69,54,59,55,35,60,64,58,58,0,0,0,0,0,0
"Seguridad","Coahuila de Zaragoza","Falsedad",NA,0,0,0,0,0,0,0,0,0,1,0,0,0,0,0,0,0,0,3,6,4,5,2,9,4,2,9,4,3,0,3,5,2,0,1,4,0,0,0,0,3,0,0,1,0,4,2,0,0,2,3,3,0,3,2,4,2,1,1,0,4,1,2,0,2,1,2,2,2,1,2,2,0,4,0,0,3,0,3,0,0,1,1,1,1,0,3,0,1,0,1,0,3,1,2,5,0,7,0,5,3,7,1,1,3,3,2,7,1,5,4,2,6,4,0,3,0,3,4,4,4,3,2,1,3,2,0,0,0,0,0,0
"Seguridad","Colima","Falsedad",NA,2,3,0,2,0,1,1,2,1,1,0,0,3,3,2,0,1,0,0,0,0,0,0,0,2,1,10,5,4,8,3,5,8,5,11,9,5,3,5,4,10,8,7,8,5,5,3,9,5,3,7,6,10,7,2,10,6,11,5,7,2,8,6,4,2,2,4,4,9,4,6,4,5,7,6,4,9,7,2,6,11,9,8,5,3,11,6,9,6,6,5,7,6,4,9,9,10,9,6,4,10,5,5,6,6,5,8,11,3,9,5,8,12,8,9,12,5,10,2,6,9,7,5,9,8,8,0,0,0,0,0,0
"Seguridad","Durango","Falsedad",NA,2,0,0,0,0,1,3,1,0,0,2,4,0,1,2,0,1,1,2,1,1,0,1,0,1,3,2,0,0,0,0,0,5,1,3,0,1,0,0,1,0,1,0,0,0,1,0,2,0,1,1,0,1,0,0,0,0,0,2,0,3,3,2,0,0,0,0,2,1,0,0,1,0,0,4,3,3,4,3,0,3,3,3,2,4,1,7,1,1,1,1,3,1,3,2,1,1,1,2,1,1,1,1,3,1,3,1,0,1,0,1,1,1,1,1,1,1,0,4,2,1,0,0,1,1,2,0,0,0,0,0,0
"Seguridad","Guanajuato","Falsedad",NA,9,19,16,11,10,17,14,7,17,13,17,6,14,14,12,10,16,22,12,20,10,12,17,10,10,9,14,14,26,19,6,15,16,19,14,16,19,17,20,23,27,13,16,19,18,22,16,7,18,15,20,13,21,22,20,15,7,18,14,13,14,12,14,3,5,9,15,10,11,10,19,15,9,12,27,11,25,15,19,14,22,28,20,18,22,18,18,13,13,23,33,13,17,30,24,19,31,24,40,25,35,35,39,33,22,28,27,21,18,29,27,25,36,18,25,22,22,36,37,20,31,21,27,35,30,41,0,0,0,0,0,0
"Seguridad","Guerrero","Falsedad",NA,5,4,8,2,2,2,6,6,3,13,3,8,3,8,5,4,4,4,3,4,6,1,1,5,2,4,6,4,4,7,3,4,2,2,2,1,4,4,5,3,1,8,6,5,3,11,4,0,3,6,13,5,6,2,4,1,7,10,9,10,7,12,5,0,2,1,0,3,3,8,5,4,5,7,6,6,10,8,5,4,6,7,10,5,4,6,7,7,7,8,15,13,9,5,1,2,10,11,9,10,8,14,7,8,9,14,8,5,3,8,8,8,7,6,9,9,10,11,5,4,6,9,4,4,5,4,0,0,0,0,0,0
"Seguridad","Hidalgo","Falsedad",NA,2,5,0,8,7,6,3,2,5,15,15,7,13,17,6,1,8,8,5,4,7,11,17,20,13,9,9,15,16,8,8,18,10,10,10,7,6,12,9,6,7,9,9,14,18,15,28,8,10,11,12,14,10,12,10,3,15,7,7,7,8,8,17,1,0,0,2,3,5,8,8,5,0,1,7,8,9,9,7,10,13,12,8,3,6,6,13,14,12,17,7,15,15,23,8,9,7,15,17,10,13,18,10,14,12,12,21,12,6,13,11,6,10,13,8,22,13,18,14,12,17,14,16,10,16,31,0,0,0,0,0,0
"Seguridad","Jalisco","Falsedad",NA,12,13,21,18,8,19,16,16,26,14,21,24,17,25,22,18,18,24,20,22,11,17,27,23,17,22,18,22,12,18,30,13,16,23,18,9,24,20,36,18,19,22,29,22,15,14,10,19,24,23,20,20,31,21,14,20,21,32,11,25,20,11,17,2,7,5,12,11,8,9,11,12,5,9,6,9,11,7,11,12,12,6,10,16,11,13,14,11,17,14,16,17,15,17,4,16,6,9,14,8,6,16,7,11,13,20,18,18,19,24,13,16,13,27,23,17,15,26,21,20,17,13,14,10,11,8,0,0,0,0,0,0
"Seguridad","Michoacán de Ocampo","Falsedad",NA,3,2,0,0,0,1,3,0,2,1,0,0,0,0,0,0,0,1,1,0,0,1,0,5,0,1,6,8,8,4,5,5,5,4,0,2,0,3,7,1,3,1,2,1,2,0,0,0,6,1,1,3,1,3,0,0,1,3,2,5,3,2,2,4,2,3,1,4,4,4,1,1,1,4,4,4,2,4,4,3,2,0,2,1,1,3,4,0,3,1,2,2,1,0,1,1,1,3,1,0,3,1,1,3,0,0,2,2,1,1,3,1,4,5,1,0,2,8,3,3,6,2,2,3,1,1,0,0,0,0,0,0
"Seguridad","Morelos","Falsedad",NA,8,12,8,7,8,10,12,9,11,13,6,8,7,8,4,10,4,5,10,5,5,5,3,8,5,8,3,6,4,11,8,6,10,7,7,5,3,10,6,8,7,9,9,4,7,7,6,5,4,6,8,4,6,5,6,14,3,8,5,3,10,8,4,2,0,2,7,7,9,6,7,6,5,3,7,11,9,14,15,10,8,11,6,6,7,7,5,6,10,9,10,11,8,8,6,2,6,5,7,3,9,4,3,5,5,17,2,7,7,5,5,9,11,10,7,14,4,11,8,6,8,7,7,5,6,13,0,0,0,0,0,0
"Seguridad","México","Falsedad",NA,3,11,3,9,11,9,10,13,5,6,7,10,6,13,8,10,10,10,14,9,11,7,10,7,6,8,9,3,9,14,10,10,5,17,9,4,9,7,6,5,6,7,9,8,13,8,12,9,6,9,14,12,15,18,10,10,7,12,9,9,13,5,6,4,5,0,2,0,1,10,4,5,0,37,14,6,6,7,1,8,9,3,5,6,16,11,35,21,13,23,20,9,13,21,9,11,16,18,27,9,18,16,10,14,18,21,17,12,6,14,11,17,13,10,10,10,19,20,15,11,13,17,23,8,8,14,0,0,0,0,0,0
"Seguridad","Nayarit","Falsedad",NA,1,2,1,1,2,1,2,0,3,2,3,3,1,0,1,0,0,2,2,0,0,1,2,0,1,1,1,0,0,1,0,0,0,0,0,0,0,0,0,0,1,1,0,1,0,0,0,1,0,0,0,0,1,0,0,0,0,4,0,1,0,0,0,1,2,0,0,0,0,1,1,0,1,0,1,0,1,0,0,0,1,1,0,0,1,1,1,1,1,0,1,2,1,6,3,2,7,2,2,1,1,0,10,1,0,5,2,0,2,2,1,1,3,2,0,2,1,4,1,1,4,3,3,0,1,0,0,0,0,0,0,0
"Seguridad","Nuevo León","Falsedad",NA,10,18,17,9,13,8,11,1,9,17,24,12,12,12,13,17,16,14,11,13,14,16,15,13,11,20,20,12,11,23,21,23,23,14,29,14,13,25,9,15,15,15,16,12,20,28,17,8,14,11,22,18,25,18,11,27,21,28,19,23,27,26,17,7,10,8,8,18,14,13,14,14,13,21,10,18,16,14,11,24,21,23,23,23,13,17,30,19,22,21,16,27,17,14,18,11,20,12,21,9,21,20,18,14,14,17,15,15,17,22,16,16,16,11,16,11,21,26,20,21,19,21,14,17,19,23,0,0,0,0,0,0
"Seguridad","Oaxaca","Falsedad",NA,0,1,0,0,1,0,0,2,0,0,1,0,3,2,4,0,2,4,2,2,1,0,1,2,0,3,2,51,21,11,11,16,12,27,24,29,31,42,13,5,8,9,8,20,19,30,42,28,27,14,22,36,22,27,22,24,23,23,19,13,15,16,17,14,11,9,16,21,25,40,30,19,27,32,32,24,24,40,27,21,34,44,33,34,52,37,41,40,38,41,33,28,30,36,26,25,27,31,39,30,44,42,50,47,58,37,22,21,32,25,32,56,25,29,33,27,28,38,29,22,28,25,21,19,26,25,0,0,0,0,0,0
"Seguridad","Puebla","Falsedad",NA,11,15,14,12,9,18,14,12,9,12,11,14,5,15,9,17,16,16,4,4,2,3,8,6,9,4,12,3,6,6,12,4,8,5,7,8,4,6,3,5,8,6,3,10,6,10,6,7,6,5,9,5,10,7,12,3,6,4,6,6,8,3,6,1,3,0,8,6,3,11,14,9,8,8,8,13,12,13,10,6,7,15,15,13,6,21,12,10,11,8,11,13,12,15,14,7,22,11,16,9,20,15,15,14,7,19,13,12,2,13,4,10,26,12,18,5,10,5,6,6,13,23,25,14,13,20,0,0,0,0,0,0
"Seguridad","Querétaro","Falsedad",NA,1,2,2,4,5,5,3,2,5,2,4,2,6,3,18,8,9,8,2,10,11,7,6,7,4,4,4,10,14,7,7,6,6,7,3,7,4,6,6,11,13,6,5,12,8,9,4,4,7,6,8,12,4,11,6,11,13,8,8,7,9,13,9,3,6,2,8,4,5,14,10,5,11,10,11,17,9,11,9,16,13,12,16,9,15,14,14,15,18,20,13,14,7,18,13,16,15,18,17,13,13,16,17,15,11,29,15,16,14,18,12,21,22,13,14,16,26,19,17,14,11,19,17,11,18,17,0,0,0,0,0,0
"Seguridad","Quintana Roo","Falsedad",NA,0,0,0,0,3,1,0,0,0,1,1,3,0,0,0,0,1,1,1,1,0,2,1,0,1,0,3,1,1,2,0,1,2,3,4,1,1,5,4,2,0,4,2,2,1,7,2,0,0,0,3,3,2,4,7,3,3,2,4,2,30,22,18,3,9,12,18,21,21,24,21,21,20,28,28,31,26,30,31,27,27,34,34,25,24,21,44,33,45,40,38,41,33,37,36,36,35,29,34,32,41,75,27,45,58,70,51,39,47,61,46,43,72,48,57,57,50,60,49,36,44,39,43,52,45,36,0,0,0,0,0,0
"Seguridad","San Luis Potosí","Falsedad",NA,1,2,5,2,3,8,4,4,1,4,1,3,1,1,0,0,0,3,7,11,6,9,5,3,3,2,7,3,2,5,2,1,0,0,0,0,0,0,0,0,0,0,0,0,0,0,0,0,0,0,0,0,0,0,0,0,0,0,0,0,0,0,0,0,0,0,0,0,0,0,0,0,0,0,0,0,0,0,0,0,0,0,0,0,0,0,0,0,0,0,0,0,0,0,0,0,0,0,0,0,0,0,0,0,0,0,0,0,0,0,0,0,0,0,0,0,0,0,0,0,0,0,0,0,0,0,0,0,0,0,0,0
"Seguridad","Sinaloa","Falsedad",NA,4,1,5,3,10,3,2,2,5,4,1,3,7,4,9,8,3,3,3,1,6,3,4,0,1,7,6,0,8,2,2,4,7,4,6,6,7,2,6,4,5,3,5,2,2,5,2,0,6,2,4,7,6,4,4,5,1,3,2,3,2,2,3,1,1,0,0,1,1,3,8,5,9,2,3,5,2,6,5,7,3,7,4,7,5,5,8,9,4,10,3,9,4,7,9,4,1,3,5,4,5,7,4,8,7,5,7,3,3,3,5,5,8,5,6,7,7,4,5,5,4,5,7,4,2,1,0,0,0,0,0,0
"Seguridad","Sonora","Falsedad",NA,0,1,0,3,1,4,2,2,3,3,1,3,0,14,5,15,10,7,14,2,1,4,1,4,7,2,4,3,3,4,1,2,0,6,2,2,0,4,0,2,1,2,2,1,2,1,3,5,15,5,6,4,6,9,2,3,4,2,1,2,4,2,0,0,1,0,0,2,5,4,10,5,4,5,2,3,3,7,3,3,10,12,8,5,7,4,3,9,4,0,4,12,12,5,8,8,7,11,10,7,10,13,11,7,8,7,8,3,8,4,7,10,5,9,7,9,7,8,10,10,1,4,6,4,7,1,0,0,0,0,0,0
"Seguridad","Tabasco","Falsedad",NA,1,3,1,4,0,0,0,1,1,2,3,0,6,1,0,0,4,5,1,5,3,3,3,1,8,3,3,0,1,6,3,6,0,7,4,3,1,2,7,3,5,2,0,2,4,6,0,4,6,2,4,1,2,3,1,3,4,4,3,7,3,4,1,1,0,0,2,1,3,4,6,6,3,5,3,4,2,3,7,2,5,2,4,3,5,5,3,1,0,2,4,4,6,5,3,2,6,2,5,2,3,3,4,6,4,4,7,4,4,2,0,2,5,1,5,4,5,6,3,5,0,6,5,5,7,7,0,0,0,0,0,0
"Seguridad","Tamaulipas","Falsedad",NA,11,9,15,10,9,13,13,7,13,5,8,8,8,12,6,9,12,12,4,10,13,11,11,5,2,7,11,6,10,13,6,3,12,9,10,10,8,5,10,11,15,16,11,5,5,7,11,10,7,7,8,10,15,10,15,10,8,6,10,10,5,10,4,3,3,5,7,3,8,8,6,9,3,7,7,12,8,15,16,11,10,13,7,9,6,13,13,5,12,11,11,13,7,11,11,10,10,11,18,7,8,7,6,12,8,10,14,13,11,15,6,12,14,12,7,13,8,14,12,10,7,7,4,13,25,20,0,0,0,0,0,0
"Seguridad","Tlaxcala","Falsedad",NA,2,2,2,0,0,1,1,2,2,1,3,1,1,2,1,0,1,1,0,1,0,0,0,1,2,0,1,0,0,0,0,0,1,0,0,0,0,0,2,1,2,0,1,1,1,0,1,0,3,0,0,1,2,1,0,0,1,1,0,0,0,0,1,0,0,0,0,0,0,1,0,0,0,0,0,0,0,0,0,0,0,0,0,1,0,0,0,0,0,0,0,0,0,0,1,0,0,0,0,1,0,0,0,0,0,0,0,0,0,0,0,0,0,0,0,0,0,0,0,0,0,1,0,0,0,0,0,0,0,0,0,0
"Seguridad","Veracruz de Ignacio de la Llave","Falsedad",NA,9,9,11,14,13,14,8,3,12,7,12,5,6,5,11,11,11,7,4,4,6,2,3,6,13,20,15,10,14,10,15,6,11,23,21,14,16,23,14,17,17,15,13,19,15,31,17,14,18,17,15,17,15,23,19,14,17,26,21,18,17,18,11,2,5,8,8,14,13,14,11,15,11,17,34,11,21,20,22,21,18,23,22,24,14,27,26,16,22,16,20,29,26,19,27,26,22,24,28,18,24,30,17,20,30,33,28,20,15,30,27,19,26,35,32,28,25,37,32,24,20,22,23,29,35,21,0,0,0,0,0,0
"Seguridad","Yucatán","Falsedad",NA,0,6,2,5,3,7,5,3,8,4,9,0,5,0,5,2,4,3,0,3,8,6,10,1,5,10,6,6,4,2,1,3,0,3,0,1,1,2,3,0,1,1,2,2,0,2,0,2,1,2,3,3,2,3,0,0,2,4,0,0,1,5,0,0,1,1,0,3,1,0,0,1,0,0,1,4,1,1,0,0,0,1,0,0,0,0,0,0,0,0,0,0,1,0,1,0,1,0,0,0,0,0,0,0,0,0,0,1,0,0,0,0,1,0,0,1,0,0,1,0,0,1,1,0,0,2,0,0,0,0,0,0
"Seguridad","Zacatecas","Falsedad",NA,3,4,3,0,3,4,2,4,5,5,1,3,1,4,2,3,2,6,0,1,3,4,3,1,1,7,2,4,2,19,4,11,8,4,4,7,6,4,7,10,8,10,5,6,6,11,10,3,5,14,10,15,13,12,12,13,5,8,8,3,9,6,10,6,6,10,9,10,8,6,5,5,3,10,15,19,13,12,13,12,16,13,5,13,12,20,17,16,16,11,8,19,27,16,19,17,21,16,19,25,36,40,29,14,27,29,32,18,20,22,23,27,29,21,36,22,20,27,18,21,21,18,15,10,21,15,0,0,0,0,0,0
"Seguridad","Aguascalientes","Falsificación",NA,29,28,26,24,29,24,36,34,28,17,14,19,16,26,21,30,20,20,13,23,19,19,12,18,27,43,30,39,36,19,33,31,32,24,22,22,30,27,30,25,17,20,46,44,49,69,51,42,62,63,97,86,53,64,120,87,32,47,61,41,83,85,65,52,62,62,47,65,75,77,77,67,86,95,67,86,64,62,62,80,65,74,56,51,96,115,77,65,79,52,70,57,57,59,54,43,36,11,16,12,12,15,22,18,20,14,15,4,15,19,22,16,19,23,18,18,9,23,18,20,33,20,14,19,22,17,0,0,0,0,0,0
"Seguridad","Baja California","Falsificación",NA,61,40,63,45,32,45,24,32,34,40,43,38,82,67,51,32,46,49,34,48,40,44,58,31,24,28,72,30,26,32,39,34,30,45,31,40,17,22,24,30,23,30,39,33,21,18,40,19,14,21,35,29,36,21,32,53,35,148,23,33,26,27,30,12,7,14,40,48,39,45,32,21,18,22,59,48,27,29,44,45,40,36,24,45,23,18,26,22,43,59,62,62,46,28,33,15,18,17,21,25,38,35,25,26,20,47,20,23,33,22,26,56,34,25,33,18,23,38,35,23,25,19,23,20,22,32,0,0,0,0,0,0
"Seguridad","Baja California Sur","Falsificación",NA,2,0,1,1,2,1,0,1,13,3,2,3,4,6,8,5,5,10,17,9,13,13,11,27,22,18,12,12,19,18,11,29,21,38,32,39,21,18,25,15,9,4,17,11,6,6,11,2,7,8,4,6,3,7,3,8,3,7,4,18,7,6,16,2,1,7,9,17,16,11,8,7,7,11,6,16,8,12,9,9,12,6,0,3,2,10,10,10,6,9,4,4,7,7,6,2,3,6,6,11,6,6,6,7,13,13,3,4,4,6,3,9,4,11,7,8,6,4,7,4,14,11,7,4,10,14,0,0,0,0,0,0
"Seguridad","Campeche","Falsificación",NA,0,0,0,1,0,4,0,1,0,1,0,0,1,1,0,0,1,0,0,0,0,0,1,1,0,1,1,1,1,0,0,2,0,0,0,0,1,1,0,0,0,0,0,0,0,2,0,0,0,0,0,0,0,1,0,0,0,0,0,1,0,2,7,0,1,0,1,0,1,1,0,0,1,0,0,0,0,0,0,0,0,1,23,17,23,25,22,23,30,21,21,26,17,25,22,20,22,37,38,29,34,41,29,23,17,12,28,18,27,17,18,18,18,12,6,5,2,0,3,3,1,3,1,1,0,2,0,0,0,0,0,0
"Seguridad","Chiapas","Falsificación",NA,4,12,9,9,6,9,5,6,9,14,7,6,4,9,4,7,3,7,4,22,16,19,26,20,15,20,22,29,18,26,27,13,17,19,21,21,23,22,17,13,37,38,34,30,31,50,26,39,34,29,46,26,34,24,25,17,6,10,7,13,14,8,10,2,2,0,2,3,9,4,2,5,4,10,9,5,5,6,11,1,3,9,5,1,5,6,4,5,2,4,4,4,4,1,0,3,5,3,5,9,2,7,2,5,2,7,4,4,8,5,0,8,10,9,2,5,2,6,2,1,3,5,2,15,5,7,0,0,0,0,0,0
"Seguridad","Chihuahua","Falsificación",NA,38,35,36,37,26,36,37,42,60,39,43,40,40,45,32,33,42,34,32,30,33,30,42,37,31,31,42,44,51,42,27,23,41,32,92,23,25,37,35,32,27,26,38,30,26,36,18,41,28,34,40,37,43,39,52,34,38,64,32,51,44,40,36,19,33,114,79,68,105,115,108,115,130,125,151,98,108,104,121,119,90,120,85,57,54,50,54,47,56,52,68,70,97,87,84,92,69,74,89,83,88,86,76,81,65,90,64,62,79,85,70,96,94,87,106,89,79,93,82,79,92,88,95,63,61,59,0,0,0,0,0,0
"Seguridad","Ciudad de México","Falsificación",NA,222,291,378,342,369,433,427,380,376,416,510,481,391,386,398,446,468,377,470,507,464,532,527,576,540,458,515,448,591,621,624,648,613,817,818,778,710,737,749,738,824,762,816,759,736,729,689,784,719,573,683,599,637,611,610,569,514,527,569,541,508,498,441,179,176,210,263,294,283,327,300,240,152,188,245,226,247,241,246,232,194,209,214,234,195,183,208,194,210,233,209,232,184,172,211,178,181,177,210,153,163,236,232,246,188,182,186,170,182,193,220,223,222,199,238,290,237,247,177,183,187,179,183,191,218,204,0,0,0,0,0,0
"Seguridad","Coahuila de Zaragoza","Falsificación",NA,18,41,26,33,32,37,34,22,44,47,52,40,29,20,36,38,25,46,29,20,24,20,26,38,14,18,40,19,25,17,21,27,19,19,29,20,16,14,9,7,18,12,23,8,14,17,17,13,8,20,17,16,13,10,18,20,12,21,8,15,15,16,15,1,4,5,14,13,8,9,6,6,7,16,7,20,8,16,13,8,11,6,8,5,10,6,8,7,6,15,8,14,21,5,5,10,5,6,8,8,7,13,4,1,14,12,7,5,5,13,12,6,16,12,12,15,8,16,12,3,19,13,13,10,10,21,0,0,0,0,0,0
"Seguridad","Colima","Falsificación",NA,7,5,5,8,6,5,6,5,6,4,0,5,11,8,8,0,9,0,0,0,0,0,0,0,5,6,3,3,4,4,9,0,8,8,10,2,11,8,15,9,7,10,7,9,3,6,13,7,4,11,10,12,8,5,1,6,12,6,9,13,14,23,9,6,11,3,12,10,9,10,7,9,16,19,18,22,16,16,13,13,16,27,20,20,17,29,19,11,9,14,15,4,4,11,4,12,9,5,8,2,11,6,5,1,5,11,7,10,18,15,14,26,11,21,22,19,8,83,7,46,44,13,13,42,24,29,0,0,0,0,0,0
"Seguridad","Durango","Falsificación",NA,1,0,0,0,12,8,0,4,9,0,1,0,7,6,2,5,0,2,2,3,0,18,17,3,0,4,9,2,3,3,4,6,12,9,10,7,7,7,27,6,10,9,1,10,2,2,4,8,3,1,2,4,13,8,18,16,4,6,8,9,7,17,5,6,0,0,4,13,8,3,2,7,5,8,12,11,9,14,13,19,6,14,8,9,9,13,14,6,5,14,3,2,8,9,6,6,9,10,9,6,5,9,3,2,8,9,6,5,9,8,9,6,5,8,3,2,6,9,6,6,5,5,4,4,4,5,0,0,0,0,0,0
"Seguridad","Guanajuato","Falsificación",NA,36,63,65,81,86,85,57,64,73,66,75,55,68,54,48,57,66,105,101,83,78,63,62,61,68,71,72,71,81,62,59,64,62,77,52,60,51,38,64,53,52,68,55,68,61,95,42,46,46,42,49,42,44,73,54,38,53,72,55,33,55,40,41,7,9,31,36,26,46,42,35,29,24,34,49,23,48,49,37,45,44,56,70,96,38,62,73,60,64,47,64,65,69,70,49,46,40,54,63,64,65,71,84,84,67,105,58,70,42,72,70,79,80,76,117,135,93,83,90,119,58,100,120,121,133,131,0,0,0,0,0,0
"Seguridad","Guerrero","Falsificación",NA,12,4,14,7,0,14,12,9,8,12,8,4,8,6,12,9,17,7,5,11,10,4,7,4,6,8,13,11,7,12,11,4,18,16,13,7,18,16,17,12,15,17,19,27,27,26,27,17,25,32,20,25,16,23,14,15,25,24,23,26,23,37,41,5,11,14,12,10,15,26,18,15,12,19,12,17,21,21,22,9,21,26,19,24,18,29,27,30,25,25,28,28,24,28,23,12,11,33,30,34,27,36,27,27,23,25,4,3,15,21,21,23,23,33,13,11,19,25,19,22,19,21,22,17,21,15,0,0,0,0,0,0
"Seguridad","Hidalgo","Falsificación",NA,1,11,8,1,9,5,5,16,15,4,5,18,7,9,8,10,11,10,7,10,20,14,11,15,12,20,9,10,39,18,13,39,39,27,34,33,37,38,31,25,11,35,31,29,28,14,14,14,11,25,28,21,21,25,23,16,16,23,20,24,19,30,14,4,0,2,7,11,24,26,15,12,5,5,16,19,21,16,22,16,19,19,17,18,8,15,11,24,18,21,15,36,21,14,16,16,19,16,26,25,26,17,25,14,23,22,27,19,19,14,12,19,16,18,17,12,15,12,14,10,23,27,19,16,21,26,0,0,0,0,0,0
"Seguridad","Jalisco","Falsificación",NA,110,122,117,131,103,114,144,107,106,114,108,118,97,147,127,127,113,116,139,140,82,124,120,149,115,125,150,104,84,123,149,152,118,116,101,92,124,171,158,157,131,119,137,105,116,125,132,333,433,121,140,160,144,112,144,151,112,124,92,91,120,90,111,108,150,196,171,142,141,175,159,131,122,103,140,106,96,131,151,174,107,140,97,97,82,111,124,133,110,136,114,107,84,114,104,91,111,100,117,101,141,111,119,116,124,136,109,90,118,119,115,113,109,83,136,90,78,91,78,100,100,153,87,117,137,143,0,0,0,0,0,0
"Seguridad","Michoacán de Ocampo","Falsificación",NA,10,23,18,14,4,18,16,16,13,17,7,15,11,15,12,7,9,9,10,13,13,19,12,10,16,16,9,12,11,17,19,31,26,28,29,21,28,28,28,31,32,17,24,30,28,29,21,24,25,31,36,31,34,39,32,44,47,56,29,27,29,42,31,25,26,34,24,42,47,59,79,87,53,49,86,72,77,83,55,74,70,80,84,73,83,73,67,47,57,77,50,62,61,76,67,39,55,55,51,54,78,71,72,72,61,56,38,47,42,56,37,55,54,43,52,40,30,60,32,29,58,49,42,41,61,117,0,0,0,0,0,0
"Seguridad","Morelos","Falsificación",NA,24,14,11,26,19,33,24,25,27,26,23,18,17,18,28,26,40,33,23,24,30,27,21,11,19,17,15,20,22,14,6,19,17,16,14,9,20,25,20,19,18,22,32,36,31,27,15,24,19,29,24,16,12,15,13,24,26,31,28,19,21,24,21,25,10,30,15,15,11,16,19,11,16,13,16,8,17,7,18,10,18,15,14,18,12,17,18,15,18,18,8,24,12,18,12,11,15,19,16,12,23,14,12,16,16,18,18,5,15,16,15,32,15,11,14,15,13,23,15,14,20,16,9,19,11,20,0,0,0,0,0,0
"Seguridad","México","Falsificación",NA,135,116,125,117,118,115,95,137,126,147,295,145,113,135,128,134,151,113,129,102,127,132,131,154,96,114,148,139,154,187,184,202,228,290,246,250,246,218,220,249,281,250,263,310,254,298,324,261,282,265,334,255,248,270,279,174,139,126,109,145,111,113,82,55,77,104,94,155,167,161,185,158,130,108,139,105,121,125,163,134,156,144,131,163,148,264,313,270,280,287,227,226,221,245,189,192,231,200,217,182,185,208,216,230,193,219,229,188,212,209,153,188,214,246,200,306,195,244,170,145,147,162,213,169,127,148,0,0,0,0,0,0
"Seguridad","Nayarit","Falsificación",NA,2,4,5,6,3,2,6,3,4,4,4,1,3,3,0,3,6,4,0,1,0,0,0,2,0,0,1,0,0,0,1,0,0,0,0,0,0,0,1,1,0,0,0,0,1,1,1,0,0,0,0,1,3,1,3,1,0,0,0,0,0,0,1,0,0,1,0,0,2,0,1,0,0,1,0,0,0,0,1,2,0,1,1,1,0,6,0,4,1,1,2,2,2,2,2,1,2,4,5,0,1,1,1,3,4,4,3,1,1,3,1,5,2,8,2,0,3,3,2,2,1,1,2,1,2,1,0,0,0,0,0,0
"Seguridad","Nuevo León","Falsificación",NA,28,33,25,34,29,43,61,38,69,58,55,37,35,39,38,46,63,54,38,62,36,51,58,64,45,42,77,50,55,39,55,53,37,61,45,55,33,44,39,42,40,34,52,49,57,59,47,36,62,61,47,39,39,62,87,106,71,74,63,73,91,116,74,29,33,87,69,82,93,123,112,116,137,153,181,169,115,129,107,128,107,129,143,183,161,148,125,148,141,126,128,107,89,83,116,98,100,113,128,69,97,87,91,95,85,97,99,73,86,91,57,72,65,46,81,79,71,77,68,50,48,59,81,69,62,65,0,0,0,0,0,0
"Seguridad","Oaxaca","Falsificación",NA,0,8,0,0,5,0,0,11,0,0,10,0,11,17,16,14,21,24,13,10,28,0,13,26,9,2,19,24,8,5,5,5,9,24,13,19,19,9,26,32,38,41,31,26,16,24,16,18,15,18,18,16,22,36,29,28,29,21,10,29,30,41,29,5,11,16,14,20,19,21,19,27,45,28,32,24,36,33,23,34,29,32,17,20,15,15,27,21,21,26,30,34,22,30,31,25,18,22,24,31,30,16,20,24,23,24,15,18,27,30,22,19,36,28,24,24,21,30,22,35,18,26,17,17,20,22,0,0,0,0,0,0
"Seguridad","Puebla","Falsificación",NA,29,38,73,69,46,59,59,47,42,57,31,35,31,44,36,49,31,45,11,9,5,18,11,11,11,7,19,16,24,19,17,13,16,20,17,6,11,16,20,19,15,16,23,19,29,28,16,18,22,27,33,32,24,27,31,29,16,16,19,15,24,26,15,16,14,22,20,22,25,44,35,37,22,25,29,31,38,34,28,45,33,48,49,35,25,37,41,60,30,54,49,31,40,39,43,47,42,37,57,31,34,46,26,35,27,32,29,26,27,22,30,30,52,24,28,18,14,23,19,23,46,90,66,59,60,64,0,0,0,0,0,0
"Seguridad","Querétaro","Falsificación",NA,65,40,48,40,59,63,47,44,61,56,63,56,48,40,42,45,52,45,64,52,33,44,47,44,33,38,48,28,43,34,40,25,30,51,33,35,34,35,27,56,56,56,57,52,60,70,38,39,65,42,61,73,63,58,73,49,57,68,46,40,47,36,29,11,12,20,18,33,21,32,22,19,11,11,21,23,11,20,8,22,19,28,18,21,18,18,19,18,19,14,25,14,12,13,10,22,11,16,14,10,17,14,18,19,11,11,14,15,8,17,20,16,28,13,18,10,14,17,20,13,19,17,20,15,14,27,0,0,0,0,0,0
"Seguridad","Quintana Roo","Falsificación",NA,8,3,6,17,11,7,9,13,0,13,0,5,2,2,0,0,8,7,10,8,11,14,2,9,14,10,9,5,8,18,8,9,14,15,22,15,9,21,19,23,19,19,23,16,18,18,16,22,19,22,20,22,22,28,30,28,20,25,14,14,22,27,20,5,3,27,25,14,24,16,18,24,15,20,31,25,29,19,19,17,36,18,12,18,14,21,44,28,23,26,25,23,31,28,24,20,27,18,23,13,19,22,14,16,29,18,16,19,25,23,31,32,25,31,21,16,25,36,34,18,19,22,17,21,24,25,0,0,0,0,0,0
"Seguridad","San Luis Potosí","Falsificación",NA,4,5,11,6,7,7,3,3,3,8,2,5,2,1,3,2,6,9,12,15,14,24,15,15,18,7,18,11,21,15,15,13,15,25,12,16,10,20,18,13,19,20,15,17,17,16,17,7,19,14,19,13,13,14,20,16,12,19,8,7,12,4,10,3,4,8,13,3,9,8,15,5,4,7,13,12,13,15,13,19,16,19,10,10,13,12,17,14,15,18,19,21,11,18,7,11,10,13,20,18,21,15,14,11,14,21,10,10,10,13,11,22,3,25,20,26,27,17,7,5,15,11,10,11,19,13,0,0,0,0,0,0
"Seguridad","Sinaloa","Falsificación",NA,22,26,27,15,22,18,27,6,21,12,2,5,19,25,36,27,24,18,17,31,17,16,18,5,16,14,16,16,23,5,5,25,17,11,12,8,21,11,20,20,17,17,17,19,16,7,10,10,14,19,12,21,12,8,7,11,16,16,16,15,17,17,12,1,0,7,2,5,10,8,20,17,13,9,21,11,17,15,7,10,11,16,20,17,9,12,7,15,14,17,13,33,10,20,10,17,11,8,15,8,29,16,5,17,27,24,9,7,13,10,6,21,12,8,14,13,17,13,5,6,13,15,19,10,21,18,0,0,0,0,0,0
"Seguridad","Sonora","Falsificación",NA,2,2,2,4,5,4,2,1,1,3,2,2,1,4,7,15,6,13,10,5,3,4,6,4,5,4,6,3,1,9,2,3,3,2,1,0,0,0,2,0,3,3,1,0,0,1,4,5,4,5,4,2,2,4,0,2,2,0,5,2,2,2,1,0,0,0,1,3,4,3,4,2,0,2,5,7,3,1,4,4,11,8,7,3,2,3,1,3,4,3,6,4,3,1,2,5,3,1,2,4,3,5,6,9,6,2,5,4,3,4,6,2,4,5,0,7,5,3,4,1,3,3,5,4,2,1,0,0,0,0,0,0
"Seguridad","Tabasco","Falsificación",NA,8,17,13,10,0,2,0,6,6,13,2,1,4,5,8,5,10,7,6,6,4,12,7,8,7,9,8,5,6,10,24,11,21,16,15,9,21,9,7,10,17,16,7,17,11,29,20,5,15,14,39,35,18,29,27,25,31,23,16,11,20,26,10,2,3,11,15,29,17,19,14,15,10,16,24,26,11,29,13,23,19,18,27,16,16,14,33,17,11,15,20,24,19,18,16,6,25,13,11,15,21,14,21,17,12,7,10,18,10,17,11,14,13,13,13,13,14,12,6,3,2,15,16,20,6,19,0,0,0,0,0,0
"Seguridad","Tamaulipas","Falsificación",NA,14,15,19,17,19,14,13,14,19,22,11,10,10,20,27,15,9,21,17,36,26,19,29,22,30,23,27,19,17,21,15,24,22,30,24,27,15,26,22,19,24,21,15,29,28,20,27,19,18,34,21,15,23,18,13,18,11,16,14,12,11,10,18,6,9,7,16,10,8,14,14,10,12,7,8,10,11,12,11,12,6,8,4,6,7,8,13,2,8,10,9,15,8,13,15,12,15,14,16,9,13,15,7,9,13,9,10,7,10,10,10,12,11,11,14,13,20,16,12,14,12,11,13,17,59,21,0,0,0,0,0,0
"Seguridad","Tlaxcala","Falsificación",NA,0,1,3,2,0,2,1,3,2,4,5,0,3,1,0,1,2,0,2,2,0,2,1,2,0,0,0,0,1,0,2,1,2,0,2,2,0,1,0,0,0,2,1,3,0,1,3,0,0,0,0,1,0,0,0,0,0,0,0,0,1,0,0,0,2,1,0,1,0,1,0,1,0,0,0,1,0,0,0,2,0,0,0,0,0,0,1,0,4,2,0,1,0,0,0,0,1,0,0,0,0,2,0,0,0,1,0,0,0,0,0,1,0,0,0,0,0,0,0,0,0,0,0,0,0,0,0,0,0,0,0,0
"Seguridad","Veracruz de Ignacio de la Llave","Falsificación",NA,18,12,28,24,11,20,11,16,25,25,18,9,14,19,24,35,35,23,21,21,13,13,17,11,32,27,20,19,26,49,39,35,27,35,29,8,21,30,24,24,31,21,30,29,36,47,46,43,30,27,48,94,56,72,46,34,44,68,45,37,27,86,56,25,21,17,17,20,33,26,23,35,28,32,44,29,33,40,37,31,42,47,33,34,21,37,49,36,36,36,39,38,34,40,34,31,18,39,33,28,49,58,41,34,51,23,54,23,31,41,33,29,47,51,39,29,36,34,31,32,29,31,28,28,40,34,0,0,0,0,0,0
"Seguridad","Yucatán","Falsificación",NA,10,10,11,16,8,7,6,10,5,10,10,9,14,12,11,7,10,12,9,20,11,18,9,11,8,10,19,15,11,14,4,6,8,7,1,3,2,8,0,10,6,13,8,6,3,8,3,4,1,2,3,5,1,5,4,7,5,9,15,6,2,3,1,2,0,2,3,2,6,4,3,5,4,0,2,0,4,3,0,0,0,3,1,0,0,0,0,0,1,0,0,0,1,1,1,1,1,0,0,0,0,3,0,0,0,1,1,1,1,0,0,0,0,0,0,0,1,0,1,1,0,2,2,0,0,1,0,0,0,0,0,0
"Seguridad","Zacatecas","Falsificación",NA,10,9,14,6,12,14,12,12,5,11,15,4,9,8,8,9,14,9,4,6,16,12,13,11,5,6,19,10,11,8,5,9,5,9,9,5,8,6,9,8,8,9,6,11,6,14,5,3,8,10,10,14,13,11,4,13,9,9,10,15,11,12,5,2,2,5,8,3,3,8,5,5,11,11,10,6,7,7,2,9,7,12,5,8,5,14,7,10,9,19,6,5,10,10,13,8,15,7,11,10,6,9,9,2,13,16,8,2,3,9,16,14,8,8,8,10,11,19,9,5,6,5,10,12,8,9,0,0,0,0,0,0
"Seguridad","Aguascalientes","Feminicidio",NA,0,0,0,0,0,0,0,0,0,0,0,0,0,0,0,0,0,0,0,0,0,0,0,0,0,0,0,0,0,0,0,0,0,0,0,0,0,0,0,1,0,0,0,2,0,0,1,0,0,1,0,0,0,0,1,1,1,0,0,1,1,0,0,0,0,0,0,0,0,1,1,0,2,1,1,1,0,0,1,0,1,1,1,0,2,2,1,0,0,1,0,0,1,2,0,1,0,0,1,0,0,1,0,0,0,0,1,0,1,0,1,0,2,0,0,1,1,0,1,0,0,0,1,0,0,2,0,0,0,0,0,0
"Seguridad","Baja California","Feminicidio",NA,0,0,3,2,0,1,0,2,0,1,0,1,0,0,1,3,0,1,1,0,2,1,2,1,0,0,1,2,1,0,1,0,0,4,1,1,1,2,0,2,0,4,2,2,4,6,0,4,1,1,2,0,5,4,3,1,1,4,0,1,2,6,1,2,4,5,3,2,3,1,1,1,3,1,1,0,1,1,6,3,1,0,2,1,2,4,4,2,1,3,1,1,3,1,2,2,3,2,2,0,2,5,0,1,2,0,1,2,0,4,2,4,5,3,6,4,3,3,1,3,6,1,3,1,5,0,0,0,0,0,0,0
"Seguridad","Baja California Sur","Feminicidio",NA,0,0,0,0,0,0,0,0,0,0,0,0,0,0,0,0,0,0,0,0,0,0,0,0,0,0,0,0,0,0,0,0,0,0,0,0,0,0,0,0,0,0,0,0,0,0,0,0,0,0,0,0,0,0,0,0,0,1,1,0,0,0,0,1,1,0,0,0,0,0,0,2,0,2,0,0,0,2,0,0,0,1,1,1,1,1,0,1,0,0,1,0,1,1,0,0,0,0,1,0,0,0,0,0,1,0,0,0,1,0,0,1,1,0,2,1,1,0,0,1,1,1,0,0,0,1,0,0,0,0,0,0
"Seguridad","Campeche","Feminicidio",NA,1,2,0,0,0,1,0,0,0,0,0,0,1,0,1,0,0,0,0,0,1,0,0,0,1,0,0,0,0,0,0,0,0,0,0,0,0,0,0,0,0,1,3,0,0,1,0,0,0,0,0,0,1,0,0,1,1,0,1,2,1,0,1,0,0,1,0,0,0,0,0,0,0,1,0,2,1,0,1,0,1,0,1,0,1,2,0,0,3,1,2,1,0,0,0,1,0,1,1,1,0,3,1,2,2,0,1,0,1,1,1,1,0,1,0,0,0,0,0,1,0,2,1,1,1,0,0,0,0,0,0,0
"Seguridad","Chiapas","Feminicidio",NA,2,2,0,4,2,4,5,2,2,6,2,5,2,4,9,4,0,2,2,1,2,3,3,0,1,3,0,5,2,3,2,7,1,2,0,3,1,3,3,4,2,1,2,0,2,2,1,0,1,1,4,0,3,1,0,3,3,1,0,3,4,0,3,2,3,2,1,1,2,1,4,5,4,5,3,3,9,4,3,3,4,2,2,4,4,3,1,4,2,6,2,5,5,6,4,2,1,5,4,2,6,3,2,1,1,2,7,1,2,2,4,1,4,0,2,2,3,1,7,4,0,1,4,4,1,3,0,0,0,0,0,0
"Seguridad","Chihuahua","Feminicidio",NA,0,0,0,0,0,0,0,0,0,0,0,0,0,0,0,0,0,0,0,0,0,0,0,0,0,0,0,0,0,0,0,0,0,0,8,3,4,4,6,1,4,7,2,6,2,3,3,2,5,2,2,4,6,5,2,1,1,0,2,0,1,2,1,3,2,8,3,3,5,1,1,0,6,1,3,3,4,5,2,10,2,4,2,2,3,4,5,5,4,4,4,3,3,2,3,3,3,2,5,5,3,6,2,5,3,4,3,6,5,2,5,7,1,4,4,2,8,3,2,4,3,2,3,3,8,2,0,0,0,0,0,0
"Seguridad","Ciudad de México","Feminicidio",NA,4,2,4,10,6,5,2,8,8,1,2,4,4,3,9,3,9,4,3,0,5,2,1,3,5,4,3,2,2,9,2,3,1,2,1,3,5,3,5,5,5,2,6,1,5,3,3,4,3,3,4,5,2,9,5,5,14,5,8,9,4,8,7,7,7,7,7,6,8,7,4,6,1,6,14,5,7,5,5,8,4,5,4,4,6,5,3,4,6,8,8,5,7,7,11,5,7,6,5,3,4,7,5,5,3,5,4,5,8,7,5,3,3,9,5,7,5,7,5,4,2,3,2,4,3,3,0,0,0,0,0,0
"Seguridad","Coahuila de Zaragoza","Feminicidio",NA,1,1,1,2,0,2,0,1,1,4,0,3,4,0,1,2,2,2,0,0,0,0,1,1,0,3,1,1,0,0,1,0,2,0,1,0,1,0,0,0,1,1,0,1,1,2,3,3,1,3,4,1,3,4,1,2,2,0,2,1,1,3,2,2,1,4,1,1,3,4,1,1,2,2,0,2,0,2,1,6,0,2,3,2,2,2,2,1,4,3,0,3,1,3,2,0,0,1,1,1,1,1,3,0,1,0,1,1,0,1,3,1,3,3,2,2,1,1,2,1,1,1,0,0,2,2,0,0,0,0,0,0
"Seguridad","Colima","Feminicidio",NA,0,0,0,0,0,0,2,0,1,0,0,2,2,2,5,3,4,4,1,1,0,0,0,0,0,0,1,0,0,0,1,0,0,0,1,1,0,1,2,2,2,0,1,0,0,1,2,1,0,1,0,0,0,2,0,1,1,1,1,3,0,2,1,1,1,0,1,0,1,0,0,0,1,0,0,1,1,0,0,0,0,0,1,0,2,0,1,2,2,3,2,2,1,0,2,1,2,0,2,2,1,2,2,2,2,1,2,3,1,1,0,0,2,0,0,1,0,0,1,0,0,2,1,0,0,0,0,0,0,0,0,0
"Seguridad","Durango","Feminicidio",NA,0,1,0,0,0,0,0,0,0,1,0,0,0,0,0,0,0,1,0,0,1,0,0,0,2,0,0,0,1,2,0,2,0,1,1,0,0,1,0,0,0,0,0,1,1,1,0,0,0,1,0,1,1,2,0,2,1,1,1,0,2,0,2,1,1,0,2,2,0,1,1,0,1,0,2,1,1,1,1,0,1,1,1,0,1,0,2,1,2,2,2,1,0,4,2,1,1,2,1,0,0,0,1,0,1,0,3,1,1,0,2,0,3,0,2,0,2,0,1,0,0,1,0,1,1,1,0,0,0,0,0,0
"Seguridad","Guanajuato","Feminicidio",NA,1,0,1,2,2,1,2,1,3,2,1,0,1,1,0,1,1,1,1,0,2,1,2,3,1,1,2,0,0,2,2,2,0,2,0,0,2,5,1,0,1,1,2,1,0,4,3,1,0,4,0,1,0,0,3,1,2,1,3,3,4,1,2,1,0,1,1,1,3,2,2,1,3,2,4,1,6,2,2,5,3,1,0,1,2,1,2,2,1,4,0,2,1,2,3,1,0,1,2,1,2,0,2,5,1,5,3,4,1,0,4,2,3,1,0,1,0,2,0,1,0,4,2,0,1,0,0,0,0,0,0,0
"Seguridad","Guerrero","Feminicidio",NA,0,1,0,0,0,0,0,0,0,0,0,0,2,0,1,2,4,0,2,4,1,2,2,1,1,1,1,2,3,2,2,1,2,2,2,2,4,3,3,2,1,4,3,2,4,2,2,3,0,1,4,1,2,2,4,0,0,1,1,2,0,3,3,2,0,1,1,0,0,2,0,1,2,1,1,1,1,1,0,2,0,4,3,1,1,0,1,2,0,0,1,1,2,3,1,0,1,3,0,2,0,0,1,0,3,1,4,0,0,3,4,0,2,2,2,2,2,2,2,1,2,0,2,1,0,3,0,0,0,0,0,0
"Seguridad","Hidalgo","Feminicidio",NA,0,0,0,0,0,0,0,0,0,0,0,0,0,2,2,2,3,4,2,2,1,0,3,1,2,2,1,4,0,1,2,1,0,3,4,2,2,1,1,3,3,3,3,0,2,1,1,0,3,0,1,4,1,2,2,1,1,2,1,2,1,3,2,0,4,1,1,3,1,1,0,2,2,1,5,2,1,1,0,1,3,1,3,1,1,3,0,1,0,2,1,2,2,0,3,4,3,1,2,1,1,0,4,3,3,1,0,1,1,0,1,2,1,3,3,0,3,2,1,3,3,1,2,2,1,1,0,0,0,0,0,0
"Seguridad","Jalisco","Feminicidio",NA,4,5,8,2,2,5,5,5,6,8,7,5,2,7,6,6,3,2,4,3,5,3,2,5,1,0,1,3,3,0,4,2,2,4,1,6,5,5,3,4,2,2,3,0,2,0,2,5,5,7,5,3,4,4,6,7,4,6,5,9,4,3,6,8,6,4,2,4,5,9,6,13,4,7,8,9,14,9,2,6,2,5,5,6,5,3,3,2,3,4,0,3,3,7,2,6,5,4,0,3,2,8,3,1,2,3,5,1,1,2,3,3,6,1,4,3,5,2,2,3,2,1,4,0,3,3,0,0,0,0,0,0
"Seguridad","Michoacán de Ocampo","Feminicidio",NA,0,0,0,1,0,1,1,0,3,3,2,1,1,0,3,1,2,2,3,2,2,2,6,2,3,5,4,1,4,2,2,3,1,0,0,4,4,1,4,1,0,2,0,2,4,1,0,2,0,2,1,1,0,0,3,0,0,4,2,1,0,1,5,1,1,1,2,2,1,1,3,3,1,2,3,1,2,5,3,3,2,1,1,4,4,4,1,5,2,3,3,1,7,4,4,5,1,2,3,1,3,1,0,0,0,1,2,2,2,0,5,1,0,0,0,4,0,1,1,0,3,2,1,2,2,5,0,0,0,0,0,0
"Seguridad","Morelos","Feminicidio",NA,1,1,1,1,0,0,1,2,1,2,3,2,0,1,2,3,1,7,3,5,1,1,4,2,5,2,2,4,4,6,3,0,0,1,0,0,1,2,1,4,1,3,2,1,3,2,2,6,0,5,3,2,3,3,2,3,6,3,4,5,4,3,2,4,3,4,5,2,1,1,3,3,5,2,5,3,3,3,0,0,1,0,1,0,1,3,6,6,3,3,0,2,2,1,3,2,2,4,2,9,3,4,4,5,4,2,3,3,2,5,5,6,6,6,7,4,2,5,0,2,4,2,2,4,3,3,0,0,0,0,0,0
"Seguridad","México","Feminicidio",NA,8,5,5,3,5,4,4,9,6,7,2,2,3,4,8,6,5,9,4,6,4,4,2,2,4,13,6,7,4,5,9,4,3,4,6,5,6,5,2,7,11,10,16,11,5,14,14,14,9,7,6,7,10,5,13,11,13,11,14,15,5,14,12,6,12,14,19,17,9,14,15,14,11,15,11,14,11,6,12,19,13,8,12,13,14,9,17,11,12,15,8,9,8,19,9,7,7,11,7,11,6,9,4,9,8,8,6,3,10,7,6,2,3,5,5,5,9,7,7,7,7,4,7,5,5,4,0,0,0,0,0,0
"Seguridad","Nayarit","Feminicidio",NA,0,0,0,0,0,0,0,0,0,0,0,0,0,0,0,0,0,0,0,0,0,0,0,0,0,0,0,0,0,1,1,0,1,1,1,0,0,0,1,1,0,1,0,0,0,0,0,1,1,1,0,1,0,0,0,0,0,1,0,1,1,1,0,1,2,2,1,1,1,1,1,0,0,1,1,0,0,0,0,2,1,0,1,1,0,0,0,0,1,0,1,0,0,0,0,0,2,0,2,0,0,0,0,0,1,1,0,0,1,1,2,0,0,0,1,3,1,1,1,0,1,0,6,0,0,0,0,0,0,0,0,0
"Seguridad","Nuevo León","Feminicidio",NA,0,0,0,0,0,1,0,0,0,0,0,0,0,0,0,0,1,1,0,0,0,0,0,1,0,0,1,0,2,6,6,4,8,4,8,4,7,5,6,5,4,3,7,6,15,9,7,5,7,5,2,6,2,2,8,14,7,5,3,6,8,7,5,4,6,5,4,3,8,7,5,5,2,5,3,4,6,1,4,10,7,9,6,9,5,7,7,13,14,10,6,10,11,2,7,10,4,5,8,7,7,7,4,8,4,5,5,9,6,2,8,8,9,5,6,3,3,5,4,1,1,0,3,1,1,1,0,0,0,0,0,0
"Seguridad","Oaxaca","Feminicidio",NA,0,1,0,0,0,0,0,4,0,0,3,0,7,7,8,7,4,7,6,6,6,0,5,4,4,4,4,7,6,5,4,9,7,4,2,1,2,1,4,0,1,5,1,4,4,1,3,3,4,2,1,1,4,3,3,2,3,2,2,1,2,2,2,4,2,5,3,3,1,1,7,4,2,3,7,1,3,4,7,3,2,3,5,3,5,6,4,1,4,4,1,4,4,5,1,1,10,5,5,2,4,4,3,0,1,1,2,2,2,1,1,2,3,0,0,0,3,3,3,2,1,0,1,3,2,0,0,0,0,0,0,0
"Seguridad","Puebla","Feminicidio",NA,1,0,0,1,0,0,1,0,0,1,1,1,1,3,0,2,2,0,0,0,3,0,0,1,3,1,3,3,4,4,4,2,2,0,1,0,1,2,2,2,2,2,2,2,4,7,4,2,8,0,7,3,6,4,7,4,5,5,6,2,7,10,5,3,3,7,3,1,1,4,6,2,1,2,8,6,4,3,4,0,1,2,2,4,2,3,1,1,2,3,2,0,3,2,0,1,1,2,5,2,2,5,5,2,0,6,2,3,2,3,5,3,7,5,6,1,7,0,2,1,5,1,2,1,5,1,0,0,0,0,0,0
"Seguridad","Querétaro","Feminicidio",NA,2,1,0,1,0,0,1,0,2,1,0,0,0,0,0,0,0,0,0,1,0,0,0,0,0,0,0,0,0,0,0,1,0,0,0,0,0,0,0,0,0,0,1,2,0,2,1,1,0,0,1,2,1,2,0,2,1,0,1,0,1,0,1,0,0,0,0,2,1,4,2,0,1,0,1,1,2,1,1,0,0,0,2,0,0,1,0,1,2,0,3,0,2,2,0,1,1,0,2,0,1,0,2,1,1,1,0,0,0,1,0,1,1,1,0,0,0,0,0,0,3,2,1,0,2,0,0,0,0,0,0,0
"Seguridad","Quintana Roo","Feminicidio",NA,0,0,0,0,0,0,0,0,0,0,0,0,0,0,0,0,0,0,0,0,0,0,0,0,0,0,1,0,0,0,0,1,0,2,0,0,2,0,0,0,0,0,1,0,2,0,0,3,0,1,1,1,2,0,1,4,2,1,2,1,0,2,1,2,1,1,0,1,1,2,2,2,2,0,2,2,4,4,1,4,1,0,2,3,0,2,0,2,1,3,0,1,1,1,1,2,1,3,1,1,1,0,2,3,1,1,2,1,0,0,1,1,2,0,0,2,2,2,0,2,0,3,2,1,1,2,0,0,0,0,0,0
"Seguridad","San Luis Potosí","Feminicidio",NA,0,0,1,0,4,1,0,0,1,0,0,0,0,0,1,0,0,0,0,0,1,2,2,2,3,0,3,1,1,4,0,0,0,1,2,3,3,3,1,4,1,2,3,3,2,3,2,0,2,2,2,1,2,3,1,3,0,3,3,6,3,3,3,2,1,3,2,2,2,1,2,3,4,2,2,1,3,2,2,1,2,1,1,3,0,1,1,2,0,0,0,1,1,0,3,3,0,3,2,2,1,1,1,0,0,2,0,0,0,0,1,1,2,2,1,1,1,1,1,2,1,1,0,0,0,0,0,0,0,0,0,0
"Seguridad","Sinaloa","Feminicidio",NA,2,2,2,1,3,0,0,1,0,2,0,1,0,3,0,1,1,0,1,7,7,11,4,4,5,7,9,3,10,5,9,9,7,6,8,4,3,4,4,3,5,2,8,4,0,3,2,10,4,2,1,3,3,4,6,4,5,0,2,3,6,2,0,3,0,2,2,1,4,0,3,3,4,3,2,1,3,9,2,5,2,6,0,3,2,2,1,1,1,1,3,2,2,1,1,3,2,1,2,3,2,4,2,3,0,6,3,1,1,3,1,1,1,1,4,1,1,6,1,5,0,5,2,6,2,5,0,0,0,0,0,0
"Seguridad","Sonora","Feminicidio",NA,2,3,2,0,1,1,5,1,2,2,2,3,0,1,2,3,1,2,2,2,2,4,5,6,2,4,1,3,4,6,3,1,4,2,2,0,2,3,1,2,5,0,1,1,4,4,2,6,3,5,6,2,4,2,2,2,2,2,3,4,2,2,0,4,1,1,1,2,3,5,5,4,4,0,7,2,7,2,5,3,2,1,2,7,1,2,2,1,3,6,4,2,2,3,3,6,4,1,3,0,1,4,2,4,0,2,3,6,4,4,0,2,4,2,1,1,2,2,1,2,2,1,0,1,0,2,0,0,0,0,0,0
"Seguridad","Tabasco","Feminicidio",NA,0,0,1,1,0,0,0,0,0,0,2,4,2,4,4,0,4,1,1,0,2,2,5,2,1,1,1,5,5,1,1,2,3,4,1,3,3,2,2,5,3,4,4,1,4,4,2,6,2,2,4,2,3,2,3,2,1,2,3,1,2,2,0,2,0,1,2,2,2,0,2,0,0,0,1,0,2,3,1,1,0,3,2,2,5,2,1,0,0,0,1,4,1,1,0,2,2,2,3,0,0,1,2,2,1,1,3,1,1,4,2,2,1,3,1,1,3,2,4,4,3,0,3,2,3,5,0,0,0,0,0,0
"Seguridad","Tamaulipas","Feminicidio",NA,0,0,0,0,0,0,0,0,0,0,0,0,0,0,1,0,0,0,0,0,0,0,0,0,0,0,0,0,1,1,2,0,2,0,0,0,1,0,2,3,0,1,1,0,2,1,1,1,0,0,1,1,3,0,1,1,3,2,2,2,3,0,0,1,0,1,0,0,4,0,0,2,0,0,1,1,1,0,0,0,1,0,1,0,1,2,1,1,4,1,1,1,2,1,3,1,0,1,1,1,1,5,1,1,1,2,2,1,1,3,0,1,2,4,0,1,1,5,5,3,3,2,2,2,3,4,0,0,0,0,0,0
"Seguridad","Tlaxcala","Feminicidio",NA,0,0,0,0,0,0,0,0,0,0,1,0,0,0,0,0,0,0,0,0,1,0,0,0,0,0,0,0,0,0,0,1,1,0,0,0,0,1,0,1,0,0,1,0,1,1,0,0,0,0,2,1,0,3,0,0,0,1,0,0,0,0,0,0,0,1,0,0,3,2,0,2,2,1,0,2,2,0,0,1,1,0,0,1,0,2,1,0,0,0,2,0,0,0,0,0,0,2,1,0,0,1,2,1,3,0,1,1,0,2,1,1,0,2,0,1,2,2,2,0,1,0,1,0,1,0,0,0,0,0,0,0
"Seguridad","Veracruz de Ignacio de la Llave","Feminicidio",NA,3,3,2,4,3,1,4,4,5,5,2,4,3,4,4,7,0,6,4,5,4,6,9,6,5,10,12,7,10,7,7,12,9,8,5,8,4,8,9,16,8,13,4,10,5,6,3,15,7,6,12,10,4,13,9,13,6,5,6,7,4,10,7,4,4,8,6,9,6,4,6,5,6,8,7,6,3,8,3,7,5,6,4,4,5,9,6,11,6,3,3,6,5,4,2,5,7,4,8,4,6,0,6,3,2,1,2,2,7,2,3,4,9,3,4,6,4,5,4,2,1,1,2,3,2,5,0,0,0,0,0,0
"Seguridad","Yucatán","Feminicidio",NA,0,0,0,0,0,0,0,0,0,0,0,1,0,0,0,0,1,0,0,0,0,0,0,0,0,1,2,0,1,3,0,0,0,1,0,1,1,0,1,0,0,0,0,2,0,1,1,1,0,0,0,1,2,0,0,0,0,0,0,0,1,0,1,0,1,1,0,1,1,0,0,0,0,1,0,0,1,0,1,1,0,0,1,0,1,0,0,0,1,1,0,0,0,0,1,1,1,1,2,0,0,0,2,2,0,0,0,0,0,0,1,1,1,1,0,0,2,1,0,0,0,0,2,1,0,1,0,0,0,0,0,0
"Seguridad","Zacatecas","Feminicidio",NA,0,0,0,0,0,0,0,0,0,0,0,0,0,1,0,0,3,2,1,1,1,2,0,0,0,2,1,1,2,0,2,1,0,1,1,0,4,1,4,1,1,2,5,0,0,0,2,0,1,1,0,1,1,0,1,1,1,2,1,1,0,1,1,1,0,2,0,2,0,1,2,0,0,0,0,3,3,0,0,4,1,0,0,0,1,1,2,1,2,0,1,2,0,2,2,1,1,1,1,0,1,1,3,0,1,2,1,1,0,1,0,2,0,0,0,0,0,2,2,1,0,0,0,0,1,0,0,0,0,0,0,0
"Seguridad","Aguascalientes","Fraude",NA,119,60,104,116,81,110,101,77,80,97,75,67,70,38,35,49,7,35,61,56,61,52,44,49,54,75,67,67,92,145,142,155,131,39,101,87,107,87,134,94,123,96,177,149,112,143,104,91,142,110,130,145,161,155,197,183,171,169,136,111,139,134,133,43,78,131,141,160,168,178,155,147,138,146,212,173,191,204,189,205,226,217,186,218,182,202,218,190,200,260,228,281,232,206,224,215,239,192,287,228,270,270,244,289,216,264,267,249,301,270,253,250,295,220,290,285,236,257,253,214,260,231,255,218,234,231,0,0,0,0,0,0
"Seguridad","Baja California","Fraude",NA,123,113,144,126,166,174,190,215,196,200,185,161,96,118,127,106,147,128,131,140,148,154,109,115,66,69,141,119,86,120,123,167,132,115,120,126,74,81,135,148,161,151,135,157,152,194,136,143,100,119,112,118,147,159,175,179,173,214,154,206,145,146,116,55,69,86,162,159,175,222,209,188,125,154,152,203,204,239,232,222,203,219,215,256,173,157,214,178,251,239,251,227,243,269,274,285,179,191,226,289,284,341,394,396,358,381,332,382,319,273,270,357,326,248,242,264,272,233,187,156,142,141,176,172,188,221,0,0,0,0,0,0
"Seguridad","Baja California Sur","Fraude",NA,69,41,89,37,60,51,46,45,47,48,60,53,54,60,47,48,48,53,100,83,89,84,84,52,60,75,108,57,93,100,56,46,83,90,59,46,75,64,78,72,60,81,79,80,66,87,74,54,74,73,85,92,99,81,114,113,90,88,86,65,104,82,88,45,75,74,74,93,99,84,86,72,72,106,102,99,85,99,92,82,68,104,95,82,70,115,140,98,98,143,109,112,92,125,87,98,75,106,142,121,169,175,174,149,146,150,134,142,158,139,116,144,142,153,181,139,142,141,132,129,149,132,153,191,172,170,0,0,0,0,0,0
"Seguridad","Campeche","Fraude",NA,0,0,0,0,1,0,1,1,0,0,1,1,1,0,1,0,2,0,1,0,0,0,0,1,0,1,3,0,1,0,1,2,0,1,1,0,0,0,2,0,1,0,0,1,2,0,2,0,0,0,0,1,0,1,0,2,1,5,1,0,0,1,2,0,0,1,0,0,0,2,0,0,2,1,0,0,0,0,1,0,0,0,72,66,81,71,96,70,67,82,111,137,97,100,76,86,93,106,83,84,94,106,85,69,46,48,63,69,57,57,52,58,56,55,28,7,5,11,6,8,1,4,7,2,4,8,0,0,0,0,0,0
"Seguridad","Chiapas","Fraude",NA,15,37,29,24,21,20,21,34,23,27,20,22,25,29,25,35,24,27,38,72,58,59,48,48,62,24,36,20,21,39,45,72,43,74,58,51,48,56,58,53,53,51,56,51,49,71,49,42,76,58,69,43,52,50,34,42,26,44,25,40,47,39,35,8,14,4,11,15,11,16,21,17,17,34,31,16,8,27,16,23,17,24,10,19,19,16,17,10,18,22,12,12,19,23,35,16,19,19,25,14,27,37,23,34,16,22,23,21,27,26,15,29,17,26,15,17,24,13,11,28,15,21,16,31,13,11,0,0,0,0,0,0
"Seguridad","Chihuahua","Fraude",NA,220,229,232,243,216,223,252,198,221,196,211,207,170,171,175,160,169,200,269,190,173,161,198,212,205,183,258,209,237,226,200,190,218,217,185,167,226,214,257,236,217,213,232,217,213,229,243,207,270,270,250,271,256,302,281,226,231,249,230,209,226,235,204,178,139,236,254,265,280,259,257,250,251,249,358,278,257,385,341,319,306,288,426,686,416,416,521,580,514,551,858,856,712,798,746,358,364,470,585,388,469,502,480,467,421,476,480,499,853,537,458,506,444,492,526,438,431,536,396,376,436,523,526,453,365,370,0,0,0,0,0,0
"Seguridad","Ciudad de México","Fraude",NA,884,859,1012,928,978,1097,1063,997,987,1067,912,907,950,995,1002,961,1006,1082,965,975,916,905,897,818,896,847,932,846,1164,1099,1051,1044,944,1164,1019,891,1019,946,1047,1018,1222,1131,1310,1263,1160,1331,1120,1248,1149,1179,1351,1286,1292,1309,1391,1469,1316,1419,1300,1255,1238,1145,1295,781,702,945,1182,1237,1370,1582,1452,1469,1282,1200,1619,1507,1561,1654,1802,1663,1560,1553,1720,1817,1562,1646,1848,1686,1819,1737,1846,1935,1740,1860,1909,1905,1851,1819,1941,1926,2115,2193,2165,2229,1926,2029,1883,1814,1856,1842,1982,1965,2023,1659,1923,1925,1585,1802,1758,1621,1542,1484,1579,1634,1781,1815,0,0,0,0,0,0
"Seguridad","Coahuila de Zaragoza","Fraude",NA,98,66,74,89,81,75,81,81,59,108,92,78,69,77,110,97,83,102,89,110,115,99,85,85,74,106,92,69,93,119,71,114,73,97,78,59,50,61,81,80,82,49,55,80,68,67,85,66,51,101,57,71,115,95,82,107,92,92,79,96,82,75,71,38,61,69,164,114,97,126,96,114,75,105,120,138,160,130,146,154,164,147,116,120,110,108,180,139,123,170,107,133,180,142,139,153,108,110,146,112,131,205,130,112,180,98,103,147,148,287,188,235,175,151,189,222,249,281,198,134,189,187,174,214,207,201,0,0,0,0,0,0
"Seguridad","Colima","Fraude",NA,0,5,4,5,2,7,3,5,3,3,3,4,49,55,53,12,6,1,0,0,0,1,0,0,127,98,122,108,152,169,113,152,145,131,130,102,93,117,117,121,116,116,120,135,123,105,97,85,142,141,146,149,122,120,123,117,103,124,117,99,148,116,106,65,92,98,119,120,146,139,106,111,82,103,144,116,128,99,107,102,114,105,122,120,114,68,101,120,96,127,104,99,109,259,201,134,146,291,218,238,257,336,202,221,167,171,193,146,142,141,135,138,128,107,121,146,108,117,94,81,109,102,104,99,123,122,0,0,0,0,0,0
"Seguridad","Durango","Fraude",NA,118,118,118,121,125,230,378,200,183,209,185,109,268,203,119,148,132,194,182,182,286,217,154,142,178,160,233,155,147,162,148,180,230,296,174,133,130,137,218,92,125,154,113,129,110,174,147,80,107,152,125,107,103,162,118,98,172,118,118,95,148,97,90,34,44,37,146,123,177,151,82,113,128,198,166,160,178,163,120,126,162,151,134,132,141,146,127,129,126,141,107,176,136,147,140,132,136,140,130,129,120,150,107,170,135,147,138,130,136,140,130,129,120,128,107,125,107,134,131,78,127,74,164,107,93,111,0,0,0,0,0,0
"Seguridad","Guanajuato","Fraude",NA,189,213,182,190,165,210,211,181,225,201,225,215,198,215,178,213,214,236,173,197,162,163,139,125,158,143,166,122,177,176,170,172,154,189,182,172,166,185,197,186,206,197,223,247,198,243,221,197,226,234,239,250,307,292,298,263,266,253,235,231,242,276,225,139,153,200,247,259,272,301,255,274,233,258,350,310,279,308,331,320,317,332,320,335,313,297,373,288,371,371,345,350,354,391,393,399,380,389,467,420,464,454,416,516,390,456,461,353,475,437,365,408,490,387,493,447,351,488,440,369,477,395,446,449,487,454,0,0,0,0,0,0
"Seguridad","Guerrero","Fraude",NA,69,58,66,47,70,65,76,50,47,62,72,56,60,62,62,52,43,50,40,46,68,53,47,35,42,54,62,56,50,46,64,73,54,56,40,41,48,42,54,59,46,69,74,58,57,68,83,43,64,53,66,42,53,40,50,54,65,53,65,59,64,55,49,31,28,35,35,45,62,60,68,71,51,50,63,57,51,58,74,56,65,68,50,73,58,84,84,71,97,75,79,91,70,81,70,80,76,74,84,90,82,91,76,80,76,82,39,51,62,79,74,73,82,74,82,79,54,62,65,60,69,64,67,64,80,63,0,0,0,0,0,0
"Seguridad","Hidalgo","Fraude",NA,61,143,43,49,72,73,60,94,72,76,88,67,94,105,57,70,114,81,60,90,97,144,165,130,111,124,132,141,139,133,118,232,163,159,171,143,147,125,190,180,117,180,173,201,156,165,136,116,193,158,147,121,169,125,110,110,125,146,111,100,136,180,148,43,13,24,46,97,131,130,120,95,11,20,159,184,187,123,87,78,161,135,153,104,119,93,124,132,114,111,71,142,108,130,129,90,178,126,180,120,144,180,153,178,184,165,271,124,136,126,110,132,134,104,92,119,118,133,112,100,153,151,146,134,193,240,0,0,0,0,0,0
"Seguridad","Jalisco","Fraude",NA,479,521,586,473,438,546,611,553,618,603,618,541,465,537,541,527,584,641,664,607,511,600,581,656,580,552,701,518,655,643,652,737,592,654,587,552,627,564,649,614,673,534,678,713,605,693,610,449,666,697,701,600,624,691,647,674,543,716,591,528,567,620,532,339,380,622,697,776,605,748,636,683,501,548,699,600,573,649,707,736,685,644,929,742,664,647,748,711,851,719,741,791,706,722,700,785,797,721,926,740,894,779,897,897,857,1009,1009,748,1680,1090,913,972,922,919,1130,929,767,928,837,797,963,865,851,845,903,831,0,0,0,0,0,0
"Seguridad","Michoacán de Ocampo","Fraude",NA,42,72,34,38,25,27,45,46,52,36,48,47,48,62,53,38,58,47,45,43,44,56,38,59,47,45,68,62,66,111,116,157,138,143,164,110,89,119,118,144,121,139,127,168,146,137,72,73,153,132,145,115,128,141,152,138,121,152,128,111,152,146,171,95,149,175,192,159,149,259,164,164,153,163,196,206,290,224,203,212,195,194,179,155,154,172,224,175,332,198,175,211,170,187,191,183,187,176,233,177,220,228,222,291,277,290,284,195,211,224,220,221,208,211,207,202,203,231,209,152,200,200,197,178,192,236,0,0,0,0,0,0
"Seguridad","Morelos","Fraude",NA,148,153,143,127,129,156,167,145,178,152,150,132,117,167,163,147,122,149,138,131,133,153,149,110,125,131,158,85,151,158,134,183,136,136,149,123,128,115,135,163,186,167,118,172,160,163,136,108,121,158,137,146,144,155,135,135,139,201,151,90,121,145,123,69,71,92,105,159,153,174,139,170,107,134,157,143,140,171,166,198,147,151,158,129,116,132,176,168,172,183,144,157,138,178,170,141,134,158,225,171,162,157,158,216,191,206,200,139,194,145,151,215,157,180,172,221,142,232,195,188,162,180,180,189,209,236,0,0,0,0,0,0
"Seguridad","México","Fraude",NA,480,458,486,404,428,425,399,418,408,470,379,387,310,408,426,413,398,362,435,402,391,417,362,369,385,384,438,355,459,443,478,520,460,560,488,412,388,469,494,554,575,528,492,575,474,532,515,412,419,461,599,544,639,878,863,969,822,939,836,661,817,832,764,805,650,898,1109,1181,1176,1202,1000,972,854,1064,1265,1158,1196,1213,1210,1219,1269,1312,1224,1157,1032,1029,1073,1092,1213,1236,1075,1193,1123,1175,1137,1175,1184,1162,1363,1129,1164,1381,1283,1607,1383,1682,1544,1239,1627,1529,1438,1496,1433,1529,1616,1704,1407,1587,1354,1033,1523,1326,1496,1219,1216,1203,0,0,0,0,0,0
"Seguridad","Nayarit","Fraude",NA,36,59,54,38,55,58,41,54,41,51,35,19,21,20,25,13,24,27,17,40,39,30,21,5,16,31,18,12,12,10,8,7,3,7,4,2,6,11,4,5,9,13,2,12,7,14,7,7,5,9,11,16,22,13,9,14,12,23,19,20,23,22,10,9,23,13,7,6,6,8,28,16,11,12,10,11,10,11,10,16,13,40,11,4,9,18,17,23,55,16,17,22,31,47,29,18,43,28,25,28,22,32,28,39,58,61,53,44,64,61,30,56,55,43,71,50,53,62,44,28,36,48,37,40,42,44,0,0,0,0,0,0
"Seguridad","Nuevo León","Fraude",NA,175,204,227,193,245,223,173,168,246,236,221,191,163,225,255,208,248,251,789,1209,872,358,451,882,279,193,221,211,264,221,226,314,313,503,295,303,269,655,318,271,263,263,246,353,311,508,422,164,284,250,352,230,242,295,259,375,299,447,375,322,272,328,247,124,108,244,200,266,300,421,418,773,241,667,496,336,368,807,367,493,418,475,551,583,460,423,485,409,537,500,499,662,589,548,504,454,439,436,480,378,443,471,432,487,442,494,567,378,463,507,352,528,412,346,421,371,478,466,330,251,255,268,258,233,245,278,0,0,0,0,0,0
"Seguridad","Oaxaca","Fraude",NA,0,39,0,0,43,0,0,38,0,0,30,0,74,130,158,122,142,78,77,84,82,0,59,62,15,9,28,75,22,29,31,27,22,109,87,73,104,105,108,110,105,102,113,123,105,103,93,95,101,91,121,85,139,131,120,159,145,139,120,102,120,144,120,74,90,108,133,136,161,183,147,142,130,167,187,138,148,161,167,153,174,153,157,167,155,164,183,178,174,142,153,150,159,184,159,140,156,128,139,141,166,166,167,172,138,145,148,156,195,177,116,159,119,117,150,167,197,182,117,120,138,131,112,100,86,132,0,0,0,0,0,0
"Seguridad","Puebla","Fraude",NA,341,324,437,357,317,376,340,328,358,390,307,352,303,321,384,581,345,328,42,34,80,114,167,153,179,223,253,245,248,200,185,234,156,190,190,143,172,133,183,172,184,181,184,203,203,292,206,189,168,285,365,378,338,377,379,259,146,174,141,143,166,177,145,113,146,163,227,232,308,371,353,292,301,340,424,343,377,445,408,395,366,441,441,488,377,420,474,422,394,439,365,432,374,363,355,400,332,310,404,404,392,434,407,360,338,423,368,372,508,403,382,289,325,323,412,484,325,340,259,249,388,382,417,392,350,489,0,0,0,0,0,0
"Seguridad","Querétaro","Fraude",NA,115,113,138,114,134,138,134,106,110,124,130,130,104,106,117,141,172,153,153,167,167,132,161,119,157,171,181,159,192,186,152,188,143,195,184,126,143,157,211,156,189,172,189,209,185,182,174,152,189,164,221,207,222,180,257,224,206,210,192,208,241,192,173,123,155,199,245,278,291,309,276,282,254,273,319,274,300,308,294,295,284,309,277,313,290,309,326,312,306,318,306,389,321,370,328,341,408,321,443,338,423,436,350,424,376,437,387,341,415,312,364,423,392,378,435,374,377,355,386,377,395,359,372,357,368,375,0,0,0,0,0,0
"Seguridad","Quintana Roo","Fraude",NA,101,97,110,105,104,170,115,149,128,113,127,110,93,55,72,45,32,47,46,44,40,57,62,83,49,54,80,60,70,69,70,70,108,112,112,112,128,93,97,117,135,122,128,122,96,95,87,87,142,130,166,141,160,184,176,121,125,154,115,127,27,42,35,10,22,35,51,56,39,34,53,43,35,41,46,41,25,30,26,29,25,22,22,21,20,27,26,16,32,17,26,31,31,22,30,15,13,14,19,17,14,16,14,17,11,16,14,16,13,19,27,27,18,22,24,29,17,16,23,21,16,15,22,28,21,33,0,0,0,0,0,0
"Seguridad","San Luis Potosí","Fraude",NA,102,95,117,92,84,94,106,100,102,106,102,77,61,92,67,70,53,74,123,101,135,88,88,59,72,96,87,92,91,109,96,98,88,125,94,69,91,100,94,88,93,104,86,110,115,114,141,111,165,182,190,169,216,196,217,166,181,202,180,153,189,200,147,50,110,147,212,177,177,208,177,167,146,135,204,202,200,203,215,231,219,187,214,241,171,207,233,239,211,226,241,242,232,222,225,209,228,232,267,243,240,183,214,239,212,229,258,198,251,240,211,310,305,256,312,244,313,292,262,234,260,242,255,246,225,248,0,0,0,0,0,0
"Seguridad","Sinaloa","Fraude",NA,68,60,53,26,44,41,45,30,26,23,10,7,69,62,90,82,89,55,39,62,33,32,24,31,35,33,34,24,38,33,22,38,36,40,58,33,44,41,46,40,35,25,33,41,38,87,32,27,35,33,34,36,44,44,43,57,48,52,64,30,36,63,36,14,13,16,35,42,40,55,68,53,61,51,69,69,54,44,49,71,50,51,48,47,58,58,70,70,73,69,59,79,74,82,83,67,74,75,80,59,91,80,49,81,68,74,57,53,77,82,76,110,101,78,65,108,77,97,83,63,96,85,88,85,97,90,0,0,0,0,0,0
"Seguridad","Sonora","Fraude",NA,39,43,74,64,60,61,59,46,71,51,39,42,42,72,57,77,86,98,94,61,77,73,55,60,76,83,90,85,86,121,41,51,63,81,44,42,31,53,31,61,54,45,42,65,70,47,47,24,50,44,51,61,76,70,56,68,104,39,29,63,47,28,46,33,1,5,108,33,55,74,85,69,39,46,99,70,63,72,54,41,44,52,24,18,18,24,30,21,19,34,31,40,30,47,36,30,21,36,46,34,64,39,35,76,43,42,60,26,38,41,21,23,49,39,45,44,55,100,153,82,97,115,126,124,141,128,0,0,0,0,0,0
"Seguridad","Tabasco","Fraude",NA,79,75,76,81,81,84,112,104,94,119,93,56,51,74,70,95,79,101,109,77,96,79,92,66,78,87,97,79,81,87,111,91,85,94,80,77,76,68,86,79,85,70,66,70,76,122,100,66,78,88,89,95,95,94,90,93,89,101,74,60,81,81,71,16,22,67,80,101,103,96,88,94,107,98,128,131,115,106,113,117,105,137,105,90,95,91,117,106,93,132,101,136,87,101,101,128,101,101,111,125,124,117,133,135,116,137,98,113,94,108,99,127,127,111,130,108,113,110,113,89,83,105,120,105,99,145,0,0,0,0,0,0
"Seguridad","Tamaulipas","Fraude",NA,58,60,73,85,80,91,83,67,109,95,92,74,99,92,70,86,110,117,112,152,159,144,139,132,152,104,135,92,115,126,83,129,127,115,138,112,125,122,134,118,120,119,124,134,111,130,122,130,100,117,97,113,139,130,163,141,112,119,93,71,86,87,85,38,66,95,92,106,114,157,115,134,94,89,134,138,148,132,119,140,124,153,139,146,133,145,160,106,135,127,105,139,133,125,149,123,130,146,162,127,165,163,141,206,136,132,159,135,135,159,176,162,138,147,182,135,113,133,151,124,138,203,187,173,160,154,0,0,0,0,0,0
"Seguridad","Tlaxcala","Fraude",NA,13,25,49,36,26,33,26,27,37,39,26,9,18,28,28,10,18,19,23,24,13,0,60,9,14,2,7,6,8,6,3,14,15,7,19,18,17,11,13,16,6,11,10,4,4,8,15,14,11,6,2,10,3,8,11,7,6,5,6,6,12,11,9,3,3,2,2,2,0,6,10,4,4,5,11,11,4,4,0,5,5,7,9,6,3,8,7,1,3,7,1,0,3,2,3,3,4,2,5,1,2,1,0,0,1,1,0,1,0,1,1,0,1,0,1,1,2,2,0,2,2,7,0,1,0,0,0,0,0,0,0,0
"Seguridad","Veracruz de Ignacio de la Llave","Fraude",NA,155,279,274,261,212,287,214,176,236,244,184,80,124,206,149,160,120,134,98,119,117,115,99,91,165,183,203,131,128,208,188,181,153,191,165,116,166,215,153,194,159,176,169,168,169,201,172,127,165,251,330,363,280,303,239,235,336,320,318,250,288,381,327,172,144,205,252,279,359,376,340,300,315,359,418,417,313,363,303,327,340,343,350,323,252,283,399,304,304,315,219,313,318,303,338,272,270,296,380,312,366,381,351,313,378,364,418,303,308,376,357,423,378,395,347,277,232,278,252,235,263,272,276,236,270,293,0,0,0,0,0,0
"Seguridad","Yucatán","Fraude",NA,111,91,250,106,113,98,120,111,126,164,150,122,132,172,174,181,153,186,157,143,119,138,102,85,121,119,87,103,137,124,39,109,54,60,39,42,45,35,44,37,38,44,24,136,51,68,29,28,25,36,48,73,36,42,28,35,46,63,84,43,31,35,22,20,21,44,43,51,43,79,34,56,93,46,85,59,68,26,9,9,19,13,22,16,11,9,5,6,9,9,8,10,5,7,8,6,13,11,11,11,5,16,9,8,8,6,16,20,8,6,5,9,7,6,8,5,3,10,8,11,14,14,8,13,18,18,0,0,0,0,0,0
"Seguridad","Zacatecas","Fraude",NA,53,50,64,77,51,71,48,69,55,73,80,53,68,79,68,56,67,77,58,69,64,84,66,65,54,82,69,62,84,94,64,73,77,71,77,77,70,81,92,92,87,73,82,108,78,92,97,56,66,90,127,75,91,116,98,90,83,101,94,70,106,106,82,34,54,96,89,81,83,117,93,80,97,108,128,91,120,141,82,118,96,115,84,82,107,103,124,118,124,115,110,138,107,105,98,85,123,97,113,81,117,140,137,56,149,127,120,125,160,125,116,125,139,133,143,137,123,144,143,172,148,143,152,130,133,124,0,0,0,0,0,0
"Seguridad","Aguascalientes","Homicidio",NA,22,20,14,21,18,16,16,14,27,16,9,18,16,20,26,19,26,17,23,13,17,15,18,23,22,16,21,16,21,21,15,28,23,24,20,31,20,21,30,23,33,24,30,18,18,19,22,25,28,24,22,25,29,20,15,13,26,23,21,23,15,16,22,21,23,20,23,21,12,14,19,15,11,21,15,22,18,17,15,22,13,25,17,24,15,13,13,22,16,23,18,22,24,19,17,24,22,18,23,18,16,25,23,20,21,14,22,27,20,9,25,25,27,25,32,14,18,18,13,20,22,18,19,15,22,19,0,0,0,0,0,0
"Seguridad","Baja California","Homicidio",NA,75,83,87,94,93,106,113,114,120,110,118,106,118,99,117,108,122,113,127,116,149,130,142,162,155,144,176,183,207,214,213,231,257,230,219,201,252,207,234,261,264,239,309,274,271,295,290,273,271,217,215,217,268,274,314,280,256,261,266,226,226,206,262,243,270,226,281,295,275,248,265,270,275,261,278,291,293,285,300,285,247,229,255,226,247,183,220,256,260,284,290,261,260,272,216,244,210,171,188,220,238,232,233,250,216,228,223,210,210,227,208,216,224,217,220,222,232,198,186,182,207,168,171,139,152,178,0,0,0,0,0,0
"Seguridad","Baja California Sur","Homicidio",NA,20,11,11,22,18,17,17,28,32,9,10,6,11,8,10,14,14,20,15,36,36,33,37,38,52,51,66,21,33,38,48,44,50,116,102,72,47,22,33,25,14,9,10,20,21,11,14,18,18,12,18,18,13,9,8,16,17,18,11,10,11,11,7,6,7,9,10,14,7,13,8,15,12,5,13,10,12,8,6,14,9,6,9,16,10,5,6,8,11,12,4,10,13,12,6,15,11,7,10,11,8,7,8,7,10,4,10,18,8,10,13,15,17,10,12,13,15,12,11,6,9,13,12,15,21,33,0,0,0,0,0,0
"Seguridad","Campeche","Homicidio",NA,13,7,18,10,10,13,2,9,8,10,6,12,19,10,12,15,15,6,14,17,15,13,16,15,14,16,10,15,16,12,8,10,14,7,5,15,9,15,9,9,11,17,17,15,12,13,16,12,9,13,10,14,13,7,11,14,11,17,8,7,8,14,17,4,9,6,12,9,10,11,9,13,10,17,13,14,15,11,14,20,14,8,16,20,14,13,17,10,26,17,17,7,16,16,32,18,22,8,27,20,25,17,10,16,16,20,16,19,17,11,16,20,21,11,10,24,9,19,21,18,11,21,26,18,19,8,0,0,0,0,0,0
"Seguridad","Chiapas","Homicidio",NA,124,149,145,162,134,116,122,128,115,132,107,118,123,95,137,118,126,115,122,140,103,133,118,150,143,126,134,141,92,111,116,100,106,83,92,109,94,112,117,116,110,99,112,100,107,100,116,96,90,84,98,108,109,103,104,90,104,80,100,116,100,85,92,84,78,70,92,111,85,86,94,88,101,76,115,121,108,102,94,80,83,104,101,81,85,93,114,107,89,84,96,91,83,87,98,95,113,89,121,125,109,93,99,120,88,118,102,100,112,123,144,136,138,133,110,121,88,109,99,113,112,72,99,103,108,84,0,0,0,0,0,0
"Seguridad","Chihuahua","Homicidio",NA,113,113,112,82,111,130,118,127,91,89,99,101,98,85,111,114,125,125,135,152,148,180,136,138,149,166,145,127,179,205,148,147,153,164,148,177,143,128,144,134,218,232,242,234,167,123,163,161,185,171,195,198,238,224,229,203,212,209,228,171,180,203,255,243,220,247,225,269,185,216,166,158,182,181,201,192,233,211,227,220,175,188,181,197,142,144,138,142,187,202,213,207,193,199,146,153,172,166,182,142,210,161,170,185,192,161,164,169,188,138,152,151,188,183,172,169,165,170,161,163,147,127,178,137,150,160,0,0,0,0,0,0
"Seguridad","Ciudad de México","Homicidio",NA,101,148,130,130,161,127,139,133,120,130,136,130,114,136,121,120,118,108,118,134,159,134,141,191,165,143,136,147,178,156,152,146,141,152,141,159,117,173,180,185,156,182,154,151,142,168,162,209,172,159,217,166,202,151,166,146,146,148,157,167,159,145,171,162,148,145,137,129,125,154,131,155,155,140,137,125,147,102,131,114,119,113,132,122,109,89,111,112,120,108,141,127,126,137,135,122,110,108,126,120,113,124,123,119,103,126,143,152,133,144,146,137,156,136,122,122,141,133,142,152,104,110,135,131,120,133,0,0,0,0,0,0
"Seguridad","Coahuila de Zaragoza","Homicidio",NA,83,38,49,40,47,33,47,39,36,32,34,57,39,30,41,37,54,41,45,32,37,39,35,46,34,40,50,41,45,51,51,27,32,30,44,31,44,27,44,45,45,36,40,39,44,33,46,36,41,44,38,31,40,30,39,41,38,46,28,33,47,26,39,28,22,34,40,32,28,36,36,22,34,17,28,38,26,34,34,28,35,26,28,33,22,27,31,36,29,36,44,29,35,29,29,45,33,40,31,28,37,40,38,37,30,28,29,36,32,31,42,25,33,34,27,34,39,34,32,36,14,19,29,29,19,31,0,0,0,0,0,0
"Seguridad","Colima","Homicidio",NA,12,11,14,12,18,17,13,17,23,24,30,31,36,42,56,58,47,40,54,48,47,50,55,64,75,41,54,43,58,87,94,66,52,71,65,83,62,60,62,55,57,63,55,63,58,77,59,55,72,57,58,60,64,58,69,69,75,60,71,67,64,65,55,64,60,51,48,33,50,56,58,53,65,56,54,49,51,53,58,49,47,47,40,51,48,70,95,84,88,62,59,76,86,86,68,79,73,53,75,81,95,66,80,89,85,74,86,79,65,48,61,98,88,82,72,65,75,75,91,57,66,43,69,58,59,65,0,0,0,0,0,0
"Seguridad","Durango","Homicidio",NA,40,44,42,44,53,44,41,33,33,39,36,45,23,33,46,23,46,48,45,44,42,37,33,44,27,38,30,45,40,36,31,42,32,32,48,40,28,28,38,15,75,34,40,37,19,24,31,39,20,30,25,37,38,26,40,35,24,34,24,32,18,33,32,26,23,21,30,36,26,25,21,23,22,31,35,31,42,27,33,36,26,28,28,30,24,20,28,26,35,39,25,29,22,36,35,26,26,21,23,22,32,23,26,26,29,14,22,27,22,23,19,20,24,25,27,31,19,24,21,29,16,28,19,19,24,22,0,0,0,0,0,0
"Seguridad","Guanajuato","Homicidio",NA,205,167,172,194,208,181,199,227,212,221,206,206,200,212,193,185,232,220,230,214,229,219,204,234,260,228,292,266,286,274,271,282,253,323,305,326,323,283,382,361,392,335,349,369,414,376,328,386,366,382,407,395,403,352,319,341,362,366,385,416,443,400,444,399,403,392,418,392,431,430,408,380,350,283,340,335,319,269,325,278,281,307,281,305,271,241,317,261,320,294,297,270,299,335,298,310,308,288,327,287,319,350,300,283,326,284,283,285,329,269,317,325,304,311,304,293,308,359,290,363,403,403,365,261,236,247,0,0,0,0,0,0
"Seguridad","Guerrero","Homicidio",NA,190,183,207,251,248,183,243,263,217,237,239,260,228,224,247,226,233,260,286,258,207,212,259,204,219,209,255,236,269,255,239,227,226,242,236,255,250,199,250,245,238,232,241,215,236,198,204,208,172,171,159,156,180,179,189,181,131,159,179,176,127,102,136,133,113,96,96,121,124,148,136,137,117,124,133,119,155,140,133,120,130,134,138,103,115,123,122,143,127,151,155,106,154,137,117,124,156,149,144,158,152,148,165,168,163,135,154,130,145,159,131,160,148,170,178,179,114,175,133,108,128,109,130,165,138,116,0,0,0,0,0,0
"Seguridad","Hidalgo","Homicidio",NA,50,55,47,43,49,38,45,69,87,62,58,48,75,41,71,55,58,33,58,62,46,55,51,48,91,62,63,66,62,47,35,71,45,52,57,49,63,67,80,39,68,30,43,76,68,69,61,69,77,61,59,58,55,60,46,54,44,52,29,51,48,41,55,41,37,42,53,57,35,46,36,48,43,43,60,41,41,37,39,49,45,37,50,45,44,45,47,45,55,55,57,44,42,38,39,34,35,38,28,32,25,40,29,32,27,37,29,27,24,28,43,38,46,49,37,27,42,34,38,22,34,35,38,41,23,29,0,0,0,0,0,0
"Seguridad","Jalisco","Homicidio",NA,150,133,120,141,128,130,153,131,145,169,172,164,149,151,173,146,194,160,178,179,185,169,161,182,195,155,178,178,175,164,153,179,156,186,193,197,190,203,255,226,236,206,212,236,245,249,257,247,254,262,218,224,213,238,233,211,217,219,232,230,229,198,253,216,210,212,217,219,213,205,207,247,246,252,239,232,275,212,197,200,222,228,192,239,217,206,215,197,227,224,227,208,224,265,219,219,247,173,223,212,242,220,196,162,223,209,174,214,227,161,223,212,207,217,213,183,184,191,185,208,167,155,195,188,194,165,0,0,0,0,0,0
"Seguridad","Michoacán de Ocampo","Homicidio",NA,186,158,145,157,165,168,192,188,140,173,156,213,153,163,179,190,200,189,219,226,215,205,192,224,206,209,188,200,182,166,162,150,163,181,213,226,182,191,178,186,175,154,202,180,212,233,169,214,195,208,195,186,210,234,190,229,255,249,249,286,250,254,284,264,236,206,206,230,211,262,251,267,248,236,289,300,267,225,266,265,259,279,269,334,304,295,296,285,271,225,216,207,211,239,229,256,198,227,229,205,209,236,237,199,216,207,230,287,244,212,226,233,222,221,181,170,172,207,211,220,228,192,215,199,223,210,0,0,0,0,0,0
"Seguridad","Morelos","Homicidio",NA,84,85,94,60,79,65,71,76,72,47,56,62,54,55,57,53,80,79,66,80,72,72,78,87,76,66,76,76,69,62,62,62,74,61,61,83,87,90,76,81,79,63,96,70,87,94,84,93,90,109,114,91,88,100,84,96,100,103,104,83,89,91,90,98,81,81,74,87,79,95,80,88,94,76,107,135,132,117,108,95,100,124,117,118,96,93,113,138,128,82,111,101,106,139,119,124,121,116,143,122,126,106,130,163,132,139,148,148,141,158,144,183,137,130,120,115,113,127,132,127,148,116,117,118,105,90,0,0,0,0,0,0
"Seguridad","México","Homicidio",NA,356,256,279,267,264,238,201,240,254,232,239,271,253,224,249,243,277,248,181,208,233,275,234,274,262,239,262,277,282,253,236,247,286,310,277,317,278,241,241,241,272,259,278,261,302,299,302,365,292,278,328,298,301,279,294,279,271,257,290,305,259,259,333,315,273,288,286,306,295,329,330,302,286,303,310,311,336,265,295,295,307,341,313,356,320,274,354,295,332,298,312,303,361,338,305,330,328,315,309,335,300,323,315,283,329,298,306,313,318,291,328,315,351,296,288,262,291,264,282,276,245,231,269,245,244,208,0,0,0,0,0,0
"Seguridad","Nayarit","Homicidio",NA,8,11,14,17,12,15,13,18,10,10,11,8,8,8,8,5,7,4,8,10,5,12,6,3,5,11,9,9,11,17,15,25,39,42,54,52,49,33,50,44,45,36,39,31,40,30,23,26,23,17,15,15,32,24,26,22,25,25,23,23,28,22,18,19,24,22,21,27,25,38,32,32,35,26,38,46,23,34,22,34,28,29,33,27,24,25,29,36,29,30,23,30,26,27,34,39,37,18,30,31,29,31,35,40,30,25,24,36,28,30,28,31,34,39,26,33,23,34,43,37,34,32,37,34,29,35,0,0,0,0,0,0
"Seguridad","Nuevo León","Homicidio",NA,66,67,80,77,83,85,83,82,101,95,73,96,92,126,91,92,98,81,123,93,104,105,83,83,87,87,110,94,108,112,77,81,77,101,89,76,76,93,84,118,102,75,119,109,112,124,131,141,143,144,107,107,125,120,123,125,118,118,93,131,113,114,127,118,109,125,96,123,101,106,124,91,124,102,137,130,144,168,149,164,168,156,90,156,140,135,126,151,184,185,182,216,175,174,123,146,168,139,147,165,159,164,160,168,173,160,179,162,155,160,137,161,229,206,207,212,196,172,149,127,136,111,137,139,104,103,0,0,0,0,0,0
"Seguridad","Oaxaca","Homicidio",NA,0,105,0,0,129,0,0,79,0,0,103,0,116,100,132,144,136,132,152,148,137,0,182,162,111,109,115,189,139,138,150,149,148,132,141,141,121,148,161,167,173,142,121,137,143,132,156,142,148,132,139,158,168,146,170,174,129,169,139,181,172,131,172,150,139,105,108,148,112,130,146,138,122,135,172,150,142,130,156,142,128,161,126,157,135,113,139,162,183,140,146,192,146,183,155,179,169,177,182,173,173,200,159,181,163,165,162,158,154,166,184,200,223,195,201,186,190,185,168,151,170,141,193,185,172,132,0,0,0,0,0,0
"Seguridad","Puebla","Homicidio",NA,90,85,103,109,98,108,93,115,99,122,100,84,88,107,101,136,129,103,106,96,106,93,65,76,94,103,141,136,162,124,153,133,150,135,177,139,148,150,164,182,179,163,151,169,160,154,179,184,131,176,178,138,160,128,138,110,124,136,114,131,116,101,121,119,98,90,106,103,92,111,99,110,86,86,109,105,95,75,108,87,92,99,101,128,87,127,123,125,129,95,115,119,106,115,109,119,108,82,93,99,114,132,92,101,111,82,111,103,86,93,160,176,193,165,141,161,188,164,150,170,138,138,154,158,167,115,0,0,0,0,0,0
"Seguridad","Querétaro","Homicidio",NA,32,38,36,31,41,35,36,33,40,38,45,42,34,32,42,36,47,30,40,30,33,31,33,33,32,39,32,51,36,47,34,47,46,42,23,42,44,30,45,39,39,50,43,39,44,25,49,43,38,48,51,40,43,31,40,43,47,30,46,46,36,38,49,35,44,32,40,41,32,49,37,32,39,37,43,43,55,39,39,37,47,41,56,56,45,37,23,49,44,35,47,36,39,43,49,51,38,30,45,54,47,56,44,43,37,49,38,57,31,44,49,48,45,43,46,47,42,47,55,51,34,37,42,48,36,42,0,0,0,0,0,0
"Seguridad","Quintana Roo","Homicidio",NA,38,38,43,59,44,46,49,51,51,58,55,39,22,24,16,17,20,20,21,33,26,33,30,16,29,25,38,30,36,38,47,44,44,59,53,54,56,46,58,75,75,71,123,94,93,70,78,97,130,114,137,136,110,122,133,138,129,114,116,121,123,131,143,98,94,101,129,112,127,106,113,87,104,117,119,138,137,118,117,128,131,133,119,133,104,112,122,144,135,125,131,120,123,110,126,120,131,128,146,127,134,143,132,136,126,131,124,138,120,112,134,126,157,117,142,122,115,119,102,121,94,91,108,104,112,98,0,0,0,0,0,0
"Seguridad","San Luis Potosí","Homicidio",NA,33,22,33,27,34,41,35,26,30,34,35,42,26,23,18,30,48,57,41,51,47,67,46,46,60,52,53,57,58,64,61,63,61,73,49,61,55,70,98,78,103,77,71,74,64,70,69,70,62,66,96,70,62,70,67,75,77,60,75,73,63,71,83,69,85,89,99,96,75,82,76,79,80,73,102,73,81,82,66,66,59,56,45,70,60,83,68,63,81,68,53,64,52,56,53,59,61,58,63,64,68,69,68,77,62,57,44,49,42,74,70,53,70,63,44,45,47,66,66,56,51,50,53,42,43,48,0,0,0,0,0,0
"Seguridad","Sinaloa","Homicidio",NA,97,118,108,126,137,104,112,123,109,123,120,127,127,123,90,120,129,132,106,148,127,140,135,139,150,142,163,173,189,172,159,146,123,137,130,155,129,112,152,154,130,160,139,128,124,144,117,119,110,112,91,124,128,108,117,119,124,111,121,142,100,117,120,97,90,125,127,114,117,123,104,79,118,94,100,83,132,90,111,91,98,116,100,95,93,75,116,81,102,94,97,96,94,79,77,102,101,77,109,97,103,101,103,104,100,70,74,111,108,93,97,88,104,98,93,82,144,187,164,161,151,151,156,150,188,200,0,0,0,0,0,0
"Seguridad","Sonora","Homicidio",NA,72,70,87,61,91,105,97,97,80,91,71,61,90,123,95,69,88,82,93,97,84,70,94,83,106,82,92,105,95,100,76,89,84,118,119,83,90,84,93,105,93,84,104,100,118,89,91,106,115,66,96,90,98,158,109,125,137,135,148,144,136,129,119,122,152,134,156,164,139,157,149,155,163,143,170,178,177,144,186,168,160,168,144,167,161,106,140,136,164,157,145,135,151,141,135,182,151,133,141,96,116,94,98,120,97,103,116,121,114,113,115,112,116,133,150,112,131,106,130,91,120,102,123,83,100,111,0,0,0,0,0,0
"Seguridad","Tabasco","Homicidio",NA,59,49,56,56,52,62,63,69,44,55,54,66,47,75,67,53,58,38,35,43,54,70,76,83,68,78,72,69,70,61,71,76,72,90,72,89,71,78,79,70,88,90,118,87,81,80,69,90,69,82,104,108,96,85,66,60,78,94,88,67,74,74,89,41,43,66,77,66,74,69,74,85,58,76,68,80,93,60,58,70,74,76,51,73,60,51,61,67,69,58,65,59,56,61,53,66,56,60,68,51,56,39,67,66,56,64,58,77,62,82,97,129,131,101,89,97,104,90,107,91,103,100,101,80,93,80,0,0,0,0,0,0
"Seguridad","Tamaulipas","Homicidio",NA,100,130,121,130,128,123,120,109,97,102,102,121,105,112,136,124,141,129,147,136,129,122,106,126,111,101,94,125,153,142,133,150,148,146,156,159,133,114,164,142,170,139,137,130,132,105,101,140,118,111,119,121,130,121,136,119,133,129,104,107,101,132,104,107,99,95,111,121,104,112,94,84,84,87,92,116,123,110,90,123,112,115,92,107,99,77,101,99,113,112,116,133,90,84,80,86,91,75,84,92,101,123,94,99,90,94,81,89,90,72,82,90,103,102,78,89,87,78,76,71,84,64,75,75,68,73,0,0,0,0,0,0
"Seguridad","Tlaxcala","Homicidio",NA,21,21,29,39,22,23,19,23,35,28,19,43,31,26,29,32,25,24,26,34,36,32,35,32,47,36,35,27,29,20,19,22,27,21,14,22,20,20,11,11,17,8,20,13,12,16,8,14,16,10,14,23,22,23,8,13,20,14,13,15,19,17,16,8,8,9,11,11,22,7,15,5,9,8,18,11,15,12,15,8,19,19,13,10,7,19,12,21,13,14,10,16,10,22,7,13,9,12,18,9,20,14,13,8,9,7,10,12,12,14,8,14,11,9,17,14,17,10,17,15,10,12,11,10,12,9,0,0,0,0,0,0
"Seguridad","Veracruz de Ignacio de la Llave","Homicidio",NA,69,81,76,70,68,74,96,90,87,107,102,88,108,94,97,85,116,124,195,233,180,212,183,190,209,181,240,202,233,234,220,235,237,253,214,230,193,195,246,213,219,214,191,196,204,189,181,198,193,187,217,199,214,227,220,218,194,182,156,192,170,162,206,183,148,208,176,206,152,148,186,236,199,168,191,176,193,147,156,171,167,167,146,183,155,132,198,168,171,141,138,164,140,146,129,165,161,114,145,160,159,154,170,149,156,167,143,136,129,139,169,144,167,151,148,140,160,130,142,148,136,142,166,131,163,151,0,0,0,0,0,0
"Seguridad","Yucatán","Homicidio",NA,5,5,13,7,13,9,11,9,8,6,5,13,9,17,11,7,11,5,6,8,10,10,10,6,14,8,8,8,4,5,8,8,6,3,3,10,4,9,5,16,7,3,14,9,3,8,5,5,8,7,8,9,8,15,9,7,16,13,17,16,10,19,20,7,4,17,12,14,8,13,13,16,20,19,18,16,20,10,23,21,22,18,18,26,17,18,20,15,24,18,20,13,14,13,11,15,15,14,18,17,17,11,11,11,14,10,10,17,10,14,16,12,20,13,24,12,18,17,22,23,10,7,28,8,13,11,0,0,0,0,0,0
"Seguridad","Zacatecas","Homicidio",NA,34,28,26,24,17,29,33,29,32,37,39,29,43,49,43,35,54,52,49,75,54,43,45,67,54,45,54,55,49,43,63,77,62,79,55,54,41,50,64,47,55,59,56,60,73,67,66,62,52,47,60,50,62,55,57,48,53,57,62,63,47,62,69,65,76,87,75,79,84,74,95,107,136,115,108,105,133,104,121,135,136,127,135,112,136,78,120,121,95,114,109,96,98,132,131,130,125,90,108,107,100,91,70,79,69,69,75,68,49,61,61,54,85,70,66,73,60,62,77,74,50,37,57,47,48,44,0,0,0,0,0,0
"Seguridad","Aguascalientes","Hostigamiento sexual",NA,1,1,0,1,3,0,1,0,0,1,0,3,1,1,0,0,0,0,0,1,1,1,1,0,0,1,2,2,2,4,0,5,4,3,6,3,7,2,9,6,7,4,9,10,7,7,8,6,4,11,13,8,13,8,6,11,12,9,7,2,6,6,10,5,6,6,5,9,4,13,3,6,3,7,10,8,10,14,12,11,10,13,10,7,6,7,9,13,15,19,16,16,9,12,7,6,8,16,32,18,27,22,20,10,12,13,13,16,10,9,8,12,18,10,17,20,12,11,12,13,7,17,9,9,10,16,0,0,0,0,0,0
"Seguridad","Baja California","Hostigamiento sexual",NA,12,11,15,5,8,14,9,7,10,8,10,6,12,7,5,8,10,8,5,7,13,9,3,3,9,7,9,9,10,7,8,6,9,14,11,7,4,2,12,12,7,9,9,14,8,11,13,6,6,14,5,10,11,11,16,12,13,15,12,15,10,36,37,7,8,14,20,11,23,17,16,10,10,17,16,12,16,23,23,29,17,16,15,18,17,6,49,53,44,41,50,61,55,42,35,39,34,52,124,57,136,144,130,130,131,159,145,165,122,133,150,175,177,131,112,124,117,99,103,87,66,101,128,119,119,102,0,0,0,0,0,0
"Seguridad","Baja California Sur","Hostigamiento sexual",NA,0,0,0,0,0,2,1,0,0,1,1,0,0,2,1,0,1,1,0,1,1,1,0,0,2,1,0,0,0,2,2,3,1,0,0,0,0,0,0,0,0,0,0,0,1,0,0,0,1,0,0,1,0,1,3,1,0,0,3,1,1,5,0,2,0,0,1,0,1,1,0,1,1,1,3,4,2,0,3,1,0,0,1,1,0,3,1,1,0,1,3,0,1,0,1,2,4,2,3,2,3,2,0,1,1,2,1,1,0,1,1,3,5,1,1,1,3,2,0,3,1,2,0,1,1,0,0,0,0,0,0,0
"Seguridad","Campeche","Hostigamiento sexual",NA,0,0,0,0,0,0,0,0,0,0,0,0,0,0,0,0,0,0,0,0,0,0,0,0,0,0,0,0,0,0,0,0,0,0,0,0,0,0,0,0,0,0,0,0,0,0,0,0,0,0,1,0,0,0,0,0,0,0,0,0,0,0,0,0,0,0,0,0,0,0,0,0,0,0,0,0,0,0,0,0,0,0,1,2,2,0,3,2,1,4,4,1,3,3,2,0,4,1,5,4,6,4,4,1,2,0,1,2,3,2,4,0,1,0,0,0,0,0,0,2,2,2,1,1,0,1,0,0,0,0,0,0
"Seguridad","Chiapas","Hostigamiento sexual",NA,1,3,1,2,1,1,3,0,6,1,1,1,3,1,0,8,3,3,1,4,0,6,1,1,1,2,7,4,1,4,2,1,5,3,1,2,5,8,5,1,1,1,3,4,3,4,3,1,3,1,3,2,6,1,2,6,0,1,3,3,2,4,2,2,1,1,1,0,0,0,0,1,3,2,5,1,0,1,1,10,2,1,4,2,1,0,1,3,0,3,2,0,2,0,0,2,0,1,2,2,1,1,7,1,1,1,1,2,3,2,1,2,3,4,3,1,0,1,1,0,3,0,0,3,1,0,0,0,0,0,0,0
"Seguridad","Chihuahua","Hostigamiento sexual",NA,9,7,11,16,15,23,16,8,19,10,13,10,12,6,6,14,9,8,12,12,11,8,10,8,13,5,9,14,13,22,11,26,20,16,12,13,15,15,17,10,18,21,14,17,19,8,11,8,7,17,19,21,15,9,12,18,12,19,15,15,7,14,28,8,18,16,17,13,11,9,12,8,9,20,24,13,13,27,11,19,16,30,22,17,12,10,27,15,23,28,9,10,11,13,0,5,6,3,9,10,9,7,10,6,7,6,7,5,4,4,10,14,12,8,6,1,6,11,3,9,4,7,3,10,6,8,0,0,0,0,0,0
"Seguridad","Ciudad de México","Hostigamiento sexual",NA,0,0,0,0,0,0,0,0,0,0,0,0,0,0,0,0,0,0,0,0,0,0,0,0,0,0,0,0,0,0,0,0,0,0,0,0,0,0,0,0,0,0,0,0,0,0,0,0,0,0,0,0,0,0,0,0,0,0,0,0,0,0,0,0,0,0,0,0,0,0,0,0,0,0,0,0,0,0,0,0,0,0,0,0,0,0,0,0,0,0,0,0,0,0,0,0,0,0,0,0,0,0,0,0,0,0,0,0,0,0,0,0,0,0,0,0,0,0,0,0,0,0,0,0,0,0,0,0,0,0,0,0
"Seguridad","Coahuila de Zaragoza","Hostigamiento sexual",NA,0,0,0,0,0,0,0,0,0,0,0,0,0,0,0,0,0,0,0,0,1,0,0,0,0,0,0,1,0,0,0,3,1,0,2,2,2,3,0,7,2,2,2,1,1,1,1,2,0,3,3,2,2,0,2,2,2,2,2,0,0,2,2,0,1,0,0,0,2,5,3,3,1,0,0,6,0,1,3,1,1,1,1,2,2,2,3,2,4,3,3,3,2,1,6,4,0,5,6,1,2,3,1,0,1,1,3,4,2,4,4,1,7,3,2,2,3,3,6,2,1,1,1,8,3,2,0,0,0,0,0,0
"Seguridad","Colima","Hostigamiento sexual",NA,0,0,0,0,0,0,0,0,0,0,0,0,0,0,1,0,0,0,0,0,0,0,0,0,1,3,0,0,1,0,2,1,3,1,0,1,3,1,1,2,2,0,2,3,4,0,3,2,1,4,5,0,3,1,5,1,3,2,0,2,4,3,1,2,4,5,0,0,1,5,6,5,3,4,7,5,8,6,6,3,3,5,3,4,4,0,5,6,2,6,3,2,5,5,2,2,3,3,2,5,3,1,1,1,6,1,2,0,4,1,3,5,4,1,0,0,0,3,9,2,2,4,6,1,1,3,0,0,0,0,0,0
"Seguridad","Durango","Hostigamiento sexual",NA,0,0,0,0,1,3,6,1,2,0,0,2,0,3,3,6,3,6,1,0,3,10,1,0,0,1,2,1,0,1,0,0,4,4,3,1,2,3,0,2,0,1,1,3,1,4,2,1,1,2,0,0,1,0,1,1,0,1,3,0,1,1,1,2,0,2,2,0,0,1,0,0,1,0,1,1,2,0,1,0,1,1,2,0,1,0,0,2,4,2,4,3,3,3,3,0,1,1,0,2,2,2,2,3,3,2,1,1,1,1,0,2,2,2,2,1,1,1,1,5,1,1,0,1,2,2,0,0,0,0,0,0
"Seguridad","Guanajuato","Hostigamiento sexual",NA,4,0,6,3,1,3,7,2,1,5,2,0,1,0,1,3,1,1,1,2,1,4,2,1,1,6,4,0,1,3,4,1,2,2,1,7,2,3,3,2,4,2,1,2,3,2,1,2,0,0,5,3,5,5,6,3,4,6,3,4,1,4,4,1,3,3,3,6,5,6,1,2,2,3,5,4,6,3,6,7,0,3,5,3,6,4,13,7,9,14,4,10,3,10,4,8,8,8,11,10,6,7,4,3,4,7,9,5,5,8,6,7,5,5,10,4,4,6,6,5,3,13,4,8,10,3,0,0,0,0,0,0
"Seguridad","Guerrero","Hostigamiento sexual",NA,1,0,0,3,2,0,0,4,2,1,0,0,0,1,0,1,1,0,1,0,0,1,1,2,1,1,1,0,1,0,2,2,2,1,2,0,1,1,0,0,2,2,1,1,5,2,1,2,1,0,0,0,0,1,0,2,1,1,0,1,1,1,3,1,0,0,1,1,1,3,2,1,1,0,2,2,2,0,1,0,0,0,1,2,2,2,2,4,3,3,0,0,3,6,4,1,4,1,5,3,5,2,1,2,2,3,0,1,2,3,0,2,2,1,0,1,3,1,0,0,1,1,2,0,3,2,0,0,0,0,0,0
"Seguridad","Hidalgo","Hostigamiento sexual",NA,0,4,1,1,0,0,0,0,0,0,0,0,36,0,3,0,4,1,2,4,0,1,0,1,4,1,3,2,0,1,1,3,0,1,1,3,0,0,1,0,7,5,4,4,3,8,5,4,0,9,7,4,5,6,1,4,2,7,8,3,4,3,5,5,3,6,3,6,5,3,4,9,4,7,8,11,7,7,4,7,8,10,4,4,2,7,12,8,6,11,6,11,11,17,9,8,12,14,31,11,18,21,12,21,18,21,24,8,19,16,10,21,21,12,13,14,13,16,11,9,16,22,26,21,15,25,0,0,0,0,0,0
"Seguridad","Jalisco","Hostigamiento sexual",NA,0,1,1,1,1,4,2,1,3,5,5,0,1,0,1,0,2,22,17,19,17,20,8,12,18,23,24,7,6,11,3,3,3,8,5,5,1,1,9,6,5,6,8,7,7,6,8,1,5,9,2,7,7,10,6,7,2,5,7,7,3,10,8,3,7,2,2,7,4,5,4,5,0,17,8,13,6,3,5,5,5,6,6,5,9,2,10,3,12,5,5,8,3,17,10,9,7,6,15,7,10,12,7,13,12,12,9,15,12,10,14,12,12,12,9,4,9,6,7,5,8,4,11,9,8,4,0,0,0,0,0,0
"Seguridad","Michoacán de Ocampo","Hostigamiento sexual",NA,1,2,2,2,3,2,3,5,4,7,2,4,5,4,3,7,7,5,5,3,2,4,3,3,2,3,9,3,11,8,4,5,4,6,4,4,5,3,7,5,3,4,4,5,2,5,2,0,4,5,5,4,10,10,2,5,8,7,6,8,6,21,10,8,7,12,6,3,5,5,0,1,2,2,3,2,7,1,4,3,7,7,1,3,2,3,8,2,1,2,2,2,4,0,3,1,3,1,6,1,3,5,0,2,3,1,2,3,3,3,5,1,7,2,1,3,2,4,1,2,2,5,2,5,4,2,0,0,0,0,0,0
"Seguridad","Morelos","Hostigamiento sexual",NA,6,6,13,5,1,10,11,5,8,11,2,8,1,5,9,5,8,9,3,8,6,6,7,10,3,4,4,10,9,12,8,6,13,12,1,1,7,4,10,6,5,9,4,4,5,7,6,4,5,5,7,1,5,6,6,4,6,5,2,5,3,4,7,2,3,6,5,2,10,6,5,9,7,6,10,6,6,6,9,1,2,3,6,2,4,1,12,7,6,8,11,6,1,9,6,9,10,7,11,7,4,5,7,5,12,7,3,5,2,3,4,7,3,8,6,10,8,8,4,3,8,12,9,10,4,13,0,0,0,0,0,0
"Seguridad","México","Hostigamiento sexual",NA,5,7,4,4,4,9,6,5,2,7,3,3,2,6,7,14,5,10,4,7,2,0,4,3,3,1,2,7,4,1,6,3,1,7,4,0,3,6,6,5,6,9,7,11,1,5,7,5,6,9,6,6,6,18,12,12,10,13,7,11,13,15,10,10,13,6,7,3,6,7,10,4,5,8,18,9,20,4,3,9,5,5,5,22,7,3,17,14,32,15,16,8,20,30,15,62,27,17,21,9,12,30,62,15,28,21,9,11,14,15,16,20,17,12,29,10,12,12,15,7,19,14,17,11,14,19,0,0,0,0,0,0
"Seguridad","Nayarit","Hostigamiento sexual",NA,0,0,0,0,0,0,0,0,0,0,0,0,0,0,0,0,0,0,0,0,0,0,0,0,0,0,0,0,0,0,0,0,0,0,0,0,0,0,0,0,0,0,0,0,0,0,0,0,0,0,0,0,0,0,0,0,0,0,0,0,0,0,0,0,0,0,0,0,0,0,0,0,0,0,0,0,0,0,0,0,0,0,0,0,0,0,0,0,0,0,0,0,0,0,0,0,0,0,0,0,0,0,0,0,0,0,0,0,0,0,0,0,0,0,0,0,0,0,0,0,0,0,0,0,0,0,0,0,0,0,0,0
"Seguridad","Nuevo León","Hostigamiento sexual",NA,1,2,3,3,4,4,0,0,0,2,5,1,3,2,1,2,1,5,2,2,1,0,4,3,1,1,4,4,4,1,2,0,1,7,3,5,8,1,5,4,3,11,3,6,0,5,3,2,1,4,6,1,5,6,0,3,1,1,6,5,3,10,2,2,4,3,3,4,2,6,3,1,6,6,4,6,5,4,3,4,4,7,3,4,1,4,8,7,3,7,8,10,8,7,12,7,6,5,11,5,6,7,8,1,5,12,7,6,5,10,9,3,6,7,2,4,5,4,6,7,4,2,8,10,7,10,0,0,0,0,0,0
"Seguridad","Oaxaca","Hostigamiento sexual",NA,0,1,0,0,0,0,0,1,0,0,4,0,1,2,1,4,1,4,4,1,4,0,2,2,1,1,5,2,1,3,0,2,1,2,2,2,1,3,5,3,4,4,3,6,8,6,6,5,0,8,9,10,7,2,4,3,7,13,4,4,3,6,9,2,4,2,3,2,6,1,3,2,8,4,8,7,7,5,3,3,3,4,2,6,4,4,7,4,8,7,4,1,13,1,7,4,3,6,13,9,8,5,5,7,12,7,8,7,4,5,9,4,4,5,11,5,6,7,3,4,2,5,4,2,4,4,0,0,0,0,0,0
"Seguridad","Puebla","Hostigamiento sexual",NA,1,7,5,5,1,3,1,4,1,4,3,0,3,1,3,5,3,3,0,1,1,2,2,0,1,0,3,0,1,1,1,2,4,2,1,2,1,2,2,2,2,3,6,5,4,3,1,1,3,4,5,1,5,6,8,5,4,6,11,7,6,7,7,2,1,2,8,9,6,6,4,5,6,3,5,3,6,4,2,7,5,4,5,5,1,3,7,5,12,9,5,2,6,12,4,4,4,5,10,6,7,7,10,6,13,7,12,1,3,6,6,5,6,9,7,13,10,8,5,4,3,2,15,4,5,13,0,0,0,0,0,0
"Seguridad","Querétaro","Hostigamiento sexual",NA,0,0,0,0,0,0,0,0,0,0,0,0,0,0,0,0,0,0,0,0,0,0,0,0,0,0,0,0,0,0,0,0,0,0,0,0,0,0,0,0,0,0,0,0,0,0,0,0,0,0,0,0,0,0,0,0,0,0,0,0,0,0,0,0,0,0,0,0,0,0,0,0,0,0,0,0,0,0,0,0,0,1,1,4,1,4,6,4,3,8,1,2,0,0,0,1,0,2,7,3,3,3,0,6,1,2,4,0,2,0,4,4,3,4,3,3,3,4,3,4,3,5,5,1,4,2,0,0,0,0,0,0
"Seguridad","Quintana Roo","Hostigamiento sexual",NA,0,0,0,2,0,1,1,0,1,0,0,0,0,0,0,1,0,0,0,0,0,0,0,3,0,1,1,0,2,4,0,0,2,0,1,0,1,0,1,3,2,1,2,2,5,4,2,0,0,1,1,1,1,1,3,5,0,1,3,3,3,3,2,0,3,11,2,0,2,3,1,5,2,7,4,5,6,1,3,3,3,3,2,5,2,4,3,3,2,2,2,4,0,2,3,9,3,3,8,2,2,3,0,2,3,9,4,0,3,3,5,4,4,3,3,2,4,3,3,1,4,1,0,2,3,2,0,0,0,0,0,0
"Seguridad","San Luis Potosí","Hostigamiento sexual",NA,2,0,1,0,0,2,0,0,3,0,1,0,2,2,0,2,1,6,4,3,2,4,1,1,4,3,3,2,0,2,1,0,0,4,1,0,0,0,2,3,3,1,1,1,8,1,3,2,3,3,3,1,7,1,3,8,11,0,6,3,1,3,3,1,0,4,1,1,6,4,1,8,6,6,4,1,6,1,0,1,2,3,7,8,0,1,4,7,2,8,4,3,1,4,1,4,4,2,5,3,3,2,7,6,2,3,6,1,3,2,2,2,6,3,2,0,1,3,2,1,0,6,5,1,0,0,0,0,0,0,0,0
"Seguridad","Sinaloa","Hostigamiento sexual",NA,0,0,0,0,0,0,0,0,0,0,0,0,0,0,0,0,0,0,0,0,0,0,0,0,0,0,0,0,0,0,0,0,0,0,0,0,0,0,0,0,0,0,0,0,0,0,0,0,0,0,0,0,0,0,0,0,0,0,0,0,0,0,0,0,0,0,0,0,0,1,1,0,0,1,0,1,0,1,3,0,0,1,0,1,0,0,1,1,1,1,2,0,2,1,6,2,2,1,1,2,2,3,2,1,0,1,1,1,0,0,1,2,3,1,4,0,0,0,1,0,1,0,1,3,5,1,0,0,0,0,0,0
"Seguridad","Sonora","Hostigamiento sexual",NA,0,1,2,0,0,0,1,0,1,0,1,0,0,2,0,1,2,2,4,1,0,0,0,1,0,0,1,0,0,0,0,0,0,0,0,0,0,2,0,0,0,0,1,0,1,1,1,0,0,0,1,1,1,0,0,0,0,0,0,0,1,2,2,1,0,0,0,3,1,0,0,2,2,2,1,0,2,0,0,0,1,0,1,0,0,0,0,1,3,3,1,0,3,3,1,0,0,1,1,1,1,2,0,4,5,1,1,3,0,0,0,2,2,2,2,3,1,2,3,2,1,2,1,1,3,1,0,0,0,0,0,0
"Seguridad","Tabasco","Hostigamiento sexual",NA,5,18,9,3,4,6,4,4,6,7,7,7,1,7,3,4,7,9,10,9,8,7,0,10,13,11,4,9,10,12,10,16,17,12,13,13,9,14,17,16,13,24,17,10,17,19,15,14,11,23,21,26,19,20,25,29,28,14,16,16,17,27,34,3,9,16,18,23,19,24,19,12,14,16,32,23,20,18,19,9,21,14,13,13,15,16,29,23,45,23,30,12,26,27,20,18,26,19,25,18,14,22,12,16,14,42,15,13,19,12,22,10,12,15,16,15,24,21,14,10,13,10,22,20,27,25,0,0,0,0,0,0
"Seguridad","Tamaulipas","Hostigamiento sexual",NA,1,2,1,0,0,1,0,0,1,2,0,0,0,0,3,2,0,5,9,4,6,2,3,0,2,1,3,1,1,6,3,3,1,0,1,2,0,2,2,3,1,2,3,1,2,1,1,1,2,1,2,1,2,1,1,0,6,2,1,1,5,6,6,0,4,3,1,2,1,0,2,0,0,5,4,6,3,3,1,0,1,2,3,1,2,2,2,1,6,3,6,4,3,2,6,2,2,4,6,6,9,5,1,2,2,2,11,4,3,8,4,3,4,3,1,2,7,6,8,4,4,4,9,3,2,3,0,0,0,0,0,0
"Seguridad","Tlaxcala","Hostigamiento sexual",NA,1,0,0,0,0,0,0,0,0,0,0,0,0,0,0,0,0,0,0,0,0,0,0,0,0,0,0,0,0,0,0,0,0,0,0,0,0,0,1,0,2,1,1,0,0,1,0,0,0,0,0,0,0,0,0,0,0,0,0,0,0,0,1,0,0,0,0,0,0,0,0,0,0,0,0,0,0,0,0,0,0,0,0,0,0,1,0,0,1,0,0,0,0,0,0,0,0,0,0,0,0,0,0,0,0,0,0,0,0,0,0,1,0,0,0,0,0,0,0,0,0,0,0,0,0,0,0,0,0,0,0,0
"Seguridad","Veracruz de Ignacio de la Llave","Hostigamiento sexual",NA,0,0,0,0,0,0,0,0,0,0,0,0,0,0,0,0,0,0,0,0,0,0,0,0,0,0,0,0,0,3,0,0,0,0,0,1,1,0,2,7,4,8,2,1,7,5,5,4,34,39,29,28,30,40,22,27,33,42,33,15,24,34,44,19,20,3,19,20,24,27,34,24,25,27,40,38,41,43,45,38,25,33,28,25,30,21,50,35,51,61,41,39,37,33,41,35,9,8,8,7,5,6,9,4,2,12,1,4,3,11,6,7,5,9,2,2,3,2,3,0,5,4,8,3,6,2,0,0,0,0,0,0
"Seguridad","Yucatán","Hostigamiento sexual",NA,1,1,0,0,0,3,0,1,0,4,3,5,2,0,1,1,2,2,1,1,1,0,0,0,1,2,1,2,0,0,1,1,0,0,0,1,0,1,0,0,4,1,0,1,0,0,0,0,0,0,0,0,0,2,0,0,0,0,0,0,0,0,0,0,0,0,0,0,0,0,0,0,0,0,2,0,0,0,0,0,0,0,0,0,0,0,0,0,0,0,0,0,0,0,0,0,0,0,0,1,0,0,0,1,0,0,1,0,0,1,0,0,0,1,0,0,0,0,0,0,0,0,0,0,0,0,0,0,0,0,0,0
"Seguridad","Zacatecas","Hostigamiento sexual",NA,1,0,4,0,1,0,0,0,0,2,0,0,0,0,1,1,3,1,0,2,0,2,1,0,1,1,2,1,0,0,0,1,1,1,0,1,1,0,2,1,2,1,0,0,2,2,0,4,3,5,1,4,2,2,0,1,0,2,1,0,3,1,3,0,2,1,4,1,2,1,1,0,0,2,3,0,2,2,1,1,1,5,2,3,0,0,1,0,3,1,1,1,3,2,1,0,1,4,2,0,2,3,4,1,4,5,6,1,2,3,1,5,5,5,0,0,0,2,4,1,0,0,4,2,1,0,0,0,0,0,0,0
"Seguridad","Aguascalientes","Incesto",NA,0,0,0,0,0,0,0,0,1,0,0,1,0,1,0,0,0,0,0,0,1,0,0,0,0,1,0,0,0,1,0,0,0,0,0,0,0,0,0,0,0,0,0,0,0,0,0,0,0,0,0,0,0,0,0,0,0,0,0,1,0,0,0,0,0,0,0,0,0,0,0,0,0,0,0,0,0,0,0,0,0,0,0,0,0,0,0,0,0,0,0,0,0,0,0,0,0,0,0,0,0,0,1,0,0,0,0,3,0,0,0,0,1,0,0,0,0,0,0,0,1,0,0,0,0,0,0,0,0,0,0,0
"Seguridad","Baja California","Incesto",NA,1,1,0,0,0,0,0,0,0,0,0,0,1,0,0,0,0,0,0,0,0,0,0,1,0,0,0,0,0,0,0,0,0,0,0,0,0,0,0,0,1,0,0,1,0,0,0,0,0,0,0,0,0,0,1,1,1,0,0,0,0,0,0,1,0,0,0,0,0,0,0,0,0,0,0,0,0,0,0,0,0,0,0,0,0,0,0,0,0,0,0,0,0,0,0,0,1,0,0,0,0,0,0,1,0,0,0,1,0,0,0,0,0,0,0,0,0,0,0,0,0,0,0,0,0,0,0,0,0,0,0,0
"Seguridad","Baja California Sur","Incesto",NA,0,0,0,0,0,0,0,0,0,0,0,0,0,0,0,0,0,0,0,0,0,0,0,0,0,0,0,0,0,0,0,0,0,0,0,0,0,0,0,0,0,0,0,0,0,0,0,0,0,0,0,1,0,0,0,0,0,0,1,0,0,0,0,0,0,0,0,0,0,0,0,0,0,0,0,0,0,0,0,0,0,0,0,0,0,0,0,0,0,0,0,0,0,0,0,0,0,0,0,0,0,0,0,0,0,0,0,0,0,0,0,0,0,0,0,0,0,0,1,0,0,0,0,0,1,0,0,0,0,0,0,0
"Seguridad","Campeche","Incesto",NA,0,0,0,0,0,0,0,0,0,0,0,0,0,0,0,0,0,0,0,0,0,0,0,0,0,0,0,0,0,0,0,0,0,0,0,0,0,0,0,0,0,0,0,0,0,0,0,0,0,0,0,0,0,0,0,0,0,0,0,0,0,0,0,0,0,0,0,0,0,0,0,0,0,0,0,0,0,0,0,0,0,0,0,0,0,0,0,0,0,0,0,0,0,0,0,0,0,0,0,0,0,0,0,0,0,0,0,0,0,0,0,0,0,0,0,0,0,0,0,0,0,0,0,0,0,0,0,0,0,0,0,0
"Seguridad","Chiapas","Incesto",NA,0,0,0,0,0,0,0,0,0,0,0,0,0,0,0,0,0,0,1,0,0,0,0,0,0,0,0,0,0,0,0,0,0,0,0,0,0,0,0,0,0,0,0,0,0,0,0,0,0,0,0,0,0,0,0,0,0,0,0,0,0,0,0,0,0,0,0,0,0,0,0,0,0,0,0,0,0,0,0,0,0,0,0,0,0,0,0,0,1,0,0,0,0,0,0,0,0,0,0,0,0,0,0,1,0,0,0,0,0,0,0,0,0,0,0,0,0,0,0,0,0,0,0,0,0,0,0,0,0,0,0,0
"Seguridad","Chihuahua","Incesto",NA,0,0,1,0,0,0,0,0,0,0,0,0,0,0,0,0,0,0,0,0,0,0,0,0,1,1,0,0,0,0,1,0,0,0,1,0,0,0,0,0,0,0,0,0,0,0,0,0,0,0,0,0,0,1,0,1,0,0,0,0,0,0,0,0,0,0,0,0,0,0,0,0,0,0,0,0,0,0,0,0,0,1,0,1,0,0,0,0,0,0,0,0,0,0,0,0,0,0,0,0,0,0,0,0,0,0,1,0,0,0,0,0,0,0,1,0,0,0,0,0,0,0,0,0,0,0,0,0,0,0,0,0
"Seguridad","Ciudad de México","Incesto",NA,0,0,0,0,0,0,0,0,0,0,0,0,0,0,0,0,0,0,0,0,0,0,0,0,0,0,0,0,0,0,0,0,0,0,0,0,0,0,0,0,0,0,0,0,0,0,0,0,0,0,0,0,0,0,0,0,0,0,0,0,0,0,0,0,1,0,0,0,0,0,0,0,0,0,0,0,0,0,0,0,0,0,0,0,0,0,0,0,0,0,0,0,0,0,0,0,0,0,1,0,0,0,0,0,0,0,0,0,0,0,0,0,0,0,0,0,0,0,0,0,0,0,0,0,0,0,0,0,0,0,0,0
"Seguridad","Coahuila de Zaragoza","Incesto",NA,0,0,0,0,0,0,0,0,0,1,0,0,0,0,0,0,0,0,0,0,0,0,0,0,1,0,0,0,0,0,0,0,0,0,0,0,0,0,0,0,0,0,0,0,0,0,0,0,0,0,0,0,0,0,0,0,0,0,0,0,0,0,0,0,0,0,0,0,0,0,1,0,0,0,0,0,0,0,0,0,0,0,2,0,0,0,0,0,0,1,0,0,0,0,0,0,0,0,0,0,0,0,0,0,0,0,0,0,0,0,0,0,0,0,0,0,0,0,0,0,0,0,0,0,0,0,0,0,0,0,0,0
"Seguridad","Colima","Incesto",NA,0,0,0,0,0,0,0,0,0,0,0,0,0,0,0,0,0,0,0,0,0,0,0,0,0,0,0,0,0,0,0,0,0,0,0,0,0,0,0,0,0,0,0,0,0,0,0,0,0,0,0,0,0,0,0,0,0,0,0,0,0,0,0,0,0,0,0,0,0,0,0,0,0,0,0,0,0,0,0,0,0,0,0,0,0,0,0,0,0,0,0,0,0,0,0,0,0,0,0,0,0,0,0,0,0,0,0,0,0,0,0,0,0,0,0,0,0,0,0,0,0,0,0,0,0,0,0,0,0,0,0,0
"Seguridad","Durango","Incesto",NA,0,0,0,0,0,0,0,0,0,0,0,0,0,0,0,0,0,0,0,0,0,0,0,0,0,0,0,0,0,0,0,0,0,0,0,0,0,0,0,0,0,0,0,0,0,0,0,1,0,0,0,0,0,0,0,0,0,0,0,0,0,0,0,0,0,0,0,0,0,0,0,0,0,0,0,0,0,0,0,0,0,0,0,0,0,0,0,0,0,0,0,0,0,0,0,0,0,0,0,0,0,0,0,0,0,0,0,0,0,0,0,0,0,0,0,0,0,0,0,0,0,0,0,0,0,0,0,0,0,0,0,0
"Seguridad","Guanajuato","Incesto",NA,0,0,1,1,0,1,0,0,0,0,0,0,1,0,0,0,0,0,1,0,0,0,0,0,0,0,0,0,0,0,0,1,0,0,0,0,0,0,0,0,0,0,0,0,0,0,1,0,0,0,0,0,0,0,0,0,0,0,0,0,0,0,0,0,0,0,0,0,0,0,0,0,1,1,0,0,0,0,0,0,0,0,0,1,0,0,0,1,0,0,0,0,0,0,0,0,0,1,0,0,0,0,0,0,0,0,0,0,0,0,0,0,0,0,0,0,0,0,0,0,0,0,0,0,0,0,0,0,0,0,0,0
"Seguridad","Guerrero","Incesto",NA,0,0,0,0,0,0,0,0,0,0,0,0,0,0,0,0,0,0,0,0,0,0,0,0,0,0,0,0,1,0,0,0,0,0,0,0,0,0,0,0,0,0,0,0,0,0,0,0,0,0,0,0,0,0,0,0,0,0,0,0,0,0,0,0,0,0,0,0,0,0,0,0,0,0,0,0,0,0,0,0,0,0,0,0,0,0,0,0,0,0,0,0,0,0,0,0,0,0,0,0,0,0,0,0,0,0,0,0,0,0,0,0,0,0,0,0,0,0,0,0,0,0,0,0,0,0,0,0,0,0,0,0
"Seguridad","Hidalgo","Incesto",NA,0,0,0,0,0,0,0,1,0,0,0,0,24,0,0,0,0,0,0,0,0,0,0,0,0,0,0,0,0,0,0,0,0,0,0,19,0,0,0,0,0,0,0,0,0,0,0,0,0,0,0,0,0,0,0,0,0,0,0,1,0,0,0,0,0,0,0,0,0,0,0,0,0,0,0,0,0,0,0,0,0,0,0,0,0,0,0,0,0,0,0,0,0,0,0,0,0,0,0,0,0,0,0,0,0,0,0,0,0,0,0,0,0,0,0,0,0,0,0,0,0,0,0,0,0,0,0,0,0,0,0,0
"Seguridad","Jalisco","Incesto",NA,0,0,1,0,0,0,0,0,0,0,0,0,0,0,1,29,0,0,1,0,0,0,0,0,0,0,0,0,0,0,0,0,0,0,0,0,0,0,0,0,0,0,0,0,0,0,1,0,0,0,0,0,0,0,0,0,0,0,0,0,0,0,0,0,0,0,0,0,0,0,0,0,0,0,0,0,0,0,0,0,0,0,0,0,0,0,0,0,0,0,0,0,0,0,0,0,0,0,0,0,0,0,0,0,0,0,0,0,0,0,0,0,0,0,0,0,0,0,0,0,0,0,0,0,0,0,0,0,0,0,0,0
"Seguridad","Michoacán de Ocampo","Incesto",NA,0,0,0,0,0,0,0,0,0,0,0,0,0,0,0,0,0,0,0,0,0,0,0,0,0,0,0,0,0,0,0,0,0,0,0,0,0,0,0,0,0,0,0,0,0,0,0,0,0,0,0,0,0,0,0,0,0,0,0,0,0,0,0,0,0,0,0,0,0,0,0,0,0,0,0,0,0,0,0,0,0,0,0,0,0,0,0,0,0,0,0,0,0,0,0,0,0,0,0,0,0,0,0,0,0,0,0,0,0,0,0,0,0,0,0,0,0,0,0,0,0,0,0,0,0,0,0,0,0,0,0,0
"Seguridad","Morelos","Incesto",NA,0,0,0,0,0,0,0,0,0,0,0,0,0,0,0,0,0,0,0,0,1,0,0,0,1,0,0,0,0,1,0,0,0,0,0,0,0,0,0,0,0,0,0,0,0,0,0,0,0,0,0,0,0,0,0,0,0,0,0,0,0,0,0,0,0,0,0,0,0,0,0,0,0,0,0,0,0,0,0,0,0,0,0,0,0,0,0,0,0,2,0,0,1,0,0,0,0,0,0,0,0,0,0,0,0,0,0,0,0,0,0,0,0,0,0,0,0,2,3,0,0,0,0,0,0,0,0,0,0,0,0,0
"Seguridad","México","Incesto",NA,0,0,0,0,0,0,0,0,0,0,0,0,1,0,0,0,0,0,0,0,0,0,0,0,0,0,0,0,0,0,0,0,0,0,0,0,0,0,0,0,0,0,0,0,0,0,0,0,0,0,0,0,0,1,0,0,0,0,0,0,0,0,0,0,0,0,0,0,0,0,0,0,0,0,0,0,0,0,0,0,0,0,0,0,0,0,0,0,0,0,0,0,0,0,0,0,0,0,0,0,0,0,0,0,0,0,0,0,0,0,0,0,0,0,0,0,0,0,0,0,0,0,0,0,0,0,0,0,0,0,0,0
"Seguridad","Nayarit","Incesto",NA,0,0,0,0,0,0,0,0,0,0,0,0,0,0,0,0,0,0,0,0,0,0,0,0,0,0,0,0,0,0,0,0,0,0,0,0,0,0,0,0,0,0,0,0,0,0,0,0,0,0,0,0,0,0,0,0,0,0,0,0,0,0,0,0,0,0,0,0,0,0,0,0,0,0,0,0,0,0,0,0,0,0,0,0,0,0,0,0,0,0,0,0,0,0,0,0,0,0,0,0,0,0,0,0,0,0,0,0,0,0,0,0,0,0,0,0,0,0,0,0,0,0,0,0,0,0,0,0,0,0,0,0
"Seguridad","Nuevo León","Incesto",NA,0,0,0,1,0,0,0,0,0,0,0,0,0,0,0,0,0,0,0,0,0,1,0,1,0,0,0,1,0,0,1,0,0,0,0,0,0,0,0,0,0,0,0,0,0,0,0,0,0,0,0,0,0,0,0,0,0,0,0,0,0,0,0,0,0,0,0,0,1,0,0,0,0,0,0,0,0,1,0,0,0,0,0,0,0,0,0,0,0,1,0,0,0,0,0,0,0,0,0,0,0,0,0,0,0,0,0,0,0,0,0,0,0,0,0,0,0,0,0,0,0,0,0,0,0,0,0,0,0,0,0,0
"Seguridad","Oaxaca","Incesto",NA,0,0,0,0,0,0,0,0,0,0,0,0,0,0,0,0,0,0,0,1,0,0,0,0,0,0,0,0,0,0,0,0,0,0,0,0,0,0,0,0,0,0,0,0,0,0,0,1,0,0,0,0,0,0,0,0,0,0,0,0,0,0,0,0,0,0,0,0,0,0,0,0,0,0,0,0,0,0,0,0,0,0,0,0,0,0,0,0,0,0,0,0,0,0,0,0,0,0,0,0,0,0,0,0,0,0,0,0,0,0,0,0,0,0,0,0,0,0,0,0,0,0,0,0,0,0,0,0,0,0,0,0
"Seguridad","Puebla","Incesto",NA,0,0,0,0,0,0,0,0,0,0,0,0,0,0,0,0,0,0,0,0,0,0,0,0,0,0,0,0,0,0,0,0,0,0,0,0,0,0,0,0,0,0,0,0,0,0,0,0,0,0,0,0,0,0,0,0,0,0,0,0,0,0,0,0,0,0,0,0,0,0,0,0,0,0,0,0,0,0,0,0,0,0,0,0,0,0,0,0,0,0,0,0,0,0,0,0,0,0,0,0,0,0,0,0,0,0,0,0,0,0,0,0,0,0,0,0,0,0,0,0,0,0,0,0,0,0,0,0,0,0,0,0
"Seguridad","Querétaro","Incesto",NA,0,0,0,0,0,0,0,0,0,0,0,0,0,0,0,0,0,0,0,0,0,0,0,0,0,0,0,0,0,0,0,0,0,0,0,0,0,0,0,0,0,0,0,0,0,0,0,0,0,0,0,0,0,0,0,0,0,0,0,0,0,0,0,0,0,0,0,0,0,0,0,0,0,0,0,0,0,0,0,0,0,0,0,0,0,0,0,0,0,0,0,0,0,0,0,0,0,0,0,0,0,0,0,0,0,0,0,0,0,0,0,0,0,0,0,0,0,0,0,0,0,0,0,0,0,0,0,0,0,0,0,0
"Seguridad","Quintana Roo","Incesto",NA,0,0,0,0,0,0,0,0,1,0,0,0,0,0,0,0,0,0,0,0,0,0,1,1,0,0,1,0,0,0,0,0,0,0,0,0,0,0,0,0,0,0,0,0,0,0,0,0,0,0,0,0,0,0,0,0,0,0,0,0,0,0,0,0,0,0,0,0,0,0,0,0,0,0,0,0,0,0,0,0,0,0,0,0,0,0,0,0,0,0,0,0,0,2,0,1,0,0,0,0,0,0,0,0,0,0,0,0,0,0,0,0,0,0,0,0,0,0,0,0,0,0,0,0,0,0,0,0,0,0,0,0
"Seguridad","San Luis Potosí","Incesto",NA,0,0,0,0,0,0,0,0,0,0,0,0,0,0,0,0,0,0,0,0,0,0,0,0,0,0,0,0,0,0,0,0,0,0,0,0,0,0,0,0,0,0,0,1,0,0,0,0,0,0,0,0,0,0,0,0,0,0,0,0,0,0,0,0,0,0,0,0,0,0,0,0,0,0,0,0,0,0,0,0,0,0,0,0,0,0,0,0,0,0,0,0,0,0,0,0,0,0,0,0,0,0,0,0,0,0,0,0,0,0,0,0,0,0,0,0,0,0,0,0,0,0,0,0,0,0,0,0,0,0,0,0
"Seguridad","Sinaloa","Incesto",NA,0,0,0,0,0,0,0,0,0,0,0,0,0,0,0,0,0,0,0,0,0,0,0,0,0,0,0,0,0,1,0,0,0,0,0,0,0,0,0,0,0,0,0,0,0,0,0,0,0,0,0,0,0,0,0,0,0,0,0,0,0,0,0,0,0,0,0,0,0,0,0,0,0,0,0,0,0,0,0,0,0,0,0,0,0,1,0,0,0,0,0,0,0,0,0,0,0,0,0,0,0,0,0,1,0,0,0,0,0,0,0,0,0,0,0,0,0,0,0,0,0,0,0,0,0,0,0,0,0,0,0,0
"Seguridad","Sonora","Incesto",NA,0,0,0,0,0,0,0,0,0,0,0,0,0,0,0,0,0,0,0,0,0,0,0,0,0,0,0,0,0,0,0,0,0,0,0,0,0,0,0,0,0,0,0,0,0,0,0,0,0,0,0,0,0,0,0,1,0,0,0,1,0,0,0,0,0,0,0,0,0,0,0,0,0,0,0,1,0,0,0,0,0,0,1,0,0,0,0,0,1,0,0,0,0,0,0,0,0,0,0,0,0,0,0,0,0,0,0,0,0,0,0,0,0,0,0,0,0,0,0,0,0,0,0,0,0,0,0,0,0,0,0,0
"Seguridad","Tabasco","Incesto",NA,0,0,0,0,0,0,0,0,0,0,0,0,0,0,0,0,0,1,0,0,0,0,0,0,0,0,0,0,0,0,0,0,0,0,0,0,0,0,0,0,0,0,0,0,0,0,0,0,0,0,0,0,0,0,0,0,0,0,0,0,0,0,0,0,0,0,0,0,0,0,0,0,0,0,0,0,0,0,0,0,0,0,0,0,0,0,0,0,0,0,0,0,0,0,0,0,0,0,0,0,0,0,0,0,0,0,0,0,0,0,0,0,0,0,0,0,0,0,0,0,0,0,3,0,0,0,0,0,0,0,0,0
"Seguridad","Tamaulipas","Incesto",NA,0,0,0,1,0,0,0,0,0,0,0,0,0,0,0,0,0,0,0,0,0,0,0,1,0,1,0,0,0,0,0,0,0,0,0,0,0,0,0,0,0,0,0,0,0,0,0,0,0,0,0,0,0,0,0,0,0,0,0,0,0,0,0,0,0,0,0,0,0,0,0,0,0,0,0,0,0,0,0,0,0,0,0,0,0,0,0,0,0,0,0,0,0,0,0,0,0,0,0,0,0,0,0,0,0,0,0,0,0,0,0,0,0,0,0,0,0,0,0,0,0,0,0,0,0,0,0,0,0,0,0,0
"Seguridad","Tlaxcala","Incesto",NA,0,0,0,0,0,0,0,0,0,0,0,0,0,0,0,0,0,0,0,0,0,0,0,0,0,0,0,0,0,0,0,0,0,0,0,0,0,0,0,0,0,0,0,0,0,0,0,0,0,0,0,0,0,0,0,0,0,0,0,0,0,0,0,0,0,0,0,0,0,0,0,0,0,0,0,0,0,0,0,0,0,0,0,0,0,0,0,0,0,0,0,0,0,0,0,0,0,0,0,0,0,0,0,0,0,0,0,0,0,0,0,0,0,0,0,0,0,0,0,0,0,0,0,0,0,0,0,0,0,0,0,0
"Seguridad","Veracruz de Ignacio de la Llave","Incesto",NA,0,0,0,0,0,0,0,0,0,0,0,0,0,0,0,0,0,0,0,0,0,0,0,0,0,0,0,0,0,0,0,0,0,0,0,0,0,0,0,0,0,0,0,0,0,0,0,0,0,0,0,0,0,1,0,0,0,0,0,1,0,0,0,0,1,0,0,0,0,0,0,0,0,0,0,0,0,0,0,0,0,0,0,0,0,0,0,0,0,0,0,0,0,0,0,0,0,0,0,0,1,0,0,0,0,0,0,0,0,0,0,0,0,0,0,0,0,0,0,0,0,0,0,0,0,0,0,0,0,0,0,0
"Seguridad","Yucatán","Incesto",NA,0,0,1,0,0,0,0,1,0,0,0,0,0,0,0,0,0,0,0,1,0,0,0,0,0,0,0,0,0,0,0,0,0,0,0,0,0,0,0,0,0,1,0,2,0,0,0,0,0,0,0,0,0,0,0,0,0,0,0,0,0,0,0,0,0,0,0,0,0,0,0,0,0,0,0,0,0,0,0,0,0,0,0,0,0,0,0,0,0,0,0,0,0,0,0,0,0,0,0,0,0,0,0,0,0,0,0,0,0,0,0,0,0,0,0,0,0,0,0,0,0,0,0,0,0,0,0,0,0,0,0,0
"Seguridad","Zacatecas","Incesto",NA,0,0,0,0,0,0,0,0,0,0,1,0,0,0,0,0,0,0,0,0,0,0,1,0,0,0,0,0,0,0,0,0,0,0,0,0,0,0,0,0,0,0,0,0,0,0,0,0,0,0,0,0,0,0,0,0,0,0,0,0,0,0,0,0,0,0,0,0,0,0,0,0,0,0,0,0,0,0,0,0,0,0,0,0,0,0,0,0,0,0,0,0,0,0,0,0,0,0,0,0,0,0,0,0,0,0,0,0,0,0,0,0,0,0,0,0,0,0,0,0,0,0,0,0,0,0,0,0,0,0,0,0
"Seguridad","Aguascalientes","Incumplimiento de obligaciones de asistencia familiar",NA,9,14,11,5,18,21,9,15,15,16,12,5,17,6,1,7,5,11,7,6,17,6,8,10,2,6,11,7,18,15,19,20,12,7,12,16,10,3,12,14,12,13,15,25,14,11,16,9,11,18,16,12,20,22,23,19,20,27,20,9,21,12,20,0,3,15,22,12,16,19,21,19,19,13,16,21,13,24,33,24,19,20,16,13,15,28,23,15,20,20,23,33,34,22,17,6,23,29,28,15,27,21,37,20,26,30,22,12,32,30,27,29,22,29,29,28,32,21,23,13,26,24,35,18,23,27,0,0,0,0,0,0
"Seguridad","Baja California","Incumplimiento de obligaciones de asistencia familiar",NA,164,156,179,143,151,170,185,190,190,164,157,114,104,130,113,138,133,110,104,159,136,151,138,98,56,54,87,73,92,103,99,116,125,94,90,72,52,45,59,68,93,106,84,95,116,102,113,79,57,41,51,67,69,80,104,144,90,162,131,90,57,59,67,10,10,37,56,65,86,99,98,58,59,53,51,66,85,81,87,133,91,89,94,84,57,52,51,69,95,87,84,111,111,99,101,78,50,63,84,105,89,99,111,115,126,156,116,110,68,83,88,109,120,93,113,147,139,157,127,107,97,97,128,106,102,146,0,0,0,0,0,0
"Seguridad","Baja California Sur","Incumplimiento de obligaciones de asistencia familiar",NA,38,30,55,42,34,56,46,54,48,53,45,25,59,75,47,58,55,76,71,73,77,101,85,56,68,74,78,45,73,95,54,58,70,64,63,36,60,50,56,56,53,73,65,93,76,87,88,46,71,63,66,66,102,78,90,78,80,94,81,41,65,61,58,13,30,43,62,73,90,71,52,49,44,60,75,51,69,80,50,64,58,67,52,51,45,58,53,48,56,54,61,45,54,65,62,38,53,64,81,80,98,97,84,85,93,68,90,53,67,79,66,66,79,89,92,83,95,110,69,63,70,79,59,57,73,113,0,0,0,0,0,0
"Seguridad","Campeche","Incumplimiento de obligaciones de asistencia familiar",NA,2,1,0,2,1,1,1,0,1,1,2,1,0,0,1,14,2,1,0,0,0,0,0,0,0,0,0,0,1,0,0,0,0,1,0,0,0,0,0,1,0,0,0,0,1,1,0,0,0,0,0,0,1,0,0,1,2,0,1,4,0,0,0,0,0,0,0,0,0,0,0,0,0,0,0,0,0,0,1,0,0,1,16,21,27,16,30,22,15,15,25,30,23,25,27,22,28,22,30,30,43,37,18,34,45,37,21,23,26,26,20,25,25,21,7,9,7,13,5,9,12,15,18,6,14,12,0,0,0,0,0,0
"Seguridad","Chiapas","Incumplimiento de obligaciones de asistencia familiar",NA,91,103,126,114,110,113,64,56,106,99,97,46,38,69,46,46,37,40,23,35,43,42,56,31,38,40,60,43,43,62,42,45,34,36,47,24,23,40,40,34,29,40,33,36,34,24,27,22,31,24,28,26,40,24,32,24,41,32,26,22,26,23,37,3,2,2,2,14,15,15,16,12,18,32,22,26,18,25,24,30,18,23,25,28,18,23,25,19,22,23,20,32,31,27,29,9,30,26,41,25,41,25,24,33,22,31,19,14,13,26,21,46,22,20,18,15,33,26,16,26,20,17,20,30,8,19,0,0,0,0,0,0
"Seguridad","Chihuahua","Incumplimiento de obligaciones de asistencia familiar",NA,146,144,166,167,176,197,179,170,213,173,139,87,137,126,140,153,137,123,113,151,167,140,141,98,152,147,153,125,171,175,121,159,205,193,147,94,189,184,176,192,192,199,164,195,206,192,144,102,143,150,170,153,167,144,149,176,164,186,145,110,175,160,121,39,68,131,179,174,157,144,106,105,123,142,191,133,137,177,142,208,168,176,152,130,144,151,201,144,176,199,164,211,206,186,184,148,204,187,236,224,227,234,197,264,237,234,205,132,227,226,212,228,212,203,231,264,197,269,188,137,233,235,233,216,185,187,0,0,0,0,0,0
"Seguridad","Ciudad de México","Incumplimiento de obligaciones de asistencia familiar",NA,72,66,90,73,66,96,58,83,74,82,71,42,48,102,114,109,122,130,78,53,82,62,68,67,57,66,67,64,62,67,52,48,44,37,45,45,53,48,43,44,41,39,41,41,29,48,35,28,41,49,42,32,53,35,52,37,39,41,44,65,38,48,33,14,14,12,19,37,47,75,62,44,50,35,78,73,67,97,95,60,78,89,66,60,56,65,104,71,103,74,70,102,76,82,91,46,64,67,88,80,80,89,109,109,95,94,74,72,86,97,85,88,72,90,84,92,83,92,90,76,72,69,74,101,77,78,0,0,0,0,0,0
"Seguridad","Coahuila de Zaragoza","Incumplimiento de obligaciones de asistencia familiar",NA,39,47,50,82,53,54,60,45,56,44,29,21,17,37,23,42,29,29,15,21,32,18,22,16,17,21,35,32,44,42,26,39,35,32,34,24,21,34,43,36,55,40,58,62,53,51,49,24,41,62,54,29,54,55,42,47,49,66,42,24,37,36,15,4,10,14,25,14,13,38,28,9,11,17,19,23,13,17,25,26,29,15,20,20,15,12,29,14,18,30,7,21,16,19,11,13,14,14,15,16,14,34,15,16,36,16,15,22,11,26,4,25,22,32,19,22,14,34,23,20,21,18,34,26,36,26,0,0,0,0,0,0
"Seguridad","Colima","Incumplimiento de obligaciones de asistencia familiar",NA,11,26,32,10,22,19,17,0,0,0,0,0,29,41,70,0,0,0,0,0,0,1,1,0,83,81,0,0,71,69,56,77,62,73,76,44,70,59,64,60,73,70,67,97,90,104,71,55,89,53,110,110,91,102,87,98,94,101,95,72,99,77,71,31,45,56,55,50,86,96,76,42,58,55,75,79,68,61,62,59,66,53,62,59,58,44,64,48,59,63,40,51,37,57,52,30,57,52,88,59,75,75,53,69,66,63,66,46,65,65,48,55,55,76,67,75,64,75,83,43,64,54,47,56,63,81,0,0,0,0,0,0
"Seguridad","Durango","Incumplimiento de obligaciones de asistencia familiar",NA,0,0,0,0,3,7,9,4,1,5,3,3,1,2,2,8,13,11,7,5,5,15,7,43,2,4,2,1,0,2,0,0,4,2,0,1,4,14,2,9,10,4,2,2,7,12,4,5,5,2,3,12,11,10,12,9,20,34,11,12,12,13,8,0,5,1,8,14,13,11,8,9,6,3,6,9,6,3,15,15,9,16,13,10,7,18,7,16,17,22,7,6,11,13,10,8,6,9,7,5,5,9,7,6,9,4,10,5,6,8,7,5,5,9,8,6,9,4,7,5,6,7,7,6,5,9,0,0,0,0,0,0
"Seguridad","Guanajuato","Incumplimiento de obligaciones de asistencia familiar",NA,88,99,98,64,77,76,77,87,97,109,82,91,77,86,94,97,109,116,86,109,115,103,89,53,98,72,96,72,91,76,70,107,114,124,109,73,112,177,131,166,174,141,151,197,170,162,154,97,152,156,152,157,187,166,185,192,162,205,171,136,174,162,140,41,75,101,137,128,134,176,142,130,101,149,195,170,144,172,195,205,172,202,208,169,195,170,211,150,179,174,175,181,193,220,205,147,203,196,222,226,284,277,209,265,234,243,238,164,217,219,214,236,244,201,249,261,237,233,258,144,265,220,252,214,244,229,0,0,0,0,0,0
"Seguridad","Guerrero","Incumplimiento de obligaciones de asistencia familiar",NA,98,87,105,101,103,125,91,74,45,75,97,68,63,75,79,92,68,60,49,46,66,63,57,51,47,47,67,39,43,68,36,44,49,51,44,27,32,36,39,46,37,33,45,38,48,51,41,28,40,39,52,42,43,44,44,40,51,61,53,33,39,41,36,8,9,17,24,32,47,38,37,30,43,42,50,40,36,62,48,36,33,35,47,45,40,43,63,36,46,54,44,35,37,38,57,31,37,43,55,60,54,52,58,44,42,44,29,22,28,24,24,38,31,40,36,34,40,45,39,29,41,47,60,46,51,33,0,0,0,0,0,0
"Seguridad","Hidalgo","Incumplimiento de obligaciones de asistencia familiar",NA,63,84,39,59,71,31,46,38,62,50,49,41,58,60,35,20,103,72,36,24,108,57,91,67,52,81,69,69,72,92,66,89,76,70,100,50,63,78,70,80,71,66,54,90,100,89,69,54,82,103,68,69,99,78,48,77,70,92,73,55,76,92,77,16,12,10,25,49,63,66,71,50,12,17,62,66,59,76,62,105,69,105,85,70,54,69,89,72,82,101,57,69,87,101,85,43,62,66,83,64,77,99,54,63,71,86,88,48,73,63,54,78,66,67,47,66,66,77,60,45,44,66,79,66,114,142,0,0,0,0,0,0
"Seguridad","Jalisco","Incumplimiento de obligaciones de asistencia familiar",NA,0,0,0,0,0,0,0,0,0,0,0,0,0,0,0,0,0,0,0,0,0,0,0,0,0,0,0,0,0,0,0,0,0,0,0,0,0,0,0,0,0,0,0,0,0,0,0,0,0,0,0,0,0,0,0,0,0,0,0,0,0,0,0,0,0,0,0,0,0,0,0,0,0,0,0,0,0,0,0,0,0,0,0,0,0,0,0,0,0,0,0,0,0,0,0,0,0,0,0,0,0,0,0,0,0,0,0,0,85,86,64,68,75,69,102,70,72,69,76,64,48,66,84,78,47,70,0,0,0,0,0,0
"Seguridad","Michoacán de Ocampo","Incumplimiento de obligaciones de asistencia familiar",NA,3,13,7,15,12,17,13,11,10,32,9,12,4,4,5,4,8,1,2,3,10,12,1,4,6,6,7,1,6,10,7,7,11,9,12,5,13,7,12,13,10,13,13,5,13,9,4,8,8,9,11,11,17,15,11,8,13,13,12,9,7,13,11,3,5,7,15,10,6,11,12,10,7,4,12,14,13,17,20,12,10,14,8,9,4,14,17,11,8,26,12,19,11,19,34,13,22,19,29,10,19,28,13,14,23,26,24,15,15,28,22,23,30,13,18,19,16,19,41,19,26,30,33,25,41,44,0,0,0,0,0,0
"Seguridad","Morelos","Incumplimiento de obligaciones de asistencia familiar",NA,14,26,27,20,22,18,16,26,23,27,20,14,14,34,31,28,22,29,20,30,24,25,29,21,27,27,21,28,21,38,17,19,19,29,24,21,23,24,20,29,24,25,26,22,25,34,31,16,28,15,33,30,23,25,20,30,28,38,26,21,25,29,22,5,7,5,19,27,17,38,31,22,8,14,22,24,29,25,21,34,28,29,35,17,19,26,22,26,40,33,27,28,26,37,36,19,31,31,41,23,34,26,22,25,34,38,25,25,29,39,24,37,34,29,25,27,34,37,32,25,30,30,33,37,28,34,0,0,0,0,0,0
"Seguridad","México","Incumplimiento de obligaciones de asistencia familiar",NA,292,288,276,264,278,338,242,298,298,275,282,219,171,300,233,275,261,226,167,210,254,263,217,147,213,224,194,162,240,259,216,246,226,252,186,147,164,178,188,184,160,211,158,167,194,204,163,127,156,206,204,150,213,215,186,246,195,227,189,117,174,200,155,53,58,116,123,211,232,286,212,175,112,153,216,252,229,267,236,254,246,252,249,239,204,226,302,254,285,299,219,271,237,269,216,221,218,259,311,235,241,289,207,282,283,268,256,178,252,288,209,282,295,253,238,188,268,265,290,188,223,223,250,209,238,240,0,0,0,0,0,0
"Seguridad","Nayarit","Incumplimiento de obligaciones de asistencia familiar",NA,41,79,66,80,62,73,26,57,39,60,59,17,41,48,51,63,49,46,35,44,55,40,49,9,59,29,66,16,33,36,17,32,34,23,22,24,32,30,26,34,21,18,37,35,29,35,40,23,38,72,59,30,45,51,43,43,69,41,72,11,35,44,44,18,3,10,10,16,19,35,31,35,20,46,40,25,29,81,41,86,29,28,25,20,44,70,80,49,77,65,24,84,103,92,69,47,77,86,82,75,69,65,53,59,94,95,138,58,99,76,83,89,86,62,87,72,77,88,48,66,84,60,69,63,87,74,0,0,0,0,0,0
"Seguridad","Nuevo León","Incumplimiento de obligaciones de asistencia familiar",NA,35,36,48,43,49,54,31,49,67,56,45,53,33,38,43,37,44,52,41,50,71,65,53,51,32,55,55,43,54,59,43,44,49,61,53,47,40,47,44,38,51,58,44,50,59,34,35,46,31,43,38,40,58,42,34,53,40,62,45,54,45,49,41,11,10,21,26,39,48,54,41,35,38,28,45,44,46,49,44,55,51,56,48,51,42,57,48,43,65,59,44,62,50,77,75,35,66,45,51,42,60,74,53,58,66,55,52,28,48,66,69,72,54,60,62,66,91,92,56,34,66,69,51,46,63,84,0,0,0,0,0,0
"Seguridad","Oaxaca","Incumplimiento de obligaciones de asistencia familiar",NA,0,1,0,0,1,0,0,9,0,0,6,0,7,6,7,8,10,11,4,7,9,0,7,7,0,2,4,11,2,3,4,3,0,4,7,3,9,6,8,8,8,12,7,7,11,7,6,7,15,11,12,12,15,4,14,9,14,16,13,7,10,13,15,6,6,7,7,10,16,13,10,10,14,7,17,9,6,13,11,20,15,19,12,16,11,11,14,14,11,10,9,10,14,20,9,10,8,14,23,15,18,25,22,23,20,21,14,13,22,14,19,18,20,22,20,26,14,18,12,19,21,20,13,20,26,28,0,0,0,0,0,0
"Seguridad","Puebla","Incumplimiento de obligaciones de asistencia familiar",NA,1,0,0,1,0,2,1,0,1,1,4,0,0,1,0,0,0,0,3,3,2,1,3,1,1,1,3,0,0,0,4,1,2,3,1,1,0,1,2,2,1,4,4,5,3,4,1,2,1,3,2,1,2,4,3,5,3,5,3,1,4,32,31,15,19,15,23,24,28,23,31,28,18,24,30,20,25,22,35,26,22,33,22,14,26,33,27,21,23,27,23,25,18,26,29,16,21,31,37,33,28,27,29,29,31,37,40,19,35,36,35,41,57,49,44,45,40,68,77,55,41,45,45,49,49,41,0,0,0,0,0,0
"Seguridad","Querétaro","Incumplimiento de obligaciones de asistencia familiar",NA,67,75,59,61,64,66,67,85,66,79,76,47,58,57,79,69,92,50,103,75,74,63,63,46,63,50,84,77,78,87,76,68,85,79,57,44,69,72,50,63,52,74,38,56,43,64,53,29,43,39,73,53,63,66,58,71,52,82,52,45,75,71,60,11,9,18,57,47,45,62,55,45,29,32,67,50,37,42,51,44,45,51,57,44,60,63,66,61,60,64,50,71,61,74,65,40,54,59,86,66,95,73,70,95,76,65,51,54,71,61,59,72,80,55,60,66,69,61,49,36,58,44,66,61,48,56,0,0,0,0,0,0
"Seguridad","Quintana Roo","Incumplimiento de obligaciones de asistencia familiar",NA,66,91,120,110,77,119,127,129,138,111,108,72,84,85,76,74,25,26,25,47,62,56,67,34,48,57,89,59,75,101,78,81,74,94,76,47,53,75,53,74,55,65,78,64,58,83,71,64,78,79,74,66,63,47,79,66,51,66,48,47,55,47,41,4,2,28,36,52,69,45,49,60,43,52,65,51,55,62,44,41,56,43,59,29,26,41,42,37,44,55,32,52,43,41,61,30,45,43,51,42,43,58,39,30,50,57,37,34,45,51,30,49,53,41,33,48,56,57,55,46,43,58,38,50,63,55,0,0,0,0,0,0
"Seguridad","San Luis Potosí","Incumplimiento de obligaciones de asistencia familiar",NA,32,44,72,41,25,30,29,27,33,43,26,33,23,46,23,29,14,32,18,37,39,41,36,19,42,48,54,43,37,41,29,37,32,24,27,12,25,19,25,28,25,26,29,32,25,28,26,20,51,42,47,43,55,49,56,38,49,50,43,35,46,50,43,14,16,22,39,33,33,36,31,35,31,28,35,47,56,44,41,43,52,45,45,32,38,30,57,43,48,56,49,47,59,63,57,44,75,54,67,69,75,84,47,68,52,54,39,41,38,49,40,63,70,41,66,53,46,61,48,34,50,41,65,55,51,48,0,0,0,0,0,0
"Seguridad","Sinaloa","Incumplimiento de obligaciones de asistencia familiar",NA,26,16,20,23,12,8,16,17,12,12,6,4,26,27,31,37,39,33,11,13,13,5,7,5,10,10,9,6,9,13,6,6,10,10,10,7,11,12,11,9,10,9,1,11,12,18,10,8,9,8,15,6,10,14,11,9,11,20,16,10,15,11,18,0,2,2,5,6,14,11,12,12,11,6,12,18,16,17,9,5,16,11,10,19,12,9,14,12,21,17,11,15,8,16,15,10,17,24,19,14,21,22,9,14,27,22,20,14,15,18,13,27,29,24,23,23,17,24,29,14,10,25,20,9,21,21,0,0,0,0,0,0
"Seguridad","Sonora","Incumplimiento de obligaciones de asistencia familiar",NA,161,257,310,266,282,308,193,200,289,303,275,169,203,279,293,315,305,293,214,176,182,237,159,113,187,168,215,182,186,213,71,221,186,196,151,101,110,98,107,127,114,133,100,151,133,82,93,79,160,159,115,132,195,223,179,180,214,247,181,116,104,130,126,26,19,25,107,139,214,200,188,200,145,214,315,225,205,247,136,157,149,172,183,119,80,124,152,121,117,158,94,147,160,159,116,87,107,113,142,123,136,141,115,167,207,210,240,106,153,169,136,142,154,187,151,165,237,365,436,256,170,242,232,275,218,186,0,0,0,0,0,0
"Seguridad","Tabasco","Incumplimiento de obligaciones de asistencia familiar",NA,156,174,208,171,145,111,169,211,172,197,156,106,138,171,157,170,190,206,188,211,187,171,164,107,197,144,185,143,169,185,143,158,125,121,111,80,116,116,117,139,132,103,98,133,129,137,74,72,114,116,125,128,122,102,127,121,124,109,87,59,101,84,93,1,10,56,67,97,110,89,72,75,84,98,101,100,91,111,85,87,91,88,110,61,91,71,85,76,90,103,85,108,88,78,81,62,102,87,122,75,119,100,64,87,75,105,90,64,68,69,81,92,98,85,85,102,92,91,101,49,92,85,113,90,110,108,0,0,0,0,0,0
"Seguridad","Tamaulipas","Incumplimiento de obligaciones de asistencia familiar",NA,164,167,167,163,189,209,171,165,182,191,187,163,157,192,163,185,225,278,210,309,308,277,256,225,226,203,214,147,195,196,174,246,213,178,156,85,132,134,165,189,170,173,163,201,199,211,137,101,138,158,145,154,162,166,179,220,164,159,143,101,132,115,92,23,54,91,64,115,130,151,122,86,120,113,163,157,126,118,164,166,145,154,131,96,101,123,139,134,130,154,108,184,158,181,128,88,157,120,185,157,189,166,132,180,197,146,131,70,137,165,113,137,134,129,112,153,121,118,122,65,107,133,133,110,136,131,0,0,0,0,0,0
"Seguridad","Tlaxcala","Incumplimiento de obligaciones de asistencia familiar",NA,5,15,19,21,19,15,6,25,36,57,44,24,32,27,22,16,16,15,17,23,12,6,2,7,8,1,2,0,4,1,2,3,4,7,7,3,5,3,1,3,5,4,4,6,2,2,6,0,3,4,8,3,2,0,7,4,10,2,4,2,4,6,3,0,0,0,0,0,3,5,10,3,1,5,11,4,7,8,11,10,0,2,0,0,1,6,2,4,4,2,1,0,0,1,0,0,0,0,0,0,0,0,0,0,0,0,0,0,0,0,2,4,4,2,2,0,2,2,3,0,8,5,10,3,2,4,0,0,0,0,0,0
"Seguridad","Veracruz de Ignacio de la Llave","Incumplimiento de obligaciones de asistencia familiar",NA,77,95,63,152,170,111,59,139,144,138,93,56,114,116,126,122,86,104,80,95,88,88,93,67,104,104,129,111,102,140,138,142,151,130,87,39,85,116,89,132,107,101,62,74,75,82,35,30,135,141,156,138,161,147,152,142,135,125,106,101,95,114,111,42,49,76,86,102,132,132,96,103,103,117,165,141,122,139,107,123,146,130,126,117,97,109,141,99,102,130,113,136,118,121,120,140,105,83,132,107,116,126,98,133,117,117,97,77,101,122,108,121,135,104,82,97,110,91,75,65,73,105,91,100,82,76,0,0,0,0,0,0
"Seguridad","Yucatán","Incumplimiento de obligaciones de asistencia familiar",NA,116,84,134,108,104,76,105,104,87,119,99,76,113,103,103,128,119,90,92,99,96,92,90,60,115,81,111,79,103,77,59,45,69,67,49,26,51,33,40,35,31,39,5,37,40,51,50,40,46,49,43,22,34,16,30,31,28,33,23,24,22,22,14,0,10,14,20,10,16,26,27,12,26,18,34,26,26,12,4,4,9,7,2,4,7,5,8,5,7,4,15,13,10,10,16,10,8,9,9,12,5,8,10,10,12,7,12,13,17,7,8,9,17,4,6,15,5,14,8,11,11,11,7,14,14,15,0,0,0,0,0,0
"Seguridad","Zacatecas","Incumplimiento de obligaciones de asistencia familiar",NA,13,15,14,20,18,15,9,20,16,18,17,14,13,14,18,10,22,16,12,15,17,28,20,22,22,25,28,18,25,29,13,30,26,32,34,20,24,24,28,34,35,31,18,39,26,41,29,30,46,36,49,42,60,53,38,54,51,53,59,44,48,58,36,7,19,49,38,37,35,38,42,29,32,51,45,49,50,62,45,60,58,71,62,32,42,46,54,53,64,63,46,63,44,81,53,29,49,63,81,53,82,104,69,36,85,76,63,35,75,57,66,80,73,60,59,84,68,70,55,37,71,64,87,65,86,81,0,0,0,0,0,0
"Seguridad","Aguascalientes","Lesiones",NA,228,238,292,340,317,330,309,334,279,283,240,238,189,182,205,236,211,233,202,215,261,312,255,270,228,221,273,251,380,470,412,464,431,432,391,299,330,387,473,477,486,396,458,400,396,438,390,388,301,307,383,458,464,467,409,432,475,453,431,423,364,367,448,362,332,389,387,361,363,356,290,341,305,320,424,421,400,405,365,375,387,374,344,371,308,343,403,450,499,415,385,409,390,397,348,334,365,382,441,386,444,460,381,374,407,409,351,346,370,352,481,423,485,426,367,338,436,409,392,352,310,378,419,371,420,366,0,0,0,0,0,0
"Seguridad","Baja California","Lesiones",NA,1132,1133,1321,1275,1326,1428,1394,1407,1390,1305,1107,1107,959,1160,1128,1189,1215,1135,1012,1045,929,1033,813,776,804,707,945,983,990,1005,1058,1064,1049,962,869,772,792,661,868,867,859,916,904,879,848,825,712,678,641,551,691,713,714,783,864,797,825,850,747,713,628,644,659,426,480,608,650,686,645,629,570,482,444,479,597,589,594,633,685,648,549,605,508,493,439,475,614,630,625,641,579,663,723,608,500,550,464,508,555,600,690,752,767,693,728,786,652,657,561,523,626,649,684,618,515,596,520,544,469,505,414,414,478,485,543,585,0,0,0,0,0,0
"Seguridad","Baja California Sur","Lesiones",NA,110,123,115,145,115,162,97,133,142,121,172,130,127,149,153,149,165,205,202,183,166,185,158,141,116,140,137,158,170,167,177,172,179,208,170,163,154,107,165,143,179,193,186,146,142,175,156,144,144,134,147,144,151,213,194,160,164,143,144,151,147,157,183,85,101,156,160,176,176,147,139,143,129,138,142,152,204,155,169,173,153,174,157,186,141,128,168,182,202,202,169,152,144,177,153,164,147,151,197,200,189,202,228,173,195,210,182,181,177,189,209,228,234,213,251,215,188,216,187,185,156,183,210,175,241,193,0,0,0,0,0,0
"Seguridad","Campeche","Lesiones",NA,2,9,9,10,30,20,15,22,13,21,20,20,18,16,17,22,11,6,9,10,21,18,21,12,16,17,18,9,17,9,19,13,15,18,13,15,14,18,16,17,14,15,14,18,19,12,5,21,21,23,18,16,13,11,14,7,12,16,15,11,12,14,15,6,9,14,11,10,7,14,14,11,13,13,17,22,14,13,15,13,13,15,289,347,349,324,392,349,321,391,432,345,398,405,397,411,360,342,437,425,482,506,449,359,278,299,262,312,292,290,348,350,358,293,155,73,98,79,84,84,84,80,91,76,94,74,0,0,0,0,0,0
"Seguridad","Chiapas","Lesiones",NA,132,115,132,128,130,126,105,94,120,124,137,113,113,141,161,147,161,142,129,176,154,157,160,177,188,147,187,175,157,148,168,162,138,159,178,176,156,159,185,196,224,199,199,203,190,190,188,174,155,136,121,122,131,127,124,126,123,110,127,133,113,137,141,81,56,67,83,82,107,107,108,104,104,98,125,109,114,115,89,117,88,126,123,119,87,95,118,121,143,126,117,128,135,161,143,146,168,164,203,177,189,195,183,211,107,134,126,123,126,129,126,166,128,112,118,122,95,131,160,161,143,137,144,63,73,46,0,0,0,0,0,0
"Seguridad","Chihuahua","Lesiones",NA,316,329,383,401,509,523,435,469,426,422,347,312,310,336,357,344,446,452,361,357,360,382,360,297,314,306,397,422,447,483,369,420,395,449,417,359,318,366,381,381,526,483,426,394,427,418,349,376,334,312,382,443,515,552,574,572,579,602,434,483,395,469,497,369,386,500,439,475,504,439,309,394,398,432,499,519,623,639,514,588,577,547,429,448,350,335,466,518,547,585,503,475,465,457,417,392,356,414,488,486,586,599,593,527,585,520,412,396,421,450,511,577,653,607,676,638,603,584,523,510,430,529,599,522,681,708,0,0,0,0,0,0
"Seguridad","Ciudad de México","Lesiones",NA,829,875,985,974,991,865,946,965,956,969,955,952,761,800,874,872,908,854,904,937,958,1011,899,890,917,899,959,845,1054,915,889,964,944,1024,937,926,865,863,1036,901,1017,957,928,954,1019,976,937,932,844,845,972,936,974,806,830,878,988,995,956,912,719,868,876,533,431,495,616,639,648,757,664,661,543,648,756,795,858,728,726,718,796,812,813,800,714,739,874,962,1004,969,851,897,934,938,817,843,777,770,948,793,808,896,813,819,873,1024,921,863,820,866,977,920,1019,922,789,857,941,909,891,787,753,809,923,929,912,743,0,0,0,0,0,0
"Seguridad","Coahuila de Zaragoza","Lesiones",NA,396,394,400,586,505,575,608,481,500,558,370,459,340,379,460,470,468,713,418,445,639,472,348,513,353,361,505,429,514,657,447,580,497,431,494,341,334,438,603,484,682,570,441,569,432,422,473,361,303,470,372,359,566,514,388,527,386,513,308,298,356,331,404,298,279,382,388,333,364,436,289,281,265,294,323,449,473,423,455,367,472,321,301,346,321,294,459,393,481,551,413,378,465,351,312,357,335,362,548,389,418,561,407,386,551,360,400,417,321,563,424,451,603,505,408,539,418,568,424,374,418,457,467,518,567,565,0,0,0,0,0,0
"Seguridad","Colima","Lesiones",NA,30,24,24,29,23,26,21,19,13,22,39,24,78,82,90,68,57,6,8,9,2,9,12,6,159,141,142,118,174,169,143,133,159,151,164,143,162,124,154,116,160,126,155,133,143,159,144,152,127,154,172,164,156,170,134,133,130,134,168,155,133,153,170,140,119,166,140,122,151,160,152,175,151,128,177,152,155,173,153,130,158,165,151,179,177,130,163,181,148,150,155,136,135,170,176,154,179,151,170,159,161,177,179,161,143,142,159,170,131,156,150,159,188,163,154,154,175,185,148,176,156,152,189,168,184,192,0,0,0,0,0,0
"Seguridad","Durango","Lesiones",NA,207,252,269,327,399,367,359,336,348,401,335,321,258,304,336,408,482,503,369,368,421,437,410,418,375,357,396,432,476,465,384,410,433,409,401,356,288,314,361,345,332,320,299,336,332,324,332,326,259,279,233,249,249,281,288,237,320,309,302,313,233,276,255,145,138,204,255,297,268,245,220,206,271,348,323,333,378,311,312,359,296,320,280,327,287,210,344,343,372,340,329,339,297,313,279,325,259,202,309,251,311,306,257,296,282,291,255,217,210,200,223,231,276,259,219,266,231,271,226,199,204,217,270,231,273,247,0,0,0,0,0,0
"Seguridad","Guanajuato","Lesiones",NA,796,884,953,893,970,905,884,905,915,893,799,860,672,747,810,890,966,1025,921,900,1017,964,893,958,900,829,965,874,1158,1018,874,1083,996,1073,1010,1027,866,1006,1229,1252,1348,1096,1174,1182,1180,1196,1062,1103,1142,1093,1304,1315,1371,1292,1150,1207,1254,1190,1073,1134,1031,1069,1123,778,728,863,856,879,961,1030,902,932,820,798,1193,1195,1239,984,939,1010,1072,1079,1035,1125,993,968,1192,1174,1293,1239,1058,1136,1107,1244,1097,1137,1086,1110,1370,1215,1419,1368,1168,1162,1311,1275,1299,1156,1173,1204,1251,1411,1643,1438,1303,1324,1401,1492,1447,1401,1142,1384,1582,1550,1591,1445,0,0,0,0,0,0
"Seguridad","Guerrero","Lesiones",NA,283,274,333,340,345,283,297,253,244,287,293,297,296,269,310,306,370,252,290,279,331,345,309,317,301,298,344,278,309,285,249,250,248,301,247,268,220,237,283,277,318,254,276,259,216,276,256,231,226,236,280,267,316,247,246,224,255,230,281,249,225,256,232,182,133,141,165,177,223,207,205,216,202,190,258,240,267,226,242,187,227,226,244,267,288,247,279,300,308,270,301,261,268,320,333,294,302,278,333,299,328,310,272,226,260,254,264,268,288,278,262,301,331,295,253,282,227,268,295,265,299,291,344,306,354,243,0,0,0,0,0,0
"Seguridad","Hidalgo","Lesiones",NA,297,430,251,319,380,247,197,282,365,183,347,395,346,313,289,233,409,464,128,351,468,445,482,409,562,417,450,493,660,496,460,625,544,446,562,469,541,389,602,729,723,606,606,628,615,611,553,535,772,597,519,610,554,447,500,449,483,485,416,382,517,486,566,390,348,392,471,440,438,570,549,425,283,346,624,462,528,421,380,381,398,506,516,601,538,461,597,584,628,488,454,492,518,513,518,416,501,463,532,482,564,556,532,452,617,519,597,422,514,526,454,500,580,495,306,387,430,422,410,322,431,375,461,580,546,698,0,0,0,0,0,0
"Seguridad","Jalisco","Lesiones",NA,799,733,860,983,993,902,903,1025,1095,1108,935,949,970,869,986,1177,1025,1317,1142,1149,1167,1216,1163,1148,1115,1127,1144,1081,1383,1268,1071,1144,1049,1187,1146,992,959,954,1146,1070,1107,1065,1063,1050,1006,1090,936,945,963,925,1135,980,1012,923,971,988,1032,1034,938,934,865,844,903,701,818,858,794,827,836,935,790,866,725,776,930,1002,956,917,904,908,836,919,839,886,815,818,925,960,1029,979,869,946,944,992,937,983,970,934,1131,1059,1086,1235,1060,1064,1078,1078,1103,1019,1073,1041,1147,1113,1180,1106,1042,981,1110,1086,1056,1046,1069,1055,1224,1227,1227,1013,0,0,0,0,0,0
"Seguridad","Michoacán de Ocampo","Lesiones",NA,245,284,273,364,390,378,403,404,389,455,390,355,401,395,408,478,392,339,396,412,399,365,396,408,363,424,437,564,580,599,554,542,606,689,602,579,603,562,716,679,687,605,594,517,545,599,504,590,591,547,681,636,698,627,578,613,567,621,615,599,589,583,732,587,627,657,608,626,625,671,661,622,579,527,682,668,743,657,626,595,603,724,656,738,625,612,732,671,797,591,623,656,625,698,685,610,635,629,723,688,768,761,590,589,669,675,660,594,626,635,731,794,854,732,612,619,662,688,754,598,611,703,725,734,700,613,0,0,0,0,0,0
"Seguridad","Morelos","Lesiones",NA,331,406,468,406,373,390,378,354,385,426,395,374,319,416,448,449,518,403,409,386,387,473,356,398,384,363,431,397,415,400,350,413,353,418,364,357,359,417,447,415,393,344,406,299,421,383,329,353,308,290,362,386,372,322,307,337,296,315,343,334,286,306,292,243,197,239,325,337,297,308,316,305,264,251,310,358,352,283,259,318,329,328,259,322,282,290,372,296,374,315,351,276,287,341,350,317,361,309,407,339,346,355,274,273,331,315,322,290,298,368,318,362,378,330,266,289,334,337,316,310,291,341,345,346,389,296,0,0,0,0,0,0
"Seguridad","México","Lesiones",NA,4788,4851,5498,5551,5648,5561,5300,5354,5390,5512,5149,5114,3819,4877,5104,5650,6097,4135,3830,4072,4495,4616,4252,4676,4025,3860,4876,4864,5594,5236,4765,4964,5004,5195,4772,4694,3682,3708,4335,4719,5058,4519,4538,4157,4725,4714,4098,4433,3850,4379,5447,4746,5650,5411,4817,5323,5249,5079,4848,4837,4263,4884,5503,4229,3442,3947,4391,4420,4416,4687,4368,4155,3758,4210,5555,5292,5689,4851,4693,4497,4489,5145,4596,4917,4183,4359,5473,5688,6452,5446,5090,5002,5187,5488,5074,4663,4759,5052,5687,5148,5331,5922,4808,4882,5520,5454,5006,4629,4769,4938,5540,5159,6224,5304,4759,4462,5041,4762,4939,4816,4578,4654,5443,4768,4967,4387,0,0,0,0,0,0
"Seguridad","Nayarit","Lesiones",NA,47,52,68,60,70,91,52,46,54,61,59,43,35,30,29,26,31,26,23,28,24,14,22,16,20,16,18,12,11,13,7,11,7,14,12,18,10,19,15,22,24,19,14,19,16,7,14,14,22,27,28,24,34,20,17,20,19,21,22,11,19,23,13,9,16,17,15,19,27,29,19,15,18,16,25,26,19,15,23,23,31,27,15,28,16,32,37,46,48,58,47,65,76,93,62,64,96,81,71,82,100,71,68,137,117,132,94,58,105,92,88,100,135,124,125,98,130,96,70,80,91,102,84,100,83,60,0,0,0,0,0,0
"Seguridad","Nuevo León","Lesiones",NA,634,596,611,700,702,771,684,639,816,840,644,624,514,573,656,631,698,848,815,785,761,791,760,675,663,677,770,646,768,873,747,858,743,736,705,640,539,518,609,612,710,697,690,730,668,651,577,565,462,367,483,466,524,569,528,609,510,587,445,407,425,562,409,293,248,391,332,442,501,536,520,584,471,494,428,478,502,499,478,606,530,569,746,727,647,484,587,528,655,640,556,819,767,593,603,563,667,624,748,579,683,768,644,798,678,627,550,491,468,599,565,847,746,613,705,624,705,703,537,435,348,375,389,400,417,457,0,0,0,0,0,0
"Seguridad","Oaxaca","Lesiones",NA,0,167,0,0,234,0,0,157,0,0,186,0,414,447,393,365,486,377,412,416,397,0,386,347,375,277,390,411,379,335,338,365,352,455,400,407,473,521,535,498,516,528,510,441,475,446,448,417,411,464,538,499,552,535,484,494,465,487,504,491,448,461,518,375,395,344,358,369,398,389,431,368,399,340,456,447,476,398,378,338,339,359,394,420,378,373,427,477,505,355,379,438,429,460,419,424,404,387,491,422,417,367,382,376,389,405,383,388,397,362,412,445,458,341,389,359,357,363,378,409,366,278,285,284,337,292,0,0,0,0,0,0
"Seguridad","Puebla","Lesiones",NA,689,697,802,845,838,773,733,739,790,792,745,625,524,630,697,748,811,618,267,222,331,230,172,222,226,210,233,240,205,202,204,201,211,216,251,244,185,194,234,239,180,205,264,217,294,252,261,289,262,481,724,611,689,581,628,531,410,490,444,422,422,406,452,361,383,372,409,458,512,572,522,450,430,431,641,582,642,568,582,484,510,621,575,643,560,521,593,602,695,598,576,519,595,591,509,475,536,525,661,534,569,587,534,449,536,521,462,474,514,483,567,498,641,506,572,498,551,488,529,424,468,523,680,554,516,472,0,0,0,0,0,0
"Seguridad","Querétaro","Lesiones",NA,213,236,250,289,278,285,267,283,271,298,341,334,216,219,264,298,327,405,390,477,440,448,399,473,443,368,437,427,639,519,441,482,445,471,417,438,384,400,523,533,585,501,602,504,491,600,477,487,480,483,574,548,694,591,576,539,603,548,463,563,409,497,579,496,366,471,538,457,497,496,411,427,372,396,569,583,546,509,488,483,427,448,452,518,426,405,424,437,555,449,395,434,441,516,490,448,482,458,574,509,587,566,491,486,508,497,419,416,462,446,513,609,645,512,450,444,445,475,518,501,478,486,591,486,564,431,0,0,0,0,0,0
"Seguridad","Quintana Roo","Lesiones",NA,230,241,330,313,330,296,339,338,338,317,291,284,226,140,138,115,139,119,137,119,116,175,263,179,132,148,170,138,160,171,140,165,166,193,278,270,255,240,252,258,268,254,302,280,234,251,230,225,255,236,298,257,300,293,338,311,274,257,233,222,270,233,293,143,127,229,239,319,291,298,263,279,301,267,349,312,356,321,329,337,335,332,338,386,300,324,389,364,459,388,384,431,380,430,411,414,424,403,453,427,443,485,433,390,408,462,411,400,395,376,456,406,446,351,436,400,443,349,379,444,377,402,430,370,480,472,0,0,0,0,0,0
"Seguridad","San Luis Potosí","Lesiones",NA,205,204,328,192,268,238,208,182,249,207,217,225,129,257,194,330,356,399,450,456,484,369,349,407,430,361,462,449,523,392,282,323,298,307,253,251,231,246,272,286,341,333,335,323,292,313,356,290,345,392,455,464,548,472,490,504,416,474,377,387,347,402,433,261,298,381,424,325,378,374,321,335,300,271,440,413,453,450,374,380,346,341,360,383,284,310,391,397,474,414,402,396,371,371,392,342,406,361,430,422,423,464,406,362,457,457,370,344,356,390,391,460,556,450,361,372,406,426,412,367,344,394,471,432,449,388,0,0,0,0,0,0
"Seguridad","Sinaloa","Lesiones",NA,302,275,306,316,343,298,277,241,239,259,213,210,178,167,201,208,185,225,180,154,156,194,167,130,161,133,178,150,206,204,178,174,199,226,180,143,164,197,213,215,230,233,216,204,220,258,180,170,193,169,233,248,235,228,230,215,242,269,262,210,239,249,248,160,208,222,210,250,267,253,306,310,244,295,315,297,324,298,273,295,276,329,294,277,283,287,351,365,358,418,296,424,352,355,365,301,348,312,400,318,399,432,328,356,400,386,343,338,317,364,337,402,422,376,352,354,322,381,388,322,343,324,379,370,403,421,0,0,0,0,0,0
"Seguridad","Sonora","Lesiones",NA,151,198,231,214,238,205,191,168,207,187,172,231,227,280,272,333,309,575,495,171,218,218,155,152,213,143,241,218,212,286,128,223,171,185,146,104,74,120,116,153,114,123,90,104,100,152,93,71,126,106,113,120,116,146,117,124,174,158,167,121,129,166,150,143,193,169,226,205,263,339,228,206,202,265,359,320,253,264,230,210,239,279,256,229,197,178,271,275,299,278,223,226,276,217,245,239,211,233,264,207,257,236,218,209,215,267,247,175,171,202,170,197,203,213,189,178,243,218,282,154,118,188,172,196,156,174,0,0,0,0,0,0
"Seguridad","Tabasco","Lesiones",NA,391,432,473,560,555,562,529,430,476,508,495,433,413,447,537,599,650,601,502,473,442,480,429,458,497,409,503,513,586,495,546,456,473,495,446,418,377,452,478,468,506,469,509,453,429,511,351,372,433,447,443,515,579,529,515,466,448,421,359,401,425,459,471,196,178,375,423,466,467,483,460,442,398,440,595,498,493,525,481,464,458,444,361,421,374,355,466,436,564,411,456,435,390,419,368,401,434,357,474,362,429,418,382,397,401,390,303,350,330,334,415,419,448,406,430,373,362,317,339,376,347,386,484,404,392,393,0,0,0,0,0,0
"Seguridad","Tamaulipas","Lesiones",NA,313,384,425,424,448,493,451,444,474,450,346,377,255,337,321,347,352,362,375,303,433,410,389,407,330,344,347,361,373,385,292,348,347,334,335,269,287,288,305,329,350,351,338,306,286,338,243,251,269,238,309,342,389,323,298,346,334,298,272,248,243,278,281,193,191,230,211,227,263,247,267,234,207,226,283,331,282,291,258,290,254,294,283,287,194,230,287,341,336,320,297,296,302,335,286,304,286,262,359,309,325,383,330,320,364,342,264,255,242,293,348,325,417,307,282,304,332,341,287,295,229,249,332,305,348,318,0,0,0,0,0,0
"Seguridad","Tlaxcala","Lesiones",NA,146,159,100,142,72,58,44,51,52,56,33,39,24,37,26,22,21,30,13,24,28,18,32,17,25,28,26,14,20,18,18,25,24,38,39,36,24,16,31,21,27,23,35,44,27,18,25,44,22,27,20,32,28,23,30,21,24,35,24,24,23,32,32,22,31,22,16,28,29,21,32,20,23,36,29,30,34,34,19,16,26,30,24,16,17,22,39,19,24,25,18,11,24,11,22,19,9,17,15,22,20,19,17,15,11,14,8,13,9,15,14,11,17,9,3,6,12,17,11,4,12,19,14,12,9,7,0,0,0,0,0,0
"Seguridad","Veracruz de Ignacio de la Llave","Lesiones",NA,330,476,467,488,470,445,412,407,507,441,427,270,253,264,347,394,444,368,359,342,372,342,380,376,526,543,607,538,569,559,572,588,568,567,491,473,463,476,588,616,541,595,509,491,550,516,456,492,534,818,765,832,896,756,693,750,847,776,744,728,697,749,796,607,519,666,643,692,707,742,732,641,657,635,798,913,776,781,676,630,701,734,651,734,625,588,853,808,905,778,762,801,736,708,812,714,674,723,865,796,880,946,836,749,843,853,770,684,726,785,860,977,988,952,853,683,725,758,698,698,565,672,822,723,837,747,0,0,0,0,0,0
"Seguridad","Yucatán","Lesiones",NA,314,340,356,418,377,369,321,378,257,287,297,334,292,303,351,340,396,279,289,332,261,310,269,261,263,240,258,257,273,192,85,54,47,37,43,43,30,34,40,47,60,37,33,49,34,35,22,24,20,20,54,30,39,40,34,24,51,50,52,35,34,46,26,16,10,17,11,8,35,24,18,19,34,18,32,44,51,26,15,6,10,18,13,13,10,12,16,16,53,20,16,16,16,17,11,12,24,8,15,16,15,17,21,11,13,23,24,18,32,24,51,15,17,13,13,15,4,17,17,18,23,20,16,14,15,24,0,0,0,0,0,0
"Seguridad","Zacatecas","Lesiones",NA,136,142,145,165,171,192,162,143,164,182,157,139,139,131,138,167,202,167,131,155,131,178,134,138,150,97,149,147,179,170,129,151,138,154,123,148,152,138,139,151,167,165,155,141,173,175,131,166,163,143,158,200,257,262,213,197,232,250,207,200,216,205,201,171,164,280,206,213,221,179,173,221,195,181,238,241,256,214,162,194,180,225,187,191,166,149,208,209,250,222,199,208,173,208,165,174,192,201,197,202,355,383,393,178,288,265,243,244,204,213,252,256,276,233,196,186,220,252,231,256,230,186,241,226,270,212,0,0,0,0,0,0
"Seguridad","Aguascalientes","Narcomenudeo",NA,37,50,43,44,53,53,51,81,45,58,45,54,70,102,107,63,61,18,41,45,43,62,58,47,68,50,69,52,62,51,67,73,78,90,62,120,95,101,128,108,106,119,176,187,215,166,136,179,183,184,222,192,184,209,238,285,265,94,75,75,336,322,314,144,244,276,207,58,55,57,40,46,206,310,235,54,59,39,39,37,44,29,31,30,232,223,259,155,162,173,190,171,118,131,125,140,196,208,234,177,158,133,198,203,153,183,166,172,191,160,212,159,138,165,202,190,160,199,191,215,274,244,224,210,163,218,0,0,0,0,0,0
"Seguridad","Baja California","Narcomenudeo",NA,0,0,0,0,0,0,0,0,0,0,0,0,0,0,0,0,0,72,214,264,285,318,287,323,308,365,394,461,463,467,532,588,522,601,526,518,639,682,702,748,679,612,615,611,565,681,679,642,847,733,801,899,919,810,872,892,688,980,899,967,930,952,911,788,782,833,866,785,627,700,687,1055,1132,979,689,623,527,467,531,561,542,678,632,690,731,801,844,796,860,829,777,863,773,853,797,731,848,808,875,750,926,877,789,890,869,788,693,726,807,722,761,701,738,660,745,665,539,622,620,600,721,688,690,724,800,786,0,0,0,0,0,0
"Seguridad","Baja California Sur","Narcomenudeo",NA,57,58,89,87,75,34,31,29,17,56,44,27,24,36,30,43,44,15,28,49,32,55,40,66,89,107,79,56,56,55,28,52,45,32,26,19,33,39,44,49,44,88,53,70,63,69,47,42,55,35,62,53,42,48,36,38,37,32,27,14,33,49,51,25,29,39,42,23,40,37,46,22,35,44,42,38,47,30,40,28,38,39,32,22,38,54,48,45,40,47,38,32,36,53,52,36,48,46,62,47,67,70,80,103,44,51,52,38,70,82,65,91,82,76,126,99,93,111,71,88,113,112,80,75,108,96,0,0,0,0,0,0
"Seguridad","Campeche","Narcomenudeo",NA,2,6,3,3,17,3,4,3,1,7,6,3,5,7,8,3,6,4,5,3,5,6,6,8,7,17,13,6,20,14,7,11,16,17,13,11,4,3,10,13,9,6,6,12,5,5,14,3,5,17,9,5,11,10,8,11,15,8,8,9,10,8,11,7,4,6,4,15,18,12,10,6,19,12,14,2,14,12,13,19,2,13,15,10,15,15,17,15,20,21,26,21,20,14,23,17,28,20,24,20,22,25,21,33,13,30,21,15,41,44,26,17,14,15,28,38,25,33,39,30,36,35,21,21,34,31,0,0,0,0,0,0
"Seguridad","Chiapas","Narcomenudeo",NA,39,65,92,45,65,49,35,78,64,64,86,42,34,36,28,22,23,26,29,38,44,46,60,50,44,73,52,47,46,60,74,80,66,61,72,50,57,67,56,59,81,75,71,128,107,88,75,45,84,90,83,63,54,70,78,65,56,75,75,59,109,84,91,51,59,59,144,111,111,113,90,81,81,82,62,78,119,132,128,139,139,235,181,111,235,265,406,420,207,72,43,63,44,50,51,37,53,40,44,36,40,25,31,37,23,20,16,20,16,14,7,12,13,4,5,9,16,28,19,112,242,171,160,173,122,55,0,0,0,0,0,0
"Seguridad","Chihuahua","Narcomenudeo",NA,150,219,256,247,266,200,262,257,258,367,246,336,427,390,509,432,445,278,246,231,198,414,600,621,850,795,753,780,589,642,712,709,514,566,527,582,787,1010,827,735,664,421,395,520,596,560,437,580,676,653,549,532,774,661,757,695,684,700,410,511,550,417,496,688,682,702,807,771,635,720,709,818,710,636,674,485,452,307,323,286,284,431,289,224,331,338,345,207,245,275,283,251,288,387,271,304,263,232,261,237,269,238,276,233,296,287,314,305,371,430,496,503,471,418,559,476,431,329,284,293,357,291,275,297,311,290,0,0,0,0,0,0
"Seguridad","Ciudad de México","Narcomenudeo",NA,114,112,121,119,148,103,121,124,137,164,130,129,135,138,127,160,117,84,89,98,103,115,128,111,157,153,164,149,169,193,204,318,258,294,299,267,357,292,363,391,415,316,394,514,615,1006,901,410,474,428,420,320,403,531,686,710,597,553,447,528,654,565,444,316,502,419,542,577,419,380,341,245,313,357,430,449,438,541,533,508,395,399,328,232,358,409,523,385,397,339,340,389,334,350,332,238,393,390,415,365,494,359,376,356,359,300,298,274,362,414,403,496,405,361,449,378,298,437,508,389,680,604,564,498,497,488,0,0,0,0,0,0
"Seguridad","Coahuila de Zaragoza","Narcomenudeo",NA,191,185,170,241,155,196,208,201,183,242,205,154,255,239,228,114,154,232,211,199,211,202,170,273,218,213,302,210,211,308,321,365,331,298,292,187,503,384,534,468,641,485,461,768,557,551,650,488,684,819,794,599,720,635,624,786,665,886,714,684,1115,938,882,805,697,860,870,814,711,719,801,860,999,756,818,868,737,740,956,812,925,779,739,595,1108,942,1064,925,823,1013,858,836,984,738,816,925,934,856,1101,721,512,750,880,624,805,694,555,622,584,854,655,782,696,723,790,1027,627,841,657,495,545,491,484,516,399,332,0,0,0,0,0,0
"Seguridad","Colima","Narcomenudeo",NA,57,48,49,51,34,28,53,39,36,23,43,32,39,29,56,0,95,0,55,81,45,52,46,29,66,68,76,86,79,71,68,101,99,94,67,64,73,76,67,81,65,85,93,129,113,113,121,132,246,147,160,162,98,126,160,142,122,131,108,97,157,123,146,60,104,75,87,82,67,84,113,103,121,110,140,123,116,109,130,107,82,65,178,139,215,155,164,171,146,152,158,183,131,156,162,172,212,232,208,210,173,190,193,208,184,161,130,142,155,161,129,136,107,130,137,145,102,119,118,110,155,157,142,145,166,184,0,0,0,0,0,0
"Seguridad","Durango","Narcomenudeo",NA,0,0,0,0,37,36,40,36,37,46,44,38,46,61,51,44,42,50,63,85,49,51,33,35,50,71,81,56,43,81,98,76,80,70,82,0,108,100,109,98,94,90,83,79,93,65,103,57,74,80,129,77,103,106,75,62,61,42,41,43,53,74,100,38,52,60,67,69,57,47,52,77,71,80,92,73,82,93,82,79,88,83,78,54,56,86,64,67,67,88,58,75,47,83,83,57,74,81,80,55,74,84,92,87,74,68,67,76,55,72,71,53,66,64,68,60,66,69,85,78,103,89,75,58,66,51,0,0,0,0,0,0
"Seguridad","Guanajuato","Narcomenudeo",NA,231,235,291,252,235,245,280,200,214,246,276,355,406,420,368,274,329,184,233,197,239,285,334,415,474,532,604,528,516,522,579,594,558,537,537,586,732,704,839,692,764,782,619,673,681,708,726,819,689,656,610,674,667,707,784,901,862,903,949,1038,1200,1160,1289,991,989,1140,1208,1356,1361,1283,1360,1595,1596,1657,2053,2064,2034,2179,1441,2483,2371,1719,2180,2199,2111,1820,1930,1621,1760,1772,1926,1973,1745,1738,1906,2057,2067,1768,1823,1725,883,1226,1640,1850,1565,1884,1667,1778,1813,1599,1627,1563,1814,1641,1815,1838,1680,1519,1483,1819,1900,1901,1970,1684,1722,1837,0,0,0,0,0,0
"Seguridad","Guerrero","Narcomenudeo",NA,60,12,24,41,0,32,36,29,34,28,24,29,63,49,69,51,38,14,17,13,21,26,22,33,21,21,40,45,18,14,44,41,41,33,37,26,35,31,20,0,8,0,0,0,63,61,23,40,51,31,42,43,61,56,51,83,52,75,46,51,60,60,66,50,43,40,80,74,67,92,78,56,88,94,89,68,87,83,93,104,92,105,107,63,79,55,75,47,58,72,63,76,72,71,66,57,68,77,79,82,74,79,58,65,69,56,34,40,65,87,55,73,52,47,59,63,56,44,62,55,58,54,88,53,72,56,0,0,0,0,0,0
"Seguridad","Hidalgo","Narcomenudeo",NA,15,25,2,4,16,5,4,2,12,13,0,13,22,13,27,7,3,8,5,0,17,43,25,17,21,16,23,18,26,18,30,17,28,27,18,14,21,29,29,33,27,16,22,35,27,13,10,8,38,29,30,39,38,44,39,45,32,29,38,21,36,32,41,25,27,19,16,38,36,43,25,25,26,21,36,12,31,421,62,43,27,47,33,27,32,39,68,48,46,38,45,29,29,44,36,31,47,51,42,51,63,60,44,30,53,54,59,26,50,58,47,51,51,47,47,57,53,63,62,49,80,66,65,51,53,76,0,0,0,0,0,0
"Seguridad","Jalisco","Narcomenudeo",NA,482,431,512,551,434,636,451,325,232,353,223,415,330,300,374,287,218,87,171,111,79,80,106,102,181,168,149,155,131,116,139,158,131,153,181,206,252,209,236,185,188,240,189,192,150,219,170,157,193,184,180,152,175,129,135,152,147,109,88,90,88,95,118,66,74,68,86,78,110,110,85,89,98,87,90,110,79,78,78,115,99,103,113,84,117,92,109,110,106,102,106,121,120,118,118,103,126,143,133,126,110,157,165,187,147,157,148,136,169,201,201,184,161,135,159,159,158,155,154,147,188,201,201,220,194,206,0,0,0,0,0,0
"Seguridad","Michoacán de Ocampo","Narcomenudeo",NA,152,142,124,107,78,38,63,66,93,113,96,64,106,70,50,50,77,97,110,119,102,97,104,119,176,183,138,141,158,155,167,188,196,200,161,153,195,167,236,197,213,175,166,204,124,214,184,165,217,218,232,243,205,178,173,169,164,218,157,153,180,222,201,100,124,151,163,177,164,193,162,173,210,184,247,232,214,174,199,186,224,230,215,199,201,185,202,172,200,182,171,151,188,132,142,105,206,196,221,197,193,201,149,178,169,179,145,125,169,145,139,120,132,147,142,142,165,199,150,131,198,144,166,192,170,156,0,0,0,0,0,0
"Seguridad","Morelos","Narcomenudeo",NA,58,41,55,30,36,61,72,52,95,83,78,73,76,79,80,69,94,69,80,75,52,54,61,54,61,55,54,61,50,65,61,95,69,75,77,53,82,76,72,84,60,62,52,70,46,44,45,41,51,53,69,81,95,93,87,84,96,84,54,47,80,66,65,57,60,79,107,83,75,74,66,72,81,70,83,46,71,60,70,73,62,50,49,50,52,50,72,79,71,70,58,48,57,42,37,29,54,54,56,45,58,52,38,41,31,31,44,27,32,31,28,32,26,34,61,44,45,48,53,59,85,79,81,73,92,94,0,0,0,0,0,0
"Seguridad","México","Narcomenudeo",NA,38,55,66,92,111,97,99,89,71,82,87,72,116,102,73,84,76,50,14,16,48,62,74,51,85,77,73,68,78,83,102,104,90,138,105,77,120,97,97,142,217,220,171,215,182,173,180,150,223,265,331,245,308,339,391,429,338,417,389,277,336,370,332,141,259,279,315,368,458,448,381,254,278,301,339,305,328,322,278,322,282,292,273,256,305,312,331,270,274,315,284,267,184,223,204,142,194,210,226,221,212,227,203,191,306,321,312,169,183,238,217,225,192,202,225,163,298,217,227,102,273,312,313,351,315,282,0,0,0,0,0,0
"Seguridad","Nayarit","Narcomenudeo",NA,44,46,46,38,53,46,51,38,42,38,53,43,5,8,12,11,17,15,14,17,24,23,23,19,45,27,33,15,25,15,23,30,9,14,18,15,51,24,22,36,19,25,32,27,36,22,26,12,39,20,30,25,42,37,29,23,30,23,22,17,18,16,13,5,7,10,14,13,14,8,8,3,6,6,4,2,5,13,16,33,28,25,26,18,13,32,17,11,33,28,30,44,66,78,61,57,55,49,65,60,69,45,72,64,67,74,79,51,83,61,29,26,35,40,42,38,47,57,84,73,66,43,50,49,55,46,0,0,0,0,0,0
"Seguridad","Nuevo León","Narcomenudeo",NA,208,194,202,146,204,185,125,104,112,101,139,129,108,129,136,145,130,137,133,165,132,136,120,140,155,239,282,170,200,204,182,270,192,281,193,231,248,213,249,170,233,185,190,217,199,228,197,218,240,227,276,260,280,310,421,313,306,319,279,254,272,284,331,375,305,279,245,340,397,368,335,338,416,392,401,344,361,307,373,335,363,392,329,356,307,356,430,447,475,492,394,467,447,505,535,506,586,585,630,684,655,646,618,646,659,695,612,661,750,790,708,637,701,594,747,776,709,654,559,533,536,630,693,708,645,642,0,0,0,0,0,0
"Seguridad","Oaxaca","Narcomenudeo",NA,0,9,0,0,9,0,0,8,0,0,10,0,60,44,58,24,20,31,22,18,15,0,12,20,24,26,24,22,13,7,14,36,21,18,20,21,41,41,40,28,28,27,16,31,20,21,19,16,27,32,30,30,33,33,26,51,44,29,20,21,29,23,35,21,18,17,16,28,25,17,14,11,23,22,23,23,26,18,18,26,34,35,17,16,24,21,23,27,28,28,37,31,15,16,18,42,54,41,48,50,60,39,70,55,65,55,53,36,60,32,35,47,35,40,46,47,44,52,53,38,48,70,66,68,59,65,0,0,0,0,0,0
"Seguridad","Puebla","Narcomenudeo",NA,40,55,67,400,490,485,357,305,74,399,35,426,53,90,70,63,59,32,22,32,22,13,42,20,31,35,31,41,32,48,49,33,28,12,38,335,17,12,27,31,33,16,15,16,20,20,24,22,31,24,37,32,43,38,47,37,47,55,53,40,55,47,51,93,111,104,122,120,131,160,129,150,188,195,245,171,134,107,117,102,102,132,113,134,175,180,202,196,221,198,292,209,194,207,215,146,224,159,169,160,142,167,162,146,168,161,160,166,169,183,163,153,150,146,164,146,117,142,109,94,112,135,121,110,110,132,0,0,0,0,0,0
"Seguridad","Querétaro","Narcomenudeo",NA,21,22,18,19,18,18,10,7,10,30,30,21,62,84,79,63,42,61,72,74,72,68,71,78,97,74,91,66,81,84,91,70,58,67,82,81,85,79,85,98,92,83,106,112,97,115,88,109,139,133,138,139,165,158,152,119,117,126,107,86,133,122,102,77,78,72,79,89,106,97,90,89,88,79,117,100,76,88,97,108,70,140,82,109,98,93,93,100,123,142,136,130,160,158,136,136,199,174,150,144,123,140,175,160,124,133,140,121,121,126,146,134,129,114,139,149,143,160,149,175,248,191,169,207,217,207,0,0,0,0,0,0
"Seguridad","Quintana Roo","Narcomenudeo",NA,70,77,60,65,41,51,31,37,30,33,38,24,27,43,54,77,41,34,51,39,50,55,52,59,47,42,32,50,35,21,20,17,12,17,15,25,29,39,26,35,36,55,70,48,35,47,48,32,70,75,89,77,100,88,105,76,84,95,98,71,107,93,96,70,86,87,102,90,80,86,63,68,101,90,107,80,109,83,87,93,114,143,131,141,161,139,173,133,157,149,186,167,166,161,149,140,144,174,187,203,183,195,170,199,199,171,184,193,249,192,210,195,172,180,244,230,200,196,195,213,210,175,186,211,242,210,0,0,0,0,0,0
"Seguridad","San Luis Potosí","Narcomenudeo",NA,24,32,9,15,17,7,13,3,1,7,1,13,38,40,25,20,18,5,9,13,13,13,17,13,22,18,17,17,16,19,27,36,34,27,21,15,35,38,36,37,44,39,36,51,60,49,40,38,68,63,53,60,71,71,54,55,79,66,57,82,117,92,119,135,135,105,119,145,117,114,69,90,99,101,106,76,75,52,65,71,56,107,114,100,112,111,127,134,114,184,259,246,221,210,293,397,447,436,541,541,618,549,626,624,521,648,559,605,716,632,530,515,489,473,615,671,605,689,672,819,989,883,948,1049,1073,925,0,0,0,0,0,0
"Seguridad","Sinaloa","Narcomenudeo",NA,110,86,106,122,110,55,53,50,64,59,61,63,37,50,52,41,31,17,8,19,24,53,37,17,36,53,80,78,87,83,87,83,71,77,72,50,78,50,71,72,87,76,82,52,55,69,59,42,52,58,41,55,66,48,42,49,61,49,54,39,55,42,33,17,14,14,10,16,19,23,10,16,13,13,19,19,12,7,6,10,10,13,13,10,8,12,15,16,14,13,4,11,12,19,15,7,17,22,28,22,31,35,18,26,17,15,22,13,19,20,13,23,21,20,14,20,13,11,13,22,31,23,26,26,40,32,0,0,0,0,0,0
"Seguridad","Sonora","Narcomenudeo",NA,156,227,244,216,242,201,195,140,195,265,239,267,270,294,289,270,291,119,123,24,45,28,30,55,30,29,168,96,75,77,141,99,57,75,48,41,59,69,46,47,42,41,38,35,24,168,65,64,55,79,65,135,166,109,155,128,155,162,314,87,271,214,315,284,124,191,195,217,239,255,242,225,224,281,298,248,243,247,255,228,263,250,247,229,203,225,202,146,169,174,195,152,227,208,223,217,210,194,207,185,197,240,219,244,222,322,260,238,273,308,267,336,357,257,245,353,423,383,404,393,455,447,411,347,365,522,0,0,0,0,0,0
"Seguridad","Tabasco","Narcomenudeo",NA,1,0,0,0,0,0,0,0,0,0,0,0,0,0,0,0,0,1,1,2,10,9,7,26,1,1,0,0,1,6,5,7,3,6,5,6,10,13,11,9,9,8,9,8,8,14,17,15,15,12,20,10,6,5,14,8,16,7,6,4,11,5,9,4,1,7,9,6,7,13,6,9,8,1,12,3,2,4,3,3,4,5,3,0,4,3,0,2,5,6,6,2,3,2,1,4,4,0,4,3,4,2,2,2,0,2,3,4,7,19,23,27,18,21,39,13,22,54,54,33,79,68,99,76,78,95,0,0,0,0,0,0
"Seguridad","Tamaulipas","Narcomenudeo",NA,96,88,95,62,74,64,50,61,73,67,73,51,71,55,51,65,55,33,19,24,24,38,21,21,28,35,26,28,46,34,42,17,28,23,16,28,21,31,27,22,14,19,27,32,16,17,21,14,23,14,21,17,26,24,20,16,23,16,8,15,18,20,17,14,11,15,20,16,21,17,17,8,21,19,12,13,10,9,7,21,12,12,15,13,13,15,17,14,24,12,6,17,11,10,13,7,11,34,16,15,26,20,20,13,13,18,18,6,13,12,14,14,14,6,16,30,18,21,38,35,30,49,39,55,51,54,0,0,0,0,0,0
"Seguridad","Tlaxcala","Narcomenudeo",NA,0,0,0,1,8,12,10,9,6,5,11,6,8,7,6,10,4,5,1,2,2,2,0,3,5,5,3,3,3,2,3,5,4,5,5,5,11,12,11,6,7,12,9,10,6,8,9,6,10,12,10,12,10,9,9,18,13,15,13,20,17,20,18,21,32,19,22,15,14,8,16,16,20,14,13,13,22,18,17,16,16,21,11,5,9,16,16,24,15,20,9,13,10,11,10,7,18,7,12,8,8,12,3,12,8,5,2,7,9,7,14,10,6,4,6,4,3,3,3,4,6,10,11,6,13,14,0,0,0,0,0,0
"Seguridad","Veracruz de Ignacio de la Llave","Narcomenudeo",NA,1,6,4,6,7,11,9,8,9,11,8,0,3,9,10,4,4,3,5,3,4,8,3,3,10,17,12,20,15,20,37,33,29,31,43,29,36,27,25,25,29,43,27,33,38,28,21,19,39,54,35,24,32,44,40,27,33,56,56,55,42,52,66,42,42,45,53,66,45,62,58,71,85,74,69,54,72,56,101,66,81,128,111,80,77,136,121,122,139,124,136,156,150,186,194,162,212,165,181,164,249,285,256,248,240,244,228,190,233,260,198,231,235,202,164,223,231,203,206,153,183,251,248,219,209,163,0,0,0,0,0,0
"Seguridad","Yucatán","Narcomenudeo",NA,1,0,0,19,24,23,22,22,27,4,23,14,32,20,14,20,19,23,19,19,18,14,41,31,54,32,45,36,36,3,43,23,18,22,25,33,26,16,27,20,17,22,9,15,22,15,18,20,33,27,47,19,27,46,44,33,26,22,26,38,22,29,13,7,10,12,8,8,20,16,12,8,8,13,15,20,14,22,33,15,19,23,22,19,36,33,23,21,27,40,23,20,12,11,21,14,20,28,21,22,35,43,24,28,44,47,56,23,55,56,40,45,17,31,42,44,40,33,29,30,53,30,21,20,39,20,0,0,0,0,0,0
"Seguridad","Zacatecas","Narcomenudeo",NA,15,5,7,6,5,5,6,5,18,8,7,6,9,9,12,13,10,4,6,6,7,13,13,14,11,11,16,10,19,7,15,22,20,33,41,27,33,35,38,21,37,18,29,45,28,19,31,25,33,25,29,29,26,25,13,30,32,22,29,37,23,20,37,22,28,25,29,27,27,28,25,11,22,21,24,35,30,25,31,36,33,24,15,18,28,21,20,24,43,38,36,34,16,14,21,12,28,46,39,23,28,17,26,20,21,19,11,19,15,30,17,30,33,32,42,45,43,47,36,39,63,47,52,38,34,44,0,0,0,0,0,0
"Seguridad","Aguascalientes","Otros delitos contra el patrimonio",NA,0,0,0,0,0,0,0,0,0,0,1,0,0,0,0,0,0,0,0,0,0,0,0,0,0,0,0,0,0,0,0,0,0,0,0,0,0,0,0,0,0,0,0,0,0,0,0,0,0,0,0,0,25,32,28,5,13,29,31,28,32,21,37,19,19,18,14,17,14,14,12,15,14,19,20,7,17,23,24,12,11,14,15,15,25,18,28,23,30,31,15,24,28,28,25,37,17,23,39,39,29,23,39,26,21,22,21,13,14,33,29,31,37,25,26,66,69,95,51,36,36,29,19,25,30,25,0,0,0,0,0,0
"Seguridad","Baja California","Otros delitos contra el patrimonio",NA,54,38,55,51,0,0,0,0,0,0,0,0,27,38,18,36,36,35,32,38,38,38,39,22,30,23,62,67,20,73,73,67,75,62,42,58,49,49,51,84,57,68,61,78,40,98,91,71,83,62,86,97,106,92,137,78,72,79,78,82,81,73,58,43,53,61,86,83,74,76,81,61,66,60,60,76,95,95,75,94,68,78,113,106,86,82,119,100,99,120,111,116,84,100,101,109,74,96,94,115,129,113,127,132,148,143,121,112,143,134,137,134,142,90,93,106,97,102,92,100,84,72,89,96,105,93,0,0,0,0,0,0
"Seguridad","Baja California Sur","Otros delitos contra el patrimonio",NA,17,15,9,7,9,4,5,1,2,4,7,6,3,8,5,7,8,4,9,8,7,9,4,7,6,8,9,7,13,14,10,6,3,13,7,13,12,31,12,10,7,13,12,11,3,12,11,11,14,10,18,8,8,10,8,1,5,3,18,8,3,9,15,12,7,21,4,11,10,11,8,20,2,11,14,9,3,5,4,15,1,12,6,20,7,6,37,18,16,20,17,21,17,15,9,5,12,18,47,26,14,43,30,32,42,54,48,41,28,29,26,26,35,27,41,37,33,46,14,18,16,34,24,33,33,24,0,0,0,0,0,0
"Seguridad","Campeche","Otros delitos contra el patrimonio",NA,2,4,5,3,2,0,7,4,2,0,3,0,2,2,6,0,0,2,2,4,1,5,2,3,3,1,1,2,3,3,12,1,1,3,6,3,1,0,1,4,2,4,3,2,4,1,3,5,2,2,1,1,0,3,2,1,0,0,3,1,6,4,6,1,2,4,3,4,5,6,4,0,2,1,1,6,1,1,4,1,0,3,33,36,39,45,39,31,23,24,32,27,60,57,43,45,55,52,61,44,55,60,73,49,42,51,46,40,48,45,43,31,27,34,34,17,29,26,20,18,28,27,29,36,33,33,0,0,0,0,0,0
"Seguridad","Chiapas","Otros delitos contra el patrimonio",NA,0,0,0,0,0,0,0,0,0,2,0,0,1,0,0,0,0,0,0,0,0,0,0,0,1,0,0,0,19,26,19,23,13,21,12,109,94,42,32,19,16,28,28,34,41,36,58,109,96,79,70,61,68,72,63,52,47,47,46,36,42,47,53,33,35,26,33,32,44,44,49,30,33,33,14,13,5,10,8,9,8,12,1,8,6,8,6,8,6,13,9,3,7,3,4,4,7,5,5,4,3,3,6,1,5,1,1,4,3,0,1,1,0,4,4,1,5,8,7,6,20,10,3,8,13,4,0,0,0,0,0,0
"Seguridad","Chihuahua","Otros delitos contra el patrimonio",NA,8,9,12,8,12,5,8,5,10,9,10,8,43,30,34,52,46,41,26,31,12,5,7,6,7,4,13,9,10,15,14,8,8,14,9,14,11,8,13,6,13,18,16,10,10,11,14,10,9,8,13,14,67,47,46,65,43,69,77,65,71,56,58,47,56,36,38,55,47,39,54,55,36,58,65,46,67,58,51,50,80,94,112,115,153,384,143,104,125,94,75,99,94,78,102,102,128,74,90,78,85,90,91,108,122,87,90,94,117,80,73,82,88,89,118,115,89,117,82,80,87,97,87,74,78,96,0,0,0,0,0,0
"Seguridad","Ciudad de México","Otros delitos contra el patrimonio",NA,0,0,0,0,0,0,0,0,0,0,0,0,0,0,0,0,0,0,0,0,0,0,0,0,0,0,0,0,0,0,0,0,0,0,0,0,270,252,266,293,319,270,325,364,292,330,339,293,282,287,387,388,476,423,432,427,402,395,387,364,394,415,503,275,288,311,376,361,425,418,372,343,324,417,414,369,343,349,363,228,287,302,305,289,288,366,421,363,388,397,391,366,331,348,298,292,270,258,299,291,338,304,330,309,288,313,248,237,232,276,297,339,325,299,316,298,270,301,238,206,212,206,233,181,217,197,0,0,0,0,0,0
"Seguridad","Coahuila de Zaragoza","Otros delitos contra el patrimonio",NA,105,74,79,79,64,93,101,99,106,127,103,81,87,107,122,105,82,109,107,103,89,93,61,87,53,65,116,81,83,86,78,99,74,74,116,48,62,112,89,61,87,95,91,87,78,99,111,85,88,105,96,100,123,99,108,109,85,128,83,70,98,71,68,53,69,78,127,95,98,145,72,99,88,103,125,155,100,132,138,146,117,132,95,93,165,165,210,152,147,155,139,169,207,140,119,152,134,145,193,128,135,161,102,116,140,117,134,141,118,162,125,106,151,112,108,142,109,157,115,148,129,122,118,131,110,95,0,0,0,0,0,0
"Seguridad","Colima","Otros delitos contra el patrimonio",NA,0,0,0,0,1,4,0,0,0,0,0,0,7,10,9,0,0,0,0,0,0,0,0,0,0,1,0,0,0,0,0,0,0,0,0,0,0,0,0,0,0,0,0,0,0,0,0,0,19,29,24,27,26,26,24,30,26,23,19,29,23,27,28,13,16,13,20,13,21,20,14,23,19,16,21,20,24,17,29,10,21,23,25,20,18,20,17,24,17,17,14,24,19,12,19,18,12,24,23,15,22,15,12,24,11,13,19,19,11,13,16,17,12,20,19,13,19,15,22,20,23,17,10,27,23,15,0,0,0,0,0,0
"Seguridad","Durango","Otros delitos contra el patrimonio",NA,6,13,18,26,29,13,18,17,20,17,15,18,20,9,9,11,9,15,8,18,13,23,15,7,8,12,19,13,11,15,20,7,19,14,16,10,21,14,18,38,21,58,27,29,10,32,51,19,13,97,45,66,99,58,77,45,65,83,70,23,29,22,20,5,1,0,7,9,5,11,9,2,0,0,17,5,14,1,2,2,0,3,0,4,13,3,2,3,0,0,1,0,2,1,0,4,12,3,1,3,0,0,0,0,1,1,0,4,0,2,1,3,0,0,0,0,0,0,36,3,0,1,1,3,0,0,0,0,0,0,0,0
"Seguridad","Guanajuato","Otros delitos contra el patrimonio",NA,0,0,0,0,0,0,0,0,0,0,0,0,0,0,0,0,0,0,0,0,0,0,0,0,0,0,0,0,0,0,0,0,0,0,0,0,0,0,0,0,0,0,0,0,0,0,0,0,0,0,0,0,0,0,0,0,17,10,19,22,6,0,0,0,0,0,0,0,15,19,12,9,17,12,12,13,9,10,20,37,30,17,14,11,18,15,11,11,15,23,17,20,23,17,20,13,5,5,10,22,20,12,11,16,13,19,14,16,12,12,9,11,9,12,12,11,11,12,33,5,73,51,48,39,50,45,0,0,0,0,0,0
"Seguridad","Guerrero","Otros delitos contra el patrimonio",NA,8,0,3,0,0,6,0,17,9,12,9,11,13,19,13,9,22,10,14,24,23,12,15,17,10,12,12,7,9,11,6,4,6,0,9,5,5,6,1,3,4,6,2,3,4,2,2,1,1,0,2,0,1,0,0,2,0,1,1,1,3,3,2,1,0,0,0,0,0,0,0,0,0,0,0,0,0,0,0,0,0,0,0,0,0,0,0,0,0,0,0,0,0,0,0,0,0,0,0,0,0,0,0,0,0,0,0,2,0,0,0,0,0,0,0,0,0,0,0,0,0,0,0,0,0,0,0,0,0,0,0,0
"Seguridad","Hidalgo","Otros delitos contra el patrimonio",NA,0,0,0,0,7,0,0,0,0,0,0,0,0,0,0,0,0,0,0,0,0,0,0,0,0,0,0,0,0,0,0,12,10,9,16,2,7,13,17,13,9,23,15,16,21,14,20,21,28,19,27,19,20,19,15,13,16,10,10,14,11,17,21,2,2,1,4,6,16,14,29,23,1,0,17,13,11,18,9,12,23,17,16,14,10,19,20,19,8,15,13,21,14,15,13,17,43,45,45,30,54,52,28,38,49,41,48,40,40,40,30,25,45,29,33,37,38,39,34,27,42,41,46,45,49,112,0,0,0,0,0,0
"Seguridad","Jalisco","Otros delitos contra el patrimonio",NA,0,0,0,0,0,0,0,0,0,0,0,0,0,0,0,0,0,0,0,0,0,0,0,0,0,0,0,0,0,0,0,0,0,0,0,0,0,0,0,0,0,0,0,0,0,0,0,0,0,0,0,0,0,0,0,0,0,0,0,0,0,0,0,0,0,0,0,0,0,0,0,0,0,0,0,0,0,0,0,0,0,0,0,0,0,0,0,0,0,0,0,0,0,0,0,0,0,0,0,0,0,0,0,0,0,0,0,0,0,0,0,0,0,0,0,0,0,0,0,0,0,0,0,0,0,0,0,0,0,0,0,0
"Seguridad","Michoacán de Ocampo","Otros delitos contra el patrimonio",NA,1,2,0,0,1,0,1,0,0,0,1,1,0,0,0,1,1,0,0,0,0,0,0,0,0,0,0,0,0,0,0,0,0,0,0,0,0,0,0,0,0,0,0,0,0,0,0,0,2,4,6,18,26,27,37,23,36,26,33,34,22,23,33,18,31,19,26,42,28,25,21,28,22,21,32,35,24,34,23,31,27,31,28,41,29,23,21,27,22,22,16,26,35,37,30,26,27,23,30,11,27,11,14,12,9,17,14,9,18,18,23,18,13,29,13,24,15,17,10,6,15,9,17,7,13,13,0,0,0,0,0,0
"Seguridad","Morelos","Otros delitos contra el patrimonio",NA,8,25,26,90,19,6,12,11,9,19,22,15,10,8,15,16,10,16,15,8,10,27,18,19,17,23,21,20,25,22,20,24,9,21,10,23,18,21,23,16,20,23,14,22,13,10,10,14,12,7,11,3,7,15,15,26,11,19,18,15,21,30,23,10,15,38,29,34,42,28,35,61,31,37,46,39,42,43,61,38,20,41,35,35,34,30,42,29,33,45,25,38,32,42,43,40,28,32,55,49,33,37,33,39,48,61,61,53,52,61,51,57,40,53,50,62,44,58,41,51,32,50,55,51,47,55,0,0,0,0,0,0
"Seguridad","México","Otros delitos contra el patrimonio",NA,2,2,7,3,3,4,6,5,6,1,4,1,7,13,8,10,22,9,16,13,22,7,6,8,2,4,2,6,0,3,6,5,3,5,3,3,3,4,4,6,2,3,3,5,0,1,3,2,2,4,8,4,2,6,1,4,1,2,3,8,9,6,9,8,28,15,7,4,4,2,7,3,2,6,8,8,14,8,16,12,19,13,17,15,17,17,22,16,19,18,16,27,22,25,25,12,15,16,29,20,32,43,34,38,37,35,21,26,27,30,51,36,34,39,29,45,45,39,44,47,48,44,47,49,63,62,0,0,0,0,0,0
"Seguridad","Nayarit","Otros delitos contra el patrimonio",NA,1,0,1,0,0,2,2,1,0,0,0,1,0,0,0,1,0,3,0,1,2,1,2,0,0,1,0,0,0,0,0,0,0,0,0,0,0,0,1,1,1,0,0,0,0,0,0,2,1,0,0,0,0,0,0,0,0,0,0,0,0,0,0,0,0,0,0,0,0,1,1,0,0,0,0,0,1,1,1,0,1,2,0,0,0,0,2,1,1,0,0,1,5,0,5,2,0,1,0,0,0,2,2,0,3,3,3,0,0,0,0,1,1,1,1,0,0,0,1,1,1,1,1,2,2,0,0,0,0,0,0,0
"Seguridad","Nuevo León","Otros delitos contra el patrimonio",NA,5,8,5,10,6,15,5,4,5,6,6,9,6,15,9,4,3,7,3,9,10,9,6,9,8,1,15,6,7,12,5,13,7,10,6,6,8,6,8,4,6,6,3,6,5,10,6,9,7,5,7,5,6,7,3,5,9,18,3,4,6,6,2,2,5,6,6,10,11,14,5,8,7,8,10,7,14,12,7,7,8,7,11,12,7,7,21,5,8,5,3,4,10,10,8,4,9,11,13,7,7,5,5,14,12,16,7,8,23,16,10,26,9,9,8,14,19,10,16,16,10,13,19,11,15,19,0,0,0,0,0,0
"Seguridad","Oaxaca","Otros delitos contra el patrimonio",NA,0,63,0,0,57,0,0,68,0,0,95,0,184,163,167,316,107,134,117,226,141,0,154,223,123,105,157,195,82,93,76,71,72,90,318,120,126,122,158,138,127,133,107,151,134,148,101,109,29,54,33,27,32,35,100,101,12,21,29,20,46,35,27,21,23,37,24,44,51,68,49,44,39,49,57,57,43,53,36,45,68,47,43,61,72,66,83,59,48,60,37,60,50,40,44,41,46,49,53,44,65,71,61,72,63,46,25,34,42,49,52,38,37,42,62,43,43,19,19,14,23,14,15,10,22,12,0,0,0,0,0,0
"Seguridad","Puebla","Otros delitos contra el patrimonio",NA,0,0,0,0,0,0,0,0,0,0,0,0,0,0,0,0,0,0,0,0,0,0,0,0,0,0,0,0,0,0,0,0,0,0,0,0,0,0,0,0,0,0,0,0,0,0,0,0,0,0,0,0,0,25,27,22,28,25,17,16,17,23,31,20,34,17,23,21,41,21,21,18,28,10,26,26,25,28,22,22,27,21,23,30,10,29,18,32,26,20,19,20,14,24,20,21,17,26,31,25,25,15,23,16,22,18,7,19,16,18,21,11,17,14,26,25,20,9,17,20,23,29,24,14,11,28,0,0,0,0,0,0
"Seguridad","Querétaro","Otros delitos contra el patrimonio",NA,2,0,3,4,4,2,4,2,2,2,5,3,1,3,2,2,6,1,2,3,3,2,2,1,1,5,5,4,3,2,4,2,5,3,1,3,1,4,4,5,6,1,3,3,3,4,2,1,1,3,9,2,3,5,7,4,6,4,1,3,4,2,5,3,2,4,5,5,5,3,5,4,7,4,4,6,3,4,6,4,4,2,4,1,2,3,5,0,2,1,1,9,12,4,9,13,14,22,8,17,21,21,18,22,8,23,11,8,21,15,12,17,12,12,12,21,14,13,15,12,17,12,15,16,17,18,0,0,0,0,0,0
"Seguridad","Quintana Roo","Otros delitos contra el patrimonio",NA,0,0,0,0,4,0,0,0,1,0,0,0,0,0,0,2,0,0,3,2,0,0,4,1,5,1,1,2,3,2,1,3,3,2,2,6,6,7,6,6,3,3,6,4,1,3,2,1,4,2,4,0,3,5,7,5,5,3,5,0,20,27,25,15,16,14,21,28,23,22,22,27,17,27,28,36,21,17,23,14,16,21,19,19,20,18,34,29,29,32,26,19,31,40,22,22,16,21,32,23,24,19,16,16,16,18,22,22,22,24,24,29,32,21,23,24,11,22,19,20,18,15,26,13,14,16,0,0,0,0,0,0
"Seguridad","San Luis Potosí","Otros delitos contra el patrimonio",NA,0,1,1,0,0,0,1,1,0,1,1,0,0,1,0,0,2,0,1,0,1,2,2,0,0,0,1,0,2,0,0,0,0,0,0,0,7,9,8,2,7,72,150,82,10,122,90,66,75,90,113,108,79,16,48,49,79,89,63,71,78,82,50,66,83,112,159,97,158,110,145,152,156,170,139,136,158,185,166,150,101,126,66,185,123,76,134,250,54,117,213,336,173,65,239,186,170,249,213,71,106,37,75,120,51,50,67,41,61,70,50,88,24,61,35,38,41,40,61,38,54,44,46,63,46,67,0,0,0,0,0,0
"Seguridad","Sinaloa","Otros delitos contra el patrimonio",NA,5,5,5,13,5,6,6,4,8,5,2,3,1,5,7,9,6,10,5,12,1,0,3,2,2,2,6,2,3,0,0,4,3,3,3,5,4,1,2,0,3,1,4,2,2,3,0,3,8,5,6,2,4,5,8,0,7,3,3,2,1,2,5,0,2,5,4,5,0,4,5,3,2,4,4,5,2,1,1,4,4,3,3,2,3,2,3,2,4,5,2,3,1,1,3,3,0,4,1,2,2,4,1,4,2,5,1,1,2,4,5,11,5,6,3,3,4,1,4,2,4,2,4,4,3,8,0,0,0,0,0,0
"Seguridad","Sonora","Otros delitos contra el patrimonio",NA,0,0,0,0,0,0,0,0,0,0,0,0,0,0,0,0,0,0,0,0,0,0,0,0,0,0,0,0,0,0,0,0,0,0,0,0,4,0,1,1,1,0,1,0,0,0,1,0,0,0,0,1,15,13,18,38,10,14,26,16,24,23,25,12,16,26,22,26,30,16,18,25,16,23,28,13,15,25,17,16,24,18,20,20,24,30,23,8,18,17,14,27,17,21,15,19,23,37,38,28,30,31,37,22,33,33,42,24,38,33,30,35,27,27,44,28,37,52,39,30,28,43,26,39,49,36,0,0,0,0,0,0
"Seguridad","Tabasco","Otros delitos contra el patrimonio",NA,2,0,1,0,52,47,0,9,0,2,0,36,9,0,4,0,0,0,0,0,0,0,0,0,0,0,2,0,0,0,0,0,0,0,0,0,0,0,0,0,0,0,0,0,0,0,0,0,0,74,88,1,1,1,0,10,18,22,7,20,16,12,14,5,2,9,12,20,15,11,17,9,14,17,17,11,24,19,12,10,11,19,16,19,11,8,15,12,11,17,19,11,12,20,14,5,7,14,9,6,11,8,12,10,19,17,10,2,7,18,8,17,8,17,11,20,18,16,22,49,51,83,20,29,50,80,0,0,0,0,0,0
"Seguridad","Tamaulipas","Otros delitos contra el patrimonio",NA,0,0,0,0,0,0,0,0,0,0,0,0,0,0,0,0,0,0,0,0,0,0,0,0,0,0,0,0,0,0,0,2,5,0,2,0,4,5,1,2,2,2,0,0,1,6,1,1,1,7,3,2,3,7,4,10,2,7,8,2,5,2,3,1,0,3,1,3,4,3,1,1,2,6,2,1,2,3,2,3,3,1,4,1,2,1,2,3,3,5,2,5,3,1,7,4,4,3,4,8,4,4,3,4,4,0,3,0,6,5,6,2,2,3,2,6,3,5,4,6,2,0,3,0,8,5,0,0,0,0,0,0
"Seguridad","Tlaxcala","Otros delitos contra el patrimonio",NA,1,5,0,2,0,3,0,2,4,3,1,1,1,2,2,2,1,0,3,1,1,3,1,1,2,1,2,1,2,6,1,1,1,0,5,3,4,3,0,5,1,0,2,0,0,2,3,2,1,3,1,3,2,3,3,2,3,2,1,3,4,0,1,1,3,1,1,1,0,1,2,1,3,0,2,0,1,0,1,3,1,0,1,3,3,5,1,0,0,0,0,0,0,1,3,3,4,1,0,3,2,3,1,2,2,0,1,4,3,2,2,2,1,0,0,0,3,1,1,1,0,1,1,1,1,0,0,0,0,0,0,0
"Seguridad","Veracruz de Ignacio de la Llave","Otros delitos contra el patrimonio",NA,13,11,13,10,30,26,19,21,30,19,15,7,17,21,34,37,31,25,25,22,19,24,15,25,45,44,47,64,48,60,67,77,66,65,54,43,38,48,44,38,50,41,39,30,40,54,51,49,56,83,89,97,73,97,87,86,96,130,95,61,89,104,91,60,54,68,59,49,73,78,68,57,63,63,76,80,85,77,62,63,56,64,77,66,64,63,76,73,88,70,71,60,60,71,72,52,77,53,68,61,67,72,58,66,63,72,78,54,73,43,68,87,69,67,67,76,55,46,69,51,48,64,52,54,69,84,0,0,0,0,0,0
"Seguridad","Yucatán","Otros delitos contra el patrimonio",NA,158,119,157,117,129,59,8,6,1,8,4,7,17,1,5,2,6,4,11,278,411,236,204,214,222,203,156,162,180,169,114,27,51,58,89,61,67,69,89,23,67,48,82,62,35,24,40,96,86,73,59,79,93,72,79,43,61,58,28,85,62,41,23,11,11,8,23,9,20,15,13,20,32,12,7,17,10,5,41,5,12,11,5,8,13,14,16,20,7,10,7,7,2,10,0,0,4,4,6,0,5,3,9,3,1,0,1,2,1,0,0,2,1,6,2,0,1,0,0,0,1,0,4,0,4,0,0,0,0,0,0,0
"Seguridad","Zacatecas","Otros delitos contra el patrimonio",NA,1,4,0,0,2,4,4,2,1,0,2,5,0,3,1,1,1,2,2,1,1,3,2,2,2,2,3,3,1,16,5,6,5,12,3,3,5,9,5,8,18,8,13,18,11,12,10,9,4,11,6,8,12,13,11,7,16,14,8,6,7,7,9,8,4,6,5,8,9,8,4,7,5,3,6,13,9,10,16,6,10,12,17,12,3,7,8,5,10,11,6,3,6,5,3,2,4,9,12,6,5,9,16,1,11,9,13,5,5,4,9,6,5,6,7,2,14,5,5,7,7,2,4,3,4,5,0,0,0,0,0,0
"Seguridad","Aguascalientes","Otros delitos contra la familia",NA,0,0,0,1,6,6,5,13,11,4,7,10,8,4,7,3,5,9,1,11,6,9,10,8,16,9,0,9,0,0,0,0,0,0,0,0,0,0,0,0,0,0,0,0,0,0,0,0,0,0,0,0,0,0,0,0,0,0,0,0,3,4,6,2,4,4,1,2,4,3,1,1,5,0,2,2,7,3,2,2,1,3,2,2,2,0,4,3,1,4,0,5,9,4,1,0,1,2,6,3,6,2,3,1,0,2,1,2,0,0,2,2,3,14,12,4,3,1,1,3,1,2,4,6,3,4,0,0,0,0,0,0
"Seguridad","Baja California","Otros delitos contra la familia",NA,26,20,34,24,1,1,0,0,0,0,0,2,27,28,20,25,27,31,29,39,37,36,28,29,21,23,30,30,28,27,35,53,30,34,22,34,23,21,33,36,43,42,41,41,37,40,32,27,24,22,30,34,34,32,44,48,51,53,41,48,40,26,54,22,37,41,49,43,46,64,60,44,42,37,47,38,37,41,46,45,48,59,55,38,32,29,49,42,35,67,60,79,82,73,53,52,42,38,49,47,52,85,82,102,95,101,95,95,94,66,93,105,91,79,107,118,100,99,99,79,74,88,81,103,82,88,0,0,0,0,0,0
"Seguridad","Baja California Sur","Otros delitos contra la familia",NA,0,0,0,0,11,10,4,3,11,5,8,2,10,11,12,12,11,8,8,31,23,25,12,25,23,21,18,21,17,23,22,22,19,35,21,24,20,19,20,17,25,29,17,23,25,26,19,20,20,17,21,29,24,23,40,30,31,20,17,28,27,15,25,17,22,20,21,25,20,20,23,22,25,26,21,25,27,17,26,18,21,19,19,18,16,14,16,18,16,15,25,25,21,32,22,24,22,29,24,25,23,29,32,23,28,26,21,23,24,17,20,21,25,23,20,23,23,30,27,25,22,28,19,21,17,20,0,0,0,0,0,0
"Seguridad","Campeche","Otros delitos contra la familia",NA,0,0,0,0,0,1,0,0,0,0,0,0,1,0,1,2,3,0,0,0,0,0,0,0,0,0,0,0,0,0,0,0,0,0,0,0,0,0,0,0,0,0,0,0,0,0,0,0,0,0,0,0,0,0,0,0,0,0,0,0,0,0,0,0,0,0,0,0,0,0,0,0,0,0,0,0,0,0,0,0,0,0,0,1,1,11,1,0,1,0,0,0,1,0,0,0,1,0,2,0,0,0,0,0,0,0,0,0,0,0,1,0,0,0,0,0,0,0,0,0,0,1,1,0,0,0,0,0,0,0,0,0
"Seguridad","Chiapas","Otros delitos contra la familia",NA,0,2,0,0,0,0,0,0,0,0,0,0,0,0,0,0,0,0,0,0,0,0,2,0,1,0,2,1,2,0,1,0,0,0,1,0,0,0,1,0,0,2,0,0,3,0,0,0,0,0,1,0,1,0,1,5,1,0,0,0,1,1,0,0,0,0,0,0,2,0,0,1,0,1,1,0,0,0,0,0,0,0,0,0,1,2,1,0,0,1,0,0,0,0,0,1,0,0,0,0,0,0,2,1,0,0,0,0,0,0,0,0,0,0,0,0,0,0,0,0,0,0,1,0,0,0,0,0,0,0,0,0
"Seguridad","Chihuahua","Otros delitos contra la familia",NA,1,0,0,0,0,0,0,1,0,1,1,0,0,1,0,0,0,0,0,1,0,0,0,0,0,0,0,0,0,0,0,0,0,0,0,0,0,0,0,0,0,0,0,1,0,0,0,0,0,0,0,0,4,1,2,0,0,1,1,1,1,2,1,2,3,1,1,3,1,0,1,2,3,4,1,1,3,2,4,5,2,1,3,4,3,1,2,3,5,4,2,6,2,3,3,1,0,2,5,4,3,11,2,8,2,5,3,4,6,5,4,8,3,8,5,4,8,5,5,4,5,3,5,11,5,6,0,0,0,0,0,0
"Seguridad","Ciudad de México","Otros delitos contra la familia",NA,87,58,79,81,72,92,105,101,92,82,75,66,64,58,70,81,95,54,68,108,67,76,73,73,79,61,51,63,78,84,78,96,91,70,66,69,2,3,2,2,0,0,2,0,3,0,1,1,3,2,1,0,0,1,2,0,0,1,0,2,1,2,4,0,0,0,2,4,1,0,3,2,1,0,0,4,0,2,1,2,0,2,1,1,0,3,2,1,2,3,1,1,2,1,0,0,0,0,2,2,1,1,0,0,1,0,3,1,1,1,2,2,4,0,2,1,2,2,0,1,1,2,3,5,0,3,0,0,0,0,0,0
"Seguridad","Coahuila de Zaragoza","Otros delitos contra la familia",NA,27,17,18,28,22,28,26,19,29,14,16,21,20,20,26,25,23,28,28,39,36,25,24,47,26,34,23,20,25,39,26,40,36,39,23,12,11,25,22,19,24,17,32,36,13,16,14,5,20,23,13,22,34,25,28,30,21,31,19,18,15,9,5,6,9,17,24,22,18,26,12,21,11,18,20,16,14,8,23,22,36,19,15,17,13,12,16,19,18,17,18,18,17,12,18,19,4,1,3,2,1,1,1,0,5,1,0,2,3,1,5,0,6,1,9,0,4,3,3,2,12,22,32,27,19,1,0,0,0,0,0,0
"Seguridad","Colima","Otros delitos contra la familia",NA,0,0,0,0,0,0,0,0,0,0,0,0,0,0,0,0,0,0,0,0,0,0,0,0,0,14,9,13,14,0,13,21,12,0,0,0,0,0,0,0,0,0,0,0,0,0,0,0,0,0,0,0,0,0,0,0,0,0,0,0,0,0,0,0,0,0,0,0,0,0,0,0,0,0,0,0,0,0,0,0,0,0,0,0,0,0,0,0,0,0,0,0,0,0,0,0,0,0,0,0,0,0,0,0,0,0,0,0,0,0,0,0,0,0,0,0,0,0,0,0,0,0,0,0,0,0,0,0,0,0,0,0
"Seguridad","Durango","Otros delitos contra la familia",NA,0,0,0,0,24,29,23,12,24,15,10,4,7,8,11,21,45,20,20,20,25,23,18,19,21,12,17,13,0,11,0,1,24,12,137,38,20,27,13,15,14,14,24,32,19,8,18,19,19,19,16,27,18,18,10,12,24,22,2,1,19,4,15,15,16,10,30,5,18,39,4,18,50,22,31,59,53,31,59,81,72,54,48,53,38,38,56,51,59,68,50,61,48,48,50,43,35,38,36,44,39,46,48,57,47,48,47,39,34,37,36,43,39,46,46,57,47,52,47,39,34,33,36,45,38,43,0,0,0,0,0,0
"Seguridad","Guanajuato","Otros delitos contra la familia",NA,0,0,0,0,0,0,0,0,0,0,0,0,0,0,0,0,0,0,0,0,0,0,0,0,0,0,0,0,0,0,0,0,0,0,0,0,0,0,0,0,0,0,0,0,0,0,0,0,0,0,0,0,0,0,0,0,3,1,0,1,0,5,1,2,0,0,0,1,2,5,5,3,3,3,10,3,1,5,3,3,4,2,0,4,5,4,6,9,4,3,8,8,3,1,1,3,0,1,1,5,5,1,7,0,2,0,2,0,4,3,0,2,3,1,2,3,1,0,2,1,4,2,2,2,1,5,0,0,0,0,0,0
"Seguridad","Guerrero","Otros delitos contra la familia",NA,12,4,0,0,0,0,10,16,5,6,10,13,9,8,7,5,12,9,7,11,13,12,10,12,14,10,13,8,7,5,11,8,11,5,13,8,21,5,7,12,8,4,12,20,18,6,13,7,11,13,11,12,14,12,13,5,7,9,6,12,17,15,20,12,3,10,13,15,10,12,22,10,10,13,12,20,16,14,7,19,11,9,6,11,11,9,18,15,11,15,16,17,21,15,19,19,11,26,24,14,16,27,14,21,9,9,8,15,12,16,22,14,13,19,20,17,7,11,14,11,16,15,21,19,15,17,0,0,0,0,0,0
"Seguridad","Hidalgo","Otros delitos contra la familia",NA,0,0,0,0,0,0,0,0,0,0,0,0,1,0,0,0,0,0,0,0,0,0,0,0,0,0,0,0,0,0,0,0,0,0,0,1,0,0,0,0,0,0,1,0,0,1,0,1,0,1,0,0,1,1,4,1,0,0,2,1,0,2,0,0,0,1,0,0,2,0,0,0,0,0,0,0,0,1,2,2,1,0,1,0,1,0,0,0,0,0,0,0,1,0,0,0,0,0,1,0,0,0,0,1,0,1,0,0,0,0,1,0,0,0,0,0,0,0,1,1,0,0,0,0,0,0,0,0,0,0,0,0
"Seguridad","Jalisco","Otros delitos contra la familia",NA,84,62,71,75,77,84,107,92,134,214,179,140,145,133,159,175,158,284,164,158,138,157,172,135,119,112,138,123,143,135,145,171,114,148,120,106,130,114,129,119,133,133,126,146,93,136,95,88,103,138,143,128,138,136,112,124,111,121,80,103,115,117,97,48,57,91,91,81,92,117,74,101,78,80,87,76,82,71,87,66,73,68,84,74,65,58,73,70,65,80,93,116,127,90,100,90,94,85,114,120,102,103,104,123,104,96,93,81,34,32,30,32,23,21,33,32,24,26,36,23,22,17,17,21,19,27,0,0,0,0,0,0
"Seguridad","Michoacán de Ocampo","Otros delitos contra la familia",NA,4,6,10,8,3,7,5,16,7,4,16,11,10,7,7,11,2,7,0,7,9,0,0,0,0,0,0,0,0,0,0,0,0,0,0,0,0,0,0,0,0,0,0,0,0,0,0,0,0,0,0,0,0,0,0,0,0,0,0,0,0,0,0,0,0,0,0,0,0,0,0,0,0,0,0,0,0,0,0,0,0,0,0,0,0,0,0,0,0,0,0,0,0,0,0,0,0,0,0,4,2,2,5,4,3,1,2,1,4,5,1,3,2,3,3,3,5,6,6,2,3,2,2,6,4,4,0,0,0,0,0,0
"Seguridad","Morelos","Otros delitos contra la familia",NA,33,36,41,29,21,34,0,0,2,25,30,27,19,28,27,28,30,27,21,34,34,32,26,35,35,22,21,21,23,20,28,27,21,28,28,32,20,35,28,37,27,28,31,29,25,24,20,36,26,29,38,33,28,20,32,28,21,32,26,30,24,33,33,18,34,18,32,31,27,36,36,48,27,28,32,30,46,25,30,29,30,33,34,32,28,23,29,29,46,29,27,31,32,33,30,22,42,34,35,34,31,32,25,37,37,35,38,24,26,28,31,40,29,38,51,42,43,35,34,34,41,32,0,0,1,1,0,0,0,0,0,0
"Seguridad","México","Otros delitos contra la familia",NA,2,2,1,5,1,5,1,2,8,2,11,3,1,2,2,1,2,1,1,1,2,0,1,2,1,0,1,0,1,0,0,0,1,3,0,0,1,0,0,1,0,2,1,0,1,3,0,2,1,0,1,0,1,1,0,1,0,2,0,0,0,2,0,0,0,1,2,0,0,0,0,1,1,1,1,1,0,0,1,1,2,2,1,0,0,0,0,0,2,0,0,0,0,0,2,0,0,1,1,0,0,2,0,1,0,0,1,2,2,2,0,1,0,0,0,0,0,1,1,1,0,0,1,0,0,0,0,0,0,0,0,0
"Seguridad","Nayarit","Otros delitos contra la familia",NA,0,0,0,0,0,2,2,0,2,0,2,0,0,0,1,0,0,1,3,1,4,3,1,3,0,0,0,0,0,2,0,2,2,1,0,1,2,1,0,3,1,1,1,1,3,2,0,0,0,1,2,0,1,2,0,1,1,1,0,0,0,1,0,1,0,1,1,1,1,2,1,2,1,1,0,2,1,1,1,0,2,0,0,0,1,1,2,2,2,2,2,4,8,4,2,1,0,2,2,3,4,9,4,6,6,5,6,0,5,4,8,5,5,9,5,2,6,3,6,4,4,4,1,4,3,8,0,0,0,0,0,0
"Seguridad","Nuevo León","Otros delitos contra la familia",NA,209,238,244,273,284,297,329,323,319,300,289,240,205,264,286,274,313,390,358,332,351,286,292,293,300,298,336,312,344,394,334,374,408,354,346,270,297,333,343,357,402,389,464,409,394,409,360,291,261,360,376,357,471,439,467,445,439,481,403,417,431,416,465,357,369,455,436,577,536,485,444,423,352,410,590,587,600,576,539,529,473,541,470,494,366,413,601,570,710,669,589,736,679,574,562,482,461,440,508,408,537,539,436,518,489,423,353,357,402,412,459,517,479,403,414,406,438,496,368,309,313,399,437,469,467,457,0,0,0,0,0,0
"Seguridad","Oaxaca","Otros delitos contra la familia",NA,0,5,0,0,2,0,0,9,0,0,4,0,15,9,10,21,17,11,18,16,5,0,7,15,18,6,6,10,8,8,15,7,14,14,10,12,12,12,16,30,23,22,22,20,16,14,17,12,8,12,18,27,23,18,18,25,27,20,18,15,20,22,16,12,19,23,17,17,19,22,18,21,18,12,23,22,32,23,15,21,21,23,23,15,18,26,20,27,23,25,20,32,23,25,24,21,20,15,18,19,17,15,21,23,25,26,20,18,18,19,21,13,25,15,12,24,19,18,15,28,24,18,16,21,16,12,0,0,0,0,0,0
"Seguridad","Puebla","Otros delitos contra la familia",NA,2,1,0,0,2,4,2,1,1,0,1,0,1,2,2,0,1,0,1,0,1,22,1,2,0,1,0,0,0,0,1,2,2,2,0,0,0,1,0,0,2,0,1,1,1,0,1,0,0,2,0,1,1,2,89,99,77,111,82,65,75,59,73,51,84,49,73,76,57,48,47,60,58,48,58,45,49,33,54,52,54,52,65,69,51,45,61,60,57,61,56,46,55,44,52,43,42,34,48,32,65,59,57,74,62,58,74,49,61,51,65,80,74,76,88,76,91,87,108,92,70,58,55,55,54,63,0,0,0,0,0,0
"Seguridad","Querétaro","Otros delitos contra la familia",NA,3,4,3,6,5,4,5,4,10,8,4,10,4,8,5,15,11,4,10,14,8,12,10,11,9,5,11,13,17,12,13,23,11,14,10,26,21,17,16,14,16,14,19,26,15,18,18,17,12,6,13,17,28,15,20,29,15,18,14,20,14,13,23,12,11,14,26,19,22,17,9,21,22,13,24,21,15,17,26,20,20,24,15,39,29,20,20,19,24,19,28,20,17,21,19,23,26,24,38,22,41,28,27,34,18,19,22,32,24,19,24,22,27,21,32,34,29,26,30,31,27,12,20,22,22,19,0,0,0,0,0,0
"Seguridad","Quintana Roo","Otros delitos contra la familia",NA,0,0,0,0,31,0,0,0,0,0,0,0,0,0,0,0,0,0,0,1,0,5,1,2,3,0,7,8,5,0,1,2,1,1,2,2,1,8,1,4,5,1,1,4,1,0,3,1,3,2,4,2,1,11,10,11,2,1,0,0,40,54,67,28,24,45,47,64,50,47,34,53,50,50,63,54,73,43,40,59,51,49,40,62,57,50,46,67,65,70,56,79,69,73,69,60,64,67,86,63,73,81,73,60,92,86,71,69,93,51,74,68,75,49,89,64,72,53,76,62,55,73,59,76,76,62,0,0,0,0,0,0
"Seguridad","San Luis Potosí","Otros delitos contra la familia",NA,1,2,6,3,0,2,1,1,3,1,3,0,1,0,0,1,1,0,0,0,0,2,0,0,0,1,0,0,0,0,0,0,0,0,0,0,0,0,0,0,1,0,0,1,1,0,0,1,0,1,0,0,0,1,0,0,0,0,0,1,0,0,1,0,0,0,0,0,1,0,0,0,0,2,0,0,0,1,0,0,1,0,1,0,0,2,1,3,3,9,4,0,0,0,0,0,0,0,0,0,0,0,0,0,0,0,1,1,0,0,0,0,0,0,1,0,0,1,0,0,0,0,0,0,0,1,0,0,0,0,0,0
"Seguridad","Sinaloa","Otros delitos contra la familia",NA,2,3,7,3,4,5,0,5,7,8,6,2,3,6,2,8,1,0,3,3,3,1,0,0,2,2,3,2,4,4,0,2,1,1,4,1,2,2,7,5,3,6,3,1,1,2,1,1,2,2,1,3,5,6,1,1,3,6,8,4,2,5,3,2,9,11,7,11,6,10,17,11,7,16,20,15,16,13,9,8,11,8,10,9,14,17,14,23,20,17,8,14,16,23,28,15,16,19,14,16,14,19,7,10,21,13,8,2,14,10,17,18,20,25,15,14,9,11,14,14,17,26,21,20,22,26,0,0,0,0,0,0
"Seguridad","Sonora","Otros delitos contra la familia",NA,0,1,3,0,3,2,0,0,2,1,1,3,3,2,2,2,0,0,3,1,0,0,0,0,1,1,0,0,0,1,0,1,0,0,0,0,1,1,0,0,1,0,2,0,0,0,1,1,0,1,0,1,0,0,0,1,1,1,4,9,9,8,7,4,20,19,15,5,5,12,9,13,8,11,11,9,12,18,9,8,12,7,5,10,5,5,13,3,5,2,9,7,12,5,6,1,2,9,3,3,6,27,5,12,15,23,18,18,6,11,11,17,13,22,22,12,27,9,20,5,8,10,14,9,8,25,0,0,0,0,0,0
"Seguridad","Tabasco","Otros delitos contra la familia",NA,2,1,1,0,0,0,0,0,4,0,0,0,0,0,0,0,1,0,0,0,0,0,0,0,0,0,0,2,2,3,1,7,3,0,1,0,1,4,3,1,2,1,1,3,2,0,1,2,1,4,1,0,3,2,2,4,0,5,1,3,2,3,2,0,0,0,3,3,6,4,2,2,0,2,3,0,2,1,1,2,2,3,1,2,2,2,0,1,2,2,0,0,1,2,3,1,1,0,1,1,2,1,1,1,0,2,0,0,1,0,0,1,0,1,2,3,0,0,1,0,0,0,5,12,2,1,0,0,0,0,0,0
"Seguridad","Tamaulipas","Otros delitos contra la familia",NA,30,0,39,33,46,51,46,57,0,41,35,38,47,51,55,45,46,78,62,110,116,92,58,74,62,60,67,60,53,61,72,94,79,77,44,52,59,63,50,59,54,77,68,115,70,55,70,69,79,63,57,62,76,69,72,94,62,53,59,49,52,59,46,45,29,54,44,57,58,71,55,57,60,53,61,65,69,49,58,70,74,70,63,76,51,51,78,91,82,55,87,97,82,69,46,68,82,70,76,68,69,85,87,90,74,71,49,55,72,63,69,70,77,63,68,89,68,59,75,43,51,52,63,67,69,51,0,0,0,0,0,0
"Seguridad","Tlaxcala","Otros delitos contra la familia",NA,0,0,2,0,0,1,4,1,6,1,4,3,1,1,0,2,0,1,2,0,0,0,0,0,0,0,0,1,0,0,0,0,2,1,0,5,2,0,1,4,3,3,3,0,3,0,0,0,1,0,0,0,0,0,0,0,0,0,0,0,0,1,0,0,0,0,0,0,1,1,0,1,0,0,0,0,0,0,0,0,1,1,0,1,2,0,0,0,0,0,1,0,0,0,0,0,0,0,0,0,0,0,0,0,0,0,0,0,0,0,0,0,0,0,0,0,0,1,0,0,1,1,0,0,0,0,0,0,0,0,0,0
"Seguridad","Veracruz de Ignacio de la Llave","Otros delitos contra la familia",NA,59,51,46,75,57,40,37,67,48,46,50,29,59,46,60,70,50,76,46,96,58,40,62,58,102,93,127,98,81,94,107,117,97,106,94,59,90,101,108,125,117,104,97,92,112,77,53,32,149,166,122,137,146,167,146,222,157,146,105,116,111,151,134,105,113,140,167,171,178,192,175,148,126,139,161,179,159,157,139,143,161,165,155,147,125,138,156,152,163,142,164,160,144,156,142,114,55,62,64,55,65,64,49,69,64,67,47,38,60,70,74,70,85,97,81,62,62,65,79,58,69,51,61,70,73,65,0,0,0,0,0,0
"Seguridad","Yucatán","Otros delitos contra la familia",NA,51,41,56,38,52,15,38,16,37,39,8,34,36,37,33,20,39,60,27,59,9,75,61,55,72,85,75,117,103,50,28,17,5,9,14,10,14,7,10,15,15,12,3,17,12,19,8,15,8,13,17,20,10,19,36,17,6,5,4,2,10,3,4,0,0,5,2,0,1,1,10,0,3,6,3,7,14,2,1,0,0,0,0,0,2,1,0,1,0,0,1,0,0,1,0,0,2,1,0,1,2,0,0,0,0,0,0,3,0,3,4,1,1,0,0,1,1,3,1,0,3,0,1,2,1,1,0,0,0,0,0,0
"Seguridad","Zacatecas","Otros delitos contra la familia",NA,7,7,6,5,5,4,7,5,8,3,6,6,4,6,8,4,5,5,7,7,2,4,3,5,3,4,8,7,7,5,8,7,7,4,7,5,12,4,3,5,3,8,8,13,10,5,4,3,7,5,6,7,7,7,12,10,9,13,12,11,7,9,9,12,6,10,7,15,13,9,12,11,12,11,12,9,6,12,12,13,4,8,7,11,8,10,12,12,6,5,15,9,14,10,14,9,12,7,8,7,5,9,9,7,11,9,10,9,14,11,8,10,7,13,13,12,10,12,3,6,10,6,11,8,14,8,0,0,0,0,0,0
"Seguridad","Aguascalientes","Otros delitos contra la sociedad",NA,0,0,0,0,0,0,0,0,0,0,0,0,0,0,0,0,0,0,0,0,0,0,0,0,0,3,13,0,0,0,0,0,0,0,0,0,0,0,0,0,0,0,0,0,0,0,0,0,0,0,0,0,0,0,0,1,0,0,0,0,0,3,0,0,1,0,0,0,0,0,0,0,0,0,0,0,1,1,0,0,0,0,0,0,0,0,0,0,0,0,0,0,0,0,0,1,0,0,0,0,0,0,0,0,0,0,0,0,0,0,0,0,0,0,0,0,0,0,0,0,0,0,0,0,0,0,0,0,0,0,0,0
"Seguridad","Baja California","Otros delitos contra la sociedad",NA,1,2,3,0,0,0,0,0,0,0,0,0,0,0,3,1,0,0,1,0,0,0,0,0,0,0,0,0,4,3,2,6,0,3,0,1,8,6,1,5,6,1,5,11,2,1,2,4,7,1,2,6,5,1,3,3,1,2,3,2,5,2,6,3,4,5,3,6,5,4,3,2,4,3,6,2,4,6,2,7,2,3,1,2,7,5,4,3,6,5,4,6,4,4,4,4,4,7,6,3,7,8,4,6,10,11,8,1,8,4,6,4,4,2,7,4,11,10,1,1,4,11,3,6,4,5,0,0,0,0,0,0
"Seguridad","Baja California Sur","Otros delitos contra la sociedad",NA,0,0,0,0,0,0,0,0,0,0,0,0,0,0,0,0,0,0,0,0,0,0,0,0,0,2,0,1,0,0,0,0,0,0,0,0,0,0,0,0,0,0,0,0,1,0,0,0,0,0,0,0,0,0,0,0,0,0,0,0,0,0,0,0,0,1,0,0,0,0,0,0,0,0,0,0,0,0,1,0,0,0,1,0,0,0,0,0,0,1,0,0,0,0,0,0,0,0,0,0,0,0,0,0,0,0,0,0,0,0,0,0,0,0,0,0,0,0,0,0,0,0,0,0,0,0,0,0,0,0,0,0
"Seguridad","Campeche","Otros delitos contra la sociedad",NA,0,0,0,0,0,0,0,0,0,0,0,0,0,0,0,0,0,1,0,0,0,0,0,0,0,0,0,0,0,0,1,1,0,0,0,0,0,0,0,0,0,0,0,0,0,0,1,0,6,0,2,3,0,0,0,1,0,0,1,0,2,0,0,0,1,0,0,0,0,0,0,0,0,0,0,0,1,0,0,0,0,0,0,1,0,0,1,0,0,0,0,1,0,0,0,0,0,0,0,0,0,2,0,0,0,0,0,0,0,1,0,0,0,0,0,1,0,0,0,1,0,1,1,0,3,0,0,0,0,0,0,0
"Seguridad","Chiapas","Otros delitos contra la sociedad",NA,1,2,0,1,2,0,2,0,1,1,1,0,0,3,3,1,1,0,0,3,0,2,1,3,5,0,0,1,10,4,4,5,6,5,11,3,12,18,10,22,36,21,14,20,22,14,13,13,23,17,16,11,18,17,15,15,14,8,9,6,16,10,15,2,5,4,5,9,2,2,3,4,7,11,10,7,15,6,8,8,6,9,8,12,3,3,10,8,8,9,10,12,8,6,6,7,6,9,11,4,10,5,8,5,6,9,9,7,4,9,8,11,12,15,10,10,9,7,14,7,19,7,4,14,5,4,0,0,0,0,0,0
"Seguridad","Chihuahua","Otros delitos contra la sociedad",NA,0,1,2,3,2,1,0,3,0,3,1,0,2,1,1,1,1,3,0,2,0,2,5,2,0,0,0,0,0,0,0,0,0,0,0,0,0,0,0,0,0,0,0,0,0,0,0,0,0,0,0,0,0,0,0,0,0,0,0,0,0,0,0,0,0,0,0,0,0,0,0,0,0,0,0,1,0,0,0,0,0,0,0,0,0,0,0,0,0,0,0,1,0,0,0,0,0,5,7,5,12,14,8,8,9,5,5,7,9,6,10,6,10,13,14,8,6,10,2,4,3,8,12,9,10,16,0,0,0,0,0,0
"Seguridad","Ciudad de México","Otros delitos contra la sociedad",NA,0,0,0,1,0,2,2,1,1,1,2,5,11,7,6,5,9,5,0,4,2,2,1,3,6,8,6,5,4,4,2,5,3,7,2,4,52,51,59,61,69,60,60,71,69,83,58,47,148,182,195,196,189,198,81,198,92,210,177,159,175,195,227,97,46,115,152,165,146,184,176,115,95,76,148,140,223,107,224,142,99,125,111,182,145,96,137,135,159,112,107,141,169,191,169,113,105,131,527,208,171,182,131,117,146,147,156,161,140,162,151,153,206,122,121,115,106,151,135,105,118,149,152,141,170,135,0,0,0,0,0,0
"Seguridad","Coahuila de Zaragoza","Otros delitos contra la sociedad",NA,0,0,0,0,1,0,0,0,0,0,0,0,0,0,0,1,0,0,0,0,0,0,0,0,0,0,0,0,1,0,0,0,0,0,0,0,0,0,0,0,0,0,0,0,0,0,0,0,0,0,0,0,0,0,0,0,0,0,0,0,0,0,0,0,0,0,0,0,0,0,0,0,0,0,0,0,0,0,0,0,0,0,0,0,0,0,0,0,0,0,0,0,0,1,0,0,0,0,0,0,0,0,0,0,0,0,0,0,0,0,0,0,0,0,0,0,0,0,0,0,22,16,33,25,21,18,0,0,0,0,0,0
"Seguridad","Colima","Otros delitos contra la sociedad",NA,0,0,0,0,0,0,0,0,0,0,0,0,4,3,2,0,0,0,0,0,0,0,0,0,0,0,0,0,0,0,0,0,0,0,0,0,0,0,0,0,0,0,0,0,0,0,7,6,7,6,13,6,6,10,8,5,8,6,3,9,2,5,20,8,10,14,7,9,10,16,9,8,9,9,12,9,14,11,9,5,10,7,13,7,2,6,12,7,4,10,5,6,5,13,11,11,18,7,14,15,11,9,18,11,9,10,10,5,6,13,8,12,16,13,16,12,14,19,11,11,8,8,20,4,12,13,0,0,0,0,0,0
"Seguridad","Durango","Otros delitos contra la sociedad",NA,3,3,0,1,1,4,0,5,2,30,11,8,7,6,5,3,5,10,4,1,2,3,5,1,4,3,2,0,0,2,0,1,2,1,0,1,0,2,0,0,1,3,1,1,5,1,1,3,0,0,2,0,0,2,1,3,3,2,6,0,0,2,10,1,0,0,0,0,0,1,0,0,5,1,1,0,0,1,0,0,0,0,0,1,1,0,1,1,0,2,0,0,1,1,0,0,0,0,0,1,0,0,0,0,0,1,0,0,0,0,0,1,0,0,0,0,0,2,3,0,0,1,0,1,0,0,0,0,0,0,0,0
"Seguridad","Guanajuato","Otros delitos contra la sociedad",NA,0,0,0,0,0,0,0,0,0,0,0,0,0,0,0,0,0,0,0,0,0,0,0,0,0,0,0,0,0,0,0,0,0,0,0,0,0,0,0,0,0,0,0,0,0,0,0,0,0,0,0,0,0,0,0,0,0,0,0,0,0,0,0,0,0,0,0,0,0,0,0,0,0,0,0,0,0,0,0,0,0,0,0,0,0,0,0,0,0,0,0,0,0,0,0,0,0,0,0,1,0,0,0,0,0,0,0,0,0,1,1,0,0,0,1,1,1,0,0,1,0,0,0,0,0,0,0,0,0,0,0,0
"Seguridad","Guerrero","Otros delitos contra la sociedad",NA,0,0,0,0,0,0,0,0,0,0,0,0,0,0,0,0,0,0,0,0,0,0,0,0,0,0,0,0,0,0,0,0,0,0,0,0,0,0,0,0,0,0,0,0,0,0,0,0,0,0,0,0,0,0,0,0,0,0,0,0,0,0,0,0,0,0,0,0,0,0,0,0,0,0,0,0,0,0,0,0,0,0,0,0,0,0,0,0,0,0,0,0,0,0,0,0,0,0,0,0,0,0,0,0,0,0,0,0,0,0,0,0,0,0,0,0,0,0,0,1,0,0,0,0,0,0,0,0,0,0,0,0
"Seguridad","Hidalgo","Otros delitos contra la sociedad",NA,0,0,0,0,0,0,0,0,0,0,0,0,0,0,0,0,0,0,0,0,0,0,0,0,0,0,0,0,0,0,0,0,1,0,1,0,3,2,1,2,1,0,0,4,7,0,8,1,0,0,0,0,0,0,0,0,0,0,0,0,2,4,1,2,0,1,1,0,2,0,0,0,0,0,1,2,0,1,0,1,2,5,3,7,1,1,3,1,1,1,0,0,3,0,1,1,2,1,1,3,2,3,3,2,3,1,0,2,0,0,1,2,1,2,1,4,2,0,0,1,1,0,1,1,5,5,0,0,0,0,0,0
"Seguridad","Jalisco","Otros delitos contra la sociedad",NA,0,0,0,0,0,0,0,0,0,0,0,0,0,0,0,0,0,0,0,0,0,0,0,0,0,0,0,0,0,0,0,0,0,0,0,0,0,0,0,0,0,0,0,0,0,0,0,0,0,0,0,0,0,0,0,0,0,0,0,0,1,0,1,0,0,3,2,0,0,4,1,0,0,0,0,0,0,0,2,1,0,1,0,2,0,1,0,0,1,0,0,0,0,0,0,0,2,0,1,0,1,0,0,0,0,0,0,0,0,0,0,0,0,1,0,1,3,0,2,0,0,1,0,0,0,0,0,0,0,0,0,0
"Seguridad","Michoacán de Ocampo","Otros delitos contra la sociedad",NA,1,0,0,0,0,0,0,1,1,0,0,0,0,1,0,1,3,0,0,0,1,1,0,0,2,0,0,1,0,0,0,0,0,0,0,0,0,0,0,0,0,0,0,1,0,0,0,0,1,0,0,0,0,0,0,0,0,0,1,2,0,0,1,0,1,0,1,0,0,0,0,0,0,2,0,0,0,0,1,2,0,0,0,0,1,0,0,0,0,0,0,0,0,1,1,1,0,1,0,1,1,0,0,1,1,0,0,1,1,0,0,0,0,0,0,0,0,0,0,0,0,0,0,0,0,1,0,0,0,0,0,0
"Seguridad","Morelos","Otros delitos contra la sociedad",NA,0,1,1,0,0,0,0,0,0,1,0,1,0,0,0,1,1,0,0,0,0,1,1,0,0,1,1,0,1,2,1,1,0,0,1,2,0,0,0,2,2,0,2,1,1,2,1,0,0,4,1,2,0,1,1,0,1,1,0,0,3,1,1,2,0,1,1,0,3,0,0,0,3,1,0,3,2,1,2,0,1,1,1,1,0,1,2,0,1,4,1,2,1,2,7,4,3,5,4,1,2,1,0,0,0,3,4,1,1,2,3,1,5,2,1,4,10,5,7,4,7,3,9,5,9,8,0,0,0,0,0,0
"Seguridad","México","Otros delitos contra la sociedad",NA,48,55,69,69,39,42,36,42,47,51,50,48,44,49,56,45,79,56,37,45,50,66,89,109,143,204,195,71,59,56,43,86,55,71,68,59,59,59,97,187,201,192,240,253,206,186,115,135,226,254,267,314,289,286,292,290,238,293,370,463,436,438,350,179,200,209,268,373,445,535,528,502,513,381,437,356,282,288,292,329,415,509,375,437,449,320,305,343,341,268,195,165,201,300,247,219,122,224,346,260,262,333,254,180,184,181,135,97,129,119,136,164,162,144,177,161,153,162,129,113,165,128,214,256,206,216,0,0,0,0,0,0
"Seguridad","Nayarit","Otros delitos contra la sociedad",NA,0,1,1,2,0,3,2,0,1,1,1,0,0,0,0,0,0,0,0,0,0,0,0,0,0,1,0,0,1,0,0,1,0,0,0,1,0,0,1,0,0,0,0,1,0,2,2,0,2,0,0,1,0,1,0,1,0,0,0,0,0,0,1,0,1,0,0,0,1,1,1,0,1,0,1,0,1,1,0,0,0,1,2,0,0,1,0,0,2,2,1,4,3,2,2,1,1,1,1,1,2,3,1,0,1,1,0,0,1,1,0,2,2,2,2,1,0,1,2,0,2,1,2,0,0,4,0,0,0,0,0,0
"Seguridad","Nuevo León","Otros delitos contra la sociedad",NA,1,0,0,1,1,1,0,1,0,0,0,0,0,1,0,0,0,0,0,1,0,0,0,0,2,0,1,0,0,1,0,2,1,1,1,0,0,0,0,0,0,0,0,0,0,0,0,0,0,0,1,1,0,0,0,0,0,0,1,0,0,0,0,1,6,1,0,0,0,0,0,0,0,0,0,0,0,0,0,0,0,0,0,0,0,1,1,0,1,0,0,1,0,0,0,0,0,0,0,0,0,0,0,0,0,1,1,1,0,0,1,0,0,0,0,0,0,0,0,1,0,1,0,0,0,0,0,0,0,0,0,0
"Seguridad","Oaxaca","Otros delitos contra la sociedad",NA,0,7,0,0,19,0,0,18,0,0,22,0,4,5,7,0,16,33,18,13,11,0,7,8,13,3,5,9,15,10,5,11,10,4,17,20,18,11,16,65,53,43,59,54,61,44,31,30,40,21,23,29,28,48,42,55,47,53,50,49,61,48,58,37,37,31,40,38,43,42,32,40,53,57,47,44,41,36,54,29,36,35,27,34,33,51,78,63,50,44,49,43,49,49,49,41,60,63,68,63,74,68,54,50,62,59,54,46,68,60,51,68,69,62,73,84,46,54,64,50,36,79,37,0,16,90,0,0,0,0,0,0
"Seguridad","Puebla","Otros delitos contra la sociedad",NA,94,82,97,85,95,119,79,68,101,115,72,67,76,72,91,92,77,69,84,60,44,74,53,34,71,78,34,46,51,52,43,96,87,76,70,132,114,102,126,275,266,153,105,128,111,140,119,104,109,192,186,200,149,75,74,47,37,56,62,45,37,59,47,34,29,36,29,58,48,52,46,50,30,74,74,63,58,51,54,33,39,58,35,45,48,35,32,47,57,39,34,30,31,30,46,55,25,33,55,33,27,29,28,30,27,41,33,32,31,18,20,27,40,24,25,49,16,23,37,31,34,17,33,49,41,49,0,0,0,0,0,0
"Seguridad","Querétaro","Otros delitos contra la sociedad",NA,12,8,14,9,5,13,8,6,10,11,4,8,12,7,18,15,16,13,8,7,9,6,9,4,6,12,11,14,14,6,13,12,16,9,9,10,3,17,11,7,16,11,14,5,10,9,13,16,8,9,11,15,12,11,7,8,25,39,23,15,15,17,29,16,25,12,23,30,54,47,63,69,62,50,46,39,31,40,32,40,48,47,24,20,23,17,39,24,27,39,35,33,23,30,29,22,25,21,37,33,35,32,34,28,20,25,22,26,36,35,26,46,31,29,34,44,25,31,43,35,40,38,56,47,39,41,0,0,0,0,0,0
"Seguridad","Quintana Roo","Otros delitos contra la sociedad",NA,0,0,0,0,0,0,0,0,0,0,0,0,0,0,0,0,0,0,0,0,0,1,2,3,0,1,3,1,1,1,2,2,1,0,1,1,0,1,0,0,1,0,1,2,4,2,1,0,2,3,0,1,1,1,2,1,1,2,0,0,0,0,0,1,0,0,0,0,0,0,0,0,0,0,0,1,0,0,0,0,0,1,0,0,2,0,1,0,0,0,0,0,0,0,0,0,0,1,0,0,0,0,0,0,0,0,0,0,0,0,0,0,0,1,0,0,0,0,0,0,0,1,0,1,1,0,0,0,0,0,0,0
"Seguridad","San Luis Potosí","Otros delitos contra la sociedad",NA,0,0,0,0,0,0,0,0,0,0,0,0,0,0,0,0,0,0,0,0,0,0,0,0,0,0,0,0,0,0,1,0,1,0,0,0,0,0,0,0,0,0,0,0,0,0,0,1,0,0,0,0,0,0,0,0,0,0,0,0,0,0,0,0,0,0,0,0,0,0,0,0,0,0,0,0,0,0,0,0,0,0,0,0,0,0,0,0,0,0,0,0,0,0,0,0,0,0,0,0,0,0,0,0,0,0,0,0,0,0,0,0,0,0,0,0,0,0,0,0,0,0,0,0,0,0,0,0,0,0,0,0
"Seguridad","Sinaloa","Otros delitos contra la sociedad",NA,15,14,28,19,20,12,8,10,14,9,17,6,13,14,12,9,14,7,7,14,11,5,5,5,10,11,6,5,9,7,8,5,7,8,4,4,5,3,6,6,4,6,6,8,8,3,2,5,6,3,1,5,5,5,5,9,10,7,4,2,5,12,1,5,0,1,3,4,6,4,2,2,6,10,9,4,6,4,14,4,9,9,4,3,6,2,4,3,3,1,3,6,8,3,5,1,6,3,5,4,6,7,4,6,4,9,6,4,5,1,1,5,8,5,7,6,9,10,21,20,20,17,18,11,47,30,0,0,0,0,0,0
"Seguridad","Sonora","Otros delitos contra la sociedad",NA,0,0,0,0,0,0,0,0,0,0,0,0,0,0,0,0,0,0,0,0,0,0,0,0,0,0,0,0,0,0,0,0,0,0,0,0,0,0,0,0,0,0,0,0,0,0,0,0,0,0,0,0,3,2,3,6,0,4,1,2,1,3,2,6,6,5,9,6,16,7,15,2,4,6,4,13,14,10,7,3,12,8,6,5,7,13,17,7,17,18,11,12,19,12,14,13,9,20,18,13,13,17,15,20,11,12,13,10,11,12,17,17,10,17,10,15,13,26,26,18,13,11,9,9,13,17,0,0,0,0,0,0
"Seguridad","Tabasco","Otros delitos contra la sociedad",NA,2,3,4,1,0,0,0,5,5,5,4,2,4,1,3,2,4,0,0,1,0,2,0,2,1,2,0,3,2,0,0,1,0,0,0,0,0,0,0,0,0,0,0,0,1,0,0,0,0,0,0,0,0,0,0,0,0,0,0,0,0,0,0,0,0,0,0,0,0,0,0,0,0,0,0,0,0,0,0,0,0,0,0,0,0,0,0,0,0,0,0,0,0,0,0,0,0,0,0,0,0,0,0,0,0,0,0,0,0,0,0,0,0,0,0,0,0,0,0,1,1,0,0,0,0,0,0,0,0,0,0,0
"Seguridad","Tamaulipas","Otros delitos contra la sociedad",NA,0,0,0,0,0,0,0,0,0,0,0,0,0,0,0,0,0,0,0,0,0,0,0,0,0,0,0,0,0,0,0,0,0,0,0,0,0,0,0,0,0,0,0,0,0,0,0,0,0,0,0,0,0,0,0,0,0,0,0,0,0,0,0,0,0,0,0,0,0,0,0,0,0,0,0,0,0,0,0,0,0,0,0,0,0,0,0,0,0,0,0,0,0,0,0,0,0,0,0,0,0,0,0,0,0,0,0,0,0,0,0,0,0,0,0,0,0,0,0,0,0,0,0,0,0,0,0,0,0,0,0,0
"Seguridad","Tlaxcala","Otros delitos contra la sociedad",NA,0,0,0,0,0,0,0,0,0,0,0,0,0,0,0,0,0,0,0,0,0,0,0,0,0,0,0,0,0,0,0,0,0,0,0,0,0,0,0,0,0,0,0,0,0,0,0,0,0,0,0,0,0,0,0,0,0,0,0,0,0,0,0,0,0,0,0,0,0,0,0,0,0,0,0,0,0,0,0,0,0,0,0,0,0,0,0,0,0,0,0,0,0,0,0,0,0,0,0,0,0,0,0,0,0,0,0,0,0,0,0,0,0,0,0,0,0,0,0,0,0,0,0,0,0,0,0,0,0,0,0,0
"Seguridad","Veracruz de Ignacio de la Llave","Otros delitos contra la sociedad",NA,0,2,1,1,2,4,1,0,0,0,0,1,0,0,3,1,1,0,1,0,0,0,0,0,0,0,0,0,0,0,0,0,0,0,0,0,0,0,0,0,0,0,0,0,0,0,0,0,0,0,0,0,0,0,0,0,0,1,0,0,0,0,0,0,0,0,0,0,0,0,0,0,0,0,0,0,1,0,0,0,0,0,0,0,0,0,0,0,1,0,0,0,0,1,0,0,0,0,1,0,0,0,1,1,0,0,0,0,0,0,0,0,0,0,0,0,0,0,0,0,0,0,1,0,0,0,0,0,0,0,0,0
"Seguridad","Yucatán","Otros delitos contra la sociedad",NA,99,70,48,44,68,11,0,0,1,1,1,0,1,1,58,3,5,30,64,106,151,165,196,322,167,143,129,141,163,90,54,0,4,0,5,0,15,9,9,0,0,0,25,16,1,10,5,5,0,14,5,5,0,4,0,0,0,1,0,0,0,0,0,0,0,0,0,0,0,0,0,11,1,0,2,0,2,0,1,0,0,0,0,0,0,0,0,0,0,0,0,0,0,0,0,0,1,1,0,0,0,0,0,0,0,0,1,0,1,0,1,0,0,0,0,0,0,0,0,0,0,0,0,0,0,0,0,0,0,0,0,0
"Seguridad","Zacatecas","Otros delitos contra la sociedad",NA,0,0,1,0,0,0,0,0,1,0,1,0,0,1,0,0,1,0,1,1,1,1,0,0,1,1,1,0,0,0,0,0,0,0,0,0,0,0,0,0,0,0,0,0,0,0,0,0,0,0,0,0,0,0,0,0,0,0,0,0,0,0,0,0,0,0,0,0,0,0,0,0,0,0,0,0,0,0,0,0,0,0,0,0,0,0,0,0,0,0,0,0,0,0,0,0,0,0,0,0,0,0,0,0,0,0,0,0,0,0,0,0,0,0,0,0,0,0,0,0,0,0,0,0,0,0,0,0,0,0,0,0
"Seguridad","Aguascalientes","Otros delitos del Fuero Común",NA,79,83,65,84,79,104,137,74,104,203,237,365,202,269,316,277,350,147,281,259,275,231,201,188,110,130,150,123,182,270,153,187,201,296,168,123,162,147,193,213,262,175,242,220,193,216,240,193,214,213,162,246,175,171,196,167,207,127,116,86,112,99,100,64,69,101,133,133,170,140,114,114,176,113,168,144,167,174,182,195,201,192,166,143,142,161,203,204,209,178,246,206,211,245,202,203,251,359,364,389,380,391,325,351,325,259,250,316,287,405,413,371,404,351,408,387,360,364,365,338,377,386,402,314,332,350,0,0,0,0,0,0
"Seguridad","Baja California","Otros delitos del Fuero Común",NA,791,779,967,956,1494,1583,1641,1508,1408,1466,1359,1286,997,1042,807,731,778,620,554,629,654,592,555,714,683,622,754,840,825,791,708,609,571,630,541,558,678,557,737,700,515,481,436,339,456,399,475,486,530,499,498,466,464,446,424,413,406,472,599,557,627,669,707,407,481,409,577,582,598,553,568,454,492,493,558,523,513,596,582,511,529,658,559,511,549,613,706,629,684,689,703,796,847,860,738,738,811,769,800,735,708,778,799,758,874,888,866,711,790,821,851,817,772,720,764,658,569,602,601,545,531,574,655,680,706,694,0,0,0,0,0,0
"Seguridad","Baja California Sur","Otros delitos del Fuero Común",NA,280,266,255,248,297,277,194,225,230,217,183,205,102,121,169,137,149,105,60,60,56,64,46,78,42,67,45,58,36,41,32,79,27,46,60,29,51,43,66,66,84,97,83,54,68,64,93,94,100,103,83,82,95,87,79,74,70,51,75,59,98,59,74,42,74,61,60,34,44,49,52,56,55,74,59,69,59,84,58,79,62,75,85,74,90,63,72,89,90,100,88,72,84,89,85,88,62,67,70,77,90,80,90,109,89,84,85,91,81,91,101,77,102,89,89,110,125,95,106,92,127,110,104,95,131,121,0,0,0,0,0,0
"Seguridad","Campeche","Otros delitos del Fuero Común",NA,7,0,5,4,17,6,8,3,4,8,10,4,9,2,7,7,2,3,1,3,6,1,11,5,3,1,6,5,7,4,7,6,8,8,2,3,9,5,4,4,10,7,6,7,5,6,6,3,4,3,2,8,8,4,7,1,2,4,2,7,7,10,5,11,7,1,1,8,15,4,7,0,3,6,1,5,9,2,3,1,3,9,80,71,84,87,143,101,101,91,112,132,98,122,106,91,137,110,159,120,148,193,138,138,82,98,78,78,80,84,92,88,114,108,47,29,26,25,27,18,32,20,32,25,42,29,0,0,0,0,0,0
"Seguridad","Chiapas","Otros delitos del Fuero Común",NA,184,247,249,255,247,337,264,273,276,350,357,323,127,165,237,160,136,179,154,154,187,164,184,171,263,194,208,193,142,152,120,168,130,120,134,105,104,95,99,102,122,103,95,109,109,142,118,77,108,109,116,71,103,86,120,102,92,110,94,85,90,123,123,83,74,66,106,116,106,106,99,92,80,71,93,81,95,103,108,117,113,133,118,125,127,120,136,180,196,80,82,105,92,80,96,65,87,88,77,71,97,80,88,101,84,50,59,50,85,75,67,78,67,68,70,75,40,67,77,116,154,117,139,163,115,40,0,0,0,0,0,0
"Seguridad","Chihuahua","Otros delitos del Fuero Común",NA,322,315,332,313,278,274,297,312,298,324,281,312,210,278,285,288,292,235,211,211,208,226,212,211,231,302,320,343,340,371,378,398,334,335,199,274,363,334,336,350,327,286,299,259,298,438,305,307,274,293,321,307,304,310,299,279,261,290,203,161,228,173,186,137,156,176,123,112,120,116,114,125,123,222,174,165,154,149,158,113,120,153,122,112,106,159,144,137,136,141,173,136,161,134,121,92,147,105,139,128,170,189,209,222,232,189,219,208,182,159,159,198,207,222,188,204,190,197,146,150,144,173,207,195,186,169,0,0,0,0,0,0
"Seguridad","Ciudad de México","Otros delitos del Fuero Común",NA,589,678,765,745,678,776,815,771,832,980,828,758,783,945,1137,1045,981,849,721,838,860,833,835,716,737,627,800,719,791,772,827,1050,854,812,879,806,329,317,371,441,412,391,398,400,456,499,455,356,563,437,524,529,586,521,569,576,559,514,543,443,609,616,535,216,206,277,357,394,434,589,457,461,402,367,484,505,523,547,608,638,622,739,790,799,802,802,969,881,964,866,845,1000,706,718,688,698,791,728,916,873,962,1011,1030,1089,945,977,778,760,1000,860,922,1054,944,914,956,907,802,807,731,611,698,629,772,739,741,686,0,0,0,0,0,0
"Seguridad","Coahuila de Zaragoza","Otros delitos del Fuero Común",NA,655,579,558,696,399,486,543,401,436,642,611,644,438,434,427,544,564,752,688,639,747,721,739,933,694,856,1137,905,779,1068,970,1185,897,901,1233,598,523,543,809,614,848,569,588,809,525,585,286,197,256,389,285,251,212,165,178,181,185,189,127,107,129,111,114,99,115,110,138,128,112,124,91,94,131,143,178,151,119,144,188,164,260,249,218,233,317,226,322,266,293,322,218,224,314,165,210,218,198,210,281,170,173,238,175,187,192,153,125,199,150,225,168,206,222,176,203,251,200,229,203,205,307,331,365,362,327,328,0,0,0,0,0,0
"Seguridad","Colima","Otros delitos del Fuero Común",NA,106,87,108,107,98,77,74,111,104,76,112,94,80,105,104,503,318,132,35,45,30,4,31,37,97,82,86,113,110,137,76,116,112,150,153,145,115,112,152,119,122,84,124,113,94,108,88,98,56,65,76,73,75,83,66,81,80,76,60,64,58,58,67,65,51,57,81,54,62,66,65,57,49,53,61,67,76,79,73,63,72,76,65,77,72,66,106,78,74,78,88,97,82,109,106,104,88,69,82,91,102,113,114,119,97,106,99,87,125,101,102,118,121,119,106,134,126,152,110,127,104,99,94,108,157,182,0,0,0,0,0,0
"Seguridad","Durango","Otros delitos del Fuero Común",NA,144,256,188,260,144,86,87,80,128,143,116,241,66,72,80,90,127,146,84,84,123,87,75,96,99,97,352,119,313,135,90,133,96,138,194,135,86,79,77,72,63,64,64,58,80,94,136,65,142,74,77,79,94,109,21,36,37,32,66,34,56,52,134,21,58,54,69,90,130,111,49,105,71,136,146,78,76,84,65,115,130,89,118,45,73,68,40,62,91,96,50,76,72,41,42,41,73,58,38,60,82,65,37,76,71,41,40,39,66,57,38,58,72,60,37,76,69,41,47,32,66,22,61,34,63,65,0,0,0,0,0,0
"Seguridad","Guanajuato","Otros delitos del Fuero Común",NA,1242,1209,1333,1492,1379,1392,1348,1308,1454,1558,1487,1625,1692,1619,1723,1870,1931,1590,1642,1673,1670,1684,1512,1559,1689,1526,1827,1544,1882,1787,1742,1961,1799,1905,1619,1574,1726,1820,1869,1991,1875,1806,1947,2017,1784,1895,1412,1684,1899,1653,1885,1852,1742,1626,1760,1777,1636,1662,1620,1520,1746,1692,1953,1279,1376,1649,1574,1581,1663,1826,1540,1566,1530,1293,1585,1483,1394,1339,1465,1374,1263,1547,1335,1438,1372,1370,1506,1398,1423,1488,1541,1507,1371,1449,1460,1353,1492,1337,1652,1570,1693,1688,1600,1936,1928,1839,1682,1569,1772,1704,1721,1833,1954,1722,1802,1695,1647,1835,1692,1607,1851,1711,2141,2050,2158,2093,0,0,0,0,0,0
"Seguridad","Guerrero","Otros delitos del Fuero Común",NA,515,613,698,668,763,760,737,708,570,723,598,595,709,699,806,794,843,798,748,682,731,713,684,644,819,775,922,770,855,947,197,196,160,207,211,180,216,208,261,275,322,265,280,209,144,203,196,177,179,171,204,199,223,199,222,177,217,223,176,170,198,282,289,124,144,163,165,200,157,173,148,154,89,88,92,101,69,92,77,73,78,81,85,76,79,75,103,96,109,105,100,97,96,102,101,79,90,97,108,126,117,129,91,131,98,86,127,75,99,83,70,80,95,90,80,87,80,86,78,61,88,87,99,118,147,118,0,0,0,0,0,0
"Seguridad","Hidalgo","Otros delitos del Fuero Común",NA,204,301,103,283,135,133,178,140,213,122,288,181,255,178,231,140,184,224,74,209,146,185,164,160,147,161,157,176,163,143,122,168,149,334,304,126,316,318,345,423,539,435,456,519,540,464,471,289,509,391,522,401,368,424,384,445,334,377,344,247,382,374,442,240,209,331,359,409,442,411,403,297,705,673,478,354,1265,888,359,1453,1213,861,638,1222,564,748,836,949,843,891,1338,768,775,705,757,1264,936,1088,1081,1191,992,1250,1521,1004,1022,940,1112,1042,945,968,1158,1113,1134,980,1242,1232,1641,1221,1312,1825,1461,1157,1304,1213,415,321,0,0,0,0,0,0
"Seguridad","Jalisco","Otros delitos del Fuero Común",NA,598,577,614,576,631,612,611,671,767,1010,981,846,845,994,910,1030,1009,1001,829,875,938,900,850,845,740,740,908,774,829,855,913,979,907,987,842,732,953,816,993,1295,1226,757,913,865,814,931,781,658,803,883,948,1082,998,973,985,1046,943,1185,1047,970,983,924,981,671,750,999,933,1012,902,1037,884,870,812,784,1111,912,877,908,915,890,979,940,1040,900,937,1014,1156,1276,1401,1240,1156,1292,1163,1088,1013,931,1088,1204,1426,1390,1648,1536,1368,1394,1384,1568,1268,1034,1200,1202,1293,1340,1313,1227,1311,1226,1067,1118,944,910,1073,1170,1241,1217,1168,1089,0,0,0,0,0,0
"Seguridad","Michoacán de Ocampo","Otros delitos del Fuero Común",NA,230,165,154,139,111,110,107,110,117,189,145,100,153,123,129,120,89,103,122,88,117,129,139,142,172,178,159,178,197,209,203,237,264,271,247,195,244,251,255,257,229,250,256,233,247,252,195,177,280,362,398,347,293,253,276,282,296,336,320,263,287,312,429,276,310,262,325,343,333,295,263,286,252,251,264,200,265,319,232,212,196,202,193,180,178,186,207,207,217,202,198,224,236,245,236,211,259,299,325,266,263,270,208,319,339,312,296,301,382,297,333,367,415,312,313,292,328,318,322,345,426,372,373,404,283,267,0,0,0,0,0,0
"Seguridad","Morelos","Otros delitos del Fuero Común",NA,615,562,747,593,641,596,386,149,171,197,207,155,133,151,150,166,143,134,127,137,130,167,168,138,137,145,184,130,141,150,178,219,138,186,155,116,144,144,140,162,160,171,176,208,174,161,152,149,153,164,213,169,158,124,153,159,161,151,141,167,152,130,133,105,131,139,141,175,162,171,144,139,125,149,134,144,144,137,123,147,122,149,114,121,129,119,177,135,174,132,102,146,127,145,137,121,128,183,145,155,182,155,114,237,207,170,150,151,166,155,172,198,213,176,191,186,210,215,175,214,193,193,228,225,260,244,0,0,0,0,0,0
"Seguridad","México","Otros delitos del Fuero Común",NA,3228,3637,4025,3801,3480,3383,3362,3312,3120,3148,3438,2868,4507,5795,5535,5947,6038,5912,5523,6250,6398,6694,6229,6010,4842,5932,6677,5941,6978,6427,5794,6096,5052,5809,5470,5161,4326,4147,4358,4984,5622,4893,5217,5855,5324,5775,4988,4603,3766,3853,4759,5271,6058,5388,5879,5066,5917,6276,5396,6190,5954,6114,6203,3916,3602,4536,5146,6060,5595,6280,6259,6540,6525,6173,7627,7674,7787,7386,7619,7955,7805,8421,7750,7851,7565,7888,8418,6500,6856,6615,5898,6119,6239,6750,6128,5907,5671,5686,6128,5465,5797,6076,5762,6494,6658,7022,6618,6734,6945,6739,7155,3017,4328,6822,5566,7255,5295,6427,4556,2565,5195,5163,5277,9555,7945,8738,0,0,0,0,0,0
"Seguridad","Nayarit","Otros delitos del Fuero Común",NA,106,116,130,125,118,130,49,42,37,36,50,29,21,30,35,31,34,55,19,12,18,14,11,10,19,9,9,20,11,7,24,43,96,57,56,64,74,76,70,62,86,65,72,59,100,75,37,52,56,58,77,55,45,43,55,79,32,63,64,55,49,39,74,35,49,74,67,53,64,59,67,48,69,55,71,54,82,87,76,60,66,83,70,71,61,81,58,83,97,80,73,83,92,287,110,89,91,93,122,94,117,118,93,130,98,126,108,97,100,108,104,98,104,122,119,108,112,148,117,91,125,108,136,130,116,104,0,0,0,0,0,0
"Seguridad","Nuevo León","Otros delitos del Fuero Común",NA,184,207,194,155,238,214,159,148,208,244,209,146,136,176,244,224,227,242,220,249,229,290,216,242,215,251,300,224,307,263,263,314,275,284,265,237,177,264,258,259,290,290,279,268,350,337,299,235,213,240,258,242,245,279,267,311,247,304,241,268,249,390,238,142,154,185,176,249,285,349,373,370,311,307,374,418,320,379,350,456,411,444,555,610,533,444,550,465,502,558,519,705,626,530,543,422,561,584,627,499,621,624,561,607,540,562,566,398,441,511,495,622,540,497,536,511,607,582,449,356,387,413,426,400,461,476,0,0,0,0,0,0
"Seguridad","Oaxaca","Otros delitos del Fuero Común",NA,0,168,0,0,168,0,0,190,0,0,179,0,283,335,224,255,202,193,128,144,128,0,270,165,164,117,157,171,138,122,123,197,117,159,121,146,198,171,196,170,158,244,146,144,150,151,115,130,76,85,94,87,101,116,156,186,131,118,98,73,95,82,94,100,97,93,98,73,90,141,115,116,90,81,143,129,121,176,111,99,117,131,117,104,113,124,170,136,173,114,135,142,159,146,122,102,154,152,196,142,173,193,185,186,166,146,143,147,112,107,154,165,176,163,170,163,205,90,149,124,150,152,114,93,127,139,0,0,0,0,0,0
"Seguridad","Puebla","Otros delitos del Fuero Común",NA,328,375,383,0,0,0,0,0,372,0,445,0,418,289,362,306,421,553,233,273,331,295,268,253,228,279,412,309,356,344,354,368,387,405,375,0,420,410,387,422,483,449,400,404,433,495,444,448,225,266,321,270,310,216,175,165,155,187,131,158,169,164,171,139,158,113,151,136,147,170,141,150,158,132,157,173,160,161,135,161,149,174,148,165,174,170,161,180,222,183,207,168,152,178,177,184,207,172,235,180,212,209,213,185,200,202,203,196,216,207,231,219,248,210,234,205,199,229,180,184,216,181,225,197,221,229,0,0,0,0,0,0
"Seguridad","Querétaro","Otros delitos del Fuero Común",NA,106,112,121,96,107,142,130,120,114,136,166,163,122,133,163,148,202,233,268,245,267,269,236,275,252,259,317,252,304,350,300,323,287,321,262,305,302,348,388,382,366,355,349,339,373,428,318,346,376,364,359,397,469,424,465,461,414,453,401,339,402,402,398,295,326,328,302,292,310,346,321,341,310,318,365,366,381,344,368,368,320,323,279,345,277,338,401,337,368,405,473,472,494,545,497,463,539,459,495,392,390,446,407,430,361,362,349,312,370,334,367,345,351,362,383,398,347,366,318,297,370,366,373,372,375,442,0,0,0,0,0,0
"Seguridad","Quintana Roo","Otros delitos del Fuero Común",NA,222,215,160,142,142,165,223,181,206,174,187,157,193,109,113,108,47,43,56,30,47,53,57,73,36,48,51,34,75,60,42,36,61,63,90,68,70,68,64,83,96,77,101,77,97,71,69,65,106,125,138,127,121,119,135,134,128,152,110,105,92,89,91,51,44,87,93,101,112,99,89,90,87,82,111,96,112,86,105,85,103,101,93,114,93,117,147,153,186,158,122,154,153,150,194,150,159,142,180,183,167,183,151,171,171,167,185,153,172,163,151,177,197,144,193,200,182,157,181,167,184,213,248,254,249,258,0,0,0,0,0,0
"Seguridad","San Luis Potosí","Otros delitos del Fuero Común",NA,111,138,159,156,149,121,115,109,95,128,126,125,57,56,60,61,386,43,645,328,84,83,43,56,67,59,101,112,123,120,74,101,48,89,93,68,74,71,85,136,175,112,144,148,155,185,141,152,136,169,210,205,196,171,178,199,191,212,148,161,202,210,201,112,115,199,203,217,189,235,200,176,184,177,263,198,229,194,165,187,183,252,221,224,195,241,274,300,317,332,344,301,293,294,261,278,300,317,359,306,357,348,424,359,362,367,279,279,312,331,279,294,272,256,250,296,261,335,278,244,334,314,304,292,293,276,0,0,0,0,0,0
"Seguridad","Sinaloa","Otros delitos del Fuero Común",NA,18,20,12,14,17,24,13,15,3,19,7,11,13,21,12,14,23,11,15,13,10,18,10,13,18,11,24,10,8,16,13,14,10,14,9,6,13,5,13,14,6,11,7,15,9,6,13,5,6,11,11,10,13,8,9,7,19,17,24,8,9,11,20,4,5,6,10,20,12,17,35,33,28,14,32,33,28,32,27,35,35,24,28,23,36,21,43,40,38,31,28,40,36,42,38,38,29,28,44,36,43,40,35,40,58,50,53,32,61,45,46,48,58,52,37,48,76,88,79,79,79,79,90,84,95,103,0,0,0,0,0,0
"Seguridad","Sonora","Otros delitos del Fuero Común",NA,189,236,246,234,240,236,165,162,212,217,206,284,264,218,283,306,288,337,340,60,176,181,85,88,101,72,108,92,133,85,89,96,75,120,85,83,45,57,50,47,29,20,12,30,23,57,43,47,43,52,54,77,94,102,82,83,138,109,166,117,122,118,121,65,79,66,72,117,151,157,133,102,119,161,193,161,173,132,109,147,148,202,165,140,157,177,186,143,149,214,155,205,223,194,194,167,163,221,211,185,178,217,197,256,206,199,182,144,173,216,198,204,134,154,173,177,194,230,158,146,165,176,192,198,168,172,0,0,0,0,0,0
"Seguridad","Tabasco","Otros delitos del Fuero Común",NA,1200,1183,1167,1262,1291,1715,1774,1554,1367,1481,1330,1341,1164,1406,1295,1365,1193,891,586,589,691,620,670,931,627,742,661,568,759,621,631,638,532,383,557,692,485,510,540,555,595,591,547,559,520,661,598,529,138,560,562,722,613,634,642,566,649,754,694,727,615,681,695,450,420,559,627,616,670,632,596,587,545,602,703,557,661,609,578,579,702,643,588,633,565,545,661,618,727,645,652,667,603,694,569,665,658,592,695,607,703,661,679,681,685,692,617,660,655,632,697,735,846,759,729,687,743,737,712,678,828,783,909,901,854,850,0,0,0,0,0,0
"Seguridad","Tamaulipas","Otros delitos del Fuero Común",NA,524,294,295,183,397,213,330,303,312,423,346,247,308,252,265,291,442,358,558,808,545,186,189,520,223,274,213,149,210,217,208,120,105,92,100,98,118,101,119,114,98,111,127,146,118,110,121,86,90,150,95,101,115,94,101,112,80,113,85,72,92,91,79,54,64,76,63,100,93,100,66,104,86,77,122,114,89,88,144,123,117,141,126,120,117,136,171,146,133,146,81,139,112,108,156,96,114,147,201,158,174,183,128,153,158,170,156,143,133,151,149,154,225,150,150,177,144,189,149,152,175,234,283,261,271,247,0,0,0,0,0,0
"Seguridad","Tlaxcala","Otros delitos del Fuero Común",NA,74,67,60,43,61,66,55,38,57,49,31,37,33,46,35,48,48,50,25,37,23,23,49,30,34,23,38,17,33,23,26,31,20,10,14,14,32,29,25,39,26,48,44,32,30,43,34,15,39,37,38,24,30,16,16,27,20,31,20,10,26,22,17,23,23,26,16,39,19,31,11,14,10,22,16,23,26,17,19,20,21,23,7,21,27,25,24,25,14,14,13,16,24,17,16,9,16,15,25,21,13,19,9,11,20,16,7,14,13,20,8,9,9,7,5,9,17,12,22,10,23,12,16,11,26,34,0,0,0,0,0,0
"Seguridad","Veracruz de Ignacio de la Llave","Otros delitos del Fuero Común",NA,101,123,122,135,139,252,231,249,229,265,201,114,145,90,120,288,282,286,222,234,208,143,74,66,138,115,105,100,185,185,155,148,170,175,125,116,154,204,211,184,168,178,176,161,172,234,193,161,346,358,437,421,434,402,481,404,484,469,383,345,271,364,455,303,313,353,414,410,461,475,414,385,398,457,509,597,567,616,500,480,593,639,625,615,492,540,643,561,651,586,519,573,535,567,569,623,573,517,616,544,531,475,398,446,423,436,374,389,393,320,307,346,308,317,298,308,326,332,305,214,276,314,276,271,303,273,0,0,0,0,0,0
"Seguridad","Yucatán","Otros delitos del Fuero Común",NA,315,543,392,407,523,632,608,526,580,704,637,702,682,569,563,645,224,467,877,194,36,192,124,26,134,140,353,225,267,274,174,130,139,154,210,132,106,137,131,138,157,105,236,148,240,190,159,253,264,275,402,394,405,353,207,222,114,173,151,213,130,80,69,75,28,45,108,98,55,49,55,43,253,254,314,232,224,89,98,48,78,60,78,47,52,73,38,52,24,53,49,69,25,39,42,20,25,27,36,44,57,38,32,19,21,32,36,62,34,25,12,61,24,26,14,24,55,33,26,33,56,44,47,67,60,55,0,0,0,0,0,0
"Seguridad","Zacatecas","Otros delitos del Fuero Común",NA,107,89,93,123,128,107,125,113,100,106,98,90,106,101,111,106,143,110,113,107,97,115,125,113,135,110,131,114,109,128,132,131,115,134,152,112,112,115,124,103,122,127,117,163,128,118,115,135,132,143,163,157,144,166,172,162,156,202,173,136,197,182,168,133,147,193,183,179,186,211,164,203,113,133,123,152,146,138,117,133,145,164,202,146,146,122,174,150,133,170,141,182,158,122,118,122,149,139,194,184,240,209,178,142,162,194,276,117,151,183,172,199,205,181,188,152,148,203,179,151,184,160,178,171,97,102,0,0,0,0,0,0
"Seguridad","Aguascalientes","Otros delitos que atentan contra la libertad personal",NA,11,12,11,13,0,6,4,0,1,0,0,3,3,3,2,4,3,5,0,2,0,0,0,0,0,0,4,2,20,29,26,11,12,15,17,20,19,15,6,0,7,16,0,29,21,32,0,6,8,5,30,33,38,21,26,33,37,45,20,35,36,32,57,24,30,31,33,31,28,38,49,52,34,27,30,41,46,45,30,21,43,25,28,17,28,34,25,30,38,38,31,31,31,32,30,29,34,24,37,29,34,24,24,34,26,38,36,30,32,40,32,31,35,27,28,31,41,31,25,35,26,28,26,25,31,20,0,0,0,0,0,0
"Seguridad","Baja California","Otros delitos que atentan contra la libertad personal",NA,39,42,55,56,75,67,75,89,72,85,72,70,41,45,46,52,55,50,38,39,82,48,43,55,43,44,45,49,56,57,46,41,49,51,53,40,48,55,52,48,43,44,62,66,64,41,42,55,47,73,46,58,60,52,45,62,81,61,49,43,44,67,65,42,45,39,51,64,45,62,42,41,37,58,58,51,52,56,65,77,64,48,44,44,35,40,53,40,113,389,313,356,322,279,286,230,287,240,290,238,330,287,310,329,341,322,345,264,266,312,285,320,303,81,75,67,76,78,63,59,70,68,62,58,80,62,0,0,0,0,0,0
"Seguridad","Baja California Sur","Otros delitos que atentan contra la libertad personal",NA,1,2,2,5,4,2,3,1,0,0,2,11,1,2,4,5,5,8,5,10,5,14,7,11,10,15,20,10,14,17,22,11,8,14,18,7,11,6,20,6,9,9,4,16,11,15,12,6,16,19,21,16,8,16,18,6,8,15,13,9,7,14,15,10,17,15,15,19,18,21,23,9,28,13,33,12,23,22,15,30,22,28,11,8,13,7,9,7,13,8,4,10,7,7,18,4,14,6,7,11,10,11,8,11,15,11,13,6,8,6,7,15,12,5,8,12,11,16,18,14,8,7,13,10,19,16,0,0,0,0,0,0
"Seguridad","Campeche","Otros delitos que atentan contra la libertad personal",NA,0,0,0,0,1,1,0,0,0,4,1,0,0,0,0,0,0,0,0,1,0,0,0,0,0,1,0,0,0,1,0,0,0,1,3,0,1,1,3,1,0,1,1,1,0,0,1,1,2,1,0,2,1,0,0,0,0,0,1,0,4,1,1,2,3,1,0,1,0,2,1,1,1,0,1,0,0,3,1,0,1,1,17,24,25,24,19,16,14,15,23,29,22,23,24,32,18,23,48,22,29,29,23,36,25,27,13,26,26,23,14,19,28,26,16,11,8,11,3,6,8,8,10,11,8,8,0,0,0,0,0,0
"Seguridad","Chiapas","Otros delitos que atentan contra la libertad personal",NA,6,7,4,4,2,8,2,7,5,3,3,6,7,6,5,8,1,5,6,19,10,4,11,10,13,6,4,7,8,10,8,11,11,8,8,9,17,15,18,21,21,4,13,19,18,20,17,12,17,17,14,12,16,20,18,11,12,12,10,28,26,19,12,9,7,1,14,9,18,15,34,16,6,5,14,27,35,16,13,16,16,14,17,12,8,9,17,11,14,14,12,14,14,16,17,19,19,11,17,20,15,20,12,17,11,20,15,23,10,14,28,34,32,31,26,28,23,37,29,20,27,11,17,4,8,6,0,0,0,0,0,0
"Seguridad","Chihuahua","Otros delitos que atentan contra la libertad personal",NA,41,40,50,43,48,53,54,64,71,53,50,42,44,38,63,41,44,49,53,60,46,40,45,47,46,55,48,50,51,71,66,55,53,72,45,58,50,38,68,54,63,46,65,67,44,44,50,49,66,43,42,48,54,43,76,69,64,69,53,58,54,74,54,53,61,70,58,59,60,61,35,60,48,54,54,62,54,50,41,47,45,54,66,76,85,49,55,66,81,80,83,73,83,74,73,68,67,41,58,75,49,73,72,77,84,85,78,71,64,72,51,81,80,76,81,83,77,63,50,73,72,77,83,68,79,74,0,0,0,0,0,0
"Seguridad","Ciudad de México","Otros delitos que atentan contra la libertad personal",NA,59,49,53,78,50,66,59,45,55,71,51,42,49,47,54,65,67,58,60,54,65,56,66,58,70,68,60,78,74,63,81,83,69,90,86,70,111,132,128,129,154,127,143,175,156,161,142,132,147,248,197,168,206,169,167,217,198,194,167,180,161,185,178,115,108,133,145,141,152,180,157,163,179,137,182,173,174,177,181,177,137,138,161,151,148,130,148,136,156,163,168,152,136,129,125,103,133,120,144,108,136,138,127,151,149,175,114,119,120,102,120,119,117,131,108,116,120,98,107,92,103,120,115,110,115,91,0,0,0,0,0,0
"Seguridad","Coahuila de Zaragoza","Otros delitos que atentan contra la libertad personal",NA,0,1,4,1,1,1,3,0,0,3,0,3,6,5,15,8,3,11,7,1,0,0,1,5,0,1,3,0,0,2,0,2,0,0,0,0,0,0,0,3,3,2,4,10,2,5,9,3,2,4,2,4,3,1,3,1,4,6,5,3,3,4,6,2,5,1,6,3,6,2,2,3,2,7,7,3,4,10,3,3,4,6,1,5,2,3,8,4,3,5,5,8,3,4,4,1,18,20,19,26,13,22,15,19,32,24,22,26,18,15,17,19,35,23,21,26,16,35,22,24,24,24,41,33,21,28,0,0,0,0,0,0
"Seguridad","Colima","Otros delitos que atentan contra la libertad personal",NA,0,1,2,0,1,0,1,0,0,0,0,0,11,8,11,0,0,0,0,0,3,4,6,6,8,10,12,11,7,0,10,5,6,6,5,3,4,1,5,4,8,19,26,13,28,15,11,19,21,28,19,34,29,25,35,35,26,30,31,29,35,23,42,26,26,34,28,38,37,34,35,32,33,24,28,33,28,39,28,36,41,24,22,28,33,25,41,36,35,34,25,30,30,25,29,23,24,18,36,33,27,34,32,28,32,21,32,19,23,17,15,22,19,17,32,29,27,23,25,20,16,17,16,23,27,20,0,0,0,0,0,0
"Seguridad","Durango","Otros delitos que atentan contra la libertad personal",NA,8,0,7,3,2,0,6,8,7,16,18,7,9,4,5,3,11,4,3,11,4,8,1,3,5,7,8,3,8,13,8,4,8,5,2,9,19,11,6,10,29,28,10,69,58,74,19,18,16,18,22,14,23,32,36,41,44,15,28,26,55,24,55,18,22,25,21,69,24,23,10,7,12,8,12,16,21,40,12,20,10,14,10,7,8,5,12,12,13,23,9,10,18,22,11,7,4,4,12,4,11,15,5,10,6,5,10,3,4,4,11,3,11,12,5,4,6,5,11,4,4,4,11,2,11,8,0,0,0,0,0,0
"Seguridad","Guanajuato","Otros delitos que atentan contra la libertad personal",NA,0,0,0,0,0,0,0,0,0,0,0,0,0,0,0,0,0,0,0,0,0,0,0,0,0,0,0,0,0,0,0,0,0,0,0,0,0,0,0,0,0,0,0,0,0,0,0,0,0,0,0,0,0,0,0,0,0,0,0,0,0,0,0,0,0,0,0,0,0,0,0,0,0,0,0,0,0,0,0,0,0,0,0,0,0,0,0,0,0,0,0,0,0,0,0,0,0,0,0,0,0,0,0,0,0,0,0,0,0,0,0,0,0,0,0,0,0,0,0,0,0,0,0,0,0,0,0,0,0,0,0,0
"Seguridad","Guerrero","Otros delitos que atentan contra la libertad personal",NA,21,14,21,20,38,23,24,19,13,15,22,20,19,22,16,26,25,18,16,14,20,28,29,21,11,23,14,17,25,22,18,17,21,23,16,18,14,9,20,29,24,12,19,17,20,44,29,35,42,39,32,38,32,37,40,42,50,33,28,27,30,34,35,18,25,37,38,33,41,37,34,36,31,24,47,33,23,39,37,19,21,25,25,28,27,31,32,42,52,43,41,40,26,29,40,27,41,37,42,41,43,42,27,32,40,25,30,23,28,24,25,27,28,28,30,31,27,25,34,29,28,22,36,23,19,23,0,0,0,0,0,0
"Seguridad","Hidalgo","Otros delitos que atentan contra la libertad personal",NA,42,78,42,57,73,38,69,92,74,74,106,53,93,104,104,32,97,150,78,92,206,119,148,156,138,130,131,107,165,153,156,185,169,145,169,145,157,135,166,192,163,143,157,177,176,174,179,122,299,178,159,150,138,80,98,120,122,114,182,122,154,172,187,134,119,162,154,171,158,137,144,61,106,103,129,131,135,148,130,148,160,150,187,105,162,144,160,170,157,156,122,163,156,149,147,119,139,128,165,155,167,178,123,177,191,148,172,96,161,125,164,182,149,143,134,145,139,120,141,121,125,112,156,149,119,165,0,0,0,0,0,0
"Seguridad","Jalisco","Otros delitos que atentan contra la libertad personal",NA,39,26,30,24,32,30,39,34,52,48,40,21,32,36,46,43,43,47,63,41,39,34,42,49,44,26,32,31,54,52,52,40,53,49,52,46,39,43,57,46,45,43,63,64,40,44,82,48,81,69,61,59,71,94,68,55,39,36,26,36,93,86,102,85,68,91,68,99,82,80,67,65,60,59,70,67,68,52,81,74,94,58,67,73,60,50,56,70,70,79,73,88,101,77,74,72,95,96,74,89,75,111,89,83,105,94,94,71,69,79,76,79,92,73,75,74,89,70,62,75,72,71,64,64,58,40,0,0,0,0,0,0
"Seguridad","Michoacán de Ocampo","Otros delitos que atentan contra la libertad personal",NA,35,28,12,27,20,23,21,16,28,19,26,23,12,18,15,16,32,26,21,17,20,22,22,31,22,26,28,26,30,30,35,35,36,44,37,38,25,34,32,29,37,39,49,52,40,51,58,31,48,52,46,42,43,52,36,41,55,54,55,58,50,49,43,37,36,22,38,34,32,24,18,29,18,25,45,26,43,25,24,21,39,31,28,21,34,25,27,28,33,29,20,40,32,49,23,29,32,32,25,23,28,37,24,30,28,32,26,35,27,24,43,50,34,36,26,26,19,34,34,33,27,27,35,31,118,126,0,0,0,0,0,0
"Seguridad","Morelos","Otros delitos que atentan contra la libertad personal",NA,2,2,32,24,1,1,96,27,27,20,0,5,19,7,16,30,28,19,14,20,15,18,22,18,21,17,28,15,25,22,20,22,25,18,22,18,19,13,12,23,17,22,19,16,15,22,15,23,15,31,26,19,14,24,14,19,25,17,19,15,14,20,17,17,13,20,27,15,20,17,22,11,20,20,19,24,25,17,15,16,16,25,17,23,11,15,13,22,21,25,15,22,13,22,24,14,19,20,19,17,19,16,13,18,21,23,18,17,22,15,14,18,9,17,16,18,19,15,15,20,13,7,40,40,63,42,0,0,0,0,0,0
"Seguridad","México","Otros delitos que atentan contra la libertad personal",NA,63,69,106,64,73,62,85,87,112,121,105,101,156,166,190,185,180,134,121,152,148,131,125,142,133,150,180,161,144,179,207,224,199,236,191,162,180,171,209,209,232,222,202,226,224,242,258,209,232,242,228,252,295,317,298,332,279,282,272,221,239,266,238,195,177,220,219,244,246,303,187,226,178,234,311,295,294,321,336,379,471,515,490,506,464,456,562,564,540,520,554,639,373,392,428,439,462,423,510,511,556,629,596,635,676,587,619,539,572,473,494,508,534,538,568,680,552,564,495,378,513,486,484,407,419,320,0,0,0,0,0,0
"Seguridad","Nayarit","Otros delitos que atentan contra la libertad personal",NA,0,1,5,5,3,3,0,1,0,0,0,3,0,1,1,1,0,0,2,1,0,1,0,0,0,1,0,2,2,2,1,14,45,21,11,10,30,24,26,16,13,13,11,15,22,13,4,13,9,6,15,12,9,12,7,6,4,7,7,8,6,9,10,12,14,10,8,3,1,2,8,5,11,6,3,9,3,5,4,1,4,2,4,1,6,2,3,3,3,4,3,6,8,9,5,3,3,3,10,8,2,13,12,8,7,1,6,5,8,5,6,7,4,13,8,5,9,7,3,5,3,4,7,8,4,8,0,0,0,0,0,0
"Seguridad","Nuevo León","Otros delitos que atentan contra la libertad personal",NA,164,127,169,178,161,174,206,209,203,169,178,166,154,131,168,175,201,222,257,219,193,206,192,170,181,167,201,164,201,213,237,242,214,163,168,135,174,168,186,185,190,168,200,255,183,207,166,153,126,166,141,176,171,189,181,208,144,177,165,162,180,150,156,127,177,177,180,184,215,196,153,188,168,165,201,196,219,224,262,233,221,221,191,225,165,163,201,210,240,230,220,291,234,210,212,177,213,167,194,201,179,209,193,223,204,169,167,135,187,167,162,186,152,140,158,191,182,169,155,129,137,121,136,141,171,171,0,0,0,0,0,0
"Seguridad","Oaxaca","Otros delitos que atentan contra la libertad personal",NA,0,17,0,0,19,0,0,22,0,0,32,0,14,13,20,15,11,14,8,17,12,0,16,7,18,12,22,22,8,19,14,21,15,25,31,22,19,25,17,23,12,26,19,33,17,18,30,18,17,14,19,17,16,24,15,18,20,21,13,8,22,14,13,10,16,17,23,11,12,26,19,18,16,14,23,19,9,13,17,15,23,20,21,14,23,17,30,23,37,24,21,23,24,27,15,18,15,21,22,16,21,14,10,21,23,29,11,19,19,20,17,24,21,30,16,16,20,17,25,26,14,19,15,19,18,23,0,0,0,0,0,0
"Seguridad","Puebla","Otros delitos que atentan contra la libertad personal",NA,71,81,74,74,95,85,89,80,87,90,82,65,57,89,65,79,88,66,33,57,46,56,59,40,54,40,51,34,40,49,48,72,60,67,75,47,59,61,56,51,68,62,55,65,39,65,51,53,79,84,80,80,87,81,38,51,35,33,19,33,21,22,26,17,23,15,20,13,21,25,19,22,12,24,25,16,29,21,25,12,25,25,18,21,17,14,19,21,19,23,18,18,20,15,23,9,16,16,22,19,16,9,19,15,18,16,23,13,18,14,17,15,15,26,15,23,21,24,14,24,15,29,23,19,24,19,0,0,0,0,0,0
"Seguridad","Querétaro","Otros delitos que atentan contra la libertad personal",NA,3,1,2,3,1,8,2,3,2,3,3,2,3,0,2,2,1,2,3,2,1,6,3,1,8,3,3,4,0,8,6,0,1,7,1,3,1,2,2,2,1,2,1,4,4,3,5,3,3,1,4,3,10,5,7,4,7,2,4,2,4,8,15,13,7,7,4,5,12,9,10,11,7,5,10,16,15,10,18,8,9,11,15,15,14,12,12,20,22,22,22,19,25,22,14,23,19,26,32,25,22,18,17,19,27,19,24,17,25,23,19,28,36,12,20,17,28,21,27,21,21,16,16,20,17,12,0,0,0,0,0,0
"Seguridad","Quintana Roo","Otros delitos que atentan contra la libertad personal",NA,6,4,2,11,4,0,0,0,0,0,0,43,2,8,12,2,18,9,4,16,4,29,26,32,23,16,59,19,29,21,25,40,46,46,41,39,36,33,31,46,50,51,50,68,43,35,44,46,41,51,65,66,63,49,66,72,56,65,50,37,28,64,73,31,32,41,47,55,65,51,71,57,75,59,79,73,85,82,79,86,93,93,71,77,86,69,87,81,90,95,77,86,82,93,83,73,98,78,100,87,96,100,87,59,88,98,85,109,118,86,118,119,118,105,107,112,133,117,105,78,101,110,112,118,121,124,0,0,0,0,0,0
"Seguridad","San Luis Potosí","Otros delitos que atentan contra la libertad personal",NA,16,12,31,13,24,20,15,14,22,14,12,15,16,29,12,10,12,10,10,33,49,34,31,33,63,35,54,44,26,22,7,15,33,43,38,32,30,40,28,51,40,45,45,45,38,42,32,40,48,41,67,55,59,53,64,60,51,37,55,51,42,52,43,44,43,48,65,45,62,60,45,57,48,50,68,58,67,65,55,61,49,60,71,35,39,52,65,65,76,78,59,66,72,44,42,51,54,39,61,55,58,65,58,57,52,46,46,49,54,61,44,51,70,66,47,43,46,49,35,44,40,37,51,37,43,37,0,0,0,0,0,0
"Seguridad","Sinaloa","Otros delitos que atentan contra la libertad personal",NA,41,44,60,53,47,45,43,58,38,57,45,29,45,64,58,71,71,64,47,64,76,64,61,66,50,53,74,86,113,108,78,67,91,95,105,79,90,99,106,116,108,117,118,139,121,108,89,103,89,110,104,139,136,115,147,138,118,142,120,94,98,97,105,87,100,113,118,97,105,99,83,74,86,86,94,100,112,130,120,108,106,101,102,106,85,81,97,115,106,106,71,80,69,91,97,75,90,89,118,92,82,103,107,109,99,96,86,88,97,86,107,113,120,90,127,128,181,202,188,160,176,109,167,174,167,134,0,0,0,0,0,0
"Seguridad","Sonora","Otros delitos que atentan contra la libertad personal",NA,9,9,12,14,11,14,7,13,13,12,13,9,11,15,11,7,8,31,29,18,17,18,8,17,19,21,26,15,22,20,17,16,12,12,12,6,20,8,11,20,11,15,23,23,26,30,13,19,24,16,25,27,27,41,23,28,25,28,37,46,26,22,37,35,32,44,49,34,67,47,45,36,47,62,74,56,59,46,46,67,55,68,58,27,35,50,51,35,58,59,41,54,56,94,49,36,41,36,48,41,56,37,66,57,41,51,49,43,36,40,41,39,35,45,42,62,62,64,58,45,62,61,61,55,65,53,0,0,0,0,0,0
"Seguridad","Tabasco","Otros delitos que atentan contra la libertad personal",NA,45,33,43,41,18,5,0,21,31,32,37,27,32,36,36,35,39,23,34,68,45,39,56,31,58,53,60,58,43,48,57,38,32,46,33,28,31,23,44,45,51,55,46,58,33,45,43,45,50,66,51,52,49,55,71,78,60,61,38,31,57,40,39,20,15,34,55,60,61,67,48,41,49,41,52,60,50,53,54,60,50,50,33,30,32,33,31,37,45,41,35,60,47,46,46,39,55,31,39,28,43,54,43,43,52,36,31,25,42,35,37,40,43,37,41,41,32,35,31,26,22,33,33,31,22,31,0,0,0,0,0,0
"Seguridad","Tamaulipas","Otros delitos que atentan contra la libertad personal",NA,124,61,48,71,62,85,63,49,66,61,71,58,50,55,55,69,0,0,45,48,56,67,82,75,82,78,200,75,108,115,83,78,55,77,63,57,51,55,55,99,92,71,60,82,60,63,55,47,54,65,69,53,55,46,66,71,51,53,48,38,35,54,34,32,31,38,24,24,40,38,30,40,35,30,37,48,43,48,34,31,19,22,16,23,5,46,54,39,48,45,42,45,43,51,48,45,42,58,71,49,80,61,63,61,44,55,43,41,53,54,49,34,65,29,31,24,28,37,40,31,29,41,44,38,43,35,0,0,0,0,0,0
"Seguridad","Tlaxcala","Otros delitos que atentan contra la libertad personal",NA,0,0,0,0,0,0,0,0,0,0,0,0,0,0,0,0,0,0,0,0,0,0,0,0,0,0,0,0,0,0,0,0,0,0,20,0,20,16,7,15,17,0,0,0,0,0,0,0,0,0,0,0,0,0,0,0,0,0,0,0,0,0,2,0,0,0,2,2,2,0,0,0,0,0,0,1,1,0,0,0,0,0,0,0,0,0,0,0,0,0,0,0,0,0,0,0,0,0,0,0,0,0,0,0,0,0,0,0,0,0,0,0,0,0,0,0,0,0,0,0,0,0,0,0,0,0,0,0,0,0,0,0
"Seguridad","Veracruz de Ignacio de la Llave","Otros delitos que atentan contra la libertad personal",NA,12,15,8,29,27,31,26,35,41,25,19,11,16,21,31,32,14,24,34,30,29,25,33,34,51,56,32,49,60,52,59,51,77,66,57,56,63,68,87,52,60,75,60,68,68,67,49,63,60,81,70,59,63,68,65,65,59,73,84,54,68,86,75,45,40,54,50,58,51,50,41,33,42,40,48,54,52,45,43,39,37,48,39,37,36,37,52,56,56,43,44,37,59,45,60,37,156,108,153,150,147,166,148,127,158,134,106,105,126,134,127,161,152,143,179,193,172,128,141,115,158,133,145,153,162,123,0,0,0,0,0,0
"Seguridad","Yucatán","Otros delitos que atentan contra la libertad personal",NA,0,0,0,0,0,12,17,16,10,11,10,11,9,12,13,13,11,7,4,15,4,10,33,3,8,16,4,2,0,1,5,0,1,0,1,0,1,0,0,0,0,0,1,1,0,0,0,0,0,1,2,0,0,1,0,1,0,1,1,0,1,0,0,0,0,0,1,1,1,0,0,0,0,0,1,0,0,0,0,1,0,1,1,0,1,0,0,1,1,0,0,2,0,0,1,0,1,0,2,0,0,1,2,0,2,0,0,2,0,0,0,0,0,0,0,0,0,0,0,0,0,0,0,0,0,0,0,0,0,0,0,0
"Seguridad","Zacatecas","Otros delitos que atentan contra la libertad personal",NA,9,10,23,11,15,8,13,12,12,17,11,10,13,13,14,21,24,8,26,18,27,37,18,12,21,16,18,20,36,22,27,30,34,31,34,20,19,19,20,24,32,22,34,22,22,45,31,26,26,31,22,20,30,27,28,30,27,28,30,15,25,44,40,23,19,47,37,21,29,26,20,14,32,41,30,22,28,38,39,39,43,37,65,44,47,39,78,43,40,71,52,41,31,40,49,45,57,77,76,64,63,75,73,69,77,53,53,44,67,78,53,72,48,54,54,53,41,49,46,45,56,40,54,46,54,43,0,0,0,0,0,0
"Seguridad","Aguascalientes","Otros delitos que atentan contra la libertad y la seguridad sexual",NA,19,17,21,20,30,31,24,21,17,19,17,16,18,17,11,34,24,25,16,20,24,20,18,17,17,21,22,19,30,33,27,9,34,32,29,10,13,23,29,37,42,33,31,28,25,29,32,20,25,24,33,38,30,32,35,36,34,45,29,30,29,45,46,22,17,32,39,45,34,40,31,25,37,27,62,41,48,49,31,46,43,51,34,37,31,42,60,50,65,69,56,44,54,46,34,33,42,50,60,58,67,75,51,42,61,39,54,36,45,41,49,50,55,44,49,37,61,62,53,34,30,48,64,51,48,44,0,0,0,0,0,0
"Seguridad","Baja California","Otros delitos que atentan contra la libertad y la seguridad sexual",NA,25,27,27,24,25,26,29,25,36,29,24,9,16,31,21,20,29,20,28,18,18,31,27,17,15,22,14,19,16,31,28,18,33,27,21,18,14,12,13,15,20,33,35,25,26,35,17,18,10,17,30,26,23,31,19,18,15,35,21,19,21,16,22,12,14,19,22,25,25,24,11,12,20,4,27,16,25,25,44,38,46,25,34,20,24,15,27,30,40,31,42,40,47,43,31,18,29,32,44,48,94,111,122,93,102,101,80,63,97,87,71,82,84,64,74,60,98,70,65,44,44,59,59,53,60,67,0,0,0,0,0,0
"Seguridad","Baja California Sur","Otros delitos que atentan contra la libertad y la seguridad sexual",NA,10,14,10,4,5,1,7,5,3,2,4,3,5,2,5,7,8,6,2,5,3,1,1,0,2,1,1,0,2,6,3,1,7,3,0,0,6,4,4,2,0,3,1,2,2,6,9,3,6,7,5,3,0,6,6,9,9,4,4,3,11,10,8,2,9,10,6,6,11,3,10,6,4,7,12,4,9,4,8,12,4,6,12,11,8,7,21,22,15,6,9,19,16,20,22,8,7,4,16,21,14,14,20,16,7,21,11,9,15,18,23,29,19,20,20,27,36,17,14,19,19,25,22,18,11,18,0,0,0,0,0,0
"Seguridad","Campeche","Otros delitos que atentan contra la libertad y la seguridad sexual",NA,2,1,0,0,0,2,0,2,1,1,0,0,0,0,0,4,5,6,6,3,2,4,0,6,2,2,6,1,0,2,1,2,3,0,2,2,0,2,0,1,2,0,1,1,2,0,0,2,2,0,3,1,0,1,0,0,2,4,0,3,2,2,0,1,1,1,3,1,3,4,2,0,1,0,0,2,1,1,2,2,1,1,7,7,3,4,8,6,5,5,5,5,4,5,4,3,3,7,6,3,5,3,3,5,7,1,2,4,2,1,2,0,5,2,2,1,0,1,1,1,1,2,3,4,3,5,0,0,0,0,0,0
"Seguridad","Chiapas","Otros delitos que atentan contra la libertad y la seguridad sexual",NA,4,6,7,4,4,1,3,7,2,6,4,4,5,2,5,5,4,8,7,7,3,2,5,3,7,7,7,9,23,22,37,39,35,51,40,29,24,35,29,39,54,45,37,40,44,56,47,46,53,48,55,61,49,68,57,49,65,56,59,51,57,65,80,33,43,36,56,52,66,78,58,57,60,55,64,68,59,72,62,54,64,69,59,68,50,40,66,50,79,72,58,58,57,60,46,41,54,60,54,45,58,48,53,50,37,43,48,21,38,47,38,60,29,31,36,43,27,53,48,31,36,41,45,45,34,47,0,0,0,0,0,0
"Seguridad","Chihuahua","Otros delitos que atentan contra la libertad y la seguridad sexual",NA,6,11,7,14,14,8,6,9,11,4,4,6,6,10,3,9,10,5,6,0,7,9,5,1,1,9,7,5,5,8,1,4,9,4,9,8,10,13,22,23,18,19,19,14,16,28,20,15,20,21,13,20,23,25,21,24,17,22,15,20,21,22,34,28,28,41,26,30,36,28,16,27,29,38,32,26,27,29,33,43,30,35,28,25,52,30,42,41,45,34,31,41,31,29,34,29,40,21,39,43,53,42,41,41,39,55,31,33,52,34,33,37,48,39,36,38,44,54,39,26,30,37,49,37,38,45,0,0,0,0,0,0
"Seguridad","Ciudad de México","Otros delitos que atentan contra la libertad y la seguridad sexual",NA,1,1,1,1,0,1,0,0,2,0,1,0,1,3,0,2,1,2,2,1,1,1,1,0,1,1,2,1,1,0,1,0,2,0,1,2,3,3,1,2,4,2,3,5,5,6,1,3,6,5,3,2,7,5,8,6,3,2,4,0,6,51,77,40,51,61,61,74,79,88,91,93,106,118,114,162,157,121,138,152,143,153,155,122,132,145,193,184,181,145,152,172,129,154,147,134,130,146,184,155,189,150,167,149,164,150,159,124,138,142,154,152,191,156,145,131,133,139,134,102,114,113,155,158,126,123,0,0,0,0,0,0
"Seguridad","Coahuila de Zaragoza","Otros delitos que atentan contra la libertad y la seguridad sexual",NA,5,5,3,6,5,4,3,7,3,6,1,5,7,3,4,6,11,16,7,8,6,2,4,2,6,1,13,5,8,12,4,7,5,4,7,2,3,1,2,5,7,5,6,4,5,4,3,0,3,5,1,3,1,2,3,2,4,2,4,0,1,3,2,0,2,2,3,3,3,4,4,4,6,7,7,3,7,8,4,4,5,6,2,2,2,14,9,2,11,7,5,2,3,5,6,7,3,8,5,6,7,8,4,9,8,7,5,7,3,9,6,8,13,5,6,4,5,7,3,7,5,8,5,15,9,43,0,0,0,0,0,0
"Seguridad","Colima","Otros delitos que atentan contra la libertad y la seguridad sexual",NA,0,0,1,2,0,1,0,1,0,0,0,0,4,3,4,11,7,0,1,0,0,2,0,0,2,5,2,9,8,4,6,9,7,0,2,0,0,4,8,9,11,3,4,8,7,5,0,0,0,1,0,2,4,0,2,1,1,5,2,0,2,2,4,4,5,5,5,0,5,1,2,16,4,1,5,3,16,11,2,0,3,2,1,1,1,3,4,2,7,11,1,3,1,10,3,1,12,2,4,7,2,6,1,3,6,4,3,1,5,1,2,5,8,1,3,3,6,4,3,3,4,1,7,9,4,3,0,0,0,0,0,0
"Seguridad","Durango","Otros delitos que atentan contra la libertad y la seguridad sexual",NA,47,33,32,42,17,14,9,25,14,13,13,10,13,5,18,13,16,12,29,22,12,9,30,3,4,3,27,6,15,11,18,18,5,12,21,20,8,2,3,3,10,14,5,7,4,6,7,1,2,5,5,11,5,7,8,8,13,14,19,35,38,16,58,15,4,11,21,15,13,24,17,17,23,13,22,32,18,41,19,24,25,30,25,25,21,24,33,25,43,36,17,32,17,29,19,16,13,19,33,22,32,35,17,15,16,25,19,16,12,18,33,22,31,34,17,15,14,25,19,15,12,15,27,18,31,34,0,0,0,0,0,0
"Seguridad","Guanajuato","Otros delitos que atentan contra la libertad y la seguridad sexual",NA,0,0,0,0,0,0,0,0,0,0,0,0,0,0,0,0,0,0,0,0,0,0,0,0,0,0,0,0,0,0,0,0,0,0,0,0,0,0,0,0,0,0,0,0,0,0,0,0,0,0,0,0,0,0,0,0,1,1,1,1,1,1,2,0,4,3,4,3,4,1,2,0,1,2,2,3,2,3,1,2,4,2,1,2,3,1,3,2,5,6,1,0,3,4,2,3,1,1,1,5,4,4,5,1,1,4,0,3,0,4,4,3,1,1,3,1,1,0,1,3,2,3,4,3,6,2,0,0,0,0,0,0
"Seguridad","Guerrero","Otros delitos que atentan contra la libertad y la seguridad sexual",NA,9,6,7,11,6,15,7,6,5,7,6,3,3,8,7,7,8,8,7,4,10,9,2,7,7,3,7,9,7,9,3,8,8,2,6,3,3,4,8,2,2,0,1,3,0,0,0,0,0,0,0,0,0,0,0,0,0,0,0,0,0,0,0,0,0,0,0,0,0,0,0,0,0,0,0,0,0,0,0,0,0,0,0,0,0,0,0,0,0,0,0,0,0,0,0,0,1,0,0,1,0,0,1,1,0,0,0,0,0,0,0,0,1,0,0,0,0,0,0,0,0,0,0,0,0,0,0,0,0,0,0,0
"Seguridad","Hidalgo","Otros delitos que atentan contra la libertad y la seguridad sexual",NA,8,6,1,10,24,4,9,4,4,7,3,1,10,5,6,3,4,5,1,2,3,4,7,3,1,1,5,6,2,3,3,6,4,7,3,5,6,5,10,6,10,5,10,7,13,4,6,4,13,2,4,6,10,6,6,3,10,7,6,7,3,2,8,1,1,1,4,4,5,5,4,4,3,0,5,4,1,21,18,21,23,26,21,16,22,15,28,35,35,34,23,42,26,18,39,19,25,22,33,26,36,42,39,31,37,30,30,18,37,26,23,46,29,32,20,23,31,21,18,24,21,21,30,29,29,31,0,0,0,0,0,0
"Seguridad","Jalisco","Otros delitos que atentan contra la libertad y la seguridad sexual",NA,9,19,10,14,22,9,5,14,13,17,13,12,20,13,17,0,21,17,29,15,22,36,13,23,17,13,14,18,22,24,12,16,11,13,12,8,12,5,12,10,25,10,11,11,9,11,12,18,13,12,16,14,13,14,12,26,24,12,23,15,17,35,38,13,34,29,34,18,33,26,32,26,33,58,82,114,116,112,114,78,112,115,129,151,178,148,164,146,178,123,123,112,113,108,116,93,99,100,143,124,110,124,127,110,115,114,100,85,119,102,115,107,123,115,87,96,101,104,90,77,83,81,96,103,121,107,0,0,0,0,0,0
"Seguridad","Michoacán de Ocampo","Otros delitos que atentan contra la libertad y la seguridad sexual",NA,4,11,2,3,1,4,1,4,2,3,3,0,5,4,5,4,1,3,3,3,3,0,0,2,2,1,6,2,4,3,4,4,2,4,3,3,5,2,1,4,4,3,2,3,6,5,3,3,4,6,2,2,7,5,5,5,1,4,4,4,6,7,8,3,12,9,16,7,23,12,16,10,18,17,20,23,33,31,12,10,27,16,18,25,34,21,35,17,29,29,9,26,24,22,23,15,28,24,28,25,28,37,27,27,32,30,26,17,29,29,26,31,31,31,20,17,28,27,25,19,26,29,33,25,35,28,0,0,0,0,0,0
"Seguridad","Morelos","Otros delitos que atentan contra la libertad y la seguridad sexual",NA,9,13,7,10,12,12,6,12,8,12,9,2,7,15,7,13,9,8,11,9,14,13,6,7,5,12,10,8,7,6,6,11,8,14,5,11,7,4,8,7,11,9,7,9,4,9,9,4,3,5,7,9,5,5,5,7,4,4,3,3,8,12,2,6,8,7,7,4,7,4,4,5,2,5,5,6,6,5,7,7,8,4,9,5,6,4,9,5,8,4,2,5,7,4,3,2,3,4,6,3,1,4,2,8,6,6,6,5,2,4,6,3,9,11,5,5,7,8,10,3,2,3,7,8,6,5,0,0,0,0,0,0
"Seguridad","México","Otros delitos que atentan contra la libertad y la seguridad sexual",NA,150,106,107,92,90,72,12,11,10,7,11,8,9,4,9,11,8,11,11,7,7,7,11,4,3,5,9,9,9,10,8,7,5,12,4,8,16,6,9,11,7,17,8,8,5,11,7,5,9,14,10,6,7,10,8,7,8,8,5,2,9,9,8,8,12,6,9,3,9,8,11,5,6,8,4,8,6,15,11,16,9,7,9,2,6,7,17,10,13,6,6,10,16,13,5,6,5,7,12,14,8,10,11,8,9,10,5,1,10,6,4,5,5,3,6,6,5,3,3,3,2,7,4,8,3,9,0,0,0,0,0,0
"Seguridad","Nayarit","Otros delitos que atentan contra la libertad y la seguridad sexual",NA,8,5,8,6,16,21,17,17,2,10,6,5,10,7,8,6,6,6,7,5,9,1,4,1,7,6,5,3,8,4,0,5,2,10,9,0,9,8,6,8,8,8,2,11,4,8,5,4,12,11,18,5,7,3,3,16,4,7,9,2,2,21,12,9,11,7,8,15,11,18,13,4,11,11,12,9,5,10,11,11,6,13,10,7,10,6,8,21,23,20,11,18,36,38,31,13,26,16,4,2,1,5,3,2,5,3,4,8,3,7,4,2,2,7,6,5,5,4,3,0,1,2,10,1,5,2,0,0,0,0,0,0
"Seguridad","Nuevo León","Otros delitos que atentan contra la libertad y la seguridad sexual",NA,21,25,27,48,41,25,42,28,45,32,36,23,24,26,39,44,49,39,40,35,36,36,38,18,22,23,32,23,27,41,30,39,29,31,21,23,29,38,44,38,42,41,48,32,43,26,32,26,21,45,28,30,38,44,21,44,37,66,38,52,38,58,73,48,68,64,59,69,61,79,76,68,62,67,78,66,86,68,70,71,58,87,58,64,53,63,90,81,83,78,82,84,70,75,84,56,67,67,82,79,61,93,72,84,79,68,76,64,74,62,69,63,62,79,76,75,86,75,76,50,56,55,53,76,83,70,0,0,0,0,0,0
"Seguridad","Oaxaca","Otros delitos que atentan contra la libertad y la seguridad sexual",NA,0,7,0,0,5,0,0,3,0,0,9,0,7,5,10,12,13,12,14,10,7,0,9,10,1,3,7,5,4,8,19,6,4,11,7,4,13,6,17,7,4,8,7,6,10,9,7,10,3,8,4,1,3,2,1,0,0,5,8,12,1,2,3,0,3,2,4,1,2,2,5,4,4,4,3,2,1,3,1,2,2,1,9,11,3,1,3,2,3,1,0,4,5,4,2,2,1,1,3,1,3,2,0,2,4,1,4,3,3,0,2,5,4,2,0,3,1,1,3,1,2,3,3,1,0,1,0,0,0,0,0,0
"Seguridad","Puebla","Otros delitos que atentan contra la libertad y la seguridad sexual",NA,49,62,63,83,58,77,49,69,70,59,59,36,34,47,45,60,66,45,44,40,37,65,52,20,37,40,38,41,45,45,40,38,41,49,51,38,40,9,9,8,10,19,14,7,9,6,6,36,9,13,21,20,10,31,22,51,60,59,47,35,46,49,46,58,58,56,71,69,67,96,74,76,68,69,132,127,111,103,89,102,68,85,76,103,87,81,118,98,90,113,88,91,73,78,88,59,76,82,149,109,129,130,101,102,123,128,93,64,87,99,105,75,70,107,139,198,243,192,185,120,138,133,150,136,154,159,0,0,0,0,0,0
"Seguridad","Querétaro","Otros delitos que atentan contra la libertad y la seguridad sexual",NA,7,1,7,4,6,6,2,2,4,4,6,4,3,4,4,2,9,1,5,8,1,2,2,4,1,4,5,2,6,1,7,7,2,3,6,3,4,7,2,3,2,1,2,2,3,2,0,1,3,4,6,4,6,3,5,5,5,5,2,3,6,7,2,5,4,4,7,2,4,4,4,5,5,3,6,5,4,4,3,7,4,3,4,3,3,6,2,3,3,2,2,4,4,3,3,0,6,2,5,4,1,3,7,5,6,5,1,4,6,7,9,6,4,7,3,3,6,4,3,3,4,6,6,4,5,2,0,0,0,0,0,0
"Seguridad","Quintana Roo","Otros delitos que atentan contra la libertad y la seguridad sexual",NA,0,0,0,0,6,0,0,0,0,0,0,0,1,0,2,3,3,1,3,0,3,4,4,11,0,1,5,10,3,2,5,3,2,3,6,4,3,5,2,5,4,1,3,0,8,2,7,1,44,28,34,30,39,44,40,46,48,66,42,2,20,12,9,4,8,19,17,23,22,23,32,37,34,25,38,40,34,40,32,41,66,46,42,45,34,36,45,41,50,51,41,54,49,42,38,43,53,42,52,42,48,30,36,35,65,47,43,28,35,28,50,37,46,43,44,48,49,48,42,32,29,41,41,58,79,45,0,0,0,0,0,0
"Seguridad","San Luis Potosí","Otros delitos que atentan contra la libertad y la seguridad sexual",NA,1,4,9,2,1,4,2,5,3,4,3,2,3,2,6,7,6,3,1,5,5,3,2,4,7,10,5,6,8,6,6,10,2,6,7,2,2,5,5,5,4,2,7,3,4,11,0,4,7,4,4,5,10,14,12,12,25,46,50,47,24,14,13,15,38,38,29,27,14,28,40,15,41,30,24,15,28,30,24,11,46,13,20,12,4,13,3,4,18,12,4,19,22,13,11,5,18,10,24,18,9,68,39,32,56,45,5,33,51,29,9,33,28,33,45,35,12,34,34,27,31,40,32,24,23,19,0,0,0,0,0,0
"Seguridad","Sinaloa","Otros delitos que atentan contra la libertad y la seguridad sexual",NA,11,2,10,5,5,7,5,8,5,7,1,4,3,5,5,6,7,7,9,4,2,8,4,3,3,1,4,3,2,5,5,5,3,4,2,2,2,7,8,5,6,5,4,6,3,2,2,1,3,2,2,7,2,4,1,6,5,3,5,6,5,6,0,4,2,0,4,2,1,4,2,3,3,5,1,3,4,7,4,3,6,1,4,7,9,4,7,7,10,7,3,7,7,7,12,3,11,9,10,9,6,4,7,10,7,8,9,7,10,13,10,16,16,11,17,14,7,15,14,12,20,22,10,12,18,11,0,0,0,0,0,0
"Seguridad","Sonora","Otros delitos que atentan contra la libertad y la seguridad sexual",NA,3,3,9,3,7,7,7,6,4,6,8,5,4,17,9,12,11,26,12,0,6,1,6,4,5,2,3,6,2,5,3,3,3,7,2,2,4,5,6,4,4,5,2,4,2,2,2,3,4,4,6,5,5,3,2,3,5,2,8,7,1,4,5,4,11,6,11,3,13,4,8,4,8,6,9,11,19,8,5,4,6,14,9,3,4,8,4,7,6,9,4,9,13,4,11,6,6,11,9,7,12,8,9,14,13,14,5,6,9,9,3,10,10,12,4,4,10,9,15,17,4,7,11,10,8,10,0,0,0,0,0,0
"Seguridad","Tabasco","Otros delitos que atentan contra la libertad y la seguridad sexual",NA,18,20,26,27,16,9,0,7,14,5,11,18,12,16,24,38,42,34,42,28,28,38,33,28,42,27,27,36,53,47,45,30,39,33,34,42,32,39,36,48,45,48,38,31,37,43,30,25,46,43,58,53,47,65,39,62,50,65,39,56,62,42,68,27,30,47,44,42,57,47,43,38,31,55,79,67,75,57,47,66,47,79,55,44,48,44,73,61,57,66,43,56,44,62,46,74,74,53,84,51,54,65,56,68,56,64,51,32,57,46,52,41,52,42,35,35,49,38,32,38,45,58,65,42,42,37,0,0,0,0,0,0
"Seguridad","Tamaulipas","Otros delitos que atentan contra la libertad y la seguridad sexual",NA,26,34,50,31,49,47,31,28,36,44,20,17,24,29,49,54,31,46,32,16,12,11,12,9,13,7,7,18,12,15,11,12,7,8,5,5,13,12,12,8,12,7,3,17,10,15,8,10,11,8,8,6,0,21,14,11,10,15,9,3,9,8,10,6,7,7,11,16,8,19,10,5,5,3,8,8,8,4,5,3,5,4,5,2,3,6,4,5,6,6,14,22,13,14,9,8,19,20,14,16,23,20,9,2,17,31,17,8,21,12,20,18,23,16,14,19,22,24,14,6,12,26,12,18,18,12,0,0,0,0,0,0
"Seguridad","Tlaxcala","Otros delitos que atentan contra la libertad y la seguridad sexual",NA,0,0,0,1,0,0,0,1,0,0,0,0,0,0,0,0,0,0,1,0,0,0,0,0,0,0,0,0,0,0,0,0,0,0,1,0,1,0,1,0,0,0,0,0,0,0,0,0,0,0,0,0,0,0,0,0,0,0,0,0,0,0,0,0,0,0,0,0,1,0,1,0,0,1,4,0,2,1,1,1,4,0,0,0,0,1,5,1,1,1,1,0,1,0,0,0,0,0,0,0,0,0,0,0,0,0,0,0,0,0,1,0,0,0,0,0,0,0,1,0,0,0,2,0,0,0,0,0,0,0,0,0
"Seguridad","Veracruz de Ignacio de la Llave","Otros delitos que atentan contra la libertad y la seguridad sexual",NA,30,37,30,37,40,36,28,21,27,22,20,21,21,33,27,29,20,22,28,30,25,40,44,39,103,105,125,98,108,107,106,97,96,98,83,39,98,118,98,132,143,126,101,82,81,83,40,17,114,132,109,109,130,121,108,105,118,153,91,94,67,117,136,100,111,100,104,104,134,129,120,121,105,132,135,134,137,153,113,118,128,136,99,109,105,105,144,150,172,140,109,131,98,112,95,76,103,119,122,104,151,176,132,159,123,117,95,88,114,128,147,135,149,120,124,111,103,122,99,103,117,106,117,126,114,108,0,0,0,0,0,0
"Seguridad","Yucatán","Otros delitos que atentan contra la libertad y la seguridad sexual",NA,3,1,3,3,2,0,1,0,1,1,3,0,0,2,1,1,1,1,0,4,1,6,0,2,2,1,2,1,2,1,3,2,3,3,2,3,0,2,1,0,0,0,0,0,0,0,0,0,0,0,0,0,1,0,0,0,0,0,0,0,0,1,1,0,0,0,0,0,0,0,0,0,0,0,0,0,0,0,0,0,0,0,0,0,0,0,0,0,0,0,0,1,0,0,0,0,0,0,2,0,0,0,0,0,0,0,1,0,0,0,0,0,0,1,0,0,0,1,0,0,0,0,0,0,0,0,0,0,0,0,0,0
"Seguridad","Zacatecas","Otros delitos que atentan contra la libertad y la seguridad sexual",NA,8,14,17,14,12,12,19,17,19,13,9,9,6,11,13,14,23,17,16,15,10,1,1,1,0,2,2,1,1,1,2,5,4,1,5,1,4,5,1,2,4,4,1,1,0,2,1,3,4,2,2,0,0,2,2,1,0,1,0,1,5,4,12,11,8,9,6,7,5,11,11,8,9,7,12,21,15,14,10,10,14,12,13,7,4,9,9,10,10,8,11,21,23,13,15,7,19,20,16,11,16,18,12,3,11,18,15,11,17,16,19,22,15,25,16,11,13,17,15,9,19,9,11,14,15,17,0,0,0,0,0,0
"Seguridad","Aguascalientes","Otros delitos que atentan contra la vida y la integridad corporal",NA,4,9,32,25,0,0,0,0,0,0,0,0,0,0,0,0,0,0,0,0,0,0,0,0,0,0,0,8,11,0,0,0,0,0,0,0,0,0,0,7,0,0,0,0,0,0,0,0,0,0,0,0,1,2,2,3,0,3,1,0,4,4,2,1,2,7,7,3,5,2,2,4,4,5,2,6,9,2,4,3,9,3,6,1,4,2,0,8,5,4,4,7,2,5,1,3,6,8,5,11,11,8,1,4,1,2,1,6,2,3,6,3,7,5,6,5,4,7,7,5,5,13,13,7,14,9,0,0,0,0,0,0
"Seguridad","Baja California","Otros delitos que atentan contra la vida y la integridad corporal",NA,47,47,47,50,0,0,0,0,0,0,0,0,55,38,45,54,56,43,61,68,58,78,55,48,51,69,64,70,80,80,62,75,73,85,68,68,66,55,75,88,94,106,91,121,62,122,74,73,56,67,95,85,85,112,185,131,111,139,98,126,124,115,156,135,170,184,171,206,178,186,167,216,194,186,193,191,203,223,238,233,217,215,206,164,190,174,194,186,207,217,202,218,220,230,190,180,162,164,198,212,229,221,236,254,241,245,230,214,198,186,214,239,257,220,225,247,239,222,210,183,186,213,215,205,217,210,0,0,0,0,0,0
"Seguridad","Baja California Sur","Otros delitos que atentan contra la vida y la integridad corporal",NA,0,0,0,0,1,1,0,0,0,0,0,1,0,0,2,3,6,5,2,2,2,3,4,2,7,2,9,5,7,3,17,5,10,9,12,13,14,7,7,14,13,8,8,16,15,10,10,10,9,12,12,24,16,20,23,13,15,16,25,15,17,21,20,4,3,15,9,11,22,12,12,13,14,12,12,15,12,15,2,18,14,10,9,12,10,9,17,24,18,17,14,18,16,12,13,6,14,13,17,18,21,20,24,20,18,15,10,20,20,23,28,27,28,34,26,26,28,23,24,17,30,20,15,15,23,19,0,0,0,0,0,0
"Seguridad","Campeche","Otros delitos que atentan contra la vida y la integridad corporal",NA,3,1,1,0,1,2,0,0,0,1,0,1,1,2,1,0,3,0,2,2,0,0,2,0,0,1,0,0,1,3,1,1,2,1,0,3,1,2,0,1,1,1,1,0,2,4,3,1,2,2,1,1,0,1,0,5,4,2,3,0,0,1,2,2,1,1,4,0,2,1,0,1,2,3,3,5,2,2,2,1,0,4,12,14,9,8,16,23,27,27,31,22,23,27,27,31,31,23,41,29,32,33,31,20,18,19,23,15,25,18,24,20,22,25,16,8,4,5,4,8,6,8,9,2,5,6,0,0,0,0,0,0
"Seguridad","Chiapas","Otros delitos que atentan contra la vida y la integridad corporal",NA,0,0,0,0,0,0,0,0,0,0,0,0,0,0,0,0,0,0,0,0,0,0,0,0,0,0,0,0,21,16,14,17,14,16,18,16,15,18,10,19,18,11,21,16,9,12,20,12,18,14,17,15,17,9,20,11,22,12,15,8,7,9,13,8,10,13,14,23,14,11,10,7,8,14,12,12,15,14,11,6,12,12,11,5,8,7,12,12,10,11,10,6,12,12,14,12,13,7,10,13,5,5,15,2,6,12,12,5,13,12,7,6,12,4,7,8,8,11,8,13,17,6,14,12,13,7,0,0,0,0,0,0
"Seguridad","Chihuahua","Otros delitos que atentan contra la vida y la integridad corporal",NA,26,37,78,25,14,30,19,20,48,21,22,12,14,20,23,15,24,22,19,15,11,22,15,17,23,22,18,13,26,24,28,22,22,20,14,21,21,16,13,12,16,19,25,20,20,12,15,20,15,22,15,13,33,27,24,25,50,38,23,32,24,35,40,28,46,30,59,40,46,36,45,44,33,23,40,41,42,39,40,37,32,24,40,12,27,23,29,27,27,29,32,41,38,23,37,35,25,23,31,26,26,48,31,42,34,32,32,36,23,27,22,32,34,42,41,46,34,46,34,30,38,59,252,96,99,68,0,0,0,0,0,0
"Seguridad","Ciudad de México","Otros delitos que atentan contra la vida y la integridad corporal",NA,0,0,0,0,0,0,0,0,0,0,0,0,0,0,0,0,0,0,0,0,0,0,0,0,0,0,0,0,0,0,0,0,0,0,0,0,82,64,64,80,86,81,81,80,84,100,98,78,11,7,17,15,14,8,109,18,117,12,14,10,11,20,16,11,63,25,23,17,17,20,24,92,82,68,94,95,24,86,17,116,99,88,92,105,57,65,105,113,101,83,105,84,92,93,90,88,73,55,90,87,75,104,84,99,87,97,87,96,74,85,85,62,81,62,94,97,96,106,94,82,70,115,106,90,99,85,0,0,0,0,0,0
"Seguridad","Coahuila de Zaragoza","Otros delitos que atentan contra la vida y la integridad corporal",NA,0,0,0,0,0,0,1,7,0,2,1,1,1,0,3,1,0,1,0,0,1,0,2,0,2,0,0,0,2,5,3,0,2,7,0,3,3,4,7,2,4,5,0,1,4,8,4,1,1,2,8,1,5,3,2,2,3,2,0,3,6,4,1,4,2,4,5,0,5,4,5,3,2,4,1,3,4,3,4,4,3,2,7,7,5,7,5,2,5,7,1,5,3,3,4,3,3,3,5,5,4,8,1,2,2,2,0,3,3,6,2,6,4,3,7,0,1,3,5,3,5,3,5,8,9,0,0,0,0,0,0,0
"Seguridad","Colima","Otros delitos que atentan contra la vida y la integridad corporal",NA,0,0,0,0,0,0,0,0,0,0,0,0,0,0,0,0,0,0,0,0,0,0,0,0,0,0,0,0,1,0,0,0,0,0,0,0,0,0,0,0,0,0,0,0,0,0,0,0,0,0,0,0,0,0,0,0,0,0,0,0,0,0,0,0,0,0,0,0,0,0,0,0,0,0,0,0,0,0,0,0,0,0,0,0,0,0,0,0,0,0,0,0,0,0,0,0,0,0,0,0,0,0,0,0,0,0,0,0,0,0,0,0,0,0,0,0,0,0,0,0,0,0,0,0,0,0,0,0,0,0,0,0
"Seguridad","Durango","Otros delitos que atentan contra la vida y la integridad corporal",NA,0,5,5,2,3,1,1,0,12,2,0,0,1,2,2,4,1,4,1,1,2,3,4,1,2,2,2,1,1,3,0,1,0,2,4,4,4,2,2,6,6,2,6,6,15,17,3,4,5,2,0,7,3,6,0,0,5,24,46,1,7,8,4,0,0,0,21,10,5,6,6,2,0,0,0,3,1,2,2,0,4,1,1,2,0,0,0,2,4,0,0,1,0,3,1,2,3,0,0,2,3,0,0,1,0,3,1,4,0,0,0,2,3,0,1,1,0,3,1,0,0,0,0,2,3,0,0,0,0,0,0,0
"Seguridad","Guanajuato","Otros delitos que atentan contra la vida y la integridad corporal",NA,0,0,0,0,0,0,0,0,0,0,0,0,0,0,0,0,0,0,0,0,0,0,0,0,0,0,0,0,0,0,0,0,0,0,0,0,0,0,0,0,0,0,0,0,0,0,0,0,0,0,0,0,0,0,0,0,14,17,25,23,19,17,19,16,14,12,17,15,15,22,13,12,61,32,46,67,56,54,58,68,69,94,84,74,66,49,87,70,104,72,79,78,91,75,47,57,58,46,66,58,78,101,64,65,83,71,99,62,73,71,91,89,114,96,88,96,61,82,81,49,29,19,32,59,118,103,0,0,0,0,0,0
"Seguridad","Guerrero","Otros delitos que atentan contra la vida y la integridad corporal",NA,0,0,0,1,0,0,0,0,0,0,0,0,0,0,0,0,0,0,0,0,0,0,0,0,0,0,0,0,1,0,0,0,0,0,0,0,0,0,0,0,0,0,0,0,0,2,1,1,0,3,2,2,1,1,4,1,1,3,1,3,2,0,1,2,0,1,1,2,1,5,1,2,2,2,3,7,1,8,1,5,2,3,4,1,0,4,2,5,5,2,2,2,1,2,3,2,2,2,5,0,0,4,3,4,3,5,4,2,4,3,2,4,3,2,1,0,1,3,1,0,5,1,5,2,4,1,0,0,0,0,0,0
"Seguridad","Hidalgo","Otros delitos que atentan contra la vida y la integridad corporal",NA,7,12,5,8,6,8,5,7,6,7,14,7,8,27,18,11,20,13,1,6,89,36,35,28,27,20,25,26,10,8,3,12,9,9,6,4,3,7,10,6,36,31,27,37,22,22,14,28,33,18,22,23,42,38,27,38,27,26,23,23,43,36,24,16,7,19,18,55,21,18,28,16,7,12,20,12,12,19,8,9,13,8,29,9,24,11,12,10,10,25,19,18,12,12,20,12,23,6,19,23,16,18,14,22,14,15,18,10,9,6,10,11,25,18,13,18,10,9,15,11,8,9,13,16,11,98,0,0,0,0,0,0
"Seguridad","Jalisco","Otros delitos que atentan contra la vida y la integridad corporal",NA,0,0,0,0,0,0,0,0,0,0,0,0,0,0,0,0,0,0,0,0,0,0,0,0,0,0,0,0,0,0,0,0,0,0,0,0,0,0,0,0,0,0,0,0,0,0,0,0,0,0,0,0,0,0,0,0,0,0,0,0,0,0,0,0,0,0,0,0,0,0,0,0,0,0,0,0,0,0,0,0,0,0,0,0,0,0,0,0,0,0,0,0,0,0,0,0,0,0,0,0,0,0,0,0,0,0,0,0,22,25,14,21,18,8,13,7,13,8,12,16,6,15,7,11,9,11,0,0,0,0,0,0
"Seguridad","Michoacán de Ocampo","Otros delitos que atentan contra la vida y la integridad corporal",NA,2,4,3,4,4,1,0,6,4,1,3,2,7,3,5,5,7,3,4,4,6,1,3,5,4,2,2,1,4,2,1,2,6,4,3,5,4,2,8,6,7,0,4,5,1,2,3,5,2,7,6,12,17,13,19,19,18,32,22,10,15,23,16,14,20,5,12,18,23,23,25,11,9,17,34,21,26,15,20,20,29,27,17,17,22,19,25,28,24,31,15,20,26,22,22,17,25,26,37,26,25,38,32,25,29,22,33,21,22,26,26,25,34,21,29,29,33,21,23,13,25,21,28,33,29,12,0,0,0,0,0,0
"Seguridad","Morelos","Otros delitos que atentan contra la vida y la integridad corporal",NA,20,23,35,61,30,12,63,54,52,20,35,20,18,16,18,23,23,26,25,29,23,22,20,25,23,25,22,20,18,30,33,30,11,25,25,22,31,35,33,40,41,42,66,30,57,65,41,41,43,48,58,55,49,30,43,40,47,49,53,28,49,48,39,38,29,37,43,40,29,37,35,55,43,26,34,45,77,55,48,46,32,44,44,39,46,48,48,40,52,44,36,37,46,61,62,37,51,51,70,65,56,51,49,39,57,57,60,43,63,62,58,62,53,61,57,38,49,41,37,35,35,39,61,60,50,50,0,0,0,0,0,0
"Seguridad","México","Otros delitos que atentan contra la vida y la integridad corporal",NA,17,26,26,27,30,21,28,32,32,30,28,21,21,30,39,38,42,31,32,30,37,39,25,43,36,41,46,43,70,47,55,47,45,58,43,47,41,65,54,59,68,58,73,70,72,56,70,43,70,51,81,71,75,70,83,77,84,70,59,64,68,75,88,135,95,108,97,92,72,83,88,85,68,104,92,80,96,92,79,74,108,112,89,96,85,78,108,115,120,101,109,104,116,114,127,100,127,138,143,128,140,151,110,112,132,120,141,115,101,143,137,133,158,154,143,143,161,152,131,128,107,115,170,135,156,125,0,0,0,0,0,0
"Seguridad","Nayarit","Otros delitos que atentan contra la vida y la integridad corporal",NA,0,0,1,1,0,0,0,1,1,0,0,0,0,0,0,0,1,1,0,0,0,0,0,0,0,0,0,0,1,0,0,0,1,0,1,3,1,2,3,0,0,1,0,2,1,0,0,1,0,2,1,0,0,1,0,1,0,0,0,1,1,1,2,1,0,0,1,1,2,1,1,1,2,1,2,1,1,0,0,0,0,0,0,1,2,0,1,0,3,3,0,1,2,3,2,0,0,3,4,0,4,0,0,2,0,0,1,2,1,0,3,0,4,2,1,3,3,0,2,0,1,2,6,2,2,3,0,0,0,0,0,0
"Seguridad","Nuevo León","Otros delitos que atentan contra la vida y la integridad corporal",NA,2,1,0,4,1,0,0,3,1,3,3,1,2,0,2,4,2,0,2,3,4,1,3,8,4,6,5,4,6,2,3,0,2,2,7,12,0,0,1,0,0,1,0,0,0,3,0,0,1,1,2,1,0,1,0,0,2,0,0,3,2,9,17,15,25,36,40,24,19,25,19,12,17,13,23,54,38,26,40,32,24,17,20,13,15,17,31,29,39,29,36,32,24,27,17,16,27,33,34,24,35,42,59,34,41,34,23,19,23,26,36,43,27,27,21,33,28,31,21,23,22,27,17,25,28,33,0,0,0,0,0,0
"Seguridad","Oaxaca","Otros delitos que atentan contra la vida y la integridad corporal",NA,0,4,0,0,6,0,0,3,0,0,9,0,18,22,20,20,18,32,31,22,17,0,19,14,17,10,17,24,10,14,19,20,6,23,16,11,16,16,22,19,12,11,12,23,26,18,20,16,21,30,34,32,25,18,22,25,19,20,21,23,17,14,28,20,18,16,24,17,9,21,14,21,18,18,14,17,11,23,16,9,19,15,15,21,18,11,28,25,22,22,17,18,15,24,14,22,19,18,32,23,75,61,17,17,22,32,24,25,23,12,17,18,15,26,12,18,35,13,25,10,9,19,10,11,12,6,0,0,0,0,0,0
"Seguridad","Puebla","Otros delitos que atentan contra la vida y la integridad corporal",NA,9,6,8,9,2,8,6,3,11,8,2,9,3,5,6,6,4,9,1,7,3,3,4,6,5,3,10,4,6,5,3,6,6,10,4,3,7,4,3,2,1,6,7,6,8,4,4,3,3,4,6,6,10,15,49,29,29,30,24,21,26,28,35,32,48,36,38,47,32,32,26,21,21,22,24,25,20,24,26,17,25,29,14,27,13,21,34,26,22,35,28,22,23,28,20,19,13,20,32,23,25,30,11,18,23,28,30,19,25,24,13,23,27,28,29,18,23,23,14,14,15,26,25,26,25,12,0,0,0,0,0,0
"Seguridad","Querétaro","Otros delitos que atentan contra la vida y la integridad corporal",NA,50,36,60,58,47,52,44,44,53,72,59,84,24,35,44,40,48,74,55,81,66,54,56,49,54,70,69,67,61,63,58,61,48,83,63,67,64,54,66,59,80,64,62,55,57,61,66,79,67,70,72,76,73,72,95,84,80,85,80,86,77,93,90,76,80,83,76,106,100,80,88,73,91,80,93,110,123,111,128,112,113,135,109,128,110,76,100,93,91,63,93,107,105,93,105,104,103,80,103,84,101,113,101,98,78,99,93,87,92,71,72,82,104,83,85,90,76,80,74,76,87,84,84,93,114,20,0,0,0,0,0,0
"Seguridad","Quintana Roo","Otros delitos que atentan contra la vida y la integridad corporal",NA,0,0,0,0,1,0,0,0,0,0,0,0,0,0,3,1,0,1,8,0,0,0,1,0,0,0,0,0,0,0,0,0,1,0,0,0,0,1,0,2,0,0,0,0,0,0,0,0,0,0,0,0,0,0,1,0,0,3,1,5,23,29,28,11,23,24,26,18,17,34,29,20,20,32,41,21,42,26,34,23,32,33,23,21,28,24,39,28,22,27,34,34,22,44,31,23,22,18,41,45,41,36,33,24,34,41,27,35,30,19,20,38,24,29,23,42,30,22,24,24,26,26,25,17,29,36,0,0,0,0,0,0
"Seguridad","San Luis Potosí","Otros delitos que atentan contra la vida y la integridad corporal",NA,1,3,6,3,6,5,2,3,4,1,0,3,1,0,0,5,3,3,1,3,9,27,13,10,13,7,10,17,6,7,9,7,13,7,7,11,6,10,5,9,14,15,12,8,11,10,11,11,13,9,15,20,25,10,13,21,11,20,15,19,18,14,18,17,23,31,22,20,18,21,25,17,21,19,23,21,28,26,22,18,30,17,21,20,9,11,26,16,26,24,24,23,13,25,33,26,21,21,31,16,20,26,12,18,23,17,20,11,18,14,19,19,32,20,15,13,15,18,22,21,29,14,15,26,16,16,0,0,0,0,0,0
"Seguridad","Sinaloa","Otros delitos que atentan contra la vida y la integridad corporal",NA,35,35,43,36,33,35,25,31,38,38,30,30,31,33,38,33,31,41,24,29,36,40,23,42,21,16,25,31,44,29,44,39,48,46,46,33,27,35,37,51,50,48,44,40,60,55,50,39,39,33,53,60,49,57,51,74,64,62,65,44,50,36,55,39,50,37,43,62,47,49,46,42,40,37,40,44,44,53,79,42,47,47,40,46,37,51,40,57,54,55,56,65,56,48,43,62,45,55,65,52,56,53,58,49,73,73,40,42,56,46,50,54,67,59,67,55,51,71,45,60,50,50,64,51,59,63,0,0,0,0,0,0
"Seguridad","Sonora","Otros delitos que atentan contra la vida y la integridad corporal",NA,1,0,0,0,0,0,0,1,0,0,0,0,0,0,0,2,0,1,1,0,0,0,0,0,0,0,0,1,2,0,0,0,0,1,0,1,6,4,5,6,10,5,10,14,9,13,4,6,7,11,9,9,10,12,10,14,18,19,24,16,15,14,29,20,26,22,25,20,18,27,21,21,36,25,34,45,38,30,24,19,33,31,23,23,30,21,29,48,35,25,22,19,29,29,24,42,24,20,29,18,18,29,28,30,28,28,34,28,25,21,38,37,36,48,57,38,64,45,49,48,49,62,55,49,54,57,0,0,0,0,0,0
"Seguridad","Tabasco","Otros delitos que atentan contra la vida y la integridad corporal",NA,8,7,21,13,0,6,3,9,3,12,11,2,11,6,10,12,3,11,0,8,12,13,9,8,5,15,34,42,26,54,44,38,50,30,26,35,38,31,48,44,38,51,54,46,33,40,27,39,31,33,49,43,42,60,44,51,46,63,41,41,61,56,51,53,36,48,55,55,63,65,35,68,84,75,85,58,50,39,51,65,28,33,30,40,49,40,51,47,54,62,60,55,53,65,62,55,68,57,53,37,65,67,55,61,75,62,53,53,29,26,42,47,53,54,57,32,35,31,42,29,32,62,106,86,59,73,0,0,0,0,0,0
"Seguridad","Tamaulipas","Otros delitos que atentan contra la vida y la integridad corporal",NA,0,0,0,0,0,1,0,0,0,0,0,0,0,0,1,0,0,0,0,0,0,0,0,0,0,0,0,0,0,0,0,42,38,35,32,34,22,34,20,39,35,46,49,25,33,16,30,27,31,29,28,43,36,36,38,41,27,24,26,21,18,19,20,10,15,17,24,15,26,15,17,13,19,15,28,13,17,25,23,19,20,28,28,24,16,12,32,28,26,24,20,25,23,25,18,20,26,19,28,32,42,39,23,32,18,19,20,21,20,23,30,24,32,34,48,37,30,38,36,18,24,25,30,31,28,26,0,0,0,0,0,0
"Seguridad","Tlaxcala","Otros delitos que atentan contra la vida y la integridad corporal",NA,0,0,1,1,0,1,0,3,0,5,0,3,2,3,3,1,1,5,0,0,0,0,1,0,1,2,0,0,2,0,0,0,1,0,0,1,0,1,1,0,0,0,0,1,0,0,0,0,0,0,0,0,2,0,0,1,1,1,3,0,1,1,0,0,2,1,0,1,0,2,0,0,1,2,0,1,1,2,2,0,0,1,0,0,2,1,0,0,0,1,0,0,0,0,1,2,0,0,1,1,0,0,0,0,1,1,1,0,0,0,0,0,0,0,0,1,0,0,0,1,0,0,0,0,0,0,0,0,0,0,0,0
"Seguridad","Veracruz de Ignacio de la Llave","Otros delitos que atentan contra la vida y la integridad corporal",NA,1,5,10,7,0,0,0,0,0,0,0,0,0,0,0,0,0,0,0,0,0,0,0,0,7,4,6,0,4,3,6,2,5,5,5,3,9,9,12,14,7,9,7,10,9,10,8,9,18,18,12,19,17,18,14,28,17,24,10,15,16,15,19,13,13,12,21,12,19,15,14,12,14,12,11,13,21,15,9,12,10,13,12,15,18,13,22,17,21,18,17,22,12,15,12,23,17,14,10,22,19,15,16,11,10,18,22,16,21,20,31,25,26,30,16,18,17,15,24,8,21,15,28,20,31,16,0,0,0,0,0,0
"Seguridad","Yucatán","Otros delitos que atentan contra la vida y la integridad corporal",NA,11,10,23,14,23,8,12,12,10,24,9,5,16,11,10,19,16,9,23,13,86,34,42,40,40,35,40,58,54,24,12,5,7,21,8,26,8,9,7,12,4,15,10,3,7,5,2,5,15,10,24,14,16,31,6,0,20,2,18,4,4,2,45,17,8,35,32,0,56,60,35,69,22,42,35,31,51,17,9,17,13,25,9,16,10,3,1,2,15,10,7,16,14,17,18,16,16,6,17,16,16,19,16,20,10,10,10,11,10,6,8,3,8,8,14,6,2,1,1,0,3,4,5,2,5,0,0,0,0,0,0,0
"Seguridad","Zacatecas","Otros delitos que atentan contra la vida y la integridad corporal",NA,7,6,1,4,6,5,5,3,4,8,5,1,8,2,5,2,6,5,4,7,3,5,4,7,3,4,6,4,11,3,14,10,12,10,6,8,13,7,18,16,13,10,8,11,13,11,13,16,10,14,16,17,17,12,12,14,23,22,12,16,16,21,19,13,21,29,10,17,17,36,24,18,29,32,29,44,43,27,42,28,42,37,42,32,18,22,33,30,39,35,31,38,33,33,34,31,26,25,41,36,36,48,37,36,27,22,25,29,26,35,24,34,38,38,30,29,26,31,34,25,36,26,34,27,14,24,0,0,0,0,0,0
"Seguridad","Aguascalientes","Rapto",NA,0,0,0,0,0,0,0,0,0,0,0,0,0,0,0,0,0,0,0,0,0,0,0,0,0,0,0,0,0,0,0,0,0,0,0,0,0,0,0,0,0,0,0,0,0,0,0,0,0,0,0,0,0,0,0,0,0,0,0,0,0,0,0,0,0,0,0,0,0,0,0,0,0,0,0,0,0,0,0,0,0,0,0,0,0,0,0,0,0,0,0,0,0,0,0,0,0,0,0,0,0,0,0,0,0,0,0,0,0,0,0,0,0,0,0,0,0,0,0,0,0,0,0,0,0,0,0,0,0,0,0,0
"Seguridad","Baja California","Rapto",NA,0,0,0,0,0,0,0,0,0,1,0,0,0,0,0,0,0,0,0,0,0,0,0,0,0,0,0,0,0,0,0,0,0,0,0,0,0,0,0,0,0,0,0,0,0,0,0,0,0,0,0,0,0,0,0,0,0,0,0,0,0,0,0,0,0,0,0,0,0,0,0,0,0,0,0,0,0,0,0,0,0,0,0,0,0,0,0,0,0,0,0,0,0,0,0,0,0,0,0,0,0,0,0,0,0,0,0,0,0,0,0,0,0,0,0,0,0,0,0,0,0,0,0,0,0,0,0,0,0,0,0,0
"Seguridad","Baja California Sur","Rapto",NA,0,0,0,0,0,0,0,0,0,0,0,0,0,0,0,0,0,1,0,0,0,0,0,0,0,0,0,0,0,0,0,0,0,0,0,0,0,0,0,0,0,0,0,0,0,0,0,0,0,0,0,0,0,0,0,0,0,0,0,0,0,0,0,0,0,0,0,0,0,0,0,0,0,0,0,0,0,0,0,0,0,0,0,0,0,0,0,0,0,0,0,0,0,0,0,0,0,0,0,0,0,0,0,0,0,0,0,0,0,0,0,0,0,0,0,0,0,0,0,0,0,0,0,0,0,0,0,0,0,0,0,0
"Seguridad","Campeche","Rapto",NA,0,0,0,0,0,0,0,0,0,0,0,0,0,0,0,0,0,0,0,0,0,0,0,0,0,0,0,0,0,0,0,0,0,0,0,0,0,0,0,0,0,0,0,0,0,0,0,0,0,0,0,0,0,0,0,0,0,0,0,0,0,0,0,0,0,0,0,0,0,0,0,0,0,0,0,0,0,0,0,0,0,0,0,0,0,0,0,0,0,0,0,0,0,0,0,0,0,0,0,0,0,0,0,0,0,0,0,0,0,0,0,0,0,0,0,0,0,0,0,0,0,0,0,0,0,0,0,0,0,0,0,0
"Seguridad","Chiapas","Rapto",NA,1,1,0,0,0,1,0,0,1,0,1,0,1,2,4,2,1,1,1,1,0,1,1,0,2,0,0,2,1,1,0,3,1,1,1,0,0,0,0,0,0,0,0,0,0,0,0,0,0,0,0,0,0,0,0,0,0,0,0,0,0,0,0,0,0,0,0,0,0,0,0,0,0,0,0,0,0,0,0,0,0,0,0,0,0,0,0,0,0,0,0,0,0,0,0,0,0,0,0,0,0,0,0,0,0,0,0,0,0,0,0,0,0,0,0,0,0,0,0,0,0,0,0,0,0,0,0,0,0,0,0,0
"Seguridad","Chihuahua","Rapto",NA,0,0,0,0,0,0,0,0,0,0,0,0,0,0,0,0,0,0,0,0,0,0,0,0,0,0,0,0,0,0,0,0,0,0,0,0,0,0,0,0,0,0,0,0,0,0,0,0,0,0,0,0,0,0,0,0,0,0,0,0,0,0,0,0,0,0,0,0,0,0,0,0,0,0,0,0,0,0,0,0,0,0,0,0,0,0,0,0,0,0,0,0,0,0,0,0,0,0,0,0,0,0,0,0,0,0,0,0,0,0,0,0,0,0,0,0,0,0,0,0,0,0,0,0,0,0,0,0,0,0,0,0
"Seguridad","Ciudad de México","Rapto",NA,1,0,1,0,0,0,2,0,0,0,0,1,1,0,0,0,1,2,0,0,0,0,0,0,0,0,0,0,0,0,0,0,1,1,0,0,0,0,0,0,0,0,1,1,0,0,0,1,0,0,0,1,0,2,0,1,0,0,0,1,0,1,2,2,2,0,1,2,2,0,0,0,0,0,2,3,2,0,1,0,1,0,1,1,1,0,1,0,2,0,0,0,3,2,0,0,0,0,1,1,1,0,1,0,1,0,0,1,1,1,1,1,0,1,0,0,0,0,0,0,0,0,0,0,0,0,0,0,0,0,0,0
"Seguridad","Coahuila de Zaragoza","Rapto",NA,0,0,0,0,2,0,0,0,1,0,0,1,0,0,0,1,0,0,0,1,0,0,1,1,0,3,1,0,1,0,0,1,0,0,1,0,0,0,0,0,0,0,0,0,0,0,0,0,0,0,0,0,0,0,0,0,0,0,0,0,0,0,0,0,0,0,0,0,0,0,0,0,0,0,0,0,0,0,0,0,0,0,0,0,0,0,0,0,0,0,0,0,0,0,0,0,0,0,0,0,0,0,0,0,0,0,0,0,0,0,0,0,0,0,0,0,0,0,0,0,0,0,0,0,0,0,0,0,0,0,0,0
"Seguridad","Colima","Rapto",NA,0,0,0,0,0,0,0,0,0,0,0,0,0,0,0,0,0,0,0,0,0,0,0,0,0,0,0,0,0,0,0,0,0,0,0,0,0,0,0,0,0,0,0,0,0,0,0,0,0,0,0,0,0,0,0,0,0,0,0,0,0,0,0,0,0,0,0,0,0,0,0,0,0,0,0,0,0,0,0,0,0,0,0,0,0,0,0,0,0,0,0,0,0,0,0,0,0,0,0,0,0,0,0,0,0,0,0,0,0,0,0,0,0,0,0,0,0,0,0,0,0,0,0,0,0,0,0,0,0,0,0,0
"Seguridad","Durango","Rapto",NA,0,0,0,0,0,0,0,0,0,0,0,0,0,1,0,0,0,0,0,0,0,0,0,0,0,0,0,0,0,0,0,0,0,0,0,0,0,0,0,0,0,0,0,0,0,0,0,0,0,0,0,0,0,0,0,0,0,0,0,0,0,0,0,0,0,0,0,0,0,0,0,0,0,0,0,0,0,0,0,0,0,0,0,0,0,0,0,0,0,0,0,0,0,0,0,0,0,0,0,0,0,0,0,0,0,0,0,0,0,0,0,0,0,0,0,0,0,0,0,0,0,0,0,0,0,0,0,0,0,0,0,0
"Seguridad","Guanajuato","Rapto",NA,0,0,0,0,0,0,0,0,0,0,0,0,0,0,0,0,0,0,0,0,0,0,0,0,0,0,0,0,0,0,0,0,0,0,0,0,0,0,0,0,0,0,0,0,0,0,0,0,0,0,0,0,0,0,0,0,0,0,0,0,0,0,0,0,0,0,0,0,0,0,0,0,0,0,0,0,0,0,0,0,0,0,0,0,0,0,0,0,0,0,0,0,0,0,0,0,0,0,0,0,0,0,0,0,0,0,0,0,0,0,0,0,0,0,0,0,0,0,0,0,0,0,0,0,0,0,0,0,0,0,0,0
"Seguridad","Guerrero","Rapto",NA,0,0,0,0,0,0,0,0,0,0,0,0,0,0,0,0,0,0,0,0,0,0,0,0,0,0,0,0,0,0,0,0,0,0,0,0,0,0,0,0,0,0,0,0,0,0,0,0,0,0,0,0,0,0,0,0,0,0,0,0,0,0,0,0,0,0,0,0,0,0,0,0,0,0,0,0,0,0,0,0,0,0,0,0,0,0,0,0,0,0,0,0,0,0,0,0,0,0,0,0,0,0,0,0,0,0,0,0,0,0,0,0,0,0,0,0,0,0,0,0,0,0,0,0,0,0,0,0,0,0,0,0
"Seguridad","Hidalgo","Rapto",NA,0,0,0,0,0,0,0,1,0,0,0,0,0,0,0,0,0,1,0,0,0,0,0,0,0,0,0,0,0,0,1,0,1,1,0,0,1,0,0,0,0,0,0,0,1,1,0,0,0,0,1,1,0,0,0,1,1,1,1,0,1,0,0,0,0,0,2,1,1,0,0,0,1,0,0,0,0,0,0,0,0,0,0,0,0,0,1,0,0,0,0,0,0,0,0,0,0,0,0,0,0,0,1,0,0,0,0,0,0,0,0,0,1,0,0,0,0,0,0,0,0,0,0,1,0,0,0,0,0,0,0,0
"Seguridad","Jalisco","Rapto",NA,0,0,0,0,0,0,0,0,0,0,0,0,0,0,0,0,0,0,0,0,0,0,0,0,0,0,0,0,0,0,0,0,0,0,0,0,0,0,0,0,0,0,0,0,0,0,0,0,0,0,0,0,0,0,0,0,0,0,0,0,0,0,0,0,0,0,0,0,0,0,0,0,0,0,0,0,0,0,0,0,0,0,0,0,0,0,0,0,0,0,0,0,0,0,0,0,0,0,0,0,0,0,0,0,0,0,0,0,0,0,0,0,0,0,0,0,0,0,0,0,0,0,0,0,0,0,0,0,0,0,0,0
"Seguridad","Michoacán de Ocampo","Rapto",NA,0,0,0,0,0,0,0,0,0,0,0,0,0,0,0,0,0,0,0,0,0,0,0,0,0,0,0,0,0,0,0,0,0,0,0,0,0,0,0,0,0,0,0,0,0,0,0,0,0,0,0,0,0,0,0,0,0,0,0,0,0,0,0,0,0,0,0,0,0,0,0,0,0,0,0,0,0,0,0,0,0,0,0,0,0,0,0,0,0,0,0,0,0,0,0,0,0,0,0,0,0,0,0,0,0,0,0,0,0,0,0,0,0,0,0,0,0,0,0,0,0,0,0,0,0,0,0,0,0,0,0,0
"Seguridad","Morelos","Rapto",NA,0,0,0,0,0,0,0,0,0,0,0,0,0,1,0,0,0,0,0,0,0,0,0,0,0,0,1,0,0,0,0,0,0,0,1,0,0,1,0,0,0,0,0,0,0,0,0,0,0,0,0,0,0,0,1,0,0,0,1,0,0,0,1,1,0,0,1,0,0,0,0,2,0,0,1,0,1,0,0,0,0,0,0,0,0,0,0,0,0,0,1,0,0,0,0,0,0,1,0,1,1,0,0,0,0,0,0,0,0,0,1,0,0,0,0,0,1,0,0,0,0,0,0,0,0,0,0,0,0,0,0,0
"Seguridad","México","Rapto",NA,0,0,0,0,0,0,0,0,0,0,0,0,0,0,0,0,0,0,0,0,0,0,0,0,0,0,0,0,0,0,0,0,0,0,0,0,0,0,0,0,0,0,0,0,0,0,0,0,0,0,0,0,0,0,0,0,0,0,0,0,0,0,0,0,0,0,0,0,0,0,0,0,0,0,0,0,0,0,0,0,0,0,0,0,0,0,0,0,0,0,0,0,0,0,0,0,0,0,0,0,0,0,0,0,0,0,0,0,0,0,0,0,0,0,0,0,0,0,0,0,0,0,0,0,0,0,0,0,0,0,0,0
"Seguridad","Nayarit","Rapto",NA,0,0,0,0,0,0,0,0,0,0,0,0,0,0,0,0,0,0,0,0,0,0,0,0,0,0,0,0,0,0,0,0,0,0,0,0,0,0,0,0,0,0,0,0,0,0,0,0,0,0,0,0,0,0,0,0,0,0,0,0,0,0,0,0,0,0,0,0,0,0,0,0,0,0,0,0,0,0,0,0,0,0,0,0,0,0,0,0,0,0,0,0,0,0,0,0,0,0,0,0,0,0,0,0,0,0,0,0,0,0,0,0,0,0,0,0,0,0,0,0,0,0,0,0,0,0,0,0,0,0,0,0
"Seguridad","Nuevo León","Rapto",NA,9,14,10,13,12,13,13,18,16,9,11,16,8,8,10,10,19,16,17,19,12,8,10,17,8,8,11,8,8,13,12,9,11,7,8,9,7,10,8,8,8,8,13,12,3,10,8,5,5,5,7,12,12,7,7,8,11,9,6,9,11,11,6,4,6,8,8,8,9,16,6,11,5,11,14,11,6,14,8,10,10,9,7,3,4,9,8,10,5,12,2,5,10,10,4,9,3,7,10,4,4,6,4,2,8,7,5,5,11,8,8,5,3,4,7,4,13,4,7,2,6,3,5,3,3,6,0,0,0,0,0,0
"Seguridad","Oaxaca","Rapto",NA,0,3,0,0,0,0,0,4,0,0,1,0,0,0,0,0,0,0,0,0,0,0,0,0,0,0,0,0,0,0,0,0,0,0,0,0,0,0,0,0,0,0,0,0,0,0,0,0,0,0,0,0,0,0,0,0,0,0,0,0,0,0,0,0,0,0,0,0,0,0,0,0,0,0,0,0,0,0,0,0,0,0,0,0,0,0,0,0,0,0,0,0,0,0,0,0,0,0,0,0,0,0,0,0,0,0,0,0,0,0,0,0,0,0,0,0,0,0,0,0,0,0,0,0,0,0,0,0,0,0,0,0
"Seguridad","Puebla","Rapto",NA,3,2,0,1,1,1,1,0,1,0,0,1,0,0,0,1,0,0,0,0,0,0,0,0,0,0,0,0,0,0,0,0,0,0,0,0,0,0,0,0,0,0,0,0,0,0,0,0,0,0,0,0,0,0,0,0,0,0,0,0,0,0,0,0,0,0,0,0,0,0,0,0,0,0,0,0,0,0,0,0,0,0,0,0,0,0,0,0,0,0,0,0,0,0,0,0,0,0,0,0,0,0,0,0,0,0,0,0,0,0,0,0,0,0,0,0,0,0,0,0,0,0,0,0,0,0,0,0,0,0,0,0
"Seguridad","Querétaro","Rapto",NA,0,0,0,0,0,0,0,0,0,0,0,0,0,0,0,0,0,0,0,0,0,0,0,0,0,0,0,0,0,0,0,0,0,0,0,0,0,0,0,0,0,0,0,0,0,0,0,0,0,0,0,0,0,0,0,0,0,0,0,0,0,0,0,0,0,0,0,0,0,0,0,0,0,0,0,0,0,0,0,0,0,0,0,0,0,0,0,0,0,0,0,0,0,0,0,0,0,0,0,0,0,0,0,0,0,0,0,0,0,0,0,0,0,0,0,0,0,0,0,0,0,0,0,0,0,0,0,0,0,0,0,0
"Seguridad","Quintana Roo","Rapto",NA,0,0,0,0,0,0,0,0,0,0,0,0,0,0,0,0,0,0,0,0,0,0,0,0,0,0,0,0,0,0,0,0,0,0,0,0,0,0,0,0,0,0,0,0,0,0,0,0,0,0,0,0,0,0,0,0,0,0,0,0,0,0,0,0,0,0,0,0,0,0,0,0,0,0,0,0,0,0,0,0,0,0,0,0,0,0,0,0,0,0,0,0,0,0,0,0,0,0,0,0,0,0,0,0,0,0,0,0,0,0,0,0,0,0,0,0,0,0,0,0,0,0,0,0,0,0,0,0,0,0,0,0
"Seguridad","San Luis Potosí","Rapto",NA,0,0,0,0,0,0,0,0,0,0,0,0,0,0,0,0,0,0,0,0,0,0,0,0,0,0,0,0,0,0,0,0,0,0,0,0,0,0,0,0,0,0,0,0,0,0,0,0,0,0,0,0,0,0,0,0,0,0,0,0,0,0,0,0,0,0,0,0,0,0,0,0,0,0,0,0,0,0,0,0,0,0,0,0,0,0,0,0,0,0,0,0,0,0,0,0,0,0,0,0,0,0,0,0,0,0,0,0,0,0,0,0,0,0,0,0,0,0,0,0,0,0,0,0,0,0,0,0,0,0,0,0
"Seguridad","Sinaloa","Rapto",NA,4,7,4,2,9,2,5,2,3,5,4,3,4,9,2,6,1,4,1,1,3,5,5,4,6,7,2,4,0,7,7,5,4,6,3,5,6,0,0,0,0,0,0,0,0,0,0,0,0,0,0,0,0,0,0,0,0,0,0,0,0,0,0,0,0,0,0,0,0,0,0,0,0,0,0,0,0,0,0,0,0,0,0,0,0,0,0,0,0,0,0,0,0,0,0,0,0,0,0,0,0,0,0,0,0,0,0,0,0,0,0,0,0,0,0,0,0,0,0,0,0,0,0,0,0,0,0,0,0,0,0,0
"Seguridad","Sonora","Rapto",NA,0,2,3,0,4,3,1,1,1,1,2,1,1,0,6,1,0,2,3,2,0,0,0,1,1,1,0,2,1,1,0,2,1,1,0,0,0,1,0,0,0,0,0,0,0,3,0,0,0,0,2,0,0,1,0,0,0,1,1,0,0,0,0,0,0,0,2,0,0,0,0,0,0,1,0,1,1,1,0,0,0,0,0,0,0,0,0,0,0,0,0,0,0,0,0,0,0,0,0,0,0,0,0,0,0,0,0,0,0,0,0,0,0,0,0,0,0,0,0,0,0,0,0,1,1,0,0,0,0,0,0,0
"Seguridad","Tabasco","Rapto",NA,0,0,0,0,0,0,0,0,0,0,0,0,0,0,0,0,0,0,0,0,0,0,0,0,0,0,0,0,0,0,0,0,0,0,0,0,0,0,0,0,0,0,0,0,0,0,0,0,0,0,0,0,0,0,0,0,0,0,0,0,0,0,0,0,0,0,0,0,0,0,0,0,0,0,0,0,0,0,0,0,0,0,0,0,0,0,0,0,0,0,0,0,0,0,0,0,0,0,0,0,0,0,0,0,0,0,0,0,0,0,0,0,0,0,0,0,0,0,0,0,0,0,0,0,0,0,0,0,0,0,0,0
"Seguridad","Tamaulipas","Rapto",NA,0,0,0,0,0,0,0,0,0,0,0,0,0,0,0,0,0,0,0,0,0,0,0,0,0,0,0,0,0,0,0,0,0,0,0,0,0,0,0,0,0,0,0,0,0,0,0,0,0,0,0,0,0,0,0,0,0,0,0,0,0,0,0,0,0,0,0,0,0,0,0,0,0,0,0,0,0,0,0,0,0,0,0,0,0,0,0,0,0,0,0,0,0,0,0,0,0,0,0,0,0,0,0,0,0,0,0,0,0,0,0,0,0,0,0,0,0,0,0,0,0,0,0,0,0,0,0,0,0,0,0,0
"Seguridad","Tlaxcala","Rapto",NA,0,0,0,0,0,0,0,0,0,0,0,0,0,0,0,0,0,0,0,0,0,0,0,0,0,0,0,0,0,0,0,0,0,0,0,0,0,0,0,0,0,0,0,0,0,0,0,0,0,0,0,0,0,0,0,0,0,0,0,0,0,0,0,0,0,0,0,0,0,0,0,0,0,0,0,0,0,0,0,0,0,0,0,0,0,0,0,0,0,0,0,0,0,0,0,0,0,0,0,0,0,0,0,0,0,0,0,0,0,0,0,0,0,0,0,0,0,0,0,0,0,0,0,0,0,0,0,0,0,0,0,0
"Seguridad","Veracruz de Ignacio de la Llave","Rapto",NA,0,0,0,0,0,0,0,0,0,0,0,0,0,0,0,0,0,0,0,0,0,0,0,0,0,0,0,0,0,0,0,0,0,0,0,0,0,0,0,0,0,1,1,0,0,0,0,0,0,0,0,0,0,0,0,0,0,0,0,0,0,0,0,0,0,0,0,0,0,0,0,0,0,0,0,0,0,0,0,0,0,0,0,0,0,0,0,0,0,0,0,0,0,0,0,0,0,0,0,0,0,0,0,0,0,0,0,0,0,0,0,0,0,0,0,0,0,0,0,0,0,0,0,0,0,0,0,0,0,0,0,0
"Seguridad","Yucatán","Rapto",NA,0,0,0,0,0,0,0,0,0,0,0,0,0,0,0,0,0,0,0,0,0,0,0,0,0,0,0,0,0,0,0,0,0,0,0,0,0,0,0,0,0,0,0,0,0,0,0,0,0,0,0,0,0,0,0,0,0,0,0,0,0,0,0,0,0,0,0,0,0,0,0,0,0,0,0,0,0,0,0,0,0,0,0,0,0,0,0,0,0,0,0,0,0,0,0,0,0,0,0,0,0,0,0,0,0,0,0,0,0,0,0,0,0,0,0,0,0,0,0,0,0,0,0,0,0,0,0,0,0,0,0,0
"Seguridad","Zacatecas","Rapto",NA,0,0,2,1,2,1,2,1,0,2,2,0,0,0,1,6,1,2,1,0,0,0,0,0,0,0,0,0,0,0,0,0,0,0,0,0,0,0,0,0,0,0,0,0,0,0,0,0,0,0,0,0,0,0,0,0,0,0,0,0,0,0,0,0,0,0,0,0,0,0,0,0,0,0,0,0,0,0,0,0,0,0,0,0,0,0,0,0,0,0,0,0,0,0,0,0,0,0,0,0,0,0,0,0,0,0,0,0,0,0,0,0,0,0,0,0,0,0,0,0,0,0,0,0,0,0,0,0,0,0,0,0
"Seguridad","Aguascalientes","Robo",NA,870,861,1001,873,952,850,891,908,898,805,952,858,848,801,868,980,1003,803,1003,1055,935,1067,1010,1039,1126,937,1075,1000,1175,1304,1313,1422,1492,1516,1509,1336,1368,1240,1398,1456,1415,1347,1457,1348,1158,1263,1073,1174,1217,1030,1085,1131,1193,1024,1033,1088,998,1108,1041,1040,1074,1014,1052,670,686,779,833,857,833,933,813,873,823,745,845,808,902,809,883,872,882,835,896,803,834,796,893,866,871,908,875,866,933,990,898,931,977,820,942,929,988,853,943,997,940,978,840,841,936,853,936,962,904,763,943,810,834,822,807,794,814,721,845,831,797,751,0,0,0,0,0,0
"Seguridad","Baja California","Robo",NA,4222,3628,4007,3824,3952,4096,4050,4259,4106,4288,4223,4183,4284,3875,4022,4051,4086,3547,3566,4015,3999,4328,4137,4798,4815,4324,4813,4491,4594,3986,4218,4189,4121,3920,3923,3991,4166,3404,3723,3671,3646,3309,3029,3245,3094,3166,3052,3200,3384,2852,3010,3200,3244,3109,3043,3159,2808,3178,3078,3115,3080,2690,2966,1856,1907,1982,2242,2171,2195,2266,2314,2324,2351,2272,2609,2543,2451,2552,2680,2576,2541,2654,2762,2848,2699,2534,2904,2693,2921,2673,2764,2872,2590,2790,2992,2646,2679,2561,2747,2541,2929,2745,2711,2885,2803,2846,3033,2978,3101,2902,2773,2970,2662,2320,2328,2123,2080,2372,1942,1868,1877,1655,1833,1747,1708,1632,0,0,0,0,0,0
"Seguridad","Baja California Sur","Robo",NA,726,715,720,710,705,701,691,735,890,822,847,851,909,886,833,806,834,938,981,1117,999,952,1045,1065,1007,810,836,834,954,1021,919,929,888,950,800,849,919,825,793,809,899,888,837,858,870,955,814,883,808,729,772,719,692,665,707,785,702,737,680,629,670,565,574,358,337,459,495,383,475,500,434,440,371,412,448,408,362,405,373,466,403,453,472,495,416,443,461,449,459,500,468,515,527,498,493,493,477,440,543,473,512,446,412,470,416,436,423,439,481,415,398,463,451,425,505,503,437,505,545,478,475,430,485,434,479,452,0,0,0,0,0,0
"Seguridad","Campeche","Robo",NA,44,63,87,42,65,71,62,81,81,88,79,95,77,86,93,93,80,93,116,93,98,101,87,74,87,78,68,77,64,78,83,78,60,64,74,72,80,81,78,86,70,67,77,88,79,89,92,94,92,74,79,72,82,88,94,102,84,99,101,96,99,80,74,72,76,69,67,69,65,79,93,82,75,72,83,89,86,87,86,86,75,87,461,445,468,436,470,496,393,504,551,515,563,556,497,487,525,450,520,494,493,538,514,555,481,483,488,458,437,374,402,402,452,338,130,74,56,56,77,70,58,63,66,62,72,67,0,0,0,0,0,0
"Seguridad","Chiapas","Robo",NA,608,634,665,666,647,643,638,663,748,714,682,622,619,626,684,688,736,780,812,900,869,827,738,717,890,690,702,671,782,770,810,956,735,792,712,650,669,615,739,821,876,825,861,851,763,927,724,665,760,657,506,570,539,581,594,579,428,454,370,372,412,346,344,247,239,239,286,270,289,277,248,234,240,244,278,236,255,222,244,211,224,243,231,211,232,213,255,196,200,194,197,276,213,192,187,173,203,200,208,172,173,185,188,204,200,219,188,176,182,179,194,201,210,195,212,189,202,224,194,198,195,155,152,170,142,123,0,0,0,0,0,0
"Seguridad","Chihuahua","Robo",NA,1422,1420,1531,1350,1268,1347,1358,1322,1360,1355,1203,1203,1301,1249,1123,1073,1079,928,916,1104,1104,1271,1165,1162,1236,1336,1633,1306,1336,1343,1410,1619,1511,1599,1535,1502,1463,1286,1370,1387,1357,1420,1404,1447,1336,1431,1302,1296,1379,1330,1350,1332,1367,1261,1404,1464,1414,1419,1254,1212,1342,1275,1238,961,943,1019,1074,1077,1075,999,910,1001,1122,1033,1183,1091,1127,1165,1277,1298,1240,1307,1203,1380,1238,1182,1250,1160,1345,1190,1151,1189,1244,1261,1176,1151,1247,1119,1269,1226,1311,1255,1324,1271,1245,1324,1271,1083,1335,1106,1122,1142,1232,1075,1301,1224,1226,1233,1179,1074,1030,1101,1129,974,932,925,0,0,0,0,0,0
"Seguridad","Ciudad de México","Robo",NA,6104,6128,6764,6417,6577,6665,6693,6378,6420,6674,6320,6295,5879,5944,6527,6444,6405,6380,6661,7276,7341,7885,7596,7217,7964,7403,8027,7431,8639,8920,8886,9266,8348,9543,9153,9134,9625,9129,9851,9782,10467,9833,10665,11097,10214,11657,10729,10465,10835,9806,9979,9301,9493,9060,8836,8914,8408,8757,8289,7753,8049,8107,8182,4712,4549,5297,6234,6426,6363,6956,6809,6278,6035,5951,6924,6572,6934,6817,6806,6803,6514,6898,6871,6442,5800,5880,6588,5955,6478,6336,6545,6802,6627,6914,6899,6308,6491,6315,6668,6404,6580,6200,6082,6163,5938,6348,6106,5663,5728,5660,5564,5417,5615,5447,5845,5907,5674,5915,5676,5455,5287,4781,5471,5053,5265,5101,0,0,0,0,0,0
"Seguridad","Coahuila de Zaragoza","Robo",NA,1486,1155,1035,1326,1132,1149,1267,990,1017,1086,733,764,789,719,862,753,717,1071,742,817,1075,967,816,1300,939,909,1231,728,666,946,803,911,762,843,982,718,735,723,990,725,1003,700,683,936,706,549,649,467,495,676,612,566,689,528,564,574,497,588,452,413,502,507,526,382,506,620,705,622,639,563,390,395,472,480,522,615,552,605,775,601,840,676,516,482,661,610,741,483,648,730,553,571,693,545,512,575,481,553,676,521,533,661,460,440,594,511,485,541,414,588,393,442,541,453,462,497,428,570,386,413,568,491,449,577,535,519,0,0,0,0,0,0
"Seguridad","Colima","Robo",NA,188,209,213,200,213,230,241,300,270,289,320,313,626,571,605,571,733,671,637,727,650,650,664,674,799,619,760,682,658,671,713,670,685,764,700,615,636,625,637,599,672,704,783,729,668,754,703,653,661,579,625,623,656,622,663,634,572,684,603,625,584,561,500,427,397,458,518,500,639,705,560,566,560,496,561,576,599,560,648,615,845,936,924,728,762,525,495,518,566,714,613,614,504,541,762,501,578,466,567,434,436,465,467,427,466,465,490,423,397,353,378,390,363,293,343,314,383,441,415,376,341,312,357,329,357,317,0,0,0,0,0,0
"Seguridad","Durango","Robo",NA,880,886,838,924,846,927,872,854,880,881,818,757,668,781,810,840,797,800,765,886,890,885,895,818,968,872,963,920,968,871,914,883,907,948,985,959,1002,895,942,870,972,919,876,722,808,989,875,759,814,800,911,873,856,776,878,890,871,693,825,873,952,885,782,588,660,654,775,747,807,874,512,476,666,659,803,817,628,863,750,534,499,538,543,455,537,503,487,580,457,620,561,621,559,646,436,320,397,352,396,286,315,301,253,345,328,321,275,190,277,264,214,221,228,210,234,298,222,269,230,180,248,182,204,174,178,191,0,0,0,0,0,0
"Seguridad","Guanajuato","Robo",NA,2872,2579,2710,2199,2563,2574,2599,2671,2598,2858,2694,2738,2841,2840,2968,2913,2884,2804,2732,2916,2887,3116,2976,3186,3413,3261,3348,3093,3184,3045,3312,3484,3310,3536,3310,3513,3755,3335,3412,3450,3408,3154,3984,3819,3508,3665,3774,3718,3630,3410,3452,3417,3629,3404,3847,3739,3532,3684,3562,3426,3761,3263,3170,2387,2623,2669,2724,2722,2782,2936,2604,2757,2606,2486,2686,2487,2333,2531,2573,2621,2561,2664,2515,2748,2636,2435,2724,2456,2569,2648,2529,2605,2599,2786,2630,2642,2829,2630,2703,2215,2481,2374,2331,2595,2491,2717,2541,2517,2685,2585,2611,2559,2522,2334,2767,2777,2738,2889,2577,2614,2642,2426,2810,2584,2788,2706,0,0,0,0,0,0
"Seguridad","Guerrero","Robo",NA,1236,1069,1014,1090,1090,1106,1007,1019,841,1099,983,1046,1003,856,973,894,870,839,961,1053,1076,986,1037,1065,1012,894,1097,912,959,811,814,772,794,800,749,672,720,622,657,672,720,725,742,741,757,747,657,623,655,609,712,607,644,556,697,692,577,588,667,560,673,622,524,376,348,374,450,478,443,533,562,534,464,444,534,496,557,505,476,515,510,551,549,599,532,469,538,518,524,477,493,504,518,491,494,476,475,442,556,474,430,427,454,426,452,384,640,512,486,448,489,543,486,453,475,511,499,546,455,480,502,408,434,408,425,404,0,0,0,0,0,0
"Seguridad","Hidalgo","Robo",NA,932,935,756,783,900,764,735,893,1015,459,741,953,736,924,913,1014,818,1118,567,703,1113,1227,1251,1019,1144,1230,1127,1166,1331,1213,1165,1345,1243,1175,1170,1091,1439,1086,1016,1306,1233,1167,1205,1204,1155,1265,1425,1140,1544,1445,1300,1261,1290,1058,1140,987,1218,1326,1195,1109,1354,1246,1225,823,725,693,803,896,957,1077,1003,786,706,721,1039,852,887,971,865,950,922,996,1132,733,976,994,1015,990,1085,1082,871,1200,1139,1231,1149,875,1163,1029,1014,866,1105,980,979,986,1218,1100,1083,932,1170,1053,934,941,1025,856,755,1036,899,995,955,730,947,893,847,971,900,991,0,0,0,0,0,0
"Seguridad","Jalisco","Robo",NA,2210,2147,2249,2040,2177,2119,2402,2391,2424,2570,2393,2379,2187,2249,2347,2165,2137,6235,6651,6832,5930,7118,7080,7873,7780,6650,7674,6727,7364,7554,7414,7608,7359,7863,7486,7127,7742,7302,7335,6612,7025,7121,7243,7145,6491,7306,6888,6825,8537,6956,6564,6780,5907,6108,6697,6625,5630,6310,5125,5008,5673,4857,4659,3627,3820,4215,4620,4448,4297,4579,4107,4553,4201,3823,4418,4102,4087,4565,4633,4502,4401,4512,4462,4373,4015,3767,4011,3668,3762,3941,3883,4124,3654,3862,3847,3663,3927,3521,3762,3180,3504,3294,3459,3574,3281,3654,3604,3387,3648,3240,3156,3196,3278,3071,3352,3186,3034,3249,2868,3181,3445,2533,2642,2737,2623,2591,0,0,0,0,0,0
"Seguridad","Michoacán de Ocampo","Robo",NA,1345,1230,1278,1166,1299,1369,1356,1340,1457,1237,1428,1496,1244,1206,1252,1131,1225,1481,1480,1424,1414,1482,1513,1461,1465,1296,1414,1401,1525,1519,1602,1685,1510,1664,1623,1558,1473,1487,1607,1520,1610,1504,1677,1607,1444,1639,1551,1492,1674,1289,1372,1381,1460,1387,1386,1467,1470,1568,1410,1375,1465,1273,1361,886,1050,1060,1181,1139,1076,1202,1109,1138,1179,926,1091,986,999,1044,1052,1121,1169,1143,1093,1114,987,887,961,863,914,893,832,1004,888,1044,1012,1019,1003,880,1056,904,935,1000,971,1001,989,1094,1001,943,1005,920,859,940,977,929,921,925,939,1122,963,1000,1026,839,842,844,826,891,0,0,0,0,0,0
"Seguridad","Morelos","Robo",NA,1615,1776,1881,1576,1501,1659,1648,1763,1765,1876,1756,1748,1594,1654,1736,1642,1694,1684,1662,1642,1557,1628,1542,1606,1523,1505,1557,1440,1481,1663,1372,1489,1425,1451,1522,1258,1377,1363,1368,1533,1551,1443,1455,1449,1489,1543,1458,1284,1386,1193,1435,1308,1324,1236,1349,1263,1380,1546,1601,1280,1410,1349,1477,1010,1059,1176,1286,1290,1208,1214,1330,1291,1039,1146,1336,1285,1273,1298,1215,1260,1174,1261,1243,1300,1225,1201,1228,1115,1187,1221,1224,1363,1420,1443,1327,1242,1312,1172,1314,1178,1226,1237,1239,1364,1366,1472,1275,1230,1253,1230,1137,1295,1201,1207,1276,1218,1173,1307,1146,1111,1185,1124,1196,1168,1251,1059,0,0,0,0,0,0
"Seguridad","México","Robo",NA,14689,13658,14790,13751,13807,13997,13946,13751,14189,14478,14043,13553,12049,13876,15350,14633,14608,11263,10291,11298,11629,11644,11292,11270,11892,10421,12124,11345,13097,13451,14278,15219,14271,15960,14999,14098,14412,13624,14386,14259,14402,13762,13662,14548,13403,14562,13563,12946,12885,12187,14010,12584,14150,13075,13550,13630,12727,13461,12909,12113,12833,12050,11787,10474,10134,10693,11410,11503,11476,12137,11095,10666,10174,10499,11950,11247,11778,11851,11894,11905,11913,12462,11525,11647,11154,10822,12398,11555,11866,11714,11358,11851,11194,11670,11217,11344,11309,10457,11189,9903,9936,10679,10969,11260,10795,11186,10396,9929,11109,10275,10479,9944,9895,9299,10511,10344,9967,10636,9820,9927,10512,9121,9555,7389,7901,7843,0,0,0,0,0,0
"Seguridad","Nayarit","Robo",NA,133,142,158,130,123,149,109,131,121,102,87,83,62,83,80,75,57,60,61,62,78,61,72,44,109,52,41,32,42,47,51,54,50,28,43,35,66,100,106,112,109,99,107,125,101,78,90,79,85,59,77,68,70,70,65,56,37,42,55,51,76,73,92,45,65,49,71,60,55,49,70,40,69,74,71,54,58,70,90,94,53,78,81,58,75,120,134,78,117,101,89,129,171,143,122,91,143,118,157,158,162,129,149,149,160,140,138,110,151,131,130,107,124,106,103,115,114,124,65,64,103,91,91,104,103,85,0,0,0,0,0,0
"Seguridad","Nuevo León","Robo",NA,1225,1222,1273,1064,1058,1080,1211,1321,1199,1369,1268,1244,1194,1413,1522,1659,1683,1864,1797,1969,1644,1450,1358,1447,1681,1273,1551,1360,1387,1353,1428,1504,1360,1453,1384,1143,1280,1256,1332,1343,1430,1274,1440,1361,1282,1329,1353,1113,1262,1122,1198,1133,1107,1148,1074,1099,1142,1323,1202,1425,1493,1582,1488,1202,1194,1236,1153,1236,1326,1359,1403,1419,1164,992,1208,1202,1108,999,1073,1373,1034,1148,1586,1331,1279,1043,1288,1376,1423,1605,1329,1614,1617,1450,1492,1033,1122,967,1075,987,793,846,805,901,833,986,903,765,769,868,770,917,786,747,786,831,848,893,820,699,674,687,694,738,661,695,0,0,0,0,0,0
"Seguridad","Oaxaca","Robo",NA,0,451,0,0,475,0,0,400,0,0,411,0,867,885,907,856,883,843,931,948,939,0,928,932,981,511,890,970,840,990,899,1021,840,1094,919,932,1094,1028,1084,922,943,912,946,1140,1087,1135,1153,1097,1142,1057,1046,1030,1110,1083,1113,1153,1095,1185,1140,999,1037,1110,1015,728,730,730,844,797,823,824,794,912,853,776,843,740,818,793,897,931,948,972,1006,1073,1046,855,930,929,992,941,930,986,941,972,962,993,993,822,1001,847,973,791,747,777,703,666,674,668,646,522,574,666,643,564,561,538,523,538,613,485,468,474,411,484,442,440,0,0,0,0,0,0
"Seguridad","Puebla","Robo",NA,1869,1771,1913,1921,2015,1915,1862,1835,2336,2115,1909,1705,1853,1934,1976,1953,2154,1709,1567,1642,1752,1953,1677,1521,2129,2060,2473,2395,2590,2598,2531,2535,2602,2757,2735,2216,2794,2488,2761,2762,2624,2630,2823,2755,2614,3021,2653,2552,2673,2682,3272,3354,3376,2975,3423,3182,2752,2952,2664,2582,2384,2206,2326,1901,1883,1892,2099,2007,2124,2257,2161,2308,2070,2106,2279,2248,2269,2587,2701,2397,2390,2464,2413,2614,2371,2242,2618,2308,2810,2544,2455,2596,2491,2645,2453,2626,2511,2417,2747,2504,2779,2934,2699,2711,2699,2739,2505,2578,2793,2373,2464,2764,2911,2691,2975,2884,2647,2829,2535,2478,2876,2632,2865,2585,2866,2788,0,0,0,0,0,0
"Seguridad","Querétaro","Robo",NA,1454,1277,1481,1426,1474,1453,1434,1548,1607,1598,1464,1417,1463,1326,1531,1529,1582,1893,2049,2233,2079,2342,2048,2044,2003,1976,2259,1967,2162,2343,2263,2402,2365,2446,2463,2371,2383,2111,2298,2257,2425,2295,2394,2493,2275,2437,2164,2304,2344,2208,2258,2302,2246,2156,2266,2246,2058,2319,2193,2220,2170,2041,2074,1638,1585,1602,1907,1971,1947,2043,1917,1865,1740,1634,1861,1729,1848,1722,1821,1820,1801,1902,2003,1986,1890,1701,2024,1809,1869,1873,1905,1985,1962,2109,1904,1952,2066,1846,1905,1790,1949,1814,1864,2022,2010,1979,1981,2050,1892,1881,1776,1889,1740,1711,1818,1912,1681,1939,1686,1730,1746,1466,1638,1546,1587,1590,0,0,0,0,0,0
"Seguridad","Quintana Roo","Robo",NA,989,822,1153,1061,1146,1009,1206,1086,1103,1026,1038,1013,623,508,386,396,524,518,499,492,525,756,926,949,815,713,1092,808,904,810,893,935,831,1437,1082,1121,1052,1045,1156,1184,1223,1009,1101,1344,1115,1190,1300,1599,1596,1368,1511,1488,1960,1769,1865,1836,1679,1810,1775,1393,1894,1555,1602,852,839,1203,1301,1210,1250,1199,1296,1309,1168,1056,1354,1317,1354,1390,1316,1346,1411,1404,1304,1272,1166,1157,1266,1256,1237,1252,1152,1334,1236,1235,1234,1219,1310,1240,1421,1200,1322,1325,1188,1145,1029,1123,1087,1045,1152,969,1001,1088,1051,1022,1060,1165,1022,1108,1068,880,1028,945,978,958,912,910,0,0,0,0,0,0
"Seguridad","San Luis Potosí","Robo",NA,478,456,584,523,523,516,547,469,454,453,515,515,400,531,372,403,402,394,355,1135,1203,1004,831,824,851,794,1016,1192,965,1110,1047,967,928,1077,985,918,1032,1046,1074,1070,1023,1124,1064,1288,1324,1404,1291,1251,1315,1210,1288,1314,1388,1407,1494,1550,1305,1440,1406,1378,1458,1303,1125,773,821,948,1090,949,1062,1129,1059,1057,1045,827,1056,1008,1092,1150,1156,1199,1373,1413,1378,1411,1138,1179,1440,1222,1618,1516,1263,1303,1498,1520,1321,1197,1312,1137,1257,1213,1418,1290,1425,1327,1372,1243,1186,1123,1286,1156,986,1197,1081,1085,1176,1244,1201,1168,1136,1033,1060,979,937,959,951,1011,0,0,0,0,0,0
"Seguridad","Sinaloa","Robo",NA,1002,952,984,951,869,755,852,882,771,837,726,534,799,759,798,718,607,640,629,681,669,795,738,795,823,819,912,823,924,862,779,859,828,819,778,659,803,662,701,718,710,657,631,753,668,838,738,729,667,589,678,585,654,630,609,535,525,622,565,496,569,536,535,365,479,525,496,644,655,703,618,535,593,635,668,643,631,644,544,558,700,663,701,555,579,585,684,692,754,723,456,682,658,767,700,526,1241,760,817,618,744,752,608,681,751,767,745,542,696,725,650,655,585,598,541,655,856,1149,1171,860,1072,1066,1052,1014,1128,1056,0,0,0,0,0,0
"Seguridad","Sonora","Robo",NA,816,862,919,855,804,864,744,673,821,898,828,913,1153,1391,1386,1663,1734,2387,2435,829,876,808,676,683,933,812,1239,830,1051,952,709,1064,816,913,683,454,647,615,599,610,702,629,546,601,527,769,625,600,526,479,563,534,581,427,519,584,742,763,714,859,967,797,754,704,822,751,961,697,802,707,709,579,634,752,811,702,705,639,653,700,894,868,865,706,694,743,823,708,723,628,504,666,688,678,715,578,704,691,814,604,710,731,659,620,619,645,643,570,643,489,414,463,466,506,491,459,513,631,833,489,432,502,420,482,477,386,0,0,0,0,0,0
"Seguridad","Tabasco","Robo",NA,1435,1300,1471,1550,1584,1524,1606,1497,1562,1444,1589,1529,1474,1400,1671,1667,1785,1920,2176,2154,2275,2424,2253,1979,1999,1879,2116,2133,2439,2380,2242,2287,2001,2177,2054,1762,2134,2073,2007,2146,2180,2061,2104,2194,1973,2219,2116,1852,1939,1694,1807,1619,1821,1745,1919,1619,1502,1634,1495,1373,1585,1355,1259,648,592,892,1040,1133,1080,1170,1091,1116,948,941,1040,834,951,1093,1134,951,1040,1057,984,954,860,849,931,856,813,820,948,962,925,917,828,928,846,720,885,736,781,726,752,774,806,776,792,781,812,768,780,742,783,820,853,783,786,882,895,890,782,745,785,774,713,719,0,0,0,0,0,0
"Seguridad","Tamaulipas","Robo",NA,1584,1671,1737,1670,1530,1707,1535,1537,1739,1719,1415,1429,1293,1266,1232,1299,1322,1224,1135,1256,1285,1379,1383,1467,1363,1217,1311,1224,1370,1390,1247,1305,1404,1699,1458,1187,1209,1213,1206,1121,1200,1148,1150,1330,1141,1274,1049,1057,1148,1074,1216,1081,1144,1053,1088,1114,1118,1130,953,900,983,900,831,519,575,741,607,669,688,810,659,659,691,577,771,736,763,758,706,737,736,802,774,762,639,634,774,689,665,669,648,819,681,724,757,741,802,678,762,689,918,800,840,844,822,811,826,848,845,808,814,800,802,757,834,681,730,767,859,692,756,679,679,732,711,671,0,0,0,0,0,0
"Seguridad","Tlaxcala","Robo",NA,405,344,411,354,359,408,425,447,366,411,382,424,402,383,399,408,399,381,388,385,367,403,387,401,439,435,529,404,448,438,461,463,432,465,413,433,406,373,392,339,348,324,330,345,332,409,347,351,298,234,267,286,222,219,218,211,219,226,213,209,188,192,186,176,193,208,244,265,234,230,242,257,214,209,261,214,241,252,309,272,272,258,222,279,266,233,250,213,250,237,225,252,236,278,253,260,275,236,274,246,255,235,249,262,243,268,243,241,245,227,227,190,192,229,230,232,272,199,217,222,175,136,146,128,134,122,0,0,0,0,0,0
"Seguridad","Veracruz de Ignacio de la Llave","Robo",NA,1369,1478,1807,1593,1523,1597,1431,1559,1754,1597,1353,780,1055,1144,1419,1379,1370,1254,1342,1415,1608,1600,1880,1436,2727,2212,2472,2231,2453,2409,2201,2509,2367,2516,2121,2044,2054,2068,2277,2319,1995,1881,1866,1893,1847,1824,1812,1759,2161,2497,2766,2584,2599,2343,2515,2298,2375,2734,2665,2350,2205,2185,2147,1469,1376,1828,1772,1750,1935,2069,1933,1760,1936,1806,2047,1981,1947,1968,1879,1796,1880,1817,1748,1892,1635,1678,1954,1640,1648,1620,1630,1652,1745,1632,1768,1678,1489,1457,1735,1540,1579,1521,1502,1534,1526,1607,1608,1405,1487,1415,1426,1487,1360,1271,1385,1225,1190,1399,1297,1271,1299,1328,1295,1278,1299,1319,0,0,0,0,0,0
"Seguridad","Yucatán","Robo",NA,349,261,264,293,242,250,308,387,301,318,333,319,265,225,220,221,172,193,246,236,195,255,244,192,252,210,221,179,161,198,186,164,179,175,149,144,140,149,196,166,192,190,198,216,179,215,295,235,180,163,247,297,316,265,298,196,174,155,187,147,133,71,55,36,30,55,22,32,31,39,33,46,36,28,19,25,23,23,35,29,25,34,41,34,23,21,31,36,39,40,46,44,49,46,43,43,39,48,48,27,34,40,28,38,30,54,40,58,46,34,40,41,58,31,44,57,33,38,40,48,57,46,54,60,67,40,0,0,0,0,0,0
"Seguridad","Zacatecas","Robo",NA,614,663,684,569,622,648,625,626,598,636,590,511,584,600,541,618,625,551,507,592,611,599,594,625,562,534,638,597,639,629,616,719,675,627,572,540,681,717,689,731,649,603,658,689,547,639,553,577,621,604,570,595,613,574,644,586,654,669,635,613,712,591,575,366,402,472,495,472,483,480,420,424,504,453,541,503,483,501,463,508,497,538,618,514,494,461,470,455,532,576,550,538,594,589,540,516,602,504,559,536,515,526,475,357,560,604,538,496,573,479,443,453,474,410,445,489,437,445,431,422,442,316,369,388,418,389,0,0,0,0,0,0
"Seguridad","Aguascalientes","Secuestro",NA,0,0,1,1,0,0,0,1,0,1,1,0,0,0,0,0,0,0,0,0,1,0,0,1,1,0,0,2,1,1,0,0,0,0,1,0,0,0,0,0,1,1,0,0,1,3,1,3,1,1,1,0,2,1,2,1,1,0,1,1,4,3,0,0,0,0,1,1,1,0,1,1,0,1,0,0,0,0,0,1,0,0,1,0,1,1,0,0,0,1,0,0,1,1,0,0,0,0,0,0,0,0,0,1,0,0,0,1,1,0,1,0,0,0,0,0,0,0,0,0,0,0,0,0,0,0,0,0,0,0,0,0
"Seguridad","Baja California","Secuestro",NA,1,1,0,2,2,2,1,1,0,0,1,0,0,3,3,2,0,2,0,1,1,2,0,0,1,3,2,0,1,0,0,0,1,1,1,3,2,1,2,4,2,1,1,1,0,0,1,0,0,0,2,1,0,0,1,1,1,3,1,0,0,3,1,2,1,0,0,2,2,1,2,0,0,2,3,0,0,2,4,1,2,1,0,0,1,2,2,1,2,1,1,3,1,1,3,0,2,1,1,0,2,0,1,1,0,0,1,1,1,3,3,0,1,2,3,1,0,1,0,0,2,0,1,0,0,0,0,0,0,0,0,0
"Seguridad","Baja California Sur","Secuestro",NA,0,0,0,0,0,0,0,0,0,0,0,0,0,0,0,0,0,0,0,0,0,0,0,0,0,0,1,1,0,0,0,0,1,0,0,0,0,0,0,0,0,0,0,0,0,0,0,0,0,0,1,0,0,0,1,1,2,0,0,0,0,0,0,0,1,0,0,2,1,1,0,0,0,3,1,0,0,0,0,0,0,0,1,0,0,0,0,1,0,0,0,0,2,0,0,0,0,0,0,1,0,0,0,0,0,0,0,0,1,0,0,1,0,0,0,0,0,0,0,0,0,0,0,0,0,0,0,0,0,0,0,0
"Seguridad","Campeche","Secuestro",NA,0,1,0,0,1,1,1,0,0,2,0,0,1,0,0,0,0,0,2,0,1,1,1,0,2,0,0,0,0,1,0,0,1,0,1,1,2,2,0,1,0,0,0,0,1,1,1,0,0,0,2,0,0,0,0,0,0,0,0,1,0,0,0,0,0,0,0,2,0,0,0,0,0,1,0,0,0,0,0,0,0,0,0,0,0,1,0,0,0,0,0,0,0,0,1,1,0,0,0,0,0,0,0,0,1,0,1,0,0,0,0,0,0,0,0,0,0,0,0,0,0,0,0,0,0,1,0,0,0,0,0,0
"Seguridad","Chiapas","Secuestro",NA,0,0,2,0,0,1,0,0,1,1,2,3,1,1,1,3,0,2,2,0,0,4,0,1,4,1,0,2,2,2,1,1,2,1,1,4,2,1,5,2,4,3,0,1,0,2,0,4,1,0,3,2,4,0,2,2,2,1,1,3,0,0,2,2,1,0,0,2,4,0,2,0,2,0,0,0,1,0,2,1,0,1,1,2,0,3,1,2,1,1,0,1,0,0,0,2,1,0,2,1,0,2,2,1,2,2,1,3,2,0,1,3,3,1,2,2,0,1,4,4,3,0,4,2,1,0,0,0,0,0,0,0
"Seguridad","Chihuahua","Secuestro",NA,2,1,0,0,0,1,0,0,1,1,0,0,0,0,1,0,1,1,1,0,0,3,1,1,0,0,0,0,0,2,1,3,4,2,2,1,0,0,4,2,0,0,2,0,1,1,0,0,0,0,1,3,5,2,0,0,1,0,2,2,0,1,3,2,1,3,0,3,3,1,2,1,3,2,2,1,7,1,2,3,1,1,5,5,3,4,0,1,1,2,2,2,1,1,3,1,3,0,5,4,3,2,5,4,7,7,3,5,4,2,2,6,6,8,1,4,2,6,9,1,2,7,5,5,10,7,0,0,0,0,0,0
"Seguridad","Ciudad de México","Secuestro",NA,3,4,3,5,5,2,6,3,5,9,4,6,4,3,3,3,6,4,6,5,2,1,5,4,1,4,4,4,4,4,5,5,3,2,2,2,26,17,17,19,23,33,29,25,24,29,21,17,35,12,15,11,12,13,30,11,14,14,4,9,8,10,3,6,6,5,8,6,2,8,3,3,4,4,1,3,4,4,3,5,7,4,6,3,8,3,3,0,2,0,3,0,3,1,2,2,1,4,3,3,2,4,3,2,2,2,2,1,0,3,1,2,5,0,1,1,1,1,5,3,1,2,1,0,9,3,0,0,0,0,0,0
"Seguridad","Coahuila de Zaragoza","Secuestro",NA,0,4,1,2,4,3,0,3,3,2,3,0,0,3,2,3,1,1,1,3,1,3,1,2,1,0,1,0,2,2,1,0,2,1,2,1,2,1,2,0,0,0,0,1,0,0,2,3,0,2,1,1,2,0,1,0,0,1,1,1,1,0,1,0,0,1,2,1,1,0,1,0,0,0,0,0,2,0,1,0,0,0,0,0,0,0,0,0,0,1,1,0,1,1,0,0,0,0,1,0,0,1,0,0,1,0,0,0,0,0,0,0,0,1,0,1,0,0,0,0,0,0,0,0,0,0,0,0,0,0,0,0
"Seguridad","Colima","Secuestro",NA,1,0,0,0,0,0,0,0,1,0,2,1,1,0,1,1,0,0,0,0,0,1,0,0,0,0,0,1,0,0,3,0,0,0,0,0,1,0,0,2,2,0,3,3,1,2,2,1,2,5,2,1,1,0,2,0,1,1,2,1,0,0,1,1,1,1,1,0,0,1,1,0,0,1,0,2,1,0,0,1,1,1,0,0,0,1,0,1,0,1,0,1,0,0,2,1,0,0,1,1,0,0,1,1,0,1,0,0,0,1,0,2,1,0,0,1,0,1,0,0,0,0,0,0,0,0,0,0,0,0,0,0
"Seguridad","Durango","Secuestro",NA,0,0,0,0,1,1,1,0,1,0,1,1,0,0,1,1,0,1,1,0,1,0,2,4,3,1,2,2,1,2,0,0,0,2,2,0,0,0,1,2,0,0,0,2,1,0,0,0,0,0,0,0,0,0,0,0,0,0,1,0,0,0,0,0,0,0,0,0,0,0,0,1,0,0,0,0,0,0,0,0,0,0,0,0,0,0,0,0,0,0,0,0,0,1,0,0,0,0,0,0,0,0,0,0,0,0,0,0,0,0,0,0,0,0,0,0,0,0,0,0,0,0,0,0,0,0,0,0,0,0,0,0
"Seguridad","Guanajuato","Secuestro",NA,0,1,0,2,1,0,0,1,1,1,1,0,0,1,1,2,0,2,1,0,0,0,0,1,1,0,1,0,0,0,0,1,1,0,0,0,0,0,0,1,1,0,0,1,1,0,0,0,1,1,1,1,1,0,1,1,1,0,0,2,1,1,0,1,1,1,1,4,1,1,1,1,2,0,2,1,0,0,3,0,1,2,0,0,0,2,1,0,0,3,0,1,0,0,1,1,1,1,0,1,0,1,0,0,0,0,0,2,1,1,0,2,1,1,1,0,2,0,0,0,0,0,1,1,2,1,0,0,0,0,0,0
"Seguridad","Guerrero","Secuestro",NA,11,10,5,8,3,7,9,3,6,6,4,9,10,7,4,7,8,7,5,6,3,5,4,6,6,4,5,6,2,11,4,5,5,6,8,7,7,3,4,3,4,6,2,7,6,6,5,4,8,7,2,4,5,4,2,5,1,2,3,1,0,1,1,3,3,1,3,2,2,3,2,1,0,0,2,2,1,0,0,3,3,2,1,0,2,3,1,0,2,1,0,1,2,2,1,1,0,0,1,3,2,1,1,2,0,1,1,2,0,0,0,2,1,0,1,3,0,1,2,0,2,1,0,0,0,0,0,0,0,0,0,0
"Seguridad","Hidalgo","Secuestro",NA,3,3,1,1,1,2,1,3,2,0,1,1,0,2,0,3,0,0,2,1,0,3,1,2,0,0,2,1,4,3,1,3,0,0,6,1,4,1,3,2,3,1,1,0,0,2,3,1,1,4,2,4,2,4,2,4,1,5,1,0,0,1,6,3,2,2,1,1,2,1,1,2,0,3,1,2,4,4,2,3,1,3,3,2,1,4,1,1,2,3,0,0,0,1,2,0,1,1,1,0,2,2,2,1,2,3,0,0,1,1,3,2,1,0,2,1,1,0,1,1,0,1,0,0,0,1,0,0,0,0,0,0
"Seguridad","Jalisco","Secuestro",NA,1,3,2,1,2,2,0,3,0,2,2,2,0,3,2,3,1,0,2,2,2,1,0,0,1,0,2,1,2,2,0,2,1,0,2,0,0,1,1,0,1,2,1,0,3,3,3,1,0,2,1,1,2,1,1,1,3,3,2,3,1,2,3,1,0,1,1,1,1,0,1,1,3,2,0,2,2,3,1,1,1,2,2,0,0,4,2,4,3,1,1,3,1,2,0,1,2,1,1,1,1,1,0,1,2,0,5,1,2,1,1,1,2,3,1,2,0,0,3,0,2,1,1,2,1,1,0,0,0,0,0,0
"Seguridad","Michoacán de Ocampo","Secuestro",NA,2,2,3,3,3,4,1,1,3,3,3,3,3,1,1,1,2,2,3,3,2,2,3,2,2,4,3,2,3,2,3,3,1,2,2,2,1,4,2,4,4,2,4,3,2,4,2,2,5,5,3,3,3,4,4,3,5,5,4,3,3,4,1,4,3,3,6,6,5,6,6,1,2,2,5,0,3,4,3,2,2,1,3,1,5,4,4,4,4,1,2,3,6,3,1,2,0,2,1,3,2,2,3,2,1,2,5,0,2,1,3,3,3,3,2,2,1,1,4,4,3,7,3,3,3,4,0,0,0,0,0,0
"Seguridad","Morelos","Secuestro",NA,3,3,2,1,2,3,4,2,2,2,4,4,2,1,4,4,2,4,6,5,6,2,1,4,2,3,4,2,4,5,2,3,5,4,3,5,0,2,2,3,3,5,3,2,5,5,8,8,8,7,4,5,5,2,4,5,6,9,9,8,9,6,5,7,5,5,4,2,3,6,2,3,2,1,2,1,0,2,2,3,3,3,2,1,1,4,3,3,1,3,1,2,1,3,0,1,2,1,3,1,1,4,6,3,2,2,2,2,0,1,0,1,0,0,1,1,1,1,1,0,2,2,0,1,2,2,0,0,0,0,0,0
"Seguridad","México","Secuestro",NA,18,15,15,10,14,18,6,8,13,7,20,19,18,17,25,23,19,32,25,15,14,27,28,11,15,15,14,12,15,12,18,15,16,12,19,10,14,15,15,10,12,13,15,11,9,13,17,30,19,13,19,13,21,12,23,18,13,17,21,17,18,13,11,18,9,13,5,17,11,13,12,15,9,16,13,6,9,12,9,10,14,10,12,10,7,9,10,8,7,9,2,6,5,18,6,5,6,7,6,6,11,2,5,4,6,3,6,7,5,3,5,2,8,8,6,2,1,6,3,2,4,0,2,1,4,2,0,0,0,0,0,0
"Seguridad","Nayarit","Secuestro",NA,3,1,0,1,2,1,1,1,0,1,0,1,0,1,0,0,0,0,0,0,0,0,1,1,0,0,0,0,0,0,0,0,0,0,1,1,0,0,1,1,2,0,2,1,1,1,0,0,1,0,1,0,0,0,0,0,0,1,0,0,0,0,0,1,0,0,0,0,1,1,0,0,2,2,0,0,1,0,1,0,0,1,0,0,0,0,0,0,1,0,0,1,0,0,1,0,0,1,0,0,0,0,2,0,0,1,0,1,0,1,0,0,0,0,0,1,0,0,0,0,0,0,0,0,0,1,0,0,0,0,0,0
"Seguridad","Nuevo León","Secuestro",NA,2,0,3,2,4,1,3,1,1,0,2,2,1,0,2,3,2,2,4,3,2,3,3,2,2,4,4,3,4,3,2,3,3,3,2,2,2,3,4,2,1,2,1,2,3,3,3,2,2,3,0,0,2,4,2,3,3,3,2,2,2,3,1,1,1,0,3,1,2,1,0,1,1,2,2,0,0,3,4,2,1,1,2,1,1,2,1,1,2,4,2,5,0,2,2,0,2,1,3,1,0,2,1,2,2,0,1,2,0,3,2,3,1,1,4,1,1,2,2,5,3,1,1,3,1,0,0,0,0,0,0,0
"Seguridad","Oaxaca","Secuestro",NA,0,7,0,0,3,0,0,4,0,0,3,0,3,3,2,3,2,2,1,2,1,0,5,4,4,4,2,10,4,2,1,5,4,2,6,7,1,5,5,1,1,2,2,1,3,1,3,2,5,1,3,0,1,5,2,2,1,3,0,0,2,2,2,1,3,3,3,3,2,3,1,6,2,2,1,3,1,3,2,4,2,2,2,3,2,3,5,3,2,3,2,4,1,2,1,3,4,5,2,4,1,2,1,2,2,1,1,0,1,0,0,0,0,0,0,2,4,3,7,2,2,2,0,1,2,0,0,0,0,0,0,0
"Seguridad","Puebla","Secuestro",NA,2,3,2,4,1,3,3,2,3,6,0,4,2,3,2,4,4,0,5,2,4,1,3,2,4,4,0,2,1,3,2,3,3,4,6,3,4,6,2,3,5,3,5,3,6,4,2,3,11,10,10,4,7,4,3,10,2,3,2,3,1,1,0,2,1,7,3,2,2,3,4,1,0,1,1,4,1,0,2,4,1,2,2,1,2,2,0,3,2,2,1,1,3,1,0,0,0,2,2,0,1,2,1,2,0,2,1,1,3,0,1,1,2,3,1,3,0,2,2,3,7,1,1,1,1,2,0,0,0,0,0,0
"Seguridad","Querétaro","Secuestro",NA,1,0,2,2,3,1,2,3,0,2,0,3,1,0,1,1,0,0,0,1,2,0,3,3,2,0,1,0,2,0,3,0,1,1,0,1,2,0,1,0,0,0,2,0,2,3,1,1,1,2,1,0,2,0,0,0,0,0,0,2,1,0,2,2,0,0,1,0,1,1,0,1,0,0,1,2,2,1,0,1,5,0,1,2,2,1,1,3,0,1,1,0,0,0,2,4,1,0,1,0,1,1,3,4,2,0,0,0,2,0,1,0,0,0,0,1,2,0,0,1,0,0,0,0,0,0,0,0,0,0,0,0
"Seguridad","Quintana Roo","Secuestro",NA,1,0,0,1,2,1,0,0,0,0,0,0,0,0,1,0,0,0,0,0,2,1,1,3,0,1,2,0,2,1,5,1,1,1,1,5,1,0,0,1,2,1,1,1,2,1,1,3,2,1,1,1,2,0,4,2,4,3,2,2,1,0,4,2,0,0,1,0,1,0,1,1,1,3,2,0,2,1,0,0,1,1,2,2,0,0,1,0,0,0,0,0,0,0,0,0,0,0,0,0,0,1,0,1,0,0,1,1,0,2,1,2,2,0,2,0,1,1,0,0,0,0,0,0,0,0,0,0,0,0,0,0
"Seguridad","San Luis Potosí","Secuestro",NA,1,4,0,0,1,4,2,1,3,4,0,1,0,1,3,1,4,2,3,1,2,1,3,5,1,4,0,2,0,6,2,5,1,3,2,2,2,0,1,1,2,2,1,1,4,4,0,2,4,2,0,4,1,3,2,0,1,2,3,2,2,1,2,2,1,2,1,1,2,0,1,1,2,1,4,1,1,0,1,0,2,1,0,1,1,2,3,0,0,1,1,0,1,0,0,2,1,0,0,1,0,3,0,0,1,0,0,2,0,2,0,0,0,0,2,0,0,0,0,0,0,1,0,0,1,0,0,0,0,0,0,0
"Seguridad","Sinaloa","Secuestro",NA,1,3,1,1,1,0,1,0,1,1,1,1,2,1,1,2,2,2,1,0,0,1,2,0,2,0,0,1,0,2,1,2,0,3,2,1,1,0,1,0,1,2,1,0,1,0,0,1,0,0,3,0,0,1,0,1,0,0,0,1,1,1,2,0,0,2,0,0,1,1,0,3,2,1,0,1,1,0,0,0,0,0,0,0,0,0,0,2,0,0,0,1,1,0,0,1,0,0,0,0,1,2,0,0,1,0,0,0,3,0,0,0,1,1,0,0,0,1,1,0,0,1,1,0,0,1,0,0,0,0,0,0
"Seguridad","Sonora","Secuestro",NA,0,0,0,1,2,0,1,0,0,1,1,2,0,0,0,2,0,1,0,1,1,0,0,0,0,0,0,0,0,0,1,0,0,1,0,0,1,0,0,0,0,0,0,0,0,0,1,0,1,1,0,1,2,1,1,1,0,2,0,2,0,1,0,0,0,0,0,1,1,0,0,0,0,1,0,1,1,0,2,2,0,1,1,2,1,1,0,0,3,0,1,0,1,0,1,0,1,0,1,1,1,2,1,0,2,1,1,5,4,1,3,3,2,0,0,3,4,2,1,4,3,4,1,2,3,1,0,0,0,0,0,0
"Seguridad","Tabasco","Secuestro",NA,6,8,3,5,9,14,7,3,4,3,6,10,9,6,2,6,6,4,10,5,10,7,10,10,5,6,8,6,11,12,3,5,4,5,7,5,16,8,7,15,6,9,10,5,8,5,5,9,1,9,3,1,1,2,4,4,4,4,4,3,6,5,2,0,3,1,2,3,2,2,1,5,2,0,2,2,4,2,2,0,1,0,1,0,1,2,0,0,0,1,0,1,2,2,2,1,1,0,1,0,1,2,2,1,1,1,2,0,1,1,1,3,8,3,5,3,2,1,2,6,3,2,6,1,3,5,0,0,0,0,0,0
"Seguridad","Tamaulipas","Secuestro",NA,17,23,20,18,17,27,18,11,20,18,20,21,9,14,10,8,11,5,8,13,13,21,23,20,16,14,19,15,13,8,11,11,6,9,5,13,10,11,13,12,8,11,12,8,7,6,4,7,7,4,5,3,1,1,0,3,2,3,2,0,2,1,2,1,1,0,5,0,4,3,1,1,0,1,2,2,2,2,4,2,1,5,1,1,0,2,1,0,3,3,1,1,1,2,2,2,4,0,2,0,4,1,2,0,0,0,2,2,2,3,1,1,1,0,3,4,1,0,2,1,2,0,3,0,0,0,0,0,0,0,0,0
"Seguridad","Tlaxcala","Secuestro",NA,4,0,0,0,1,0,1,0,0,1,0,1,0,1,0,0,1,0,1,0,0,1,1,0,1,0,1,1,1,0,1,0,1,1,1,0,0,0,0,1,0,1,0,0,1,0,0,0,2,0,3,1,0,1,0,2,3,1,1,0,3,1,1,2,2,2,0,0,2,1,0,1,1,1,1,0,2,0,1,3,0,1,0,0,1,0,0,0,0,1,0,0,0,0,1,1,0,0,0,0,0,0,1,0,1,0,0,0,0,1,0,0,1,1,1,1,2,2,2,1,1,1,1,0,2,1,0,0,0,0,0,0
"Seguridad","Veracruz de Ignacio de la Llave","Secuestro",NA,5,9,8,11,8,7,9,9,6,9,9,7,10,9,12,10,9,12,12,11,10,11,9,17,15,13,18,12,14,16,16,15,14,13,15,11,11,11,16,15,11,12,13,12,13,12,13,36,39,40,32,22,27,21,19,18,28,26,13,13,17,15,16,8,10,8,9,11,7,6,7,8,6,5,6,5,2,3,5,4,3,6,4,3,3,3,5,3,3,3,3,3,3,3,2,1,1,1,3,3,2,5,2,2,2,3,3,1,3,2,1,4,2,6,1,3,1,2,2,1,2,3,5,3,3,1,0,0,0,0,0,0
"Seguridad","Yucatán","Secuestro",NA,0,0,0,0,0,0,0,0,0,0,0,0,0,0,1,0,0,0,0,0,0,0,0,0,0,0,0,0,0,0,0,0,0,0,0,0,0,0,0,0,0,0,0,0,0,0,0,0,0,0,0,0,0,0,0,0,0,0,0,0,0,0,0,0,0,0,0,0,0,0,0,0,0,0,0,1,0,0,0,0,0,0,0,0,0,0,0,0,0,0,0,0,0,0,0,0,0,0,0,0,0,0,0,0,0,0,0,0,0,0,0,0,0,0,0,0,0,0,0,0,0,0,0,0,0,0,0,0,0,0,0,0
"Seguridad","Zacatecas","Secuestro",NA,2,2,2,3,3,1,1,0,2,1,0,1,1,3,1,2,3,2,4,3,6,5,6,1,7,6,4,4,7,5,5,8,7,7,4,3,3,4,3,3,4,1,5,4,3,6,2,3,4,5,4,2,5,5,6,3,2,4,4,3,4,2,4,3,3,2,3,5,4,2,2,1,1,2,1,1,1,0,2,2,2,1,2,2,2,2,0,1,1,0,0,0,1,0,0,1,1,1,1,0,0,1,1,0,0,2,1,1,1,2,0,1,0,0,0,1,1,0,1,2,0,1,0,0,1,0,0,0,0,0,0,0
"Económico","Aguascalientes","Trabajadores Asegurados Permanentes por el IMSS","http://siel.stps.gob.mx:303/ibmcognos/cgi-bin/cognos.cgi?b_action=cognosViewer&ui.action=run&ui.object=XSSSTART*2fcontent*2ffolder*5b*40name*3d*27Sitio*20STPS*27*5d*2ffolder*5b*40name*3d*271.*20Asegurados*20en*20el*20IMSS*27*5d*2freport*5b*40name*3d*27Trabajadores*20Asegurados*20al*20IMSS*20por*20Entidad*20Federativa*27*5dXSSEND&ui.name=XSSSTARTTrabajadores*20Asegurados*20al*20IMSS*20por*20Entidad*20FederativaXSSEND&run.outputFormat=&run.prompt=true",NA,NA,NA,NA,NA,NA,NA,NA,NA,NA,NA,NA,NA,NA,NA,NA,NA,NA,NA,NA,NA,NA,NA,NA,NA,NA,NA,NA,NA,NA,NA,NA,NA,NA,NA,NA,NA,NA,NA,NA,NA,NA,NA,NA,NA,NA,NA,NA,NA,NA,NA,NA,NA,NA,NA,NA,NA,NA,NA,NA,NA,NA,NA,NA,NA,NA,NA,NA,NA,NA,NA,NA,NA,NA,NA,NA,NA,NA,NA,NA,NA,NA,NA,NA,NA,NA,NA,NA,NA,NA,NA,NA,NA,NA,NA,NA,NA,NA,NA,NA,NA,NA,NA,NA,NA,NA,NA,NA,NA,NA,NA,NA,NA,NA,NA,NA,NA,NA,NA,NA,362407,364456,365728,365336,366400,364440,NA,NA,NA,NA,NA,NA
"Económico","Baja California","Trabajadores Asegurados Permanentes por el IMSS","http://siel.stps.gob.mx:303/ibmcognos/cgi-bin/cognos.cgi?b_action=cognosViewer&ui.action=run&ui.object=XSSSTART*2fcontent*2ffolder*5b*40name*3d*27Sitio*20STPS*27*5d*2ffolder*5b*40name*3d*271.*20Asegurados*20en*20el*20IMSS*27*5d*2freport*5b*40name*3d*27Trabajadores*20Asegurados*20al*20IMSS*20por*20Entidad*20Federativa*27*5dXSSEND&ui.name=XSSSTARTTrabajadores*20Asegurados*20al*20IMSS*20por*20Entidad*20FederativaXSSEND&run.outputFormat=&run.prompt=true",NA,NA,NA,NA,NA,NA,NA,NA,NA,NA,NA,NA,NA,NA,NA,NA,NA,NA,NA,NA,NA,NA,NA,NA,NA,NA,NA,NA,NA,NA,NA,NA,NA,NA,NA,NA,NA,NA,NA,NA,NA,NA,NA,NA,NA,NA,NA,NA,NA,NA,NA,NA,NA,NA,NA,NA,NA,NA,NA,NA,NA,NA,NA,NA,NA,NA,NA,NA,NA,NA,NA,NA,NA,NA,NA,NA,NA,NA,NA,NA,NA,NA,NA,NA,NA,NA,NA,NA,NA,NA,NA,NA,NA,NA,NA,NA,NA,NA,NA,NA,NA,NA,NA,NA,NA,NA,NA,NA,NA,NA,NA,NA,NA,NA,NA,NA,NA,NA,NA,NA,1017738,1022302,1024833,1020980,1021585,1015910,NA,NA,NA,NA,NA,NA
"Económico","Baja California Sur","Trabajadores Asegurados Permanentes por el IMSS","http://siel.stps.gob.mx:303/ibmcognos/cgi-bin/cognos.cgi?b_action=cognosViewer&ui.action=run&ui.object=XSSSTART*2fcontent*2ffolder*5b*40name*3d*27Sitio*20STPS*27*5d*2ffolder*5b*40name*3d*271.*20Asegurados*20en*20el*20IMSS*27*5d*2freport*5b*40name*3d*27Trabajadores*20Asegurados*20al*20IMSS*20por*20Entidad*20Federativa*27*5dXSSEND&ui.name=XSSSTARTTrabajadores*20Asegurados*20al*20IMSS*20por*20Entidad*20FederativaXSSEND&run.outputFormat=&run.prompt=true",NA,NA,NA,NA,NA,NA,NA,NA,NA,NA,NA,NA,NA,NA,NA,NA,NA,NA,NA,NA,NA,NA,NA,NA,NA,NA,NA,NA,NA,NA,NA,NA,NA,NA,NA,NA,NA,NA,NA,NA,NA,NA,NA,NA,NA,NA,NA,NA,NA,NA,NA,NA,NA,NA,NA,NA,NA,NA,NA,NA,NA,NA,NA,NA,NA,NA,NA,NA,NA,NA,NA,NA,NA,NA,NA,NA,NA,NA,NA,NA,NA,NA,NA,NA,NA,NA,NA,NA,NA,NA,NA,NA,NA,NA,NA,NA,NA,NA,NA,NA,NA,NA,NA,NA,NA,NA,NA,NA,NA,NA,NA,NA,NA,NA,NA,NA,NA,NA,NA,NA,217514,219360,220232,220837,224416,227158,NA,NA,NA,NA,NA,NA
"Económico","Campeche","Trabajadores Asegurados Permanentes por el IMSS","http://siel.stps.gob.mx:303/ibmcognos/cgi-bin/cognos.cgi?b_action=cognosViewer&ui.action=run&ui.object=XSSSTART*2fcontent*2ffolder*5b*40name*3d*27Sitio*20STPS*27*5d*2ffolder*5b*40name*3d*271.*20Asegurados*20en*20el*20IMSS*27*5d*2freport*5b*40name*3d*27Trabajadores*20Asegurados*20al*20IMSS*20por*20Entidad*20Federativa*27*5dXSSEND&ui.name=XSSSTARTTrabajadores*20Asegurados*20al*20IMSS*20por*20Entidad*20FederativaXSSEND&run.outputFormat=&run.prompt=true",NA,NA,NA,NA,NA,NA,NA,NA,NA,NA,NA,NA,NA,NA,NA,NA,NA,NA,NA,NA,NA,NA,NA,NA,NA,NA,NA,NA,NA,NA,NA,NA,NA,NA,NA,NA,NA,NA,NA,NA,NA,NA,NA,NA,NA,NA,NA,NA,NA,NA,NA,NA,NA,NA,NA,NA,NA,NA,NA,NA,NA,NA,NA,NA,NA,NA,NA,NA,NA,NA,NA,NA,NA,NA,NA,NA,NA,NA,NA,NA,NA,NA,NA,NA,NA,NA,NA,NA,NA,NA,NA,NA,NA,NA,NA,NA,NA,NA,NA,NA,NA,NA,NA,NA,NA,NA,NA,NA,NA,NA,NA,NA,NA,NA,NA,NA,NA,NA,NA,NA,131129,130185,134788,133695,128276,132502,NA,NA,NA,NA,NA,NA
"Económico","Chiapas","Trabajadores Asegurados Permanentes por el IMSS","http://siel.stps.gob.mx:303/ibmcognos/cgi-bin/cognos.cgi?b_action=cognosViewer&ui.action=run&ui.object=XSSSTART*2fcontent*2ffolder*5b*40name*3d*27Sitio*20STPS*27*5d*2ffolder*5b*40name*3d*271.*20Asegurados*20en*20el*20IMSS*27*5d*2freport*5b*40name*3d*27Trabajadores*20Asegurados*20al*20IMSS*20por*20Entidad*20Federativa*27*5dXSSEND&ui.name=XSSSTARTTrabajadores*20Asegurados*20al*20IMSS*20por*20Entidad*20FederativaXSSEND&run.outputFormat=&run.prompt=true",NA,NA,NA,NA,NA,NA,NA,NA,NA,NA,NA,NA,NA,NA,NA,NA,NA,NA,NA,NA,NA,NA,NA,NA,NA,NA,NA,NA,NA,NA,NA,NA,NA,NA,NA,NA,NA,NA,NA,NA,NA,NA,NA,NA,NA,NA,NA,NA,NA,NA,NA,NA,NA,NA,NA,NA,NA,NA,NA,NA,NA,NA,NA,NA,NA,NA,NA,NA,NA,NA,NA,NA,NA,NA,NA,NA,NA,NA,NA,NA,NA,NA,NA,NA,NA,NA,NA,NA,NA,NA,NA,NA,NA,NA,NA,NA,NA,NA,NA,NA,NA,NA,NA,NA,NA,NA,NA,NA,NA,NA,NA,NA,NA,NA,NA,NA,NA,NA,NA,NA,867245,866593,869555,867018,865109,860670,NA,NA,NA,NA,NA,NA
"Económico","Chihuahua","Trabajadores Asegurados Permanentes por el IMSS","http://siel.stps.gob.mx:303/ibmcognos/cgi-bin/cognos.cgi?b_action=cognosViewer&ui.action=run&ui.object=XSSSTART*2fcontent*2ffolder*5b*40name*3d*27Sitio*20STPS*27*5d*2ffolder*5b*40name*3d*271.*20Asegurados*20en*20el*20IMSS*27*5d*2freport*5b*40name*3d*27Trabajadores*20Asegurados*20al*20IMSS*20por*20Entidad*20Federativa*27*5dXSSEND&ui.name=XSSSTARTTrabajadores*20Asegurados*20al*20IMSS*20por*20Entidad*20FederativaXSSEND&run.outputFormat=&run.prompt=true",NA,NA,NA,NA,NA,NA,NA,NA,NA,NA,NA,NA,NA,NA,NA,NA,NA,NA,NA,NA,NA,NA,NA,NA,NA,NA,NA,NA,NA,NA,NA,NA,NA,NA,NA,NA,NA,NA,NA,NA,NA,NA,NA,NA,NA,NA,NA,NA,NA,NA,NA,NA,NA,NA,NA,NA,NA,NA,NA,NA,NA,NA,NA,NA,NA,NA,NA,NA,NA,NA,NA,NA,NA,NA,NA,NA,NA,NA,NA,NA,NA,NA,NA,NA,NA,NA,NA,NA,NA,NA,NA,NA,NA,NA,NA,NA,NA,NA,NA,NA,NA,NA,NA,NA,NA,NA,NA,NA,NA,NA,NA,NA,NA,NA,NA,NA,NA,NA,NA,NA,154266,155652,157431,156546,156410,155171,NA,NA,NA,NA,NA,NA
"Económico","Ciudad de México","Trabajadores Asegurados Permanentes por el IMSS","http://siel.stps.gob.mx:303/ibmcognos/cgi-bin/cognos.cgi?b_action=cognosViewer&ui.action=run&ui.object=XSSSTART*2fcontent*2ffolder*5b*40name*3d*27Sitio*20STPS*27*5d*2ffolder*5b*40name*3d*271.*20Asegurados*20en*20el*20IMSS*27*5d*2freport*5b*40name*3d*27Trabajadores*20Asegurados*20al*20IMSS*20por*20Entidad*20Federativa*27*5dXSSEND&ui.name=XSSSTARTTrabajadores*20Asegurados*20al*20IMSS*20por*20Entidad*20FederativaXSSEND&run.outputFormat=&run.prompt=true",NA,NA,NA,NA,NA,NA,NA,NA,NA,NA,NA,NA,NA,NA,NA,NA,NA,NA,NA,NA,NA,NA,NA,NA,NA,NA,NA,NA,NA,NA,NA,NA,NA,NA,NA,NA,NA,NA,NA,NA,NA,NA,NA,NA,NA,NA,NA,NA,NA,NA,NA,NA,NA,NA,NA,NA,NA,NA,NA,NA,NA,NA,NA,NA,NA,NA,NA,NA,NA,NA,NA,NA,NA,NA,NA,NA,NA,NA,NA,NA,NA,NA,NA,NA,NA,NA,NA,NA,NA,NA,NA,NA,NA,NA,NA,NA,NA,NA,NA,NA,NA,NA,NA,NA,NA,NA,NA,NA,NA,NA,NA,NA,NA,NA,NA,NA,NA,NA,NA,NA,261341,266196,261983,261013,261965,261623,NA,NA,NA,NA,NA,NA
"Económico","Coahuila de Zaragoza","Trabajadores Asegurados Permanentes por el IMSS","http://siel.stps.gob.mx:303/ibmcognos/cgi-bin/cognos.cgi?b_action=cognosViewer&ui.action=run&ui.object=XSSSTART*2fcontent*2ffolder*5b*40name*3d*27Sitio*20STPS*27*5d*2ffolder*5b*40name*3d*271.*20Asegurados*20en*20el*20IMSS*27*5d*2freport*5b*40name*3d*27Trabajadores*20Asegurados*20al*20IMSS*20por*20Entidad*20Federativa*27*5dXSSEND&ui.name=XSSSTARTTrabajadores*20Asegurados*20al*20IMSS*20por*20Entidad*20FederativaXSSEND&run.outputFormat=&run.prompt=true",NA,NA,NA,NA,NA,NA,NA,NA,NA,NA,NA,NA,NA,NA,NA,NA,NA,NA,NA,NA,NA,NA,NA,NA,NA,NA,NA,NA,NA,NA,NA,NA,NA,NA,NA,NA,NA,NA,NA,NA,NA,NA,NA,NA,NA,NA,NA,NA,NA,NA,NA,NA,NA,NA,NA,NA,NA,NA,NA,NA,NA,NA,NA,NA,NA,NA,NA,NA,NA,NA,NA,NA,NA,NA,NA,NA,NA,NA,NA,NA,NA,NA,NA,NA,NA,NA,NA,NA,NA,NA,NA,NA,NA,NA,NA,NA,NA,NA,NA,NA,NA,NA,NA,NA,NA,NA,NA,NA,NA,NA,NA,NA,NA,NA,NA,NA,NA,NA,NA,NA,971964,972774,970875,970789,969756,970489,NA,NA,NA,NA,NA,NA
"Económico","Colima","Trabajadores Asegurados Permanentes por el IMSS","http://siel.stps.gob.mx:303/ibmcognos/cgi-bin/cognos.cgi?b_action=cognosViewer&ui.action=run&ui.object=XSSSTART*2fcontent*2ffolder*5b*40name*3d*27Sitio*20STPS*27*5d*2ffolder*5b*40name*3d*271.*20Asegurados*20en*20el*20IMSS*27*5d*2freport*5b*40name*3d*27Trabajadores*20Asegurados*20al*20IMSS*20por*20Entidad*20Federativa*27*5dXSSEND&ui.name=XSSSTARTTrabajadores*20Asegurados*20al*20IMSS*20por*20Entidad*20FederativaXSSEND&run.outputFormat=&run.prompt=true",NA,NA,NA,NA,NA,NA,NA,NA,NA,NA,NA,NA,NA,NA,NA,NA,NA,NA,NA,NA,NA,NA,NA,NA,NA,NA,NA,NA,NA,NA,NA,NA,NA,NA,NA,NA,NA,NA,NA,NA,NA,NA,NA,NA,NA,NA,NA,NA,NA,NA,NA,NA,NA,NA,NA,NA,NA,NA,NA,NA,NA,NA,NA,NA,NA,NA,NA,NA,NA,NA,NA,NA,NA,NA,NA,NA,NA,NA,NA,NA,NA,NA,NA,NA,NA,NA,NA,NA,NA,NA,NA,NA,NA,NA,NA,NA,NA,NA,NA,NA,NA,NA,NA,NA,NA,NA,NA,NA,NA,NA,NA,NA,NA,NA,NA,NA,NA,NA,NA,NA,3462389,3478596,3466534,3471323,3481080,3464080,NA,NA,NA,NA,NA,NA
"Económico","Durango","Trabajadores Asegurados Permanentes por el IMSS","http://siel.stps.gob.mx:303/ibmcognos/cgi-bin/cognos.cgi?b_action=cognosViewer&ui.action=run&ui.object=XSSSTART*2fcontent*2ffolder*5b*40name*3d*27Sitio*20STPS*27*5d*2ffolder*5b*40name*3d*271.*20Asegurados*20en*20el*20IMSS*27*5d*2freport*5b*40name*3d*27Trabajadores*20Asegurados*20al*20IMSS*20por*20Entidad*20Federativa*27*5dXSSEND&ui.name=XSSSTARTTrabajadores*20Asegurados*20al*20IMSS*20por*20Entidad*20FederativaXSSEND&run.outputFormat=&run.prompt=true",NA,NA,NA,NA,NA,NA,NA,NA,NA,NA,NA,NA,NA,NA,NA,NA,NA,NA,NA,NA,NA,NA,NA,NA,NA,NA,NA,NA,NA,NA,NA,NA,NA,NA,NA,NA,NA,NA,NA,NA,NA,NA,NA,NA,NA,NA,NA,NA,NA,NA,NA,NA,NA,NA,NA,NA,NA,NA,NA,NA,NA,NA,NA,NA,NA,NA,NA,NA,NA,NA,NA,NA,NA,NA,NA,NA,NA,NA,NA,NA,NA,NA,NA,NA,NA,NA,NA,NA,NA,NA,NA,NA,NA,NA,NA,NA,NA,NA,NA,NA,NA,NA,NA,NA,NA,NA,NA,NA,NA,NA,NA,NA,NA,NA,NA,NA,NA,NA,NA,NA,257581,259368,260146,261815,258828,259083,NA,NA,NA,NA,NA,NA
"Económico","Guanajuato","Trabajadores Asegurados Permanentes por el IMSS","http://siel.stps.gob.mx:303/ibmcognos/cgi-bin/cognos.cgi?b_action=cognosViewer&ui.action=run&ui.object=XSSSTART*2fcontent*2ffolder*5b*40name*3d*27Sitio*20STPS*27*5d*2ffolder*5b*40name*3d*271.*20Asegurados*20en*20el*20IMSS*27*5d*2freport*5b*40name*3d*27Trabajadores*20Asegurados*20al*20IMSS*20por*20Entidad*20Federativa*27*5dXSSEND&ui.name=XSSSTARTTrabajadores*20Asegurados*20al*20IMSS*20por*20Entidad*20FederativaXSSEND&run.outputFormat=&run.prompt=true",NA,NA,NA,NA,NA,NA,NA,NA,NA,NA,NA,NA,NA,NA,NA,NA,NA,NA,NA,NA,NA,NA,NA,NA,NA,NA,NA,NA,NA,NA,NA,NA,NA,NA,NA,NA,NA,NA,NA,NA,NA,NA,NA,NA,NA,NA,NA,NA,NA,NA,NA,NA,NA,NA,NA,NA,NA,NA,NA,NA,NA,NA,NA,NA,NA,NA,NA,NA,NA,NA,NA,NA,NA,NA,NA,NA,NA,NA,NA,NA,NA,NA,NA,NA,NA,NA,NA,NA,NA,NA,NA,NA,NA,NA,NA,NA,NA,NA,NA,NA,NA,NA,NA,NA,NA,NA,NA,NA,NA,NA,NA,NA,NA,NA,NA,NA,NA,NA,NA,NA,1116122,1122345,1125333,1125796,1123211,1124195,NA,NA,NA,NA,NA,NA
"Económico","Guerrero","Trabajadores Asegurados Permanentes por el IMSS","http://siel.stps.gob.mx:303/ibmcognos/cgi-bin/cognos.cgi?b_action=cognosViewer&ui.action=run&ui.object=XSSSTART*2fcontent*2ffolder*5b*40name*3d*27Sitio*20STPS*27*5d*2ffolder*5b*40name*3d*271.*20Asegurados*20en*20el*20IMSS*27*5d*2freport*5b*40name*3d*27Trabajadores*20Asegurados*20al*20IMSS*20por*20Entidad*20Federativa*27*5dXSSEND&ui.name=XSSSTARTTrabajadores*20Asegurados*20al*20IMSS*20por*20Entidad*20FederativaXSSEND&run.outputFormat=&run.prompt=true",NA,NA,NA,NA,NA,NA,NA,NA,NA,NA,NA,NA,NA,NA,NA,NA,NA,NA,NA,NA,NA,NA,NA,NA,NA,NA,NA,NA,NA,NA,NA,NA,NA,NA,NA,NA,NA,NA,NA,NA,NA,NA,NA,NA,NA,NA,NA,NA,NA,NA,NA,NA,NA,NA,NA,NA,NA,NA,NA,NA,NA,NA,NA,NA,NA,NA,NA,NA,NA,NA,NA,NA,NA,NA,NA,NA,NA,NA,NA,NA,NA,NA,NA,NA,NA,NA,NA,NA,NA,NA,NA,NA,NA,NA,NA,NA,NA,NA,NA,NA,NA,NA,NA,NA,NA,NA,NA,NA,NA,NA,NA,NA,NA,NA,NA,NA,NA,NA,NA,NA,161270,166758,172501,160580,159924,165010,NA,NA,NA,NA,NA,NA
"Económico","Hidalgo","Trabajadores Asegurados Permanentes por el IMSS","http://siel.stps.gob.mx:303/ibmcognos/cgi-bin/cognos.cgi?b_action=cognosViewer&ui.action=run&ui.object=XSSSTART*2fcontent*2ffolder*5b*40name*3d*27Sitio*20STPS*27*5d*2ffolder*5b*40name*3d*271.*20Asegurados*20en*20el*20IMSS*27*5d*2freport*5b*40name*3d*27Trabajadores*20Asegurados*20al*20IMSS*20por*20Entidad*20Federativa*27*5dXSSEND&ui.name=XSSSTARTTrabajadores*20Asegurados*20al*20IMSS*20por*20Entidad*20FederativaXSSEND&run.outputFormat=&run.prompt=true",NA,NA,NA,NA,NA,NA,NA,NA,NA,NA,NA,NA,NA,NA,NA,NA,NA,NA,NA,NA,NA,NA,NA,NA,NA,NA,NA,NA,NA,NA,NA,NA,NA,NA,NA,NA,NA,NA,NA,NA,NA,NA,NA,NA,NA,NA,NA,NA,NA,NA,NA,NA,NA,NA,NA,NA,NA,NA,NA,NA,NA,NA,NA,NA,NA,NA,NA,NA,NA,NA,NA,NA,NA,NA,NA,NA,NA,NA,NA,NA,NA,NA,NA,NA,NA,NA,NA,NA,NA,NA,NA,NA,NA,NA,NA,NA,NA,NA,NA,NA,NA,NA,NA,NA,NA,NA,NA,NA,NA,NA,NA,NA,NA,NA,NA,NA,NA,NA,NA,NA,283913,283181,283070,284500,289428,282679,NA,NA,NA,NA,NA,NA
"Económico","Jalisco","Trabajadores Asegurados Permanentes por el IMSS","http://siel.stps.gob.mx:303/ibmcognos/cgi-bin/cognos.cgi?b_action=cognosViewer&ui.action=run&ui.object=XSSSTART*2fcontent*2ffolder*5b*40name*3d*27Sitio*20STPS*27*5d*2ffolder*5b*40name*3d*271.*20Asegurados*20en*20el*20IMSS*27*5d*2freport*5b*40name*3d*27Trabajadores*20Asegurados*20al*20IMSS*20por*20Entidad*20Federativa*27*5dXSSEND&ui.name=XSSSTARTTrabajadores*20Asegurados*20al*20IMSS*20por*20Entidad*20FederativaXSSEND&run.outputFormat=&run.prompt=true",NA,NA,NA,NA,NA,NA,NA,NA,NA,NA,NA,NA,NA,NA,NA,NA,NA,NA,NA,NA,NA,NA,NA,NA,NA,NA,NA,NA,NA,NA,NA,NA,NA,NA,NA,NA,NA,NA,NA,NA,NA,NA,NA,NA,NA,NA,NA,NA,NA,NA,NA,NA,NA,NA,NA,NA,NA,NA,NA,NA,NA,NA,NA,NA,NA,NA,NA,NA,NA,NA,NA,NA,NA,NA,NA,NA,NA,NA,NA,NA,NA,NA,NA,NA,NA,NA,NA,NA,NA,NA,NA,NA,NA,NA,NA,NA,NA,NA,NA,NA,NA,NA,NA,NA,NA,NA,NA,NA,NA,NA,NA,NA,NA,NA,NA,NA,NA,NA,NA,NA,2036540,2051672,2054835,2050943,2044807,2042927,NA,NA,NA,NA,NA,NA
"Económico","Michoacán de Ocampo","Trabajadores Asegurados Permanentes por el IMSS","http://siel.stps.gob.mx:303/ibmcognos/cgi-bin/cognos.cgi?b_action=cognosViewer&ui.action=run&ui.object=XSSSTART*2fcontent*2ffolder*5b*40name*3d*27Sitio*20STPS*27*5d*2ffolder*5b*40name*3d*271.*20Asegurados*20en*20el*20IMSS*27*5d*2freport*5b*40name*3d*27Trabajadores*20Asegurados*20al*20IMSS*20por*20Entidad*20Federativa*27*5dXSSEND&ui.name=XSSSTARTTrabajadores*20Asegurados*20al*20IMSS*20por*20Entidad*20FederativaXSSEND&run.outputFormat=&run.prompt=true",NA,NA,NA,NA,NA,NA,NA,NA,NA,NA,NA,NA,NA,NA,NA,NA,NA,NA,NA,NA,NA,NA,NA,NA,NA,NA,NA,NA,NA,NA,NA,NA,NA,NA,NA,NA,NA,NA,NA,NA,NA,NA,NA,NA,NA,NA,NA,NA,NA,NA,NA,NA,NA,NA,NA,NA,NA,NA,NA,NA,NA,NA,NA,NA,NA,NA,NA,NA,NA,NA,NA,NA,NA,NA,NA,NA,NA,NA,NA,NA,NA,NA,NA,NA,NA,NA,NA,NA,NA,NA,NA,NA,NA,NA,NA,NA,NA,NA,NA,NA,NA,NA,NA,NA,NA,NA,NA,NA,NA,NA,NA,NA,NA,NA,NA,NA,NA,NA,NA,NA,1880861,1890155,1901382,1907463,1913529,1918960,NA,NA,NA,NA,NA,NA
"Económico","Morelos","Trabajadores Asegurados Permanentes por el IMSS","http://siel.stps.gob.mx:303/ibmcognos/cgi-bin/cognos.cgi?b_action=cognosViewer&ui.action=run&ui.object=XSSSTART*2fcontent*2ffolder*5b*40name*3d*27Sitio*20STPS*27*5d*2ffolder*5b*40name*3d*271.*20Asegurados*20en*20el*20IMSS*27*5d*2freport*5b*40name*3d*27Trabajadores*20Asegurados*20al*20IMSS*20por*20Entidad*20Federativa*27*5dXSSEND&ui.name=XSSSTARTTrabajadores*20Asegurados*20al*20IMSS*20por*20Entidad*20FederativaXSSEND&run.outputFormat=&run.prompt=true",NA,NA,NA,NA,NA,NA,NA,NA,NA,NA,NA,NA,NA,NA,NA,NA,NA,NA,NA,NA,NA,NA,NA,NA,NA,NA,NA,NA,NA,NA,NA,NA,NA,NA,NA,NA,NA,NA,NA,NA,NA,NA,NA,NA,NA,NA,NA,NA,NA,NA,NA,NA,NA,NA,NA,NA,NA,NA,NA,NA,NA,NA,NA,NA,NA,NA,NA,NA,NA,NA,NA,NA,NA,NA,NA,NA,NA,NA,NA,NA,NA,NA,NA,NA,NA,NA,NA,NA,NA,NA,NA,NA,NA,NA,NA,NA,NA,NA,NA,NA,NA,NA,NA,NA,NA,NA,NA,NA,NA,NA,NA,NA,NA,NA,NA,NA,NA,NA,NA,NA,491336,489826,491832,494056,493018,489455,NA,NA,NA,NA,NA,NA
"Económico","México","Trabajadores Asegurados Permanentes por el IMSS","http://siel.stps.gob.mx:303/ibmcognos/cgi-bin/cognos.cgi?b_action=cognosViewer&ui.action=run&ui.object=XSSSTART*2fcontent*2ffolder*5b*40name*3d*27Sitio*20STPS*27*5d*2ffolder*5b*40name*3d*271.*20Asegurados*20en*20el*20IMSS*27*5d*2freport*5b*40name*3d*27Trabajadores*20Asegurados*20al*20IMSS*20por*20Entidad*20Federativa*27*5dXSSEND&ui.name=XSSSTARTTrabajadores*20Asegurados*20al*20IMSS*20por*20Entidad*20FederativaXSSEND&run.outputFormat=&run.prompt=true",NA,NA,NA,NA,NA,NA,NA,NA,NA,NA,NA,NA,NA,NA,NA,NA,NA,NA,NA,NA,NA,NA,NA,NA,NA,NA,NA,NA,NA,NA,NA,NA,NA,NA,NA,NA,NA,NA,NA,NA,NA,NA,NA,NA,NA,NA,NA,NA,NA,NA,NA,NA,NA,NA,NA,NA,NA,NA,NA,NA,NA,NA,NA,NA,NA,NA,NA,NA,NA,NA,NA,NA,NA,NA,NA,NA,NA,NA,NA,NA,NA,NA,NA,NA,NA,NA,NA,NA,NA,NA,NA,NA,NA,NA,NA,NA,NA,NA,NA,NA,NA,NA,NA,NA,NA,NA,NA,NA,NA,NA,NA,NA,NA,NA,NA,NA,NA,NA,NA,NA,220174,221184,221503,220660,220151,219727,NA,NA,NA,NA,NA,NA
"Económico","Nayarit","Trabajadores Asegurados Permanentes por el IMSS","http://siel.stps.gob.mx:303/ibmcognos/cgi-bin/cognos.cgi?b_action=cognosViewer&ui.action=run&ui.object=XSSSTART*2fcontent*2ffolder*5b*40name*3d*27Sitio*20STPS*27*5d*2ffolder*5b*40name*3d*271.*20Asegurados*20en*20el*20IMSS*27*5d*2freport*5b*40name*3d*27Trabajadores*20Asegurados*20al*20IMSS*20por*20Entidad*20Federativa*27*5dXSSEND&ui.name=XSSSTARTTrabajadores*20Asegurados*20al*20IMSS*20por*20Entidad*20FederativaXSSEND&run.outputFormat=&run.prompt=true",NA,NA,NA,NA,NA,NA,NA,NA,NA,NA,NA,NA,NA,NA,NA,NA,NA,NA,NA,NA,NA,NA,NA,NA,NA,NA,NA,NA,NA,NA,NA,NA,NA,NA,NA,NA,NA,NA,NA,NA,NA,NA,NA,NA,NA,NA,NA,NA,NA,NA,NA,NA,NA,NA,NA,NA,NA,NA,NA,NA,NA,NA,NA,NA,NA,NA,NA,NA,NA,NA,NA,NA,NA,NA,NA,NA,NA,NA,NA,NA,NA,NA,NA,NA,NA,NA,NA,NA,NA,NA,NA,NA,NA,NA,NA,NA,NA,NA,NA,NA,NA,NA,NA,NA,NA,NA,NA,NA,NA,NA,NA,NA,NA,NA,NA,NA,NA,NA,NA,NA,185008,187538,187161,183738,181889,181999,NA,NA,NA,NA,NA,NA
"Económico","Nuevo León","Trabajadores Asegurados Permanentes por el IMSS","http://siel.stps.gob.mx:303/ibmcognos/cgi-bin/cognos.cgi?b_action=cognosViewer&ui.action=run&ui.object=XSSSTART*2fcontent*2ffolder*5b*40name*3d*27Sitio*20STPS*27*5d*2ffolder*5b*40name*3d*271.*20Asegurados*20en*20el*20IMSS*27*5d*2freport*5b*40name*3d*27Trabajadores*20Asegurados*20al*20IMSS*20por*20Entidad*20Federativa*27*5dXSSEND&ui.name=XSSSTARTTrabajadores*20Asegurados*20al*20IMSS*20por*20Entidad*20FederativaXSSEND&run.outputFormat=&run.prompt=true",NA,NA,NA,NA,NA,NA,NA,NA,NA,NA,NA,NA,NA,NA,NA,NA,NA,NA,NA,NA,NA,NA,NA,NA,NA,NA,NA,NA,NA,NA,NA,NA,NA,NA,NA,NA,NA,NA,NA,NA,NA,NA,NA,NA,NA,NA,NA,NA,NA,NA,NA,NA,NA,NA,NA,NA,NA,NA,NA,NA,NA,NA,NA,NA,NA,NA,NA,NA,NA,NA,NA,NA,NA,NA,NA,NA,NA,NA,NA,NA,NA,NA,NA,NA,NA,NA,NA,NA,NA,NA,NA,NA,NA,NA,NA,NA,NA,NA,NA,NA,NA,NA,NA,NA,NA,NA,NA,NA,NA,NA,NA,NA,NA,NA,NA,NA,NA,NA,NA,NA,1930068,1948233,1951025,1948027,1942067,1943395,NA,NA,NA,NA,NA,NA
"Económico","Oaxaca","Trabajadores Asegurados Permanentes por el IMSS","http://siel.stps.gob.mx:303/ibmcognos/cgi-bin/cognos.cgi?b_action=cognosViewer&ui.action=run&ui.object=XSSSTART*2fcontent*2ffolder*5b*40name*3d*27Sitio*20STPS*27*5d*2ffolder*5b*40name*3d*271.*20Asegurados*20en*20el*20IMSS*27*5d*2freport*5b*40name*3d*27Trabajadores*20Asegurados*20al*20IMSS*20por*20Entidad*20Federativa*27*5dXSSEND&ui.name=XSSSTARTTrabajadores*20Asegurados*20al*20IMSS*20por*20Entidad*20FederativaXSSEND&run.outputFormat=&run.prompt=true",NA,NA,NA,NA,NA,NA,NA,NA,NA,NA,NA,NA,NA,NA,NA,NA,NA,NA,NA,NA,NA,NA,NA,NA,NA,NA,NA,NA,NA,NA,NA,NA,NA,NA,NA,NA,NA,NA,NA,NA,NA,NA,NA,NA,NA,NA,NA,NA,NA,NA,NA,NA,NA,NA,NA,NA,NA,NA,NA,NA,NA,NA,NA,NA,NA,NA,NA,NA,NA,NA,NA,NA,NA,NA,NA,NA,NA,NA,NA,NA,NA,NA,NA,NA,NA,NA,NA,NA,NA,NA,NA,NA,NA,NA,NA,NA,NA,NA,NA,NA,NA,NA,NA,NA,NA,NA,NA,NA,NA,NA,NA,NA,NA,NA,NA,NA,NA,NA,NA,NA,234863,235635,235921,235250,231425,229463,NA,NA,NA,NA,NA,NA
"Económico","Puebla","Trabajadores Asegurados Permanentes por el IMSS","http://siel.stps.gob.mx:303/ibmcognos/cgi-bin/cognos.cgi?b_action=cognosViewer&ui.action=run&ui.object=XSSSTART*2fcontent*2ffolder*5b*40name*3d*27Sitio*20STPS*27*5d*2ffolder*5b*40name*3d*271.*20Asegurados*20en*20el*20IMSS*27*5d*2freport*5b*40name*3d*27Trabajadores*20Asegurados*20al*20IMSS*20por*20Entidad*20Federativa*27*5dXSSEND&ui.name=XSSSTARTTrabajadores*20Asegurados*20al*20IMSS*20por*20Entidad*20FederativaXSSEND&run.outputFormat=&run.prompt=true",NA,NA,NA,NA,NA,NA,NA,NA,NA,NA,NA,NA,NA,NA,NA,NA,NA,NA,NA,NA,NA,NA,NA,NA,NA,NA,NA,NA,NA,NA,NA,NA,NA,NA,NA,NA,NA,NA,NA,NA,NA,NA,NA,NA,NA,NA,NA,NA,NA,NA,NA,NA,NA,NA,NA,NA,NA,NA,NA,NA,NA,NA,NA,NA,NA,NA,NA,NA,NA,NA,NA,NA,NA,NA,NA,NA,NA,NA,NA,NA,NA,NA,NA,NA,NA,NA,NA,NA,NA,NA,NA,NA,NA,NA,NA,NA,NA,NA,NA,NA,NA,NA,NA,NA,NA,NA,NA,NA,NA,NA,NA,NA,NA,NA,NA,NA,NA,NA,NA,NA,657171,659619,665592,660871,660903,661230,NA,NA,NA,NA,NA,NA
"Económico","Querétaro","Trabajadores Asegurados Permanentes por el IMSS","http://siel.stps.gob.mx:303/ibmcognos/cgi-bin/cognos.cgi?b_action=cognosViewer&ui.action=run&ui.object=XSSSTART*2fcontent*2ffolder*5b*40name*3d*27Sitio*20STPS*27*5d*2ffolder*5b*40name*3d*271.*20Asegurados*20en*20el*20IMSS*27*5d*2freport*5b*40name*3d*27Trabajadores*20Asegurados*20al*20IMSS*20por*20Entidad*20Federativa*27*5dXSSEND&ui.name=XSSSTARTTrabajadores*20Asegurados*20al*20IMSS*20por*20Entidad*20FederativaXSSEND&run.outputFormat=&run.prompt=true",NA,NA,NA,NA,NA,NA,NA,NA,NA,NA,NA,NA,NA,NA,NA,NA,NA,NA,NA,NA,NA,NA,NA,NA,NA,NA,NA,NA,NA,NA,NA,NA,NA,NA,NA,NA,NA,NA,NA,NA,NA,NA,NA,NA,NA,NA,NA,NA,NA,NA,NA,NA,NA,NA,NA,NA,NA,NA,NA,NA,NA,NA,NA,NA,NA,NA,NA,NA,NA,NA,NA,NA,NA,NA,NA,NA,NA,NA,NA,NA,NA,NA,NA,NA,NA,NA,NA,NA,NA,NA,NA,NA,NA,NA,NA,NA,NA,NA,NA,NA,NA,NA,NA,NA,NA,NA,NA,NA,NA,NA,NA,NA,NA,NA,NA,NA,NA,NA,NA,NA,710755,715808,718537,717289,714977,716079,NA,NA,NA,NA,NA,NA
"Económico","Quintana Roo","Trabajadores Asegurados Permanentes por el IMSS","http://siel.stps.gob.mx:303/ibmcognos/cgi-bin/cognos.cgi?b_action=cognosViewer&ui.action=run&ui.object=XSSSTART*2fcontent*2ffolder*5b*40name*3d*27Sitio*20STPS*27*5d*2ffolder*5b*40name*3d*271.*20Asegurados*20en*20el*20IMSS*27*5d*2freport*5b*40name*3d*27Trabajadores*20Asegurados*20al*20IMSS*20por*20Entidad*20Federativa*27*5dXSSEND&ui.name=XSSSTARTTrabajadores*20Asegurados*20al*20IMSS*20por*20Entidad*20FederativaXSSEND&run.outputFormat=&run.prompt=true",NA,NA,NA,NA,NA,NA,NA,NA,NA,NA,NA,NA,NA,NA,NA,NA,NA,NA,NA,NA,NA,NA,NA,NA,NA,NA,NA,NA,NA,NA,NA,NA,NA,NA,NA,NA,NA,NA,NA,NA,NA,NA,NA,NA,NA,NA,NA,NA,NA,NA,NA,NA,NA,NA,NA,NA,NA,NA,NA,NA,NA,NA,NA,NA,NA,NA,NA,NA,NA,NA,NA,NA,NA,NA,NA,NA,NA,NA,NA,NA,NA,NA,NA,NA,NA,NA,NA,NA,NA,NA,NA,NA,NA,NA,NA,NA,NA,NA,NA,NA,NA,NA,NA,NA,NA,NA,NA,NA,NA,NA,NA,NA,NA,NA,NA,NA,NA,NA,NA,NA,521681,525827,527029,528437,526777,527401,NA,NA,NA,NA,NA,NA
"Económico","San Luis Potosí","Trabajadores Asegurados Permanentes por el IMSS","http://siel.stps.gob.mx:303/ibmcognos/cgi-bin/cognos.cgi?b_action=cognosViewer&ui.action=run&ui.object=XSSSTART*2fcontent*2ffolder*5b*40name*3d*27Sitio*20STPS*27*5d*2ffolder*5b*40name*3d*271.*20Asegurados*20en*20el*20IMSS*27*5d*2freport*5b*40name*3d*27Trabajadores*20Asegurados*20al*20IMSS*20por*20Entidad*20Federativa*27*5dXSSEND&ui.name=XSSSTARTTrabajadores*20Asegurados*20al*20IMSS*20por*20Entidad*20FederativaXSSEND&run.outputFormat=&run.prompt=true",NA,NA,NA,NA,NA,NA,NA,NA,NA,NA,NA,NA,NA,NA,NA,NA,NA,NA,NA,NA,NA,NA,NA,NA,NA,NA,NA,NA,NA,NA,NA,NA,NA,NA,NA,NA,NA,NA,NA,NA,NA,NA,NA,NA,NA,NA,NA,NA,NA,NA,NA,NA,NA,NA,NA,NA,NA,NA,NA,NA,NA,NA,NA,NA,NA,NA,NA,NA,NA,NA,NA,NA,NA,NA,NA,NA,NA,NA,NA,NA,NA,NA,NA,NA,NA,NA,NA,NA,NA,NA,NA,NA,NA,NA,NA,NA,NA,NA,NA,NA,NA,NA,NA,NA,NA,NA,NA,NA,NA,NA,NA,NA,NA,NA,NA,NA,NA,NA,NA,NA,485398,488983,491265,487104,482016,481648,NA,NA,NA,NA,NA,NA
"Económico","Sinaloa","Trabajadores Asegurados Permanentes por el IMSS","http://siel.stps.gob.mx:303/ibmcognos/cgi-bin/cognos.cgi?b_action=cognosViewer&ui.action=run&ui.object=XSSSTART*2fcontent*2ffolder*5b*40name*3d*27Sitio*20STPS*27*5d*2ffolder*5b*40name*3d*271.*20Asegurados*20en*20el*20IMSS*27*5d*2freport*5b*40name*3d*27Trabajadores*20Asegurados*20al*20IMSS*20por*20Entidad*20Federativa*27*5dXSSEND&ui.name=XSSSTARTTrabajadores*20Asegurados*20al*20IMSS*20por*20Entidad*20FederativaXSSEND&run.outputFormat=&run.prompt=true",NA,NA,NA,NA,NA,NA,NA,NA,NA,NA,NA,NA,NA,NA,NA,NA,NA,NA,NA,NA,NA,NA,NA,NA,NA,NA,NA,NA,NA,NA,NA,NA,NA,NA,NA,NA,NA,NA,NA,NA,NA,NA,NA,NA,NA,NA,NA,NA,NA,NA,NA,NA,NA,NA,NA,NA,NA,NA,NA,NA,NA,NA,NA,NA,NA,NA,NA,NA,NA,NA,NA,NA,NA,NA,NA,NA,NA,NA,NA,NA,NA,NA,NA,NA,NA,NA,NA,NA,NA,NA,NA,NA,NA,NA,NA,NA,NA,NA,NA,NA,NA,NA,NA,NA,NA,NA,NA,NA,NA,NA,NA,NA,NA,NA,NA,NA,NA,NA,NA,NA,613390,614863,606295,600552,584140,569151,NA,NA,NA,NA,NA,NA
"Económico","Sonora","Trabajadores Asegurados Permanentes por el IMSS","http://siel.stps.gob.mx:303/ibmcognos/cgi-bin/cognos.cgi?b_action=cognosViewer&ui.action=run&ui.object=XSSSTART*2fcontent*2ffolder*5b*40name*3d*27Sitio*20STPS*27*5d*2ffolder*5b*40name*3d*271.*20Asegurados*20en*20el*20IMSS*27*5d*2freport*5b*40name*3d*27Trabajadores*20Asegurados*20al*20IMSS*20por*20Entidad*20Federativa*27*5dXSSEND&ui.name=XSSSTARTTrabajadores*20Asegurados*20al*20IMSS*20por*20Entidad*20FederativaXSSEND&run.outputFormat=&run.prompt=true",NA,NA,NA,NA,NA,NA,NA,NA,NA,NA,NA,NA,NA,NA,NA,NA,NA,NA,NA,NA,NA,NA,NA,NA,NA,NA,NA,NA,NA,NA,NA,NA,NA,NA,NA,NA,NA,NA,NA,NA,NA,NA,NA,NA,NA,NA,NA,NA,NA,NA,NA,NA,NA,NA,NA,NA,NA,NA,NA,NA,NA,NA,NA,NA,NA,NA,NA,NA,NA,NA,NA,NA,NA,NA,NA,NA,NA,NA,NA,NA,NA,NA,NA,NA,NA,NA,NA,NA,NA,NA,NA,NA,NA,NA,NA,NA,NA,NA,NA,NA,NA,NA,NA,NA,NA,NA,NA,NA,NA,NA,NA,NA,NA,NA,NA,NA,NA,NA,NA,NA,661609,664637,667097,654922,656096,651986,NA,NA,NA,NA,NA,NA
"Económico","Tabasco","Trabajadores Asegurados Permanentes por el IMSS","http://siel.stps.gob.mx:303/ibmcognos/cgi-bin/cognos.cgi?b_action=cognosViewer&ui.action=run&ui.object=XSSSTART*2fcontent*2ffolder*5b*40name*3d*27Sitio*20STPS*27*5d*2ffolder*5b*40name*3d*271.*20Asegurados*20en*20el*20IMSS*27*5d*2freport*5b*40name*3d*27Trabajadores*20Asegurados*20al*20IMSS*20por*20Entidad*20Federativa*27*5dXSSEND&ui.name=XSSSTARTTrabajadores*20Asegurados*20al*20IMSS*20por*20Entidad*20FederativaXSSEND&run.outputFormat=&run.prompt=true",NA,NA,NA,NA,NA,NA,NA,NA,NA,NA,NA,NA,NA,NA,NA,NA,NA,NA,NA,NA,NA,NA,NA,NA,NA,NA,NA,NA,NA,NA,NA,NA,NA,NA,NA,NA,NA,NA,NA,NA,NA,NA,NA,NA,NA,NA,NA,NA,NA,NA,NA,NA,NA,NA,NA,NA,NA,NA,NA,NA,NA,NA,NA,NA,NA,NA,NA,NA,NA,NA,NA,NA,NA,NA,NA,NA,NA,NA,NA,NA,NA,NA,NA,NA,NA,NA,NA,NA,NA,NA,NA,NA,NA,NA,NA,NA,NA,NA,NA,NA,NA,NA,NA,NA,NA,NA,NA,NA,NA,NA,NA,NA,NA,NA,NA,NA,NA,NA,NA,NA,203978,203970,202882,203489,203587,199380,NA,NA,NA,NA,NA,NA
"Económico","Tamaulipas","Trabajadores Asegurados Permanentes por el IMSS","http://siel.stps.gob.mx:303/ibmcognos/cgi-bin/cognos.cgi?b_action=cognosViewer&ui.action=run&ui.object=XSSSTART*2fcontent*2ffolder*5b*40name*3d*27Sitio*20STPS*27*5d*2ffolder*5b*40name*3d*271.*20Asegurados*20en*20el*20IMSS*27*5d*2freport*5b*40name*3d*27Trabajadores*20Asegurados*20al*20IMSS*20por*20Entidad*20Federativa*27*5dXSSEND&ui.name=XSSSTARTTrabajadores*20Asegurados*20al*20IMSS*20por*20Entidad*20FederativaXSSEND&run.outputFormat=&run.prompt=true",NA,NA,NA,NA,NA,NA,NA,NA,NA,NA,NA,NA,NA,NA,NA,NA,NA,NA,NA,NA,NA,NA,NA,NA,NA,NA,NA,NA,NA,NA,NA,NA,NA,NA,NA,NA,NA,NA,NA,NA,NA,NA,NA,NA,NA,NA,NA,NA,NA,NA,NA,NA,NA,NA,NA,NA,NA,NA,NA,NA,NA,NA,NA,NA,NA,NA,NA,NA,NA,NA,NA,NA,NA,NA,NA,NA,NA,NA,NA,NA,NA,NA,NA,NA,NA,NA,NA,NA,NA,NA,NA,NA,NA,NA,NA,NA,NA,NA,NA,NA,NA,NA,NA,NA,NA,NA,NA,NA,NA,NA,NA,NA,NA,NA,NA,NA,NA,NA,NA,NA,692457,695625,697131,695984,694136,695327,NA,NA,NA,NA,NA,NA
"Económico","Tlaxcala","Trabajadores Asegurados Permanentes por el IMSS","http://siel.stps.gob.mx:303/ibmcognos/cgi-bin/cognos.cgi?b_action=cognosViewer&ui.action=run&ui.object=XSSSTART*2fcontent*2ffolder*5b*40name*3d*27Sitio*20STPS*27*5d*2ffolder*5b*40name*3d*271.*20Asegurados*20en*20el*20IMSS*27*5d*2freport*5b*40name*3d*27Trabajadores*20Asegurados*20al*20IMSS*20por*20Entidad*20Federativa*27*5dXSSEND&ui.name=XSSSTARTTrabajadores*20Asegurados*20al*20IMSS*20por*20Entidad*20FederativaXSSEND&run.outputFormat=&run.prompt=true",NA,NA,NA,NA,NA,NA,NA,NA,NA,NA,NA,NA,NA,NA,NA,NA,NA,NA,NA,NA,NA,NA,NA,NA,NA,NA,NA,NA,NA,NA,NA,NA,NA,NA,NA,NA,NA,NA,NA,NA,NA,NA,NA,NA,NA,NA,NA,NA,NA,NA,NA,NA,NA,NA,NA,NA,NA,NA,NA,NA,NA,NA,NA,NA,NA,NA,NA,NA,NA,NA,NA,NA,NA,NA,NA,NA,NA,NA,NA,NA,NA,NA,NA,NA,NA,NA,NA,NA,NA,NA,NA,NA,NA,NA,NA,NA,NA,NA,NA,NA,NA,NA,NA,NA,NA,NA,NA,NA,NA,NA,NA,NA,NA,NA,NA,NA,NA,NA,NA,NA,116141,118287,118587,118367,117952,117034,NA,NA,NA,NA,NA,NA
"Económico","Veracruz de Ignacio de la Llave","Trabajadores Asegurados Permanentes por el IMSS","http://siel.stps.gob.mx:303/ibmcognos/cgi-bin/cognos.cgi?b_action=cognosViewer&ui.action=run&ui.object=XSSSTART*2fcontent*2ffolder*5b*40name*3d*27Sitio*20STPS*27*5d*2ffolder*5b*40name*3d*271.*20Asegurados*20en*20el*20IMSS*27*5d*2freport*5b*40name*3d*27Trabajadores*20Asegurados*20al*20IMSS*20por*20Entidad*20Federativa*27*5dXSSEND&ui.name=XSSSTARTTrabajadores*20Asegurados*20al*20IMSS*20por*20Entidad*20FederativaXSSEND&run.outputFormat=&run.prompt=true",NA,NA,NA,NA,NA,NA,NA,NA,NA,NA,NA,NA,NA,NA,NA,NA,NA,NA,NA,NA,NA,NA,NA,NA,NA,NA,NA,NA,NA,NA,NA,NA,NA,NA,NA,NA,NA,NA,NA,NA,NA,NA,NA,NA,NA,NA,NA,NA,NA,NA,NA,NA,NA,NA,NA,NA,NA,NA,NA,NA,NA,NA,NA,NA,NA,NA,NA,NA,NA,NA,NA,NA,NA,NA,NA,NA,NA,NA,NA,NA,NA,NA,NA,NA,NA,NA,NA,NA,NA,NA,NA,NA,NA,NA,NA,NA,NA,NA,NA,NA,NA,NA,NA,NA,NA,NA,NA,NA,NA,NA,NA,NA,NA,NA,NA,NA,NA,NA,NA,NA,779559,782333,781977,780813,770370,768836,NA,NA,NA,NA,NA,NA
"Económico","Yucatán","Trabajadores Asegurados Permanentes por el IMSS","http://siel.stps.gob.mx:303/ibmcognos/cgi-bin/cognos.cgi?b_action=cognosViewer&ui.action=run&ui.object=XSSSTART*2fcontent*2ffolder*5b*40name*3d*27Sitio*20STPS*27*5d*2ffolder*5b*40name*3d*271.*20Asegurados*20en*20el*20IMSS*27*5d*2freport*5b*40name*3d*27Trabajadores*20Asegurados*20al*20IMSS*20por*20Entidad*20Federativa*27*5dXSSEND&ui.name=XSSSTARTTrabajadores*20Asegurados*20al*20IMSS*20por*20Entidad*20FederativaXSSEND&run.outputFormat=&run.prompt=true",NA,NA,NA,NA,NA,NA,NA,NA,NA,NA,NA,NA,NA,NA,NA,NA,NA,NA,NA,NA,NA,NA,NA,NA,NA,NA,NA,NA,NA,NA,NA,NA,NA,NA,NA,NA,NA,NA,NA,NA,NA,NA,NA,NA,NA,NA,NA,NA,NA,NA,NA,NA,NA,NA,NA,NA,NA,NA,NA,NA,NA,NA,NA,NA,NA,NA,NA,NA,NA,NA,NA,NA,NA,NA,NA,NA,NA,NA,NA,NA,NA,NA,NA,NA,NA,NA,NA,NA,NA,NA,NA,NA,NA,NA,NA,NA,NA,NA,NA,NA,NA,NA,NA,NA,NA,NA,NA,NA,NA,NA,NA,NA,NA,NA,NA,NA,NA,NA,NA,NA,435058,437961,440093,439212,437956,439005,NA,NA,NA,NA,NA,NA
"Económico","Zacatecas","Trabajadores Asegurados Permanentes por el IMSS","http://siel.stps.gob.mx:303/ibmcognos/cgi-bin/cognos.cgi?b_action=cognosViewer&ui.action=run&ui.object=XSSSTART*2fcontent*2ffolder*5b*40name*3d*27Sitio*20STPS*27*5d*2ffolder*5b*40name*3d*271.*20Asegurados*20en*20el*20IMSS*27*5d*2freport*5b*40name*3d*27Trabajadores*20Asegurados*20al*20IMSS*20por*20Entidad*20Federativa*27*5dXSSEND&ui.name=XSSSTARTTrabajadores*20Asegurados*20al*20IMSS*20por*20Entidad*20FederativaXSSEND&run.outputFormat=&run.prompt=true",NA,NA,NA,NA,NA,NA,NA,NA,NA,NA,NA,NA,NA,NA,NA,NA,NA,NA,NA,NA,NA,NA,NA,NA,NA,NA,NA,NA,NA,NA,NA,NA,NA,NA,NA,NA,NA,NA,NA,NA,NA,NA,NA,NA,NA,NA,NA,NA,NA,NA,NA,NA,NA,NA,NA,NA,NA,NA,NA,NA,NA,NA,NA,NA,NA,NA,NA,NA,NA,NA,NA,NA,NA,NA,NA,NA,NA,NA,NA,NA,NA,NA,NA,NA,NA,NA,NA,NA,NA,NA,NA,NA,NA,NA,NA,NA,NA,NA,NA,NA,NA,NA,NA,NA,NA,NA,NA,NA,NA,NA,NA,NA,NA,NA,NA,NA,NA,NA,NA,NA,190620,191009,191957,190263,189860,189653,NA,NA,NA,NA,NA,NA
"Seguridad","Aguascalientes","Trata de personas",NA,1,0,0,0,0,0,1,0,0,0,0,0,0,0,1,0,0,0,0,0,1,0,0,0,0,0,0,0,0,0,0,0,1,0,0,0,0,0,0,0,0,0,0,1,0,0,0,1,0,1,0,1,0,1,0,0,0,0,0,0,0,0,1,0,0,1,0,0,0,0,0,0,0,0,0,2,0,0,0,0,2,0,1,0,0,1,0,0,0,0,1,0,1,0,1,0,0,0,0,0,1,0,0,0,0,0,1,0,0,1,0,0,0,0,0,0,0,0,0,0,0,0,0,0,0,0,0,0,0,0,0,0
"Seguridad","Baja California","Trata de personas",NA,1,2,1,0,5,3,2,1,0,4,4,3,2,1,3,2,2,1,0,3,2,1,0,2,0,3,1,5,0,0,1,1,4,1,2,0,1,0,3,3,1,1,1,1,4,3,0,2,1,1,3,0,3,0,3,2,1,0,0,5,0,4,0,12,7,6,5,6,5,1,2,6,1,3,2,4,8,7,7,8,7,2,5,4,2,6,5,9,10,8,6,2,8,3,6,5,12,4,5,2,9,8,4,6,2,3,2,0,2,4,3,3,1,2,1,1,6,2,0,0,1,1,1,2,0,3,0,0,0,0,0,0
"Seguridad","Baja California Sur","Trata de personas",NA,0,0,0,0,0,0,0,0,0,0,0,0,0,0,2,0,0,0,0,0,0,0,0,0,0,0,0,1,0,0,0,1,0,0,0,0,0,0,0,0,0,0,1,0,0,1,1,0,0,0,1,0,0,0,0,2,0,0,0,0,0,0,0,0,0,0,0,0,1,0,1,1,1,0,0,0,0,0,2,0,1,1,1,0,1,0,1,0,0,0,0,1,0,0,0,0,0,0,0,0,0,0,0,0,0,0,0,0,0,0,2,0,0,0,0,0,0,0,0,1,0,0,0,2,0,0,0,0,0,0,0,0
"Seguridad","Campeche","Trata de personas",NA,0,0,0,0,0,1,0,0,0,0,0,0,1,1,0,2,0,0,0,0,0,0,0,0,0,0,0,1,2,0,0,0,2,0,0,0,1,0,0,2,0,0,0,0,0,0,0,0,0,0,0,0,0,0,0,0,1,0,0,0,0,0,0,0,0,0,0,0,0,0,0,0,0,0,0,0,0,0,2,0,0,0,1,0,0,0,0,0,0,0,0,0,0,0,0,0,0,0,0,0,1,0,0,0,0,0,0,0,0,0,0,0,0,0,0,0,0,0,0,0,0,1,0,0,0,0,0,0,0,0,0,0
"Seguridad","Chiapas","Trata de personas",NA,13,7,16,15,4,1,1,4,2,9,12,9,4,8,9,5,3,2,4,12,6,8,8,8,11,7,6,3,1,0,4,4,0,4,6,3,3,4,2,4,3,3,0,2,1,3,1,0,0,1,1,1,2,1,0,2,1,0,2,0,1,0,1,1,0,0,1,0,1,0,0,0,0,0,0,1,2,0,0,0,0,0,0,0,0,1,1,0,1,0,0,1,0,0,0,1,1,1,1,0,0,1,0,0,1,0,0,0,1,1,0,0,0,0,0,0,0,1,0,0,2,0,2,1,2,0,0,0,0,0,0,0
"Seguridad","Chihuahua","Trata de personas",NA,0,1,3,2,3,2,4,2,1,0,1,2,4,1,1,1,3,1,1,4,6,4,1,1,7,2,4,2,2,1,4,2,2,1,1,1,2,4,4,0,2,4,3,1,3,4,2,2,2,3,4,4,2,3,7,5,6,5,2,3,1,4,4,1,2,5,3,2,2,0,3,3,1,0,4,3,3,4,1,0,1,1,2,3,3,2,6,3,6,4,2,1,3,2,3,3,1,0,1,5,4,2,0,3,5,4,0,2,4,2,0,3,8,2,4,3,2,5,6,1,4,4,3,4,4,3,0,0,0,0,0,0
"Seguridad","Ciudad de México","Trata de personas",NA,3,4,3,8,3,5,1,1,1,3,3,1,2,5,2,4,2,6,1,1,2,3,1,0,1,2,1,1,4,2,3,1,1,2,1,1,2,3,8,5,11,14,11,10,10,2,10,17,20,21,7,13,15,12,19,19,13,18,12,11,9,3,12,6,8,8,6,12,19,13,7,10,5,4,3,17,8,5,10,4,3,5,6,4,14,13,16,12,9,24,20,18,9,10,11,13,12,7,9,18,15,17,14,12,15,14,11,9,7,13,13,9,1,5,11,12,5,8,4,3,3,7,4,8,11,4,0,0,0,0,0,0
"Seguridad","Coahuila de Zaragoza","Trata de personas",NA,0,0,0,0,1,2,0,2,1,0,1,1,1,0,0,2,0,1,0,0,0,0,0,1,0,0,0,0,0,0,1,1,0,0,0,0,0,0,1,0,0,1,0,0,1,3,0,0,0,0,0,0,0,0,0,0,1,1,0,0,0,0,2,0,1,1,2,3,1,0,1,0,0,0,2,1,0,3,1,1,0,1,2,1,0,2,3,0,2,1,2,1,0,0,1,1,1,0,1,0,0,0,1,5,4,1,0,0,0,1,0,2,1,4,1,1,3,1,1,1,0,0,0,0,2,0,0,0,0,0,0,0
"Seguridad","Colima","Trata de personas",NA,0,0,0,0,0,0,0,0,0,0,0,0,0,0,0,0,0,0,0,0,0,0,0,0,1,0,0,0,0,0,0,0,0,0,0,0,0,0,0,0,0,0,0,0,0,0,0,0,0,0,0,0,1,0,0,0,0,0,0,0,0,0,0,0,0,0,0,0,0,0,0,0,0,0,0,0,0,0,0,0,0,0,0,0,0,0,0,1,1,1,0,2,0,0,0,0,0,0,0,0,0,0,0,0,0,0,1,0,0,0,0,0,0,0,0,1,0,0,1,0,0,0,0,0,0,1,0,0,0,0,0,0
"Seguridad","Durango","Trata de personas",NA,0,0,0,0,0,0,2,0,0,0,0,0,0,0,0,0,0,0,0,0,0,0,0,0,0,0,0,0,0,0,0,0,0,0,0,0,0,0,0,0,0,0,0,0,0,0,0,0,2,0,0,0,0,1,0,0,0,0,0,0,0,0,0,0,0,1,0,0,0,0,0,0,0,0,0,0,0,0,0,0,0,0,0,0,0,0,0,0,0,0,0,0,0,1,0,0,0,0,0,0,0,0,0,0,0,0,0,0,0,0,0,0,0,0,0,0,0,0,0,0,0,0,0,0,0,0,0,0,0,0,0,0
"Seguridad","Guanajuato","Trata de personas",NA,2,1,1,2,0,0,0,0,1,0,1,1,2,1,1,1,0,1,0,1,0,0,1,1,1,0,2,0,0,0,0,0,2,0,0,0,1,3,1,0,1,1,0,0,0,1,0,0,1,0,2,0,0,0,0,0,0,1,0,0,0,0,0,1,0,0,0,1,0,0,0,1,0,0,0,0,0,0,0,0,0,0,0,0,0,0,1,0,0,0,0,0,0,0,0,0,0,0,0,0,0,0,0,0,0,0,0,0,0,0,0,0,0,0,0,0,0,0,3,1,1,1,3,1,1,2,0,0,0,0,0,0
"Seguridad","Guerrero","Trata de personas",NA,0,0,1,0,0,0,0,1,1,0,0,0,0,0,1,1,0,2,0,0,0,0,0,0,0,0,0,0,0,0,0,1,0,0,0,2,0,0,0,1,1,2,0,1,0,1,4,1,0,3,3,2,2,0,4,2,1,1,0,1,2,0,3,2,0,2,1,2,2,0,1,2,1,0,0,0,0,0,0,1,1,1,0,0,1,0,0,0,1,0,0,2,1,2,4,2,1,0,0,1,1,0,0,3,3,1,0,0,0,1,0,1,0,0,0,0,1,2,1,1,1,1,1,2,5,2,0,0,0,0,0,0
"Seguridad","Hidalgo","Trata de personas",NA,0,0,0,0,0,1,0,0,0,1,0,0,0,0,0,0,2,0,1,2,1,1,1,0,1,0,0,0,0,0,1,0,0,0,0,1,0,2,1,3,1,1,1,1,2,1,0,0,1,0,1,3,0,2,2,0,4,0,1,0,2,0,3,3,0,0,0,0,0,0,1,0,0,0,1,0,0,0,0,2,1,3,0,3,0,1,2,2,3,3,1,0,0,0,0,1,1,0,2,1,0,2,0,4,2,0,1,1,0,1,2,2,1,1,0,0,1,0,1,0,0,0,4,1,1,1,0,0,0,0,0,0
"Seguridad","Jalisco","Trata de personas",NA,0,0,0,0,0,0,0,0,0,0,0,0,0,0,0,1,0,0,0,0,0,1,0,0,0,0,0,0,0,0,0,0,1,0,0,0,0,0,1,0,0,0,0,0,0,0,0,0,0,0,1,0,0,0,0,0,0,3,2,0,0,0,2,1,2,0,1,3,4,0,2,2,0,1,1,5,0,2,0,0,2,1,1,0,0,2,1,0,0,0,0,1,0,2,1,0,1,0,0,0,0,0,1,0,0,0,0,0,1,1,0,3,0,0,2,1,0,1,0,0,0,0,0,0,1,2,0,0,0,0,0,0
"Seguridad","Michoacán de Ocampo","Trata de personas",NA,0,0,0,0,0,1,0,0,4,1,0,2,1,0,0,0,1,1,0,0,0,1,2,0,1,1,2,0,0,0,0,0,1,2,1,1,0,0,0,2,1,0,1,0,1,2,1,1,1,0,0,0,0,1,0,1,2,3,1,1,2,0,2,3,1,0,0,3,0,0,0,0,0,1,0,0,1,1,0,2,0,0,0,2,0,2,0,0,1,0,2,1,0,0,0,2,0,1,0,0,1,0,1,0,2,0,0,1,1,0,0,0,0,0,0,0,1,0,1,4,0,0,0,2,0,1,0,0,0,0,0,0
"Seguridad","Morelos","Trata de personas",NA,0,1,0,1,1,0,5,1,3,1,2,3,2,3,0,1,0,1,1,1,2,1,0,0,0,1,2,0,1,0,2,2,1,1,0,0,1,0,2,0,0,0,1,0,0,0,0,0,0,1,0,0,0,0,1,1,0,1,0,0,1,0,0,0,0,0,0,0,0,0,0,0,0,0,0,1,0,0,1,0,0,0,1,0,0,1,0,0,2,2,1,0,2,0,0,0,0,0,0,0,0,0,0,0,0,0,1,0,0,0,0,0,0,0,1,0,0,0,0,0,1,0,0,0,0,0,0,0,0,0,0,0
"Seguridad","México","Trata de personas",NA,3,2,5,5,7,6,1,3,4,2,4,4,5,11,8,10,7,4,4,9,5,5,3,1,2,1,6,4,4,4,2,2,2,2,0,3,3,1,2,4,5,1,1,1,1,2,4,1,2,6,3,1,3,6,3,12,7,12,13,3,6,9,5,8,5,7,6,15,15,6,5,3,9,12,24,18,14,6,9,22,17,18,23,6,16,40,25,11,18,13,29,20,13,10,20,26,13,13,10,20,17,40,20,16,3,20,7,5,6,4,12,16,10,6,4,19,21,18,13,10,8,12,10,7,8,11,0,0,0,0,0,0
"Seguridad","Nayarit","Trata de personas",NA,0,0,0,0,0,0,0,0,0,0,0,0,0,0,0,0,0,0,0,0,0,0,0,0,0,0,0,0,0,0,0,0,0,1,0,0,0,0,0,0,0,0,1,0,0,1,0,0,0,0,0,0,0,0,0,0,0,0,0,1,0,0,0,0,0,2,0,1,2,0,0,0,0,0,0,1,0,0,0,0,0,0,0,0,0,0,0,0,0,0,0,1,0,0,0,1,0,0,0,0,0,1,0,0,0,0,0,0,0,0,0,0,1,0,0,0,0,0,0,0,0,0,0,0,0,0,0,0,0,0,0,0
"Seguridad","Nuevo León","Trata de personas",NA,0,0,0,0,0,0,0,0,0,0,0,0,0,0,0,1,2,1,1,0,0,0,1,0,2,1,0,0,0,0,0,0,3,0,0,0,0,1,2,0,4,0,3,2,3,1,2,0,5,1,0,0,3,4,4,4,4,5,4,4,2,1,6,3,7,5,1,2,3,7,5,6,8,7,15,14,17,10,7,4,3,1,3,2,1,2,8,4,5,11,7,10,11,11,2,2,4,4,4,3,1,1,0,1,1,1,0,2,1,1,1,1,1,0,1,1,1,1,1,1,1,0,1,1,1,1,0,0,0,0,0,0
"Seguridad","Oaxaca","Trata de personas",NA,0,0,0,0,1,0,0,1,0,0,0,0,10,4,3,2,1,0,0,3,1,0,0,0,0,1,0,2,0,0,0,1,0,0,0,1,0,1,1,0,2,0,1,2,2,1,0,3,2,5,0,0,0,0,0,0,2,1,0,0,1,2,1,0,1,1,2,1,2,3,0,0,0,1,3,3,2,0,0,2,0,1,1,0,1,1,0,1,0,2,0,0,0,2,1,0,1,0,1,0,1,0,2,2,1,3,1,1,0,0,0,2,0,0,1,1,0,1,0,1,0,1,0,2,1,3,0,0,0,0,0,0
"Seguridad","Puebla","Trata de personas",NA,10,12,10,9,7,12,13,7,4,2,7,0,0,3,1,2,1,2,2,1,2,1,2,1,1,2,1,1,1,2,2,1,2,1,4,0,1,2,0,2,1,1,1,0,0,1,2,0,3,1,2,1,0,1,4,1,1,1,0,2,1,0,1,0,0,0,0,0,1,6,2,2,3,5,3,6,5,4,3,3,10,1,2,4,3,4,3,7,0,3,2,6,3,2,3,2,3,7,8,4,4,8,6,12,7,4,3,5,2,2,8,6,2,7,6,2,1,1,3,1,1,3,1,3,0,4,0,0,0,0,0,0
"Seguridad","Querétaro","Trata de personas",NA,0,0,0,0,0,0,0,0,1,0,0,1,0,0,0,2,0,1,0,0,1,3,0,1,0,0,0,3,1,2,1,3,1,1,2,0,0,1,0,0,1,1,3,0,1,1,1,0,0,0,0,0,0,0,0,0,0,0,1,1,0,0,0,0,0,0,0,0,0,1,1,1,0,0,0,1,1,0,0,0,0,1,0,1,1,2,0,1,0,0,0,0,1,0,0,0,0,0,2,0,1,0,0,0,0,0,1,0,0,0,1,0,0,0,0,0,0,0,0,0,0,0,0,0,0,0,0,0,0,0,0,0
"Seguridad","Quintana Roo","Trata de personas",NA,1,0,1,1,1,0,0,1,0,0,2,1,0,0,0,0,1,0,0,0,0,1,0,1,0,0,0,1,2,0,1,0,0,2,0,0,1,1,1,1,1,1,0,1,1,1,0,1,0,2,0,0,1,1,7,4,3,1,0,1,4,0,3,3,0,5,1,0,1,4,2,0,1,1,3,1,1,3,3,0,0,2,2,1,0,6,3,1,3,1,4,2,6,3,4,4,6,5,6,10,6,8,12,9,5,9,4,7,9,8,9,12,13,11,13,17,16,10,6,4,15,16,15,15,10,15,0,0,0,0,0,0
"Seguridad","San Luis Potosí","Trata de personas",NA,0,0,0,1,1,0,0,0,0,0,1,0,0,0,2,0,0,1,0,0,0,0,0,0,0,0,1,0,0,0,0,0,1,0,0,0,0,0,0,0,2,2,0,0,0,0,1,0,0,0,1,1,0,0,0,0,0,4,1,0,1,0,1,0,2,1,2,2,4,4,0,0,2,2,1,0,1,0,0,2,2,0,1,1,1,3,0,1,0,1,0,1,0,0,3,0,0,1,2,1,1,0,0,0,1,0,1,0,1,0,2,3,2,5,0,0,2,2,0,0,0,0,1,3,1,1,0,0,0,0,0,0
"Seguridad","Sinaloa","Trata de personas",NA,1,0,0,1,0,0,1,1,0,1,0,0,2,1,2,3,2,0,2,0,0,0,2,0,0,0,0,0,0,0,1,0,0,0,0,2,0,0,1,0,0,0,1,1,1,1,0,0,1,1,0,0,1,0,2,0,0,1,0,0,0,2,1,0,0,0,1,1,0,1,0,1,0,1,0,1,0,1,0,0,0,1,0,1,2,1,0,1,0,0,0,0,0,0,0,0,1,1,0,0,0,0,3,1,0,0,0,1,0,1,0,1,0,0,2,1,1,0,0,1,1,0,0,0,0,0,0,0,0,0,0,0
"Seguridad","Sonora","Trata de personas",NA,0,0,0,0,0,0,0,0,0,0,0,0,0,0,0,0,0,0,0,0,0,0,0,0,0,0,0,0,0,0,0,0,0,0,0,0,0,0,0,0,0,0,0,0,0,1,0,0,1,0,0,0,0,0,0,0,0,0,0,0,0,0,1,0,0,0,0,0,0,0,0,0,0,0,0,0,0,0,0,0,1,0,0,0,0,0,0,0,0,0,0,0,0,0,0,0,0,0,0,0,0,0,0,0,0,0,0,0,0,0,0,0,0,0,0,0,0,0,0,0,2,0,0,0,1,0,0,0,0,0,0,0
"Seguridad","Tabasco","Trata de personas",NA,0,0,3,1,0,0,3,0,1,0,2,2,2,4,0,2,0,1,0,1,0,2,1,0,0,1,0,1,4,2,2,2,0,1,0,2,2,1,2,1,0,4,2,2,2,0,2,0,1,0,0,0,0,0,0,0,0,1,0,0,0,1,1,0,0,0,0,0,0,0,0,1,0,1,0,0,1,0,0,0,0,0,0,0,0,0,0,0,1,0,0,1,0,0,0,0,0,0,0,0,0,1,0,0,0,0,0,0,0,0,0,1,0,0,0,0,0,0,0,0,0,0,0,0,0,0,0,0,0,0,0,0
"Seguridad","Tamaulipas","Trata de personas",NA,1,0,0,0,1,1,0,0,0,0,0,0,0,0,2,0,0,0,0,0,0,1,1,2,0,3,1,1,0,0,0,2,0,3,0,1,1,1,0,0,0,0,0,0,0,0,0,0,0,2,0,0,2,0,0,1,3,3,0,1,0,0,1,0,0,0,0,0,2,1,1,0,0,0,0,1,0,1,0,2,0,0,0,0,1,0,0,0,0,0,0,0,0,0,1,0,0,1,1,1,1,1,1,0,0,0,0,0,1,0,0,1,0,1,0,0,1,0,2,2,0,1,1,1,0,0,0,0,0,0,0,0
"Seguridad","Tlaxcala","Trata de personas",NA,0,1,1,3,0,0,0,0,0,0,0,0,0,0,0,0,0,0,1,1,0,1,0,1,1,0,0,0,0,2,0,0,0,2,3,2,4,3,3,3,0,2,2,1,1,0,2,0,1,0,0,0,0,0,0,0,1,0,1,0,0,1,4,1,1,2,0,0,2,2,1,1,0,0,0,0,0,1,0,0,0,1,0,0,0,0,0,0,0,1,0,0,0,0,0,0,0,0,0,0,0,0,0,0,0,0,0,0,0,0,0,0,0,0,0,0,0,0,0,0,0,0,0,0,0,0,0,0,0,0,0,0
"Seguridad","Veracruz de Ignacio de la Llave","Trata de personas",NA,1,0,0,0,0,0,1,0,0,0,1,0,0,0,0,0,2,0,0,0,0,0,0,0,1,0,2,4,1,2,2,0,4,0,1,1,0,0,0,0,0,0,0,0,2,2,0,0,0,0,1,1,0,0,0,1,0,0,0,0,0,1,0,0,2,0,1,0,2,1,1,0,0,2,0,2,0,0,3,2,0,0,2,0,0,0,1,0,0,1,0,2,1,0,1,0,0,0,0,0,0,0,3,4,3,1,0,0,0,1,1,0,1,1,1,3,2,0,0,0,0,0,0,2,1,0,0,0,0,0,0,0
"Seguridad","Yucatán","Trata de personas",NA,0,0,0,0,0,0,0,0,0,0,0,0,0,0,0,0,0,0,0,0,0,0,0,0,0,0,0,0,0,0,0,0,0,0,0,0,0,0,0,1,0,0,0,0,1,1,2,0,0,0,0,0,5,0,0,1,0,4,0,1,7,0,0,1,0,1,2,2,1,3,0,3,0,0,1,0,0,0,2,0,1,0,1,0,0,0,0,0,0,1,1,0,0,0,0,0,0,0,0,0,0,0,0,0,0,0,0,0,0,0,0,0,0,0,0,0,0,0,0,0,0,0,0,0,0,0,0,0,0,0,0,0
"Seguridad","Zacatecas","Trata de personas",NA,1,1,0,0,0,1,0,0,0,0,0,1,1,1,0,0,0,0,1,0,0,0,0,0,0,0,1,0,1,0,0,1,0,0,2,0,1,0,0,2,0,0,0,0,0,0,0,0,0,2,1,1,0,2,1,0,2,4,1,2,0,1,3,0,0,1,2,0,0,0,0,2,0,1,2,1,0,1,0,2,1,0,0,0,0,1,1,2,2,3,0,1,2,0,4,2,1,1,3,0,2,4,0,3,3,5,2,1,6,3,1,3,5,5,1,2,2,1,0,3,3,3,0,3,2,3,0,0,0,0,0,0
"Seguridad","Aguascalientes","Tráfico de menores",NA,0,0,0,0,0,0,0,0,0,0,0,0,0,0,0,0,0,1,0,0,0,0,0,0,0,0,0,0,0,0,0,1,0,0,0,1,0,0,0,1,0,0,0,0,0,0,0,0,0,0,0,0,0,0,1,0,0,0,0,0,0,0,0,0,0,0,0,0,0,0,0,0,0,0,0,0,0,0,0,0,0,0,0,0,0,0,0,0,0,0,0,0,0,0,0,0,0,0,0,0,0,0,0,0,0,0,0,0,0,0,1,0,0,0,0,0,0,0,0,0,0,0,0,0,0,0,0,0,0,0,0,0
"Seguridad","Baja California","Tráfico de menores",NA,1,0,1,1,0,0,1,1,0,0,0,0,0,0,0,0,1,0,0,0,0,0,0,0,0,1,1,2,0,0,1,0,0,0,0,0,0,1,1,1,0,0,0,0,0,0,0,0,0,0,0,0,1,0,0,0,0,0,0,0,0,0,1,0,0,0,0,0,0,1,0,1,0,0,0,0,1,0,2,0,0,0,0,0,0,0,0,0,0,0,0,0,0,0,0,0,0,0,0,0,0,0,0,0,0,1,0,0,0,0,0,0,0,0,0,0,0,0,0,0,0,0,0,0,0,0,0,0,0,0,0,0
"Seguridad","Baja California Sur","Tráfico de menores",NA,0,0,0,0,0,0,0,0,0,0,0,0,0,0,0,0,0,0,0,0,0,0,0,0,0,0,0,0,0,0,0,0,0,0,0,0,0,0,0,0,0,0,0,0,0,0,0,0,0,0,0,0,0,0,0,0,0,0,0,0,0,0,0,0,0,0,0,0,0,0,0,0,0,0,0,0,0,0,0,0,0,0,0,0,0,0,0,0,0,0,0,0,0,0,0,0,0,0,0,0,0,0,0,0,0,0,0,0,0,0,0,0,0,0,0,0,0,0,0,0,0,0,0,0,0,0,0,0,0,0,0,0
"Seguridad","Campeche","Tráfico de menores",NA,0,0,0,0,0,0,0,0,0,0,0,0,0,0,0,0,0,0,0,0,0,0,0,0,0,0,0,0,0,0,0,0,0,0,0,0,0,0,0,0,0,0,0,0,0,0,0,0,0,0,0,0,0,0,0,0,0,0,0,0,0,0,0,0,0,0,0,0,0,0,0,0,0,0,0,0,0,0,0,0,0,0,0,0,0,0,0,0,0,0,0,0,0,0,0,0,0,0,0,0,0,0,0,0,0,0,0,0,0,0,0,0,0,0,0,0,0,0,0,0,0,0,0,0,0,0,0,0,0,0,0,0
"Seguridad","Chiapas","Tráfico de menores",NA,0,0,0,1,0,1,0,0,0,0,0,0,1,2,0,0,0,0,0,3,1,0,0,0,0,0,0,0,0,0,0,0,0,0,0,1,0,0,1,0,0,0,0,1,0,0,0,0,0,0,0,0,0,0,1,0,0,0,1,0,0,0,0,0,0,1,0,0,0,0,0,0,1,0,0,0,0,0,0,0,0,1,0,0,0,0,0,0,0,0,0,0,0,0,0,0,0,0,0,0,0,0,0,0,0,0,0,0,0,0,0,0,0,0,0,0,0,0,0,0,0,0,0,0,0,1,0,0,0,0,0,0
"Seguridad","Chihuahua","Tráfico de menores",NA,0,0,0,0,1,0,1,0,0,0,0,0,0,0,0,0,0,0,0,0,0,0,0,0,0,1,0,0,0,0,0,1,0,0,0,0,0,0,0,0,0,0,0,0,0,0,0,0,0,0,0,0,1,0,0,0,0,1,1,0,1,1,0,0,0,0,0,0,0,0,1,0,1,0,1,0,0,0,0,0,0,0,0,0,0,0,0,0,0,0,0,0,0,0,0,0,0,0,0,0,0,0,0,0,0,0,0,0,0,0,0,0,0,0,0,0,0,0,0,0,0,0,0,0,0,0,0,0,0,0,0,0
"Seguridad","Ciudad de México","Tráfico de menores",NA,1,0,0,1,1,0,0,0,0,1,0,0,0,0,0,1,1,0,0,0,0,0,1,2,0,0,0,0,0,0,1,0,0,1,0,0,0,0,0,1,1,0,0,0,0,0,0,0,0,0,0,0,0,0,0,0,0,0,0,0,0,0,0,0,0,0,0,0,0,0,0,1,0,0,1,0,0,0,0,0,0,0,1,0,0,0,0,0,0,0,0,0,1,0,1,0,0,0,1,0,0,0,0,1,0,0,0,0,0,0,0,0,0,0,0,0,1,0,2,0,0,0,0,0,1,0,0,0,0,0,0,0
"Seguridad","Coahuila de Zaragoza","Tráfico de menores",NA,0,0,0,0,0,0,0,0,0,0,0,0,0,0,0,0,0,0,0,0,0,1,0,0,0,0,0,0,0,0,0,0,0,0,0,0,0,0,0,0,0,0,0,0,0,0,0,0,0,0,0,0,0,0,0,0,0,0,0,0,0,0,0,0,0,0,0,0,0,0,0,0,0,0,0,0,0,0,0,0,0,0,0,0,0,0,0,0,0,0,0,0,0,0,0,0,0,0,0,0,0,0,0,0,0,0,0,0,0,0,0,0,0,0,0,0,0,0,0,0,0,0,0,0,0,0,0,0,0,0,0,0
"Seguridad","Colima","Tráfico de menores",NA,0,0,0,0,0,0,0,0,0,0,0,0,0,0,0,0,0,0,0,0,0,0,0,0,0,0,0,0,0,0,0,0,0,0,0,0,0,0,0,0,0,0,0,0,0,0,0,0,0,0,0,0,0,0,0,0,0,0,0,0,0,0,0,0,0,0,0,0,0,0,0,0,0,0,0,0,0,0,0,0,0,0,0,0,0,0,0,0,0,0,0,0,0,0,0,0,0,0,0,0,0,0,0,0,0,0,0,0,0,0,0,0,0,0,0,0,0,0,0,0,0,0,0,0,0,0,0,0,0,0,0,0
"Seguridad","Durango","Tráfico de menores",NA,0,0,0,0,1,0,0,0,0,0,0,0,0,0,0,0,0,0,0,0,0,0,0,0,0,0,0,0,0,0,0,0,0,0,0,0,0,0,0,0,0,0,0,0,0,0,0,0,0,0,0,0,0,0,0,0,0,0,0,0,0,0,0,0,0,0,0,0,0,0,0,0,0,0,0,0,0,0,0,0,0,0,0,0,0,0,0,0,0,0,0,0,0,0,0,0,0,0,0,0,0,0,0,0,0,0,0,0,0,0,0,0,0,0,0,0,0,0,0,0,0,0,0,0,0,0,0,0,0,0,0,0
"Seguridad","Guanajuato","Tráfico de menores",NA,1,1,2,2,1,1,0,1,2,4,1,2,0,2,1,1,1,1,0,0,0,0,0,1,0,1,2,0,0,1,0,2,2,2,0,0,1,0,0,1,2,0,2,0,1,0,0,0,0,0,0,3,1,1,1,1,1,0,2,0,0,0,0,0,0,0,0,0,0,2,0,0,0,0,0,0,0,0,0,0,0,0,1,0,0,0,0,0,0,0,0,0,0,0,1,0,0,0,2,0,0,0,1,0,0,0,0,0,0,1,0,1,0,0,1,1,0,0,1,0,0,0,0,0,0,0,0,0,0,0,0,0
"Seguridad","Guerrero","Tráfico de menores",NA,0,0,0,0,0,0,0,0,0,0,0,0,0,0,0,0,0,0,0,0,0,0,0,0,0,0,0,0,0,0,0,0,0,0,0,0,0,0,0,0,0,0,0,0,0,0,0,0,0,0,0,0,0,0,0,0,0,1,0,0,0,0,0,0,0,0,0,1,0,0,0,0,1,1,0,0,1,0,0,0,0,0,0,1,0,0,0,0,0,0,0,0,0,0,0,0,0,0,0,0,0,0,0,0,0,0,0,0,0,0,0,0,0,0,0,0,0,1,0,0,0,0,0,0,0,0,0,0,0,0,0,0
"Seguridad","Hidalgo","Tráfico de menores",NA,0,1,0,0,0,0,0,0,0,0,0,0,0,0,0,0,0,0,0,0,0,0,0,0,0,0,0,0,0,0,0,0,0,0,0,0,0,0,0,0,0,0,0,0,0,0,1,0,0,0,0,0,0,0,0,0,0,0,1,0,0,0,0,0,0,0,0,0,0,0,1,0,0,1,0,1,0,0,0,0,0,0,0,0,0,0,0,0,0,0,0,0,0,0,0,0,0,0,0,0,0,0,0,0,0,0,0,0,0,0,0,0,0,0,0,0,0,0,0,0,0,0,0,0,0,0,0,0,0,0,0,0
"Seguridad","Jalisco","Tráfico de menores",NA,0,0,1,0,0,0,0,0,0,1,1,1,0,2,0,0,0,0,0,1,1,0,0,0,0,0,0,0,0,0,0,0,0,0,0,0,1,0,0,2,0,0,0,0,0,1,0,0,0,0,0,0,0,0,0,0,0,0,0,0,0,0,0,0,0,1,0,0,0,0,0,0,0,0,0,0,1,0,0,0,0,0,0,0,0,0,0,1,0,0,0,0,0,0,0,0,0,0,0,0,0,0,0,0,0,0,0,0,0,0,0,0,1,0,1,1,0,0,0,0,0,0,0,0,0,0,0,0,0,0,0,0
"Seguridad","Michoacán de Ocampo","Tráfico de menores",NA,1,0,1,0,0,0,0,0,0,1,0,0,1,0,0,0,0,0,0,0,0,0,0,1,0,0,0,0,0,0,0,0,0,0,0,0,0,0,0,0,0,1,0,0,0,1,0,0,0,0,0,0,0,0,0,0,0,0,0,0,0,0,0,0,0,1,0,0,0,0,0,0,0,0,0,0,0,0,0,0,0,0,0,0,0,0,0,0,0,0,0,0,0,0,0,0,0,0,0,0,0,0,0,0,0,0,0,0,0,0,0,0,0,0,0,0,0,0,0,0,0,0,0,0,0,0,0,0,0,0,0,0
"Seguridad","Morelos","Tráfico de menores",NA,1,1,0,1,0,0,0,0,1,0,0,0,0,0,0,0,0,0,0,0,0,0,0,0,0,0,0,0,0,0,0,0,0,0,0,0,0,0,0,0,0,0,0,0,0,0,0,0,0,0,0,0,0,1,0,0,0,0,0,1,0,0,0,0,0,0,0,0,0,0,0,0,0,0,0,0,0,0,0,0,0,0,0,0,0,0,0,0,0,0,0,0,0,0,0,0,0,0,0,0,0,0,0,0,0,0,0,0,0,0,0,0,0,0,0,0,0,0,0,0,0,0,0,0,2,0,0,0,0,0,0,0
"Seguridad","México","Tráfico de menores",NA,0,0,0,0,3,0,0,2,0,1,0,0,0,0,0,0,1,0,0,0,0,0,0,0,0,0,0,0,0,0,0,0,0,0,0,0,0,0,0,0,0,0,0,0,1,0,0,0,0,0,0,0,0,0,0,0,0,0,0,0,0,0,0,1,0,0,0,0,0,0,0,0,0,0,0,0,0,0,0,0,0,0,0,0,0,0,1,0,0,0,0,0,0,0,0,0,0,0,0,0,0,0,0,0,0,0,0,0,0,0,0,0,0,0,0,0,0,0,0,0,0,0,0,0,0,0,0,0,0,0,0,0
"Seguridad","Nayarit","Tráfico de menores",NA,0,0,0,0,0,0,0,0,0,0,0,0,0,0,0,0,0,0,0,0,0,0,0,0,6,1,2,0,0,0,0,0,0,0,0,0,0,0,0,0,0,0,0,0,0,0,0,0,0,0,0,0,0,0,0,0,0,0,0,0,0,0,0,0,0,0,0,0,0,0,0,0,0,0,0,0,0,0,0,0,0,0,0,0,0,0,0,0,0,0,0,0,0,0,0,0,0,0,0,0,0,0,0,0,0,0,0,0,0,0,0,0,0,0,0,0,0,0,0,0,0,0,0,0,0,0,0,0,0,0,0,0
"Seguridad","Nuevo León","Tráfico de menores",NA,0,0,0,0,0,0,0,1,0,1,1,0,0,1,0,0,0,0,0,0,0,0,0,0,0,0,0,0,0,0,1,0,0,0,1,0,0,0,1,0,0,0,0,0,0,0,0,0,0,0,1,0,0,0,0,0,0,0,0,0,0,0,0,0,0,0,1,0,0,0,0,0,0,0,0,0,0,0,0,0,0,0,0,0,0,0,0,0,0,0,0,0,0,0,0,0,0,0,0,0,0,0,0,0,0,0,0,0,0,0,0,0,0,0,0,0,0,0,0,0,0,0,0,0,0,0,0,0,0,0,0,0
"Seguridad","Oaxaca","Tráfico de menores",NA,0,0,0,0,0,0,0,0,0,0,0,0,0,0,0,0,0,0,0,0,0,0,0,0,0,0,0,1,0,0,0,0,1,0,0,0,0,1,0,1,0,1,0,0,0,0,0,0,0,0,0,0,0,0,0,0,0,0,0,0,0,0,0,0,0,0,0,0,0,0,0,0,0,0,0,1,0,0,0,0,0,0,0,0,0,0,0,0,0,0,0,0,0,0,0,0,0,0,0,0,0,0,0,0,0,0,0,0,0,0,0,0,0,0,0,0,0,0,0,0,0,0,0,0,0,0,0,0,0,0,0,0
"Seguridad","Puebla","Tráfico de menores",NA,0,0,0,0,0,0,0,0,0,0,0,0,0,0,0,0,0,0,0,0,0,0,0,0,0,0,0,0,0,0,0,0,0,0,0,0,0,0,0,0,0,0,0,0,0,0,0,0,0,0,0,0,0,0,0,0,0,0,0,0,0,0,0,0,0,0,0,0,0,0,0,0,0,0,0,0,0,0,0,0,0,0,0,0,0,0,0,0,0,0,0,0,0,0,0,0,0,0,0,0,0,0,0,0,0,0,0,0,0,0,0,0,0,0,0,0,0,0,0,0,0,0,0,0,0,0,0,0,0,0,0,0
"Seguridad","Querétaro","Tráfico de menores",NA,0,0,0,0,0,0,0,0,0,0,0,0,0,0,0,0,0,0,0,0,0,0,0,0,0,0,0,0,0,0,0,0,0,0,0,0,0,0,0,0,0,0,0,0,0,0,0,0,0,0,0,0,0,0,0,0,0,0,0,0,0,0,0,0,0,0,0,0,0,0,0,0,0,0,0,0,0,0,0,0,0,0,0,0,0,0,0,0,0,0,0,0,0,0,0,0,0,0,0,0,0,0,0,0,0,0,0,0,0,0,0,0,0,0,0,0,0,0,0,0,0,0,0,0,0,0,0,0,0,0,0,0
"Seguridad","Quintana Roo","Tráfico de menores",NA,0,0,0,0,0,0,0,0,0,0,0,0,0,0,0,0,1,0,0,0,0,0,0,0,0,0,0,0,0,0,0,0,0,0,0,0,0,0,0,0,1,0,0,0,0,0,0,0,0,0,0,0,0,0,0,1,0,0,0,0,0,0,0,0,0,0,0,1,0,1,0,1,0,0,1,0,0,0,0,0,0,0,0,0,0,0,0,0,0,0,0,0,0,0,1,0,0,0,0,0,0,0,0,0,1,0,0,0,0,0,0,0,0,0,0,0,0,0,0,0,0,0,0,0,0,0,0,0,0,0,0,0
"Seguridad","San Luis Potosí","Tráfico de menores",NA,0,0,0,0,0,0,0,0,0,0,1,0,0,0,0,0,0,0,0,1,1,0,0,0,0,0,1,0,0,0,1,1,0,0,0,0,0,0,0,0,0,1,0,0,1,2,0,1,1,0,0,0,0,1,0,0,0,1,1,0,0,0,0,0,0,0,0,0,0,0,1,0,0,0,2,1,0,1,0,0,0,0,0,0,0,0,1,2,0,0,1,0,0,0,0,0,0,1,0,0,0,0,0,0,0,1,0,0,0,0,0,0,0,0,0,0,0,0,0,0,1,0,0,0,0,0,0,0,0,0,0,0
"Seguridad","Sinaloa","Tráfico de menores",NA,0,0,0,0,0,0,1,0,0,0,0,0,0,0,0,0,0,0,0,1,0,0,0,0,0,0,0,0,0,0,0,0,0,1,0,0,1,0,0,0,1,1,0,0,0,0,0,0,0,0,0,0,0,0,0,0,0,0,0,0,1,0,0,0,0,0,0,0,0,0,0,0,0,0,0,1,1,0,0,0,0,0,0,0,0,0,0,0,1,0,0,0,0,0,0,0,0,0,0,0,0,0,0,0,0,1,0,0,0,0,1,0,0,0,0,1,0,0,0,0,0,0,0,0,0,0,0,0,0,0,0,0
"Seguridad","Sonora","Tráfico de menores",NA,3,7,6,5,0,5,4,2,0,3,3,2,7,6,16,16,15,30,15,9,8,17,15,11,18,13,20,9,8,12,9,15,10,7,11,3,0,0,0,0,0,0,0,0,0,0,0,0,0,0,0,0,0,0,0,0,0,0,0,0,0,0,0,0,0,0,0,0,0,0,0,0,0,0,0,0,0,0,0,0,0,0,0,0,0,0,0,0,0,0,0,0,0,0,0,0,0,0,0,0,0,0,0,0,0,0,0,0,0,0,0,0,0,0,0,0,0,0,0,0,0,0,0,0,0,0,0,0,0,0,0,0
"Seguridad","Tabasco","Tráfico de menores",NA,0,0,0,0,0,0,1,0,0,0,0,0,0,0,0,0,0,1,0,1,0,0,0,1,0,1,0,0,0,0,0,0,0,0,0,0,0,0,0,0,0,0,0,0,0,0,0,0,0,0,0,0,1,0,1,0,0,0,0,0,0,0,0,0,0,0,0,0,0,0,0,0,0,0,0,1,0,0,0,0,0,0,0,0,0,0,0,0,0,0,0,0,0,0,0,0,0,0,1,0,0,0,0,1,0,0,0,0,0,0,0,0,0,0,0,0,0,0,0,0,0,0,0,0,0,0,0,0,0,0,0,0
"Seguridad","Tamaulipas","Tráfico de menores",NA,0,0,0,0,0,0,0,0,0,0,0,0,0,0,0,0,0,0,0,0,0,0,0,0,0,0,0,0,0,0,0,0,0,0,0,0,0,0,0,0,0,0,0,0,0,0,0,0,0,0,0,0,0,0,0,0,0,0,0,0,0,0,0,0,0,0,0,0,0,0,0,0,0,0,0,0,0,0,2,0,0,0,0,0,0,0,0,0,1,0,0,0,0,0,0,0,0,0,0,0,0,0,0,0,0,0,0,0,0,0,0,0,0,0,0,0,0,0,0,0,0,0,0,0,0,0,0,0,0,0,0,0
"Seguridad","Tlaxcala","Tráfico de menores",NA,0,0,0,0,0,0,0,0,0,0,0,0,0,0,0,0,0,0,0,0,0,0,0,0,0,0,0,0,0,0,0,0,0,0,0,0,0,0,0,0,0,0,0,0,0,0,0,0,0,0,0,0,0,0,0,0,0,0,0,0,0,0,0,0,0,0,0,0,0,0,0,0,0,0,0,0,0,0,0,0,0,0,0,0,0,0,0,0,0,0,0,0,0,0,0,0,0,0,0,0,0,0,0,0,0,0,0,0,0,0,0,0,0,0,0,0,0,0,0,0,0,0,0,0,0,0,0,0,0,0,0,0
"Seguridad","Veracruz de Ignacio de la Llave","Tráfico de menores",NA,0,0,0,0,0,0,0,0,0,0,0,0,1,0,0,0,0,0,0,0,0,0,0,0,1,0,0,0,0,0,0,0,0,0,0,0,1,0,0,0,1,1,0,0,1,0,0,0,0,0,0,0,0,0,0,0,0,0,0,0,0,0,0,0,0,0,0,0,0,0,0,0,1,0,0,0,0,0,0,0,0,0,0,0,0,0,0,0,0,0,0,1,0,0,0,0,0,0,0,0,0,0,0,0,0,0,0,0,0,0,0,0,0,0,0,0,0,0,0,0,0,0,0,0,0,0,0,0,0,0,0,0
"Seguridad","Yucatán","Tráfico de menores",NA,0,0,0,0,0,0,0,0,0,0,0,0,0,0,0,0,0,0,0,0,0,0,0,0,0,0,0,0,0,0,0,0,0,0,0,0,0,0,0,0,0,0,0,0,0,0,0,0,0,0,0,0,0,0,0,0,0,0,0,0,0,0,0,0,0,0,0,0,0,0,0,0,0,0,0,0,0,0,0,0,0,0,0,0,0,0,0,0,0,0,0,0,0,0,0,0,0,0,0,0,0,0,0,0,0,0,0,0,0,0,0,0,0,0,0,0,0,0,0,0,0,0,0,0,0,0,0,0,0,0,0,0
"Seguridad","Zacatecas","Tráfico de menores",NA,0,0,0,0,0,0,0,0,0,0,0,0,0,0,0,0,0,0,0,0,0,0,0,0,0,0,0,0,0,0,0,0,0,0,0,0,0,0,0,0,0,0,0,0,0,0,0,0,0,0,0,0,0,0,0,0,0,0,0,0,0,0,0,0,0,0,0,0,0,0,0,0,0,0,0,0,0,0,0,0,0,0,0,0,0,0,0,0,0,0,0,0,0,0,0,0,0,0,0,0,0,0,0,0,0,0,0,0,0,0,0,0,0,0,0,0,0,0,0,0,0,0,0,0,0,0,0,0,0,0,0,0
"Seguridad","Aguascalientes","Violación equiparada",NA,0,5,3,7,3,4,4,4,3,5,3,0,2,3,2,4,7,2,7,3,4,3,7,1,5,3,1,6,8,6,5,5,5,8,8,3,4,3,7,5,3,6,8,5,3,3,9,2,2,6,6,9,13,8,3,11,7,5,9,7,11,8,1,8,6,6,5,9,11,10,8,6,12,11,13,9,14,7,4,11,11,5,4,9,6,8,10,9,13,12,6,12,9,9,6,12,8,14,15,14,9,11,16,12,13,14,15,9,7,13,4,15,16,8,18,14,18,9,8,11,12,12,8,13,16,20,0,0,0,0,0,0
"Seguridad","Baja California","Violación equiparada",NA,32,29,37,35,40,26,30,35,38,41,17,25,23,33,33,36,45,32,38,33,30,20,28,21,28,32,41,35,40,39,23,25,24,23,21,18,22,27,18,29,27,48,30,28,26,18,20,27,26,27,19,27,38,28,34,40,34,29,21,13,34,30,34,24,13,18,28,26,25,33,18,13,17,17,25,27,29,38,39,39,25,34,28,28,23,26,38,35,33,29,36,29,25,41,15,14,23,18,25,25,20,28,32,28,24,25,31,17,18,20,10,38,25,20,29,21,36,22,16,16,12,9,18,20,20,15,0,0,0,0,0,0
"Seguridad","Baja California Sur","Violación equiparada",NA,0,0,0,0,2,0,0,0,1,0,0,0,0,0,0,3,0,0,0,1,1,0,0,1,1,2,7,1,0,2,4,1,0,1,2,0,2,1,2,6,1,1,2,1,6,1,1,0,2,4,0,2,2,0,5,5,2,2,2,1,9,2,3,1,3,3,4,6,6,5,7,2,6,7,5,3,2,8,2,2,4,5,2,1,3,1,7,3,5,7,3,1,6,1,3,3,0,4,3,3,3,3,4,2,3,2,5,1,2,2,2,5,2,4,2,5,1,2,4,2,5,6,3,0,3,2,0,0,0,0,0,0
"Seguridad","Campeche","Violación equiparada",NA,4,3,2,0,2,0,5,3,1,7,5,3,4,2,2,12,11,5,11,7,3,9,4,5,4,8,6,3,5,12,6,9,10,4,4,11,9,5,5,5,14,13,10,7,10,13,11,15,13,19,16,20,19,28,27,15,17,6,13,18,15,15,18,6,6,6,5,14,15,18,17,14,16,22,14,14,15,20,7,18,12,16,27,28,16,20,13,27,21,23,24,28,20,18,18,22,18,25,15,19,18,22,19,17,26,23,18,17,15,13,16,16,19,14,11,16,14,17,17,13,18,14,23,13,22,14,0,0,0,0,0,0
"Seguridad","Chiapas","Violación equiparada",NA,0,3,0,0,2,2,4,4,1,0,2,6,7,4,4,15,11,7,17,17,10,11,14,6,6,9,12,7,11,12,9,10,8,9,4,7,4,4,2,7,3,7,2,0,14,11,8,1,0,0,0,2,0,0,0,0,0,0,0,0,0,0,0,0,0,0,0,0,0,0,0,0,0,0,0,0,0,2,1,0,2,1,1,0,1,6,2,1,2,4,4,0,0,3,2,0,0,2,2,2,2,1,1,3,0,1,0,1,0,2,1,1,0,0,0,1,0,1,1,0,1,0,1,1,4,1,0,0,0,0,0,0
"Seguridad","Chihuahua","Violación equiparada",NA,13,22,27,17,28,20,18,12,19,21,16,10,14,9,24,12,18,18,23,16,21,18,18,14,9,13,23,20,19,29,16,20,16,16,17,14,11,26,27,16,22,22,16,28,11,19,12,8,27,23,31,20,27,20,28,16,22,24,17,19,19,16,15,11,21,20,29,17,26,22,17,35,16,30,24,24,34,30,22,28,23,28,27,23,16,17,33,32,26,28,27,29,16,27,30,10,21,19,26,20,23,23,22,27,16,23,32,10,11,19,27,25,34,24,29,15,22,43,31,20,15,17,51,30,39,22,0,0,0,0,0,0
"Seguridad","Ciudad de México","Violación equiparada",NA,7,4,7,1,8,8,5,5,5,8,7,2,1,4,2,2,3,4,12,13,8,8,4,5,3,7,5,6,7,2,5,4,2,1,4,2,14,4,5,6,7,14,17,16,11,11,20,20,13,22,20,21,33,23,26,33,17,27,33,22,31,47,37,24,24,24,38,37,52,54,45,40,32,63,79,75,89,73,66,58,68,84,64,68,95,110,200,176,150,159,132,142,125,137,151,126,154,152,199,168,188,196,168,158,137,178,118,132,127,141,156,169,155,148,157,137,161,138,137,109,108,113,142,133,140,109,0,0,0,0,0,0
"Seguridad","Coahuila de Zaragoza","Violación equiparada",NA,1,2,5,5,3,7,5,6,2,2,0,4,2,6,2,5,10,14,12,4,5,10,5,10,3,8,12,5,7,11,8,10,12,13,11,3,5,9,17,15,23,13,10,12,8,4,12,6,14,12,13,19,10,4,7,10,14,9,8,8,8,7,13,14,10,12,19,4,15,16,12,9,16,34,18,23,31,9,24,18,28,24,27,12,13,23,31,28,21,35,10,22,45,21,21,29,21,29,50,31,38,46,38,29,28,27,29,37,14,41,37,29,47,27,29,41,29,46,30,14,21,38,52,26,31,31,0,0,0,0,0,0
"Seguridad","Colima","Violación equiparada",NA,0,0,0,0,0,0,0,0,0,0,0,0,0,0,0,0,0,0,0,0,0,0,0,0,3,1,0,0,0,0,0,0,0,0,0,0,0,1,1,0,2,2,0,0,3,0,0,1,2,2,3,3,0,2,1,0,0,0,0,0,1,1,0,1,0,1,2,0,0,0,0,0,0,0,0,0,0,0,0,0,0,0,0,0,0,0,0,0,0,0,0,0,0,0,0,0,0,0,0,0,0,0,0,0,0,0,0,0,0,0,0,0,0,0,0,0,0,0,0,0,0,0,0,0,0,0,0,0,0,0,0,0
"Seguridad","Durango","Violación equiparada",NA,0,0,0,2,0,0,0,0,0,0,0,0,0,0,0,0,0,0,0,0,0,0,1,0,1,0,7,0,3,4,2,0,1,3,0,2,5,5,2,1,2,0,0,4,4,1,3,0,0,0,0,0,1,0,0,0,0,0,0,0,0,2,0,0,0,0,0,0,0,0,0,0,0,2,1,0,2,0,0,0,0,0,0,0,0,1,1,0,0,1,0,0,0,1,0,0,0,0,0,0,0,0,0,0,0,0,0,0,0,0,0,0,0,0,0,0,0,0,0,0,0,0,0,0,0,0,0,0,0,0,0,0
"Seguridad","Guanajuato","Violación equiparada",NA,2,3,3,3,4,4,10,4,4,6,4,5,3,2,8,4,2,3,1,0,0,3,2,1,1,5,2,1,3,4,1,2,0,1,2,0,1,5,2,6,3,2,6,4,6,2,2,0,2,1,3,2,3,5,5,2,2,5,2,4,2,8,1,5,2,3,5,3,5,3,1,4,6,4,5,7,6,12,9,5,6,4,9,5,12,6,5,10,10,7,6,9,8,11,5,1,4,9,11,10,13,8,8,9,11,6,6,3,3,7,7,11,13,6,1,8,12,10,6,9,7,8,9,11,12,7,0,0,0,0,0,0
"Seguridad","Guerrero","Violación equiparada",NA,5,2,2,4,6,4,6,4,5,6,6,3,3,6,9,10,11,9,3,6,1,7,2,5,4,1,4,3,4,4,6,8,14,6,3,1,2,1,5,2,9,9,6,0,0,5,4,11,6,6,11,7,13,9,5,12,8,11,9,6,7,17,14,7,9,12,13,11,18,17,22,14,11,12,14,12,20,13,14,10,10,20,17,21,12,12,16,18,22,19,15,14,12,19,18,13,23,19,26,9,22,17,11,19,16,11,7,11,9,7,15,18,15,12,13,17,12,23,11,21,14,19,12,15,18,17,0,0,0,0,0,0
"Seguridad","Hidalgo","Violación equiparada",NA,0,0,0,0,0,0,0,0,0,0,0,0,5,0,0,0,0,0,0,0,0,0,0,0,0,0,0,0,0,0,0,0,0,0,0,0,0,0,0,0,0,0,0,0,0,0,2,0,0,0,0,0,0,0,0,0,0,0,0,0,32,51,28,18,12,13,29,27,27,38,31,28,21,21,38,20,36,39,26,36,33,31,46,20,33,30,37,48,47,62,38,59,50,54,57,28,57,43,51,40,54,63,51,36,33,31,53,18,42,46,33,62,45,41,21,26,11,34,31,25,48,34,50,45,0,42,0,0,0,0,0,0
"Seguridad","Jalisco","Violación equiparada",NA,0,0,0,1,0,0,0,0,0,4,1,0,0,1,1,0,0,0,2,0,0,0,0,0,0,0,0,0,0,0,0,0,0,0,0,0,2,0,0,0,0,0,0,0,0,0,0,0,0,0,0,0,0,0,0,0,0,0,0,0,0,0,0,0,0,0,0,0,0,0,0,0,0,0,0,0,0,0,0,0,0,0,0,0,0,0,0,0,2,1,5,3,6,10,4,10,2,9,12,3,0,4,3,1,3,2,5,3,4,13,6,1,1,3,5,3,6,1,0,1,6,1,0,2,3,2,0,0,0,0,0,0
"Seguridad","Michoacán de Ocampo","Violación equiparada",NA,0,0,0,0,0,0,0,1,0,2,0,0,3,1,2,1,0,1,0,3,3,0,1,2,3,2,6,4,3,3,4,4,3,5,3,1,3,3,3,1,2,6,4,5,6,9,2,2,8,2,3,9,10,6,1,6,10,6,2,11,6,8,13,10,6,7,12,4,5,10,6,11,4,14,10,14,15,12,8,13,11,12,6,3,10,9,9,19,10,7,16,8,14,17,12,10,14,19,15,15,19,12,17,13,9,10,14,8,9,12,17,18,11,16,15,13,12,13,17,12,12,22,21,23,29,20,0,0,0,0,0,0
"Seguridad","Morelos","Violación equiparada",NA,1,0,0,0,0,0,0,0,0,0,1,0,0,0,1,0,0,1,1,0,0,0,0,0,1,0,0,1,0,0,0,0,0,0,0,0,0,0,0,0,0,1,0,0,0,0,0,2,0,0,2,0,0,2,0,1,0,0,0,0,0,1,4,0,0,0,4,3,2,0,0,1,0,0,0,0,0,0,0,0,0,0,0,0,0,0,1,0,0,2,0,0,0,0,0,0,0,0,0,0,0,0,0,1,1,0,1,2,3,0,2,2,3,0,0,0,0,0,0,0,0,2,0,0,0,0,0,0,0,0,0,0
"Seguridad","México","Violación equiparada",NA,37,48,44,52,57,49,41,54,49,53,52,45,43,49,76,83,52,47,35,53,77,89,78,76,15,56,78,71,87,109,66,65,83,85,76,49,44,45,56,70,70,38,69,55,65,78,65,46,62,70,77,55,93,91,70,62,78,64,60,6,49,82,54,44,42,59,48,66,93,94,88,75,57,60,113,102,99,126,110,91,113,131,121,129,115,123,163,136,184,163,104,115,112,94,84,75,110,93,90,92,70,93,66,64,68,61,51,34,60,55,46,57,41,39,34,45,42,60,39,23,44,34,51,59,47,65,0,0,0,0,0,0
"Seguridad","Nayarit","Violación equiparada",NA,0,1,0,0,0,1,1,3,1,0,0,0,1,0,1,0,1,2,0,0,0,2,1,0,0,1,1,1,0,0,0,0,0,0,2,2,0,0,0,2,0,0,2,0,1,1,1,0,1,1,2,1,3,0,0,0,1,3,2,2,0,0,6,1,0,0,2,2,3,3,1,3,1,3,3,3,2,0,3,0,1,2,2,1,1,1,3,2,2,4,1,5,1,2,8,3,3,4,5,3,10,5,3,3,3,2,3,3,2,2,1,3,1,1,1,5,1,3,0,1,4,0,2,1,3,0,0,0,0,0,0,0
"Seguridad","Nuevo León","Violación equiparada",NA,17,18,29,29,22,23,17,23,17,19,9,10,13,14,18,25,21,29,20,25,19,23,13,15,12,12,27,18,20,27,20,32,20,22,21,15,18,29,26,28,33,32,25,22,27,35,23,19,21,28,24,34,31,28,29,37,35,36,18,30,18,34,29,28,25,30,26,29,30,29,19,30,29,28,47,43,41,49,37,33,44,55,37,44,36,34,75,53,57,60,41,70,51,45,45,51,51,32,49,60,57,63,48,56,47,39,42,32,46,40,42,44,59,40,63,55,46,34,31,34,30,26,40,33,50,50,0,0,0,0,0,0
"Seguridad","Oaxaca","Violación equiparada",NA,0,2,0,0,7,0,0,3,0,0,0,0,4,7,3,4,6,5,6,3,9,0,1,1,3,2,9,7,6,3,8,8,5,15,4,1,5,9,3,7,15,2,3,4,6,7,12,12,12,11,12,21,20,23,14,19,16,28,30,15,17,27,15,19,16,17,24,20,29,22,31,27,22,22,43,31,28,26,35,23,29,27,33,18,24,23,40,20,33,26,31,23,24,21,24,13,25,27,30,29,26,26,24,28,20,26,25,22,19,28,31,24,27,30,15,17,28,31,27,16,27,14,26,34,37,23,0,0,0,0,0,0
"Seguridad","Puebla","Violación equiparada",NA,8,11,11,14,7,12,7,14,13,16,14,8,6,6,5,12,8,10,10,19,10,13,8,5,9,4,13,7,17,15,16,17,15,13,8,13,15,11,21,26,25,20,15,23,33,32,33,17,34,28,28,23,33,28,31,35,34,44,19,20,23,32,28,26,24,27,21,24,33,39,24,23,15,34,40,43,40,35,42,33,34,53,29,31,31,37,26,41,36,28,29,31,37,36,29,19,26,26,44,35,34,48,43,30,34,32,29,35,24,28,25,17,29,25,29,26,16,26,24,17,22,24,15,29,25,25,0,0,0,0,0,0
"Seguridad","Querétaro","Violación equiparada",NA,1,3,3,2,1,2,3,1,3,4,1,5,1,1,4,1,3,6,7,4,6,3,7,6,6,8,4,1,11,10,7,9,9,6,6,4,10,5,6,5,6,9,4,4,6,5,9,4,3,9,8,7,12,5,9,12,5,7,11,14,11,14,4,12,16,20,9,20,13,23,15,13,16,21,28,25,22,13,17,19,21,31,20,21,23,15,28,31,30,27,24,24,18,31,20,25,22,19,26,22,22,14,26,21,26,17,19,19,13,22,14,28,25,9,27,15,31,26,28,17,21,22,23,19,11,18,0,0,0,0,0,0
"Seguridad","Quintana Roo","Violación equiparada",NA,0,0,0,0,0,0,0,0,0,0,0,0,0,2,0,0,1,4,0,3,0,4,1,4,2,1,4,0,1,0,0,0,0,2,0,0,0,0,1,0,0,0,2,0,1,1,1,1,1,0,0,0,1,3,0,1,2,0,0,0,0,0,0,0,0,0,0,0,0,0,0,1,0,0,0,0,0,0,0,0,0,0,8,0,0,0,0,0,0,0,0,0,0,0,0,0,0,0,0,0,0,0,0,0,0,0,0,0,0,0,0,0,0,0,0,0,0,0,0,0,0,0,0,0,0,0,0,0,0,0,0,0
"Seguridad","San Luis Potosí","Violación equiparada",NA,1,5,1,5,1,5,2,2,1,5,0,1,2,4,3,5,4,1,2,4,3,7,6,2,5,3,5,5,6,0,4,0,4,3,0,0,3,2,3,1,8,8,5,4,2,1,1,2,0,0,0,0,0,0,6,0,0,0,0,0,0,0,0,0,0,0,0,0,0,0,0,0,0,0,0,0,0,0,0,0,0,0,0,0,0,0,0,0,0,0,0,0,0,0,0,0,0,0,0,0,0,0,0,0,0,0,0,0,0,0,0,0,0,0,0,0,0,0,0,0,0,0,0,0,0,0,0,0,0,0,0,0
"Seguridad","Sinaloa","Violación equiparada",NA,2,3,5,1,8,7,4,2,2,3,1,1,0,1,3,2,4,6,3,5,5,3,6,2,3,4,3,0,1,4,5,2,3,2,1,2,3,2,4,4,3,1,5,4,4,9,8,0,6,4,6,7,10,2,6,5,7,6,2,4,12,5,6,2,2,10,8,8,8,4,9,5,10,5,8,3,8,12,6,3,7,4,14,10,3,5,7,8,12,8,8,8,5,6,9,7,10,6,5,2,5,1,4,6,6,1,5,2,7,7,7,9,3,8,7,4,4,7,8,8,1,7,8,5,9,9,0,0,0,0,0,0
"Seguridad","Sonora","Violación equiparada",NA,4,3,1,2,2,1,1,0,1,0,2,1,0,3,0,1,2,5,7,6,5,8,7,3,5,2,11,2,7,4,6,3,3,4,0,1,0,2,3,3,3,3,6,3,4,6,4,3,2,0,6,7,3,7,5,3,2,4,15,7,9,4,1,1,9,3,3,2,5,6,10,3,5,5,6,5,7,4,7,6,4,6,6,3,4,3,7,6,11,5,4,3,5,3,1,1,3,6,3,1,2,5,2,3,1,4,2,2,0,4,2,2,2,4,4,7,5,4,8,2,3,1,6,4,3,8,0,0,0,0,0,0
"Seguridad","Tabasco","Violación equiparada",NA,0,0,0,0,0,0,1,0,1,0,0,1,0,0,1,0,0,0,0,1,0,0,0,0,0,0,0,0,0,1,0,0,1,0,0,0,0,0,0,0,0,0,0,0,0,1,0,0,0,0,0,0,0,1,0,0,0,0,0,0,0,0,0,0,0,0,0,0,0,0,0,0,0,1,1,0,1,0,0,0,0,0,0,0,0,0,1,0,0,0,1,0,0,0,0,0,0,0,1,0,0,0,0,0,0,0,0,0,0,0,0,0,0,0,0,0,0,0,0,0,0,0,1,0,1,0,0,0,0,0,0,0
"Seguridad","Tamaulipas","Violación equiparada",NA,0,0,0,0,0,0,0,0,0,0,0,0,0,0,0,0,0,0,0,0,0,0,0,0,0,0,0,0,0,1,0,0,0,0,0,0,0,0,0,0,0,0,0,0,0,0,0,0,0,0,0,0,0,0,0,0,0,0,0,0,0,0,0,0,0,0,0,0,0,0,0,0,0,0,0,0,0,0,0,0,0,0,0,0,1,0,0,0,0,0,0,0,0,0,0,0,0,0,0,0,0,0,0,0,0,0,0,0,0,0,0,0,0,0,0,0,0,0,0,0,0,0,0,0,0,0,0,0,0,0,0,0
"Seguridad","Tlaxcala","Violación equiparada",NA,0,0,0,0,0,0,0,0,0,0,0,0,0,0,0,0,0,0,0,0,0,0,0,0,0,0,0,0,0,0,0,0,0,0,0,0,0,0,0,0,0,0,0,0,0,0,0,0,0,0,0,0,0,0,0,0,0,0,0,0,0,0,0,0,0,0,0,0,0,0,0,0,0,0,0,0,0,0,0,0,0,1,0,0,0,0,1,0,0,0,0,0,0,0,1,0,0,0,0,0,0,0,1,0,0,0,0,0,0,0,0,0,0,0,0,0,0,0,0,0,0,0,0,0,0,0,0,0,0,0,0,0
"Seguridad","Veracruz de Ignacio de la Llave","Violación equiparada",NA,0,0,0,0,0,0,0,0,0,0,0,0,0,0,0,0,0,0,0,1,0,0,1,0,0,0,0,0,1,0,0,0,0,0,0,0,0,0,0,1,0,0,1,0,0,0,0,0,0,0,0,1,0,0,0,0,0,0,1,0,1,1,1,1,1,3,0,1,2,1,2,0,1,3,1,4,1,1,2,1,1,5,2,1,1,0,2,2,1,0,3,3,0,1,3,2,1,0,1,2,0,1,3,1,3,5,2,0,0,2,4,2,2,1,2,1,5,4,2,2,0,1,1,3,1,0,0,0,0,0,0,0
"Seguridad","Yucatán","Violación equiparada",NA,0,0,0,0,0,0,0,0,0,0,0,0,0,0,0,0,0,0,0,0,0,0,1,0,4,1,9,0,4,0,0,0,0,0,1,0,1,0,2,0,0,0,0,1,1,1,1,1,0,1,1,0,0,0,0,0,1,0,0,0,0,0,0,0,0,0,0,0,0,0,0,0,0,0,0,0,0,0,0,0,0,0,0,0,0,0,0,0,0,0,0,0,0,0,0,0,0,0,0,0,0,0,0,0,0,0,0,0,0,0,0,0,0,0,0,0,0,0,0,0,0,0,0,0,0,0,0,0,0,0,0,0
"Seguridad","Zacatecas","Violación equiparada",NA,0,2,2,6,11,7,5,3,7,2,6,6,1,3,5,3,5,4,5,7,10,13,11,7,9,7,8,5,6,7,3,8,4,1,4,2,2,8,10,11,5,11,8,12,8,9,9,8,6,8,13,9,15,9,7,8,17,10,5,3,7,4,10,6,16,10,9,4,14,5,3,4,11,12,13,17,17,10,11,12,13,9,13,12,5,13,15,5,13,7,14,14,10,8,4,9,11,13,11,9,14,17,8,9,9,10,11,7,5,10,7,10,11,10,9,8,12,14,8,10,6,9,6,14,13,12,0,0,0,0,0,0
"Seguridad","Aguascalientes","Violación simple",NA,5,5,3,11,3,15,8,8,6,9,5,6,7,5,11,8,8,12,9,8,7,9,3,12,11,5,11,10,14,19,19,10,8,25,15,14,9,18,16,9,10,14,25,20,19,14,8,13,16,19,23,14,18,19,19,21,19,13,19,16,17,20,24,12,11,22,21,16,16,20,10,17,21,15,19,17,24,24,28,19,23,23,15,27,20,18,23,20,24,26,27,18,21,22,16,15,17,16,26,17,23,26,33,17,18,24,17,17,16,23,21,24,35,17,19,24,26,26,26,17,9,24,18,22,20,21,0,0,0,0,0,0
"Seguridad","Baja California","Violación simple",NA,55,46,56,49,52,75,55,58,69,77,47,57,54,40,59,59,39,53,62,58,57,52,42,42,44,30,66,50,49,53,69,53,69,71,54,59,51,30,52,59,75,66,57,58,51,54,46,44,39,36,61,41,60,69,64,64,63,65,46,37,50,61,49,34,37,41,46,59,45,75,35,37,41,36,56,38,67,55,49,65,48,52,45,38,34,34,51,62,75,59,66,56,60,62,55,46,39,48,61,50,72,78,64,50,72,74,54,55,41,55,52,56,51,62,53,51,84,60,57,48,44,56,51,54,49,58,0,0,0,0,0,0
"Seguridad","Baja California Sur","Violación simple",NA,8,13,17,11,7,16,17,8,6,6,9,13,9,15,28,21,10,13,13,27,7,12,15,15,14,12,8,7,12,18,8,20,15,17,14,6,8,9,8,11,12,12,14,4,16,5,15,15,18,14,19,14,12,18,14,17,19,24,18,23,13,18,25,4,12,12,20,17,13,21,8,15,11,10,16,14,20,27,18,17,18,31,11,16,8,25,28,32,26,24,23,17,17,18,19,10,18,19,33,24,25,32,23,17,29,17,21,10,12,19,24,16,23,19,20,25,16,18,17,10,16,18,20,22,13,19,0,0,0,0,0,0
"Seguridad","Campeche","Violación simple",NA,6,3,2,0,4,5,8,2,0,6,4,4,1,4,2,6,13,9,9,7,6,6,8,5,4,4,8,3,7,4,3,8,6,3,4,3,1,8,7,5,5,9,5,4,5,8,7,3,6,7,5,4,2,9,9,7,6,1,2,3,5,7,8,1,3,2,2,3,6,7,2,7,5,7,5,2,4,9,5,0,6,6,5,6,11,6,15,5,14,8,14,12,1,5,8,8,6,8,20,13,10,5,5,12,4,1,10,8,8,7,7,9,11,5,9,4,7,9,10,7,10,4,11,6,7,7,0,0,0,0,0,0
"Seguridad","Chiapas","Violación simple",NA,63,77,75,74,62,63,59,50,38,50,56,50,36,47,74,50,50,45,44,47,54,71,41,47,43,44,67,38,52,58,49,50,47,52,46,32,48,37,51,51,49,50,47,50,39,50,35,37,39,49,44,52,40,48,41,36,59,42,40,41,41,53,48,37,33,33,42,37,45,28,28,35,33,46,47,45,45,39,42,41,41,60,41,43,38,33,26,21,40,37,36,40,25,39,32,27,32,27,40,20,35,31,15,23,23,17,20,10,13,19,13,29,15,15,24,18,14,17,21,22,26,18,32,23,17,27,0,0,0,0,0,0
"Seguridad","Chihuahua","Violación simple",NA,40,43,60,49,71,77,52,83,59,52,67,41,54,57,62,78,69,61,71,66,41,51,52,41,50,49,72,70,64,68,62,84,65,74,74,41,57,52,63,71,79,93,66,79,75,71,53,44,52,50,77,85,91,76,79,73,77,79,67,53,66,66,72,52,50,89,93,91,82,74,56,42,59,52,107,94,88,104,110,103,88,78,84,80,72,76,113,123,133,107,118,93,107,121,78,64,84,68,119,106,104,135,109,85,98,99,59,66,69,87,106,81,126,117,124,119,103,112,91,77,61,100,159,117,96,86,0,0,0,0,0,0
"Seguridad","Ciudad de México","Violación simple",NA,32,35,50,46,69,43,83,70,56,66,46,48,28,34,25,40,55,75,55,45,55,26,25,40,22,27,28,22,19,22,18,25,18,23,16,17,65,96,116,142,84,99,96,134,92,127,105,96,71,90,104,101,87,82,102,106,108,117,109,82,90,121,129,66,65,78,75,95,86,89,88,70,91,85,139,123,138,124,116,128,114,117,112,114,53,57,74,92,83,64,83,77,74,64,56,45,62,62,70,64,73,65,48,63,61,66,51,49,48,60,69,65,69,73,59,72,79,68,66,58,61,64,67,60,47,57,0,0,0,0,0,0
"Seguridad","Coahuila de Zaragoza","Violación simple",NA,5,4,6,9,4,7,3,3,6,6,3,7,5,18,12,15,6,15,17,11,16,13,9,16,7,13,20,9,18,24,13,24,24,14,16,12,17,17,11,14,28,22,11,25,21,14,14,13,12,6,15,14,24,12,4,28,15,22,18,7,11,12,10,13,11,6,14,11,13,17,7,8,16,19,24,34,21,26,25,16,23,15,20,10,14,19,18,24,23,17,12,13,14,10,8,9,10,5,7,7,12,10,10,8,10,3,7,2,4,6,6,3,6,11,8,4,6,16,13,14,12,10,16,13,14,15,0,0,0,0,0,0
"Seguridad","Colima","Violación simple",NA,4,0,0,5,3,1,0,5,1,3,2,0,4,8,4,7,17,8,12,15,6,8,8,12,8,9,11,13,4,8,11,7,11,6,9,6,10,8,4,2,9,3,6,10,11,18,7,6,8,8,9,6,10,15,7,14,9,10,12,13,8,5,16,6,12,9,15,8,20,22,12,12,13,20,21,14,14,18,22,17,20,13,9,19,7,10,18,24,22,21,18,11,11,12,11,5,15,8,18,19,15,20,14,16,12,14,9,12,17,8,12,15,15,14,15,22,17,15,13,9,10,12,11,10,17,14,0,0,0,0,0,0
"Seguridad","Durango","Violación simple",NA,18,18,10,18,22,9,13,17,16,15,13,19,15,12,18,15,19,10,20,12,19,14,10,7,12,7,28,13,19,17,11,23,19,15,8,9,13,15,14,15,20,18,14,20,16,9,10,13,11,17,26,17,24,33,23,21,27,28,17,16,20,23,7,13,21,19,18,35,35,19,16,14,23,28,16,44,40,36,24,25,26,29,27,19,20,19,28,30,27,35,25,29,21,28,29,19,20,16,26,28,27,34,25,25,20,24,26,11,20,16,25,27,27,26,24,25,20,24,26,11,20,14,25,22,23,24,0,0,0,0,0,0
"Seguridad","Guanajuato","Violación simple",NA,47,44,62,59,68,57,50,51,66,70,51,47,45,56,43,36,36,32,33,32,31,26,26,25,23,24,26,27,24,27,28,29,28,30,27,33,29,34,36,46,49,51,47,62,59,51,62,44,47,50,63,65,62,68,52,64,52,54,42,31,44,33,50,36,40,34,49,39,40,62,46,54,50,53,86,68,75,64,65,61,68,85,67,76,59,63,81,79,91,70,82,73,62,80,63,60,52,71,83,63,83,87,80,86,64,62,70,55,55,79,83,86,70,95,61,68,73,70,60,72,66,82,69,93,57,82,0,0,0,0,0,0
"Seguridad","Guerrero","Violación simple",NA,25,25,34,35,20,16,16,19,10,17,18,17,15,20,14,32,17,23,10,7,19,15,7,10,18,18,22,11,11,22,13,17,7,20,14,15,14,13,12,13,26,16,18,24,22,18,14,6,15,21,21,24,26,19,19,9,32,20,15,21,17,15,27,11,10,13,15,16,16,13,18,18,12,22,13,24,20,18,16,19,21,19,15,16,18,19,15,21,29,30,22,25,17,20,18,15,16,19,10,16,25,27,17,20,22,13,12,15,24,18,11,20,15,13,8,15,13,14,13,15,26,9,17,25,17,13,0,0,0,0,0,0
"Seguridad","Hidalgo","Violación simple",NA,30,41,14,24,43,21,23,50,34,21,30,17,37,44,20,4,54,51,23,36,73,31,32,40,47,54,46,24,51,43,36,48,54,54,66,37,40,54,66,62,50,57,45,58,55,46,43,34,47,72,48,55,69,69,50,69,63,77,57,29,40,34,51,29,23,41,27,27,19,23,31,25,15,21,42,42,52,34,30,29,22,42,26,39,16,47,55,56,47,42,33,48,38,55,48,24,39,47,56,37,47,36,41,43,51,38,37,22,37,42,34,38,45,55,30,81,56,32,27,20,24,25,40,45,73,43,0,0,0,0,0,0
"Seguridad","Jalisco","Violación simple",NA,30,27,23,34,35,27,31,34,37,31,28,30,28,30,36,45,56,44,38,34,46,38,41,52,36,26,59,38,44,47,42,49,31,35,29,31,33,34,43,31,30,39,31,32,21,34,31,31,23,38,40,32,30,40,48,38,32,45,48,32,29,37,37,26,27,24,19,25,36,36,32,41,29,38,46,57,45,38,47,32,48,45,50,42,26,37,47,46,54,28,32,51,43,56,35,30,56,39,36,45,40,59,62,52,48,41,41,41,35,36,36,46,56,43,42,41,45,46,37,48,29,43,43,51,39,50,0,0,0,0,0,0
"Seguridad","Michoacán de Ocampo","Violación simple",NA,22,25,33,18,34,24,28,25,24,35,25,23,27,21,19,28,32,21,22,24,28,32,23,13,11,21,22,21,19,23,24,35,33,27,24,21,11,24,24,25,41,21,32,28,21,33,25,15,29,24,25,25,43,27,36,28,31,32,34,21,19,30,38,19,32,30,35,32,33,25,24,23,34,37,37,34,36,30,43,31,44,38,33,30,28,31,46,41,41,37,39,38,30,45,39,34,39,33,52,41,53,33,36,33,30,31,29,24,26,31,28,42,31,32,34,33,35,28,28,32,28,28,28,25,35,23,0,0,0,0,0,0
"Seguridad","Morelos","Violación simple",NA,19,35,29,42,48,48,38,33,32,23,26,42,37,28,37,27,35,29,34,27,23,36,29,41,26,28,23,34,30,37,41,34,29,37,41,27,20,27,57,39,38,45,40,23,34,43,29,31,20,30,43,42,34,30,29,36,33,35,45,32,30,35,35,26,29,32,37,41,42,45,37,28,35,38,50,48,33,41,31,41,40,47,40,47,42,46,59,60,55,56,35,58,30,53,45,40,34,53,53,42,30,49,34,43,32,37,40,32,25,29,30,43,36,58,39,34,45,43,35,42,30,38,47,52,49,40,0,0,0,0,0,0
"Seguridad","México","Violación simple",NA,93,62,66,71,77,72,73,88,78,81,103,100,75,142,102,117,155,106,137,142,112,118,100,84,133,98,83,85,84,90,95,94,88,90,74,90,68,82,77,100,106,104,102,100,151,138,133,122,119,108,123,114,138,129,101,105,100,120,96,132,68,109,94,73,92,94,84,100,126,111,105,99,89,113,164,124,144,125,100,142,134,157,121,123,112,107,199,170,210,182,155,171,167,191,174,169,163,180,225,162,229,239,149,220,253,260,205,176,185,206,225,222,258,232,197,197,209,217,236,237,178,187,269,195,207,179,0,0,0,0,0,0
"Seguridad","Nayarit","Violación simple",NA,3,12,8,10,15,12,10,8,8,11,17,7,6,11,6,7,10,10,6,7,5,6,6,1,9,7,4,2,12,6,4,7,5,5,6,4,11,5,8,4,4,8,3,4,5,2,9,6,7,6,11,12,9,10,13,11,10,10,8,8,7,5,12,12,7,9,10,15,22,12,9,10,17,15,16,15,11,10,18,13,20,16,14,15,11,12,25,20,24,21,19,33,31,40,22,10,20,27,37,26,33,42,26,31,23,40,28,21,23,24,31,23,28,31,36,24,27,24,23,20,17,23,18,21,32,16,0,0,0,0,0,0
"Seguridad","Nuevo León","Violación simple",NA,53,42,60,45,59,50,61,47,53,52,46,46,45,50,54,66,52,64,55,62,68,62,45,53,41,43,65,51,51,76,60,66,57,51,42,41,51,63,53,74,91,59,69,73,61,73,41,42,45,60,47,59,78,75,58,61,82,83,59,64,65,75,94,44,56,60,59,81,69,62,52,62,39,60,83,86,79,79,88,88,81,91,66,78,41,74,94,78,103,107,98,87,92,91,99,63,86,59,111,71,85,114,95,94,92,87,78,71,59,87,121,85,93,89,68,94,88,99,67,47,59,44,79,64,87,92,0,0,0,0,0,0
"Seguridad","Oaxaca","Violación simple",NA,0,13,0,0,25,0,0,9,0,0,25,0,34,34,45,35,32,40,37,43,36,0,35,31,31,21,21,31,20,25,26,28,26,32,32,20,24,39,38,31,42,28,39,40,35,42,36,29,19,34,51,35,40,35,44,40,25,37,37,30,29,39,50,26,45,26,20,40,26,42,40,32,27,26,51,35,38,27,30,25,33,37,36,31,28,38,50,46,43,35,35,35,28,38,36,38,52,31,42,51,36,48,35,43,32,31,28,24,38,31,36,31,40,23,34,34,24,38,26,29,20,26,34,37,37,22,0,0,0,0,0,0
"Seguridad","Puebla","Violación simple",NA,43,28,30,27,36,33,44,37,40,36,35,24,44,42,45,46,53,40,50,41,46,54,41,35,47,48,49,36,49,39,54,49,40,41,37,32,33,48,38,42,52,51,46,48,50,59,41,38,56,38,69,49,57,39,39,38,49,51,39,38,41,45,50,25,24,32,43,22,22,49,39,40,25,38,66,47,43,51,42,32,36,42,33,40,23,42,43,45,47,37,35,42,27,36,34,28,31,33,50,44,35,39,31,40,30,30,28,23,18,26,32,36,41,36,48,45,38,37,32,30,42,43,30,46,35,39,0,0,0,0,0,0
"Seguridad","Querétaro","Violación simple",NA,17,11,30,25,31,22,29,28,24,28,28,21,16,20,21,24,34,22,25,25,37,24,28,9,12,21,31,23,36,31,25,27,23,24,24,19,18,25,18,18,22,32,23,23,20,22,27,14,20,24,29,33,44,47,49,33,28,44,43,51,47,39,47,30,25,26,33,30,29,29,33,27,32,37,35,38,29,41,37,38,33,48,32,29,24,27,32,35,37,37,35,32,31,45,29,22,25,44,48,30,41,41,26,31,27,42,26,18,27,39,40,42,40,41,41,37,37,26,30,15,28,34,39,27,34,29,0,0,0,0,0,0
"Seguridad","Quintana Roo","Violación simple",NA,40,36,43,47,51,36,52,55,48,41,49,32,22,17,21,29,21,11,14,9,11,21,29,31,16,11,28,27,32,26,15,18,10,13,7,7,4,12,9,13,10,13,11,23,4,7,11,12,21,10,11,9,16,18,26,19,24,24,24,53,54,61,59,30,24,49,48,54,68,71,55,61,59,58,63,72,79,70,62,65,62,77,57,70,76,56,90,51,67,70,75,73,71,58,58,47,62,54,88,56,69,57,52,48,75,67,47,49,49,57,70,65,76,52,63,61,61,48,50,66,61,55,67,51,53,67,0,0,0,0,0,0
"Seguridad","San Luis Potosí","Violación simple",NA,18,15,29,24,20,17,20,17,22,19,25,20,8,24,11,24,16,17,29,49,26,29,31,28,29,24,43,40,44,38,38,30,36,45,24,28,30,26,32,36,53,43,38,46,48,49,40,46,46,48,40,60,52,66,67,56,43,84,57,43,41,55,66,50,58,57,61,47,39,55,52,52,45,53,58,59,64,54,64,45,49,61,48,36,40,48,65,51,53,65,60,62,56,59,47,38,54,37,80,52,80,56,53,42,58,51,43,27,41,58,58,45,57,54,46,48,59,60,54,45,53,41,67,63,60,48,0,0,0,0,0,0
"Seguridad","Sinaloa","Violación simple",NA,5,6,18,12,12,19,14,10,17,12,11,12,17,14,14,13,20,9,10,9,13,11,12,9,8,9,9,8,12,13,13,9,9,14,11,14,7,8,10,12,14,16,15,21,12,10,15,10,15,16,9,11,13,10,18,9,31,18,15,10,11,14,16,9,6,10,12,14,17,18,12,11,16,12,22,21,15,19,22,16,22,24,18,22,15,16,34,19,25,33,25,18,20,37,22,11,28,15,31,29,31,22,34,36,35,27,24,20,20,17,21,35,23,22,41,31,26,25,18,20,17,25,27,18,24,23,0,0,0,0,0,0
"Seguridad","Sonora","Violación simple",NA,10,6,23,15,12,15,17,11,16,36,14,11,10,25,13,17,12,27,25,21,18,25,14,13,19,17,15,15,27,24,20,23,16,11,5,11,8,15,6,12,8,11,9,8,17,12,13,11,8,8,16,13,14,17,15,9,6,11,10,14,10,13,14,13,25,20,16,14,20,26,19,13,22,23,35,20,32,21,14,30,21,24,23,24,23,23,21,27,33,16,22,23,29,10,10,11,11,15,8,17,7,13,12,6,16,11,6,4,5,7,9,13,15,21,17,15,21,12,14,12,11,11,8,12,6,13,0,0,0,0,0,0
"Seguridad","Tabasco","Violación simple",NA,23,17,33,16,16,24,30,16,23,18,23,27,13,13,18,16,16,30,25,21,24,28,25,23,27,26,29,32,30,30,37,31,41,31,18,30,18,23,37,33,33,27,40,26,27,33,19,22,26,42,37,35,56,43,39,34,37,35,21,30,19,22,30,16,8,20,32,26,32,25,21,24,19,18,36,28,22,30,29,31,43,27,16,31,16,23,31,26,31,29,34,28,29,37,37,42,26,25,26,38,21,36,23,16,22,29,30,22,20,25,22,22,40,26,24,11,18,27,18,19,16,20,37,21,14,18,0,0,0,0,0,0
"Seguridad","Tamaulipas","Violación simple",NA,29,34,42,52,46,58,48,35,43,47,55,42,40,37,39,71,68,39,30,33,32,41,46,30,33,39,41,41,59,47,30,45,32,45,27,28,34,43,39,51,66,50,50,40,51,39,46,39,50,54,38,45,66,39,43,60,53,46,45,42,26,32,49,24,36,35,32,37,36,47,37,26,34,36,52,40,47,56,52,51,33,61,47,50,31,23,51,53,51,50,52,48,61,65,38,35,49,49,57,39,64,61,60,47,41,51,43,31,33,39,40,56,51,51,35,52,47,48,43,24,31,39,57,38,53,40,0,0,0,0,0,0
"Seguridad","Tlaxcala","Violación simple",NA,5,2,2,6,1,4,4,2,4,0,13,4,5,0,1,4,3,5,6,6,9,2,1,0,4,0,4,1,2,1,0,1,9,11,11,10,8,13,13,19,18,13,17,15,10,3,0,1,1,1,1,0,4,4,5,4,1,3,2,0,0,3,2,4,5,3,4,2,4,2,5,4,2,4,1,1,0,5,4,0,4,1,0,2,1,6,7,2,3,3,0,0,0,1,1,1,2,0,0,2,1,1,2,0,0,0,0,0,1,0,2,1,1,0,0,3,1,3,2,0,3,2,2,1,1,1,0,0,0,0,0,0
"Seguridad","Veracruz de Ignacio de la Llave","Violación simple",NA,8,11,10,10,9,12,10,9,8,7,7,5,8,10,7,7,6,8,7,8,10,16,25,14,49,30,36,33,34,27,33,28,22,24,12,11,29,30,33,44,33,29,22,22,22,31,11,6,25,29,32,32,42,32,27,35,37,46,39,22,32,32,38,27,27,31,37,33,33,44,34,26,21,49,42,52,52,32,37,42,44,39,32,33,29,26,47,44,46,39,49,32,40,45,37,29,24,32,56,35,49,60,37,38,35,44,39,34,28,26,36,42,42,43,28,35,51,37,34,35,30,34,38,40,32,46,0,0,0,0,0,0
"Seguridad","Yucatán","Violación simple",NA,25,13,26,13,16,17,22,17,17,15,26,17,19,13,16,20,25,18,19,23,11,23,17,16,12,9,12,18,19,18,13,22,23,16,19,14,22,8,9,9,8,2,3,7,5,5,3,2,9,5,4,9,4,5,4,9,4,3,2,2,4,2,5,2,1,2,2,7,3,1,4,2,3,1,3,8,8,3,2,2,5,2,1,1,1,1,1,8,3,5,7,2,8,5,2,1,4,2,6,3,3,2,6,3,6,2,5,6,9,3,2,3,7,3,0,2,4,7,3,2,6,5,6,4,2,6,0,0,0,0,0,0
"Seguridad","Zacatecas","Violación simple",NA,17,11,4,12,16,13,6,9,9,9,9,6,10,13,11,14,11,13,12,15,15,16,6,12,5,11,7,4,16,15,5,14,11,19,11,10,7,13,15,10,14,11,10,10,16,13,10,8,15,11,13,13,18,21,19,24,20,8,14,5,7,15,23,7,6,12,15,21,10,8,18,10,6,14,17,9,18,13,10,10,13,19,13,9,6,14,27,20,12,23,14,9,14,18,12,8,7,13,17,15,11,17,12,14,16,18,12,9,10,10,13,15,20,13,15,13,16,19,18,11,10,16,10,13,16,15,0,0,0,0,0,0
"Seguridad","Aguascalientes","Violencia de género en todas sus modalidades distinta a la violencia familiar",NA,0,0,0,0,0,0,0,0,1,1,0,0,0,0,2,0,0,0,0,0,1,1,0,0,0,0,0,0,0,1,0,0,3,2,0,0,0,1,1,1,0,0,0,1,0,0,0,1,1,0,1,2,1,2,1,1,0,2,1,0,0,0,2,0,1,0,0,0,2,1,0,0,0,0,0,0,0,1,1,0,0,1,1,0,0,2,2,1,1,1,3,1,1,0,1,0,0,3,2,4,3,1,0,0,0,1,1,2,3,1,0,0,1,2,2,1,1,0,2,1,2,2,0,0,0,0,0,0,0,0,0,0
"Seguridad","Baja California","Violencia de género en todas sus modalidades distinta a la violencia familiar",NA,0,0,0,0,0,0,0,0,0,0,0,0,0,0,0,0,0,0,0,0,0,0,0,0,0,0,0,0,0,0,0,0,0,0,0,0,0,0,0,0,0,0,0,0,0,0,0,0,0,0,0,0,0,0,0,0,0,0,0,0,0,0,0,0,0,0,0,0,0,0,0,0,0,0,0,0,0,0,0,0,0,0,0,0,0,0,0,0,0,0,0,0,0,0,0,0,0,0,0,0,0,0,0,0,0,0,0,0,0,0,0,0,0,0,0,0,0,0,0,0,0,0,0,0,0,0,0,0,0,0,0,0
"Seguridad","Baja California Sur","Violencia de género en todas sus modalidades distinta a la violencia familiar",NA,0,0,0,0,0,0,0,0,0,0,0,0,0,0,0,0,0,0,0,0,1,0,0,0,0,0,0,0,0,0,0,0,0,0,0,0,0,0,0,0,0,0,0,0,0,0,0,0,0,0,0,0,0,0,0,0,12,1,1,0,0,2,3,0,0,0,0,0,0,1,0,0,0,3,0,0,0,2,1,0,0,0,1,0,0,0,0,0,0,1,2,1,0,1,0,0,0,0,0,0,0,2,0,0,0,0,2,0,1,0,0,0,0,0,0,1,0,1,3,1,0,0,0,0,0,0,0,0,0,0,0,0
"Seguridad","Campeche","Violencia de género en todas sus modalidades distinta a la violencia familiar",NA,0,0,0,0,0,0,0,0,0,0,0,0,0,0,0,0,0,0,0,0,0,0,0,0,0,0,0,0,0,0,0,0,0,0,0,0,0,0,0,0,0,0,0,0,0,0,0,0,0,0,0,0,0,0,0,0,0,0,0,0,0,0,0,0,0,0,0,0,0,0,0,0,0,0,0,0,0,0,0,0,0,0,0,0,0,0,0,0,0,0,0,0,0,0,0,0,0,0,0,0,0,0,0,0,0,0,0,0,0,0,0,0,0,0,0,0,0,0,0,0,0,0,0,0,0,0,0,0,0,0,0,0
"Seguridad","Chiapas","Violencia de género en todas sus modalidades distinta a la violencia familiar",NA,0,0,0,0,0,0,0,0,0,0,0,0,0,0,0,0,0,0,0,0,0,0,0,0,0,0,0,0,0,0,0,0,0,0,0,0,0,0,0,0,0,0,0,0,0,0,0,0,0,0,0,0,0,0,0,0,0,0,0,0,0,0,1,0,0,0,0,0,0,0,0,0,0,0,0,0,0,0,0,0,0,0,0,0,0,0,0,0,0,0,0,0,0,0,0,0,0,0,0,0,0,0,0,0,0,0,0,0,0,0,0,0,0,0,0,0,0,0,0,0,0,0,0,0,0,0,0,0,0,0,0,0
"Seguridad","Chihuahua","Violencia de género en todas sus modalidades distinta a la violencia familiar",NA,0,0,0,0,0,0,0,0,0,0,0,0,0,0,0,0,0,0,0,0,0,0,0,0,0,0,0,0,0,0,0,0,0,0,0,0,0,2,3,3,4,3,1,1,3,4,5,1,0,7,2,1,1,6,4,0,1,3,3,2,1,6,3,0,3,6,3,5,2,2,1,0,2,0,3,3,2,3,2,3,4,1,2,6,1,3,5,4,7,4,5,2,2,3,1,6,7,0,0,0,0,0,0,0,0,0,0,0,0,0,0,0,0,0,0,1,0,0,0,0,0,0,0,0,0,0,0,0,0,0,0,0
"Seguridad","Ciudad de México","Violencia de género en todas sus modalidades distinta a la violencia familiar",NA,0,0,0,0,0,0,0,0,0,0,0,0,0,0,0,0,0,0,0,0,0,0,0,0,0,0,0,0,0,0,0,0,0,0,0,0,0,0,0,0,0,0,0,0,0,0,0,0,0,0,0,0,0,0,0,0,0,0,0,0,0,0,0,0,0,0,0,0,0,0,0,0,0,0,0,0,0,0,0,0,0,0,0,0,0,0,0,0,0,0,0,0,0,0,0,0,0,0,0,0,0,0,0,0,0,0,0,0,0,0,0,0,0,0,0,0,0,0,0,0,0,0,0,0,0,0,0,0,0,0,0,0
"Seguridad","Coahuila de Zaragoza","Violencia de género en todas sus modalidades distinta a la violencia familiar",NA,0,0,2,1,0,4,0,1,1,4,0,0,0,0,0,2,2,5,3,3,5,3,0,2,2,1,3,0,1,1,3,3,3,2,6,0,1,2,5,1,7,3,3,2,4,7,11,5,4,8,8,23,28,26,16,24,15,27,12,11,16,28,29,32,37,42,64,52,57,74,38,52,0,3,1,1,3,2,3,3,0,0,0,0,0,0,0,0,0,0,0,0,0,0,0,0,0,0,0,0,0,0,0,0,0,0,0,0,0,0,0,0,0,0,0,0,0,0,0,0,0,0,0,0,0,0,0,0,0,0,0,0
"Seguridad","Colima","Violencia de género en todas sus modalidades distinta a la violencia familiar",NA,0,0,0,0,0,0,0,0,0,0,0,0,0,0,0,0,0,0,0,0,0,0,0,0,0,0,0,0,0,0,0,0,0,0,0,0,0,0,0,0,0,0,0,0,0,0,0,0,0,0,0,0,0,0,0,0,0,0,0,0,0,0,0,0,0,0,0,0,0,0,0,0,0,0,0,0,0,0,0,0,0,0,0,0,0,0,0,0,0,0,0,0,0,0,0,0,0,0,0,0,0,0,0,0,0,0,0,0,0,0,0,0,0,0,0,0,0,0,0,0,0,0,0,0,0,0,0,0,0,0,0,0
"Seguridad","Durango","Violencia de género en todas sus modalidades distinta a la violencia familiar",NA,0,0,0,0,0,0,0,0,0,0,0,0,0,0,0,0,0,0,0,0,0,0,0,0,0,0,0,0,0,0,0,0,0,0,0,0,0,0,0,1,0,1,0,0,0,0,0,0,0,0,0,0,0,0,0,0,0,2,1,9,1,0,0,0,0,0,0,0,0,0,0,0,0,0,0,0,0,0,0,0,0,0,0,0,0,0,0,0,10,0,0,0,0,0,0,0,0,0,0,0,0,0,0,0,0,0,0,0,0,0,0,0,0,0,0,0,0,0,0,0,0,0,0,0,0,0,0,0,0,0,0,0
"Seguridad","Guanajuato","Violencia de género en todas sus modalidades distinta a la violencia familiar",NA,0,0,0,0,0,0,0,0,0,0,0,0,0,0,0,0,0,0,0,0,0,0,0,0,0,0,0,0,0,0,0,0,0,0,0,0,0,0,0,0,0,0,0,0,0,0,0,0,0,0,0,0,0,0,0,0,0,0,0,0,0,0,0,0,0,0,0,0,0,0,0,0,0,0,0,0,0,0,0,0,0,0,0,0,0,0,0,0,0,0,0,0,0,0,0,0,0,0,0,0,0,0,0,0,0,0,0,0,0,0,0,0,0,0,0,0,0,0,0,0,0,0,0,0,0,0,0,0,0,0,0,0
"Seguridad","Guerrero","Violencia de género en todas sus modalidades distinta a la violencia familiar",NA,0,0,0,0,1,0,3,1,2,3,3,2,3,1,4,5,2,1,1,2,2,2,3,7,0,0,12,5,2,6,8,2,5,5,5,3,7,5,5,13,10,10,6,13,6,3,6,12,6,11,13,6,9,12,18,16,11,17,25,34,29,28,38,14,17,21,26,30,38,34,24,22,24,12,18,13,16,28,32,23,35,16,28,27,27,21,23,28,40,14,32,14,17,27,27,28,20,32,39,32,32,40,25,36,33,23,13,19,27,26,17,26,34,49,32,36,24,34,34,22,31,32,38,30,30,32,0,0,0,0,0,0
"Seguridad","Hidalgo","Violencia de género en todas sus modalidades distinta a la violencia familiar",NA,0,0,0,0,0,0,0,0,0,0,0,0,0,0,0,0,0,0,0,0,0,0,0,0,0,0,0,0,0,0,0,0,0,0,0,0,0,0,0,0,0,0,0,0,0,0,0,0,0,0,0,0,0,0,0,0,0,0,0,0,0,0,0,0,0,0,0,0,0,0,0,0,0,0,0,0,0,0,0,0,0,0,0,0,0,0,0,0,0,0,0,0,0,0,0,0,1,0,0,0,0,0,1,0,0,0,0,0,0,0,0,0,5,1,0,0,0,0,0,0,0,1,0,5,0,0,0,0,0,0,0,0
"Seguridad","Jalisco","Violencia de género en todas sus modalidades distinta a la violencia familiar",NA,0,0,0,0,0,0,0,0,0,0,0,0,0,0,0,0,0,0,0,0,0,0,0,0,0,0,0,0,0,0,0,0,0,0,0,0,0,0,0,0,0,0,0,0,0,0,0,0,0,0,0,0,0,0,0,0,0,0,0,0,0,0,0,0,0,0,0,0,0,0,0,0,0,0,0,0,0,0,0,0,0,0,0,0,0,0,0,0,0,0,0,0,0,0,0,0,0,0,0,0,0,0,0,0,0,0,0,0,0,0,0,0,0,0,0,0,0,0,0,0,0,0,0,0,0,0,0,0,0,0,0,0
"Seguridad","Michoacán de Ocampo","Violencia de género en todas sus modalidades distinta a la violencia familiar",NA,0,0,0,0,0,0,0,0,0,0,0,0,0,0,0,0,0,0,0,0,0,0,0,0,0,0,0,0,0,0,0,0,0,0,0,0,0,0,0,0,0,0,0,0,0,0,0,0,0,0,0,0,0,0,0,0,0,0,0,0,0,0,0,0,0,0,0,0,0,0,0,0,0,0,0,0,0,0,0,0,0,0,0,0,0,0,0,0,0,0,0,0,0,0,0,0,0,0,0,0,0,0,0,0,0,0,0,0,0,0,0,0,0,0,0,0,0,0,0,0,0,0,0,0,0,0,0,0,0,0,0,0
"Seguridad","Morelos","Violencia de género en todas sus modalidades distinta a la violencia familiar",NA,0,0,0,0,0,0,0,0,0,0,0,0,0,0,0,0,0,0,0,0,0,0,0,0,0,0,0,0,0,0,0,0,0,0,0,0,0,0,0,0,0,0,0,0,0,0,0,0,0,0,0,0,0,0,0,0,0,0,0,0,0,0,0,0,0,0,0,0,0,0,0,0,0,0,0,0,0,0,0,0,0,0,0,0,0,0,0,0,0,0,0,0,0,0,0,0,0,0,0,0,0,0,0,0,0,0,0,0,0,0,0,0,0,0,0,0,0,0,0,0,0,0,0,0,0,0,0,0,0,0,0,0
"Seguridad","México","Violencia de género en todas sus modalidades distinta a la violencia familiar",NA,82,84,96,119,69,104,80,90,103,84,97,91,76,102,99,119,127,90,105,113,119,95,104,125,114,106,123,97,88,101,110,129,116,114,104,127,124,117,103,119,103,101,97,137,113,111,102,110,119,109,102,97,98,148,111,156,129,137,108,120,105,116,123,214,169,170,183,180,200,161,148,220,152,184,194,188,176,182,182,177,179,181,178,202,163,153,205,252,249,269,220,268,261,217,201,227,216,205,227,218,184,223,186,254,264,228,189,200,224,192,230,226,221,229,197,266,224,215,258,197,234,204,235,188,208,194,0,0,0,0,0,0
"Seguridad","Nayarit","Violencia de género en todas sus modalidades distinta a la violencia familiar",NA,0,0,0,0,0,0,0,0,0,0,0,0,0,0,0,0,0,0,0,0,0,0,0,0,0,0,0,0,0,0,0,0,0,0,0,0,0,0,0,0,0,0,0,0,0,0,0,0,0,0,0,0,0,0,0,0,0,0,0,0,0,0,0,0,0,0,0,0,0,0,0,0,0,0,0,0,0,0,0,0,0,0,0,0,0,0,0,0,0,0,0,0,0,0,0,0,0,0,0,0,0,0,0,0,0,0,0,0,0,0,0,0,0,0,0,0,0,0,0,0,0,0,0,0,0,0,0,0,0,0,0,0
"Seguridad","Nuevo León","Violencia de género en todas sus modalidades distinta a la violencia familiar",NA,0,0,0,0,0,0,0,0,0,0,0,0,0,0,0,0,0,0,0,0,0,0,0,0,0,0,0,0,0,0,0,0,0,0,0,0,0,0,0,0,0,0,0,0,0,0,0,0,0,0,0,0,0,0,0,0,0,0,0,0,0,0,0,0,0,0,0,0,0,0,0,0,0,0,0,0,0,0,0,0,0,0,0,0,0,0,0,0,0,0,0,0,0,0,0,0,0,0,0,0,0,0,0,0,0,0,0,0,0,0,0,0,0,0,0,0,0,0,0,0,0,0,0,0,0,0,0,0,0,0,0,0
"Seguridad","Oaxaca","Violencia de género en todas sus modalidades distinta a la violencia familiar",NA,0,0,0,0,0,0,0,0,0,0,0,0,0,0,0,0,0,2,0,0,0,0,0,0,0,2,0,1,0,0,0,0,0,0,0,0,0,0,1,1,0,1,0,0,1,0,0,0,1,0,0,0,0,1,0,0,0,0,0,0,0,0,0,0,1,1,0,0,0,0,0,0,1,1,0,0,1,1,0,0,0,0,0,0,0,0,0,2,0,0,1,1,0,2,3,7,1,1,0,1,0,0,0,1,1,0,1,2,2,0,2,2,3,0,1,1,1,3,0,3,0,1,1,0,1,3,0,0,0,0,0,0
"Seguridad","Puebla","Violencia de género en todas sus modalidades distinta a la violencia familiar",NA,0,0,0,0,0,0,0,0,0,0,0,0,0,0,0,0,0,0,0,0,0,0,0,0,0,0,0,0,0,0,0,0,0,0,0,0,0,0,0,0,0,0,0,0,0,0,0,0,0,0,0,0,0,0,0,0,0,0,0,0,0,0,0,0,0,0,0,0,0,0,0,0,0,0,0,0,0,0,0,0,0,0,0,0,0,0,0,0,0,0,0,0,0,0,0,0,0,0,0,0,0,0,0,0,0,0,0,0,0,0,0,0,0,0,0,0,0,0,0,0,0,0,0,0,0,0,0,0,0,0,0,0
"Seguridad","Querétaro","Violencia de género en todas sus modalidades distinta a la violencia familiar",NA,0,0,0,1,0,0,0,0,1,0,0,0,0,0,0,0,0,0,0,0,1,0,0,1,0,1,0,0,0,1,1,1,0,0,0,0,0,0,0,0,0,0,0,1,0,0,0,0,0,0,0,1,0,0,1,1,1,2,0,1,0,1,3,0,3,1,2,3,0,0,2,3,4,5,4,7,8,13,9,14,16,17,30,23,18,26,62,63,79,44,67,70,91,89,82,73,101,91,137,114,119,134,122,122,132,124,100,101,122,95,136,132,150,107,109,148,107,130,119,114,104,85,132,109,128,111,0,0,0,0,0,0
"Seguridad","Quintana Roo","Violencia de género en todas sus modalidades distinta a la violencia familiar",NA,0,0,0,0,0,0,0,0,0,0,0,0,0,0,0,0,0,0,0,0,42,0,0,6,3,0,0,0,0,0,0,0,0,0,0,0,0,0,0,0,0,0,0,0,0,0,0,0,0,0,0,0,0,0,0,0,0,0,0,0,0,0,0,0,0,0,0,0,0,0,0,0,0,0,0,0,0,0,0,0,0,0,0,0,0,0,0,0,0,0,0,0,0,0,0,0,0,0,0,0,0,0,0,0,0,0,0,0,0,0,0,0,0,0,0,0,0,0,0,0,0,0,0,0,0,0,0,0,0,0,0,0
"Seguridad","San Luis Potosí","Violencia de género en todas sus modalidades distinta a la violencia familiar",NA,0,0,0,0,0,0,0,0,0,0,0,0,0,0,0,0,0,0,0,0,0,0,0,0,0,0,0,0,0,0,0,0,0,0,0,0,0,0,0,0,0,0,0,0,0,0,0,0,0,0,0,0,0,0,0,0,0,0,0,0,0,0,0,0,0,0,0,0,0,0,0,0,0,0,0,0,0,0,0,0,0,0,0,0,0,0,0,0,0,0,0,0,0,0,0,0,0,0,0,0,0,0,0,0,0,0,0,0,0,0,0,0,0,0,0,0,0,0,0,0,0,0,0,0,0,0,0,0,0,0,0,0
"Seguridad","Sinaloa","Violencia de género en todas sus modalidades distinta a la violencia familiar",NA,0,0,0,0,0,0,0,0,0,0,0,0,0,0,0,0,0,0,0,0,0,0,0,0,0,0,0,0,0,0,0,0,0,0,0,0,0,0,0,0,0,0,0,0,0,0,0,0,0,0,0,0,0,0,0,0,0,0,0,0,0,0,0,0,0,0,0,0,0,0,0,0,0,0,0,0,0,0,0,0,0,0,0,0,0,0,0,0,0,0,0,0,0,0,0,0,0,0,0,0,0,0,0,0,0,0,0,0,0,0,0,0,0,0,0,0,0,0,0,0,0,0,0,0,0,0,0,0,0,0,0,0
"Seguridad","Sonora","Violencia de género en todas sus modalidades distinta a la violencia familiar",NA,0,0,0,0,0,0,0,0,0,0,0,0,0,0,0,0,0,0,0,0,0,0,0,0,0,0,0,0,0,0,0,0,0,0,0,0,0,0,0,0,0,0,0,2,0,4,2,0,1,1,1,0,1,0,0,0,1,1,1,1,1,0,0,0,1,2,1,1,3,0,0,0,0,0,0,3,0,0,0,1,0,0,0,0,0,0,0,0,0,0,0,0,4,0,0,0,0,0,2,0,0,0,0,0,0,0,0,0,0,0,1,0,0,0,0,0,0,0,1,0,0,0,0,0,0,1,0,0,0,0,0,0
"Seguridad","Tabasco","Violencia de género en todas sus modalidades distinta a la violencia familiar",NA,0,0,0,0,0,0,0,0,0,0,0,0,0,0,0,0,0,0,0,0,0,0,0,0,0,0,0,0,0,0,0,0,0,0,0,0,0,0,0,0,0,0,0,0,0,0,0,0,0,0,0,0,0,0,0,0,0,0,0,0,0,0,0,0,0,0,0,0,0,0,0,0,0,0,0,0,0,0,0,0,0,0,0,0,0,0,0,0,0,0,0,0,0,0,0,0,0,0,0,0,0,0,0,0,0,0,0,0,0,0,0,0,0,0,0,0,0,0,0,0,0,0,0,0,0,0,0,0,0,0,0,0
"Seguridad","Tamaulipas","Violencia de género en todas sus modalidades distinta a la violencia familiar",NA,0,0,0,0,0,0,0,0,20,0,0,0,0,0,0,0,0,0,0,0,0,0,0,0,0,0,0,0,0,0,0,0,0,0,0,0,0,0,1,0,0,0,0,0,0,0,0,0,0,0,0,0,0,0,0,0,0,0,0,0,0,0,0,0,0,0,0,0,0,0,0,0,0,0,0,0,0,0,0,0,0,0,0,0,0,0,0,0,0,0,0,0,0,0,0,0,0,0,0,0,0,0,0,0,0,0,0,0,0,0,0,0,0,0,0,0,0,0,0,0,0,0,0,0,0,0,0,0,0,0,0,0
"Seguridad","Tlaxcala","Violencia de género en todas sus modalidades distinta a la violencia familiar",NA,0,0,0,0,0,0,0,0,0,0,0,0,0,0,0,0,0,0,0,0,0,0,0,0,0,0,0,0,0,0,0,0,0,0,0,0,0,0,0,0,0,0,0,0,0,0,0,0,0,0,0,0,0,0,0,0,0,0,0,0,0,0,0,0,0,0,0,0,0,0,0,0,0,0,0,0,0,0,0,0,0,0,0,0,0,0,0,0,0,0,0,0,0,0,0,0,0,0,0,0,0,0,0,1,1,0,0,0,0,0,0,0,0,0,0,0,0,0,0,0,0,1,0,1,0,0,0,0,0,0,0,0
"Seguridad","Veracruz de Ignacio de la Llave","Violencia de género en todas sus modalidades distinta a la violencia familiar",NA,26,25,52,66,56,33,16,57,15,53,51,44,23,49,63,46,30,51,51,53,40,39,31,28,71,58,88,55,73,57,43,58,70,72,39,35,67,50,75,70,88,75,56,59,80,61,20,19,113,110,76,107,125,109,85,94,131,128,101,102,56,92,129,85,69,98,92,99,98,121,113,92,108,132,172,129,148,155,112,100,112,142,104,109,97,103,168,146,161,147,125,173,128,121,176,141,172,143,195,186,203,207,171,159,201,163,117,110,141,152,181,171,208,192,170,188,171,159,153,160,122,170,203,175,200,210,0,0,0,0,0,0
"Seguridad","Yucatán","Violencia de género en todas sus modalidades distinta a la violencia familiar",NA,0,0,0,0,0,0,0,0,0,0,0,0,0,0,0,0,0,0,0,0,0,0,0,0,0,0,0,0,0,0,0,0,0,0,0,0,0,0,0,0,0,0,0,0,0,0,0,0,0,0,0,0,0,0,0,0,0,0,0,0,0,0,0,0,0,0,0,0,0,0,0,0,0,0,0,0,0,0,0,0,0,0,0,0,0,0,0,0,0,0,0,0,0,0,0,0,0,0,0,0,0,0,0,0,0,1,0,1,3,0,3,1,0,0,0,0,0,4,0,0,1,0,0,0,0,0,0,0,0,0,0,0
"Seguridad","Zacatecas","Violencia de género en todas sus modalidades distinta a la violencia familiar",NA,0,0,0,0,0,0,0,0,0,0,0,0,0,0,0,0,0,0,0,0,0,0,0,0,0,0,0,0,0,0,0,0,0,0,0,0,0,0,0,0,0,0,0,0,0,0,0,0,0,0,0,0,0,0,0,0,0,0,0,0,0,0,0,0,0,0,0,0,0,0,0,0,0,0,0,0,0,0,0,0,0,0,0,0,0,0,0,0,0,0,0,0,0,0,0,0,0,0,0,0,0,0,0,0,0,0,0,0,0,0,0,0,0,0,0,0,0,0,0,0,0,0,0,0,0,0,0,0,0,0,0,0
"Seguridad","Aguascalientes","Violencia familiar",NA,29,41,26,41,35,38,37,43,50,58,43,40,50,41,50,52,62,47,52,56,59,70,63,43,56,58,69,70,113,113,86,107,100,127,105,98,86,96,118,134,170,108,148,167,133,158,152,140,127,153,209,199,189,188,195,195,173,206,170,148,165,172,223,144,150,218,199,207,163,199,164,149,167,154,228,210,228,197,216,202,178,193,166,149,161,169,220,202,249,231,219,234,204,199,199,247,206,240,330,268,291,294,281,260,256,194,218,376,228,307,271,282,305,308,299,301,249,263,279,266,233,237,246,239,253,209,0,0,0,0,0,0
"Seguridad","Baja California","Violencia familiar",NA,579,628,806,734,693,834,818,840,882,804,674,600,556,661,695,776,795,781,799,809,681,712,564,486,514,539,704,682,759,807,844,826,802,790,679,608,679,642,729,824,954,964,999,984,863,891,729,646,654,570,769,859,877,971,1054,1042,1056,995,836,772,747,892,998,598,724,785,1064,1100,1109,1097,873,794,815,832,965,1087,1041,1155,1259,1274,1172,1064,1056,848,846,840,1072,1120,1264,1247,1232,1384,1300,1161,892,904,846,922,1210,1164,1290,1403,1477,1463,1304,1307,1153,1087,1102,1124,1211,1324,1343,1274,1425,1263,1273,1262,1096,1032,1003,1070,1214,1242,1357,1475,0,0,0,0,0,0
"Seguridad","Baja California Sur","Violencia familiar",NA,123,119,170,142,116,143,142,124,162,141,166,143,128,171,151,182,192,191,191,170,174,224,172,153,175,157,155,168,184,200,177,171,168,178,140,109,148,147,198,160,187,191,194,167,154,240,167,157,158,165,201,236,215,266,256,234,251,225,185,220,174,191,247,163,152,254,224,192,278,248,209,158,164,190,179,220,296,220,198,218,193,201,214,200,184,131,223,246,253,241,247,242,222,234,190,207,178,174,260,229,261,306,311,285,314,247,197,184,220,205,268,274,316,263,323,344,328,305,266,232,257,234,293,257,288,270,0,0,0,0,0,0
"Seguridad","Campeche","Violencia familiar",NA,1,0,3,1,3,5,1,1,0,2,0,1,1,2,4,3,3,5,7,6,1,4,5,2,3,6,3,7,7,8,5,6,7,4,5,4,4,6,4,3,4,12,2,4,4,5,1,3,4,9,4,6,11,7,4,2,3,5,3,4,6,2,7,4,1,0,1,2,8,7,4,3,1,1,4,4,4,1,1,0,2,7,140,149,136,142,180,177,164,173,170,182,141,171,163,158,159,167,197,196,206,231,227,163,141,149,145,170,129,150,189,173,179,113,63,34,40,37,40,39,42,39,55,52,49,57,0,0,0,0,0,0
"Seguridad","Chiapas","Violencia familiar",NA,60,76,81,86,87,90,84,102,181,157,130,117,113,132,151,164,177,192,179,181,169,184,186,136,141,105,116,122,141,111,265,467,510,541,544,443,545,541,719,544,505,499,487,453,462,416,432,429,466,443,453,442,469,439,445,377,358,400,433,383,395,433,591,387,327,235,377,387,376,333,349,284,347,351,352,358,357,358,361,353,288,329,293,224,192,169,208,155,164,154,146,150,129,136,102,71,119,94,110,74,81,89,93,106,54,57,55,40,46,83,60,119,73,123,57,57,49,63,66,49,52,58,75,90,69,73,0,0,0,0,0,0
"Seguridad","Chihuahua","Violencia familiar",NA,723,820,921,929,1134,1217,1210,1308,1190,1077,915,829,904,927,1112,1112,1305,1167,1201,1011,916,868,732,705,734,781,1000,930,1091,1177,1093,1020,935,1059,887,876,827,788,1004,1045,1155,1062,1048,995,998,871,720,714,762,689,800,937,1045,1072,1205,1042,1019,868,715,814,723,830,894,864,913,1255,1254,1163,1028,877,724,768,856,835,1084,1046,1305,1171,1109,1125,1196,1158,1010,1073,913,1004,1155,1233,1388,1294,1353,1198,1107,1091,858,919,927,892,1163,1179,1373,1399,1512,1263,1358,1192,1019,888,941,1042,1152,1132,1399,1400,1412,1328,1221,1247,1011,950,941,1002,1203,1217,1351,1355,0,0,0,0,0,0
"Seguridad","Ciudad de México","Violencia familiar",NA,894,1011,1229,1266,1357,1441,1543,1490,1497,1537,1457,1381,1266,1529,1524,1722,1831,1772,1430,1593,1516,1530,1332,1381,1382,1340,1578,1495,1651,1704,1484,1694,1556,1608,1445,1423,1449,1532,1769,1877,1892,1655,1744,1580,1672,1676,1570,1513,1609,1754,2204,2171,2477,2156,2205,2402,2315,2193,2114,2174,2071,2485,2793,1786,1550,1980,2301,2564,2438,2775,2533,2489,2301,2592,3297,3140,3212,2988,2825,2889,2723,3079,2817,2985,2427,2668,3303,3141,3578,3176,3090,3372,3088,3280,3220,2681,2874,3067,3668,3255,3387,3487,3189,3225,3177,3116,2817,2316,2740,2833,3428,3322,3671,3226,3033,2969,2951,2773,2797,2515,2623,2606,3074,3069,3164,2646,0,0,0,0,0,0
"Seguridad","Coahuila de Zaragoza","Violencia familiar",NA,147,141,136,202,171,225,229,201,213,201,122,166,189,509,531,525,627,834,600,571,847,543,481,628,490,537,743,703,760,1064,797,989,825,747,788,525,519,712,959,818,1159,1111,693,1007,728,662,771,652,646,1025,848,801,1128,918,884,1213,921,971,657,635,748,787,832,503,662,922,876,810,738,961,750,692,704,799,970,1332,1145,1081,1205,938,1165,905,775,753,797,761,1353,1136,1268,1550,1051,991,1221,816,855,919,892,914,1312,1016,1055,1483,1064,968,1110,885,780,900,788,1136,1040,1168,1523,1095,1120,1320,1009,1206,893,724,966,1157,1301,1495,1252,1359,0,0,0,0,0,0
"Seguridad","Colima","Violencia familiar",NA,30,34,41,63,54,71,40,57,40,44,45,30,145,178,154,0,0,0,17,16,18,15,21,18,191,163,164,159,193,173,181,229,215,206,228,197,209,200,240,224,204,182,238,197,221,196,169,173,198,236,292,252,271,315,258,314,261,300,253,276,313,327,352,301,361,441,387,377,386,418,356,319,355,321,376,339,409,357,386,292,329,375,349,370,315,273,380,393,408,367,372,411,355,385,396,350,377,332,392,355,352,319,341,338,330,334,314,285,298,329,328,328,394,356,407,344,322,409,338,392,317,329,329,323,356,356,0,0,0,0,0,0
"Seguridad","Durango","Violencia familiar",NA,151,155,196,243,372,404,387,427,348,384,360,94,336,368,421,525,476,528,450,475,461,394,452,386,484,365,239,437,263,466,525,523,492,473,514,415,463,417,539,533,546,595,489,481,405,429,365,333,377,432,463,541,589,633,644,628,577,542,455,439,428,472,596,374,432,449,481,487,468,440,251,341,408,420,535,495,576,550,485,442,461,426,379,354,353,289,467,453,520,571,418,460,407,421,371,349,365,297,420,450,505,555,420,460,405,421,365,355,365,297,419,447,505,554,418,460,405,421,365,348,346,293,417,433,505,512,0,0,0,0,0,0
"Seguridad","Guanajuato","Violencia familiar",NA,612,638,747,864,916,929,936,926,994,921,922,893,806,939,928,1234,1418,1055,747,831,798,841,675,861,837,873,984,1022,1205,1042,876,1007,860,989,810,748,772,733,940,993,1053,804,938,852,855,933,762,721,823,813,967,1030,1168,1029,943,932,875,928,829,805,775,865,997,730,751,835,819,801,851,997,838,776,764,698,1097,1039,1112,1008,1011,1062,983,955,920,975,897,950,1155,1169,1403,1228,1241,1222,1165,1255,1094,945,1136,1068,1347,1151,1377,1404,1334,1305,1211,1313,1148,901,1173,1218,1330,1569,1676,1332,1287,1297,1376,1244,1275,1181,1221,1254,1474,1519,1555,1422,0,0,0,0,0,0
"Seguridad","Guerrero","Violencia familiar",NA,221,192,211,208,184,151,145,160,99,150,167,134,150,150,172,164,176,178,170,207,230,200,177,209,164,209,292,217,242,208,222,212,229,273,222,206,206,254,301,238,217,194,252,240,215,254,214,249,205,216,283,240,258,260,295,276,275,258,250,211,269,283,317,179,147,196,257,277,266,289,273,243,263,247,334,316,372,272,266,242,229,260,246,226,271,267,324,286,329,295,302,298,222,292,298,283,294,283,345,325,363,304,319,258,253,225,256,247,288,222,200,273,307,236,241,227,164,208,227,192,219,217,246,194,205,189,0,0,0,0,0,0
"Seguridad","Hidalgo","Violencia familiar",NA,100,155,117,174,246,143,180,281,237,237,277,147,291,234,226,47,295,314,171,263,413,188,304,332,303,375,332,338,444,396,251,453,415,413,401,296,351,410,437,413,487,491,324,542,444,467,428,289,552,540,463,483,609,580,334,456,456,416,381,349,406,435,631,576,408,522,511,451,508,479,423,374,274,367,498,549,576,579,385,482,517,605,578,460,466,435,657,660,732,664,478,654,610,588,576,409,537,600,685,615,699,727,688,622,785,550,628,399,522,577,631,686,723,668,443,654,584,479,473,362,128,609,691,723,706,732,0,0,0,0,0,0
"Seguridad","Jalisco","Violencia familiar",NA,345,362,449,431,462,585,595,574,921,1361,1297,1161,948,935,1016,1312,1387,936,745,900,801,602,828,1021,733,649,823,644,897,942,840,937,838,826,820,608,778,709,845,883,904,849,826,689,647,683,529,508,686,685,841,938,1169,1026,1062,1134,951,1002,782,779,778,943,1095,965,1116,1198,1106,999,941,1026,858,867,890,913,1300,1275,1173,1067,980,986,925,1122,1011,977,915,909,1222,1153,1272,1079,1042,1264,1228,1300,1264,1099,1143,1310,1584,1385,1647,1743,1552,1592,1472,1328,1140,1008,1192,1056,1247,1289,1417,1314,1228,1229,1235,1248,1085,1010,1096,1023,1100,1116,1153,955,0,0,0,0,0,0
"Seguridad","Michoacán de Ocampo","Violencia familiar",NA,89,104,74,113,97,81,59,80,41,66,57,60,45,50,65,106,66,51,48,70,59,91,90,46,60,83,85,70,108,122,107,99,124,122,95,83,109,82,129,135,142,137,122,90,92,102,69,64,77,66,91,71,86,81,76,80,82,71,79,81,78,73,121,113,100,118,108,95,105,111,89,74,74,77,112,139,114,90,96,82,102,97,104,97,91,105,123,106,143,122,121,144,122,136,112,119,111,137,147,129,122,129,116,113,135,145,124,71,107,121,108,114,133,124,99,100,118,137,167,128,139,134,152,136,152,139,0,0,0,0,0,0
"Seguridad","Morelos","Violencia familiar",NA,268,341,355,366,336,360,324,374,316,384,315,295,368,423,420,446,504,391,333,311,334,327,288,371,375,368,459,423,555,466,399,453,375,456,403,337,396,423,477,466,537,392,454,371,401,419,325,292,414,323,501,466,511,406,435,378,370,486,437,405,424,459,520,320,315,381,433,467,410,420,395,402,312,382,485,484,434,420,458,388,370,425,399,381,366,370,500,438,552,467,427,466,402,437,427,354,487,464,584,511,518,540,428,498,538,490,407,412,488,466,480,530,566,491,449,499,464,499,444,383,407,475,488,496,532,450,0,0,0,0,0,0
"Seguridad","México","Violencia familiar",NA,325,281,341,360,325,453,460,467,475,434,417,384,321,468,443,537,626,444,443,437,490,437,397,431,370,477,545,556,618,651,588,681,600,647,626,501,468,547,644,589,568,557,489,445,510,704,488,487,480,541,634,638,768,889,785,861,921,956,893,883,884,995,998,1449,1392,1616,1594,1592,1716,1639,1524,1516,1691,1888,2256,1954,1817,1821,1807,1798,1712,1888,1664,1843,1674,1644,2298,2559,2847,2621,2347,2431,2226,2376,2306,2120,2207,2193,2582,2307,2455,2724,2264,2513,2481,2658,2429,1837,2262,2265,2493,2542,2691,2296,2279,2203,2314,2385,2269,1977,2182,2292,2385,1894,2190,1948,0,0,0,0,0,0
"Seguridad","Nayarit","Violencia familiar",NA,20,24,42,28,37,26,15,25,39,18,15,9,19,36,28,44,48,57,23,41,47,50,39,44,63,54,53,35,55,30,17,32,29,11,28,25,23,35,37,42,37,21,23,29,46,35,23,53,34,58,59,62,90,63,67,56,59,86,73,61,60,97,82,49,48,68,64,74,81,93,79,69,75,82,82,88,88,92,97,86,107,97,96,73,83,113,103,139,173,138,116,223,294,261,194,110,222,205,215,181,188,157,156,196,214,231,241,104,239,215,207,182,233,207,194,241,244,207,190,154,123,176,145,171,144,131,0,0,0,0,0,0
"Seguridad","Nuevo León","Violencia familiar",NA,1045,1102,1286,1432,1532,1671,1630,1669,1690,1435,1325,1245,1056,1363,1383,1521,1618,1889,1849,1592,1650,1450,1247,1155,1178,1260,1458,1356,1652,1852,1512,1696,1630,1290,1295,966,997,1099,1372,1347,1574,1595,1788,1558,1563,1355,1130,1032,961,1162,1216,1250,1563,1472,1434,1506,1485,1717,1225,1348,1312,1258,1670,1195,1356,1569,1529,1709,1838,1734,1486,1284,1258,1257,1821,1796,1985,2074,1939,1981,1898,1790,1558,1672,1188,1278,2003,1953,2429,2282,2115,2292,2042,1874,1565,1459,1668,1509,1906,1517,1884,1990,1741,1914,1920,1618,1377,1276,1316,1477,1660,1767,1895,1654,1744,1538,1731,1709,1468,1225,1200,1356,1628,1651,1759,1805,0,0,0,0,0,0
"Seguridad","Oaxaca","Violencia familiar",NA,0,88,0,0,97,0,0,194,0,0,239,0,202,215,268,348,360,321,333,330,340,0,326,310,253,274,376,392,402,335,314,372,304,430,388,372,424,428,586,537,563,431,481,434,410,471,472,445,485,463,552,562,638,525,573,604,522,511,472,532,499,574,650,445,463,422,527,562,596,606,567,565,553,552,658,628,604,519,591,520,547,596,554,571,508,556,645,621,727,657,627,580,581,567,514,500,645,554,703,653,741,652,621,592,603,647,527,490,556,550,599,616,579,449,468,521,458,273,329,296,354,327,341,340,373,300,0,0,0,0,0,0
"Seguridad","Puebla","Violencia familiar",NA,336,370,387,442,462,421,485,451,393,468,440,369,368,415,494,605,651,469,390,407,459,500,464,364,460,523,513,513,590,533,520,611,510,589,530,435,482,506,616,617,691,680,713,623,594,653,593,528,542,637,772,844,915,792,846,827,714,787,673,728,738,795,981,766,697,758,780,738,687,753,703,728,654,607,812,831,804,718,803,713,659,750,667,699,560,587,847,726,837,793,656,703,587,711,655,529,617,716,790,773,849,862,721,699,714,651,806,606,709,651,738,856,892,768,874,924,977,1075,1116,881,824,899,947,830,886,782,0,0,0,0,0,0
"Seguridad","Querétaro","Violencia familiar",NA,49,67,81,74,86,76,73,82,86,106,83,79,59,72,80,82,75,76,83,95,89,103,82,69,85,63,96,83,123,92,106,126,86,111,103,112,113,97,136,178,179,154,177,175,182,188,142,144,150,159,221,236,245,216,385,354,286,338,283,262,260,298,376,297,308,261,342,295,274,313,281,247,266,286,337,289,368,346,354,308,307,325,286,312,290,264,391,429,526,472,442,476,461,440,441,400,423,428,536,537,583,576,505,520,522,471,394,370,415,401,518,536,578,455,512,464,457,434,416,376,380,355,456,416,471,413,0,0,0,0,0,0
"Seguridad","Quintana Roo","Violencia familiar",NA,198,174,218,287,280,270,297,280,276,271,283,224,140,113,113,100,96,113,108,81,102,161,189,208,124,140,242,184,194,229,211,218,250,310,248,283,247,299,278,315,344,373,490,402,279,315,330,353,469,431,504,518,515,533,574,423,407,477,341,316,363,370,518,257,297,402,409,415,509,353,440,480,419,471,554,572,589,501,456,436,441,439,434,536,413,425,556,528,582,522,566,547,474,540,490,518,549,456,589,558,576,663,541,554,584,641,507,527,546,528,604,637,694,549,624,612,652,629,586,534,571,572,613,612,663,651,0,0,0,0,0,0
"Seguridad","San Luis Potosí","Violencia familiar",NA,210,248,314,252,278,242,225,224,214,206,251,260,149,277,208,340,125,351,252,437,455,495,445,396,497,496,515,461,550,480,407,489,491,513,448,376,436,430,434,503,588,561,581,533,562,535,443,442,536,551,613,705,866,698,816,747,737,726,612,626,604,639,703,586,606,713,756,576,680,698,641,579,593,562,888,909,919,864,775,775,702,742,665,640,588,629,718,809,910,788,801,864,739,687,690,638,734,694,848,724,945,883,808,827,884,770,648,555,650,705,873,886,976,822,829,778,822,723,819,679,740,832,899,885,960,861,0,0,0,0,0,0
"Seguridad","Sinaloa","Violencia familiar",NA,162,192,195,207,218,243,195,206,247,217,189,116,169,226,231,216,250,197,160,192,200,231,169,130,157,148,185,180,274,300,225,230,214,298,236,165,232,300,316,371,364,328,276,303,317,405,320,268,343,343,378,392,416,379,389,355,366,466,341,292,341,362,371,263,409,466,445,512,494,512,466,497,399,482,560,536,549,545,379,455,482,489,454,403,430,451,529,529,627,628,518,597,675,701,556,505,593,540,605,558,679,718,673,623,753,681,615,563,602,588,576,763,666,666,720,637,586,569,512,451,518,500,589,586,644,573,0,0,0,0,0,0
"Seguridad","Sonora","Violencia familiar",NA,114,178,204,196,198,242,192,158,189,236,169,155,143,187,252,432,434,576,529,173,189,264,249,167,251,240,310,184,236,199,167,211,172,210,122,126,132,166,180,214,216,203,188,185,179,206,178,148,140,189,267,292,339,304,361,329,305,333,400,328,314,371,381,174,589,460,376,492,542,589,645,517,655,615,859,740,669,647,450,522,498,581,565,424,401,438,619,523,580,657,473,613,614,551,460,416,454,541,578,520,661,630,522,785,973,1064,835,538,632,709,592,660,601,752,665,615,978,798,721,643,413,436,439,472,415,488,0,0,0,0,0,0
"Seguridad","Tabasco","Violencia familiar",NA,283,307,384,395,416,211,346,358,376,381,403,370,303,375,389,325,318,477,540,560,523,514,506,576,490,519,597,599,681,582,598,550,563,555,445,417,412,490,565,590,632,614,583,506,578,599,424,455,518,582,571,590,764,665,735,669,615,640,337,529,558,607,587,258,270,492,625,681,660,668,487,552,570,535,792,768,797,682,658,643,604,637,525,580,481,511,626,714,751,654,776,654,570,594,560,535,611,551,786,670,752,682,649,556,605,684,500,468,517,558,686,749,805,664,651,600,585,549,496,428,508,485,626,605,640,650,0,0,0,0,0,0
"Seguridad","Tamaulipas","Violencia familiar",NA,126,38,196,197,241,273,212,235,164,205,216,291,281,400,492,503,661,574,551,533,627,590,537,629,532,571,679,621,753,711,598,646,558,500,455,406,398,473,549,594,713,647,695,689,674,623,492,482,463,566,612,648,812,652,706,711,656,648,512,523,503,539,657,412,464,605,501,592,604,589,511,490,474,473,701,751,731,757,658,738,703,662,585,611,445,475,644,711,795,795,675,770,712,679,583,579,726,677,794,754,894,849,699,806,720,759,540,567,564,634,741,758,830,701,717,748,669,699,654,616,466,588,843,763,815,764,0,0,0,0,0,0
"Seguridad","Tlaxcala","Violencia familiar",NA,8,12,0,0,0,0,0,1,1,1,0,1,1,0,0,0,1,2,1,0,0,0,1,0,0,1,1,0,0,0,0,2,3,0,8,9,15,13,18,20,17,17,12,12,6,0,0,0,0,2,0,1,4,4,2,0,1,1,1,1,0,5,0,0,2,0,0,1,1,2,6,1,0,2,5,4,3,5,1,5,9,6,11,27,30,23,45,33,28,18,28,19,23,20,4,4,2,1,0,1,0,2,0,3,2,1,3,3,1,1,2,4,2,3,1,2,3,2,2,5,4,10,4,6,4,3,0,0,0,0,0,0
"Seguridad","Veracruz de Ignacio de la Llave","Violencia familiar",NA,236,206,213,461,438,307,148,342,297,380,305,239,328,338,397,474,417,431,393,473,392,381,386,361,506,501,593,577,613,626,539,573,545,568,412,273,505,562,611,676,678,648,515,537,608,474,248,157,810,813,820,890,979,933,913,876,934,905,715,736,613,925,942,806,759,853,924,859,1002,1023,866,814,757,859,1128,1053,1164,1050,938,938,985,996,920,918,760,793,1118,1112,1207,1088,1069,1080,925,932,850,813,989,884,1251,994,1194,1139,950,989,1027,919,756,704,863,846,943,1051,1156,958,971,1002,1019,880,890,742,772,834,993,1006,1107,888,0,0,0,0,0,0
"Seguridad","Yucatán","Violencia familiar",NA,201,58,230,188,206,201,222,175,164,175,167,171,160,185,184,181,186,201,237,222,200,180,173,161,187,209,247,260,270,246,233,211,220,226,197,164,168,166,185,199,196,146,33,184,191,169,169,129,124,134,146,121,123,92,106,95,106,97,76,75,58,73,87,26,30,46,42,45,71,73,105,70,92,54,95,104,113,69,105,103,74,55,11,9,12,9,12,18,9,9,13,10,6,5,8,14,9,11,17,9,12,16,13,18,15,25,17,31,38,27,32,28,26,19,19,18,27,27,23,17,26,32,19,22,28,28,0,0,0,0,0,0
"Seguridad","Zacatecas","Violencia familiar",NA,36,61,52,70,71,78,49,52,91,61,72,42,78,64,82,63,97,105,83,81,141,119,67,95,90,133,120,103,146,167,135,156,141,155,134,130,128,149,177,196,187,188,186,195,195,220,162,168,153,186,244,215,269,252,248,257,231,245,260,234,246,237,288,245,262,363,291,323,266,266,285,244,249,302,348,331,353,318,274,289,246,273,243,227,194,235,272,288,388,347,322,315,292,264,255,236,270,277,336,301,373,429,343,197,305,335,294,213,281,300,317,384,355,322,303,305,302,282,274,199,222,255,276,285,342,303,0,0,0,0,0,0
