"Tema","Entidad","Indicador","link.de.consulta","2015_S1","2015_S2","2016_S1","2016_S2","2017_S1","2017_S2","2018_S1","2018_S2","2019_S1","2019_S2","2020_S1","2020_S2","2021_S1","2021_S2","2022_S1","2022_S2","2023_S1","2023_S2","2024_S1","2024_S2","2025_S1","2025_S2"
"Seguridad","Aguascalientes","Aborto","Datos abiertos de incidencia delictiva. Secretariado Ejecutivo del Sistema Nacional de Seguridad Pública ",4,1,4,3,2,2,4,3,4,6,3,2,6,8,4,9,8,2,3,4,6,0
"Seguridad","Baja California","Aborto","Datos abiertos de incidencia delictiva. Secretariado Ejecutivo del Sistema Nacional de Seguridad Pública ",32,21,17,26,40,33,32,31,29,28,19,20,13,21,20,22,12,26,19,22,31,0
"Seguridad","Baja California Sur","Aborto","Datos abiertos de incidencia delictiva. Secretariado Ejecutivo del Sistema Nacional de Seguridad Pública ",1,2,1,2,8,6,8,8,6,6,6,4,7,7,2,1,4,4,3,7,5,0
"Seguridad","Campeche","Aborto","Datos abiertos de incidencia delictiva. Secretariado Ejecutivo del Sistema Nacional de Seguridad Pública ",0,1,1,0,2,0,0,1,0,0,0,0,0,1,2,3,3,0,0,0,0,0
"Seguridad","Chiapas","Aborto","Datos abiertos de incidencia delictiva. Secretariado Ejecutivo del Sistema Nacional de Seguridad Pública ",5,15,9,13,3,8,7,8,5,6,6,4,5,4,3,0,0,0,2,4,2,0
"Seguridad","Chihuahua","Aborto","Datos abiertos de incidencia delictiva. Secretariado Ejecutivo del Sistema Nacional de Seguridad Pública ",6,2,4,9,5,8,6,4,3,5,6,3,3,3,2,7,3,8,4,3,4,0
"Seguridad","Ciudad de México","Aborto","Datos abiertos de incidencia delictiva. Secretariado Ejecutivo del Sistema Nacional de Seguridad Pública ",72,59,66,49,41,43,50,60,72,60,47,32,44,58,95,97,101,80,87,99,115,0
"Seguridad","Coahuila de Zaragoza","Aborto","Datos abiertos de incidencia delictiva. Secretariado Ejecutivo del Sistema Nacional de Seguridad Pública ",2,1,1,1,0,3,6,3,1,1,0,2,2,2,1,1,2,0,0,0,2,0
"Seguridad","Colima","Aborto","Datos abiertos de incidencia delictiva. Secretariado Ejecutivo del Sistema Nacional de Seguridad Pública ",0,0,0,0,3,2,0,0,3,1,1,3,0,0,2,3,1,0,2,0,2,0
"Seguridad","Durango","Aborto","Datos abiertos de incidencia delictiva. Secretariado Ejecutivo del Sistema Nacional de Seguridad Pública ",2,0,3,2,1,0,3,3,1,0,0,0,0,0,1,1,0,0,0,0,0,0
"Seguridad","Guanajuato","Aborto","Datos abiertos de incidencia delictiva. Secretariado Ejecutivo del Sistema Nacional de Seguridad Pública ",11,11,19,8,14,14,12,18,8,16,13,18,14,9,14,10,5,13,11,11,11,0
"Seguridad","Guerrero","Aborto","Datos abiertos de incidencia delictiva. Secretariado Ejecutivo del Sistema Nacional de Seguridad Pública ",0,2,5,0,0,2,1,3,3,7,1,3,3,2,1,5,1,0,2,3,1,0
"Seguridad","Hidalgo","Aborto","Datos abiertos de incidencia delictiva. Secretariado Ejecutivo del Sistema Nacional de Seguridad Pública ",10,14,4,3,5,6,11,7,8,7,12,11,14,5,11,7,6,6,9,0,5,0
"Seguridad","Jalisco","Aborto","Datos abiertos de incidencia delictiva. Secretariado Ejecutivo del Sistema Nacional de Seguridad Pública ",9,14,14,17,13,16,9,8,5,0,10,3,5,6,5,1,7,4,13,8,7,0
"Seguridad","Michoacán de Ocampo","Aborto","Datos abiertos de incidencia delictiva. Secretariado Ejecutivo del Sistema Nacional de Seguridad Pública ",2,7,6,5,7,4,2,3,7,10,5,6,11,7,16,15,10,11,5,8,9,0
"Seguridad","Morelos","Aborto","Datos abiertos de incidencia delictiva. Secretariado Ejecutivo del Sistema Nacional de Seguridad Pública ",4,8,5,11,16,6,1,3,4,8,2,11,7,3,5,5,2,1,3,6,2,0
"Seguridad","México","Aborto","Datos abiertos de incidencia delictiva. Secretariado Ejecutivo del Sistema Nacional de Seguridad Pública ",43,28,34,32,37,35,48,59,71,84,71,74,83,66,66,78,90,66,60,48,52,0
"Seguridad","Nayarit","Aborto","Datos abiertos de incidencia delictiva. Secretariado Ejecutivo del Sistema Nacional de Seguridad Pública ",0,0,0,0,0,0,0,0,0,0,0,1,3,0,1,2,3,1,0,1,0,0
"Seguridad","Nuevo León","Aborto","Datos abiertos de incidencia delictiva. Secretariado Ejecutivo del Sistema Nacional de Seguridad Pública ",42,16,26,21,14,14,13,25,47,37,52,48,58,61,74,70,71,70,81,94,126,0
"Seguridad","Oaxaca","Aborto","Datos abiertos de incidencia delictiva. Secretariado Ejecutivo del Sistema Nacional de Seguridad Pública ",0,0,7,9,9,6,8,8,7,9,4,5,5,3,6,7,10,6,7,6,5,0
"Seguridad","Puebla","Aborto","Datos abiertos de incidencia delictiva. Secretariado Ejecutivo del Sistema Nacional de Seguridad Pública ",5,2,9,4,7,2,1,4,4,0,3,3,3,2,1,0,1,1,2,4,3,0
"Seguridad","Querétaro","Aborto","Datos abiertos de incidencia delictiva. Secretariado Ejecutivo del Sistema Nacional de Seguridad Pública ",3,2,4,6,8,4,10,4,6,16,10,18,18,19,21,18,21,16,23,6,0,0
"Seguridad","Quintana Roo","Aborto","Datos abiertos de incidencia delictiva. Secretariado Ejecutivo del Sistema Nacional de Seguridad Pública ",5,1,1,2,0,5,1,3,8,5,6,6,4,1,2,2,3,1,4,3,3,0
"Seguridad","San Luis Potosí","Aborto","Datos abiertos de incidencia delictiva. Secretariado Ejecutivo del Sistema Nacional de Seguridad Pública ",2,3,2,6,5,2,6,4,0,7,5,4,6,3,4,5,5,7,5,7,4,0
"Seguridad","Sinaloa","Aborto","Datos abiertos de incidencia delictiva. Secretariado Ejecutivo del Sistema Nacional de Seguridad Pública ",4,5,6,3,4,5,6,3,4,5,2,2,3,5,5,1,0,0,0,0,0,0
"Seguridad","Sonora","Aborto","Datos abiertos de incidencia delictiva. Secretariado Ejecutivo del Sistema Nacional de Seguridad Pública ",0,3,2,2,1,1,3,4,0,3,1,4,9,2,4,2,7,2,1,4,6,0
"Seguridad","Tabasco","Aborto","Datos abiertos de incidencia delictiva. Secretariado Ejecutivo del Sistema Nacional de Seguridad Pública ",1,0,2,1,3,0,2,0,2,0,0,2,3,2,3,5,9,1,2,1,0,0
"Seguridad","Tamaulipas","Aborto","Datos abiertos de incidencia delictiva. Secretariado Ejecutivo del Sistema Nacional de Seguridad Pública ",12,13,14,19,19,13,24,22,23,22,18,16,27,17,26,14,34,14,39,30,27,0
"Seguridad","Tlaxcala","Aborto","Datos abiertos de incidencia delictiva. Secretariado Ejecutivo del Sistema Nacional de Seguridad Pública ",2,2,1,3,2,2,0,0,0,0,0,0,0,0,0,0,0,0,0,0,0,0
"Seguridad","Veracruz de Ignacio de la Llave","Aborto","Datos abiertos de incidencia delictiva. Secretariado Ejecutivo del Sistema Nacional de Seguridad Pública ",10,5,14,15,15,18,18,10,23,13,12,10,10,14,19,7,20,20,6,5,7,0
"Seguridad","Yucatán","Aborto","Datos abiertos de incidencia delictiva. Secretariado Ejecutivo del Sistema Nacional de Seguridad Pública ",6,9,6,2,0,0,0,0,0,0,0,0,0,0,0,1,2,0,1,0,0,0
"Seguridad","Zacatecas","Aborto","Datos abiertos de incidencia delictiva. Secretariado Ejecutivo del Sistema Nacional de Seguridad Pública ",1,1,0,1,1,0,4,0,0,0,1,2,5,1,0,3,8,1,2,4,2,0
"Seguridad","Aguascalientes","Abuso de confianza","Datos abiertos de incidencia delictiva. Secretariado Ejecutivo del Sistema Nacional de Seguridad Pública ",206,213,212,182,281,427,392,385,349,361,228,386,332,379,387,446,430,387,418,373,410,0
"Seguridad","Baja California","Abuso de confianza","Datos abiertos de incidencia delictiva. Secretariado Ejecutivo del Sistema Nacional de Seguridad Pública ",444,473,304,349,291,342,269,291,250,387,194,281,242,276,217,295,297,354,295,354,292,0
"Seguridad","Baja California Sur","Abuso de confianza","Datos abiertos de incidencia delictiva. Secretariado Ejecutivo del Sistema Nacional de Seguridad Pública ",171,183,180,184,149,121,131,139,130,171,130,128,153,114,139,127,158,162,183,182,151,0
"Seguridad","Campeche","Abuso de confianza","Datos abiertos de incidencia delictiva. Secretariado Ejecutivo del Sistema Nacional de Seguridad Pública ",0,0,0,1,0,0,0,1,0,2,0,0,1,74,233,253,270,122,69,15,8,0
"Seguridad","Chiapas","Abuso de confianza","Datos abiertos de incidencia delictiva. Secretariado Ejecutivo del Sistema Nacional de Seguridad Pública ",53,36,70,76,130,103,98,107,93,92,58,30,32,50,56,80,108,129,92,97,63,0
"Seguridad","Chihuahua","Abuso de confianza","Datos abiertos de incidencia delictiva. Secretariado Ejecutivo del Sistema Nacional de Seguridad Pública ",427,401,331,325,411,355,352,409,383,435,384,424,448,557,586,513,599,624,646,696,686,0
"Seguridad","Ciudad de México","Abuso de confianza","Datos abiertos de incidencia delictiva. Secretariado Ejecutivo del Sistema Nacional de Seguridad Pública ",1160,1545,1515,1698,1895,1788,1889,2134,1977,2055,1796,2061,2238,3090,2699,2448,2377,1900,1883,1850,2000,0
"Seguridad","Coahuila de Zaragoza","Abuso de confianza","Datos abiertos de incidencia delictiva. Secretariado Ejecutivo del Sistema Nacional de Seguridad Pública ",270,256,216,274,285,240,233,221,255,243,211,276,309,350,393,342,304,331,304,315,387,0
"Seguridad","Colima","Abuso de confianza","Datos abiertos de incidencia delictiva. Secretariado Ejecutivo del Sistema Nacional de Seguridad Pública ",23,15,91,1,290,232,236,245,238,304,238,197,213,246,265,233,164,225,220,177,169,0
"Seguridad","Durango","Abuso de confianza","Datos abiertos de incidencia delictiva. Secretariado Ejecutivo del Sistema Nacional de Seguridad Pública ",205,312,332,384,408,404,340,296,292,280,147,205,320,409,373,343,330,269,237,192,215,0
"Seguridad","Guanajuato","Abuso de confianza","Datos abiertos de incidencia delictiva. Secretariado Ejecutivo del Sistema Nacional de Seguridad Pública ",558,547,615,441,434,483,691,705,912,833,578,656,723,838,831,819,922,872,923,925,1020,0
"Seguridad","Guerrero","Abuso de confianza","Datos abiertos de incidencia delictiva. Secretariado Ejecutivo del Sistema Nacional de Seguridad Pública ",159,143,112,143,141,151,117,150,137,132,112,150,150,174,169,155,170,140,156,157,143,0
"Seguridad","Hidalgo","Abuso de confianza","Datos abiertos de incidencia delictiva. Secretariado Ejecutivo del Sistema Nacional de Seguridad Pública ",260,275,334,322,439,520,695,549,433,334,227,223,181,264,251,215,227,190,173,125,214,0
"Seguridad","Jalisco","Abuso de confianza","Datos abiertos de incidencia delictiva. Secretariado Ejecutivo del Sistema Nacional de Seguridad Pública ",391,401,498,828,1078,1109,1247,934,1258,1136,958,897,724,708,704,805,822,921,767,789,666,0
"Seguridad","Michoacán de Ocampo","Abuso de confianza","Datos abiertos de incidencia delictiva. Secretariado Ejecutivo del Sistema Nacional de Seguridad Pública ",60,109,83,113,123,284,284,213,285,280,275,316,280,315,337,358,350,350,361,404,388,0
"Seguridad","Morelos","Abuso de confianza","Datos abiertos de incidencia delictiva. Secretariado Ejecutivo del Sistema Nacional de Seguridad Pública ",339,370,337,325,370,379,394,419,301,337,235,315,343,380,322,317,316,309,308,287,319,0
"Seguridad","México","Abuso de confianza","Datos abiertos de incidencia delictiva. Secretariado Ejecutivo del Sistema Nacional de Seguridad Pública ",1323,1381,1177,1248,1486,1770,1735,1588,1634,1927,1499,1834,2105,2106,1888,1950,1974,2095,2196,2516,2593,0
"Seguridad","Nayarit","Abuso de confianza","Datos abiertos de incidencia delictiva. Secretariado Ejecutivo del Sistema Nacional de Seguridad Pública ",87,74,43,44,28,9,6,14,19,26,12,18,14,9,18,40,47,98,122,91,89,0
"Seguridad","Nuevo León","Abuso de confianza","Datos abiertos de incidencia delictiva. Secretariado Ejecutivo del Sistema Nacional de Seguridad Pública ",408,406,394,609,635,632,614,549,480,558,310,535,512,584,500,644,563,533,564,488,314,0
"Seguridad","Oaxaca","Abuso de confianza","Datos abiertos de incidencia delictiva. Secretariado Ejecutivo del Sistema Nacional de Seguridad Pública ",11,20,167,113,84,115,195,183,248,285,200,292,255,235,219,181,195,230,229,193,154,0
"Seguridad","Puebla","Abuso de confianza","Datos abiertos de incidencia delictiva. Secretariado Ejecutivo del Sistema Nacional de Seguridad Pública ",662,609,500,193,407,363,339,392,798,611,392,607,735,811,734,778,666,723,658,635,744,0
"Seguridad","Querétaro","Abuso de confianza","Datos abiertos de incidencia delictiva. Secretariado Ejecutivo del Sistema Nacional de Seguridad Pública ",201,258,277,287,312,323,317,305,317,364,253,334,408,307,319,388,387,409,384,390,374,0
"Seguridad","Quintana Roo","Abuso de confianza","Datos abiertos de incidencia delictiva. Secretariado Ejecutivo del Sistema Nacional de Seguridad Pública ",316,285,140,182,250,229,232,242,327,315,782,1254,1362,1432,1534,1732,1808,1916,2096,2069,2136,0
"Seguridad","San Luis Potosí","Abuso de confianza","Datos abiertos de incidencia delictiva. Secretariado Ejecutivo del Sistema Nacional de Seguridad Pública ",190,191,155,226,214,161,184,280,425,556,287,430,439,413,374,333,389,351,341,340,372,0
"Seguridad","Sinaloa","Abuso de confianza","Datos abiertos de incidencia delictiva. Secretariado Ejecutivo del Sistema Nacional de Seguridad Pública ",150,89,196,83,103,93,113,55,75,133,77,156,178,134,157,187,201,155,178,185,184,0
"Seguridad","Sonora","Abuso de confianza","Datos abiertos de incidencia delictiva. Secretariado Ejecutivo del Sistema Nacional de Seguridad Pública ",136,107,206,185,230,158,113,111,122,124,55,146,131,72,50,69,54,62,39,89,114,0
"Seguridad","Tabasco","Abuso de confianza","Datos abiertos de incidencia delictiva. Secretariado Ejecutivo del Sistema Nacional de Seguridad Pública ",185,168,196,253,280,281,259,230,369,321,234,349,354,391,388,416,362,354,330,305,260,0
"Seguridad","Tamaulipas","Abuso de confianza","Datos abiertos de incidencia delictiva. Secretariado Ejecutivo del Sistema Nacional de Seguridad Pública ",207,237,317,495,373,385,348,321,358,289,195,226,262,301,289,356,347,344,299,335,295,0
"Seguridad","Tlaxcala","Abuso de confianza","Datos abiertos de incidencia delictiva. Secretariado Ejecutivo del Sistema Nacional de Seguridad Pública ",37,28,40,15,9,22,18,20,8,6,6,5,11,10,10,5,0,2,0,1,1,0
"Seguridad","Veracruz de Ignacio de la Llave","Abuso de confianza","Datos abiertos de incidencia delictiva. Secretariado Ejecutivo del Sistema Nacional de Seguridad Pública ",413,408,269,197,351,356,287,325,570,591,536,658,736,656,701,600,647,647,803,496,502,0
"Seguridad","Yucatán","Abuso de confianza","Datos abiertos de incidencia delictiva. Secretariado Ejecutivo del Sistema Nacional de Seguridad Pública ",549,582,738,670,606,173,187,196,255,294,190,237,224,55,50,59,43,57,43,34,46,0
"Seguridad","Zacatecas","Abuso de confianza","Datos abiertos de incidencia delictiva. Secretariado Ejecutivo del Sistema Nacional de Seguridad Pública ",157,133,126,179,170,153,203,214,191,183,152,142,175,167,191,161,160,141,128,165,159,0
"Seguridad","Aguascalientes","Abuso sexual","Datos abiertos de incidencia delictiva. Secretariado Ejecutivo del Sistema Nacional de Seguridad Pública ",14,4,1,0,0,0,0,0,0,0,0,0,0,0,0,0,0,0,0,0,0,0
"Seguridad","Baja California","Abuso sexual","Datos abiertos de incidencia delictiva. Secretariado Ejecutivo del Sistema Nacional de Seguridad Pública ",641,606,575,600,540,571,590,708,687,697,654,614,642,655,809,871,980,929,913,927,794,0
"Seguridad","Baja California Sur","Abuso sexual","Datos abiertos de incidencia delictiva. Secretariado Ejecutivo del Sistema Nacional de Seguridad Pública ",20,73,82,99,100,132,136,154,157,158,135,145,142,171,206,223,211,218,230,248,204,0
"Seguridad","Campeche","Abuso sexual","Datos abiertos de incidencia delictiva. Secretariado Ejecutivo del Sistema Nacional de Seguridad Pública ",4,5,11,10,18,33,18,26,30,25,24,29,24,72,213,157,211,130,149,76,61,0
"Seguridad","Chiapas","Abuso sexual","Datos abiertos de incidencia delictiva. Secretariado Ejecutivo del Sistema Nacional de Seguridad Pública ",146,120,155,156,103,110,109,99,87,75,79,69,101,106,116,102,81,88,81,61,61,0
"Seguridad","Chihuahua","Abuso sexual","Datos abiertos de incidencia delictiva. Secretariado Ejecutivo del Sistema Nacional de Seguridad Pública ",572,492,543,533,573,609,666,635,698,681,658,635,822,869,1017,937,1153,891,980,928,956,0
"Seguridad","Ciudad de México","Abuso sexual","Datos abiertos de incidencia delictiva. Secretariado Ejecutivo del Sistema Nacional de Seguridad Pública ",762,884,1088,787,770,756,1118,1443,2074,1979,1603,1518,1939,1993,2331,2325,2458,2284,2193,2090,1984,0
"Seguridad","Coahuila de Zaragoza","Abuso sexual","Datos abiertos de incidencia delictiva. Secretariado Ejecutivo del Sistema Nacional de Seguridad Pública ",150,161,207,224,255,235,294,280,264,295,285,293,399,429,552,494,531,404,471,445,412,0
"Seguridad","Colima","Abuso sexual","Datos abiertos de incidencia delictiva. Secretariado Ejecutivo del Sistema Nacional de Seguridad Pública ",19,7,19,11,74,110,78,126,121,119,169,150,176,166,190,214,176,226,185,183,169,0
"Seguridad","Durango","Abuso sexual","Datos abiertos de incidencia delictiva. Secretariado Ejecutivo del Sistema Nacional de Seguridad Pública ",46,136,137,180,146,127,196,182,262,217,188,216,269,279,307,263,292,254,261,253,247,0
"Seguridad","Guanajuato","Abuso sexual","Datos abiertos de incidencia delictiva. Secretariado Ejecutivo del Sistema Nacional de Seguridad Pública ",483,485,474,496,532,436,452,496,577,585,592,549,648,626,759,691,792,699,695,664,836,0
"Seguridad","Guerrero","Abuso sexual","Datos abiertos de incidencia delictiva. Secretariado Ejecutivo del Sistema Nacional de Seguridad Pública ",145,106,115,98,108,101,63,102,145,141,136,180,171,184,222,229,248,183,191,181,187,0
"Seguridad","Hidalgo","Abuso sexual","Datos abiertos de incidencia delictiva. Secretariado Ejecutivo del Sistema Nacional de Seguridad Pública ",33,125,133,201,234,208,230,284,390,313,315,391,363,292,335,338,401,355,370,302,357,0
"Seguridad","Jalisco","Abuso sexual","Datos abiertos de incidencia delictiva. Secretariado Ejecutivo del Sistema Nacional de Seguridad Pública ",690,882,1127,1218,1191,1130,1064,1092,1324,1099,1115,1022,1205,1173,1355,1943,2328,2674,2772,2551,2771,0
"Seguridad","Michoacán de Ocampo","Abuso sexual","Datos abiertos de incidencia delictiva. Secretariado Ejecutivo del Sistema Nacional de Seguridad Pública ",133,140,118,93,119,151,164,175,205,222,260,256,291,280,341,316,351,280,285,295,310,0
"Seguridad","Morelos","Abuso sexual","Datos abiertos de incidencia delictiva. Secretariado Ejecutivo del Sistema Nacional de Seguridad Pública ",182,170,200,169,249,204,222,232,255,241,201,268,282,268,324,301,347,275,302,297,307,0
"Seguridad","México","Abuso sexual","Datos abiertos de incidencia delictiva. Secretariado Ejecutivo del Sistema Nacional de Seguridad Pública ",11,521,791,738,838,865,928,1049,1356,1315,1325,1566,2088,1983,2817,2669,2926,2387,2693,2281,2500,0
"Seguridad","Nayarit","Abuso sexual","Datos abiertos de incidencia delictiva. Secretariado Ejecutivo del Sistema Nacional de Seguridad Pública ",0,0,0,0,0,0,0,0,0,0,0,0,0,0,0,0,106,171,147,164,123,0
"Seguridad","Nuevo León","Abuso sexual","Datos abiertos de incidencia delictiva. Secretariado Ejecutivo del Sistema Nacional de Seguridad Pública ",408,493,496,450,506,501,554,558,567,604,601,687,850,803,958,867,991,821,797,739,767,0
"Seguridad","Oaxaca","Abuso sexual","Datos abiertos de incidencia delictiva. Secretariado Ejecutivo del Sistema Nacional de Seguridad Pública ",43,39,224,135,170,213,272,253,315,307,296,232,303,243,230,261,306,281,259,261,214,0
"Seguridad","Puebla","Abuso sexual","Datos abiertos de incidencia delictiva. Secretariado Ejecutivo del Sistema Nacional de Seguridad Pública ",0,0,0,0,0,0,269,306,332,380,376,342,403,425,467,466,488,427,479,521,477,0
"Seguridad","Querétaro","Abuso sexual","Datos abiertos de incidencia delictiva. Secretariado Ejecutivo del Sistema Nacional de Seguridad Pública ",114,136,124,170,191,167,196,217,281,259,259,292,319,359,388,365,421,324,414,384,318,0
"Seguridad","Quintana Roo","Abuso sexual","Datos abiertos de incidencia delictiva. Secretariado Ejecutivo del Sistema Nacional de Seguridad Pública ",227,210,154,184,151,161,192,200,297,259,263,313,441,525,611,595,594,491,587,500,487,0
"Seguridad","San Luis Potosí","Abuso sexual","Datos abiertos de incidencia delictiva. Secretariado Ejecutivo del Sistema Nacional de Seguridad Pública ",151,136,109,170,186,182,196,224,248,301,251,253,324,324,358,314,382,341,337,367,348,0
"Seguridad","Sinaloa","Abuso sexual","Datos abiertos de incidencia delictiva. Secretariado Ejecutivo del Sistema Nacional de Seguridad Pública ",118,108,125,121,102,112,162,132,151,173,164,195,205,202,265,244,310,244,298,257,257,0
"Seguridad","Sonora","Abuso sexual","Datos abiertos de incidencia delictiva. Secretariado Ejecutivo del Sistema Nacional de Seguridad Pública ",130,121,199,224,197,165,135,189,210,241,242,290,422,296,300,319,386,410,338,461,349,0
"Seguridad","Tabasco","Abuso sexual","Datos abiertos de incidencia delictiva. Secretariado Ejecutivo del Sistema Nacional de Seguridad Pública ",47,36,54,74,70,79,83,79,86,92,80,80,120,115,129,127,128,122,150,116,115,0
"Seguridad","Tamaulipas","Abuso sexual","Datos abiertos de incidencia delictiva. Secretariado Ejecutivo del Sistema Nacional de Seguridad Pública ",0,0,0,171,232,205,261,282,306,285,266,277,338,363,364,384,477,386,398,362,370,0
"Seguridad","Tlaxcala","Abuso sexual","Datos abiertos de incidencia delictiva. Secretariado Ejecutivo del Sistema Nacional de Seguridad Pública ",12,17,13,10,5,22,50,21,10,12,16,11,22,11,15,9,7,6,13,9,7,0
"Seguridad","Veracruz de Ignacio de la Llave","Abuso sexual","Datos abiertos de incidencia delictiva. Secretariado Ejecutivo del Sistema Nacional de Seguridad Pública ",15,31,35,19,52,39,89,122,356,397,322,352,419,460,475,507,577,539,599,584,561,0
"Seguridad","Yucatán","Abuso sexual","Datos abiertos de incidencia delictiva. Secretariado Ejecutivo del Sistema Nacional de Seguridad Pública ",225,195,232,200,249,172,157,84,105,76,35,38,39,20,46,32,41,62,54,56,55,0
"Seguridad","Zacatecas","Abuso sexual","Datos abiertos de incidencia delictiva. Secretariado Ejecutivo del Sistema Nacional de Seguridad Pública ",0,0,0,26,77,65,81,100,115,102,97,107,132,127,151,145,150,164,200,171,157,0
"Seguridad","Aguascalientes","Acoso sexual","Datos abiertos de incidencia delictiva. Secretariado Ejecutivo del Sistema Nacional de Seguridad Pública ",0,0,0,0,0,0,0,0,0,0,0,0,0,0,0,0,0,0,0,0,0,0
"Seguridad","Baja California","Acoso sexual","Datos abiertos de incidencia delictiva. Secretariado Ejecutivo del Sistema Nacional de Seguridad Pública ",0,0,0,0,0,0,0,0,0,0,0,0,0,0,0,0,28,93,116,114,108,0
"Seguridad","Baja California Sur","Acoso sexual","Datos abiertos de incidencia delictiva. Secretariado Ejecutivo del Sistema Nacional de Seguridad Pública ",6,8,20,13,7,10,16,15,17,32,52,58,70,49,59,52,89,85,90,90,95,0
"Seguridad","Campeche","Acoso sexual","Datos abiertos de incidencia delictiva. Secretariado Ejecutivo del Sistema Nacional de Seguridad Pública ",0,0,0,0,0,0,0,0,2,1,0,2,0,16,34,38,54,21,35,3,11,0
"Seguridad","Chiapas","Acoso sexual","Datos abiertos de incidencia delictiva. Secretariado Ejecutivo del Sistema Nacional de Seguridad Pública ",0,0,0,0,0,0,24,50,51,43,50,35,46,42,37,50,48,54,55,55,45,0
"Seguridad","Chihuahua","Acoso sexual","Datos abiertos de incidencia delictiva. Secretariado Ejecutivo del Sistema Nacional de Seguridad Pública ",0,0,0,0,0,0,0,0,0,0,0,0,0,0,87,147,192,174,175,189,213,0
"Seguridad","Ciudad de México","Acoso sexual","Datos abiertos de incidencia delictiva. Secretariado Ejecutivo del Sistema Nacional de Seguridad Pública ",25,8,21,160,119,89,186,263,455,491,586,479,696,728,802,679,916,817,849,679,834,0
"Seguridad","Coahuila de Zaragoza","Acoso sexual","Datos abiertos de incidencia delictiva. Secretariado Ejecutivo del Sistema Nacional de Seguridad Pública ",41,27,73,66,79,79,101,102,96,115,103,145,180,167,263,213,240,209,278,203,277,0
"Seguridad","Colima","Acoso sexual","Datos abiertos de incidencia delictiva. Secretariado Ejecutivo del Sistema Nacional de Seguridad Pública ",0,0,0,0,0,0,0,0,0,0,0,0,0,0,0,14,33,32,60,49,57,0
"Seguridad","Durango","Acoso sexual","Datos abiertos de incidencia delictiva. Secretariado Ejecutivo del Sistema Nacional de Seguridad Pública ",0,3,4,5,0,1,2,10,20,34,40,50,48,47,60,43,56,40,51,46,50,0
"Seguridad","Guanajuato","Acoso sexual","Datos abiertos de incidencia delictiva. Secretariado Ejecutivo del Sistema Nacional de Seguridad Pública ",113,99,99,67,88,73,82,89,115,98,105,122,123,111,177,175,192,198,221,196,224,0
"Seguridad","Guerrero","Acoso sexual","Datos abiertos de incidencia delictiva. Secretariado Ejecutivo del Sistema Nacional de Seguridad Pública ",1,7,5,10,14,11,17,28,16,20,36,43,44,55,74,83,93,67,88,68,87,0
"Seguridad","Hidalgo","Acoso sexual","Datos abiertos de incidencia delictiva. Secretariado Ejecutivo del Sistema Nacional de Seguridad Pública ",87,31,7,0,4,3,13,0,4,0,0,0,0,0,1,0,2,2,1,1,6,0
"Seguridad","Jalisco","Acoso sexual","Datos abiertos de incidencia delictiva. Secretariado Ejecutivo del Sistema Nacional de Seguridad Pública ",47,83,129,70,76,96,162,122,139,153,127,136,144,133,182,139,189,166,152,147,135,0
"Seguridad","Michoacán de Ocampo","Acoso sexual","Datos abiertos de incidencia delictiva. Secretariado Ejecutivo del Sistema Nacional de Seguridad Pública ",0,0,0,0,0,0,0,0,14,2,1,61,93,88,90,100,104,83,105,98,116,0
"Seguridad","Morelos","Acoso sexual","Datos abiertos de incidencia delictiva. Secretariado Ejecutivo del Sistema Nacional de Seguridad Pública ",0,2,1,5,6,10,16,19,12,14,11,14,13,21,15,8,13,5,7,7,5,0
"Seguridad","México","Acoso sexual","Datos abiertos de incidencia delictiva. Secretariado Ejecutivo del Sistema Nacional de Seguridad Pública ",84,82,71,104,130,141,136,125,304,319,488,624,692,739,1829,2291,2923,2576,1805,1567,1523,0
"Seguridad","Nayarit","Acoso sexual","Datos abiertos de incidencia delictiva. Secretariado Ejecutivo del Sistema Nacional de Seguridad Pública ",5,2,4,0,1,2,1,1,7,3,3,7,8,5,10,34,46,40,35,32,23,0
"Seguridad","Nuevo León","Acoso sexual","Datos abiertos de incidencia delictiva. Secretariado Ejecutivo del Sistema Nacional de Seguridad Pública ",0,0,0,0,4,54,77,114,108,149,219,236,299,287,457,403,456,365,342,401,429,0
"Seguridad","Oaxaca","Acoso sexual","Datos abiertos de incidencia delictiva. Secretariado Ejecutivo del Sistema Nacional de Seguridad Pública ",1,4,18,20,19,30,56,58,75,93,99,110,128,105,153,136,149,116,125,128,122,0
"Seguridad","Puebla","Acoso sexual","Datos abiertos de incidencia delictiva. Secretariado Ejecutivo del Sistema Nacional de Seguridad Pública ",68,48,52,42,27,36,69,76,152,150,132,86,139,121,130,118,185,165,210,248,223,0
"Seguridad","Querétaro","Acoso sexual","Datos abiertos de incidencia delictiva. Secretariado Ejecutivo del Sistema Nacional de Seguridad Pública ",12,11,23,17,18,26,64,64,94,200,287,312,341,350,412,341,456,367,387,374,415,0
"Seguridad","Quintana Roo","Acoso sexual","Datos abiertos de incidencia delictiva. Secretariado Ejecutivo del Sistema Nacional de Seguridad Pública ",30,22,16,25,30,38,37,51,79,91,86,109,137,121,133,138,148,149,154,142,157,0
"Seguridad","San Luis Potosí","Acoso sexual","Datos abiertos de incidencia delictiva. Secretariado Ejecutivo del Sistema Nacional de Seguridad Pública ",28,16,34,28,80,55,66,70,80,63,86,105,147,115,161,113,129,178,179,128,181,0
"Seguridad","Sinaloa","Acoso sexual","Datos abiertos de incidencia delictiva. Secretariado Ejecutivo del Sistema Nacional de Seguridad Pública ",3,2,5,3,3,4,24,27,32,36,45,42,41,58,78,64,92,92,97,119,109,0
"Seguridad","Sonora","Acoso sexual","Datos abiertos de incidencia delictiva. Secretariado Ejecutivo del Sistema Nacional de Seguridad Pública ",0,0,0,0,2,4,5,10,26,22,27,43,53,28,45,55,68,81,62,102,68,0
"Seguridad","Tabasco","Acoso sexual","Datos abiertos de incidencia delictiva. Secretariado Ejecutivo del Sistema Nacional de Seguridad Pública ",0,0,0,0,0,0,0,0,0,0,0,0,0,0,0,0,0,0,0,0,0,0
"Seguridad","Tamaulipas","Acoso sexual","Datos abiertos de incidencia delictiva. Secretariado Ejecutivo del Sistema Nacional de Seguridad Pública ",23,22,16,12,35,26,39,46,50,41,32,47,38,61,53,60,81,56,62,74,75,0
"Seguridad","Tlaxcala","Acoso sexual","Datos abiertos de incidencia delictiva. Secretariado Ejecutivo del Sistema Nacional de Seguridad Pública ",0,0,0,0,0,0,3,2,0,0,1,1,2,2,3,2,0,2,2,1,1,0
"Seguridad","Veracruz de Ignacio de la Llave","Acoso sexual","Datos abiertos de incidencia delictiva. Secretariado Ejecutivo del Sistema Nacional de Seguridad Pública ",26,32,43,37,82,88,97,77,1,0,16,0,0,0,0,0,247,229,257,230,253,0
"Seguridad","Yucatán","Acoso sexual","Datos abiertos de incidencia delictiva. Secretariado Ejecutivo del Sistema Nacional de Seguridad Pública ",0,0,0,0,0,0,0,0,0,5,3,1,5,2,6,9,8,4,8,12,13,0
"Seguridad","Zacatecas","Acoso sexual","Datos abiertos de incidencia delictiva. Secretariado Ejecutivo del Sistema Nacional de Seguridad Pública ",0,0,0,0,0,0,0,0,32,65,42,51,61,61,64,57,71,45,61,76,79,0
"Seguridad","Aguascalientes","Allanamiento de morada","Datos abiertos de incidencia delictiva. Secretariado Ejecutivo del Sistema Nacional de Seguridad Pública ",93,76,77,81,170,235,209,251,259,259,241,236,270,306,354,367,290,309,339,277,265,0
"Seguridad","Baja California","Allanamiento de morada","Datos abiertos de incidencia delictiva. Secretariado Ejecutivo del Sistema Nacional de Seguridad Pública ",1601,1839,1927,1380,1093,1168,1219,1404,1570,1368,1147,1103,984,922,1028,1092,1288,1403,1376,993,1056,0
"Seguridad","Baja California Sur","Allanamiento de morada","Datos abiertos de incidencia delictiva. Secretariado Ejecutivo del Sistema Nacional de Seguridad Pública ",46,78,76,108,87,73,100,97,80,72,67,82,90,99,113,107,103,114,121,135,140,0
"Seguridad","Campeche","Allanamiento de morada","Datos abiertos de incidencia delictiva. Secretariado Ejecutivo del Sistema Nacional de Seguridad Pública ",15,28,16,27,13,25,20,16,8,9,7,9,12,74,214,234,274,250,170,82,88,0
"Seguridad","Chiapas","Allanamiento de morada","Datos abiertos de incidencia delictiva. Secretariado Ejecutivo del Sistema Nacional de Seguridad Pública ",56,48,63,78,74,54,82,77,53,69,40,41,37,60,46,45,71,62,47,79,39,0
"Seguridad","Chihuahua","Allanamiento de morada","Datos abiertos de incidencia delictiva. Secretariado Ejecutivo del Sistema Nacional de Seguridad Pública ",138,175,151,129,216,326,416,504,506,434,405,492,530,507,339,146,175,144,175,163,169,0
"Seguridad","Ciudad de México","Allanamiento de morada","Datos abiertos de incidencia delictiva. Secretariado Ejecutivo del Sistema Nacional de Seguridad Pública ",286,329,354,398,371,401,397,415,462,421,370,404,465,445,423,430,442,402,411,393,379,0
"Seguridad","Coahuila de Zaragoza","Allanamiento de morada","Datos abiertos de incidencia delictiva. Secretariado Ejecutivo del Sistema Nacional de Seguridad Pública ",146,160,176,253,265,299,334,418,386,362,254,279,328,394,449,469,487,381,375,361,393,0
"Seguridad","Colima","Allanamiento de morada","Datos abiertos de incidencia delictiva. Secretariado Ejecutivo del Sistema Nacional de Seguridad Pública ",41,41,58,19,101,106,121,66,123,92,79,111,115,111,97,96,96,83,90,68,84,0
"Seguridad","Durango","Allanamiento de morada","Datos abiertos de incidencia delictiva. Secretariado Ejecutivo del Sistema Nacional de Seguridad Pública ",71,88,101,105,105,91,102,84,34,41,98,80,93,91,70,60,53,46,35,40,38,0
"Seguridad","Guanajuato","Allanamiento de morada","Datos abiertos de incidencia delictiva. Secretariado Ejecutivo del Sistema Nacional de Seguridad Pública ",102,88,122,150,135,201,232,231,258,245,196,174,205,209,216,238,253,305,268,276,326,0
"Seguridad","Guerrero","Allanamiento de morada","Datos abiertos de incidencia delictiva. Secretariado Ejecutivo del Sistema Nacional de Seguridad Pública ",150,100,106,101,74,85,75,88,116,83,80,104,96,104,104,112,123,91,97,111,122,0
"Seguridad","Hidalgo","Allanamiento de morada","Datos abiertos de incidencia delictiva. Secretariado Ejecutivo del Sistema Nacional de Seguridad Pública ",91,204,117,140,146,163,160,177,242,166,121,129,137,149,147,124,126,152,143,97,145,0
"Seguridad","Jalisco","Allanamiento de morada","Datos abiertos de incidencia delictiva. Secretariado Ejecutivo del Sistema Nacional de Seguridad Pública ",245,309,288,277,234,239,235,196,173,165,134,120,130,137,130,123,133,70,99,99,111,0
"Seguridad","Michoacán de Ocampo","Allanamiento de morada","Datos abiertos de incidencia delictiva. Secretariado Ejecutivo del Sistema Nacional de Seguridad Pública ",56,79,63,70,101,135,123,118,135,132,178,164,148,133,199,140,161,147,168,149,138,0
"Seguridad","Morelos","Allanamiento de morada","Datos abiertos de incidencia delictiva. Secretariado Ejecutivo del Sistema Nacional de Seguridad Pública ",235,227,202,196,176,193,176,176,203,172,131,183,196,183,180,180,212,197,139,162,163,0
"Seguridad","México","Allanamiento de morada","Datos abiertos de incidencia delictiva. Secretariado Ejecutivo del Sistema Nacional de Seguridad Pública ",744,677,609,625,706,836,795,680,730,818,854,812,896,791,855,928,946,889,954,866,923,0
"Seguridad","Nayarit","Allanamiento de morada","Datos abiertos de incidencia delictiva. Secretariado Ejecutivo del Sistema Nacional de Seguridad Pública ",10,14,6,7,4,1,7,8,15,5,8,9,24,21,22,24,29,37,31,37,29,0
"Seguridad","Nuevo León","Allanamiento de morada","Datos abiertos de incidencia delictiva. Secretariado Ejecutivo del Sistema Nacional de Seguridad Pública ",173,195,155,196,242,235,155,173,149,136,106,171,209,236,295,296,327,257,258,229,144,0
"Seguridad","Oaxaca","Allanamiento de morada","Datos abiertos de incidencia delictiva. Secretariado Ejecutivo del Sistema Nacional de Seguridad Pública ",17,20,184,74,94,137,130,144,135,153,137,136,144,150,166,102,115,144,121,160,111,0
"Seguridad","Puebla","Allanamiento de morada","Datos abiertos de incidencia delictiva. Secretariado Ejecutivo del Sistema Nacional de Seguridad Pública ",203,167,157,53,71,69,62,72,161,173,203,181,194,211,211,163,131,105,75,93,123,0
"Seguridad","Querétaro","Allanamiento de morada","Datos abiertos de incidencia delictiva. Secretariado Ejecutivo del Sistema Nacional de Seguridad Pública ",52,49,62,87,88,84,112,120,142,173,144,152,132,142,165,161,176,160,136,118,161,0
"Seguridad","Quintana Roo","Allanamiento de morada","Datos abiertos de incidencia delictiva. Secretariado Ejecutivo del Sistema Nacional de Seguridad Pública ",133,126,93,81,76,95,92,106,101,75,100,121,132,113,136,140,156,136,137,158,153,0
"Seguridad","San Luis Potosí","Allanamiento de morada","Datos abiertos de incidencia delictiva. Secretariado Ejecutivo del Sistema Nacional de Seguridad Pública ",139,111,137,236,202,120,133,138,259,258,252,231,293,260,240,278,277,230,278,274,308,0
"Seguridad","Sinaloa","Allanamiento de morada","Datos abiertos de incidencia delictiva. Secretariado Ejecutivo del Sistema Nacional de Seguridad Pública ",82,80,69,62,34,42,30,26,34,30,33,68,34,35,38,46,60,43,41,27,42,0
"Seguridad","Sonora","Allanamiento de morada","Datos abiertos de incidencia delictiva. Secretariado Ejecutivo del Sistema Nacional de Seguridad Pública ",75,75,195,124,105,60,38,40,55,103,113,98,207,222,201,251,306,263,223,243,236,0
"Seguridad","Tabasco","Allanamiento de morada","Datos abiertos de incidencia delictiva. Secretariado Ejecutivo del Sistema Nacional de Seguridad Pública ",261,222,251,242,229,248,242,247,240,246,198,236,256,211,166,150,151,123,138,129,119,0
"Seguridad","Tamaulipas","Allanamiento de morada","Datos abiertos de incidencia delictiva. Secretariado Ejecutivo del Sistema Nacional de Seguridad Pública ",169,167,155,188,124,153,144,124,120,123,101,97,114,119,115,107,118,99,116,126,124,0
"Seguridad","Tlaxcala","Allanamiento de morada","Datos abiertos de incidencia delictiva. Secretariado Ejecutivo del Sistema Nacional de Seguridad Pública ",37,30,12,12,16,15,9,18,19,31,23,29,22,40,45,26,26,29,26,20,23,0
"Seguridad","Veracruz de Ignacio de la Llave","Allanamiento de morada","Datos abiertos de incidencia delictiva. Secretariado Ejecutivo del Sistema Nacional de Seguridad Pública ",95,97,115,116,156,174,170,171,261,257,271,308,327,298,368,343,420,313,329,282,262,0
"Seguridad","Yucatán","Allanamiento de morada","Datos abiertos de incidencia delictiva. Secretariado Ejecutivo del Sistema Nacional de Seguridad Pública ",377,397,537,960,1153,257,123,53,122,80,34,47,57,17,15,18,12,14,14,12,14,0
"Seguridad","Zacatecas","Allanamiento de morada","Datos abiertos de incidencia delictiva. Secretariado Ejecutivo del Sistema Nacional de Seguridad Pública ",49,42,63,60,56,59,45,78,103,96,94,89,108,99,77,95,86,87,80,72,95,0
"Seguridad","Aguascalientes","Amenazas","Datos abiertos de incidencia delictiva. Secretariado Ejecutivo del Sistema Nacional de Seguridad Pública ",621,527,404,637,921,1387,1472,1546,1557,1822,1639,1440,1712,1831,1923,1896,2046,1758,2058,1729,1567,0
"Seguridad","Baja California","Amenazas","Datos abiertos de incidencia delictiva. Secretariado Ejecutivo del Sistema Nacional de Seguridad Pública ",2118,2079,1769,1826,1701,1627,1662,1678,1749,2122,1832,2267,2181,2503,2879,3240,3057,3488,3169,2114,1948,0
"Seguridad","Baja California Sur","Amenazas","Datos abiertos de incidencia delictiva. Secretariado Ejecutivo del Sistema Nacional de Seguridad Pública ",441,512,544,584,547,589,503,622,633,705,663,671,789,715,872,805,981,841,1055,1195,1210,0
"Seguridad","Campeche","Amenazas","Datos abiertos de incidencia delictiva. Secretariado Ejecutivo del Sistema Nacional de Seguridad Pública ",16,11,14,6,22,22,41,32,37,21,20,23,25,491,1667,1553,1868,1092,751,181,241,0
"Seguridad","Chiapas","Amenazas","Datos abiertos de incidencia delictiva. Secretariado Ejecutivo del Sistema Nacional de Seguridad Pública ",46,31,139,267,230,274,266,283,281,348,238,214,186,326,496,985,1348,1124,940,1158,662,0
"Seguridad","Chihuahua","Amenazas","Datos abiertos de incidencia delictiva. Secretariado Ejecutivo del Sistema Nacional de Seguridad Pública ",1225,1167,1281,1125,1333,1449,1488,1518,1761,1879,1480,1496,1864,1883,1750,1448,1527,1632,1957,1907,1862,0
"Seguridad","Ciudad de México","Amenazas","Datos abiertos de incidencia delictiva. Secretariado Ejecutivo del Sistema Nacional de Seguridad Pública ",4741,5119,5023,4891,4615,4689,5331,5721,6771,7074,6548,7815,8515,8304,9067,9783,10304,9354,10395,9737,9889,0
"Seguridad","Coahuila de Zaragoza","Amenazas","Datos abiertos de incidencia delictiva. Secretariado Ejecutivo del Sistema Nacional de Seguridad Pública ",1081,1016,1703,1596,1654,1232,1851,1993,2367,2449,2062,2367,2760,2643,4161,4149,4165,3744,4299,4552,5935,0
"Seguridad","Colima","Amenazas","Datos abiertos de incidencia delictiva. Secretariado Ejecutivo del Sistema Nacional de Seguridad Pública ",104,97,443,27,1106,1166,1235,1240,1265,1328,1322,1327,1369,1380,1581,1521,1419,1277,1271,1233,1400,0
"Seguridad","Durango","Amenazas","Datos abiertos de incidencia delictiva. Secretariado Ejecutivo del Sistema Nacional de Seguridad Pública ",755,1010,993,979,1074,927,852,738,470,500,587,532,677,597,629,633,587,614,547,597,588,0
"Seguridad","Guanajuato","Amenazas","Datos abiertos de incidencia delictiva. Secretariado Ejecutivo del Sistema Nacional de Seguridad Pública ",1846,1906,2302,3113,3266,3814,4485,4597,5302,5028,4347,4192,4901,5011,5610,5584,6244,6015,6656,6389,7864,0
"Seguridad","Guerrero","Amenazas","Datos abiertos de incidencia delictiva. Secretariado Ejecutivo del Sistema Nacional de Seguridad Pública ",713,545,566,660,707,750,893,842,1096,1111,1049,1075,1075,1109,1358,1565,1770,1426,1542,1411,1651,0
"Seguridad","Hidalgo","Amenazas","Datos abiertos de incidencia delictiva. Secretariado Ejecutivo del Sistema Nacional de Seguridad Pública ",997,931,1122,1364,1675,1777,1999,2088,2108,1605,1425,1286,956,1345,1616,1418,1659,1650,1793,1425,2011,0
"Seguridad","Jalisco","Amenazas","Datos abiertos de incidencia delictiva. Secretariado Ejecutivo del Sistema Nacional de Seguridad Pública ",3939,3757,4047,4774,4771,5080,5249,4636,5544,5495,5032,4809,5187,5063,5298,4764,4937,5125,5133,4657,4906,0
"Seguridad","Michoacán de Ocampo","Amenazas","Datos abiertos de incidencia delictiva. Secretariado Ejecutivo del Sistema Nacional de Seguridad Pública ",261,186,497,585,737,1344,1504,1141,1407,1532,1892,2195,2308,2190,2349,2410,2662,2607,2775,2461,2478,0
"Seguridad","Morelos","Amenazas","Datos abiertos de incidencia delictiva. Secretariado Ejecutivo del Sistema Nacional de Seguridad Pública ",1647,1535,1768,1873,1890,1951,2232,2289,2209,2129,2083,2338,2360,2287,2539,2623,2742,2707,2939,2681,2867,0
"Seguridad","México","Amenazas","Datos abiertos de incidencia delictiva. Secretariado Ejecutivo del Sistema Nacional de Seguridad Pública ",0,0,0,0,0,0,0,0,0,0,0,0,0,0,0,0,0,0,0,0,0,0
"Seguridad","Nayarit","Amenazas","Datos abiertos de incidencia delictiva. Secretariado Ejecutivo del Sistema Nacional de Seguridad Pública ",98,95,65,50,46,7,34,44,111,53,36,40,52,44,79,465,399,559,368,358,319,0
"Seguridad","Nuevo León","Amenazas","Datos abiertos de incidencia delictiva. Secretariado Ejecutivo del Sistema Nacional de Seguridad Pública ",1855,1886,2057,2524,2638,2642,2251,2597,1749,1812,1417,2290,2627,3327,3526,3828,3188,2905,3074,2574,1582,0
"Seguridad","Oaxaca","Amenazas","Datos abiertos de incidencia delictiva. Secretariado Ejecutivo del Sistema Nacional de Seguridad Pública ",105,92,597,519,591,816,1452,1573,1996,2213,2026,2058,2338,2039,2320,2036,2209,1939,2412,2494,2258,0
"Seguridad","Puebla","Amenazas","Datos abiertos de incidencia delictiva. Secretariado Ejecutivo del Sistema Nacional de Seguridad Pública ",2360,2041,1759,295,260,289,315,494,2326,2007,1764,2397,2932,2852,2992,2646,2845,2966,3031,2998,3112,0
"Seguridad","Querétaro","Amenazas","Datos abiertos de incidencia delictiva. Secretariado Ejecutivo del Sistema Nacional de Seguridad Pública ",521,587,635,1075,1245,1420,1584,1777,2096,2146,1842,1881,2179,1814,2076,2168,2628,2444,2397,1864,2034,0
"Seguridad","Quintana Roo","Amenazas","Datos abiertos de incidencia delictiva. Secretariado Ejecutivo del Sistema Nacional de Seguridad Pública ",354,438,260,289,348,571,634,784,1105,1092,968,1244,1285,1379,1525,1676,1874,1762,1780,1646,2007,0
"Seguridad","San Luis Potosí","Amenazas","Datos abiertos de incidencia delictiva. Secretariado Ejecutivo del Sistema Nacional de Seguridad Pública ",696,578,896,1075,1217,722,790,965,1748,1681,1386,1494,1458,1376,1457,1447,1600,1419,1580,1518,1588,0
"Seguridad","Sinaloa","Amenazas","Datos abiertos de incidencia delictiva. Secretariado Ejecutivo del Sistema Nacional de Seguridad Pública ",558,450,375,157,150,157,227,219,237,416,435,710,704,607,753,920,1005,1002,1021,924,1193,0
"Seguridad","Sonora","Amenazas","Datos abiertos de incidencia delictiva. Secretariado Ejecutivo del Sistema Nacional de Seguridad Pública ",174,141,1211,555,612,289,108,157,75,172,216,449,703,665,899,918,835,810,761,852,583,0
"Seguridad","Tabasco","Amenazas","Datos abiertos de incidencia delictiva. Secretariado Ejecutivo del Sistema Nacional de Seguridad Pública ",1653,1516,1750,1676,2004,1960,1979,1937,2371,2160,1658,2395,2571,2263,2235,2175,2252,2025,2170,1950,2366,0
"Seguridad","Tamaulipas","Amenazas","Datos abiertos de incidencia delictiva. Secretariado Ejecutivo del Sistema Nacional de Seguridad Pública ",1137,1227,1110,1451,1253,1094,1056,1159,1048,1049,736,764,920,888,881,1000,1106,1072,1256,1035,991,0
"Seguridad","Tlaxcala","Amenazas","Datos abiertos de incidencia delictiva. Secretariado Ejecutivo del Sistema Nacional de Seguridad Pública ",101,35,20,13,9,20,20,50,19,15,12,7,16,9,7,4,6,5,2,2,2,0
"Seguridad","Veracruz de Ignacio de la Llave","Amenazas","Datos abiertos de incidencia delictiva. Secretariado Ejecutivo del Sistema Nacional de Seguridad Pública ",1240,1195,910,964,1512,1620,1535,1557,3087,3052,3149,3385,3901,3236,3560,3601,4015,3657,4451,3478,3551,0
"Seguridad","Yucatán","Amenazas","Datos abiertos de incidencia delictiva. Secretariado Ejecutivo del Sistema Nacional de Seguridad Pública ",2725,2825,3720,2899,3622,676,635,1066,1709,1663,1049,1086,1373,525,457,478,438,387,280,388,317,0
"Seguridad","Zacatecas","Amenazas","Datos abiertos de incidencia delictiva. Secretariado Ejecutivo del Sistema Nacional de Seguridad Pública ",153,191,216,249,299,266,312,450,539,640,618,561,617,648,738,674,711,597,691,655,730,0
"Seguridad","Aguascalientes","Contra el medio ambiente","Datos abiertos de incidencia delictiva. Secretariado Ejecutivo del Sistema Nacional de Seguridad Pública ",2,3,3,1,1,0,6,7,6,21,15,28,19,43,35,55,51,35,46,54,46,0
"Seguridad","Baja California","Contra el medio ambiente","Datos abiertos de incidencia delictiva. Secretariado Ejecutivo del Sistema Nacional de Seguridad Pública ",3,4,11,17,9,13,10,31,23,22,11,15,3,6,9,8,3,7,6,5,16,0
"Seguridad","Baja California Sur","Contra el medio ambiente","Datos abiertos de incidencia delictiva. Secretariado Ejecutivo del Sistema Nacional de Seguridad Pública ",1,0,0,0,0,0,1,0,0,0,2,0,3,1,0,5,1,7,0,4,5,0
"Seguridad","Campeche","Contra el medio ambiente","Datos abiertos de incidencia delictiva. Secretariado Ejecutivo del Sistema Nacional de Seguridad Pública ",0,4,2,1,0,2,0,0,1,1,1,1,0,3,10,7,8,6,9,2,2,0
"Seguridad","Chiapas","Contra el medio ambiente","Datos abiertos de incidencia delictiva. Secretariado Ejecutivo del Sistema Nacional de Seguridad Pública ",43,33,16,16,7,16,20,15,28,19,23,27,19,51,29,24,22,36,23,18,31,0
"Seguridad","Chihuahua","Contra el medio ambiente","Datos abiertos de incidencia delictiva. Secretariado Ejecutivo del Sistema Nacional de Seguridad Pública ",19,10,16,16,20,10,17,15,43,16,34,53,71,31,15,12,17,22,25,26,22,0
"Seguridad","Ciudad de México","Contra el medio ambiente","Datos abiertos de incidencia delictiva. Secretariado Ejecutivo del Sistema Nacional de Seguridad Pública ",264,329,371,355,415,557,589,468,446,396,257,371,470,427,483,609,569,491,449,443,486,0
"Seguridad","Coahuila de Zaragoza","Contra el medio ambiente","Datos abiertos de incidencia delictiva. Secretariado Ejecutivo del Sistema Nacional de Seguridad Pública ",21,11,10,16,21,0,3,2,1,1,0,0,1,2,3,4,0,3,2,4,10,0
"Seguridad","Colima","Contra el medio ambiente","Datos abiertos de incidencia delictiva. Secretariado Ejecutivo del Sistema Nacional de Seguridad Pública ",0,0,0,0,2,1,0,0,2,1,2,2,3,6,4,1,4,1,4,0,1,0
"Seguridad","Durango","Contra el medio ambiente","Datos abiertos de incidencia delictiva. Secretariado Ejecutivo del Sistema Nacional de Seguridad Pública ",0,0,0,0,0,0,0,0,0,0,0,0,0,0,2,3,4,2,0,0,0,0
"Seguridad","Guanajuato","Contra el medio ambiente","Datos abiertos de incidencia delictiva. Secretariado Ejecutivo del Sistema Nacional de Seguridad Pública ",4,3,4,1,6,2,10,18,1,39,20,1,1,5,4,4,9,12,3,5,6,0
"Seguridad","Guerrero","Contra el medio ambiente","Datos abiertos de incidencia delictiva. Secretariado Ejecutivo del Sistema Nacional de Seguridad Pública ",2,1,0,0,0,0,0,2,4,0,3,3,7,2,6,1,9,5,5,1,7,0
"Seguridad","Hidalgo","Contra el medio ambiente","Datos abiertos de incidencia delictiva. Secretariado Ejecutivo del Sistema Nacional de Seguridad Pública ",5,0,0,0,0,0,5,0,3,5,1,0,0,0,0,0,1,6,10,2,2,0
"Seguridad","Jalisco","Contra el medio ambiente","Datos abiertos de incidencia delictiva. Secretariado Ejecutivo del Sistema Nacional de Seguridad Pública ",9,8,105,21,19,13,108,17,52,17,58,14,24,11,33,16,37,10,24,24,34,0
"Seguridad","Michoacán de Ocampo","Contra el medio ambiente","Datos abiertos de incidencia delictiva. Secretariado Ejecutivo del Sistema Nacional de Seguridad Pública ",36,42,60,31,39,29,27,22,46,55,76,72,63,38,59,42,60,78,455,71,190,0
"Seguridad","Morelos","Contra el medio ambiente","Datos abiertos de incidencia delictiva. Secretariado Ejecutivo del Sistema Nacional de Seguridad Pública ",8,4,3,3,3,4,2,6,3,6,6,6,5,3,3,10,9,6,3,4,10,0
"Seguridad","México","Contra el medio ambiente","Datos abiertos de incidencia delictiva. Secretariado Ejecutivo del Sistema Nacional de Seguridad Pública ",117,115,157,153,158,194,249,235,239,241,235,221,186,160,153,174,208,172,166,126,136,0
"Seguridad","Nayarit","Contra el medio ambiente","Datos abiertos de incidencia delictiva. Secretariado Ejecutivo del Sistema Nacional de Seguridad Pública ",0,1,1,2,0,0,0,3,1,2,0,5,1,0,5,16,17,23,46,33,29,0
"Seguridad","Nuevo León","Contra el medio ambiente","Datos abiertos de incidencia delictiva. Secretariado Ejecutivo del Sistema Nacional de Seguridad Pública ",0,0,0,0,0,0,0,0,0,0,0,0,1,1,9,4,34,15,27,10,134,0
"Seguridad","Oaxaca","Contra el medio ambiente","Datos abiertos de incidencia delictiva. Secretariado Ejecutivo del Sistema Nacional de Seguridad Pública ",0,0,0,0,0,0,0,0,0,0,1,1,0,0,0,0,0,1,1,0,1,0
"Seguridad","Puebla","Contra el medio ambiente","Datos abiertos de incidencia delictiva. Secretariado Ejecutivo del Sistema Nacional de Seguridad Pública ",11,9,5,7,11,13,8,11,15,13,29,31,14,13,22,11,12,3,13,10,17,0
"Seguridad","Querétaro","Contra el medio ambiente","Datos abiertos de incidencia delictiva. Secretariado Ejecutivo del Sistema Nacional de Seguridad Pública ",3,0,4,0,0,2,1,1,0,3,2,1,2,1,1,2,1,1,2,0,2,0
"Seguridad","Quintana Roo","Contra el medio ambiente","Datos abiertos de incidencia delictiva. Secretariado Ejecutivo del Sistema Nacional de Seguridad Pública ",12,16,5,7,23,13,11,21,18,35,37,32,39,56,41,50,69,55,77,81,138,0
"Seguridad","San Luis Potosí","Contra el medio ambiente","Datos abiertos de incidencia delictiva. Secretariado Ejecutivo del Sistema Nacional de Seguridad Pública ",10,9,5,13,27,25,14,31,66,70,28,27,40,60,77,70,78,80,88,75,105,0
"Seguridad","Sinaloa","Contra el medio ambiente","Datos abiertos de incidencia delictiva. Secretariado Ejecutivo del Sistema Nacional de Seguridad Pública ",0,0,0,0,0,0,0,0,0,0,0,0,0,0,0,0,0,0,0,0,0,0
"Seguridad","Sonora","Contra el medio ambiente","Datos abiertos de incidencia delictiva. Secretariado Ejecutivo del Sistema Nacional de Seguridad Pública ",0,0,2,0,0,0,1,0,0,0,0,0,0,1,5,0,0,2,0,8,3,0
"Seguridad","Tabasco","Contra el medio ambiente","Datos abiertos de incidencia delictiva. Secretariado Ejecutivo del Sistema Nacional de Seguridad Pública ",0,1,0,0,0,0,0,0,0,0,0,0,0,0,0,0,0,0,0,0,0,0
"Seguridad","Tamaulipas","Contra el medio ambiente","Datos abiertos de incidencia delictiva. Secretariado Ejecutivo del Sistema Nacional de Seguridad Pública ",1,0,0,0,5,17,14,14,2,8,4,4,4,3,6,2,7,3,5,3,1,0
"Seguridad","Tlaxcala","Contra el medio ambiente","Datos abiertos de incidencia delictiva. Secretariado Ejecutivo del Sistema Nacional de Seguridad Pública ",0,0,0,1,1,0,0,0,0,0,0,0,0,0,0,0,0,0,0,0,0,0
"Seguridad","Veracruz de Ignacio de la Llave","Contra el medio ambiente","Datos abiertos de incidencia delictiva. Secretariado Ejecutivo del Sistema Nacional de Seguridad Pública ",3,0,4,2,58,65,61,44,111,107,94,125,107,78,111,73,25,6,21,10,14,0
"Seguridad","Yucatán","Contra el medio ambiente","Datos abiertos de incidencia delictiva. Secretariado Ejecutivo del Sistema Nacional de Seguridad Pública ",4,2,0,1,2,0,0,0,1,1,1,0,0,2,3,0,4,2,1,1,0,0
"Seguridad","Zacatecas","Contra el medio ambiente","Datos abiertos de incidencia delictiva. Secretariado Ejecutivo del Sistema Nacional de Seguridad Pública ",1,0,0,1,2,2,0,0,1,0,0,2,4,4,1,3,4,2,0,3,3,0
"Seguridad","Aguascalientes","Corrupción de menores","Datos abiertos de incidencia delictiva. Secretariado Ejecutivo del Sistema Nacional de Seguridad Pública ",32,25,30,34,30,32,36,36,33,43,28,36,30,18,34,28,34,33,35,27,39,0
"Seguridad","Baja California","Corrupción de menores","Datos abiertos de incidencia delictiva. Secretariado Ejecutivo del Sistema Nacional de Seguridad Pública ",171,141,138,128,148,109,128,118,107,168,363,359,357,413,336,391,391,315,154,230,151,0
"Seguridad","Baja California Sur","Corrupción de menores","Datos abiertos de incidencia delictiva. Secretariado Ejecutivo del Sistema Nacional de Seguridad Pública ",4,2,7,18,11,25,28,19,25,32,27,27,29,22,23,23,36,35,37,30,39,0
"Seguridad","Campeche","Corrupción de menores","Datos abiertos de incidencia delictiva. Secretariado Ejecutivo del Sistema Nacional de Seguridad Pública ",2,2,1,5,3,5,3,5,4,8,2,0,0,3,27,23,22,15,14,6,5,0
"Seguridad","Chiapas","Corrupción de menores","Datos abiertos de incidencia delictiva. Secretariado Ejecutivo del Sistema Nacional de Seguridad Pública ",22,22,16,33,64,64,45,42,33,20,24,30,22,47,13,5,5,4,2,1,9,0
"Seguridad","Chihuahua","Corrupción de menores","Datos abiertos de incidencia delictiva. Secretariado Ejecutivo del Sistema Nacional de Seguridad Pública ",88,63,67,50,74,64,60,48,63,39,45,45,38,38,56,46,49,57,69,88,116,0
"Seguridad","Ciudad de México","Corrupción de menores","Datos abiertos de incidencia delictiva. Secretariado Ejecutivo del Sistema Nacional de Seguridad Pública ",88,94,82,83,56,70,84,88,171,153,110,107,156,144,170,171,136,132,153,231,193,0
"Seguridad","Coahuila de Zaragoza","Corrupción de menores","Datos abiertos de incidencia delictiva. Secretariado Ejecutivo del Sistema Nacional de Seguridad Pública ",25,29,19,25,21,21,28,22,28,13,14,9,23,14,17,12,21,9,16,15,19,0
"Seguridad","Colima","Corrupción de menores","Datos abiertos de incidencia delictiva. Secretariado Ejecutivo del Sistema Nacional de Seguridad Pública ",0,0,5,0,9,11,6,15,23,13,17,20,28,9,11,17,18,16,28,10,21,0
"Seguridad","Durango","Corrupción de menores","Datos abiertos de incidencia delictiva. Secretariado Ejecutivo del Sistema Nacional de Seguridad Pública ",0,0,0,0,0,0,4,26,35,40,4,0,1,0,0,0,0,0,0,0,0,0
"Seguridad","Guanajuato","Corrupción de menores","Datos abiertos de incidencia delictiva. Secretariado Ejecutivo del Sistema Nacional de Seguridad Pública ",77,63,88,58,74,77,82,79,70,91,90,120,146,140,180,176,204,157,256,238,337,0
"Seguridad","Guerrero","Corrupción de menores","Datos abiertos de incidencia delictiva. Secretariado Ejecutivo del Sistema Nacional de Seguridad Pública ",0,3,2,1,0,2,1,6,5,9,8,9,6,3,9,8,7,1,7,3,7,0
"Seguridad","Hidalgo","Corrupción de menores","Datos abiertos de incidencia delictiva. Secretariado Ejecutivo del Sistema Nacional de Seguridad Pública ",9,10,8,11,6,17,24,12,22,11,10,19,16,9,20,22,33,28,41,29,49,0
"Seguridad","Jalisco","Corrupción de menores","Datos abiertos de incidencia delictiva. Secretariado Ejecutivo del Sistema Nacional de Seguridad Pública ",52,76,107,96,108,87,76,77,65,77,67,66,67,50,49,62,60,68,63,63,86,0
"Seguridad","Michoacán de Ocampo","Corrupción de menores","Datos abiertos de incidencia delictiva. Secretariado Ejecutivo del Sistema Nacional de Seguridad Pública ",14,15,11,8,12,8,12,8,10,17,22,12,14,14,15,10,12,13,13,20,16,0
"Seguridad","Morelos","Corrupción de menores","Datos abiertos de incidencia delictiva. Secretariado Ejecutivo del Sistema Nacional de Seguridad Pública ",21,18,14,15,18,23,14,21,23,18,17,13,15,17,19,18,30,17,17,25,29,0
"Seguridad","México","Corrupción de menores","Datos abiertos de incidencia delictiva. Secretariado Ejecutivo del Sistema Nacional de Seguridad Pública ",38,47,69,46,47,40,41,31,43,68,80,65,49,31,50,71,49,39,61,47,40,0
"Seguridad","Nayarit","Corrupción de menores","Datos abiertos de incidencia delictiva. Secretariado Ejecutivo del Sistema Nacional de Seguridad Pública ",30,24,17,8,7,8,8,9,8,5,4,10,9,7,12,16,18,17,11,13,9,0
"Seguridad","Nuevo León","Corrupción de menores","Datos abiertos de incidencia delictiva. Secretariado Ejecutivo del Sistema Nacional de Seguridad Pública ",81,100,108,82,81,81,86,74,98,75,89,77,69,86,125,127,103,140,120,140,170,0
"Seguridad","Oaxaca","Corrupción de menores","Datos abiertos de incidencia delictiva. Secretariado Ejecutivo del Sistema Nacional de Seguridad Pública ",5,0,10,2,5,11,12,13,9,14,24,15,12,10,23,21,14,15,17,12,32,0
"Seguridad","Puebla","Corrupción de menores","Datos abiertos de incidencia delictiva. Secretariado Ejecutivo del Sistema Nacional de Seguridad Pública ",26,15,21,11,9,17,6,13,25,19,15,10,11,19,20,10,22,20,21,21,22,0
"Seguridad","Querétaro","Corrupción de menores","Datos abiertos de incidencia delictiva. Secretariado Ejecutivo del Sistema Nacional de Seguridad Pública ",0,1,0,0,0,0,0,0,0,1,0,0,0,0,0,0,0,0,0,0,0,0
"Seguridad","Quintana Roo","Corrupción de menores","Datos abiertos de incidencia delictiva. Secretariado Ejecutivo del Sistema Nacional de Seguridad Pública ",36,48,19,24,15,18,14,9,27,30,36,56,53,79,80,71,51,58,78,71,64,0
"Seguridad","San Luis Potosí","Corrupción de menores","Datos abiertos de incidencia delictiva. Secretariado Ejecutivo del Sistema Nacional de Seguridad Pública ",27,13,14,20,13,25,16,20,19,13,22,12,8,8,18,15,11,12,12,11,8,0
"Seguridad","Sinaloa","Corrupción de menores","Datos abiertos de incidencia delictiva. Secretariado Ejecutivo del Sistema Nacional de Seguridad Pública ",34,34,49,21,22,12,26,29,38,23,19,23,31,24,29,28,45,28,27,41,42,0
"Seguridad","Sonora","Corrupción de menores","Datos abiertos de incidencia delictiva. Secretariado Ejecutivo del Sistema Nacional de Seguridad Pública ",48,34,36,27,28,11,11,11,14,20,19,24,37,50,37,29,43,49,42,33,38,0
"Seguridad","Tabasco","Corrupción de menores","Datos abiertos de incidencia delictiva. Secretariado Ejecutivo del Sistema Nacional de Seguridad Pública ",11,8,10,15,19,10,31,18,24,25,20,27,26,13,23,15,19,22,17,15,29,0
"Seguridad","Tamaulipas","Corrupción de menores","Datos abiertos de incidencia delictiva. Secretariado Ejecutivo del Sistema Nacional de Seguridad Pública ",23,19,13,16,31,27,23,16,16,15,19,11,13,10,30,23,11,19,13,11,22,0
"Seguridad","Tlaxcala","Corrupción de menores","Datos abiertos de incidencia delictiva. Secretariado Ejecutivo del Sistema Nacional de Seguridad Pública ",0,0,0,0,0,0,0,0,0,0,0,0,0,0,0,0,0,0,0,0,0,0
"Seguridad","Veracruz de Ignacio de la Llave","Corrupción de menores","Datos abiertos de incidencia delictiva. Secretariado Ejecutivo del Sistema Nacional de Seguridad Pública ",10,10,12,11,12,9,13,19,22,14,13,11,8,13,33,22,23,19,19,21,32,0
"Seguridad","Yucatán","Corrupción de menores","Datos abiertos de incidencia delictiva. Secretariado Ejecutivo del Sistema Nacional de Seguridad Pública ",26,12,7,13,8,4,7,2,5,2,2,3,6,0,1,4,2,1,2,0,2,0
"Seguridad","Zacatecas","Corrupción de menores","Datos abiertos de incidencia delictiva. Secretariado Ejecutivo del Sistema Nacional de Seguridad Pública ",6,6,13,19,16,16,17,20,24,20,12,5,19,12,11,14,15,12,16,9,16,0
"Seguridad","Aguascalientes","Daño a la propiedad","Datos abiertos de incidencia delictiva. Secretariado Ejecutivo del Sistema Nacional de Seguridad Pública ",1010,850,671,906,1340,2008,2135,2109,1894,2110,1801,1846,2072,2172,2290,2438,2506,2356,2573,2563,2416,0
"Seguridad","Baja California","Daño a la propiedad","Datos abiertos de incidencia delictiva. Secretariado Ejecutivo del Sistema Nacional de Seguridad Pública ",5470,5505,5025,3837,3512,3798,3493,3710,3501,4371,3039,4066,3776,4136,3734,4497,4820,5589,4914,3489,2928,0
"Seguridad","Baja California Sur","Daño a la propiedad","Datos abiertos de incidencia delictiva. Secretariado Ejecutivo del Sistema Nacional de Seguridad Pública ",873,896,1038,1042,999,959,925,822,773,845,607,608,709,701,764,835,940,920,1011,953,884,0
"Seguridad","Campeche","Daño a la propiedad","Datos abiertos de incidencia delictiva. Secretariado Ejecutivo del Sistema Nacional de Seguridad Pública ",108,127,111,104,72,56,77,72,84,61,56,65,75,567,1406,1643,1931,1024,694,363,324,0
"Seguridad","Chiapas","Daño a la propiedad","Datos abiertos de incidencia delictiva. Secretariado Ejecutivo del Sistema Nacional de Seguridad Pública ",631,632,670,767,775,786,832,870,659,537,404,431,530,489,538,705,874,794,705,695,531,0
"Seguridad","Chihuahua","Daño a la propiedad","Datos abiertos de incidencia delictiva. Secretariado Ejecutivo del Sistema Nacional de Seguridad Pública ",3194,3225,3256,3134,3520,3440,3479,3580,3863,4238,3812,3700,4349,4152,4077,3963,4315,4420,4797,5019,4959,0
"Seguridad","Ciudad de México","Daño a la propiedad","Datos abiertos de incidencia delictiva. Secretariado Ejecutivo del Sistema Nacional de Seguridad Pública ",4435,5083,4816,5366,5305,5521,5383,5551,5402,5519,4113,4683,5259,5690,5558,5828,6126,5459,5332,5480,5098,0
"Seguridad","Coahuila de Zaragoza","Daño a la propiedad","Datos abiertos de incidencia delictiva. Secretariado Ejecutivo del Sistema Nacional de Seguridad Pública ",4090,4240,4169,4144,3913,3706,4125,3704,3633,3434,2755,3080,3356,3479,4028,3637,3948,3676,3749,3959,4590,0
"Seguridad","Colima","Daño a la propiedad","Datos abiertos de incidencia delictiva. Secretariado Ejecutivo del Sistema Nacional de Seguridad Pública ",76,70,398,41,1191,1342,1229,1173,1233,1304,1165,1349,1551,1681,1542,1540,1547,1486,1468,1548,1484,0
"Seguridad","Durango","Daño a la propiedad","Datos abiertos de incidencia delictiva. Secretariado Ejecutivo del Sistema Nacional de Seguridad Pública ",977,1229,1455,1359,1604,1550,1441,1269,1091,1121,1109,950,1395,1401,1312,1314,1169,1152,1062,915,1013,0
"Seguridad","Guanajuato","Daño a la propiedad","Datos abiertos de incidencia delictiva. Secretariado Ejecutivo del Sistema Nacional de Seguridad Pública ",4176,4238,4468,4589,4399,4821,6102,6312,6199,6063,4415,4561,5158,5626,6112,6217,6844,6327,6653,6556,7224,0
"Seguridad","Guerrero","Daño a la propiedad","Datos abiertos de incidencia delictiva. Secretariado Ejecutivo del Sistema Nacional de Seguridad Pública ",985,969,854,916,907,902,1072,948,1009,983,780,923,953,948,1077,1043,1121,999,1218,1072,1121,0
"Seguridad","Hidalgo","Daño a la propiedad","Datos abiertos de incidencia delictiva. Secretariado Ejecutivo del Sistema Nacional de Seguridad Pública ",880,902,1250,1642,1645,1746,1847,1897,1838,1461,1165,1078,1038,1243,1325,1354,1360,1389,1367,1293,1455,0
"Seguridad","Jalisco","Daño a la propiedad","Datos abiertos de incidencia delictiva. Secretariado Ejecutivo del Sistema Nacional de Seguridad Pública ",3578,3918,4006,4606,4673,4853,4585,4705,4510,4081,3460,3624,3852,3731,3977,3033,1707,1204,1253,998,1117,0
"Seguridad","Michoacán de Ocampo","Daño a la propiedad","Datos abiertos de incidencia delictiva. Secretariado Ejecutivo del Sistema Nacional de Seguridad Pública ",481,736,850,765,944,1481,1469,1246,1502,1566,1453,1675,1851,1740,1877,1861,2047,1864,2205,2086,2122,0
"Seguridad","Morelos","Daño a la propiedad","Datos abiertos de incidencia delictiva. Secretariado Ejecutivo del Sistema Nacional de Seguridad Pública ",1651,1367,1192,1410,1430,1317,1303,1224,1127,1088,896,1122,1276,1427,1857,1380,1601,1960,1636,1874,1232,0
"Seguridad","México","Daño a la propiedad","Datos abiertos de incidencia delictiva. Secretariado Ejecutivo del Sistema Nacional de Seguridad Pública ",6055,6416,5737,5154,5593,6127,6269,5764,5699,7011,6011,6555,7238,6991,8109,7689,8181,7722,8383,7965,7913,0
"Seguridad","Nayarit","Daño a la propiedad","Datos abiertos de incidencia delictiva. Secretariado Ejecutivo del Sistema Nacional de Seguridad Pública ",148,86,71,48,51,26,52,40,60,75,44,62,70,83,148,269,375,425,408,431,345,0
"Seguridad","Nuevo León","Daño a la propiedad","Datos abiertos de incidencia delictiva. Secretariado Ejecutivo del Sistema Nacional de Seguridad Pública ",3835,4264,4419,4845,4751,4579,4339,4198,3436,3204,2404,2928,3039,3919,3675,4234,4386,3748,3599,2982,1469,0
"Seguridad","Oaxaca","Daño a la propiedad","Datos abiertos de incidencia delictiva. Secretariado Ejecutivo del Sistema Nacional de Seguridad Pública ",242,200,1249,928,970,1014,1420,1374,1443,1380,1288,1334,1364,1269,1389,1386,1337,1312,1334,1263,867,0
"Seguridad","Puebla","Daño a la propiedad","Datos abiertos de incidencia delictiva. Secretariado Ejecutivo del Sistema Nacional de Seguridad Pública ",2321,2045,1739,489,383,413,380,679,1827,1394,1195,1539,2058,2267,2343,1964,2016,1899,1925,1804,2005,0
"Seguridad","Querétaro","Daño a la propiedad","Datos abiertos de incidencia delictiva. Secretariado Ejecutivo del Sistema Nacional de Seguridad Pública ",1024,958,1286,2576,2545,2655,2678,2743,2810,850,668,692,799,727,800,795,911,782,837,778,830,0
"Seguridad","Quintana Roo","Daño a la propiedad","Datos abiertos de incidencia delictiva. Secretariado Ejecutivo del Sistema Nacional de Seguridad Pública ",1738,1658,1287,1552,1568,1829,1774,1866,1922,1791,1498,1704,2084,2331,2432,2821,2959,3087,3007,2814,2966,0
"Seguridad","San Luis Potosí","Daño a la propiedad","Datos abiertos de incidencia delictiva. Secretariado Ejecutivo del Sistema Nacional de Seguridad Pública ",1296,1169,1338,2375,2221,1809,1839,1970,2742,2744,2103,2329,2747,2816,2836,3026,3205,2854,2874,2661,2644,0
"Seguridad","Sinaloa","Daño a la propiedad","Datos abiertos de incidencia delictiva. Secretariado Ejecutivo del Sistema Nacional de Seguridad Pública ",1376,1219,1117,624,706,695,721,566,613,877,785,1084,1154,1068,1249,1320,1413,1364,1418,1266,1301,0
"Seguridad","Sonora","Daño a la propiedad","Datos abiertos de incidencia delictiva. Secretariado Ejecutivo del Sistema Nacional de Seguridad Pública ",1133,1017,1511,1060,881,646,671,544,649,709,702,1609,1496,1284,1221,1170,1303,1281,1143,1119,972,0
"Seguridad","Tabasco","Daño a la propiedad","Datos abiertos de incidencia delictiva. Secretariado Ejecutivo del Sistema Nacional de Seguridad Pública ",1407,1356,1495,1390,1462,1513,1339,1309,1424,1228,956,1211,1269,1101,1085,999,1138,863,1057,912,0,0
"Seguridad","Tamaulipas","Daño a la propiedad","Datos abiertos de incidencia delictiva. Secretariado Ejecutivo del Sistema Nacional de Seguridad Pública ",998,1109,1541,2338,2129,1883,2033,1970,1913,1970,1497,1589,1711,1831,1869,2121,2047,2133,2091,2068,2101,0
"Seguridad","Tlaxcala","Daño a la propiedad","Datos abiertos de incidencia delictiva. Secretariado Ejecutivo del Sistema Nacional de Seguridad Pública ",178,178,85,70,78,63,70,126,119,116,113,82,90,54,53,35,31,29,13,23,26,0
"Seguridad","Veracruz de Ignacio de la Llave","Daño a la propiedad","Datos abiertos de incidencia delictiva. Secretariado Ejecutivo del Sistema Nacional de Seguridad Pública ",2247,1875,1456,1355,2378,2236,2217,1991,3349,3390,3107,3175,3910,3371,3777,3552,3744,3630,3953,3045,3133,0
"Seguridad","Yucatán","Daño a la propiedad","Datos abiertos de incidencia delictiva. Secretariado Ejecutivo del Sistema Nacional de Seguridad Pública ",2482,2208,1917,1487,1394,617,644,540,749,938,683,802,1025,213,283,354,346,341,374,306,485,0
"Seguridad","Zacatecas","Daño a la propiedad","Datos abiertos de incidencia delictiva. Secretariado Ejecutivo del Sistema Nacional de Seguridad Pública ",698,708,844,843,866,794,926,951,1060,1187,1031,908,1155,1069,1211,1338,1362,1184,1454,1263,1290,0
"Seguridad","Aguascalientes","Delitos cometidos por servidores públicos","Datos abiertos de incidencia delictiva. Secretariado Ejecutivo del Sistema Nacional de Seguridad Pública ",5,1,6,24,12,34,33,23,74,138,192,258,312,220,244,230,254,279,265,247,213,0
"Seguridad","Baja California","Delitos cometidos por servidores públicos","Datos abiertos de incidencia delictiva. Secretariado Ejecutivo del Sistema Nacional de Seguridad Pública ",401,0,751,646,472,576,619,627,593,693,437,476,442,473,484,412,402,491,375,328,300,0
"Seguridad","Baja California Sur","Delitos cometidos por servidores públicos","Datos abiertos de incidencia delictiva. Secretariado Ejecutivo del Sistema Nacional de Seguridad Pública ",78,62,131,173,149,126,148,118,138,148,139,133,136,148,151,117,163,123,164,154,158,0
"Seguridad","Campeche","Delitos cometidos por servidores públicos","Datos abiertos de incidencia delictiva. Secretariado Ejecutivo del Sistema Nacional de Seguridad Pública ",17,4,5,10,13,9,0,1,0,1,3,2,0,22,72,56,70,41,21,12,14,0
"Seguridad","Chiapas","Delitos cometidos por servidores públicos","Datos abiertos de incidencia delictiva. Secretariado Ejecutivo del Sistema Nacional de Seguridad Pública ",122,94,88,156,148,175,195,165,160,178,140,110,70,70,49,38,72,41,45,47,36,0
"Seguridad","Chihuahua","Delitos cometidos por servidores públicos","Datos abiertos de incidencia delictiva. Secretariado Ejecutivo del Sistema Nacional de Seguridad Pública ",282,285,264,230,380,369,445,429,423,368,780,924,742,632,484,342,325,364,369,340,283,0
"Seguridad","Ciudad de México","Delitos cometidos por servidores públicos","Datos abiertos de incidencia delictiva. Secretariado Ejecutivo del Sistema Nacional de Seguridad Pública ",1451,1691,1806,1517,1578,1338,2430,2768,2981,3180,2444,2590,2397,2729,2599,2347,2544,2462,2300,1976,2172,0
"Seguridad","Coahuila de Zaragoza","Delitos cometidos por servidores públicos","Datos abiertos de incidencia delictiva. Secretariado Ejecutivo del Sistema Nacional de Seguridad Pública ",81,89,86,28,23,37,187,264,302,395,352,215,331,287,345,321,262,238,242,320,227,0
"Seguridad","Colima","Delitos cometidos por servidores públicos","Datos abiertos de incidencia delictiva. Secretariado Ejecutivo del Sistema Nacional de Seguridad Pública ",0,0,20,0,1,0,0,0,142,155,145,133,150,113,121,100,145,130,120,98,108,0
"Seguridad","Durango","Delitos cometidos por servidores públicos","Datos abiertos de incidencia delictiva. Secretariado Ejecutivo del Sistema Nacional de Seguridad Pública ",48,75,98,104,74,78,95,52,36,42,49,28,64,30,18,7,1,0,0,0,0,0
"Seguridad","Guanajuato","Delitos cometidos por servidores públicos","Datos abiertos de incidencia delictiva. Secretariado Ejecutivo del Sistema Nacional de Seguridad Pública ",0,0,0,0,0,0,0,0,7,59,48,49,73,89,60,76,77,94,76,52,82,0
"Seguridad","Guerrero","Delitos cometidos por servidores públicos","Datos abiertos de incidencia delictiva. Secretariado Ejecutivo del Sistema Nacional de Seguridad Pública ",62,57,53,50,48,67,83,89,84,110,90,112,91,78,114,128,159,128,91,112,130,0
"Seguridad","Hidalgo","Delitos cometidos por servidores públicos","Datos abiertos de incidencia delictiva. Secretariado Ejecutivo del Sistema Nacional de Seguridad Pública ",2,0,0,1,73,178,225,241,280,537,235,209,207,203,312,229,248,259,278,249,324,0
"Seguridad","Jalisco","Delitos cometidos por servidores públicos","Datos abiertos de incidencia delictiva. Secretariado Ejecutivo del Sistema Nacional de Seguridad Pública ",565,849,585,604,628,613,408,238,165,159,183,174,277,212,234,207,202,257,176,267,176,0
"Seguridad","Michoacán de Ocampo","Delitos cometidos por servidores públicos","Datos abiertos de incidencia delictiva. Secretariado Ejecutivo del Sistema Nacional de Seguridad Pública ",118,148,217,187,176,282,268,226,221,219,207,160,156,136,151,161,187,175,149,124,122,0
"Seguridad","Morelos","Delitos cometidos por servidores públicos","Datos abiertos de incidencia delictiva. Secretariado Ejecutivo del Sistema Nacional de Seguridad Pública ",32,55,22,25,19,36,27,25,29,23,20,30,20,25,14,11,6,15,28,24,45,0
"Seguridad","México","Delitos cometidos por servidores públicos","Datos abiertos de incidencia delictiva. Secretariado Ejecutivo del Sistema Nacional de Seguridad Pública ",1378,1521,1329,1445,1495,1471,1448,1321,1458,1998,1794,2118,1935,1884,1800,2237,2223,1940,1888,1860,1696,0
"Seguridad","Nayarit","Delitos cometidos por servidores públicos","Datos abiertos de incidencia delictiva. Secretariado Ejecutivo del Sistema Nacional de Seguridad Pública ",58,32,3,3,4,3,14,10,8,14,8,6,4,8,24,25,38,58,57,59,69,0
"Seguridad","Nuevo León","Delitos cometidos por servidores públicos","Datos abiertos de incidencia delictiva. Secretariado Ejecutivo del Sistema Nacional de Seguridad Pública ",489,615,339,936,1129,1217,1002,1344,1128,1279,1052,1362,973,1098,1015,1077,1075,871,827,749,859,0
"Seguridad","Oaxaca","Delitos cometidos por servidores públicos","Datos abiertos de incidencia delictiva. Secretariado Ejecutivo del Sistema Nacional de Seguridad Pública ",62,25,126,107,119,143,222,201,210,190,226,207,199,159,153,129,147,141,92,131,136,0
"Seguridad","Puebla","Delitos cometidos por servidores públicos","Datos abiertos de incidencia delictiva. Secretariado Ejecutivo del Sistema Nacional de Seguridad Pública ",26,16,18,23,15,36,29,35,109,562,544,615,623,579,688,740,487,392,400,367,442,0
"Seguridad","Querétaro","Delitos cometidos por servidores públicos","Datos abiertos de incidencia delictiva. Secretariado Ejecutivo del Sistema Nacional de Seguridad Pública ",0,3,0,0,0,1,0,0,0,0,0,0,0,1,0,0,1,1,1,0,0,0
"Seguridad","Quintana Roo","Delitos cometidos por servidores públicos","Datos abiertos de incidencia delictiva. Secretariado Ejecutivo del Sistema Nacional de Seguridad Pública ",2,1,0,0,0,1,1,2,0,0,251,284,288,303,309,285,210,297,309,307,320,0
"Seguridad","San Luis Potosí","Delitos cometidos por servidores públicos","Datos abiertos de incidencia delictiva. Secretariado Ejecutivo del Sistema Nacional de Seguridad Pública ",48,55,43,267,248,240,276,281,340,394,345,327,316,328,310,335,299,294,294,314,363,0
"Seguridad","Sinaloa","Delitos cometidos por servidores públicos","Datos abiertos de incidencia delictiva. Secretariado Ejecutivo del Sistema Nacional de Seguridad Pública ",201,84,346,140,99,113,122,81,100,96,126,67,94,100,89,77,101,89,82,73,82,0
"Seguridad","Sonora","Delitos cometidos por servidores públicos","Datos abiertos de incidencia delictiva. Secretariado Ejecutivo del Sistema Nacional de Seguridad Pública ",16,40,53,76,68,30,15,10,9,40,29,34,64,47,36,44,59,24,34,36,43,0
"Seguridad","Tabasco","Delitos cometidos por servidores públicos","Datos abiertos de incidencia delictiva. Secretariado Ejecutivo del Sistema Nacional de Seguridad Pública ",34,1,12,2,55,126,132,96,142,139,127,139,118,109,86,92,105,94,83,46,68,0
"Seguridad","Tamaulipas","Delitos cometidos por servidores públicos","Datos abiertos de incidencia delictiva. Secretariado Ejecutivo del Sistema Nacional de Seguridad Pública ",1,0,0,1,7,289,317,303,276,318,203,269,210,246,223,204,264,268,195,298,273,0
"Seguridad","Tlaxcala","Delitos cometidos por servidores públicos","Datos abiertos de incidencia delictiva. Secretariado Ejecutivo del Sistema Nacional de Seguridad Pública ",0,0,0,0,0,0,0,0,0,0,0,0,0,0,0,0,0,0,0,0,0,0
"Seguridad","Veracruz de Ignacio de la Llave","Delitos cometidos por servidores públicos","Datos abiertos de incidencia delictiva. Secretariado Ejecutivo del Sistema Nacional de Seguridad Pública ",136,143,91,108,147,167,177,210,198,199,189,230,260,300,207,232,460,378,445,310,427,0
"Seguridad","Yucatán","Delitos cometidos por servidores públicos","Datos abiertos de incidencia delictiva. Secretariado Ejecutivo del Sistema Nacional de Seguridad Pública ",7,0,3,3,5,0,0,0,9,0,13,3,3,6,10,10,16,19,29,26,6,0
"Seguridad","Zacatecas","Delitos cometidos por servidores públicos","Datos abiertos de incidencia delictiva. Secretariado Ejecutivo del Sistema Nacional de Seguridad Pública ",76,77,70,60,144,80,115,139,150,117,122,126,171,159,218,135,143,147,184,153,198,0
"Seguridad","Aguascalientes","Despojo","Datos abiertos de incidencia delictiva. Secretariado Ejecutivo del Sistema Nacional de Seguridad Pública ",93,86,67,68,86,193,163,160,197,169,140,175,205,187,200,202,185,189,217,170,200,0
"Seguridad","Baja California","Despojo","Datos abiertos de incidencia delictiva. Secretariado Ejecutivo del Sistema Nacional de Seguridad Pública ",560,636,551,511,462,677,526,602,508,691,453,902,709,844,667,773,717,865,704,679,604,0
"Seguridad","Baja California Sur","Despojo","Datos abiertos de incidencia delictiva. Secretariado Ejecutivo del Sistema Nacional de Seguridad Pública ",139,123,213,147,195,188,192,194,170,175,161,200,191,166,182,150,214,199,176,210,225,0
"Seguridad","Campeche","Despojo","Datos abiertos de incidencia delictiva. Secretariado Ejecutivo del Sistema Nacional de Seguridad Pública ",6,5,7,1,4,2,4,2,5,4,2,2,1,48,163,184,187,132,52,14,14,0
"Seguridad","Chiapas","Despojo","Datos abiertos de incidencia delictiva. Secretariado Ejecutivo del Sistema Nacional de Seguridad Pública ",173,180,120,168,209,182,136,202,140,98,83,56,79,72,75,81,78,85,75,59,48,0
"Seguridad","Chihuahua","Despojo","Datos abiertos de incidencia delictiva. Secretariado Ejecutivo del Sistema Nacional de Seguridad Pública ",313,299,294,335,418,362,379,380,440,389,382,456,484,476,474,399,422,412,498,521,474,0
"Seguridad","Ciudad de México","Despojo","Datos abiertos de incidencia delictiva. Secretariado Ejecutivo del Sistema Nacional de Seguridad Pública ",1394,1854,1857,1509,1665,1762,1702,1916,1977,2017,1663,2282,2253,2184,2086,1953,1971,1908,1926,1717,1901,0
"Seguridad","Coahuila de Zaragoza","Despojo","Datos abiertos de incidencia delictiva. Secretariado Ejecutivo del Sistema Nacional de Seguridad Pública ",197,176,197,215,252,183,205,170,210,208,172,229,225,243,255,229,226,249,197,184,250,0
"Seguridad","Colima","Despojo","Datos abiertos de incidencia delictiva. Secretariado Ejecutivo del Sistema Nacional de Seguridad Pública ",33,19,73,0,207,178,176,157,201,187,192,195,246,219,208,162,174,151,172,188,170,0
"Seguridad","Durango","Despojo","Datos abiertos de incidencia delictiva. Secretariado Ejecutivo del Sistema Nacional de Seguridad Pública ",131,242,250,249,275,261,295,184,207,207,124,161,233,187,213,192,195,163,175,145,120,0
"Seguridad","Guanajuato","Despojo","Datos abiertos de incidencia delictiva. Secretariado Ejecutivo del Sistema Nacional de Seguridad Pública ",424,362,480,407,410,432,600,599,741,579,528,705,735,687,779,704,776,682,711,679,889,0
"Seguridad","Guerrero","Despojo","Datos abiertos de incidencia delictiva. Secretariado Ejecutivo del Sistema Nacional de Seguridad Pública ",241,188,216,183,211,217,249,188,209,223,183,282,267,228,309,306,355,226,247,253,261,0
"Seguridad","Hidalgo","Despojo","Datos abiertos de incidencia delictiva. Secretariado Ejecutivo del Sistema Nacional de Seguridad Pública ",363,277,389,325,510,589,565,610,650,454,352,426,375,464,509,414,477,361,331,365,456,0
"Seguridad","Jalisco","Despojo","Datos abiertos de incidencia delictiva. Secretariado Ejecutivo del Sistema Nacional de Seguridad Pública ",727,731,832,955,913,1071,1165,930,1098,995,878,981,834,840,754,688,754,782,641,641,612,0
"Seguridad","Michoacán de Ocampo","Despojo","Datos abiertos de incidencia delictiva. Secretariado Ejecutivo del Sistema Nacional de Seguridad Pública ",153,175,191,160,208,387,409,297,365,379,403,495,497,439,446,433,453,397,440,394,424,0
"Seguridad","Morelos","Despojo","Datos abiertos de incidencia delictiva. Secretariado Ejecutivo del Sistema Nacional de Seguridad Pública ",491,466,511,509,542,578,575,623,601,522,429,727,666,577,648,580,624,533,509,487,560,0
"Seguridad","México","Despojo","Datos abiertos de incidencia delictiva. Secretariado Ejecutivo del Sistema Nacional de Seguridad Pública ",1679,1499,1538,1456,1657,1857,1898,1681,1820,1876,1941,2618,2498,2423,2336,2416,2482,2404,2449,2487,2816,0
"Seguridad","Nayarit","Despojo","Datos abiertos de incidencia delictiva. Secretariado Ejecutivo del Sistema Nacional de Seguridad Pública ",107,78,60,50,45,18,23,16,26,21,13,23,21,37,42,74,75,80,107,83,59,0
"Seguridad","Nuevo León","Despojo","Datos abiertos de incidencia delictiva. Secretariado Ejecutivo del Sistema Nacional de Seguridad Pública ",375,406,405,440,370,462,425,411,417,429,422,600,712,694,661,699,681,637,641,594,699,0
"Seguridad","Oaxaca","Despojo","Datos abiertos de incidencia delictiva. Secretariado Ejecutivo del Sistema Nacional de Seguridad Pública ",55,61,279,197,152,239,340,328,371,398,340,459,548,491,519,376,431,406,377,369,359,0
"Seguridad","Puebla","Despojo","Datos abiertos de incidencia delictiva. Secretariado Ejecutivo del Sistema Nacional de Seguridad Pública ",724,670,588,265,497,438,450,435,763,591,607,788,934,888,881,764,644,680,615,650,784,0
"Seguridad","Querétaro","Despojo","Datos abiertos de incidencia delictiva. Secretariado Ejecutivo del Sistema Nacional de Seguridad Pública ",247,236,255,256,310,287,342,378,441,409,371,490,498,414,437,484,499,443,398,368,386,0
"Seguridad","Quintana Roo","Despojo","Datos abiertos de incidencia delictiva. Secretariado Ejecutivo del Sistema Nacional de Seguridad Pública ",286,311,148,175,242,274,324,334,372,340,269,342,455,358,359,380,408,359,385,391,452,0
"Seguridad","San Luis Potosí","Despojo","Datos abiertos de incidencia delictiva. Secretariado Ejecutivo del Sistema Nacional de Seguridad Pública ",124,151,125,180,211,231,170,234,284,322,288,347,322,335,267,272,351,276,260,295,277,0
"Seguridad","Sinaloa","Despojo","Datos abiertos de incidencia delictiva. Secretariado Ejecutivo del Sistema Nacional de Seguridad Pública ",183,154,182,159,135,133,151,147,154,183,130,260,307,261,295,282,308,241,279,228,279,0
"Seguridad","Sonora","Despojo","Datos abiertos de incidencia delictiva. Secretariado Ejecutivo del Sistema Nacional de Seguridad Pública ",172,159,253,215,224,146,100,89,147,142,110,214,209,119,109,135,136,144,121,165,142,0
"Seguridad","Tabasco","Despojo","Datos abiertos de incidencia delictiva. Secretariado Ejecutivo del Sistema Nacional de Seguridad Pública ",252,240,270,219,234,256,250,251,323,254,182,279,325,277,250,229,243,253,232,251,243,0
"Seguridad","Tamaulipas","Despojo","Datos abiertos de incidencia delictiva. Secretariado Ejecutivo del Sistema Nacional de Seguridad Pública ",154,187,227,344,279,290,325,301,296,311,211,274,329,260,286,242,297,233,260,220,251,0
"Seguridad","Tlaxcala","Despojo","Datos abiertos de incidencia delictiva. Secretariado Ejecutivo del Sistema Nacional de Seguridad Pública ",66,49,35,17,19,17,30,17,12,17,23,12,17,26,20,1,1,1,0,2,6,0
"Seguridad","Veracruz de Ignacio de la Llave","Despojo","Datos abiertos de incidencia delictiva. Secretariado Ejecutivo del Sistema Nacional de Seguridad Pública ",641,515,463,372,633,663,655,573,1118,1143,919,1259,1388,1193,1261,1050,1183,1018,1198,768,803,0
"Seguridad","Yucatán","Despojo","Datos abiertos de incidencia delictiva. Secretariado Ejecutivo del Sistema Nacional de Seguridad Pública ",129,206,206,207,246,46,54,42,41,23,4,8,14,16,11,22,15,35,23,16,32,0
"Seguridad","Zacatecas","Despojo","Datos abiertos de incidencia delictiva. Secretariado Ejecutivo del Sistema Nacional de Seguridad Pública ",135,110,116,114,130,132,131,158,179,196,153,209,209,169,172,211,183,165,179,176,190,0
"Seguridad","Aguascalientes","Electorales","Datos abiertos de incidencia delictiva. Secretariado Ejecutivo del Sistema Nacional de Seguridad Pública ",1,0,12,3,2,0,6,22,12,3,0,6,62,5,41,10,0,1,75,6,6,0
"Seguridad","Baja California","Electorales","Datos abiertos de incidencia delictiva. Secretariado Ejecutivo del Sistema Nacional de Seguridad Pública ",2,0,23,3,0,0,3,2,36,3,0,1,52,3,5,6,3,9,55,14,6,0
"Seguridad","Baja California Sur","Electorales","Datos abiertos de incidencia delictiva. Secretariado Ejecutivo del Sistema Nacional de Seguridad Pública ",0,0,0,0,0,0,4,2,0,0,0,0,10,0,4,1,2,2,12,2,7,0
"Seguridad","Campeche","Electorales","Datos abiertos de incidencia delictiva. Secretariado Ejecutivo del Sistema Nacional de Seguridad Pública ",4,0,0,0,0,0,2,0,0,0,0,0,2,2,1,1,1,1,6,3,0,0
"Seguridad","Chiapas","Electorales","Datos abiertos de incidencia delictiva. Secretariado Ejecutivo del Sistema Nacional de Seguridad Pública ",10,36,3,2,2,5,23,55,5,2,1,3,22,6,9,8,9,5,10,3,19,0
"Seguridad","Chihuahua","Electorales","Datos abiertos de incidencia delictiva. Secretariado Ejecutivo del Sistema Nacional de Seguridad Pública ",1,2,10,3,2,20,8,25,2,2,0,0,57,7,11,5,4,6,49,9,29,0
"Seguridad","Ciudad de México","Electorales","Datos abiertos de incidencia delictiva. Secretariado Ejecutivo del Sistema Nacional de Seguridad Pública ",18,2,1,107,603,18,59,59,15,6,4,9,482,51,39,19,94,95,1034,38,70,0
"Seguridad","Coahuila de Zaragoza","Electorales","Datos abiertos de incidencia delictiva. Secretariado Ejecutivo del Sistema Nacional de Seguridad Pública ",0,0,0,0,0,0,2,1,0,7,0,1,81,7,33,3,37,18,81,26,14,0
"Seguridad","Colima","Electorales","Datos abiertos de incidencia delictiva. Secretariado Ejecutivo del Sistema Nacional de Seguridad Pública ",0,0,1,0,0,1,6,0,0,1,1,2,25,4,0,3,0,1,26,3,3,0
"Seguridad","Durango","Electorales","Datos abiertos de incidencia delictiva. Secretariado Ejecutivo del Sistema Nacional de Seguridad Pública ",15,0,0,1,4,0,3,0,24,8,0,0,7,0,10,0,0,0,5,0,6,0
"Seguridad","Guanajuato","Electorales","Datos abiertos de incidencia delictiva. Secretariado Ejecutivo del Sistema Nacional de Seguridad Pública ",48,6,2,1,2,4,34,23,1,1,0,3,38,5,1,2,1,1,50,0,2,0
"Seguridad","Guerrero","Electorales","Datos abiertos de incidencia delictiva. Secretariado Ejecutivo del Sistema Nacional de Seguridad Pública ",10,0,3,1,1,0,0,0,0,1,0,3,12,1,1,1,5,1,36,51,22,0
"Seguridad","Hidalgo","Electorales","Datos abiertos de incidencia delictiva. Secretariado Ejecutivo del Sistema Nacional de Seguridad Pública ",0,0,9,0,0,0,29,10,3,5,12,295,61,12,113,18,16,21,187,11,90,0
"Seguridad","Jalisco","Electorales","Datos abiertos de incidencia delictiva. Secretariado Ejecutivo del Sistema Nacional de Seguridad Pública ",39,6,0,0,0,0,34,64,3,13,2,6,5,1,0,0,0,0,8,0,0,0
"Seguridad","Michoacán de Ocampo","Electorales","Datos abiertos de incidencia delictiva. Secretariado Ejecutivo del Sistema Nacional de Seguridad Pública ",72,9,1,0,0,0,68,25,0,1,1,0,95,8,6,2,0,0,74,2,15,0
"Seguridad","Morelos","Electorales","Datos abiertos de incidencia delictiva. Secretariado Ejecutivo del Sistema Nacional de Seguridad Pública ",40,4,3,1,0,2,14,11,2,3,1,0,7,1,0,0,0,0,4,0,1,0
"Seguridad","México","Electorales","Datos abiertos de incidencia delictiva. Secretariado Ejecutivo del Sistema Nacional de Seguridad Pública ",160,106,38,48,116,459,424,284,21,12,2,5,282,17,10,6,278,24,377,42,26,0
"Seguridad","Nayarit","Electorales","Datos abiertos de incidencia delictiva. Secretariado Ejecutivo del Sistema Nacional de Seguridad Pública ",0,0,0,0,0,0,0,1,0,0,0,1,2,0,0,2,1,1,1,2,0,0
"Seguridad","Nuevo León","Electorales","Datos abiertos de incidencia delictiva. Secretariado Ejecutivo del Sistema Nacional de Seguridad Pública ",51,2,0,0,0,1,80,174,7,133,5,18,415,134,9,10,11,12,70,59,13,0
"Seguridad","Oaxaca","Electorales","Datos abiertos de incidencia delictiva. Secretariado Ejecutivo del Sistema Nacional de Seguridad Pública ",0,0,29,2,5,0,53,107,28,44,20,41,244,61,74,77,45,46,130,39,69,0
"Seguridad","Puebla","Electorales","Datos abiertos de incidencia delictiva. Secretariado Ejecutivo del Sistema Nacional de Seguridad Pública ",7,2,11,2,0,3,32,270,62,11,4,13,131,19,22,9,7,6,51,7,21,0
"Seguridad","Querétaro","Electorales","Datos abiertos de incidencia delictiva. Secretariado Ejecutivo del Sistema Nacional de Seguridad Pública ",1,4,6,1,0,2,32,17,0,0,9,7,55,5,0,0,1,0,16,0,0,0
"Seguridad","Quintana Roo","Electorales","Datos abiertos de incidencia delictiva. Secretariado Ejecutivo del Sistema Nacional de Seguridad Pública ",0,0,1,0,1,0,6,0,58,6,14,1,57,12,23,43,1,3,21,11,5,0
"Seguridad","San Luis Potosí","Electorales","Datos abiertos de incidencia delictiva. Secretariado Ejecutivo del Sistema Nacional de Seguridad Pública ",39,5,0,1,0,2,52,10,3,0,1,4,30,1,2,19,1,7,47,11,21,0
"Seguridad","Sinaloa","Electorales","Datos abiertos de incidencia delictiva. Secretariado Ejecutivo del Sistema Nacional de Seguridad Pública ",0,0,3,24,6,0,0,0,5,1,3,3,42,0,0,1,0,2,8,2,4,0
"Seguridad","Sonora","Electorales","Datos abiertos de incidencia delictiva. Secretariado Ejecutivo del Sistema Nacional de Seguridad Pública ",1,0,0,1,1,0,1,0,0,0,0,0,1,0,0,1,0,0,1,1,0,0
"Seguridad","Tabasco","Electorales","Datos abiertos de incidencia delictiva. Secretariado Ejecutivo del Sistema Nacional de Seguridad Pública ",2,0,1,2,6,1,34,11,2,1,1,1,52,3,1,1,5,4,37,7,4,0
"Seguridad","Tamaulipas","Electorales","Datos abiertos de incidencia delictiva. Secretariado Ejecutivo del Sistema Nacional de Seguridad Pública ",2,1,31,3,0,0,45,23,77,11,0,1,181,27,77,181,1,9,25,0,1,0
"Seguridad","Tlaxcala","Electorales","Datos abiertos de incidencia delictiva. Secretariado Ejecutivo del Sistema Nacional de Seguridad Pública ",0,0,5,0,0,0,0,1,0,0,0,0,0,0,0,0,0,1,10,0,0,0
"Seguridad","Veracruz de Ignacio de la Llave","Electorales","Datos abiertos de incidencia delictiva. Secretariado Ejecutivo del Sistema Nacional de Seguridad Pública ",7,0,0,0,47,2,6,4,23,8,5,8,308,58,13,2,1,2,36,1,65,0
"Seguridad","Yucatán","Electorales","Datos abiertos de incidencia delictiva. Secretariado Ejecutivo del Sistema Nacional de Seguridad Pública ",9,0,0,0,0,0,0,0,0,0,0,0,1,2,3,2,1,0,11,0,0,0
"Seguridad","Zacatecas","Electorales","Datos abiertos de incidencia delictiva. Secretariado Ejecutivo del Sistema Nacional de Seguridad Pública ",12,2,27,47,4,29,35,19,2,3,3,3,121,53,5,4,3,2,64,0,16,0
"Seguridad","Aguascalientes","Evasión de presos",NA,0,0,0,0,0,0,1,0,1,1,0,0,0,0,1,1,1,0,0,0,0,0
"Seguridad","Baja California","Evasión de presos",NA,5,2,2,3,2,3,8,1,4,2,2,6,1,3,1,1,2,4,4,2,3,0
"Seguridad","Baja California Sur","Evasión de presos",NA,1,1,0,1,0,2,1,1,0,2,0,3,0,0,0,0,0,0,0,0,0,0
"Seguridad","Campeche","Evasión de presos",NA,0,0,1,0,0,0,0,0,0,0,0,0,0,0,0,0,0,0,1,1,0,0
"Seguridad","Chiapas","Evasión de presos",NA,0,3,4,1,2,1,3,3,1,0,0,1,3,0,2,1,0,1,1,0,1,0
"Seguridad","Chihuahua","Evasión de presos",NA,0,2,2,2,3,2,2,15,17,7,6,3,0,2,1,2,1,1,2,0,1,0
"Seguridad","Ciudad de México","Evasión de presos",NA,7,16,7,7,1,6,8,12,6,9,12,3,9,4,6,9,10,9,6,7,8,0
"Seguridad","Coahuila de Zaragoza","Evasión de presos",NA,0,1,0,0,0,0,0,1,0,2,1,1,0,1,0,1,0,1,0,0,0,0
"Seguridad","Colima","Evasión de presos",NA,0,0,0,0,1,1,0,0,0,0,0,0,0,0,0,0,0,0,0,0,0,0
"Seguridad","Durango","Evasión de presos",NA,0,1,0,5,0,0,1,0,0,0,0,0,0,2,1,1,0,0,0,0,0,0
"Seguridad","Guanajuato","Evasión de presos",NA,0,3,4,3,2,5,5,2,4,3,1,4,4,2,3,5,1,2,3,0,4,0
"Seguridad","Guerrero","Evasión de presos",NA,0,0,4,3,0,0,0,1,1,0,0,0,0,0,0,2,0,1,0,1,1,0
"Seguridad","Hidalgo","Evasión de presos",NA,0,0,1,0,0,3,1,1,2,3,1,4,2,2,0,1,3,1,1,0,0,0
"Seguridad","Jalisco","Evasión de presos",NA,1,6,4,5,0,0,5,6,0,0,0,2,1,5,3,1,0,4,3,2,1,0
"Seguridad","Michoacán de Ocampo","Evasión de presos",NA,2,0,2,4,0,0,0,0,0,0,0,0,0,0,0,0,0,0,0,0,0,0
"Seguridad","Morelos","Evasión de presos",NA,3,1,3,3,4,3,0,1,2,0,1,0,2,2,1,1,0,0,0,1,0,0
"Seguridad","México","Evasión de presos",NA,6,3,10,4,6,5,10,8,4,12,5,16,11,13,8,10,4,7,13,5,7,0
"Seguridad","Nayarit","Evasión de presos",NA,0,0,0,3,2,0,0,0,0,0,0,1,0,0,0,0,0,0,0,0,0,0
"Seguridad","Nuevo León","Evasión de presos",NA,5,7,8,5,8,5,6,2,5,9,1,2,5,4,2,8,2,6,8,6,4,0
"Seguridad","Oaxaca","Evasión de presos",NA,0,0,1,0,2,1,1,2,1,1,1,1,1,2,3,1,3,3,1,2,4,0
"Seguridad","Puebla","Evasión de presos",NA,6,7,4,3,1,3,0,3,4,3,2,1,2,2,4,4,2,3,2,5,3,0
"Seguridad","Querétaro","Evasión de presos",NA,0,1,0,0,0,0,2,0,1,2,0,0,2,0,0,2,2,2,2,0,0,0
"Seguridad","Quintana Roo","Evasión de presos",NA,0,6,11,4,0,2,0,3,2,1,2,0,0,1,0,1,0,1,2,3,4,0
"Seguridad","San Luis Potosí","Evasión de presos",NA,0,1,1,0,2,2,0,0,1,3,3,1,0,2,3,2,3,2,1,1,3,0
"Seguridad","Sinaloa","Evasión de presos",NA,2,1,2,1,1,1,1,0,0,0,1,0,2,2,0,1,1,1,0,0,1,0
"Seguridad","Sonora","Evasión de presos",NA,1,0,4,0,1,0,0,0,0,2,0,0,0,2,0,0,0,1,3,1,2,0
"Seguridad","Tabasco","Evasión de presos",NA,3,2,3,3,3,0,3,2,2,4,1,3,3,5,0,1,2,2,1,2,2,0
"Seguridad","Tamaulipas","Evasión de presos",NA,6,3,8,3,7,6,1,1,1,0,0,0,1,2,0,1,0,0,0,1,1,0
"Seguridad","Tlaxcala","Evasión de presos",NA,1,1,0,0,0,0,0,2,0,0,0,2,0,0,0,0,0,0,1,0,0,0
"Seguridad","Veracruz de Ignacio de la Llave","Evasión de presos",NA,1,1,2,1,2,1,0,1,0,1,1,0,0,0,0,0,0,1,1,3,3,0
"Seguridad","Yucatán","Evasión de presos",NA,0,0,0,0,0,0,0,0,1,0,0,0,0,0,0,0,0,0,0,0,0,0
"Seguridad","Zacatecas","Evasión de presos",NA,0,0,1,0,0,2,0,2,0,0,6,0,1,2,3,0,2,0,1,0,2,0
"Seguridad","Aguascalientes","Extorsión",NA,21,18,37,33,44,77,70,68,66,50,59,45,45,43,44,53,42,64,59,51,64,0
"Seguridad","Baja California","Extorsión",NA,93,128,90,85,102,96,68,67,90,128,65,62,83,86,76,96,61,49,56,42,59,0
"Seguridad","Baja California Sur","Extorsión",NA,32,17,85,54,160,67,88,110,108,77,45,44,38,61,71,93,84,28,34,59,58,0
"Seguridad","Campeche","Extorsión",NA,10,24,10,8,14,8,11,7,13,12,7,6,8,25,39,51,48,48,37,18,15,0
"Seguridad","Chiapas","Extorsión",NA,101,116,83,81,85,74,86,98,86,52,37,35,22,27,14,15,7,11,4,18,61,0
"Seguridad","Chihuahua","Extorsión",NA,5,6,11,12,11,5,6,2,10,8,9,7,4,16,3,3,3,2,1,5,3,0
"Seguridad","Ciudad de México","Extorsión",NA,313,326,302,306,245,245,280,256,459,397,213,131,231,301,185,172,246,250,266,207,643,0
"Seguridad","Coahuila de Zaragoza","Extorsión",NA,15,21,16,8,12,9,12,20,15,22,20,17,15,21,20,14,16,14,30,21,28,0
"Seguridad","Colima","Extorsión",NA,4,10,35,32,14,2,19,36,30,44,60,38,46,47,70,72,63,80,82,56,61,0
"Seguridad","Durango","Extorsión",NA,30,32,19,30,34,38,37,37,51,63,49,52,43,53,40,25,24,16,22,13,9,0
"Seguridad","Guanajuato","Extorsión",NA,4,4,1,3,2,2,5,8,4,14,7,10,79,212,248,275,386,415,468,559,684,0
"Seguridad","Guerrero","Extorsión",NA,85,59,104,95,81,94,93,109,128,131,126,115,113,99,117,143,88,62,65,74,58,0
"Seguridad","Hidalgo","Extorsión",NA,19,23,46,34,47,86,74,68,94,116,82,51,44,64,130,102,185,180,175,136,132,0
"Seguridad","Jalisco","Extorsión",NA,425,406,270,405,295,261,402,376,468,274,378,352,305,260,298,365,301,287,276,267,215,0
"Seguridad","Michoacán de Ocampo","Extorsión",NA,22,21,10,8,5,16,1,2,1,1,7,22,34,27,32,33,104,137,158,137,130,0
"Seguridad","Morelos","Extorsión",NA,101,71,37,30,20,23,9,15,92,92,61,74,72,79,64,83,105,131,165,157,179,0
"Seguridad","México","Extorsión",NA,828,752,679,773,653,732,715,914,1067,1420,1384,1611,1587,1715,2377,1776,1904,2106,1699,1740,1398,0
"Seguridad","Nayarit","Extorsión",NA,0,1,3,2,0,1,3,1,4,0,3,5,7,7,9,8,16,21,8,7,11,0
"Seguridad","Nuevo León","Extorsión",NA,243,266,294,332,374,304,251,285,254,255,201,188,214,387,373,373,393,404,418,448,480,0
"Seguridad","Oaxaca","Extorsión",NA,14,19,30,23,30,50,56,74,70,61,49,64,56,69,66,52,65,75,69,63,38,0
"Seguridad","Puebla","Extorsión",NA,130,143,79,43,44,71,102,66,88,104,76,69,62,55,54,72,63,54,67,62,130,0
"Seguridad","Querétaro","Extorsión",NA,3,3,7,4,8,10,46,58,122,137,121,121,118,139,127,97,91,78,108,128,147,0
"Seguridad","Quintana Roo","Extorsión",NA,53,63,17,24,39,38,52,74,126,150,149,48,57,52,38,47,37,79,97,78,107,0
"Seguridad","San Luis Potosí","Extorsión",NA,82,59,54,164,87,64,52,70,58,63,77,74,59,63,62,60,58,49,63,65,66,0
"Seguridad","Sinaloa","Extorsión",NA,80,48,57,47,24,27,33,31,21,25,27,31,35,26,32,29,18,29,51,38,56,0
"Seguridad","Sonora","Extorsión",NA,11,9,90,52,23,12,7,3,5,11,20,35,49,31,34,28,36,37,36,28,28,0
"Seguridad","Tabasco","Extorsión",NA,95,76,62,86,160,98,152,179,169,63,51,54,47,57,74,60,48,54,85,59,82,0
"Seguridad","Tamaulipas","Extorsión",NA,105,69,41,66,92,90,58,80,58,65,69,68,47,49,68,46,69,42,37,66,92,0
"Seguridad","Tlaxcala","Extorsión",NA,6,3,0,0,1,7,1,0,1,1,1,1,1,3,3,3,1,2,1,0,6,0
"Seguridad","Veracruz de Ignacio de la Llave","Extorsión",NA,75,51,72,120,336,273,316,262,402,392,393,321,396,348,414,420,453,428,471,467,454,0
"Seguridad","Yucatán","Extorsión",NA,34,34,25,32,26,7,2,3,1,6,0,1,2,1,4,6,9,5,1,0,1,0
"Seguridad","Zacatecas","Extorsión",NA,37,54,43,38,89,99,108,127,170,169,173,189,216,270,252,233,37,39,40,22,35,0
"Seguridad","Aguascalientes","Falsedad",NA,49,51,37,19,40,33,28,30,48,42,24,38,33,43,31,57,59,53,69,60,40,0
"Seguridad","Baja California","Falsedad",NA,67,80,57,73,54,65,52,71,70,67,36,54,53,99,86,96,93,130,88,132,113,0
"Seguridad","Baja California Sur","Falsedad",NA,3,7,29,61,19,31,35,43,46,47,35,43,61,61,82,104,170,206,238,209,197,0
"Seguridad","Campeche","Falsedad",NA,0,0,0,0,0,0,0,0,1,0,0,0,0,3,15,37,30,16,26,3,1,0
"Seguridad","Chiapas","Falsedad",NA,15,8,7,10,21,23,33,37,21,16,14,5,7,9,6,2,7,4,5,6,11,0
"Seguridad","Chihuahua","Falsedad",NA,118,108,92,99,110,91,100,90,113,116,77,96,113,109,113,116,119,112,117,120,126,0
"Seguridad","Ciudad de México","Falsedad",NA,233,244,322,261,204,176,238,280,265,317,194,200,188,273,240,297,307,322,378,346,330,0
"Seguridad","Coahuila de Zaragoza","Falsedad",NA,0,1,0,29,22,15,3,7,11,10,10,11,7,6,5,12,22,17,22,14,15,0
"Seguridad","Colima","Falsedad",NA,8,5,9,0,30,41,35,37,38,41,24,31,38,41,41,40,44,41,45,44,46,0
"Seguridad","Durango","Falsedad",NA,3,10,5,5,6,9,3,3,3,2,8,4,14,14,15,11,7,9,5,9,5,0
"Seguridad","Guanajuato","Falsedad",NA,82,74,88,81,92,86,119,98,109,87,57,80,99,121,107,136,190,170,153,162,185,0
"Seguridad","Guerrero","Falsedad",NA,23,39,28,20,27,14,25,29,35,41,27,23,42,37,39,45,62,51,40,48,32,0
"Seguridad","Hidalgo","Falsedad",NA,28,47,53,64,70,63,49,92,69,49,34,31,34,53,68,77,80,81,59,87,104,0
"Seguridad","Jalisco","Falsedad",NA,91,117,124,120,109,109,139,109,139,123,62,63,47,67,80,85,59,87,112,122,73,0
"Seguridad","Michoacán de Ocampo","Falsedad",NA,6,6,1,7,27,21,15,5,15,11,16,15,19,12,12,7,9,8,15,17,15,0
"Seguridad","Morelos","Falsedad",NA,53,59,38,36,37,43,43,38,33,39,26,42,49,56,44,45,34,39,47,50,46,0
"Seguridad","México","Falsedad",NA,46,51,57,58,49,55,40,59,74,57,33,22,70,32,119,83,104,92,71,85,83,0
"Seguridad","Nayarit","Falsedad",NA,8,13,4,5,4,0,2,2,1,5,3,2,3,2,5,15,13,18,11,9,11,0
"Seguridad","Nuevo León","Falsedad",NA,75,74,84,82,97,124,92,101,108,129,95,81,92,125,122,103,103,93,98,115,113,0
"Seguridad","Oaxaca","Falsedad",NA,2,3,15,8,88,119,108,147,148,124,82,151,179,193,249,178,213,235,199,177,144,0
"Seguridad","Puebla","Falsedad",NA,79,72,78,27,40,44,32,42,42,37,21,51,62,66,68,72,93,80,67,50,108,0
"Seguridad","Querétaro","Falsedad",NA,19,18,52,43,43,36,46,42,48,53,42,46,69,75,96,81,92,103,100,106,93,0
"Seguridad","Quintana Roo","Falsedad",NA,4,5,2,5,8,11,16,14,12,21,94,126,163,178,207,221,246,290,317,309,259,0
"Seguridad","San Luis Potosí","Falsedad",NA,21,17,5,41,22,3,0,0,0,0,0,0,0,0,0,0,0,0,0,0,0,0
"Seguridad","Sinaloa","Falsedad",NA,26,17,34,17,24,29,27,16,29,18,9,18,27,33,41,36,25,34,29,34,23,0
"Seguridad","Sonora","Falsedad",NA,9,14,51,26,23,13,9,14,45,14,7,26,24,41,27,49,58,44,43,51,23,0
"Seguridad","Tabasco","Falsedad",NA,9,7,16,16,21,23,20,16,18,22,9,22,20,23,16,24,21,29,14,28,30,0
"Seguridad","Tamaulipas","Falsedad",NA,67,54,59,54,49,50,65,49,57,59,30,41,52,66,60,63,61,63,70,64,76,0
"Seguridad","Tlaxcala","Falsedad",NA,7,10,6,2,3,1,5,4,7,2,1,1,0,1,0,1,1,0,0,0,1,0
"Seguridad","Veracruz de Ignacio de la Llave","Falsedad",NA,70,47,51,25,82,90,102,109,105,115,61,75,114,130,121,147,146,148,152,178,150,0
"Seguridad","Yucatán","Falsedad",NA,23,29,19,28,33,8,8,8,14,6,8,5,7,1,0,2,1,1,1,2,4,0
"Seguridad","Zacatecas","Falsedad",NA,17,20,18,12,35,38,45,41,69,49,47,43,72,72,92,106,157,149,142,144,100,0
"Seguridad","Aguascalientes","Falsificación",NA,160,148,133,104,194,164,149,301,425,388,409,408,460,388,484,340,102,93,114,106,125,0
"Seguridad","Baja California","Falsificación",NA,286,211,327,255,212,219,146,170,156,324,116,225,203,234,191,246,154,161,196,170,141,0
"Seguridad","Baja California Sur","Falsificación",NA,7,22,38,90,101,170,92,53,35,43,39,68,60,39,47,30,38,46,37,36,60,0
"Seguridad","Campeche","Falsificación",NA,5,2,3,2,4,2,2,2,1,1,10,3,1,41,144,131,201,127,110,19,8,0
"Seguridad","Chiapas","Falsificación",NA,49,47,34,107,130,118,150,210,193,78,36,25,39,30,26,16,31,24,40,18,37,0
"Seguridad","Chihuahua","Falsificación",NA,208,261,226,204,241,238,182,189,221,271,286,590,716,592,313,498,489,438,511,528,458,0
"Seguridad","Ciudad de México","Falsificación",NA,2035,2590,2466,3076,3173,4298,4520,4513,3822,3330,2012,1707,1299,1329,1223,1186,1120,1204,1239,1372,1162,0
"Seguridad","Coahuila de Zaragoza","Falsificación",NA,187,239,194,157,133,135,76,92,84,94,56,56,74,51,52,63,47,43,64,66,86,0
"Seguridad","Colima","Falsificación",NA,36,26,36,0,25,37,60,45,50,47,66,57,107,109,99,50,41,39,105,185,165,0
"Seguridad","Durango","Falsificación",NA,21,14,22,43,21,48,66,27,31,61,35,37,59,69,61,34,48,33,45,32,27,0
"Seguridad","Guanajuato","Falsificación",NA,416,390,398,448,425,374,326,367,296,305,183,214,227,348,344,363,357,468,419,637,663,0
"Seguridad","Guerrero","Falsificación",NA,51,53,59,41,57,69,95,143,141,127,131,96,102,121,154,143,171,109,136,109,115,0
"Seguridad","Hidalgo","Falsificación",NA,35,63,55,77,108,185,177,130,131,122,69,95,82,111,97,118,129,130,98,80,132,0
"Seguridad","Jalisco","Falsificación",NA,697,697,727,754,701,728,860,948,1110,714,775,919,698,766,696,614,681,694,657,573,737,0
"Seguridad","Michoacán de Ocampo","Falsificación",NA,87,84,63,77,81,154,164,156,196,235,187,338,420,436,404,355,364,346,287,243,368,0
"Seguridad","Morelos","Falsificación",NA,127,143,162,136,107,81,124,165,115,141,131,87,77,93,98,85,99,85,104,94,95,0
"Seguridad","México","Falsificación",NA,726,945,774,775,838,1400,1464,1710,1654,972,542,920,728,891,1562,1300,1223,1275,1222,1260,966,0
"Seguridad","Nayarit","Falsificación",NA,22,22,19,3,1,1,2,3,5,4,2,3,1,6,12,11,13,16,20,12,8,0
"Seguridad","Nuevo León","Falsificación",NA,192,318,275,309,308,306,232,300,310,474,430,595,884,797,849,621,594,540,417,426,384,0
"Seguridad","Oaxaca","Falsificación",NA,13,21,103,90,67,75,165,131,125,146,132,120,198,155,125,172,141,124,162,156,120,0
"Seguridad","Puebla","Falsificación",NA,314,271,236,65,96,89,97,133,165,126,117,183,179,238,247,249,247,175,185,125,385,0
"Seguridad","Querétaro","Falsificación",NA,315,327,272,284,224,214,264,316,362,333,155,145,97,116,106,96,82,88,102,92,112,0
"Seguridad","Quintana Roo","Falsificación",NA,52,40,19,54,64,83,110,113,133,131,104,121,139,120,156,151,122,112,167,150,128,0
"Seguridad","San Luis Potosí","Falsificación",NA,40,24,23,95,90,96,100,89,92,82,41,53,64,87,89,87,97,80,84,102,79,0
"Seguridad","Sinaloa","Falsificación",NA,130,73,149,104,90,78,106,79,86,81,54,62,86,81,74,103,87,89,70,68,96,0
"Seguridad","Sonora","Falsificación",NA,19,11,46,32,28,11,8,11,21,11,5,17,18,37,16,21,18,32,24,20,18,0
"Seguridad","Tabasco","Falsificación",NA,50,28,39,43,45,96,80,89,150,133,72,109,116,116,106,103,99,85,78,61,78,0
"Seguridad","Tamaulipas","Falsificación",NA,98,89,102,149,137,142,127,138,129,84,61,72,60,47,48,72,82,55,64,89,133,0
"Seguridad","Tlaxcala","Falsificación",NA,8,15,7,9,1,9,3,8,1,0,4,3,1,2,7,1,3,1,1,0,0,0
"Seguridad","Veracruz de Ignacio de la Llave","Falsificación",NA,113,104,150,96,173,173,151,231,327,274,232,154,206,224,215,216,225,226,232,201,190,0
"Seguridad","Yucatán","Falsificación",NA,62,50,66,78,77,29,39,32,17,46,10,23,13,4,1,4,4,3,1,3,5,0
"Seguridad","Zacatecas","Falsificación",NA,65,59,57,62,59,42,48,45,66,60,37,32,52,43,64,52,58,50,58,62,50,0
"Seguridad","Aguascalientes","Feminicidio","Datos abiertos de incidencia delictiva. Secretariado Ejecutivo del Sistema Nacional de Seguridad Pública ",0,0,0,0,0,0,1,3,1,4,1,2,5,4,6,4,2,1,4,3,3,0
"Seguridad","Baja California","Feminicidio","Datos abiertos de incidencia delictiva. Secretariado Ejecutivo del Sistema Nacional de Seguridad Pública ",6,4,5,7,4,7,9,18,13,10,20,11,7,13,16,10,14,6,18,20,16,0
"Seguridad","Baja California Sur","Feminicidio","Datos abiertos de incidencia delictiva. Secretariado Ejecutivo del Sistema Nacional de Seguridad Pública ",0,0,0,0,0,0,0,0,0,2,2,2,4,3,3,3,1,1,3,5,3,0
"Seguridad","Campeche","Feminicidio","Datos abiertos de incidencia delictiva. Secretariado Ejecutivo del Sistema Nacional de Seguridad Pública ",4,0,2,1,1,0,1,4,1,5,3,0,4,3,7,4,6,6,5,1,5,0
"Seguridad","Chiapas","Feminicidio","Datos abiertos de incidencia delictiva. Secretariado Ejecutivo del Sistema Nacional de Seguridad Pública ",14,22,21,11,14,15,14,7,10,10,14,14,28,18,20,24,21,14,13,19,13,0
"Seguridad","Chihuahua","Feminicidio","Datos abiertos de incidencia delictiva. Secretariado Ejecutivo del Sistema Nacional de Seguridad Pública ",0,0,0,0,0,11,26,18,24,6,17,13,22,22,25,18,24,23,24,23,21,0
"Seguridad","Ciudad de México","Feminicidio","Datos abiertos de incidencia delictiva. Secretariado Ejecutivo del Sistema Nacional de Seguridad Pública ",31,25,32,14,25,12,25,22,26,46,40,38,38,30,32,43,32,27,35,33,17,0
"Seguridad","Coahuila de Zaragoza","Feminicidio","Datos abiertos de incidencia delictiva. Secretariado Ejecutivo del Sistema Nacional de Seguridad Pública ",7,9,11,2,5,4,3,10,16,8,13,11,8,14,14,9,5,6,11,9,6,0
"Seguridad","Colima","Feminicidio","Datos abiertos de incidencia delictiva. Secretariado Ejecutivo del Sistema Nacional de Seguridad Pública ",0,5,20,2,1,3,7,5,3,7,5,2,3,1,10,8,9,12,4,2,3,0
"Seguridad","Durango","Feminicidio","Datos abiertos de incidencia delictiva. Secretariado Ejecutivo del Sistema Nacional de Seguridad Pública ",1,1,1,1,5,4,1,3,5,5,6,6,6,4,8,10,4,6,6,5,4,0
"Seguridad","Guanajuato","Feminicidio","Datos abiertos de incidencia delictiva. Secretariado Ejecutivo del Sistema Nacional de Seguridad Pública ",7,9,5,9,6,6,10,11,5,13,9,10,18,12,12,9,6,20,11,4,7,0
"Seguridad","Guerrero","Feminicidio","Datos abiertos de incidencia delictiva. Secretariado Ejecutivo del Sistema Nacional de Seguridad Pública ",1,0,9,12,10,11,17,16,10,8,9,4,7,10,4,8,6,9,11,11,8,0
"Seguridad","Hidalgo","Feminicidio","Datos abiertos de incidencia delictiva. Secretariado Ejecutivo del Sistema Nacional de Seguridad Pública ",0,0,13,9,10,12,13,7,11,9,11,8,12,9,7,12,8,12,8,12,10,0
"Seguridad","Jalisco","Feminicidio","Datos abiertos de incidencia delictiva. Secretariado Ejecutivo del Sistema Nacional de Seguridad Pública ",26,36,26,22,8,19,21,12,28,37,31,39,51,26,20,21,22,15,16,19,13,0
"Seguridad","Michoacán de Ocampo","Feminicidio","Datos abiertos de incidencia delictiva. Secretariado Ejecutivo del Sistema Nacional de Seguridad Pública ",2,10,9,17,19,10,12,9,4,10,9,12,14,14,19,24,11,5,8,6,15,0
"Seguridad","Morelos","Feminicidio","Datos abiertos de incidencia delictiva. Secretariado Ejecutivo del Sistema Nacional de Seguridad Pública ",4,11,14,16,23,4,12,16,16,23,20,15,21,2,22,10,24,21,30,20,18,0
"Seguridad","México","Feminicidio","Datos abiertos de incidencia delictiva. Secretariado Ejecutivo del Sistema Nacional de Seguridad Pública ",30,30,35,22,39,31,41,74,44,77,63,88,68,77,78,60,51,38,33,40,32,0
"Seguridad","Nayarit","Feminicidio","Datos abiertos de incidencia delictiva. Secretariado Ejecutivo del Sistema Nacional de Seguridad Pública ",0,0,0,0,1,4,3,1,3,2,7,5,2,5,1,1,4,2,4,7,7,0
"Seguridad","Nuevo León","Feminicidio","Datos abiertos de incidencia delictiva. Secretariado Ejecutivo del Sistema Nacional de Seguridad Pública ",1,0,2,1,9,34,30,49,24,43,35,32,21,45,56,46,38,35,38,22,7,0
"Seguridad","Oaxaca","Feminicidio","Datos abiertos de incidencia delictiva. Secretariado Ejecutivo del Sistema Nacional de Seguridad Pública ",1,7,40,27,30,27,13,16,15,13,17,19,20,23,24,16,30,9,9,11,7,0
"Seguridad","Puebla","Feminicidio","Datos abiertos de incidencia delictiva. Secretariado Ejecutivo del Sistema Nacional de Seguridad Pública ",2,4,8,4,18,9,11,21,28,29,35,17,24,13,12,8,17,18,25,17,15,0
"Seguridad","Querétaro","Feminicidio","Datos abiertos de incidencia delictiva. Secretariado Ejecutivo del Sistema Nacional de Seguridad Pública ",4,4,0,1,0,1,0,7,6,4,2,9,6,3,4,8,4,5,4,0,8,0
"Seguridad","Quintana Roo","Feminicidio","Datos abiertos de incidencia delictiva. Secretariado Ejecutivo del Sistema Nacional de Seguridad Pública ",0,0,0,0,1,3,2,6,5,11,7,8,14,11,8,6,7,10,4,8,9,0
"Seguridad","San Luis Potosí","Feminicidio","Datos abiertos de incidencia delictiva. Secretariado Ejecutivo del Sistema Nacional de Seguridad Pública ",6,1,1,7,12,6,14,13,12,16,15,12,14,10,4,8,9,3,6,7,2,0
"Seguridad","Sinaloa","Feminicidio","Datos abiertos de incidencia delictiva. Secretariado Ejecutivo del Sistema Nacional de Seguridad Pública ",10,4,5,34,39,43,21,27,17,20,13,13,22,18,8,12,14,15,8,18,20,0
"Seguridad","Sonora","Feminicidio","Datos abiertos de incidencia delictiva. Secretariado Ejecutivo del Sistema Nacional de Seguridad Pública ",9,15,9,21,20,12,13,18,22,15,10,20,22,20,15,20,13,17,16,9,6,0
"Seguridad","Tabasco","Feminicidio","Datos abiertos de incidencia delictiva. Secretariado Ejecutivo del Sistema Nacional de Seguridad Pública ",2,6,15,12,14,14,19,21,15,12,7,8,6,9,8,9,8,10,13,15,16,0
"Seguridad","Tamaulipas","Feminicidio","Datos abiertos de incidencia delictiva. Secretariado Ejecutivo del Sistema Nacional de Seguridad Pública ",0,0,1,0,2,4,7,6,5,11,5,6,3,2,10,9,9,8,11,15,16,0
"Seguridad","Tlaxcala","Feminicidio","Datos abiertos de incidencia delictiva. Secretariado Ejecutivo del Sistema Nacional de Seguridad Pública ",0,1,0,1,0,2,2,3,6,1,1,7,7,3,3,2,4,8,6,7,3,0
"Seguridad","Veracruz de Ignacio de la Llave","Feminicidio","Datos abiertos de incidencia delictiva. Secretariado Ejecutivo del Sistema Nacional de Seguridad Pública ",16,24,24,34,51,49,58,43,52,46,37,36,38,29,40,25,29,16,28,25,14,0
"Seguridad","Yucatán","Feminicidio","Datos abiertos de incidencia delictiva. Secretariado Ejecutivo del Sistema Nacional de Seguridad Pública ",0,1,1,0,7,2,2,5,3,0,4,2,2,3,3,2,4,4,4,3,4,0
"Seguridad","Zacatecas","Feminicidio","Datos abiertos de incidencia delictiva. Secretariado Ejecutivo del Sistema Nacional de Seguridad Pública ",0,0,6,5,6,5,13,7,4,7,5,5,6,5,7,8,5,8,3,5,1,0
"Seguridad","Aguascalientes","Fraude",NA,590,497,234,323,500,655,641,776,843,967,658,949,1064,1241,1252,1386,1486,1529,1589,1535,1429,0
"Seguridad","Baja California","Fraude",NA,846,1147,722,797,601,783,750,917,755,1101,617,1115,1077,1347,1212,1549,1510,2243,1793,1354,1040,0
"Seguridad","Baja California Sur","Fraude",NA,347,299,310,492,493,380,430,440,504,556,468,508,563,523,664,623,788,895,852,864,967,0
"Seguridad","Campeche","Fraude",NA,1,4,4,2,5,5,3,5,2,9,4,2,3,139,467,607,566,380,335,65,26,0
"Seguridad","Chiapas","Fraude",NA,146,147,165,323,202,343,319,318,348,211,147,91,133,109,102,117,141,139,140,108,107,0
"Seguridad","Chihuahua","Fraude",NA,1363,1285,1045,1203,1318,1177,1363,1341,1619,1426,1218,1565,1778,2366,2998,4328,2778,2823,3290,2703,2673,0
"Seguridad","Ciudad de México","Fraude",NA,5758,5933,5996,5476,5784,6113,6383,7432,7566,8150,6106,8292,8823,10115,10298,11195,11845,12046,11327,10614,9835,0
"Seguridad","Coahuila de Zaragoza","Fraude",NA,483,499,538,583,553,492,403,421,490,548,396,711,728,847,830,854,812,770,1184,1273,1172,0
"Seguridad","Colima","Fraude",NA,23,21,176,1,776,773,680,665,820,683,625,741,672,670,626,906,1486,1100,791,667,659,0
"Seguridad","Durango","Fraude",NA,830,1264,1064,1163,1035,1161,856,753,756,719,450,792,993,825,810,838,805,827,783,682,676,0
"Seguridad","Guanajuato","Fraude",NA,1149,1258,1254,959,942,1039,1137,1329,1548,1546,1235,1608,1738,1955,2013,2232,2574,2592,2562,2588,2708,0
"Seguridad","Guerrero","Fraude",NA,375,363,329,289,310,328,318,383,318,346,262,341,330,386,469,471,497,404,444,402,407,0
"Seguridad","Hidalgo","Fraude",NA,441,457,521,686,780,986,939,947,913,702,544,619,684,718,693,670,928,1075,742,674,1017,0
"Seguridad","Jalisco","Fraude",NA,3043,3544,3295,3619,3649,3774,3661,3748,3979,3699,3060,4145,3570,4443,4340,4445,4857,5417,6496,5388,5258,0
"Seguridad","Michoacán de Ocampo","Fraude",NA,238,274,306,285,399,828,730,723,814,802,888,1087,1232,1138,1255,1117,1221,1559,1295,1204,1203,0
"Seguridad","Morelos","Fraude",NA,856,924,865,814,808,861,894,857,861,851,621,900,852,949,947,928,1007,1110,1042,1150,1156,0
"Seguridad","México","Fraude",NA,2681,2461,2317,2376,2464,2918,3008,3000,3540,5090,4766,6640,6750,7391,6675,6878,7383,8738,9052,8701,7983,0
"Seguridad","Nayarit","Fraude",NA,300,241,130,152,99,31,48,49,76,97,100,71,65,94,138,164,178,283,309,308,247,0
"Seguridad","Nuevo León","Fraude",NA,1267,1235,1350,4561,1389,1954,2039,2004,1653,2077,1323,2378,2915,2887,2814,3256,2647,2800,2608,2317,1537,0
"Seguridad","Oaxaca","Fraude",NA,82,68,704,364,178,349,634,632,668,785,656,902,931,971,996,945,896,926,883,933,699,0
"Seguridad","Puebla","Fraude",NA,2152,2075,2262,590,1348,1098,1025,1277,1911,1242,910,1783,2230,2539,2526,2289,2276,2268,2230,2069,2418,0
"Seguridad","Querétaro","Fraude",NA,752,734,793,899,1046,988,1028,1091,1183,1297,1083,1681,1728,1772,1861,2055,2369,2315,2284,2304,2226,0
"Seguridad","Quintana Roo","Fraude",NA,687,742,344,332,382,584,692,615,923,818,171,276,218,145,138,155,93,88,126,130,135,0
"Seguridad","San Luis Potosí","Fraude",NA,584,593,417,594,547,570,570,677,1118,1099,843,1118,1090,1307,1287,1371,1393,1350,1573,1657,1476,0
"Seguridad","Sinaloa","Fraude",NA,292,141,447,221,197,227,231,258,226,294,178,293,348,316,398,444,459,382,524,493,541,0
"Seguridad","Sonora","Fraude",NA,341,308,432,420,541,322,275,295,352,359,160,424,389,233,146,214,240,282,211,479,731,0
"Seguridad","Tabasco","Fraude",NA,476,578,470,519,509,538,464,500,539,507,338,562,685,667,634,654,679,732,666,663,657,0
"Seguridad","Tamaulipas","Fraude",NA,447,520,574,838,724,704,738,751,696,699,457,718,735,821,806,774,893,909,917,838,1015,0
"Seguridad","Tlaxcala","Fraude",NA,182,164,121,129,43,76,74,55,40,41,40,24,39,32,29,12,15,3,3,8,10,0
"Seguridad","Veracruz de Ignacio de la Llave","Fraude",NA,1468,1134,893,639,1018,994,1063,1006,1692,1698,1517,1906,2185,1986,1857,1763,2005,2127,2237,1621,1610,0
"Seguridad","Yucatán","Fraude",NA,769,793,998,744,691,343,243,336,260,299,173,306,377,88,49,44,67,67,41,45,85,0
"Seguridad","Zacatecas","Fraude",NA,366,378,415,406,445,439,495,513,565,536,478,543,685,577,691,643,671,714,798,862,830,0
"Seguridad","Aguascalientes","Homicidio",NA,111,100,124,109,117,141,151,132,148,121,117,104,104,116,102,124,122,127,131,115,115,0
"Seguridad","Baja California","Homicidio",NA,538,681,677,826,1079,1351,1457,1712,1462,1603,1433,1634,1683,1542,1450,1543,1259,1360,1302,1240,1015,0
"Seguridad","Baja California Sur","Homicidio",NA,99,102,77,195,261,432,150,94,88,80,51,67,60,60,52,60,54,57,73,69,103,0
"Seguridad","Campeche","Homicidio",NA,71,47,77,90,83,59,70,85,66,68,58,64,80,92,97,106,119,97,96,101,103,0
"Seguridad","Chiapas","Homicidio",NA,830,722,714,766,747,606,648,631,592,594,509,556,623,543,572,550,650,627,786,640,578,0
"Seguridad","Chihuahua","Homicidio",NA,661,625,658,889,971,937,999,1090,1211,1252,1348,1219,1200,1188,955,1111,1033,1041,1000,1000,899,0
"Seguridad","Ciudad de México","Homicidio",NA,797,788,717,877,925,891,993,986,1067,930,930,831,806,731,649,788,701,766,852,812,733,0
"Seguridad","Coahuila de Zaragoza","Homicidio",NA,290,245,242,234,261,215,241,238,224,225,196,194,177,184,181,211,209,198,197,202,141,0
"Seguridad","Colima","Homicidio",NA,84,138,279,318,358,431,359,367,369,411,359,298,328,292,447,454,443,493,442,435,360,0
"Seguridad","Durango","Homicidio",NA,267,227,219,245,216,225,218,190,176,189,153,161,188,181,172,173,147,144,133,151,128,0
"Seguridad","Guanajuato","Homicidio",NA,1127,1271,1242,1330,1606,1760,2076,2222,2305,2189,2481,2459,1896,1777,1704,1809,1879,1761,1855,1917,1915,0
"Seguridad","Guerrero","Homicidio",NA,1262,1459,1418,1426,1443,1425,1414,1302,1017,1015,707,762,788,758,781,793,907,915,913,887,786,0
"Seguridad","Hidalgo","Homicidio",NA,282,369,333,320,391,309,347,386,370,276,264,275,265,265,291,254,198,181,228,200,200,0
"Seguridad","Jalisco","Homicidio",NA,802,934,973,1054,1045,1064,1316,1446,1409,1342,1318,1308,1456,1278,1286,1362,1317,1178,1247,1164,1064,0
"Seguridad","Michoacán de Ocampo","Homicidio",NA,979,1062,1074,1281,1151,1095,1066,1210,1228,1458,1494,1427,1565,1672,1676,1358,1304,1376,1358,1161,1267,0
"Seguridad","Morelos","Homicidio",NA,467,384,378,455,425,403,476,524,592,570,530,503,661,662,650,700,734,860,893,734,694,0
"Seguridad","México","Homicidio",NA,1660,1437,1494,1405,1575,1673,1532,1807,1776,1696,1727,1848,1811,1907,1873,1949,1910,1844,1899,1663,1442,0
"Seguridad","Nayarit","Homicidio",NA,77,70,40,44,62,227,257,189,126,144,133,175,202,173,173,179,176,190,190,196,201,0
"Seguridad","Nuevo León","Homicidio",NA,458,530,580,591,598,501,548,736,746,708,706,641,805,883,921,1016,942,1002,1048,1063,730,0
"Seguridad","Oaxaca","Homicidio",NA,234,182,760,781,801,861,912,831,891,962,869,782,851,870,872,1001,1074,988,1122,1081,993,0
"Seguridad","Puebla","Homicidio",NA,593,613,664,542,760,887,986,997,911,753,645,621,556,615,686,683,628,600,873,974,870,0
"Seguridad","Querétaro","Homicidio",NA,213,234,221,200,237,234,247,243,251,252,234,231,256,276,233,265,270,268,260,288,239,0
"Seguridad","Quintana Roo","Homicidio",NA,268,303,119,159,196,301,381,555,749,751,690,674,733,761,742,730,809,787,766,721,607,0
"Seguridad","San Luis Potosí","Homicidio",NA,190,202,202,298,344,368,481,418,426,427,460,507,491,362,423,337,383,357,372,324,287,0
"Seguridad","Sinaloa","Homicidio",NA,690,714,721,795,989,850,837,771,673,734,649,664,617,611,561,545,588,562,588,831,996,0
"Seguridad","Sonora","Homicidio",NA,486,497,547,521,580,569,549,608,623,798,792,920,975,993,864,889,731,655,703,720,639,0
"Seguridad","Tabasco","Homicidio",NA,334,351,338,361,418,470,476,525,544,453,387,445,435,402,366,360,330,388,602,578,557,0
"Seguridad","Tamaulipas","Homicidio",NA,732,651,747,766,726,892,862,745,720,728,638,626,612,639,601,589,566,547,539,479,439,0
"Seguridad","Tlaxcala","Homicidio",NA,155,167,167,195,194,125,87,83,108,83,77,71,73,84,86,78,82,59,68,90,64,0
"Seguridad","Veracruz de Ignacio de la Llave","Homicidio",NA,438,570,624,1193,1299,1389,1280,1159,1237,1162,1077,1104,1074,990,965,882,893,921,899,868,889,0
"Seguridad","Yucatán","Homicidio",NA,52,52,60,50,47,38,44,44,55,78,77,76,103,128,112,86,92,73,85,116,77,0
"Seguridad","Zacatecas","Homicidio",NA,158,199,276,333,300,390,316,384,326,340,406,514,701,766,664,696,621,430,380,412,283,0
"Seguridad","Aguascalientes","Hostigamiento sexual",NA,6,5,2,4,11,21,35,47,57,47,39,40,52,63,69,66,123,84,67,85,68,0
"Seguridad","Baja California","Hostigamiento sexual",NA,65,50,50,40,51,55,46,61,57,83,112,97,94,118,210,282,547,860,888,642,635,0
"Seguridad","Baja California Sur","Hostigamiento sexual",NA,2,3,5,3,5,6,0,1,3,8,8,4,11,6,6,7,16,6,11,10,5,0
"Seguridad","Campeche","Hostigamiento sexual",NA,0,0,0,0,0,0,0,0,1,0,0,0,0,3,12,13,24,10,10,2,7,0
"Seguridad","Chiapas","Hostigamiento sexual",NA,9,12,18,13,19,14,21,18,16,15,12,2,12,20,8,6,7,13,15,6,7,0
"Seguridad","Chihuahua","Hostigamiento sexual",NA,81,76,55,61,76,98,96,77,88,91,91,70,106,115,115,48,44,41,52,36,38,0
"Seguridad","Ciudad de México","Hostigamiento sexual",NA,0,0,0,0,0,0,0,0,0,0,0,0,0,0,0,0,0,0,0,0,0,0
"Seguridad","Coahuila de Zaragoza","Hostigamiento sexual",NA,0,0,0,1,1,8,16,8,10,10,5,13,8,9,16,19,17,10,21,18,16,0
"Seguridad","Colima","Hostigamiento sexual",NA,0,0,1,0,5,8,9,14,14,13,19,17,33,24,23,19,17,11,18,14,17,0
"Seguridad","Durango","Hostigamiento sexual",NA,4,11,21,15,5,12,8,12,4,6,7,3,5,5,9,16,8,12,8,11,7,0
"Seguridad","Guanajuato","Hostigamiento sexual",NA,17,17,7,11,15,17,16,11,18,26,16,23,23,24,53,39,50,32,36,35,41,0
"Seguridad","Guerrero","Hostigamiento sexual",NA,6,7,3,5,4,9,6,12,2,5,6,9,7,4,16,14,20,9,10,5,9,0
"Seguridad","Hidalgo","Hostigamiento sexual",NA,6,0,44,8,11,9,13,28,31,25,26,30,44,37,46,62,107,104,99,76,125,0
"Seguridad","Jalisco","Hostigamiento sexual",NA,8,16,26,93,89,27,28,37,40,34,33,27,47,32,41,52,57,68,72,40,44,0
"Seguridad","Michoacán de Ocampo","Hostigamiento sexual",NA,12,25,31,20,36,27,27,18,38,36,64,20,17,25,18,12,19,11,21,13,20,0
"Seguridad","Morelos","Hostigamiento sexual",NA,41,45,37,40,42,41,41,30,29,28,25,37,41,23,38,42,44,39,27,39,56,0
"Seguridad","México","Hostigamiento sexual",NA,33,26,44,20,18,21,35,36,51,65,67,37,64,49,88,151,116,146,94,85,94,0
"Seguridad","Nayarit","Hostigamiento sexual",NA,0,0,0,0,0,0,0,0,0,0,0,0,0,0,0,0,0,0,0,0,0,0
"Seguridad","Nuevo León","Hostigamiento sexual",NA,17,8,14,12,15,18,32,19,23,16,24,19,31,25,30,52,40,39,40,28,41,0
"Seguridad","Oaxaca","Hostigamiento sexual",NA,1,5,13,13,13,9,20,34,36,35,26,17,39,21,34,30,44,46,31,36,21,0
"Seguridad","Puebla","Hostigamiento sexual",NA,22,13,18,6,6,12,12,20,24,41,25,38,27,28,37,33,39,49,35,47,42,0
"Seguridad","Querétaro","Hostigamiento sexual",NA,0,0,0,0,0,0,0,0,0,0,0,0,0,6,26,4,18,13,17,20,20,0
"Seguridad","Quintana Roo","Hostigamiento sexual",NA,3,2,1,3,8,3,8,15,5,15,22,13,25,19,16,20,21,18,22,16,12,0
"Seguridad","San Luis Potosí","Hostigamiento sexual",NA,5,4,13,15,14,6,9,16,18,31,12,21,24,21,22,17,19,25,18,9,12,0
"Seguridad","Sinaloa","Hostigamiento sexual",NA,0,0,0,0,0,0,0,0,0,0,0,2,3,5,4,13,11,6,7,5,11,0
"Seguridad","Sonora","Hostigamiento sexual",NA,3,3,7,6,1,0,2,4,3,0,6,6,7,2,7,8,6,14,6,13,9,0
"Seguridad","Tabasco","Hostigamiento sexual",NA,45,35,31,44,59,81,93,92,120,128,106,115,123,89,151,133,124,112,90,100,117,0
"Seguridad","Tamaulipas","Hostigamiento sexual",NA,5,3,10,24,14,10,10,9,9,11,24,6,21,8,16,23,32,22,25,28,25,0
"Seguridad","Tlaxcala","Hostigamiento sexual",NA,1,0,0,0,0,0,4,2,0,0,1,0,0,0,2,0,0,0,1,0,0,0
"Seguridad","Veracruz de Ignacio de la Llave","Hostigamiento sexual",NA,0,0,0,0,3,1,22,24,200,172,144,148,214,194,248,226,43,32,41,12,28,0
"Seguridad","Yucatán","Hostigamiento sexual",NA,5,13,8,3,6,3,6,1,2,0,0,0,2,0,0,0,1,2,2,0,0,0
"Seguridad","Zacatecas","Hostigamiento sexual",NA,6,2,6,5,5,4,7,8,17,4,10,9,9,13,5,8,12,21,21,7,7,0
"Seguridad","Aguascalientes","Incesto",NA,0,2,1,1,2,0,0,0,0,1,0,0,0,0,0,0,0,4,1,0,1,0
"Seguridad","Baja California","Incesto",NA,2,0,1,1,0,0,1,1,0,3,1,0,0,0,0,0,1,2,0,0,0,0
"Seguridad","Baja California Sur","Incesto",NA,0,0,0,0,0,0,0,0,1,1,0,0,0,0,0,0,0,0,0,1,1,0
"Seguridad","Campeche","Incesto",NA,0,0,0,0,0,0,0,0,0,0,0,0,0,0,0,0,0,0,0,0,0,0
"Seguridad","Chiapas","Incesto",NA,0,0,0,1,0,0,0,0,0,0,0,0,0,0,1,0,0,1,0,0,0,0
"Seguridad","Chihuahua","Incesto",NA,1,0,0,0,2,2,0,0,1,1,0,0,0,2,0,0,0,1,0,1,0,0
"Seguridad","Ciudad de México","Incesto",NA,0,0,0,0,0,0,0,0,0,0,1,0,0,0,0,0,1,0,0,0,0,0
"Seguridad","Coahuila de Zaragoza","Incesto",NA,0,1,0,0,1,0,0,0,0,0,0,1,0,2,1,0,0,0,0,0,0,0
"Seguridad","Colima","Incesto",NA,0,0,0,0,0,0,0,0,0,0,0,0,0,0,0,0,0,0,0,0,0,0
"Seguridad","Durango","Incesto",NA,0,0,0,0,0,0,0,1,0,0,0,0,0,0,0,0,0,0,0,0,0,0
"Seguridad","Guanajuato","Incesto",NA,3,0,1,1,0,1,0,1,0,0,0,0,2,1,1,0,1,0,0,0,0,0
"Seguridad","Guerrero","Incesto",NA,0,0,0,0,1,0,0,0,0,0,0,0,0,0,0,0,0,0,0,0,0,0
"Seguridad","Hidalgo","Incesto",NA,0,1,24,0,0,19,0,0,0,1,0,0,0,0,0,0,0,0,0,0,0,0
"Seguridad","Jalisco","Incesto",NA,1,0,30,1,0,0,0,1,0,0,0,0,0,0,0,0,0,0,0,0,0,0
"Seguridad","Michoacán de Ocampo","Incesto",NA,0,0,0,0,0,0,0,0,0,0,0,0,0,0,0,0,0,0,0,0,0,0
"Seguridad","Morelos","Incesto",NA,0,0,0,1,2,0,0,0,0,0,0,0,0,0,2,1,0,0,0,5,0,0
"Seguridad","México","Incesto",NA,0,0,1,0,0,0,0,0,1,0,0,0,0,0,0,0,0,0,0,0,0,0
"Seguridad","Nayarit","Incesto",NA,0,0,0,0,0,0,0,0,0,0,0,0,0,0,0,0,0,0,0,0,0,0
"Seguridad","Nuevo León","Incesto",NA,1,0,0,2,1,1,0,0,0,0,0,1,1,0,1,0,0,0,0,0,0,0
"Seguridad","Oaxaca","Incesto",NA,0,0,0,1,0,0,0,1,0,0,0,0,0,0,0,0,0,0,0,0,0,0
"Seguridad","Puebla","Incesto",NA,0,0,0,0,0,0,0,0,0,0,0,0,0,0,0,0,0,0,0,0,0,0
"Seguridad","Querétaro","Incesto",NA,0,0,0,0,0,0,0,0,0,0,0,0,0,0,0,0,0,0,0,0,0,0
"Seguridad","Quintana Roo","Incesto",NA,0,1,0,2,1,0,0,0,0,0,0,0,0,0,0,3,0,0,0,0,0,0
"Seguridad","San Luis Potosí","Incesto",NA,0,0,0,0,0,0,0,1,0,0,0,0,0,0,0,0,0,0,0,0,0,0
"Seguridad","Sinaloa","Incesto",NA,0,0,0,0,1,0,0,0,0,0,0,0,0,0,1,0,0,1,0,0,0,0
"Seguridad","Sonora","Incesto",NA,0,0,0,0,0,0,0,0,0,2,0,0,1,1,1,0,0,0,0,0,0,0
"Seguridad","Tabasco","Incesto",NA,0,0,1,0,0,0,0,0,0,0,0,0,0,0,0,0,0,0,0,0,3,0
"Seguridad","Tamaulipas","Incesto",NA,1,0,0,1,1,0,0,0,0,0,0,0,0,0,0,0,0,0,0,0,0,0
"Seguridad","Tlaxcala","Incesto",NA,0,0,0,0,0,0,0,0,0,0,0,0,0,0,0,0,0,0,0,0,0,0
"Seguridad","Veracruz de Ignacio de la Llave","Incesto",NA,0,0,0,0,0,0,0,0,1,1,1,0,0,0,0,0,1,0,0,0,0,0
"Seguridad","Yucatán","Incesto",NA,1,1,0,1,0,0,1,2,0,0,0,0,0,0,0,0,0,0,0,0,0,0
"Seguridad","Zacatecas","Incesto",NA,0,1,0,1,0,0,0,0,0,0,0,0,0,0,0,0,0,0,0,0,0,0
"Seguridad","Aguascalientes","Incumplimiento de obligaciones de asistencia familiar",NA,78,72,47,54,59,86,64,90,99,118,71,109,106,125,121,135,143,147,169,146,153,0
"Seguridad","Baja California","Incumplimiento de obligaciones de asistencia familiar",NA,963,1000,728,786,465,596,423,589,365,721,240,462,395,578,411,584,490,734,561,790,676,0
"Seguridad","Baja California Sur","Incumplimiento de obligaciones de asistencia familiar",NA,255,271,370,463,433,345,348,455,446,464,270,397,379,342,314,325,473,473,446,512,451,0
"Seguridad","Campeche","Incumplimiento de obligaciones de asistencia familiar",NA,7,6,18,0,1,1,1,2,1,8,0,0,0,39,125,152,190,178,143,50,77,0
"Seguridad","Chiapas","Incumplimiento de obligaciones de asistencia familiar",NA,657,468,276,230,286,228,206,176,173,177,93,74,141,148,130,148,188,143,148,134,114,0
"Seguridad","Chihuahua","Incumplimiento de obligaciones de asistencia familiar",NA,996,961,816,810,923,919,1132,1003,927,930,694,865,903,976,1015,1099,1312,1269,1308,1286,1289,0
"Seguridad","Ciudad de México","Incumplimiento de obligaciones de asistencia familiar",NA,463,410,625,410,383,271,268,222,252,278,159,284,400,448,473,467,468,553,518,517,471,0
"Seguridad","Coahuila de Zaragoza","Incumplimiento de obligaciones de asistencia familiar",NA,325,255,177,124,191,190,229,297,295,270,116,127,100,135,118,87,107,120,120,132,161,0
"Seguridad","Colima","Incumplimiento de obligaciones de asistencia familiar",NA,120,17,140,2,304,388,396,484,555,547,379,405,396,361,336,267,406,363,364,407,365,0
"Seguridad","Durango","Incumplimiento de obligaciones de asistencia familiar",NA,10,25,37,82,11,7,43,32,43,98,39,63,33,78,87,55,41,41,40,39,40,0
"Seguridad","Guanajuato","Incumplimiento de obligaciones de asistencia familiar",NA,502,543,579,555,505,597,901,931,970,1051,693,847,931,1151,1079,1121,1408,1353,1331,1382,1424,0
"Seguridad","Guerrero","Incumplimiento de obligaciones de asistencia familiar",NA,619,450,437,332,311,251,223,251,260,282,150,208,273,244,282,242,301,239,185,223,278,0
"Seguridad","Hidalgo","Incumplimiento de obligaciones de asistencia familiar",NA,347,286,348,383,435,451,428,456,499,415,283,324,292,496,467,442,451,410,401,361,511,0
"Seguridad","Jalisco","Incumplimiento de obligaciones de asistencia familiar",NA,0,0,0,0,0,0,0,0,0,0,0,0,0,0,0,0,0,0,447,453,393,0
"Seguridad","Michoacán de Ocampo","Incumplimiento de obligaciones de asistencia familiar",NA,67,87,26,32,36,51,68,52,71,66,46,64,67,73,80,108,127,115,131,132,199,0
"Seguridad","Morelos","Incumplimiento de obligaciones de asistencia familiar",NA,127,126,158,149,162,129,145,154,154,163,93,154,122,164,166,173,186,169,192,180,192,0
"Seguridad","México","Incumplimiento de obligaciones de asistencia familiar",NA,1736,1614,1466,1258,1292,1273,1085,1013,1144,1160,756,1239,1229,1476,1570,1433,1553,1474,1579,1437,1383,0
"Seguridad","Nayarit","Incumplimiento de obligaciones de asistencia familiar",NA,401,258,298,232,239,152,161,199,295,279,154,146,241,229,385,419,454,497,495,438,437,0
"Seguridad","Nuevo León","Incumplimiento de obligaciones de asistencia familiar",NA,265,301,247,331,298,297,278,268,252,288,177,243,250,305,314,343,338,312,369,401,379,0
"Seguridad","Oaxaca","Incumplimiento de obligaciones de asistencia familiar",NA,2,15,49,34,22,21,51,45,69,73,57,66,66,93,71,72,103,113,115,109,128,0
"Seguridad","Puebla","Incumplimiento de obligaciones de asistencia familiar",NA,4,7,1,13,5,12,10,19,13,20,116,157,139,152,157,137,177,185,253,329,270,0
"Seguridad","Querétaro","Incumplimiento de obligaciones de asistencia familiar",NA,392,420,405,424,439,409,380,283,337,360,244,311,257,292,374,361,433,411,398,341,333,0
"Seguridad","Quintana Roo","Incumplimiento de obligaciones de asistencia familiar",NA,583,685,370,291,429,450,375,418,407,357,177,311,328,272,245,259,282,247,269,295,307,0
"Seguridad","San Luis Potosí","Incumplimiento de obligaciones de asistencia familiar",NA,244,191,167,190,265,161,148,160,287,271,191,207,241,258,272,319,424,301,301,308,310,0
"Seguridad","Sinaloa","Incumplimiento de obligaciones de asistencia familiar",NA,105,67,193,54,57,49,62,60,62,77,48,60,80,70,85,75,117,106,126,130,106,0
"Seguridad","Sonora","Incumplimiento de obligaciones de asistencia familiar",NA,1584,1429,1688,1081,1151,926,689,638,984,1117,430,1048,1351,916,752,763,762,1045,941,1610,1323,0
"Seguridad","Tabasco","Incumplimiento de obligaciones de asistencia familiar",NA,965,1011,1032,1028,1023,738,723,643,707,627,345,510,585,522,516,502,605,485,493,520,598,0
"Seguridad","Tamaulipas","Incumplimiento de obligaciones de asistencia familiar",NA,1059,1059,1200,1585,1181,1052,963,1012,923,966,507,668,797,856,781,847,974,856,815,691,750,0
"Seguridad","Tlaxcala","Incumplimiento de obligaciones de asistencia familiar",NA,94,192,128,67,16,26,21,20,20,29,13,21,36,23,19,2,0,0,12,9,32,0
"Seguridad","Veracruz de Ignacio de la Llave","Incumplimiento de obligaciones de asistencia familiar",NA,668,629,668,511,690,687,630,358,878,761,487,651,787,749,678,748,669,639,691,520,527,0
"Seguridad","Yucatán","Incumplimiento de obligaciones de asistencia familiar",NA,622,590,656,529,566,315,229,223,210,169,82,111,142,30,36,74,51,64,62,59,72,0
"Seguridad","Zacatecas","Incumplimiento de obligaciones de asistencia familiar",NA,95,94,93,114,147,155,176,183,286,299,217,219,289,328,322,316,432,364,411,373,454,0
"Seguridad","Aguascalientes","Lesiones",NA,1745,1683,1256,1515,1823,2429,2549,2470,2380,2623,2262,2098,2275,2216,2418,2263,2478,2268,2537,2294,2264,0
"Seguridad","Baja California","Lesiones",NA,7615,7710,6786,5608,5434,5774,4963,4846,4093,4796,3445,3662,3336,3488,3424,3623,3569,4283,3661,3149,2919,0
"Seguridad","Baja California Sur","Lesiones",NA,770,795,948,1035,888,1069,941,949,933,956,829,941,920,1012,1023,959,1086,1169,1250,1242,1158,0
"Seguridad","Campeche","Lesiones",NA,80,111,90,91,86,93,94,89,102,75,70,67,92,692,2126,2388,2552,1959,1931,573,499,0
"Seguridad","Chiapas","Lesiones",NA,763,693,865,953,1002,981,1119,1144,792,743,595,591,665,662,690,830,1096,884,787,787,606,0
"Seguridad","Chihuahua","Lesiones",NA,2461,2411,2245,2117,2369,2409,2455,2390,2538,3244,2616,2560,3110,3103,2801,2709,2929,3033,3219,3534,3469,0
"Seguridad","Ciudad de México","Lesiones",NA,5519,5743,5069,5599,5589,5684,5639,5746,5377,5559,3922,3985,4328,4665,5262,5280,4992,5313,5524,5174,5069,0
"Seguridad","Coahuila de Zaragoza","Lesiones",NA,2856,2976,2830,2835,2819,2790,3111,2698,2584,2420,2050,2091,2227,2262,2499,2276,2613,2521,2867,2731,2992,0
"Seguridad","Colima","Lesiones",NA,156,138,381,46,903,893,842,886,943,854,881,900,936,936,949,926,997,954,947,992,1041,0
"Seguridad","Durango","Lesiones",NA,1821,2100,2291,2423,2501,2393,1960,1949,1550,1769,1251,1491,1964,1894,1896,1882,1638,1598,1399,1412,1442,0
"Seguridad","Guanajuato","Lesiones",NA,5401,5256,5110,5653,5744,6063,6797,6897,7517,7008,5592,5560,6229,6260,6859,6779,7568,7371,8120,8368,8694,0
"Seguridad","Guerrero","Lesiones",NA,1858,1671,1803,1871,1815,1563,1589,1514,1572,1485,1169,1193,1383,1393,1692,1777,1850,1544,1755,1590,1837,0
"Seguridad","Hidalgo","Lesiones",NA,1924,1769,2054,2283,3078,3106,3590,3548,3499,2715,2699,2893,2664,2782,3296,2911,3098,3139,3069,2277,3091,0
"Seguridad","Jalisco","Lesiones",NA,5270,6015,6344,6985,7118,6589,6301,6090,5938,5897,4989,5048,5306,5292,5526,5671,6415,6402,6660,6321,6815,0
"Seguridad","Michoacán de Ocampo","Lesiones",NA,1934,2396,2413,2376,2967,3572,3852,3349,3780,3593,3775,3813,3856,3942,4028,3897,4204,3777,4372,3933,4086,0
"Seguridad","Morelos","Lesiones",NA,2374,2312,2553,2409,2390,2255,2375,2191,2040,1932,1563,1888,1818,1815,1929,1922,2117,1805,2054,1852,2008,0
"Seguridad","México","Lesiones",NA,31897,31819,29682,25941,28455,29394,26021,26665,29483,30153,26268,26437,29355,28337,31601,30504,31899,30299,31934,28779,28797,0
"Seguridad","Nayarit","Lesiones",NA,388,315,177,127,90,69,109,84,155,110,97,124,119,147,237,407,501,606,644,599,520,0
"Seguridad","Nuevo León","Lesiones",NA,4014,4247,3920,4587,4397,4429,3685,3881,2871,3086,2328,2915,2872,3656,3541,3901,4069,3788,3838,3709,2386,0
"Seguridad","Oaxaca","Lesiones",NA,401,343,2482,1958,2167,2317,3071,2737,2999,2925,2541,2313,2516,2228,2515,2549,2488,2323,2415,2255,1842,0
"Seguridad","Puebla","Lesiones",NA,4644,4424,4028,1444,1316,1327,1237,1577,3348,2925,2396,2923,3294,3415,3569,3265,3412,2976,3209,3062,3213,0
"Seguridad","Querétaro","Lesiones",NA,1551,1794,1729,2627,2833,2694,2926,3161,3370,3292,2818,2826,2975,2816,2696,2724,3176,2817,3187,2833,3036,0
"Seguridad","Quintana Roo","Lesiones",NA,1740,1907,877,989,919,1212,1527,1522,1639,1635,1295,1689,1906,2057,2224,2450,2635,2504,2430,2451,2531,0
"Seguridad","San Luis Potosí","Lesiones",NA,1435,1288,1665,2515,2617,1714,1709,1909,2676,2648,2122,2157,2327,2184,2270,2274,2506,2396,2603,2344,2478,0
"Seguridad","Sinaloa","Lesiones",NA,1840,1439,1164,981,1032,1100,1252,1248,1306,1428,1326,1596,1773,1744,2062,2093,2209,2151,2218,2119,2240,0
"Seguridad","Sonora","Lesiones",NA,1237,1156,1996,1409,1313,957,700,610,727,861,950,1467,1663,1443,1498,1426,1408,1331,1156,1264,1004,0
"Seguridad","Tabasco","Lesiones",NA,2973,2871,3247,2784,3003,2834,2750,2625,2946,2610,2104,2741,2949,2629,2606,2469,2474,2223,2352,2197,2406,0
"Seguridad","Tamaulipas","Lesiones",NA,2487,2542,1974,2317,2140,1925,1910,1762,1870,1796,1416,1449,1620,1666,1708,1820,1924,1875,1932,1841,1781,0
"Seguridad","Tlaxcala","Lesiones",NA,677,275,160,132,131,180,142,193,152,158,162,146,186,131,146,105,102,78,75,53,73,0
"Seguridad","Veracruz de Ignacio de la Llave","Lesiones",NA,2676,2464,2070,2171,3342,3259,3279,3014,4601,4538,4034,4157,4560,4126,4557,4533,4884,4735,5288,4415,4366,0
"Seguridad","Yucatán","Lesiones",NA,2174,1874,1961,1722,1483,309,248,197,203,246,149,115,205,75,127,88,95,110,152,84,112,0
"Seguridad","Zacatecas","Lesiones",NA,951,947,944,867,892,843,912,941,1183,1299,1237,1213,1325,1139,1204,1127,1530,1611,1434,1341,1365,0
"Seguridad","Aguascalientes","Narcomenudeo",NA,280,334,421,296,352,490,657,1059,1174,1032,1636,463,903,210,1204,875,1106,1075,1025,1157,1333,0
"Seguridad","Baja California","Narcomenudeo",NA,0,0,72,1691,2458,3287,4062,3793,5009,5298,5196,4720,4417,3634,4861,4794,5084,4755,4389,3791,4409,0
"Seguridad","Baja California Sur","Narcomenudeo",NA,400,204,192,270,442,202,297,344,295,184,226,210,236,199,272,247,340,368,466,588,584,0
"Seguridad","Campeche","Narcomenudeo",NA,34,24,33,33,77,75,45,45,57,59,46,65,73,72,103,121,139,133,157,193,178,0
"Seguridad","Chiapas","Narcomenudeo",NA,355,369,169,267,322,403,395,514,444,408,453,650,554,933,1605,288,238,147,66,189,923,0
"Seguridad","Chihuahua","Narcomenudeo",NA,1338,1726,2481,2310,4409,3610,4444,3088,3845,3757,3535,4460,3264,1837,1741,1784,1500,1711,2689,2372,1821,0
"Seguridad","Ciudad de México","Narcomenudeo",NA,717,805,761,644,985,1640,2134,3840,2576,3521,2900,2504,2528,2395,2411,1983,2416,1963,2441,2459,3331,0
"Seguridad","Coahuila de Zaragoza","Narcomenudeo",NA,1138,1193,1222,1266,1462,1794,3015,3475,4251,4359,5297,4775,4918,4806,5875,5157,4874,4180,4294,4437,2767,0
"Seguridad","Colima","Narcomenudeo",NA,267,226,219,308,446,493,447,701,939,760,665,536,719,701,1003,962,1225,1018,818,731,949,0
"Seguridad","Durango","Narcomenudeo",NA,73,241,294,316,382,406,599,480,569,324,377,369,491,464,428,403,448,464,381,426,442,0
"Seguridad","Guanajuato","Narcomenudeo",NA,1489,1571,1981,1703,3176,3391,4513,4226,4003,5437,6769,8163,11583,12393,11014,11345,9492,10384,10057,10154,11014,0
"Seguridad","Guerrero","Narcomenudeo",NA,169,180,284,132,159,222,94,187,284,358,319,447,509,564,386,405,459,322,379,339,381,0
"Seguridad","Hidalgo","Narcomenudeo",NA,67,44,80,107,122,134,155,115,218,204,180,183,547,239,271,214,314,266,304,331,391,0
"Seguridad","Jalisco","Narcomenudeo",NA,3046,1999,1596,649,900,968,1310,1077,1013,721,509,558,542,592,636,686,795,940,1051,932,1210,0
"Seguridad","Michoacán de Ocampo","Narcomenudeo",NA,641,495,450,651,951,1065,1183,1057,1293,1034,978,1032,1261,1253,1142,889,1214,945,852,929,1026,0
"Seguridad","Morelos","Narcomenudeo",NA,281,453,467,376,346,430,436,298,442,452,407,477,411,354,394,271,319,212,183,310,504,0
"Seguridad","México","Narcomenudeo",NA,459,500,501,265,464,616,893,1071,1711,2241,1717,2224,1873,1703,1807,1304,1290,1502,1257,1232,1846,0
"Seguridad","Nayarit","Narcomenudeo",NA,273,265,68,120,160,109,177,155,193,144,69,60,36,146,134,336,343,407,274,341,309,0
"Seguridad","Nuevo León","Narcomenudeo",NA,1139,710,785,826,1250,1349,1298,1249,1593,1892,1846,2023,2221,2148,2507,2854,3786,3891,4180,3978,3854,0
"Seguridad","Oaxaca","Narcomenudeo",NA,18,18,237,87,116,130,205,123,185,191,143,111,135,146,151,159,292,334,249,280,376,0
"Seguridad","Puebla","Narcomenudeo",NA,1537,1596,367,151,218,495,136,117,205,279,461,812,1040,700,1172,1263,1021,963,964,772,720,0
"Seguridad","Querétaro","Narcomenudeo",NA,116,108,391,435,493,449,522,627,872,707,584,550,548,606,649,856,930,853,770,915,1239,0
"Seguridad","Quintana Roo","Narcomenudeo",NA,364,193,276,306,227,106,220,280,499,529,539,489,570,709,912,969,1086,1116,1198,1278,1234,0
"Seguridad","San Luis Potosí","Narcomenudeo",NA,104,38,146,78,109,160,229,274,386,393,703,654,509,513,782,1626,3132,3583,3355,4071,5867,0
"Seguridad","Sinaloa","Narcomenudeo",NA,589,350,228,158,417,440,434,359,320,294,175,94,83,62,78,68,155,111,116,93,178,0
"Seguridad","Sonora","Narcomenudeo",NA,1286,1301,1533,305,475,461,304,394,609,1001,1399,1373,1541,1472,1119,1222,1233,1505,1798,2201,2547,0
"Seguridad","Tabasco","Narcomenudeo",NA,1,0,1,55,9,32,60,71,68,55,37,50,30,18,20,18,17,13,115,215,495,0
"Seguridad","Tamaulipas","Narcomenudeo",NA,479,375,330,147,197,154,134,127,125,98,95,99,84,80,95,64,122,88,73,158,278,0
"Seguridad","Tlaxcala","Narcomenudeo",NA,21,47,40,10,21,27,59,48,63,88,127,91,100,86,100,60,65,37,50,23,60,0
"Seguridad","Veracruz de Ignacio de la Llave","Narcomenudeo",NA,35,45,33,26,94,202,185,166,228,267,289,355,410,567,719,984,1256,1406,1359,1180,1273,0
"Seguridad","Yucatán","Narcomenudeo",NA,67,112,128,142,206,164,128,99,199,189,93,72,92,131,180,101,169,222,244,218,183,0
"Seguridad","Zacatecas","Narcomenudeo",NA,43,50,57,59,74,158,182,177,167,163,155,147,157,157,174,133,181,116,157,252,278,0
"Seguridad","Aguascalientes","Otros delitos contra el patrimonio",NA,0,1,0,0,0,0,0,0,57,134,146,86,100,91,155,157,170,142,169,343,164,0
"Seguridad","Baja California","Otros delitos contra el patrimonio",NA,198,0,190,207,275,377,358,439,526,526,369,461,452,534,606,621,621,783,780,590,539,0
"Seguridad","Baja California Sur","Otros delitos contra el patrimonio",NA,61,25,35,44,57,52,85,60,68,43,67,64,44,58,104,84,160,247,171,189,164,0
"Seguridad","Campeche","Otros delitos contra el patrimonio",NA,16,16,12,17,13,26,12,18,9,7,23,22,12,77,201,264,327,301,228,144,186,0
"Seguridad","Chiapas","Otros delitos contra el patrimonio",NA,0,2,1,0,46,197,231,306,446,291,236,232,108,46,47,30,27,18,9,31,58,0
"Seguridad","Chihuahua","Otros delitos contra el patrimonio",NA,54,50,246,87,58,67,69,71,158,365,324,288,330,502,1003,550,545,592,529,601,519,0
"Seguridad","Ciudad de México","Otros delitos contra el patrimonio",NA,0,0,0,0,0,0,1670,1943,2243,2407,2186,2295,2216,1774,2223,2026,1760,1725,1768,1629,1246,0
"Seguridad","Coahuila de Zaragoza","Otros delitos contra el patrimonio",NA,494,617,612,540,484,489,506,551,611,583,437,636,703,721,994,926,896,750,774,779,705,0
"Seguridad","Colima","Otros delitos contra el patrimonio",NA,5,0,26,0,1,0,0,0,151,151,120,111,117,128,113,106,111,98,89,108,115,0
"Seguridad","Durango","Otros delitos contra el patrimonio",NA,105,105,73,84,78,86,170,168,378,363,77,43,37,11,21,8,19,6,6,39,5,0
"Seguridad","Guanajuato","Otros delitos contra el patrimonio",NA,0,0,0,0,0,0,0,0,0,68,6,55,73,129,93,110,74,89,65,84,306,0
"Seguridad","Guerrero","Otros delitos contra el patrimonio",NA,17,58,86,105,61,30,25,14,4,5,9,0,0,0,0,0,0,2,0,0,0,0
"Seguridad","Hidalgo","Otros delitos contra el patrimonio",NA,7,0,0,0,0,49,82,107,132,78,54,92,60,91,91,93,269,244,209,208,335,0
"Seguridad","Jalisco","Otros delitos contra el patrimonio",NA,0,0,0,0,0,0,0,0,0,0,0,0,0,0,0,0,0,0,0,0,0,0
"Seguridad","Michoacán de Ocampo","Otros delitos contra el patrimonio",NA,4,3,2,0,0,0,0,0,83,189,146,170,168,181,144,170,129,75,119,85,74,0
"Seguridad","Morelos","Otros delitos contra el patrimonio",NA,174,88,75,97,128,107,121,83,55,104,137,229,238,230,213,220,234,295,314,306,290,0
"Seguridad","México","Otros delitos contra el patrimonio",NA,21,23,69,72,17,25,22,14,26,19,75,27,46,92,109,127,155,191,217,249,313,0
"Seguridad","Nayarit","Otros delitos contra el patrimonio",NA,4,4,4,6,1,0,3,2,1,0,0,2,2,4,4,13,3,11,3,3,7,0
"Seguridad","Nuevo León","Otros delitos contra el patrimonio",NA,49,35,44,46,49,47,38,39,37,42,27,54,58,52,53,39,52,62,93,83,87,0
"Seguridad","Oaxaca","Otros delitos contra el patrimonio",NA,120,163,1071,861,755,747,804,750,210,283,189,280,298,300,388,272,328,301,260,200,96,0
"Seguridad","Puebla","Otros delitos contra el patrimonio",NA,0,0,0,0,0,0,0,0,25,135,142,145,143,145,135,118,139,105,97,117,129,0
"Seguridad","Querétaro","Otros delitos contra el patrimonio",NA,15,18,15,13,20,18,21,16,23,25,20,27,28,21,13,48,103,90,89,87,95,0
"Seguridad","Quintana Roo","Otros delitos contra el patrimonio",NA,4,1,2,10,14,17,31,17,18,25,117,143,146,112,162,160,135,110,152,119,102,0
"Seguridad","San Luis Potosí","Otros delitos contra el patrimonio",NA,2,4,3,6,3,0,105,520,481,399,471,821,944,794,754,1212,846,404,354,253,320,0
"Seguridad","Sinaloa","Otros delitos contra el patrimonio",NA,39,28,38,23,15,18,11,14,30,23,15,21,18,17,19,13,13,14,33,17,25,0
"Seguridad","Sonora","Otros delitos contra el patrimonio",NA,0,0,0,0,0,0,7,2,29,122,126,137,120,115,120,113,187,191,190,230,221,0
"Seguridad","Tabasco","Otros delitos contra el patrimonio",NA,102,47,13,0,2,0,0,0,165,77,58,84,102,87,74,81,55,70,75,136,313,0
"Seguridad","Tamaulipas","Otros delitos contra el patrimonio",NA,0,0,0,0,0,9,16,9,23,33,14,13,16,14,16,22,27,14,24,26,18,0
"Seguridad","Tlaxcala","Otros delitos contra el patrimonio",NA,11,11,8,10,14,11,13,9,13,14,10,6,6,9,9,7,13,10,10,6,4,0
"Seguridad","Veracruz de Ignacio de la Llave","Otros delitos contra el patrimonio",NA,103,111,165,130,308,372,259,263,495,555,466,384,444,388,434,386,398,391,407,364,371,0
"Seguridad","Yucatán","Otros delitos contra el patrimonio",NA,739,34,35,1354,1092,400,363,339,462,354,156,100,83,82,80,26,22,16,10,3,9,0
"Seguridad","Zacatecas","Otros delitos contra el patrimonio",NA,11,14,8,11,27,34,53,73,54,62,41,41,46,73,44,25,45,55,35,40,25,0
"Seguridad","Aguascalientes","Otros delitos contra la familia",NA,13,50,36,45,34,0,0,0,0,0,23,12,19,12,14,19,20,9,21,24,20,0
"Seguridad","Baja California","Otros delitos contra la familia",NA,106,2,158,198,159,208,198,218,176,285,220,306,242,291,254,399,313,570,528,602,516,0
"Seguridad","Baja California Sur","Otros delitos contra la familia",NA,21,33,64,124,123,143,130,130,134,166,126,131,141,121,95,149,152,153,130,148,127,0
"Seguridad","Campeche","Otros delitos contra la familia",NA,1,0,7,0,0,0,0,0,0,0,0,0,0,1,14,1,3,0,1,0,2,0
"Seguridad","Chiapas","Otros delitos contra la familia",NA,2,0,0,2,6,2,3,3,2,7,2,3,2,0,5,1,0,3,0,0,1,0
"Seguridad","Chihuahua","Otros delitos contra la familia",NA,1,3,1,1,0,0,0,1,5,5,10,8,14,19,18,17,25,24,34,31,35,0
"Seguridad","Ciudad de México","Otros delitos contra la familia",NA,469,521,422,465,416,470,9,7,7,5,7,12,7,7,11,5,6,5,10,8,14,0
"Seguridad","Coahuila de Zaragoza","Otros delitos contra la familia",NA,140,125,142,199,167,176,118,116,137,147,61,123,87,132,95,102,12,9,16,21,113,0
"Seguridad","Colima","Otros delitos contra la familia",NA,0,0,0,0,50,46,0,0,0,0,0,0,0,0,0,0,0,0,0,0,0,0
"Seguridad","Durango","Otros delitos contra la familia",NA,53,88,112,125,74,212,103,120,117,71,79,114,246,367,310,300,238,286,235,288,229,0
"Seguridad","Guanajuato","Otros delitos contra la familia",NA,0,0,0,0,0,0,0,0,0,5,8,16,25,16,31,24,13,11,13,9,16,0
"Seguridad","Guerrero","Otros delitos contra la familia",NA,16,60,50,65,57,56,57,76,73,52,77,82,85,63,79,107,118,76,96,80,103,0
"Seguridad","Hidalgo","Otros delitos contra la familia",NA,0,0,1,0,0,1,0,3,3,8,3,2,1,6,1,1,1,2,1,2,0,0
"Seguridad","Jalisco","Otros delitos contra la familia",NA,453,866,1054,924,770,804,758,684,786,651,525,556,474,452,411,616,618,601,172,174,123,0
"Seguridad","Michoacán de Ocampo","Otros delitos contra la familia",NA,38,59,44,16,0,0,0,0,0,0,0,0,0,0,0,0,8,16,18,25,21,0
"Seguridad","Morelos","Otros delitos contra la familia",NA,194,84,159,182,142,164,175,165,174,169,160,210,188,188,184,175,208,196,192,239,75,0
"Seguridad","México","Otros delitos contra la familia",NA,16,27,9,7,3,4,4,7,4,3,3,3,4,7,2,2,4,4,5,3,1,0
"Seguridad","Nayarit","Otros delitos contra la familia",NA,2,6,2,15,2,6,8,7,6,3,3,8,6,3,10,21,20,27,36,26,24,0
"Seguridad","Nuevo León","Otros delitos contra la familia",NA,1545,1800,1732,1912,1984,2086,2121,2327,2264,2652,2493,2901,3115,3046,3329,3622,2893,2576,2672,2431,2542,0
"Seguridad","Oaxaca","Otros delitos contra la familia",NA,7,13,83,61,56,72,115,101,106,123,112,114,130,118,139,145,104,133,111,116,107,0
"Seguridad","Puebla","Otros delitos contra la familia",NA,9,5,6,27,1,7,3,4,6,523,391,361,291,346,335,296,280,374,407,542,355,0
"Seguridad","Querétaro","Otros delitos contra la familia",NA,25,41,47,65,67,97,98,113,91,116,87,114,112,144,131,128,179,152,137,182,122,0
"Seguridad","Quintana Roo","Otros delitos contra la familia",NA,31,0,0,9,23,9,20,10,23,24,258,295,333,301,355,406,434,451,410,416,401,0
"Seguridad","San Luis Potosí","Otros delitos contra la familia",NA,14,9,3,2,1,0,1,3,2,1,1,1,3,2,18,4,0,2,0,2,1,0
"Seguridad","Sinaloa","Otros delitos contra la familia",NA,24,28,20,10,17,9,25,9,19,23,32,62,87,55,105,104,98,61,104,77,132,0
"Seguridad","Sonora","Otros delitos contra la familia",NA,9,7,9,4,3,1,3,4,2,16,67,59,69,51,33,40,50,91,80,95,74,0
"Seguridad","Tabasco","Otros delitos contra la familia",NA,4,4,1,0,7,12,12,9,11,15,7,20,8,11,9,7,6,4,3,6,20,0
"Seguridad","Tamaulipas","Otros delitos contra la familia",NA,199,217,322,512,363,418,362,447,406,389,285,342,357,411,408,449,450,426,414,402,353,0
"Seguridad","Tlaxcala","Otros delitos contra la familia",NA,3,19,5,2,1,8,13,6,1,0,1,3,0,3,2,1,0,0,0,1,2,0
"Seguridad","Veracruz de Ignacio de la Llave","Otros delitos contra la familia",NA,328,277,361,360,595,580,645,463,887,892,754,1031,921,910,876,880,365,334,456,407,389,0
"Seguridad","Yucatán","Otros delitos contra la familia",NA,253,172,225,286,502,83,73,74,87,70,22,14,35,1,4,2,6,3,9,6,8,0
"Seguridad","Zacatecas","Otros delitos contra la familia",NA,34,35,32,28,34,38,35,43,39,67,53,67,62,55,53,71,48,55,63,56,57,0
"Seguridad","Aguascalientes","Otros delitos contra la sociedad",NA,0,0,0,0,16,0,0,0,0,1,4,0,2,0,0,1,0,0,0,0,0,0
"Seguridad","Baja California","Otros delitos contra la sociedad",NA,6,0,4,1,7,12,27,25,22,14,25,23,25,17,30,26,35,40,28,34,33,0
"Seguridad","Baja California Sur","Otros delitos contra la sociedad",NA,0,0,0,0,3,0,0,1,0,0,1,0,0,2,1,0,0,0,0,0,0,0
"Seguridad","Campeche","Otros delitos contra la sociedad",NA,0,0,1,0,0,2,0,1,11,2,3,0,1,1,1,1,2,0,1,2,5,0
"Seguridad","Chiapas","Otros delitos contra la sociedad",NA,6,5,8,9,20,34,119,96,102,67,52,25,56,51,41,49,45,44,59,57,53,0
"Seguridad","Chihuahua","Otros delitos contra la sociedad",NA,9,7,9,11,0,0,0,0,0,0,0,0,1,0,0,1,43,42,54,44,58,0
"Seguridad","Ciudad de México","Otros delitos contra la sociedad",NA,3,12,43,12,33,23,352,388,1108,917,855,938,789,883,784,890,1324,858,934,733,865,0
"Seguridad","Coahuila de Zaragoza","Otros delitos contra la sociedad",NA,1,0,1,0,1,0,0,0,0,0,0,0,0,0,0,1,0,0,0,0,135,0
"Seguridad","Colima","Otros delitos contra la sociedad",NA,0,0,9,0,0,0,0,13,48,39,59,59,64,51,41,51,74,63,68,83,65,0
"Seguridad","Durango","Otros delitos contra la sociedad",NA,12,56,36,16,11,5,6,12,4,15,13,1,8,1,5,2,1,1,1,5,2,0
"Seguridad","Guanajuato","Otros delitos contra la sociedad",NA,0,0,0,0,0,0,0,0,0,0,0,0,0,0,0,0,1,0,2,4,0,0
"Seguridad","Guerrero","Otros delitos contra la sociedad",NA,0,0,0,0,0,0,0,0,0,0,0,0,0,0,0,0,0,0,0,1,0,0
"Seguridad","Hidalgo","Otros delitos contra la sociedad",NA,0,0,0,0,0,2,9,20,0,0,10,3,4,18,8,5,12,11,6,8,13,0
"Seguridad","Jalisco","Otros delitos contra la sociedad",NA,0,0,0,0,0,0,0,0,0,0,5,7,0,6,2,0,4,0,1,6,1,0
"Seguridad","Michoacán de Ocampo","Otros delitos contra la sociedad",NA,1,2,5,2,3,0,0,1,1,3,2,1,2,3,1,3,3,3,1,0,1,0
"Seguridad","Morelos","Otros delitos contra la sociedad",NA,2,2,2,2,5,5,4,7,8,3,8,4,10,6,8,17,16,8,14,31,41,0
"Seguridad","México","Otros delitos contra la sociedad",NA,322,274,329,396,728,382,795,1135,1636,1946,1812,2651,2257,2357,2026,1327,1547,1031,854,895,1185,0
"Seguridad","Nayarit","Otros delitos contra la sociedad",NA,7,5,0,0,2,2,1,5,4,1,2,3,4,3,5,13,9,3,8,6,9,0
"Seguridad","Nuevo León","Otros delitos contra la sociedad",NA,4,1,1,1,4,5,0,0,2,1,8,0,0,0,3,1,0,3,1,1,1,0
"Seguridad","Oaxaca","Otros delitos contra la sociedad",NA,26,40,65,57,55,67,206,279,189,296,272,235,278,215,319,280,396,325,378,371,258,0
"Seguridad","Puebla","Otros delitos contra la sociedad",NA,572,502,477,349,332,504,1036,707,911,321,242,283,350,264,258,226,202,191,160,181,223,0
"Seguridad","Querétaro","Otros delitos contra la sociedad",NA,61,47,81,43,63,69,65,67,66,117,114,286,268,211,169,172,183,155,203,212,261,0
"Seguridad","Quintana Roo","Otros delitos contra la sociedad",NA,0,0,0,6,7,7,2,10,8,6,1,0,1,1,3,0,1,0,1,0,3,0
"Seguridad","San Luis Potosí","Otros delitos contra la sociedad",NA,0,0,0,0,0,2,0,1,0,0,0,0,0,0,0,0,0,0,0,0,0,0
"Seguridad","Sinaloa","Otros delitos contra la sociedad",NA,108,64,69,47,48,36,30,32,25,37,24,21,39,43,19,26,31,33,25,73,143,0
"Seguridad","Sonora","Otros delitos contra la sociedad",NA,0,0,0,0,0,0,0,0,5,16,23,55,51,41,79,81,90,81,84,108,72,0
"Seguridad","Tabasco","Otros delitos contra la sociedad",NA,10,21,14,5,8,1,0,1,0,0,0,0,0,0,0,0,0,0,0,1,1,0
"Seguridad","Tamaulipas","Otros delitos contra la sociedad",NA,0,0,0,0,0,0,0,0,0,0,0,0,0,0,0,0,0,0,0,0,0,0
"Seguridad","Tlaxcala","Otros delitos contra la sociedad",NA,0,0,0,0,0,0,0,0,0,0,0,0,0,0,0,0,0,0,0,0,0,0
"Seguridad","Veracruz de Ignacio de la Llave","Otros delitos contra la sociedad",NA,10,2,5,1,0,0,0,0,0,1,0,0,1,0,1,1,1,2,0,0,1,0
"Seguridad","Yucatán","Otros delitos contra la sociedad",NA,340,3,98,1004,833,63,33,62,28,1,0,11,5,1,0,0,2,1,2,0,0,0
"Seguridad","Zacatecas","Otros delitos contra la sociedad",NA,1,2,2,4,3,0,0,0,0,0,0,0,0,0,0,0,0,0,0,0,0,0
"Seguridad","Aguascalientes","Otros delitos del Fuero Común",NA,494,1120,1561,1435,965,1128,1152,1304,1181,899,545,804,942,1079,1097,1313,2134,1826,2231,2222,2161,0
"Seguridad","Baja California","Otros delitos del Fuero Común",NA,6570,8668,4975,3698,4515,3617,3668,2591,2903,2871,3300,3332,3175,3350,3870,4682,4601,4896,4771,3739,3840,0
"Seguridad","Baja California Sur","Otros delitos del Fuero Común",NA,1623,1254,783,364,289,273,407,456,550,408,408,295,400,433,504,506,446,548,541,617,688,0
"Seguridad","Campeche","Otros delitos del Fuero Común",NA,39,37,30,27,26,34,39,33,29,23,41,35,26,167,607,661,867,612,566,172,180,0
"Seguridad","Chiapas","Otros delitos del Fuero Común",NA,1519,1843,1004,1014,1152,777,625,650,593,603,559,625,523,714,839,520,500,432,440,445,728,0
"Seguridad","Chihuahua","Otros delitos del Fuero Común",NA,1834,1824,1588,1279,1907,1918,1996,1906,1809,1493,1056,710,987,778,823,817,878,1279,1127,1075,1074,0
"Seguridad","Ciudad de México","Otros delitos del Fuero Común",NA,4231,4984,5740,4803,4446,5228,2261,2564,3160,3204,2459,2692,2828,4196,5284,4655,5281,5579,5694,4814,4265,0
"Seguridad","Coahuila de Zaragoza","Otros delitos del Fuero Común",NA,3373,3277,3159,4467,5439,5784,3906,2990,1558,967,678,687,866,1312,1746,1349,1270,1031,1147,1291,2020,0
"Seguridad","Colima","Otros delitos del Fuero Común",NA,583,571,1242,182,625,752,704,625,428,427,356,385,385,426,474,586,545,622,686,755,744,0
"Seguridad","Durango","Otros delitos del Fuero Común",NA,1078,795,581,549,1115,786,441,497,575,226,375,554,591,562,430,322,376,304,351,302,311,0
"Seguridad","Guanajuato","Otros delitos del Fuero Común",NA,8047,8780,10425,9740,10255,10600,11087,10739,10657,9975,9695,9750,8624,8422,8557,8681,9432,10554,10706,10278,12004,0
"Seguridad","Guerrero","Otros delitos del Fuero Común",NA,4017,3931,4649,4202,5088,1151,1547,1209,1175,1185,1200,997,531,470,567,575,667,608,517,472,657,0
"Seguridad","Hidalgo","Otros delitos del Fuero Común",NA,1159,1122,1212,938,947,1203,2376,2739,2615,2131,1978,2321,4363,5746,4831,5607,6538,6641,6298,8473,5871,0
"Seguridad","Jalisco","Otros delitos del Fuero Común",NA,3608,4886,5789,5237,4846,5360,6040,4962,5687,6176,5308,5638,5404,5664,7024,6643,8292,8016,7575,6576,6958,0
"Seguridad","Michoacán de Ocampo","Otros delitos del Fuero Común",NA,909,768,717,737,1093,1417,1486,1360,1933,1773,1876,1845,1551,1215,1197,1350,1682,1775,2106,1918,2125,0
"Seguridad","Morelos","Otros delitos del Fuero Común",NA,3754,1265,877,867,887,992,921,1020,981,932,790,932,833,776,866,778,948,1029,1080,1191,1343,0
"Seguridad","México","Otros delitos del Fuero Común",NA,21554,19248,33734,37104,36797,33382,28330,31762,29095,34724,30325,35880,43172,47401,43842,37041,34823,39288,35006,31664,41873,0
"Seguridad","Nayarit","Otros delitos del Fuero Común",NA,725,243,206,84,75,340,433,395,334,348,320,358,418,426,460,734,635,652,636,695,719,0
"Seguridad","Nuevo León","Otros delitos del Fuero Común",NA,1192,1114,1249,1446,1560,1638,1538,1768,1477,1638,1358,1802,2109,2826,3052,3345,3516,3234,3106,3041,2563,0
"Seguridad","Oaxaca","Otros delitos del Fuero Común",NA,336,369,1492,835,869,863,1137,836,559,762,561,633,740,679,830,806,1010,973,877,901,775,0
"Seguridad","Puebla","Otros delitos del Fuero Común",NA,1086,817,2349,1653,1928,1889,2571,2624,1608,971,914,895,941,932,1090,1066,1215,1199,1331,1231,1269,0
"Seguridad","Querétaro","Otros delitos del Fuero Común",NA,684,829,1001,1560,1734,1798,2141,2153,2389,2533,2151,1912,2084,2003,2126,2944,2721,2221,2129,2109,2298,0
"Seguridad","Quintana Roo","Otros delitos del Fuero Común",NA,1046,1128,613,316,304,360,458,480,736,764,454,584,574,601,854,923,1014,998,1004,1080,1406,0
"Seguridad","San Luis Potosí","Otros delitos del Fuero Común",NA,834,698,663,1239,582,473,653,925,1087,1089,1039,1220,1245,1232,1659,1771,1987,2070,1744,1664,1813,0
"Seguridad","Sinaloa","Otros delitos del Fuero Común",NA,105,68,94,79,87,66,62,55,59,84,55,127,167,172,209,222,220,268,310,407,530,0
"Seguridad","Sonora","Otros delitos del Fuero Común",NA,1381,1246,1696,930,591,548,248,212,422,695,571,732,939,911,1026,1138,1175,1184,1079,1078,1071,0
"Seguridad","Tabasco","Otros delitos del Fuero Común",NA,7818,8847,7314,4087,3978,3433,3276,3414,3229,4032,3420,3728,3677,3723,3761,3850,3916,4014,4324,4286,5125,0
"Seguridad","Tamaulipas","Otros delitos del Fuero Común",NA,1906,1961,1916,2806,1286,723,661,708,645,563,456,526,576,771,849,692,977,908,962,961,1471,0
"Seguridad","Tlaxcala","Otros delitos del Fuero Común",NA,371,267,260,187,168,115,199,198,184,124,137,130,114,111,129,95,109,77,66,75,122,0
"Seguridad","Veracruz de Ignacio de la Llave","Otros delitos del Fuero Común",NA,872,1289,1211,947,828,889,1099,1097,2398,2566,2059,2559,3144,3452,3473,3386,3256,2466,1991,1783,1713,0
"Seguridad","Yucatán","Otros delitos del Fuero Común",NA,2812,3757,3150,1449,1393,939,774,1226,2093,1080,427,408,1366,409,292,244,227,202,182,185,329,0
"Seguridad","Zacatecas","Otros delitos del Fuero Común",NA,647,632,677,670,727,776,703,776,905,1001,1020,1126,805,907,895,843,1115,1069,1091,1021,892,0
"Seguridad","Aguascalientes","Otros delitos que atentan contra la libertad personal",NA,53,8,20,2,55,101,63,88,135,196,210,231,223,164,193,184,182,188,197,191,156,0
"Seguridad","Baja California","Otros delitos que atentan contra la libertad personal",NA,334,463,289,305,294,280,290,330,336,341,302,305,312,342,670,1786,1672,1911,1567,418,400,0
"Seguridad","Baja California Sur","Otros delitos que atentan contra la libertad personal",NA,16,17,25,52,86,80,61,64,96,69,78,105,131,114,57,50,59,64,53,79,73,0
"Seguridad","Campeche","Otros delitos que atentan contra la libertad personal",NA,2,5,0,1,2,4,7,4,6,1,12,5,5,44,113,153,169,150,136,55,53,0
"Seguridad","Chiapas","Otros delitos que atentan contra la libertad personal",NA,31,26,32,60,48,55,96,99,96,91,74,106,103,88,73,92,102,98,149,163,73,0
"Seguridad","Chihuahua","Otros delitos que atentan contra la libertad personal",NA,275,334,279,291,321,349,319,319,296,389,366,333,322,329,416,454,363,467,424,427,453,0
"Seguridad","Ciudad de México","Otros delitos que atentan contra la libertad personal",NA,355,323,340,359,413,479,781,909,1135,1123,880,938,1022,945,881,813,779,835,709,641,654,0
"Seguridad","Coahuila de Zaragoza","Otros delitos que atentan contra la libertad personal",NA,8,9,48,14,6,2,8,33,16,22,21,22,33,22,25,25,118,138,127,144,171,0
"Seguridad","Colima","Otros delitos que atentan contra la libertad personal",NA,4,1,30,19,48,35,41,112,156,186,186,204,185,179,204,162,172,164,113,156,119,0
"Seguridad","Durango","Otros delitos que atentan contra la libertad personal",NA,20,62,36,30,44,36,103,248,125,190,199,154,109,73,73,77,50,39,45,35,40,0
"Seguridad","Guanajuato","Otros delitos que atentan contra la libertad personal",NA,0,0,0,0,0,0,0,0,0,0,0,0,0,0,0,0,0,0,0,0,0,0
"Seguridad","Guerrero","Otros delitos que atentan contra la libertad personal",NA,137,113,126,128,112,113,108,164,220,220,179,219,197,155,227,203,246,177,160,176,151,0
"Seguridad","Hidalgo","Otros delitos que atentan contra la libertad personal",NA,330,468,580,799,824,969,956,985,1004,758,928,825,752,880,949,856,932,907,924,800,826,0
"Seguridad","Jalisco","Otros delitos que atentan contra la libertad personal",NA,181,234,247,268,239,292,273,341,435,260,525,461,376,447,385,485,540,536,468,445,369,0
"Seguridad","Michoacán de Ocampo","Otros delitos que atentan contra la libertad personal",NA,145,133,119,133,162,225,196,281,283,299,237,175,182,164,176,193,177,175,214,172,364,0
"Seguridad","Morelos","Otros delitos que atentan contra la libertad personal",NA,62,175,119,107,128,125,106,110,129,109,101,112,125,112,107,110,110,110,95,103,205,0
"Seguridad","México","Otros delitos que atentan contra la libertad personal",NA,437,611,1011,819,947,1219,1223,1361,1566,1684,1335,1425,1633,2697,3106,2825,3091,3652,3119,3237,2629,0
"Seguridad","Nayarit","Otros delitos que atentan contra la libertad personal",NA,17,4,3,4,7,102,122,78,63,39,61,27,37,16,21,34,39,39,43,37,34,0
"Seguridad","Nuevo León","Otros delitos que atentan contra la libertad personal",NA,973,1131,1051,1237,1127,1159,1071,1164,969,1037,967,1116,1173,1353,1209,1344,1163,1091,994,984,877,0
"Seguridad","Oaxaca","Otros delitos que atentan contra la libertad personal",NA,36,54,87,60,101,128,122,135,107,95,92,109,94,110,154,128,109,113,131,120,108,0
"Seguridad","Puebla","Otros delitos que atentan contra la libertad personal",NA,480,493,444,291,268,369,357,328,491,209,124,120,127,126,113,103,98,104,105,121,129,0
"Seguridad","Querétaro","Otros delitos que atentan contra la libertad personal",NA,18,15,10,16,26,18,10,20,26,26,54,51,63,76,102,125,142,123,143,134,102,0
"Seguridad","Quintana Roo","Otros delitos que atentan contra la libertad personal",NA,27,43,51,111,167,237,247,286,335,346,269,346,453,499,508,494,559,526,664,652,686,0
"Seguridad","San Luis Potosí","Otros delitos que atentan contra la libertad personal",NA,116,92,89,190,244,168,234,242,323,318,272,334,356,331,375,334,332,308,346,264,245,0
"Seguridad","Sinaloa","Otros delitos que atentan contra la libertad personal",NA,290,270,373,378,484,515,636,678,693,759,600,576,608,643,590,483,574,585,613,986,927,0
"Seguridad","Sonora","Otros delitos que atentan contra la libertad personal",NA,69,67,83,107,123,75,85,134,160,187,196,278,344,321,288,330,259,307,236,333,357,0
"Seguridad","Tabasco","Otros delitos que atentan contra la libertad personal",NA,185,148,201,273,320,234,249,270,323,339,205,332,305,277,219,273,250,230,234,206,172,0
"Seguridad","Tamaulipas","Otros delitos que atentan contra la libertad personal",NA,451,368,229,373,658,413,423,367,342,327,224,196,241,145,237,274,361,307,284,191,230,0
"Seguridad","Tlaxcala","Otros delitos que atentan contra la libertad personal",NA,0,0,0,0,0,20,75,0,0,0,2,6,2,0,0,0,0,0,0,0,0,0
"Seguridad","Veracruz de Ignacio de la Llave","Otros delitos que atentan contra la libertad personal",NA,122,157,138,185,300,366,405,375,401,400,368,283,281,243,280,282,880,778,843,928,874,0
"Seguridad","Yucatán","Otros delitos que atentan contra la libertad personal",NA,12,75,65,69,31,7,1,2,4,3,1,3,1,3,3,3,4,6,0,0,0,0
"Seguridad","Zacatecas","Otros delitos que atentan contra la libertad personal",NA,76,75,93,138,133,176,136,180,156,158,198,147,191,267,318,258,412,369,372,288,293,0
"Seguridad","Aguascalientes","Otros delitos que atentan contra la libertad y la seguridad sexual",NA,138,114,129,115,142,141,177,165,182,209,191,214,264,242,317,267,352,283,284,296,285,0
"Seguridad","Baja California","Otros delitos que atentan contra la libertad y la seguridad sexual",NA,154,152,137,139,117,145,107,156,137,127,104,119,117,207,167,221,358,561,485,411,342,0
"Seguridad","Baja California Sur","Otros delitos que atentan contra la libertad y la seguridad sexual",NA,44,24,33,12,12,14,19,23,27,35,50,42,40,53,79,94,76,84,124,133,113,0
"Seguridad","Campeche","Otros delitos que atentan contra la libertad y la seguridad sexual",NA,5,4,15,21,13,10,5,6,7,9,7,13,5,20,31,26,27,22,12,6,18,0
"Seguridad","Chiapas","Otros delitos que atentan contra la libertad y la seguridad sexual",NA,26,26,29,27,75,231,226,270,334,337,314,367,378,376,357,320,319,252,243,238,248,0
"Seguridad","Chihuahua","Otros delitos que atentan contra la libertad y la seguridad sexual",NA,60,40,43,28,35,35,105,112,122,119,174,163,181,194,244,195,238,240,243,237,236,0
"Seguridad","Ciudad de México","Otros delitos que atentan contra la libertad y la seguridad sexual",NA,5,3,9,6,6,6,15,23,28,23,286,486,778,863,980,888,954,913,933,784,789,0
"Seguridad","Coahuila de Zaragoza","Otros delitos que atentan contra la libertad y la seguridad sexual",NA,28,25,47,29,45,29,23,22,15,15,10,21,38,23,45,28,37,40,44,32,85,0
"Seguridad","Colima","Otros delitos que atentan contra la libertad y la seguridad sexual",NA,4,1,29,3,30,24,35,24,7,11,22,29,40,9,28,19,33,18,22,22,28,0
"Seguridad","Durango","Otros delitos que atentan contra la libertad y la seguridad sexual",NA,185,84,77,105,66,94,40,30,35,97,142,107,149,148,182,130,154,108,150,105,137,0
"Seguridad","Guanajuato","Otros delitos que atentan contra la libertad y la seguridad sexual",NA,0,0,0,0,0,0,0,0,0,4,11,14,13,12,20,13,16,14,13,9,20,0
"Seguridad","Guerrero","Otros delitos que atentan contra la libertad y la seguridad sexual",NA,54,34,41,39,42,30,19,4,0,0,0,0,0,0,0,0,2,2,1,0,0,0
"Seguridad","Hidalgo","Otros delitos que atentan contra la libertad y la seguridad sexual",NA,53,28,33,20,18,28,42,44,41,39,16,26,34,125,169,167,184,185,193,137,161,0
"Seguridad","Jalisco","Otros delitos que atentan contra la libertad y la seguridad sexual",NA,83,74,88,138,108,72,74,72,82,112,166,169,515,699,937,665,700,651,681,555,591,0
"Seguridad","Michoacán de Ocampo","Otros delitos que atentan contra la libertad y la seguridad sexual",NA,25,13,22,11,18,20,19,22,26,23,45,84,142,108,165,119,170,159,177,136,176,0
"Seguridad","Morelos","Otros delitos que atentan contra la libertad y la seguridad sexual",NA,63,49,59,60,48,55,46,42,34,26,43,31,29,40,36,23,21,33,35,38,31,0
"Seguridad","México","Otros delitos que atentan contra la libertad y la seguridad sexual",NA,617,59,52,47,45,44,66,44,56,38,52,45,47,54,59,56,56,44,33,26,33,0
"Seguridad","Nayarit","Otros delitos que atentan contra la libertad y la seguridad sexual",NA,64,57,43,27,33,26,47,34,56,41,62,69,58,58,88,147,54,25,25,23,21,0
"Seguridad","Nuevo León","Otros delitos que atentan contra la libertad y la seguridad sexual",NA,187,206,221,203,168,173,232,207,206,258,349,412,427,408,448,451,449,443,409,438,393,0
"Seguridad","Oaxaca","Otros delitos que atentan contra la libertad y la seguridad sexual",NA,12,12,59,50,28,51,55,49,21,26,11,18,17,26,13,17,11,14,16,9,10,0
"Seguridad","Puebla","Otros delitos que atentan contra la libertad y la seguridad sexual",NA,392,342,297,258,246,257,95,78,104,274,313,453,610,523,587,477,675,611,543,1077,870,0
"Seguridad","Querétaro","Otros delitos que atentan contra la libertad y la seguridad sexual",NA,31,22,23,22,19,28,19,10,26,25,28,26,27,24,19,16,21,28,39,22,27,0
"Seguridad","Quintana Roo","Otros delitos que atentan contra la libertad y la seguridad sexual",NA,6,0,10,25,21,23,20,21,219,244,72,154,211,272,257,267,267,254,239,263,293,0
"Seguridad","San Luis Potosí","Otros delitos que atentan contra la libertad y la seguridad sexual",NA,21,19,27,20,42,33,23,29,44,192,142,153,168,126,54,74,147,210,183,187,169,0
"Seguridad","Sinaloa","Otros delitos que atentan contra la libertad y la seguridad sexual",NA,40,30,33,30,18,21,33,18,20,26,17,16,23,25,44,39,49,48,76,79,93,0
"Seguridad","Sonora","Otros delitos que atentan contra la libertad y la seguridad sexual",NA,32,36,79,29,23,20,28,15,27,27,31,43,61,41,38,47,53,61,53,59,50,0
"Seguridad","Tabasco","Otros delitos que atentan contra la libertad y la seguridad sexual",NA,116,55,166,197,232,223,248,204,312,311,276,271,364,338,349,325,381,327,290,227,289,0
"Seguridad","Tamaulipas","Otros delitos que atentan contra la libertad y la seguridad sexual",NA,237,176,233,92,72,48,64,63,54,62,47,69,36,24,30,80,112,84,110,99,98,0
"Seguridad","Tlaxcala","Otros delitos que atentan contra la libertad y la seguridad sexual",NA,1,1,0,1,0,1,2,0,0,0,0,2,8,6,9,2,0,0,1,1,2,0
"Seguridad","Veracruz de Ignacio de la Llave","Otros delitos que atentan contra la libertad y la seguridad sexual",NA,210,139,152,206,646,519,715,404,715,669,631,712,796,703,816,621,775,714,793,662,688,0
"Seguridad","Yucatán","Otros delitos que atentan contra la libertad y la seguridad sexual",NA,12,6,6,13,9,16,3,0,1,0,2,0,0,0,0,1,2,1,1,1,0,0
"Seguridad","Zacatecas","Otros delitos que atentan contra la libertad y la seguridad sexual",NA,77,86,84,44,7,18,20,8,10,5,49,48,78,66,50,90,100,70,114,81,85,0
"Seguridad","Aguascalientes","Otros delitos que atentan contra la vida y la integridad corporal",NA,70,0,0,0,19,0,7,0,3,9,20,23,28,26,23,22,49,15,26,34,61,0
"Seguridad","Baja California","Otros delitos que atentan contra la vida y la integridad corporal",NA,191,0,291,368,414,431,484,543,500,790,884,1124,1190,1273,1168,1240,1186,1420,1314,1326,1246,0
"Seguridad","Baja California Sur","Otros delitos que atentan contra la vida y la integridad corporal",NA,2,1,16,15,33,66,63,69,93,107,80,79,80,65,95,79,103,107,160,144,122,0
"Seguridad","Campeche","Otros delitos que atentan contra la vida y la integridad corporal",NA,8,2,7,6,5,8,6,11,7,14,7,8,17,33,110,161,189,126,134,45,36,0
"Seguridad","Chiapas","Otros delitos que atentan contra la vida y la integridad corporal",NA,0,0,0,0,37,95,91,90,90,88,60,79,75,57,60,66,53,52,54,55,69,0
"Seguridad","Chihuahua","Otros delitos que atentan contra la vida y la integridad corporal",NA,210,142,118,99,126,127,97,112,125,192,203,270,218,185,162,206,179,207,180,231,612,0
"Seguridad","Ciudad de México","Otros delitos que atentan contra la vida y la integridad corporal",NA,0,0,0,0,0,0,457,521,72,280,146,193,449,517,524,552,484,550,449,569,565,0
"Seguridad","Coahuila de Zaragoza","Otros delitos que atentan contra la vida y la integridad corporal",NA,0,12,6,3,9,15,25,18,20,12,21,22,17,27,31,19,28,10,24,19,30,0
"Seguridad","Colima","Otros delitos que atentan contra la vida y la integridad corporal",NA,0,0,0,0,1,0,0,0,0,0,0,0,0,0,0,0,0,0,0,0,0,0
"Seguridad","Durango","Otros delitos que atentan contra la vida y la integridad corporal",NA,16,15,14,12,11,11,22,51,23,76,19,50,6,10,6,7,8,9,5,6,5,0
"Seguridad","Guanajuato","Otros delitos que atentan contra la vida y la integridad corporal",NA,0,0,0,0,0,0,0,0,0,79,97,94,316,447,448,427,407,444,534,457,360,0
"Seguridad","Guerrero","Otros delitos que atentan contra la vida y la integridad corporal",NA,1,0,0,0,1,0,0,4,9,13,6,12,23,16,18,12,13,21,18,6,18,0
"Seguridad","Hidalgo","Otros delitos que atentan contra la vida y la integridad corporal",NA,46,46,97,195,116,43,93,150,176,164,145,156,82,76,92,93,105,93,79,76,155,0
"Seguridad","Jalisco","Otros delitos que atentan contra la vida y la integridad corporal",NA,0,0,0,0,0,0,0,0,0,0,0,0,0,0,0,0,0,0,108,69,59,0
"Seguridad","Michoacán de Ocampo","Otros delitos que atentan contra la vida y la integridad corporal",NA,18,16,30,23,15,21,27,20,57,120,93,112,122,130,149,122,177,162,154,148,148,0
"Seguridad","Morelos","Otros delitos que atentan contra la vida y la integridad corporal",NA,181,244,124,144,138,146,222,300,283,260,240,239,280,253,278,279,344,305,359,257,295,0
"Seguridad","México","Otros delitos que atentan contra la vida y la integridad corporal",NA,147,171,201,206,283,295,345,384,418,437,569,517,532,558,607,670,827,730,826,858,808,0
"Seguridad","Nayarit","Otros delitos que atentan contra la vida y la integridad corporal",NA,2,2,2,0,1,5,7,4,4,2,5,7,7,1,9,8,11,5,10,9,16,0
"Seguridad","Nuevo León","Otros delitos que atentan contra la vida y la integridad corporal",NA,8,11,10,21,27,26,2,3,6,5,104,139,171,146,160,152,195,210,182,157,152,0
"Seguridad","Oaxaca","Otros delitos que atentan contra la vida y la integridad corporal",NA,10,12,130,103,92,95,96,115,160,130,113,106,101,95,126,110,228,137,111,113,67,0
"Seguridad","Puebla","Otros delitos que atentan contra la vida y la integridad corporal",NA,42,39,33,24,33,32,23,32,44,182,205,196,136,138,151,140,143,129,140,121,129,0
"Seguridad","Querétaro","Otros delitos que atentan contra la vida y la integridad corporal",NA,303,356,265,361,384,380,387,380,430,510,499,523,608,725,533,607,584,556,504,481,482,0
"Seguridad","Quintana Roo","Otros delitos que atentan contra la vida y la integridad corporal",NA,1,0,5,9,0,1,3,0,0,10,138,144,182,166,168,188,203,194,160,165,159,0
"Seguridad","San Luis Potosí","Otros delitos que atentan contra la vida y la integridad corporal",NA,24,13,12,63,60,54,59,63,92,99,121,123,138,128,112,144,135,101,122,104,116,0
"Seguridad","Sinaloa","Otros delitos que atentan contra la vida y la integridad corporal",NA,217,192,207,194,166,256,248,288,291,360,267,289,258,301,294,330,326,335,332,349,337,0
"Seguridad","Sonora","Otros delitos que atentan contra la vida y la integridad corporal",NA,1,1,3,1,3,2,36,56,58,101,126,132,208,153,188,165,138,176,205,301,326,0
"Seguridad","Tabasco","Otros delitos que atentan contra la vida y la integridad corporal",NA,55,40,53,50,176,223,250,239,258,286,305,341,391,247,303,350,347,359,251,226,418,0
"Seguridad","Tamaulipas","Otros delitos que atentan contra la vida y la integridad corporal",NA,1,0,1,0,0,181,196,180,203,177,99,110,117,142,138,131,186,133,163,207,164,0
"Seguridad","Tlaxcala","Otros delitos que atentan contra la vida y la integridad corporal",NA,3,11,15,1,5,2,2,1,2,6,5,3,7,3,4,3,2,3,0,2,0,0
"Seguridad","Veracruz de Ignacio de la Llave","Otros delitos que atentan contra la vida y la integridad corporal",NA,23,0,0,0,24,26,60,53,102,108,88,93,86,71,109,101,97,93,153,98,131,0
"Seguridad","Yucatán","Otros delitos que atentan contra la vida y la integridad corporal",NA,89,72,81,238,251,79,55,32,110,50,111,252,198,89,41,88,90,77,43,24,19,0
"Seguridad","Zacatecas","Otros delitos que atentan contra la vida y la integridad corporal",NA,29,26,28,30,31,60,77,72,86,99,119,122,204,223,177,200,212,176,195,175,161,0
"Seguridad","Aguascalientes","Rapto",NA,0,0,0,0,0,0,0,0,0,0,0,0,0,0,0,0,0,0,0,0,0,0
"Seguridad","Baja California","Rapto",NA,0,1,0,0,0,0,0,0,0,0,0,0,0,0,0,0,0,0,0,0,0,0
"Seguridad","Baja California Sur","Rapto",NA,0,0,1,0,0,0,0,0,0,0,0,0,0,0,0,0,0,0,0,0,0,0
"Seguridad","Campeche","Rapto",NA,0,0,0,0,0,0,0,0,0,0,0,0,0,0,0,0,0,0,0,0,0,0
"Seguridad","Chiapas","Rapto",NA,3,2,11,4,6,6,0,0,0,0,0,0,0,0,0,0,0,0,0,0,0,0
"Seguridad","Chihuahua","Rapto",NA,0,0,0,0,0,0,0,0,0,0,0,0,0,0,0,0,0,0,0,0,0,0
"Seguridad","Ciudad de México","Rapto",NA,2,3,4,0,0,2,0,3,3,2,7,5,7,4,4,5,3,3,5,0,0,0
"Seguridad","Coahuila de Zaragoza","Rapto",NA,2,2,1,3,5,2,0,0,0,0,0,0,0,0,0,0,0,0,0,0,0,0
"Seguridad","Colima","Rapto",NA,0,0,0,0,0,0,0,0,0,0,0,0,0,0,0,0,0,0,0,0,0,0
"Seguridad","Durango","Rapto",NA,0,0,1,0,0,0,0,0,0,0,0,0,0,0,0,0,0,0,0,0,0,0
"Seguridad","Guanajuato","Rapto",NA,0,0,0,0,0,0,0,0,0,0,0,0,0,0,0,0,0,0,0,0,0,0
"Seguridad","Guerrero","Rapto",NA,0,0,0,0,0,0,0,0,0,0,0,0,0,0,0,0,0,0,0,0,0,0
"Seguridad","Hidalgo","Rapto",NA,0,1,1,0,0,3,1,2,2,4,1,4,1,0,1,0,0,1,1,0,1,0
"Seguridad","Jalisco","Rapto",NA,0,0,0,0,0,0,0,0,0,0,0,0,0,0,0,0,0,0,0,0,0,0
"Seguridad","Michoacán de Ocampo","Rapto",NA,0,0,0,0,0,0,0,0,0,0,0,0,0,0,0,0,0,0,0,0,0,0
"Seguridad","Morelos","Rapto",NA,0,0,1,0,1,1,1,0,0,2,2,3,2,0,0,1,3,0,1,1,0,0
"Seguridad","México","Rapto",NA,0,0,0,0,0,0,0,0,0,0,0,0,0,0,0,0,0,0,0,0,0,0
"Seguridad","Nayarit","Rapto",NA,0,0,0,0,0,0,0,0,0,0,0,0,0,0,0,0,0,0,0,0,0,0
"Seguridad","Nuevo León","Rapto",NA,71,83,71,83,56,56,49,51,48,50,46,58,61,47,48,40,34,31,39,37,26,0
"Seguridad","Oaxaca","Rapto",NA,3,5,0,0,0,0,0,0,0,0,0,0,0,0,0,0,0,0,0,0,0,0
"Seguridad","Puebla","Rapto",NA,8,3,1,0,0,0,0,0,0,0,0,0,0,0,0,0,0,0,0,0,0,0
"Seguridad","Querétaro","Rapto",NA,0,0,0,0,0,0,0,0,0,0,0,0,0,0,0,0,0,0,0,0,0,0
"Seguridad","Quintana Roo","Rapto",NA,0,0,0,0,0,0,0,0,0,0,0,0,0,0,0,0,0,0,0,0,0,0
"Seguridad","San Luis Potosí","Rapto",NA,0,0,0,0,0,0,0,0,0,0,0,0,0,0,0,0,0,0,0,0,0,0
"Seguridad","Sinaloa","Rapto",NA,28,22,26,19,26,30,6,0,0,0,0,0,0,0,0,0,0,0,0,0,0,0
"Seguridad","Sonora","Rapto",NA,12,7,10,6,6,4,1,3,3,2,0,2,4,0,0,0,0,0,0,0,2,0
"Seguridad","Tabasco","Rapto",NA,0,0,0,0,0,0,0,0,0,0,0,0,0,0,0,0,0,0,0,0,0,0
"Seguridad","Tamaulipas","Rapto",NA,0,0,0,0,0,0,0,0,0,0,0,0,0,0,0,0,0,0,0,0,0,0
"Seguridad","Tlaxcala","Rapto",NA,0,0,0,0,0,0,0,0,0,0,0,0,0,0,0,0,0,0,0,0,0,0
"Seguridad","Veracruz de Ignacio de la Llave","Rapto",NA,0,0,0,0,0,0,1,1,0,0,0,0,0,0,0,0,0,0,0,0,0,0
"Seguridad","Yucatán","Rapto",NA,0,0,0,0,0,0,0,0,0,0,0,0,0,0,0,0,0,0,0,0,0,0
"Seguridad","Zacatecas","Rapto",NA,6,7,10,1,0,0,0,0,0,0,0,0,0,0,0,0,0,0,0,0,0,0
"Seguridad","Aguascalientes","Robo",NA,5407,5312,5303,6109,6617,8588,8224,7473,6680,6308,5275,5142,4932,5171,5168,5493,5509,5539,5354,5010,4759,0
"Seguridad","Baja California","Robo",NA,23729,25109,23865,24843,27023,24362,21919,18786,18799,18381,14481,13512,14778,16061,16424,16654,16202,17256,16728,12713,10452,0
"Seguridad","Baja California Sur","Robo",NA,4277,4836,5206,6159,5462,5335,5133,5217,4385,4240,2963,2727,2406,2662,2728,2994,2891,2596,2633,2973,2755,0
"Seguridad","Campeche","Robo",NA,372,486,522,569,452,431,462,519,487,576,470,455,492,1240,2767,3169,3020,2979,2405,463,388,0
"Seguridad","Chiapas","Robo",NA,3863,4067,4133,4863,4505,4655,4545,4791,3613,2797,1827,1604,1475,1364,1290,1238,1141,1175,1161,1219,937,0
"Seguridad","Chihuahua","Robo",NA,8338,7801,6753,6722,8190,9176,8283,8216,8019,8167,6778,6136,6721,7705,7365,7172,7427,7518,7012,7237,6091,0
"Seguridad","Ciudad de México","Robo",NA,38655,38780,37579,43976,48384,54330,58687,64827,58474,50957,38896,39066,39233,40334,37037,40095,38658,36300,33431,34472,30958,0
"Seguridad","Coahuila de Zaragoza","Robo",NA,7283,5857,4911,5717,5419,5019,4876,3990,3566,3088,3043,3314,3246,3890,3873,3449,3425,3031,2831,2756,3139,0
"Seguridad","Colima","Robo",NA,1253,1733,3777,4002,4189,4147,3873,4290,3766,3781,2927,3488,3352,4696,3580,3535,2946,2738,2174,2272,2013,0
"Seguridad","Durango","Robo",NA,5301,5062,4696,5139,5562,5596,5600,5029,5030,5030,4521,4191,4436,3319,3184,3143,2047,1712,1414,1433,1177,0
"Seguridad","Guanajuato","Robo",NA,15497,16158,17250,17813,19344,20465,20514,22468,20942,21790,17873,16525,15129,15682,15468,15791,15232,15192,15296,16362,15956,0
"Seguridad","Guerrero","Robo",NA,6605,5995,5435,6178,5685,4601,4116,4267,3783,3781,2917,3000,3000,3200,3058,2976,2804,2868,2905,2966,2581,0
"Seguridad","Hidalgo","Robo",NA,5070,4796,5523,5880,7211,7189,7247,7394,7898,6975,6066,5522,5176,5598,6142,6465,6157,6298,5979,5370,5549,0
"Seguridad","Jalisco","Robo",NA,12942,14559,17320,41484,43749,44857,43137,41898,40852,35395,26851,26604,25196,26883,23164,23033,21188,20959,19589,18870,16571,0
"Seguridad","Michoacán de Ocampo","Robo",NA,7687,8314,7539,8774,8620,9642,9201,9410,8563,8676,7095,6845,6225,6692,5505,5799,5778,5999,5630,5870,5268,0
"Seguridad","Morelos","Robo",NA,10008,10556,10004,9637,9169,8517,8635,8678,7882,8419,7481,7619,7377,7453,7177,8019,7439,7946,7323,7231,6983,0
"Seguridad","México","Robo",NA,84692,83960,81779,67424,72330,88825,84845,82684,78891,78390,67971,68287,67499,71346,69509,68634,63473,64535,61001,61205,52321,0
"Seguridad","Nayarit","Robo",NA,835,633,417,378,323,261,592,580,429,306,400,345,396,454,625,745,867,846,749,585,577,0
"Seguridad","Nuevo León","Robo",NA,6922,7612,9335,9665,8605,8272,7915,7878,6970,7265,8195,7896,6673,7545,8014,8535,5790,5193,4857,4877,4149,0
"Seguridad","Oaxaca","Robo",NA,926,811,5241,4678,5182,5705,5983,6558,6468,6685,5350,4994,4823,5827,5693,5784,5427,4235,3615,3258,2719,0
"Seguridad","Puebla","Robo",NA,11404,11762,11579,10112,14245,15376,16059,16418,18332,17555,12592,12956,13559,14979,14893,15266,15892,15931,15996,16348,16612,0
"Seguridad","Querétaro","Robo",NA,8565,9068,9324,12795,12710,14310,13769,14067,13514,13302,11110,11650,10534,11333,11166,11817,11370,11906,10889,10766,9573,0
"Seguridad","Quintana Roo","Robo",NA,6180,6472,2955,4147,5142,6299,6669,7649,9692,10358,7945,7565,7639,8053,7334,7410,7818,6617,6283,6303,5731,0
"Seguridad","San Luis Potosí","Robo",NA,3080,2953,2502,5352,5928,5922,6369,7622,7922,8573,6428,6346,6178,7930,8113,8102,7627,7676,6791,6958,5897,0
"Seguridad","Sinaloa","Robo",NA,5513,4602,4321,4307,5163,4722,4251,4357,3803,3352,3009,3651,3814,3721,4017,3789,4932,4094,3909,5232,6388,0
"Seguridad","Sonora","Robo",NA,5120,4877,9714,6307,5817,4639,3802,3668,3110,4181,4795,4455,4243,4686,4319,3829,4254,3756,2981,3416,2699,0
"Seguridad","Tabasco","Robo",NA,8864,9227,9917,13261,12946,12523,12601,12458,10625,9542,6331,6630,5807,6120,5129,5508,4694,4681,4705,5089,4518,0
"Seguridad","Tamaulipas","Robo",NA,9899,9374,7636,7905,7875,8300,7097,7001,6716,6303,4549,4092,4296,4517,4070,4370,4649,4991,4826,4563,4228,0
"Seguridad","Tlaxcala","Robo",NA,2281,2455,2372,2331,2693,2667,2182,2114,1526,1296,1143,1472,1391,1612,1449,1504,1521,1506,1310,1372,841,0
"Seguridad","Veracruz de Ignacio de la Llave","Robo",NA,9367,8474,7621,9281,14504,13758,12594,11001,14950,14937,11210,11219,11685,11012,10175,10105,9321,9182,8446,7767,7818,0
"Seguridad","Yucatán","Robo",NA,1659,1966,1296,1368,1221,997,1033,1338,1468,1157,380,203,154,198,190,271,236,248,250,260,324,0
"Seguridad","Zacatecas","Robo",NA,3800,3586,3519,3528,3599,3749,4070,3663,3577,3801,3118,2774,2985,3138,2988,3327,3242,3030,2832,2669,2322,0
"Seguridad","Aguascalientes","Secuestro",NA,2,3,0,2,5,1,2,8,6,6,7,5,1,2,3,2,0,2,2,0,0,0
"Seguridad","Baja California","Secuestro",NA,8,3,10,4,7,6,12,3,3,7,7,7,7,8,9,9,6,4,10,5,3,0
"Seguridad","Baja California Sur","Secuestro",NA,0,0,0,0,2,1,0,0,1,4,1,4,4,1,1,2,1,0,2,0,0,0
"Seguridad","Campeche","Secuestro",NA,3,3,1,5,3,3,5,3,2,1,0,2,1,0,1,2,0,2,0,0,1,0
"Seguridad","Chiapas","Secuestro",NA,3,7,8,7,11,10,17,7,10,11,5,8,3,7,8,3,6,11,10,13,10,0
"Seguridad","Chihuahua","Secuestro",NA,4,2,3,6,2,13,6,4,11,5,10,10,16,17,11,10,17,31,28,23,36,0
"Seguridad","Ciudad de México","Secuestro",NA,22,33,23,23,21,19,135,145,98,82,38,30,20,28,16,11,17,12,11,12,16,0
"Seguridad","Coahuila de Zaragoza","Secuestro",NA,14,11,10,11,6,7,5,6,6,4,3,5,2,1,1,3,2,1,1,1,0,0
"Seguridad","Colima","Secuestro",NA,1,4,3,1,1,3,5,12,11,7,4,3,4,3,3,4,2,3,4,2,0,0
"Seguridad","Durango","Secuestro",NA,2,4,3,8,11,4,3,3,0,1,0,1,0,0,0,1,0,0,0,0,0,0
"Seguridad","Guanajuato","Secuestro",NA,4,4,6,2,2,2,2,2,5,5,5,9,5,6,6,3,4,2,6,3,5,0
"Seguridad","Guerrero","Secuestro",NA,44,37,43,29,34,35,27,30,30,14,9,13,5,9,9,7,7,7,3,7,3,0
"Seguridad","Hidalgo","Secuestro",NA,11,8,5,9,10,11,14,7,17,13,14,8,14,14,12,3,7,8,8,6,2,0
"Seguridad","Jalisco","Secuestro",NA,11,9,9,7,8,5,5,11,7,13,8,5,12,7,14,8,7,9,10,6,8,0
"Seguridad","Michoacán de Ocampo","Secuestro",NA,17,14,10,15,16,13,17,17,23,24,18,30,16,12,22,17,10,13,15,14,23,0
"Seguridad","Morelos","Secuestro",NA,14,18,17,24,20,22,15,31,31,41,37,20,8,14,15,8,12,17,2,5,9,0
"Seguridad","México","Secuestro",NA,90,73,134,120,83,90,79,95,97,109,82,73,65,65,50,42,38,31,31,20,13,0
"Seguridad","Nayarit","Secuestro",NA,8,4,1,2,0,2,4,5,2,1,1,2,5,2,1,2,1,4,1,1,1,0
"Seguridad","Nuevo León","Secuestro",NA,12,9,10,17,20,15,14,14,11,15,8,8,8,11,11,11,9,8,10,15,9,0
"Seguridad","Oaxaca","Secuestro",NA,10,7,15,13,26,25,15,12,15,8,13,18,12,15,18,13,18,7,1,18,7,0
"Seguridad","Puebla","Secuestro",NA,15,18,15,17,14,21,23,23,46,23,12,15,7,12,11,6,7,7,10,11,13,0
"Seguridad","Querétaro","Secuestro",NA,9,10,3,9,5,6,3,9,6,2,5,4,6,9,8,7,4,9,3,4,0,0
"Seguridad","Quintana Roo","Secuestro",NA,5,0,1,7,6,14,5,9,7,17,7,4,9,6,1,0,1,3,7,4,0,0
"Seguridad","San Luis Potosí","Secuestro",NA,10,11,11,15,13,15,8,12,14,10,10,6,9,5,7,4,5,3,2,2,2,0
"Seguridad","Sinaloa","Secuestro",NA,7,5,10,4,5,9,5,3,4,2,6,5,5,0,2,3,3,1,5,2,3,0
"Seguridad","Sonora","Secuestro",NA,3,5,3,2,0,2,1,1,6,6,1,2,3,8,5,3,6,10,13,14,14,0
"Seguridad","Tabasco","Secuestro",NA,45,33,33,52,48,29,61,42,17,23,17,15,12,4,4,8,5,7,17,19,20,0
"Seguridad","Tamaulipas","Secuestro",NA,122,108,57,98,85,55,65,44,21,10,7,14,9,14,9,9,11,6,8,11,5,0
"Seguridad","Tlaxcala","Secuestro",NA,5,3,2,3,4,4,2,1,7,7,11,4,5,5,2,2,0,2,3,9,6,0
"Seguridad","Veracruz de Ignacio de la Llave","Secuestro",NA,48,49,62,70,88,84,76,99,181,117,74,48,27,25,20,15,15,13,18,10,17,0
"Seguridad","Yucatán","Secuestro",NA,0,0,1,0,0,0,0,0,0,0,0,0,1,0,0,0,0,0,0,0,0,0
"Seguridad","Zacatecas","Secuestro",NA,13,5,12,25,33,34,18,23,25,22,18,17,6,11,6,2,4,5,4,5,2,0
"Económico","Aguascalientes","Trabajadores Asegurados Permanentes por el IMSS","Secretaría del Trabajo y Previsón Social STyPS con datos del Instituto Mexicano del Seguro IMSS",NA,NA,NA,NA,NA,NA,NA,NA,NA,NA,NA,NA,NA,NA,NA,NA,NA,NA,NA,NA,2188767,NA
"Económico","Baja California","Trabajadores Asegurados Permanentes por el IMSS","Secretaría del Trabajo y Previsón Social STyPS con datos del Instituto Mexicano del Seguro IMSS",NA,NA,NA,NA,NA,NA,NA,NA,NA,NA,NA,NA,NA,NA,NA,NA,NA,NA,NA,NA,6123348,NA
"Económico","Baja California Sur","Trabajadores Asegurados Permanentes por el IMSS","Secretaría del Trabajo y Previsón Social STyPS con datos del Instituto Mexicano del Seguro IMSS",NA,NA,NA,NA,NA,NA,NA,NA,NA,NA,NA,NA,NA,NA,NA,NA,NA,NA,NA,NA,1329517,NA
"Económico","Campeche","Trabajadores Asegurados Permanentes por el IMSS","Secretaría del Trabajo y Previsón Social STyPS con datos del Instituto Mexicano del Seguro IMSS",NA,NA,NA,NA,NA,NA,NA,NA,NA,NA,NA,NA,NA,NA,NA,NA,NA,NA,NA,NA,790575,NA
"Económico","Chiapas","Trabajadores Asegurados Permanentes por el IMSS","Secretaría del Trabajo y Previsón Social STyPS con datos del Instituto Mexicano del Seguro IMSS",NA,NA,NA,NA,NA,NA,NA,NA,NA,NA,NA,NA,NA,NA,NA,NA,NA,NA,NA,NA,5196190,NA
"Económico","Chihuahua","Trabajadores Asegurados Permanentes por el IMSS","Secretaría del Trabajo y Previsón Social STyPS con datos del Instituto Mexicano del Seguro IMSS",NA,NA,NA,NA,NA,NA,NA,NA,NA,NA,NA,NA,NA,NA,NA,NA,NA,NA,NA,NA,935476,NA
"Económico","Ciudad de México","Trabajadores Asegurados Permanentes por el IMSS","Secretaría del Trabajo y Previsón Social STyPS con datos del Instituto Mexicano del Seguro IMSS",NA,NA,NA,NA,NA,NA,NA,NA,NA,NA,NA,NA,NA,NA,NA,NA,NA,NA,NA,NA,1574121,NA
"Económico","Coahuila de Zaragoza","Trabajadores Asegurados Permanentes por el IMSS","Secretaría del Trabajo y Previsón Social STyPS con datos del Instituto Mexicano del Seguro IMSS",NA,NA,NA,NA,NA,NA,NA,NA,NA,NA,NA,NA,NA,NA,NA,NA,NA,NA,NA,NA,5826647,NA
"Económico","Colima","Trabajadores Asegurados Permanentes por el IMSS","Secretaría del Trabajo y Previsón Social STyPS con datos del Instituto Mexicano del Seguro IMSS",NA,NA,NA,NA,NA,NA,NA,NA,NA,NA,NA,NA,NA,NA,NA,NA,NA,NA,NA,NA,20824002,NA
"Económico","Durango","Trabajadores Asegurados Permanentes por el IMSS","Secretaría del Trabajo y Previsón Social STyPS con datos del Instituto Mexicano del Seguro IMSS",NA,NA,NA,NA,NA,NA,NA,NA,NA,NA,NA,NA,NA,NA,NA,NA,NA,NA,NA,NA,1556821,NA
"Económico","Guanajuato","Trabajadores Asegurados Permanentes por el IMSS","Secretaría del Trabajo y Previsón Social STyPS con datos del Instituto Mexicano del Seguro IMSS",NA,NA,NA,NA,NA,NA,NA,NA,NA,NA,NA,NA,NA,NA,NA,NA,NA,NA,NA,NA,6737002,NA
"Económico","Guerrero","Trabajadores Asegurados Permanentes por el IMSS","Secretaría del Trabajo y Previsón Social STyPS con datos del Instituto Mexicano del Seguro IMSS",NA,NA,NA,NA,NA,NA,NA,NA,NA,NA,NA,NA,NA,NA,NA,NA,NA,NA,NA,NA,986043,NA
"Económico","Hidalgo","Trabajadores Asegurados Permanentes por el IMSS","Secretaría del Trabajo y Previsón Social STyPS con datos del Instituto Mexicano del Seguro IMSS",NA,NA,NA,NA,NA,NA,NA,NA,NA,NA,NA,NA,NA,NA,NA,NA,NA,NA,NA,NA,1706771,NA
"Económico","Jalisco","Trabajadores Asegurados Permanentes por el IMSS","Secretaría del Trabajo y Previsón Social STyPS con datos del Instituto Mexicano del Seguro IMSS",NA,NA,NA,NA,NA,NA,NA,NA,NA,NA,NA,NA,NA,NA,NA,NA,NA,NA,NA,NA,12281724,NA
"Económico","Michoacán de Ocampo","Trabajadores Asegurados Permanentes por el IMSS","Secretaría del Trabajo y Previsón Social STyPS con datos del Instituto Mexicano del Seguro IMSS",NA,NA,NA,NA,NA,NA,NA,NA,NA,NA,NA,NA,NA,NA,NA,NA,NA,NA,NA,NA,11412350,NA
"Económico","Morelos","Trabajadores Asegurados Permanentes por el IMSS","Secretaría del Trabajo y Previsón Social STyPS con datos del Instituto Mexicano del Seguro IMSS",NA,NA,NA,NA,NA,NA,NA,NA,NA,NA,NA,NA,NA,NA,NA,NA,NA,NA,NA,NA,2949523,NA
"Económico","México","Trabajadores Asegurados Permanentes por el IMSS","Secretaría del Trabajo y Previsón Social STyPS con datos del Instituto Mexicano del Seguro IMSS",NA,NA,NA,NA,NA,NA,NA,NA,NA,NA,NA,NA,NA,NA,NA,NA,NA,NA,NA,NA,1323399,NA
"Económico","Nayarit","Trabajadores Asegurados Permanentes por el IMSS","Secretaría del Trabajo y Previsón Social STyPS con datos del Instituto Mexicano del Seguro IMSS",NA,NA,NA,NA,NA,NA,NA,NA,NA,NA,NA,NA,NA,NA,NA,NA,NA,NA,NA,NA,1107333,NA
"Económico","Nuevo León","Trabajadores Asegurados Permanentes por el IMSS","Secretaría del Trabajo y Previsón Social STyPS con datos del Instituto Mexicano del Seguro IMSS",NA,NA,NA,NA,NA,NA,NA,NA,NA,NA,NA,NA,NA,NA,NA,NA,NA,NA,NA,NA,11662815,NA
"Económico","Oaxaca","Trabajadores Asegurados Permanentes por el IMSS","Secretaría del Trabajo y Previsón Social STyPS con datos del Instituto Mexicano del Seguro IMSS",NA,NA,NA,NA,NA,NA,NA,NA,NA,NA,NA,NA,NA,NA,NA,NA,NA,NA,NA,NA,1402557,NA
"Económico","Puebla","Trabajadores Asegurados Permanentes por el IMSS","Secretaría del Trabajo y Previsón Social STyPS con datos del Instituto Mexicano del Seguro IMSS",NA,NA,NA,NA,NA,NA,NA,NA,NA,NA,NA,NA,NA,NA,NA,NA,NA,NA,NA,NA,3965386,NA
"Económico","Querétaro","Trabajadores Asegurados Permanentes por el IMSS","Secretaría del Trabajo y Previsón Social STyPS con datos del Instituto Mexicano del Seguro IMSS",NA,NA,NA,NA,NA,NA,NA,NA,NA,NA,NA,NA,NA,NA,NA,NA,NA,NA,NA,NA,4293445,NA
"Económico","Quintana Roo","Trabajadores Asegurados Permanentes por el IMSS","Secretaría del Trabajo y Previsón Social STyPS con datos del Instituto Mexicano del Seguro IMSS",NA,NA,NA,NA,NA,NA,NA,NA,NA,NA,NA,NA,NA,NA,NA,NA,NA,NA,NA,NA,3157152,NA
"Económico","San Luis Potosí","Trabajadores Asegurados Permanentes por el IMSS","Secretaría del Trabajo y Previsón Social STyPS con datos del Instituto Mexicano del Seguro IMSS",NA,NA,NA,NA,NA,NA,NA,NA,NA,NA,NA,NA,NA,NA,NA,NA,NA,NA,NA,NA,2916414,NA
"Económico","Sinaloa","Trabajadores Asegurados Permanentes por el IMSS","Secretaría del Trabajo y Previsón Social STyPS con datos del Instituto Mexicano del Seguro IMSS",NA,NA,NA,NA,NA,NA,NA,NA,NA,NA,NA,NA,NA,NA,NA,NA,NA,NA,NA,NA,3588391,NA
"Económico","Sonora","Trabajadores Asegurados Permanentes por el IMSS","Secretaría del Trabajo y Previsón Social STyPS con datos del Instituto Mexicano del Seguro IMSS",NA,NA,NA,NA,NA,NA,NA,NA,NA,NA,NA,NA,NA,NA,NA,NA,NA,NA,NA,NA,3956347,NA
"Económico","Tabasco","Trabajadores Asegurados Permanentes por el IMSS","Secretaría del Trabajo y Previsón Social STyPS con datos del Instituto Mexicano del Seguro IMSS",NA,NA,NA,NA,NA,NA,NA,NA,NA,NA,NA,NA,NA,NA,NA,NA,NA,NA,NA,NA,1217286,NA
"Económico","Tamaulipas","Trabajadores Asegurados Permanentes por el IMSS","Secretaría del Trabajo y Previsón Social STyPS con datos del Instituto Mexicano del Seguro IMSS",NA,NA,NA,NA,NA,NA,NA,NA,NA,NA,NA,NA,NA,NA,NA,NA,NA,NA,NA,NA,4170660,NA
"Económico","Tlaxcala","Trabajadores Asegurados Permanentes por el IMSS","Secretaría del Trabajo y Previsón Social STyPS con datos del Instituto Mexicano del Seguro IMSS",NA,NA,NA,NA,NA,NA,NA,NA,NA,NA,NA,NA,NA,NA,NA,NA,NA,NA,NA,NA,706368,NA
"Económico","Veracruz de Ignacio de la Llave","Trabajadores Asegurados Permanentes por el IMSS","Secretaría del Trabajo y Previsón Social STyPS con datos del Instituto Mexicano del Seguro IMSS",NA,NA,NA,NA,NA,NA,NA,NA,NA,NA,NA,NA,NA,NA,NA,NA,NA,NA,NA,NA,4663888,NA
"Económico","Yucatán","Trabajadores Asegurados Permanentes por el IMSS","Secretaría del Trabajo y Previsón Social STyPS con datos del Instituto Mexicano del Seguro IMSS",NA,NA,NA,NA,NA,NA,NA,NA,NA,NA,NA,NA,NA,NA,NA,NA,NA,NA,NA,NA,2629285,NA
"Económico","Zacatecas","Trabajadores Asegurados Permanentes por el IMSS","Secretaría del Trabajo y Previsón Social STyPS con datos del Instituto Mexicano del Seguro IMSS",NA,NA,NA,NA,NA,NA,NA,NA,NA,NA,NA,NA,NA,NA,NA,NA,NA,NA,NA,NA,1143362,NA
"Seguridad","Aguascalientes","Trata de personas",NA,1,1,1,1,0,1,0,2,3,0,2,0,2,3,1,3,1,1,1,0,0,0
"Seguridad","Baja California","Trata de personas",NA,12,14,11,8,9,9,9,11,8,11,29,25,25,33,40,30,40,17,15,10,8,0
"Seguridad","Baja California Sur","Trata de personas",NA,0,0,2,0,1,1,0,3,1,2,0,3,1,5,2,1,0,0,2,1,2,0
"Seguridad","Campeche","Trata de personas",NA,1,0,4,0,3,2,3,0,0,1,0,0,0,3,0,0,1,0,0,0,1,0
"Seguridad","Chiapas","Trata de personas",NA,56,37,31,46,28,21,19,7,6,5,3,2,3,0,3,2,4,1,2,1,7,0
"Seguridad","Chihuahua","Trata de personas",NA,11,10,11,17,18,11,16,15,18,28,17,13,15,8,24,14,13,14,19,21,22,0
"Seguridad","Ciudad de México","Trata de personas",NA,26,10,21,8,11,9,43,60,88,92,46,67,42,32,88,81,78,75,48,43,37,0
"Seguridad","Coahuila de Zaragoza","Trata de personas",NA,3,5,4,1,0,2,2,4,0,2,4,7,6,6,8,5,2,11,8,8,2,0
"Seguridad","Colima","Trata de personas",NA,0,0,0,0,1,0,0,0,1,0,0,0,0,0,3,2,0,1,0,2,1,0
"Seguridad","Durango","Trata de personas",NA,0,2,0,0,0,0,0,0,3,0,1,0,0,0,0,1,0,0,0,0,0,0
"Seguridad","Guanajuato","Trata de personas",NA,6,3,6,3,3,2,7,1,3,1,1,2,0,0,1,0,0,0,0,4,9,0
"Seguridad","Guerrero","Trata de personas",NA,1,2,4,0,0,3,4,7,10,9,9,8,1,3,2,11,3,7,2,5,12,0
"Seguridad","Hidalgo","Trata de personas",NA,1,1,2,6,1,2,8,5,7,7,8,1,1,9,11,2,6,8,7,2,7,0
"Seguridad","Jalisco","Trata de personas",NA,0,0,1,1,0,1,1,0,1,5,5,12,9,4,3,4,1,1,5,4,3,0
"Seguridad","Michoacán de Ocampo","Trata de personas",NA,1,7,3,3,4,5,3,6,2,8,8,3,3,4,3,5,2,4,1,6,3,0
"Seguridad","Morelos","Trata de personas",NA,3,15,7,5,4,6,3,1,1,3,1,0,1,2,5,3,0,1,0,1,1,0
"Seguridad","México","Trata de personas",NA,28,18,45,27,21,11,16,10,21,50,40,50,83,95,123,118,113,71,54,85,56,0
"Seguridad","Nayarit","Trata de personas",NA,0,0,0,0,0,1,0,2,0,1,2,3,1,0,0,2,1,0,1,0,0,0
"Seguridad","Nuevo León","Trata de personas",NA,0,0,4,2,3,3,7,11,13,25,24,24,71,20,31,43,17,5,5,6,5,0
"Seguridad","Oaxaca","Trata de personas",NA,1,1,20,4,3,2,4,9,7,3,6,8,9,4,5,3,3,10,2,4,7,0
"Seguridad","Puebla","Trata de personas",NA,60,33,9,9,8,10,7,4,8,9,2,11,26,23,20,18,34,37,27,14,12,0
"Seguridad","Querétaro","Trata de personas",NA,0,2,3,5,6,8,3,6,0,2,0,3,2,2,4,1,3,1,1,0,0,0
"Seguridad","Quintana Roo","Trata de personas",NA,4,4,1,2,3,3,6,4,4,16,15,8,10,8,14,23,41,46,62,66,86,0
"Seguridad","San Luis Potosí","Trata de personas",NA,2,1,3,0,1,1,4,1,2,5,5,12,6,6,6,4,5,2,13,4,6,0
"Seguridad","Sinaloa","Trata de personas",NA,2,3,10,4,0,3,1,4,3,3,3,4,3,2,4,0,2,5,2,5,1,0
"Seguridad","Sonora","Trata de personas",NA,0,0,0,0,0,0,0,1,1,0,1,0,0,1,0,0,0,0,0,0,3,0
"Seguridad","Tabasco","Trata de personas",NA,4,8,9,4,8,7,10,8,1,1,2,1,2,0,1,1,1,0,1,0,0,0
"Seguridad","Tamaulipas","Trata de personas",NA,3,0,2,4,5,6,2,0,4,8,1,4,2,2,1,1,5,1,3,5,3,0
"Seguridad","Tlaxcala","Trata de personas",NA,5,0,0,4,3,7,15,6,1,2,9,6,1,1,1,0,0,0,0,0,0,0
"Seguridad","Veracruz de Ignacio de la Llave","Trata de personas",NA,1,2,2,0,10,8,0,4,2,1,3,5,4,7,2,4,0,11,4,6,3,0
"Seguridad","Yucatán","Trata de personas",NA,0,0,0,0,0,0,1,4,5,6,9,11,1,4,1,1,0,0,0,0,0,0
"Seguridad","Zacatecas","Trata de personas",NA,3,1,2,1,2,3,3,0,6,10,5,4,5,3,9,9,11,14,23,9,14,0
"Seguridad","Aguascalientes","Tráfico de menores",NA,0,0,1,0,0,2,1,0,0,1,0,0,0,0,0,0,0,0,1,0,0,0
"Seguridad","Baja California","Tráfico de menores",NA,3,2,1,0,4,1,3,0,1,0,1,2,1,2,0,0,0,1,0,0,0,0
"Seguridad","Baja California Sur","Tráfico de menores",NA,0,0,0,0,0,0,0,0,0,0,0,0,0,0,0,0,0,0,0,0,0,0
"Seguridad","Campeche","Tráfico de menores",NA,0,0,0,0,0,0,0,0,0,0,0,0,0,0,0,0,0,0,0,0,0,0
"Seguridad","Chiapas","Tráfico de menores",NA,2,0,3,4,0,1,1,1,0,2,1,0,1,1,0,0,0,0,0,0,1,0
"Seguridad","Chihuahua","Tráfico de menores",NA,1,1,0,0,1,1,0,0,1,2,2,1,2,0,0,0,0,0,0,0,0,0
"Seguridad","Ciudad de México","Tráfico de menores",NA,3,1,2,3,0,2,2,0,0,0,0,1,1,1,0,2,1,1,0,3,1,0
"Seguridad","Coahuila de Zaragoza","Tráfico de menores",NA,0,0,0,1,0,0,0,0,0,0,0,0,0,0,0,0,0,0,0,0,0,0
"Seguridad","Colima","Tráfico de menores",NA,0,0,0,0,0,0,0,0,0,0,0,0,0,0,0,0,0,0,0,0,0,0
"Seguridad","Durango","Tráfico de menores",NA,1,0,0,0,0,0,0,0,0,0,0,0,0,0,0,0,0,0,0,0,0,0
"Seguridad","Guanajuato","Tráfico de menores",NA,8,10,6,1,4,6,4,3,5,5,0,2,0,1,0,1,2,1,2,3,0,0
"Seguridad","Guerrero","Tráfico de menores",NA,0,0,0,0,0,0,0,0,0,1,0,1,3,1,0,0,0,0,0,1,0,0
"Seguridad","Hidalgo","Tráfico de menores",NA,1,0,0,0,0,0,0,1,0,1,0,1,2,0,0,0,0,0,0,0,0,0
"Seguridad","Jalisco","Tráfico de menores",NA,1,3,2,2,0,0,3,1,0,0,1,0,1,0,1,0,0,0,1,2,0,0
"Seguridad","Michoacán de Ocampo","Tráfico de menores",NA,2,1,1,1,0,0,1,1,0,0,1,0,0,0,0,0,0,0,0,0,0,0
"Seguridad","Morelos","Tráfico de menores",NA,3,1,0,0,0,0,0,0,1,1,0,0,0,0,0,0,0,0,0,0,2,0
"Seguridad","México","Tráfico de menores",NA,3,3,1,0,0,0,0,1,0,0,1,0,0,0,1,0,0,0,0,0,0,0
"Seguridad","Nayarit","Tráfico de menores",NA,0,0,0,0,9,0,0,0,0,0,0,0,0,0,0,0,0,0,0,0,0,0
"Seguridad","Nuevo León","Tráfico de menores",NA,0,3,1,0,0,2,1,0,1,0,0,1,0,0,0,0,0,0,0,0,0,0
"Seguridad","Oaxaca","Tráfico de menores",NA,0,0,0,0,1,1,3,0,0,0,0,0,1,0,0,0,0,0,0,0,0,0
"Seguridad","Puebla","Tráfico de menores",NA,0,0,0,0,0,0,0,0,0,0,0,0,0,0,0,0,0,0,0,0,0,0
"Seguridad","Querétaro","Tráfico de menores",NA,0,0,0,0,0,0,0,0,0,0,0,0,0,0,0,0,0,0,0,0,0,0
"Seguridad","Quintana Roo","Tráfico de menores",NA,0,0,1,0,0,0,1,0,0,1,0,3,1,0,0,1,0,1,0,0,0,0
"Seguridad","San Luis Potosí","Tráfico de menores",NA,0,1,0,2,1,2,1,4,2,2,0,1,4,0,3,1,1,1,0,0,1,0
"Seguridad","Sinaloa","Tráfico de menores",NA,0,1,0,1,0,1,3,0,0,0,1,0,2,0,1,0,0,1,1,1,0,0
"Seguridad","Sonora","Tráfico de menores",NA,26,14,90,75,80,55,0,0,0,0,0,0,0,0,0,0,0,0,0,0,0,0
"Seguridad","Tabasco","Tráfico de menores",NA,0,1,1,2,1,0,0,0,1,1,0,0,1,0,0,0,1,1,0,0,0,0
"Seguridad","Tamaulipas","Tráfico de menores",NA,0,0,0,0,0,0,0,0,0,0,0,0,0,2,1,0,0,0,0,0,0,0
"Seguridad","Tlaxcala","Tráfico de menores",NA,0,0,0,0,0,0,0,0,0,0,0,0,0,0,0,0,0,0,0,0,0,0
"Seguridad","Veracruz de Ignacio de la Llave","Tráfico de menores",NA,0,0,1,0,1,0,3,1,0,0,0,0,1,0,0,1,0,0,0,0,0,0
"Seguridad","Yucatán","Tráfico de menores",NA,0,0,0,0,0,0,0,0,0,0,0,0,0,0,0,0,0,0,0,0,0,0
"Seguridad","Zacatecas","Tráfico de menores",NA,0,0,0,0,0,0,0,0,0,0,0,0,0,0,0,0,0,0,0,0,0,0
"Seguridad","Aguascalientes","Violación equiparada",NA,22,19,20,25,29,34,28,30,44,42,40,49,66,44,58,54,71,79,63,78,81,0
"Seguridad","Baja California","Violación equiparada",NA,199,186,202,170,215,134,171,149,165,171,153,143,153,193,184,160,139,157,131,140,94,0
"Seguridad","Baja California Sur","Violación equiparada",NA,2,1,3,3,13,8,13,11,10,17,21,30,31,16,26,17,16,17,17,16,19,0
"Seguridad","Campeche","Violación equiparada",NA,11,24,36,39,38,44,51,66,115,96,66,83,101,108,120,130,117,120,93,88,104,0
"Seguridad","Chiapas","Violación equiparada",NA,7,17,48,75,57,47,27,36,2,0,0,0,2,5,16,9,9,6,4,3,8,0
"Seguridad","Chihuahua","Violación equiparada",NA,127,96,95,110,113,99,124,94,148,126,102,146,158,151,152,139,132,130,140,160,174,0
"Seguridad","Ciudad de México","Violación equiparada",NA,35,32,16,50,30,18,50,95,132,158,187,266,411,408,890,813,1057,891,896,839,745,0
"Seguridad","Coahuila de Zaragoza","Violación equiparada",NA,23,19,39,46,46,57,82,52,72,56,64,75,131,133,151,148,215,188,195,189,199,0
"Seguridad","Colima","Violación equiparada",NA,0,0,0,0,4,0,6,4,12,1,4,2,0,0,0,0,0,0,0,0,0,0
"Seguridad","Durango","Violación equiparada",NA,2,0,0,1,15,8,15,12,1,0,2,0,5,0,3,1,0,0,0,0,0,0
"Seguridad","Guanajuato","Violación equiparada",NA,19,33,22,7,16,6,19,20,16,20,21,21,40,38,50,40,55,43,47,46,54,0
"Seguridad","Guerrero","Violación equiparada",NA,23,30,48,24,20,38,28,26,52,51,66,95,82,92,99,91,116,75,76,97,95,0
"Seguridad","Hidalgo","Violación equiparada",NA,0,0,5,0,0,0,0,2,0,0,154,180,175,192,257,286,308,222,269,148,219,0
"Seguridad","Jalisco","Violación equiparada",NA,1,5,2,2,0,0,2,0,0,0,0,0,0,0,3,38,30,17,28,16,14,0
"Seguridad","Michoacán de Ocampo","Violación equiparada",NA,0,3,8,9,21,20,18,28,38,36,50,48,69,53,64,77,94,71,83,82,127,0
"Seguridad","Morelos","Violación equiparada",NA,1,1,2,1,2,0,1,2,4,1,5,10,0,0,3,0,0,5,10,0,2,0
"Seguridad","México","Violación equiparada",NA,287,294,350,408,416,424,323,378,448,340,330,464,557,695,884,584,548,344,298,243,300,0
"Seguridad","Nayarit","Violación equiparada",NA,2,5,5,3,3,4,2,5,8,8,7,14,12,9,13,20,30,17,10,11,10,0
"Seguridad","Nuevo León","Violación equiparada",NA,138,95,120,115,116,130,166,151,166,185,164,163,237,250,315,303,312,264,271,263,229,0
"Seguridad","Oaxaca","Violación equiparada",NA,9,3,29,20,30,41,41,44,99,122,111,153,172,165,166,136,163,145,159,134,161,0
"Seguridad","Puebla","Violación equiparada",NA,63,72,47,65,65,82,118,153,174,183,160,164,207,222,199,181,213,203,148,138,140,0
"Seguridad","Querétaro","Violación equiparada",NA,12,17,16,33,40,41,41,32,44,58,77,93,125,129,154,142,125,128,111,144,114,0
"Seguridad","Quintana Roo","Violación equiparada",NA,0,0,7,12,8,2,1,6,5,3,0,1,0,8,0,0,0,0,0,0,0,0
"Seguridad","San Luis Potosí","Violación equiparada",NA,18,11,19,24,24,11,25,15,0,6,0,0,0,0,0,0,0,0,0,0,0,0
"Seguridad","Sinaloa","Violación equiparada",NA,26,13,16,24,15,15,17,30,35,30,37,42,46,44,43,43,29,24,41,38,39,0
"Seguridad","Sonora","Violación equiparada",NA,13,5,11,36,31,17,14,26,25,36,27,29,32,32,36,17,20,14,14,30,25,0
"Seguridad","Tabasco","Violación equiparada",NA,0,3,1,1,1,1,0,1,1,0,0,0,3,0,1,1,1,0,0,0,2,0
"Seguridad","Tamaulipas","Violación equiparada",NA,0,0,0,0,1,0,0,0,0,0,0,0,0,0,1,0,0,0,0,0,0,0
"Seguridad","Tlaxcala","Violación equiparada",NA,0,0,0,0,0,0,0,0,0,0,0,0,0,1,1,1,0,1,0,0,0,0
"Seguridad","Veracruz de Ignacio de la Llave","Violación equiparada",NA,0,0,0,2,1,0,1,1,1,1,8,6,11,12,6,12,5,14,11,16,6,0
"Seguridad","Yucatán","Violación equiparada",NA,0,0,0,1,18,1,3,5,2,1,0,0,0,0,0,0,0,0,0,0,0,0
"Seguridad","Zacatecas","Violación equiparada",NA,28,29,21,53,42,22,47,54,60,50,53,39,80,70,58,59,75,54,53,61,60,0
"Seguridad","Aguascalientes","Violación simple",NA,42,42,51,48,70,91,76,99,109,107,106,100,120,135,131,119,125,126,136,138,114,0
"Seguridad","Baja California","Violación simple",NA,333,363,304,313,292,375,333,310,306,339,272,297,293,297,315,345,348,369,317,353,312,0
"Seguridad","Baja California Sur","Violación simple",NA,72,59,96,89,71,80,60,69,95,115,84,94,98,111,143,104,151,117,113,106,108,0
"Seguridad","Campeche","Violación simple",NA,20,24,35,41,30,27,35,32,33,28,26,27,32,28,59,48,62,40,47,46,45,0
"Seguridad","Chiapas","Violación simple",NA,414,303,302,304,302,276,286,258,272,259,245,215,255,268,195,199,185,108,104,116,143,0
"Seguridad","Chihuahua","Violación simple",NA,340,354,381,322,373,400,415,388,431,428,395,438,504,543,624,581,616,516,586,626,619,0
"Seguridad","Ciudad de México","Violación simple",NA,275,369,257,246,140,117,602,650,535,624,549,503,700,701,423,399,396,338,384,402,356,0
"Seguridad","Coahuila de Zaragoza","Violación simple",NA,35,28,71,82,91,103,109,98,83,94,63,70,140,109,115,66,51,40,36,61,80,0
"Seguridad","Colima","Violación simple",NA,13,11,48,61,53,50,36,58,56,65,56,89,100,100,102,68,95,77,81,91,74,0
"Seguridad","Durango","Violación simple",NA,95,93,89,82,96,85,95,82,128,132,103,137,187,150,159,151,151,131,141,130,128,0
"Seguridad","Guanajuato","Violación simple",NA,337,335,248,173,151,175,245,325,355,295,237,290,396,422,443,420,439,417,468,404,449,0
"Seguridad","Guerrero","Violación simple",NA,155,97,121,68,102,86,94,102,126,116,93,96,109,106,132,117,113,99,101,78,107,0
"Seguridad","Hidalgo","Violación simple",NA,173,175,210,235,265,295,329,281,360,345,218,152,206,188,263,246,262,232,251,246,250,0
"Seguridad","Jalisco","Violación simple",NA,176,191,239,249,250,217,210,180,203,243,180,189,253,264,238,247,275,285,252,259,255,0
"Seguridad","Michoacán de Ocampo","Violación simple",NA,156,160,148,142,117,164,146,154,173,182,168,172,208,219,224,225,251,183,190,190,167,0
"Seguridad","Morelos","Violación simple",NA,221,194,193,190,178,209,226,200,199,210,187,230,245,246,318,261,261,218,221,238,256,0
"Seguridad","México","Violación simple",NA,441,523,697,693,573,531,537,746,731,654,530,625,759,777,980,1027,1198,1263,1328,1293,1215,0
"Seguridad","Nayarit","Violación simple",NA,60,61,50,31,40,31,40,29,55,60,52,78,84,96,113,155,185,169,160,154,127,0
"Seguridad","Nuevo León","Violación simple",NA,309,305,331,345,327,317,391,359,364,407,394,385,426,492,497,530,526,517,534,463,425,0
"Seguridad","Oaxaca","Violación simple",NA,38,34,220,182,149,164,202,221,214,213,215,200,204,192,240,210,260,193,199,185,176,0
"Seguridad","Puebla","Violación simple",NA,197,216,270,267,268,253,264,282,308,254,217,215,270,225,237,202,232,182,189,230,235,0
"Seguridad","Querétaro","Violación simple",NA,136,158,137,148,154,142,133,129,197,248,214,181,212,217,192,194,229,170,229,186,191,0
"Seguridad","Quintana Roo","Violación simple",NA,253,277,121,115,140,70,61,68,85,170,277,357,401,393,410,382,386,338,369,349,354,0
"Seguridad","San Luis Potosí","Violación simple",NA,123,123,100,192,218,201,220,267,312,350,327,306,333,303,322,322,359,274,313,312,332,0
"Seguridad","Sinaloa","Violación simple",NA,72,76,87,64,59,70,67,83,74,101,66,84,105,124,142,133,156,176,138,161,134,0
"Seguridad","Sonora","Violación simple",NA,81,105,104,116,117,86,60,70,76,65,95,108,153,136,143,105,71,55,70,91,61,0
"Seguridad","Tabasco","Violación simple",NA,129,137,106,146,174,188,171,167,239,196,115,160,153,177,156,207,172,142,155,117,126,0
"Seguridad","Tamaulipas","Violación simple",NA,261,270,294,212,260,207,283,265,292,289,202,215,265,294,259,299,319,273,270,249,258,0
"Seguridad","Tlaxcala","Violación simple",NA,20,27,18,24,12,42,84,46,11,15,17,21,13,11,22,3,6,2,5,9,10,0
"Seguridad","Veracruz de Ignacio de la Llave","Violación simple",NA,60,46,46,80,209,130,198,114,192,206,187,207,248,227,231,232,256,227,217,220,220,0
"Seguridad","Yucatán","Violación simple",NA,110,114,111,109,88,107,58,25,36,24,16,19,26,13,19,25,20,28,27,18,29,0
"Seguridad","Zacatecas","Violación simple",NA,73,48,72,76,58,70,70,67,91,90,70,82,77,74,102,75,80,81,81,92,80,0
"Seguridad","Aguascalientes","Violencia de género en todas sus modalidades distinta a la violencia familiar",NA,0,2,2,2,1,5,3,2,7,5,3,3,1,3,7,6,13,4,7,7,4,0
"Seguridad","Baja California","Violencia de género en todas sus modalidades distinta a la violencia familiar",NA,0,0,0,0,0,0,0,0,0,0,0,0,0,0,0,0,0,0,0,0,0,0
"Seguridad","Baja California Sur","Violencia de género en todas sus modalidades distinta a la violencia familiar",NA,0,0,0,1,0,0,0,0,0,14,5,1,5,2,1,4,2,2,1,6,0,0
"Seguridad","Campeche","Violencia de género en todas sus modalidades distinta a la violencia familiar",NA,0,0,0,0,0,0,0,0,0,0,0,0,0,0,0,0,0,0,0,0,0,0
"Seguridad","Chiapas","Violencia de género en todas sus modalidades distinta a la violencia familiar",NA,0,0,0,0,0,0,0,0,0,0,1,0,0,0,0,0,0,0,0,0,0,0
"Seguridad","Chihuahua","Violencia de género en todas sus modalidades distinta a la violencia familiar",NA,0,0,0,0,0,0,15,15,17,13,19,13,13,18,24,19,7,0,0,1,0,0
"Seguridad","Ciudad de México","Violencia de género en todas sus modalidades distinta a la violencia familiar",NA,0,0,0,0,0,0,0,0,0,0,0,0,0,0,0,0,0,0,0,0,0,0
"Seguridad","Coahuila de Zaragoza","Violencia de género en todas sus modalidades distinta a la violencia familiar",NA,7,6,9,16,8,17,19,32,97,105,184,337,10,6,0,0,0,0,0,0,0,0
"Seguridad","Colima","Violencia de género en todas sus modalidades distinta a la violencia familiar",NA,0,0,0,0,0,0,0,0,0,0,0,0,0,0,0,0,0,0,0,0,0,0
"Seguridad","Durango","Violencia de género en todas sus modalidades distinta a la violencia familiar",NA,0,0,0,0,0,0,2,0,0,12,1,0,0,0,10,0,0,0,0,0,0,0
"Seguridad","Guanajuato","Violencia de género en todas sus modalidades distinta a la violencia familiar",NA,0,0,0,0,0,0,0,0,0,0,0,0,0,0,0,0,0,0,0,0,0,0
"Seguridad","Guerrero","Violencia de género en todas sus modalidades distinta a la violencia familiar",NA,1,14,16,17,25,28,50,46,57,121,147,174,111,161,153,145,195,149,179,182,193,0
"Seguridad","Hidalgo","Violencia de género en todas sus modalidades distinta a la violencia familiar",NA,0,0,0,0,0,0,0,0,0,0,0,0,0,0,0,0,1,1,6,0,6,0
"Seguridad","Jalisco","Violencia de género en todas sus modalidades distinta a la violencia familiar",NA,0,0,0,0,0,0,0,0,0,0,0,0,0,0,0,0,0,0,0,0,0,0
"Seguridad","Michoacán de Ocampo","Violencia de género en todas sus modalidades distinta a la violencia familiar",NA,0,0,0,0,0,0,0,0,0,0,0,0,0,0,0,0,0,0,0,0,0,0
"Seguridad","Morelos","Violencia de género en todas sus modalidades distinta a la violencia familiar",NA,0,0,0,0,0,0,0,0,0,0,0,0,0,0,0,0,0,0,0,0,0,0
"Seguridad","México","Violencia de género en todas sus modalidades distinta a la violencia familiar",NA,554,545,613,661,629,700,667,670,673,761,897,1092,1076,1099,1291,1394,1273,1321,1322,1357,1263,0
"Seguridad","Nayarit","Violencia de género en todas sus modalidades distinta a la violencia familiar",NA,0,0,0,0,0,0,0,0,0,0,0,0,0,0,0,0,0,0,0,0,0,0
"Seguridad","Nuevo León","Violencia de género en todas sus modalidades distinta a la violencia familiar",NA,0,0,0,0,0,0,0,0,0,0,0,0,0,0,0,0,0,0,0,0,0,0
"Seguridad","Oaxaca","Violencia de género en todas sus modalidades distinta a la violencia familiar",NA,0,0,2,0,3,0,3,1,2,0,2,0,4,0,2,14,3,5,9,9,6,0
"Seguridad","Puebla","Violencia de género en todas sus modalidades distinta a la violencia familiar",NA,0,0,0,0,0,0,0,0,0,0,0,0,0,0,0,0,0,0,0,0,0,0
"Seguridad","Querétaro","Violencia de género en todas sus modalidades distinta a la violencia familiar",NA,1,1,0,2,2,2,0,1,1,6,8,10,41,109,292,472,696,701,742,727,669,0
"Seguridad","Quintana Roo","Violencia de género en todas sus modalidades distinta a la violencia familiar",NA,0,0,0,48,3,0,0,0,0,0,0,0,0,0,0,0,0,0,0,0,0,0
"Seguridad","San Luis Potosí","Violencia de género en todas sus modalidades distinta a la violencia familiar",NA,0,0,0,0,0,0,0,0,0,0,0,0,0,0,0,0,0,0,0,0,0,0
"Seguridad","Sinaloa","Violencia de género en todas sus modalidades distinta a la violencia familiar",NA,0,0,0,0,0,0,0,0,0,0,0,0,0,0,0,0,0,0,0,0,0,0
"Seguridad","Sonora","Violencia de género en todas sus modalidades distinta a la violencia familiar",NA,0,0,0,0,0,0,0,8,4,4,4,5,3,1,0,4,2,0,1,1,1,0
"Seguridad","Tabasco","Violencia de género en todas sus modalidades distinta a la violencia familiar",NA,0,0,0,0,0,0,0,0,0,0,0,0,0,0,0,0,0,0,0,0,0,0
"Seguridad","Tamaulipas","Violencia de género en todas sus modalidades distinta a la violencia familiar",NA,0,20,0,0,0,0,1,0,0,0,0,0,0,0,0,0,0,0,0,0,0,0
"Seguridad","Tlaxcala","Violencia de género en todas sus modalidades distinta a la violencia familiar",NA,0,0,0,0,0,0,0,0,0,0,0,0,0,0,0,0,0,2,0,0,2,0
"Seguridad","Veracruz de Ignacio de la Llave","Violencia de género en todas sus modalidades distinta a la violencia familiar",NA,258,236,262,242,402,317,425,295,640,641,529,615,844,679,822,864,1106,921,1045,1001,1080,0
"Seguridad","Yucatán","Violencia de género en todas sus modalidades distinta a la violencia familiar",NA,0,0,0,0,0,0,0,0,0,0,0,0,0,0,0,0,0,2,7,4,1,0
"Seguridad","Zacatecas","Violencia de género en todas sus modalidades distinta a la violencia familiar",NA,0,0,0,0,0,0,0,0,0,0,0,0,0,0,0,0,0,0,0,0,0,0
"Seguridad","Aguascalientes","Violencia familiar",NA,210,271,302,343,479,623,712,898,1065,1087,1072,1081,1184,1104,1232,1302,1629,1585,1701,1657,1417,0
"Seguridad","Baja California","Violencia familiar",NA,4274,4618,4264,4051,4005,4549,4792,5112,4700,5755,4744,6037,5895,6673,6389,6873,6835,7791,7378,7351,7361,0
"Seguridad","Baja California Sur","Violencia familiar",NA,813,878,1015,1084,1039,943,1031,1079,1241,1371,1181,1309,1269,1224,1278,1342,1408,1538,1546,1798,1599,0
"Seguridad","Campeche","Violencia familiar",NA,13,5,18,25,34,31,33,19,41,21,20,25,15,299,972,985,1156,995,933,253,294,0
"Seguridad","Chiapas","Violencia familiar",NA,480,771,929,1035,736,2770,3353,2679,2712,2396,2368,2106,2123,1848,1042,734,567,405,504,341,417,0
"Seguridad","Chihuahua","Violencia familiar",NA,5744,6529,6527,5433,5713,5870,5881,5346,5305,5663,5479,5814,6297,6671,6987,6526,6933,7232,7066,7169,7069,0
"Seguridad","Ciudad de México","Violencia familiar",NA,7198,8905,9644,8782,9150,9210,10174,9755,12371,13403,12665,15100,17530,17318,18293,18731,19738,17840,19220,17038,17182,0
"Seguridad","Coahuila de Zaragoza","Violencia familiar",NA,1022,1132,3215,3670,4297,4671,5278,4513,5366,5281,4454,4827,6031,5741,6865,5853,6672,5707,6750,6272,7530,0
"Seguridad","Colima","Violencia familiar",NA,293,256,477,105,1043,1256,1259,1194,1564,1662,2095,2243,2157,2101,2136,2269,2127,1942,2033,2212,2010,0
"Seguridad","Durango","Violencia familiar",NA,1521,2000,2654,2618,2254,2942,3093,2502,3035,3285,2751,2468,2984,2547,2653,2426,2592,2426,2587,2417,2506,0
"Seguridad","Guanajuato","Violencia familiar",NA,4706,5592,6380,4753,5963,5290,5295,5061,5830,5312,4953,5082,5718,5906,6802,6922,7483,7212,8298,7660,8445,0
"Seguridad","Guerrero","Violencia familiar",NA,1167,855,990,1193,1332,1364,1410,1424,1462,1565,1391,1605,1804,1469,1772,1695,1914,1558,1526,1259,1270,0
"Seguridad","Hidalgo","Violencia familiar",NA,935,1359,1407,1671,2188,2229,2589,2494,3227,2392,2978,2746,2843,3027,3614,3315,3863,3672,3807,2995,3589,0
"Seguridad","Jalisco","Violencia familiar",NA,2634,5909,6534,4897,4688,4869,4968,3882,5345,5710,6095,5797,6618,6001,6550,7197,8812,8092,7515,7035,6443,0
"Seguridad","Michoacán de Ocampo","Violencia familiar",NA,558,363,383,404,528,630,734,539,472,469,603,582,606,578,690,754,775,704,707,749,852,0
"Seguridad","Morelos","Violencia familiar",NA,2026,2008,2552,1964,2646,2423,2691,2262,2621,2511,2419,2527,2517,2421,2693,2513,3104,2773,3021,2738,2848,0
"Seguridad","México","Violencia familiar",NA,2085,2637,2839,2635,3217,3643,3373,3123,3950,5299,7334,9581,11427,10712,13643,13806,14468,14182,14549,13427,12891,0
"Seguridad","Nayarit","Violencia familiar",NA,177,121,232,244,290,142,195,209,366,402,404,460,507,556,749,1198,1168,1142,1283,1230,890,0
"Seguridad","Nuevo León","Violencia familiar",NA,8068,8994,8830,8943,8756,8389,7984,8426,7624,8715,8360,9580,10191,10838,11133,11347,10474,9846,9769,9415,9399,0
"Seguridad","Oaxaca","Violencia familiar",NA,185,433,1714,1639,2032,2180,2969,2713,3225,3214,3053,3423,3514,3379,3714,3369,3948,3480,3349,2345,2035,0
"Seguridad","Puebla","Violencia familiar",NA,2418,2606,3002,2584,3132,3195,3592,3704,4502,4575,4735,4389,4426,4291,4350,3841,4607,4197,4614,5847,5168,0
"Seguridad","Querétaro","Violencia familiar",NA,433,509,444,521,542,644,857,1008,1227,1908,1800,1752,1892,1892,2372,2660,3083,2782,2903,2659,2491,0
"Seguridad","Quintana Roo","Violencia familiar",NA,1427,1631,675,849,1113,1520,1856,2169,2970,2538,2207,2606,3106,2742,3026,3135,3391,3354,3558,3637,3682,0
"Seguridad","San Luis Potosí","Violencia familiar",NA,1544,1380,1450,2480,2999,2724,2952,3096,3969,4264,3851,3930,4735,4299,4442,4419,4828,4492,4912,4650,5177,0
"Seguridad","Sinaloa","Violencia familiar",NA,1217,1170,1289,1082,1244,1368,1911,1889,2251,2209,2212,2926,3071,2662,3194,3552,3693,3908,3861,3475,3410,0
"Seguridad","Sonora","Violencia familiar",NA,1132,1099,2024,1571,1420,1008,1111,1084,1531,2056,2289,3161,4185,3040,3218,3127,3384,4717,3946,4420,2663,0
"Seguridad","Tabasco","Violencia familiar",NA,1996,2234,2187,3219,3468,3128,3303,3145,3690,3525,2772,3673,4144,3647,3737,3689,4052,3462,3979,3309,3514,0
"Seguridad","Tamaulipas","Violencia familiar",NA,1071,1323,2911,3467,3867,3163,3374,3655,3753,3756,3180,3287,3887,3957,3865,3998,4694,4091,4228,4103,4239,0
"Seguridad","Tlaxcala","Violencia familiar",NA,20,4,4,2,2,22,100,30,11,6,7,11,19,59,177,98,6,12,13,15,31,0
"Seguridad","Veracruz de Ignacio de la Llave","Violencia familiar",NA,1861,1711,2385,2386,3416,2910,3680,2539,5245,5079,4898,5488,6011,5695,6078,5669,6451,5345,5817,5504,5600,0
"Seguridad","Yucatán","Violencia familiar",NA,1084,1074,1097,1173,1419,1251,1060,875,740,555,320,406,527,357,69,56,74,119,170,131,155,0
"Seguridad","Zacatecas","Violencia familiar",NA,368,367,489,586,759,851,1025,1126,1319,1475,1641,1675,1901,1552,1724,1684,1986,1687,1959,1665,1683,0
