"Tema","Entidad","Indicador","link.de.consulta","2024_1t","2024_2t","2024_3t","2024_4t","2025_1t","2025_2t","2025_3t","2025_4t"
"Económico","Aguascalientes","Crecimiento Economico","https://mexicocomovamos.mx/datos/",0.43,-1.51,-3.72,-2.71,0.42,2.01,2.16,NA
"Económico","Baja California","Crecimiento Economico","https://mexicocomovamos.mx/datos/",-0.78,1.59,0.45,-1.75,1.8,-0.98,-2.19,NA
"Económico","Baja California Sur","Crecimiento Economico","https://mexicocomovamos.mx/datos/",5.13,2.98,1.56,4.06,1.39,2.92,4.28,NA
"Económico","Campeche","Crecimiento Economico","https://mexicocomovamos.mx/datos/",6.96,-8.93,-11.17,-13.97,-17.84,-13.61,-11.73,NA
"Económico","Coahuila de Zaragoza","Crecimiento Economico","https://mexicocomovamos.mx/datos/",-3.81,1.01,-0.31,0.33,0.25,-0.67,-2.99,NA
"Económico","Colima","Crecimiento Economico","https://mexicocomovamos.mx/datos/",2.3,4.28,1.38,2.13,2.18,1.15,3.79,NA
"Económico","Chiapas","Crecimiento Economico","https://mexicocomovamos.mx/datos/",2.84,3.54,2.16,1.69,2.42,3.3,2.6,NA
"Económico","Chihuahua","Crecimiento Economico","https://mexicocomovamos.mx/datos/",-0.34,-1.57,-1.29,-1.33,-2.07,-0.12,-0.11,NA
"Económico","Ciudad de México","Crecimiento Economico","https://mexicocomovamos.mx/datos/",4.07,1.84,1.18,1.45,0.17,1.57,1.54,NA
"Económico","Durango","Crecimiento Economico","https://mexicocomovamos.mx/datos/",4.32,6.81,4.7,1.25,-0.36,-4.06,-3.79,NA
"Económico","Guanajuato","Crecimiento Economico","https://mexicocomovamos.mx/datos/",3.41,3.55,5.33,3.58,2.2,4.84,0.38,NA
"Económico","Guerrero","Crecimiento Economico","https://mexicocomovamos.mx/datos/",-3.87,-0.57,-1.98,9.62,6.14,2.51,3.41,NA
"Económico","Hidalgo","Crecimiento Economico","https://mexicocomovamos.mx/datos/",3.74,1.33,3.31,1.84,1.07,7,0.48,NA
"Económico","Jalisco","Crecimiento Economico","https://mexicocomovamos.mx/datos/",1.88,1.27,0.79,-1.36,1.06,1.31,1.51,NA
"Económico","México","Crecimiento Economico","https://mexicocomovamos.mx/datos/",2,0.3,3.47,2.83,2.35,1.45,-0.26,NA
"Económico","Michoacán de Ocampo","Crecimiento Economico","https://mexicocomovamos.mx/datos/",-0.52,1.33,3.03,-0.81,0.97,3.36,1.57,NA
"Económico","Morelos","Crecimiento Economico","https://mexicocomovamos.mx/datos/",0.15,2.37,0.97,0.89,1.92,0.44,0.84,NA
"Económico","Nayarit","Crecimiento Economico","https://mexicocomovamos.mx/datos/",-2.5,-0.99,-2.14,0.73,4.56,0.7,-0.17,NA
"Económico","Nuevo León","Crecimiento Economico","https://mexicocomovamos.mx/datos/",2.81,2.38,5.41,3.14,1.62,4.26,-1.44,NA
"Económico","Oaxaca","Crecimiento Economico","https://mexicocomovamos.mx/datos/",2.24,7.79,6.75,5.74,4.76,-3.49,-5.41,NA
"Económico","Puebla","Crecimiento Economico","https://mexicocomovamos.mx/datos/",3.79,4.31,5.19,1.25,-0.45,0.07,-1.28,NA
"Económico","Querétaro","Crecimiento Economico","https://mexicocomovamos.mx/datos/",3.44,2.88,1.23,-1.84,0.3,1.67,-0.27,NA
"Económico","Quintana Roo","Crecimiento Economico","https://mexicocomovamos.mx/datos/",18.73,3.59,-14.61,-16.54,-12.69,-8.73,-7.27,NA
"Económico","San Luis Potosí","Crecimiento Economico","https://mexicocomovamos.mx/datos/",3.25,2.35,-1.92,0.14,1.44,2.58,3.53,NA
"Económico","Sinaloa","Crecimiento Economico","https://mexicocomovamos.mx/datos/",1.54,-0.96,-0.18,-3.3,0.24,-0.72,-0.78,NA
"Económico","Sonora","Crecimiento Economico","https://mexicocomovamos.mx/datos/",0.63,-0.05,-2.95,-1.92,-0.31,-0.52,0.71,NA
"Económico","Tabasco","Crecimiento Economico","https://mexicocomovamos.mx/datos/",-3.36,-9.35,-5.86,-9.22,-11.9,-6.09,-4.73,NA
"Económico","Tamaulipas","Crecimiento Economico","https://mexicocomovamos.mx/datos/",0.17,1.41,2.28,4.18,1.57,3.25,3.08,NA
"Económico","Tlaxcala","Crecimiento Economico","https://mexicocomovamos.mx/datos/",1.76,3.28,1.57,-0.31,2.14,-0.95,2.56,NA
"Económico","Veracruz de Ignacio de la Llave","Crecimiento Economico","https://mexicocomovamos.mx/datos/",3.51,2.69,4.75,1.93,-0.35,-2.12,-1,NA
"Económico","Yucatán","Crecimiento Economico","https://mexicocomovamos.mx/datos/",4.84,4.45,2.4,2.68,2.15,1.69,2.32,NA
"Económico","Zacatecas","Crecimiento Economico","https://mexicocomovamos.mx/datos/",-0.23,2.24,8.26,9.29,0.54,1.34,2.25,NA
"Económico","Aguascalientes","Desigualdad Laboral","https://mexicocomovamos.mx/datos/",0.329552846346473,0.295682992717161,0.336540826736609,0.341264565575557,0.338591174313706,0.311,0.319,NA
"Económico","Baja California","Desigualdad Laboral","https://mexicocomovamos.mx/datos/",0.303267283525201,0.280088076794982,0.282262449141854,0.273756146963933,0.267537939153726,0.269,0.244,NA
"Económico","Baja California Sur","Desigualdad Laboral","https://mexicocomovamos.mx/datos/",0.359528590579544,0.35090168119018,0.360005710183941,0.367806897462742,0.35215342948436,0.339,0.344,NA
"Económico","Campeche","Desigualdad Laboral","https://mexicocomovamos.mx/datos/",0.409741328241353,0.42207218688668,0.405354295347024,0.393500989535596,0.401401304929095,0.393,0.391,NA
"Económico","Coahuila de Zaragoza","Desigualdad Laboral","https://mexicocomovamos.mx/datos/",0.325333534430229,0.329222936357837,0.324608001659271,0.332811469365197,0.313482162868695,0.328,0.321,NA
"Económico","Colima","Desigualdad Laboral","https://mexicocomovamos.mx/datos/",0.353201135796894,0.33578401910961,0.34045693100029,0.332979913584609,0.33636417258424,0.326,0.333,NA
"Económico","Chiapas","Desigualdad Laboral","https://mexicocomovamos.mx/datos/",0.426202357628881,0.41824556792335,0.424588989735184,0.422549073420669,0.399387151664541,0.408,0.427,NA
"Económico","Chihuahua","Desigualdad Laboral","https://mexicocomovamos.mx/datos/",0.325415166414814,0.328442018074838,0.310851755565636,0.316982319149247,0.314449426826059,0.306,0.283,NA
"Económico","Ciudad de México","Desigualdad Laboral","https://mexicocomovamos.mx/datos/",0.41697087359114,0.44617304963765,0.440373491164792,0.418911326129205,0.422550920821777,0.415,0.39,NA
"Económico","Durango","Desigualdad Laboral","https://mexicocomovamos.mx/datos/",0.344894609372204,0.328037909531304,0.330115112295516,0.328484090547818,0.325995060328978,0.332,0.334,NA
"Económico","Guanajuato","Desigualdad Laboral","https://mexicocomovamos.mx/datos/",0.323971843428808,0.324198172692604,0.32904931974781,0.312932030332604,0.309252347647089,0.321,0.324,NA
"Económico","Guerrero","Desigualdad Laboral","https://mexicocomovamos.mx/datos/",0.395317242803912,0.371796541791582,0.356831609538858,0.388959499314296,0.381886085678843,0.365,0.362,NA
"Económico","Hidalgo","Desigualdad Laboral","https://mexicocomovamos.mx/datos/",0.404024980826421,0.395627273673426,0.412463896819531,0.386623724632045,0.386884336223829,0.398,0.363,NA
"Económico","Jalisco","Desigualdad Laboral","https://mexicocomovamos.mx/datos/",0.297019111983673,0.29244461438384,0.304065398686589,0.29642238966585,0.307287383575613,0.301,0.298,NA
"Económico","México","Desigualdad Laboral","https://mexicocomovamos.mx/datos/",0.353959500220753,0.349896210144834,0.349918098353783,0.333717085251692,0.321002266513005,0.32,0.301,NA
"Económico","Michoacán de Ocampo","Desigualdad Laboral","https://mexicocomovamos.mx/datos/",0.364388211054575,0.356642420504613,0.349038073180736,0.362107977980713,0.332270447591782,0.336,0.337,NA
"Económico","Morelos","Desigualdad Laboral","https://mexicocomovamos.mx/datos/",0.309417212013273,0.306093472757993,0.324248733438822,0.320050580888392,0.316374491472629,0.312,0.297,NA
"Económico","Nayarit","Desigualdad Laboral","https://mexicocomovamos.mx/datos/",0.357792348296471,0.343175112913968,0.36596135488071,0.355380261105438,0.355029480484518,0.348,0.344,NA
"Económico","Nuevo León","Desigualdad Laboral","https://mexicocomovamos.mx/datos/",0.357620433924922,0.351799987240383,0.35268150617685,0.332087442740431,0.352719693087693,0.346,0.345,NA
"Económico","Oaxaca","Desigualdad Laboral","https://mexicocomovamos.mx/datos/",0.400786280354623,0.402855871256634,0.404878719362159,0.416063855332823,0.403111365720406,0.392,0.4,NA
"Económico","Puebla","Desigualdad Laboral","https://mexicocomovamos.mx/datos/",0.372762658756983,0.367745049253017,0.371648576962571,0.36975618647034,0.371930267028347,0.35,0.35,NA
"Económico","Querétaro","Desigualdad Laboral","https://mexicocomovamos.mx/datos/",0.344576168399612,0.3386192071182,0.346177720977266,0.339565064907333,0.326244894703791,0.332,0.312,NA
"Económico","Quintana Roo","Desigualdad Laboral","https://mexicocomovamos.mx/datos/",0.332525556371593,0.336243950592461,0.32368658751966,0.344129013230258,0.327862954427474,0.33,0.325,NA
"Económico","San Luis Potosí","Desigualdad Laboral","https://mexicocomovamos.mx/datos/",0.365390427319426,0.355186934431231,0.360541420216805,0.383970650884862,0.359471938151501,0.345,0.339,NA
"Económico","Sinaloa","Desigualdad Laboral","https://mexicocomovamos.mx/datos/",0.351973161906926,0.36364315136575,0.357543022122968,0.33752849652592,0.344747522663852,0.35,0.339,NA
"Económico","Sonora","Desigualdad Laboral","https://mexicocomovamos.mx/datos/",0.31518700615004,0.312707872433521,0.324190354059965,0.319247750472528,0.310512987414427,0.328,0.335,NA
"Económico","Tabasco","Desigualdad Laboral","https://mexicocomovamos.mx/datos/",0.417001233538258,0.411042616704208,0.389986006319759,0.406479808080803,0.397153432866844,0.393,0.375,NA
"Económico","Tamaulipas","Desigualdad Laboral","https://mexicocomovamos.mx/datos/",0.339938124066975,0.336509763196773,0.342762507070347,0.343602336828326,0.338229528216971,0.336,0.316,NA
"Económico","Tlaxcala","Desigualdad Laboral","https://mexicocomovamos.mx/datos/",0.354123559850905,0.352475920522693,0.351459410050893,0.347806751360849,0.349310134603229,0.349,0.342,NA
"Económico","Veracruz de Ignacio de la Llave","Desigualdad Laboral","https://mexicocomovamos.mx/datos/",0.395680180076624,0.382158923724091,0.39610046759185,0.386638764831105,0.419338491666622,0.383,0.376,NA
"Económico","Yucatán","Desigualdad Laboral","https://mexicocomovamos.mx/datos/",0.391570742438944,0.385676790409434,0.385722401929343,0.392594673717667,0.382356103650181,0.411,0.393,NA
"Económico","Zacatecas","Desigualdad Laboral","https://mexicocomovamos.mx/datos/",0.341820199835865,0.338241809369947,0.349369556963211,0.332781312573275,0.340411753473404,0.334,0.333,NA
"Económico","Aguascalientes","Población Económicamente Activa PEA","https://www.inegi.org.mx/programas/enoe/15ymas/#tabulados",NA,NA,NA,NA,683487,672436,673187,689025
"Económico","Aguascalientes","Población Ocupada","https://www.inegi.org.mx/programas/enoe/15ymas/#tabulados",NA,NA,NA,NA,668839,652132,651872,670177
"Económico","Aguascalientes","Población Desocupada","https://www.inegi.org.mx/programas/enoe/15ymas/#tabulados",NA,NA,NA,NA,14648,20304,21315,18848
"Económico","Aguascalientes","Tasa de Participación","https://www.inegi.org.mx/programas/enoe/15ymas/#tabulados",NA,NA,NA,NA,58.9,57.5,57.9,58.3
"Económico","Aguascalientes","Tasa de Desocupación","https://www.inegi.org.mx/programas/enoe/15ymas/#tabulados",NA,NA,NA,NA,2.1,3,3.2,2.7
"Económico","Aguascalientes","Tasa de Ocupación parcial y desocupación/","https://www.inegi.org.mx/programas/enoe/15ymas/#tabulados",NA,NA,NA,NA,5.8,6.5,6.8,6
"Económico","Aguascalientes","Tasa de Presión general","https://www.inegi.org.mx/programas/enoe/15ymas/#tabulados",NA,NA,NA,NA,4.3,4.8,4.4,4
"Económico","Aguascalientes","Tasa de Trabajo asalariado","https://www.inegi.org.mx/programas/enoe/15ymas/#tabulados",NA,NA,NA,NA,75.7,76.8,77.6,77
"Económico","Aguascalientes","Tasa de Subocupación","https://www.inegi.org.mx/programas/enoe/15ymas/#tabulados",NA,NA,NA,NA,3.2,2.2,2.6,2.5
"Económico","Aguascalientes","Tasa de Condiciones críticas de ocupación","https://www.inegi.org.mx/programas/enoe/15ymas/#tabulados",NA,NA,NA,NA,22,21.8,24.9,28
"Económico","Aguascalientes","Tasa de Informalidad laboral","https://www.inegi.org.mx/programas/enoe/15ymas/#tabulados",NA,NA,NA,NA,40.9,41.9,42,42.6
"Económico","Aguascalientes","Tasa de Ocupación en el sector informal","https://www.inegi.org.mx/programas/enoe/15ymas/#tabulados",NA,NA,NA,NA,22.1,22.8,22.7,24
"Económico","Baja California","Población Económicamente Activa PEA","https://www.inegi.org.mx/programas/enoe/15ymas/#tabulados",NA,NA,NA,NA,1800869,1790619,1794027,1798763
"Económico","Baja California","Población Ocupada","https://www.inegi.org.mx/programas/enoe/15ymas/#tabulados",NA,NA,NA,NA,1761894,1749184,1745730,1749729
"Económico","Baja California","Población Desocupada","https://www.inegi.org.mx/programas/enoe/15ymas/#tabulados",NA,NA,NA,NA,38975,41435,48297,49034
"Económico","Baja California","Tasa de Participación","https://www.inegi.org.mx/programas/enoe/15ymas/#tabulados",NA,NA,NA,NA,60,59.4,59.4,59.6
"Económico","Baja California","Tasa de Desocupación","https://www.inegi.org.mx/programas/enoe/15ymas/#tabulados",NA,NA,NA,NA,2.2,2.3,2.7,2.7
"Económico","Baja California","Tasa de Ocupación parcial y desocupación/","https://www.inegi.org.mx/programas/enoe/15ymas/#tabulados",NA,NA,NA,NA,5.6,6,6.1,6.3
"Económico","Baja California","Tasa de Presión general","https://www.inegi.org.mx/programas/enoe/15ymas/#tabulados",NA,NA,NA,NA,3.6,3.8,4,4
"Económico","Baja California","Tasa de Trabajo asalariado","https://www.inegi.org.mx/programas/enoe/15ymas/#tabulados",NA,NA,NA,NA,74.2,73.8,73.5,73.8
"Económico","Baja California","Tasa de Subocupación","https://www.inegi.org.mx/programas/enoe/15ymas/#tabulados",NA,NA,NA,NA,2.2,2.4,2.2,2.2
"Económico","Baja California","Tasa de Condiciones críticas de ocupación","https://www.inegi.org.mx/programas/enoe/15ymas/#tabulados",NA,NA,NA,NA,31.4,31,30.7,34.2
"Económico","Baja California","Tasa de Informalidad laboral","https://www.inegi.org.mx/programas/enoe/15ymas/#tabulados",NA,NA,NA,NA,37.2,38.4,38.7,37.6
"Económico","Baja California","Tasa de Ocupación en el sector informal","https://www.inegi.org.mx/programas/enoe/15ymas/#tabulados",NA,NA,NA,NA,18.6,19,20.5,19.9
"Económico","Baja California Sur","Población Económicamente Activa PEA","https://www.inegi.org.mx/programas/enoe/15ymas/#tabulados",NA,NA,NA,NA,463281,456933,471049,484926
"Económico","Baja California Sur","Población Ocupada","https://www.inegi.org.mx/programas/enoe/15ymas/#tabulados",NA,NA,NA,NA,450178,446160,458459,473673
"Económico","Baja California Sur","Población Desocupada","https://www.inegi.org.mx/programas/enoe/15ymas/#tabulados",NA,NA,NA,NA,13103,10773,12590,11253
"Económico","Baja California Sur","Tasa de Participación","https://www.inegi.org.mx/programas/enoe/15ymas/#tabulados",NA,NA,NA,NA,68,66.7,67.5,67.2
"Económico","Baja California Sur","Tasa de Desocupación","https://www.inegi.org.mx/programas/enoe/15ymas/#tabulados",NA,NA,NA,NA,2.8,2.4,2.7,2.3
"Económico","Baja California Sur","Tasa de Ocupación parcial y desocupación/","https://www.inegi.org.mx/programas/enoe/15ymas/#tabulados",NA,NA,NA,NA,10,8.9,9.1,9.6
"Económico","Baja California Sur","Tasa de Presión general","https://www.inegi.org.mx/programas/enoe/15ymas/#tabulados",NA,NA,NA,NA,6.9,6.9,6,6.7
"Económico","Baja California Sur","Tasa de Trabajo asalariado","https://www.inegi.org.mx/programas/enoe/15ymas/#tabulados",NA,NA,NA,NA,75.3,76.1,74.8,76.5
"Económico","Baja California Sur","Tasa de Subocupación","https://www.inegi.org.mx/programas/enoe/15ymas/#tabulados",NA,NA,NA,NA,7.2,6.8,6.1,8
"Económico","Baja California Sur","Tasa de Condiciones críticas de ocupación","https://www.inegi.org.mx/programas/enoe/15ymas/#tabulados",NA,NA,NA,NA,20.6,18.4,19,18.6
"Económico","Baja California Sur","Tasa de Informalidad laboral","https://www.inegi.org.mx/programas/enoe/15ymas/#tabulados",NA,NA,NA,NA,37.5,37.4,39.1,38.6
"Económico","Baja California Sur","Tasa de Ocupación en el sector informal","https://www.inegi.org.mx/programas/enoe/15ymas/#tabulados",NA,NA,NA,NA,18.7,19.2,20.3,20
"Económico","Campeche","Población Económicamente Activa PEA","https://www.inegi.org.mx/programas/enoe/15ymas/#tabulados",NA,NA,NA,NA,449083,434788,435392,435987
"Económico","Campeche","Población Ocupada","https://www.inegi.org.mx/programas/enoe/15ymas/#tabulados",NA,NA,NA,NA,439803,423431,422752,423300
"Económico","Campeche","Población Desocupada","https://www.inegi.org.mx/programas/enoe/15ymas/#tabulados",NA,NA,NA,NA,9280,11357,12640,12687
"Económico","Campeche","Tasa de Participación","https://www.inegi.org.mx/programas/enoe/15ymas/#tabulados",NA,NA,NA,NA,61.6,60.3,60.4,61.2
"Económico","Campeche","Tasa de Desocupación","https://www.inegi.org.mx/programas/enoe/15ymas/#tabulados",NA,NA,NA,NA,2.1,2.6,2.9,2.9
"Económico","Campeche","Tasa de Ocupación parcial y desocupación/","https://www.inegi.org.mx/programas/enoe/15ymas/#tabulados",NA,NA,NA,NA,11.5,11.4,11.8,12.6
"Económico","Campeche","Tasa de Presión general","https://www.inegi.org.mx/programas/enoe/15ymas/#tabulados",NA,NA,NA,NA,6.4,8.1,8,8.3
"Económico","Campeche","Tasa de Trabajo asalariado","https://www.inegi.org.mx/programas/enoe/15ymas/#tabulados",NA,NA,NA,NA,61.1,62.8,61.6,59.8
"Económico","Campeche","Tasa de Subocupación","https://www.inegi.org.mx/programas/enoe/15ymas/#tabulados",NA,NA,NA,NA,10.2,12,13.1,12.4
"Económico","Campeche","Tasa de Condiciones críticas de ocupación","https://www.inegi.org.mx/programas/enoe/15ymas/#tabulados",NA,NA,NA,NA,39.5,38.8,38,39.3
"Económico","Campeche","Tasa de Informalidad laboral","https://www.inegi.org.mx/programas/enoe/15ymas/#tabulados",NA,NA,NA,NA,60.3,59.8,59.6,61.1
"Económico","Campeche","Tasa de Ocupación en el sector informal","https://www.inegi.org.mx/programas/enoe/15ymas/#tabulados",NA,NA,NA,NA,28.3,27.2,27.6,28.8
"Económico","Coahuila de Zaragoza","Población Económicamente Activa PEA","https://www.inegi.org.mx/programas/enoe/15ymas/#tabulados",NA,NA,NA,NA,1572146,1622542,1577159,1651928
"Económico","Coahuila de Zaragoza","Población Ocupada","https://www.inegi.org.mx/programas/enoe/15ymas/#tabulados",NA,NA,NA,NA,1516383,1561461,1514920,1600412
"Económico","Coahuila de Zaragoza","Población Desocupada","https://www.inegi.org.mx/programas/enoe/15ymas/#tabulados",NA,NA,NA,NA,55763,61081,62239,51516
"Económico","Coahuila de Zaragoza","Tasa de Participación","https://www.inegi.org.mx/programas/enoe/15ymas/#tabulados",NA,NA,NA,NA,59.4,60.9,59.1,59.7
"Económico","Coahuila de Zaragoza","Tasa de Desocupación","https://www.inegi.org.mx/programas/enoe/15ymas/#tabulados",NA,NA,NA,NA,3.5,3.8,3.9,3.1
"Económico","Coahuila de Zaragoza","Tasa de Ocupación parcial y desocupación/","https://www.inegi.org.mx/programas/enoe/15ymas/#tabulados",NA,NA,NA,NA,9.4,8.7,8.5,8.6
"Económico","Coahuila de Zaragoza","Tasa de Presión general","https://www.inegi.org.mx/programas/enoe/15ymas/#tabulados",NA,NA,NA,NA,6.3,7.4,6.5,6.6
"Económico","Coahuila de Zaragoza","Tasa de Trabajo asalariado","https://www.inegi.org.mx/programas/enoe/15ymas/#tabulados",NA,NA,NA,NA,77.9,78.1,77.5,78.5
"Económico","Coahuila de Zaragoza","Tasa de Subocupación","https://www.inegi.org.mx/programas/enoe/15ymas/#tabulados",NA,NA,NA,NA,3.7,4.4,4.1,5.2
"Económico","Coahuila de Zaragoza","Tasa de Condiciones críticas de ocupación","https://www.inegi.org.mx/programas/enoe/15ymas/#tabulados",NA,NA,NA,NA,28.7,29.9,28.6,32.5
"Económico","Coahuila de Zaragoza","Tasa de Informalidad laboral","https://www.inegi.org.mx/programas/enoe/15ymas/#tabulados",NA,NA,NA,NA,33.1,34.2,33.3,33.3
"Económico","Coahuila de Zaragoza","Tasa de Ocupación en el sector informal","https://www.inegi.org.mx/programas/enoe/15ymas/#tabulados",NA,NA,NA,NA,20.5,21,21.2,20.4
"Económico","Colima","Población Económicamente Activa PEA","https://www.inegi.org.mx/programas/enoe/15ymas/#tabulados",NA,NA,NA,NA,372980,373142,389243,398542
"Económico","Colima","Población Ocupada","https://www.inegi.org.mx/programas/enoe/15ymas/#tabulados",NA,NA,NA,NA,363903,366562,379490,392566
"Económico","Colima","Población Desocupada","https://www.inegi.org.mx/programas/enoe/15ymas/#tabulados",NA,NA,NA,NA,9077,6580,9753,5976
"Económico","Colima","Tasa de Participación","https://www.inegi.org.mx/programas/enoe/15ymas/#tabulados",NA,NA,NA,NA,66,65.6,67,66.9
"Económico","Colima","Tasa de Desocupación","https://www.inegi.org.mx/programas/enoe/15ymas/#tabulados",NA,NA,NA,NA,2.4,1.8,2.5,1.5
"Económico","Colima","Tasa de Ocupación parcial y desocupación/","https://www.inegi.org.mx/programas/enoe/15ymas/#tabulados",NA,NA,NA,NA,9.1,8.9,9.7,8.7
"Económico","Colima","Tasa de Presión general","https://www.inegi.org.mx/programas/enoe/15ymas/#tabulados",NA,NA,NA,NA,4.5,4.7,5.4,4.3
"Económico","Colima","Tasa de Trabajo asalariado","https://www.inegi.org.mx/programas/enoe/15ymas/#tabulados",NA,NA,NA,NA,69.7,69.5,69.1,68.5
"Económico","Colima","Tasa de Subocupación","https://www.inegi.org.mx/programas/enoe/15ymas/#tabulados",NA,NA,NA,NA,3.8,3.9,3.8,4.9
"Económico","Colima","Tasa de Condiciones críticas de ocupación","https://www.inegi.org.mx/programas/enoe/15ymas/#tabulados",NA,NA,NA,NA,24.1,23,25.8,26.6
"Económico","Colima","Tasa de Informalidad laboral","https://www.inegi.org.mx/programas/enoe/15ymas/#tabulados",NA,NA,NA,NA,47.6,48.2,48.2,48.6
"Económico","Colima","Tasa de Ocupación en el sector informal","https://www.inegi.org.mx/programas/enoe/15ymas/#tabulados",NA,NA,NA,NA,18.6,17.8,18.8,20.5
"Económico","Chiapas","Población Económicamente Activa PEA","https://www.inegi.org.mx/programas/enoe/15ymas/#tabulados",NA,NA,NA,NA,2309506,2272301,2340067,2232453
"Económico","Chiapas","Población Ocupada","https://www.inegi.org.mx/programas/enoe/15ymas/#tabulados",NA,NA,NA,NA,2252361,2220465,2282267,2173811
"Económico","Chiapas","Población Desocupada","https://www.inegi.org.mx/programas/enoe/15ymas/#tabulados",NA,NA,NA,NA,57145,51836,57800,58642
"Económico","Chiapas","Tasa de Participación","https://www.inegi.org.mx/programas/enoe/15ymas/#tabulados",NA,NA,NA,NA,54.7,53.6,54.9,53.5
"Económico","Chiapas","Tasa de Desocupación","https://www.inegi.org.mx/programas/enoe/15ymas/#tabulados",NA,NA,NA,NA,2.5,2.3,2.5,2.6
"Económico","Chiapas","Tasa de Ocupación parcial y desocupación/","https://www.inegi.org.mx/programas/enoe/15ymas/#tabulados",NA,NA,NA,NA,6.9,6.9,9,6.8
"Económico","Chiapas","Tasa de Presión general","https://www.inegi.org.mx/programas/enoe/15ymas/#tabulados",NA,NA,NA,NA,8,8.2,7.2,7.2
"Económico","Chiapas","Tasa de Trabajo asalariado","https://www.inegi.org.mx/programas/enoe/15ymas/#tabulados",NA,NA,NA,NA,45.2,45.2,44.9,46.8
"Económico","Chiapas","Tasa de Subocupación","https://www.inegi.org.mx/programas/enoe/15ymas/#tabulados",NA,NA,NA,NA,7.8,8.4,7.8,6.9
"Económico","Chiapas","Tasa de Condiciones críticas de ocupación","https://www.inegi.org.mx/programas/enoe/15ymas/#tabulados",NA,NA,NA,NA,49.8,48.3,47.3,49.2
"Económico","Chiapas","Tasa de Informalidad laboral","https://www.inegi.org.mx/programas/enoe/15ymas/#tabulados",NA,NA,NA,NA,76,78,77,74.9
"Económico","Chiapas","Tasa de Ocupación en el sector informal","https://www.inegi.org.mx/programas/enoe/15ymas/#tabulados",NA,NA,NA,NA,29.6,29.3,30.4,30.1
"Económico","Chihuahua","Población Económicamente Activa PEA","https://www.inegi.org.mx/programas/enoe/15ymas/#tabulados",NA,NA,NA,NA,1817473,1905079,1869467,1898655
"Económico","Chihuahua","Población Ocupada","https://www.inegi.org.mx/programas/enoe/15ymas/#tabulados",NA,NA,NA,NA,1780300,1860675,1826410,1856084
"Económico","Chihuahua","Población Desocupada","https://www.inegi.org.mx/programas/enoe/15ymas/#tabulados",NA,NA,NA,NA,37173,44404,43057,42571
"Económico","Chihuahua","Tasa de Participación","https://www.inegi.org.mx/programas/enoe/15ymas/#tabulados",NA,NA,NA,NA,59.6,62,60,60.3
"Económico","Chihuahua","Tasa de Desocupación","https://www.inegi.org.mx/programas/enoe/15ymas/#tabulados",NA,NA,NA,NA,2,2.3,2.3,2.2
"Económico","Chihuahua","Tasa de Ocupación parcial y desocupación/","https://www.inegi.org.mx/programas/enoe/15ymas/#tabulados",NA,NA,NA,NA,6.3,6.7,6.6,6.6
"Económico","Chihuahua","Tasa de Presión general","https://www.inegi.org.mx/programas/enoe/15ymas/#tabulados",NA,NA,NA,NA,4.3,5.5,5.6,5.6
"Económico","Chihuahua","Tasa de Trabajo asalariado","https://www.inegi.org.mx/programas/enoe/15ymas/#tabulados",NA,NA,NA,NA,76.7,76.1,76.6,75.9
"Económico","Chihuahua","Tasa de Subocupación","https://www.inegi.org.mx/programas/enoe/15ymas/#tabulados",NA,NA,NA,NA,3.5,4.3,4.4,4.9
"Económico","Chihuahua","Tasa de Condiciones críticas de ocupación","https://www.inegi.org.mx/programas/enoe/15ymas/#tabulados",NA,NA,NA,NA,27.2,27.7,28.1,27.1
"Económico","Chihuahua","Tasa de Informalidad laboral","https://www.inegi.org.mx/programas/enoe/15ymas/#tabulados",NA,NA,NA,NA,33.6,34.3,36.5,36.2
"Económico","Chihuahua","Tasa de Ocupación en el sector informal","https://www.inegi.org.mx/programas/enoe/15ymas/#tabulados",NA,NA,NA,NA,14.2,15.2,16.6,16.7
"Económico","Ciudad de México","Población Económicamente Activa PEA","https://www.inegi.org.mx/programas/enoe/15ymas/#tabulados",NA,NA,NA,NA,5066685,5144421,5059970,5065892
"Económico","Ciudad de México","Población Ocupada","https://www.inegi.org.mx/programas/enoe/15ymas/#tabulados",NA,NA,NA,NA,4892875,4940775,4863645,4897820
"Económico","Ciudad de México","Población Desocupada","https://www.inegi.org.mx/programas/enoe/15ymas/#tabulados",NA,NA,NA,NA,173810,203646,196325,168072
"Económico","Ciudad de México","Tasa de Participación","https://www.inegi.org.mx/programas/enoe/15ymas/#tabulados",NA,NA,NA,NA,63.2,63.9,62.9,62.8
"Económico","Ciudad de México","Tasa de Desocupación","https://www.inegi.org.mx/programas/enoe/15ymas/#tabulados",NA,NA,NA,NA,3.4,4,3.9,3.3
"Económico","Ciudad de México","Tasa de Ocupación parcial y desocupación/","https://www.inegi.org.mx/programas/enoe/15ymas/#tabulados",NA,NA,NA,NA,9.6,10.1,10.5,10.6
"Económico","Ciudad de México","Tasa de Presión general","https://www.inegi.org.mx/programas/enoe/15ymas/#tabulados",NA,NA,NA,NA,8.4,8.6,8.5,7.5
"Económico","Ciudad de México","Tasa de Trabajo asalariado","https://www.inegi.org.mx/programas/enoe/15ymas/#tabulados",NA,NA,NA,NA,69.2,69.9,68.9,67.4
"Económico","Ciudad de México","Tasa de Subocupación","https://www.inegi.org.mx/programas/enoe/15ymas/#tabulados",NA,NA,NA,NA,9.5,10.2,11.1,9.6
"Económico","Ciudad de México","Tasa de Condiciones críticas de ocupación","https://www.inegi.org.mx/programas/enoe/15ymas/#tabulados",NA,NA,NA,NA,30.8,28.6,30.4,30.4
"Económico","Ciudad de México","Tasa de Informalidad laboral","https://www.inegi.org.mx/programas/enoe/15ymas/#tabulados",NA,NA,NA,NA,44.7,44.1,46.8,45.7
"Económico","Ciudad de México","Tasa de Ocupación en el sector informal","https://www.inegi.org.mx/programas/enoe/15ymas/#tabulados",NA,NA,NA,NA,27.1,26.4,29.2,28.4
"Económico","Durango","Población Económicamente Activa PEA","https://www.inegi.org.mx/programas/enoe/15ymas/#tabulados",NA,NA,NA,NA,873367,884069,895314,902167
"Económico","Durango","Población Ocupada","https://www.inegi.org.mx/programas/enoe/15ymas/#tabulados",NA,NA,NA,NA,843260,860551,868897,881249
"Económico","Durango","Población Desocupada","https://www.inegi.org.mx/programas/enoe/15ymas/#tabulados",NA,NA,NA,NA,30107,23518,26417,20918
"Económico","Durango","Tasa de Participación","https://www.inegi.org.mx/programas/enoe/15ymas/#tabulados",NA,NA,NA,NA,59.8,60.8,60.7,60.6
"Económico","Durango","Tasa de Desocupación","https://www.inegi.org.mx/programas/enoe/15ymas/#tabulados",NA,NA,NA,NA,3.4,2.7,3,2.3
"Económico","Durango","Tasa de Ocupación parcial y desocupación/","https://www.inegi.org.mx/programas/enoe/15ymas/#tabulados",NA,NA,NA,NA,10.6,10.7,10.3,10
"Económico","Durango","Tasa de Presión general","https://www.inegi.org.mx/programas/enoe/15ymas/#tabulados",NA,NA,NA,NA,7,6,6.7,6
"Económico","Durango","Tasa de Trabajo asalariado","https://www.inegi.org.mx/programas/enoe/15ymas/#tabulados",NA,NA,NA,NA,69.4,69.4,67.8,67.2
"Económico","Durango","Tasa de Subocupación","https://www.inegi.org.mx/programas/enoe/15ymas/#tabulados",NA,NA,NA,NA,4.4,4.5,5.3,5.3
"Económico","Durango","Tasa de Condiciones críticas de ocupación","https://www.inegi.org.mx/programas/enoe/15ymas/#tabulados",NA,NA,NA,NA,32.8,33,33.3,32.3
"Económico","Durango","Tasa de Informalidad laboral","https://www.inegi.org.mx/programas/enoe/15ymas/#tabulados",NA,NA,NA,NA,50,51.2,52.4,54.4
"Económico","Durango","Tasa de Ocupación en el sector informal","https://www.inegi.org.mx/programas/enoe/15ymas/#tabulados",NA,NA,NA,NA,25.4,26.2,25.7,27.5
"Económico","Guanajuato","Población Económicamente Activa PEA","https://www.inegi.org.mx/programas/enoe/15ymas/#tabulados",NA,NA,NA,NA,2859767,2923616,2989612,2947895
"Económico","Guanajuato","Población Ocupada","https://www.inegi.org.mx/programas/enoe/15ymas/#tabulados",NA,NA,NA,NA,2787056,2850322,2889311,2860356
"Económico","Guanajuato","Población Desocupada","https://www.inegi.org.mx/programas/enoe/15ymas/#tabulados",NA,NA,NA,NA,72711,73294,100301,87539
"Económico","Guanajuato","Tasa de Participación","https://www.inegi.org.mx/programas/enoe/15ymas/#tabulados",NA,NA,NA,NA,58.3,59.6,60.4,59.4
"Económico","Guanajuato","Tasa de Desocupación","https://www.inegi.org.mx/programas/enoe/15ymas/#tabulados",NA,NA,NA,NA,2.5,2.5,3.4,3
"Económico","Guanajuato","Tasa de Ocupación parcial y desocupación/","https://www.inegi.org.mx/programas/enoe/15ymas/#tabulados",NA,NA,NA,NA,8.5,9.9,9.8,10.3
"Económico","Guanajuato","Tasa de Presión general","https://www.inegi.org.mx/programas/enoe/15ymas/#tabulados",NA,NA,NA,NA,5.2,5.5,6.3,5.1
"Económico","Guanajuato","Tasa de Trabajo asalariado","https://www.inegi.org.mx/programas/enoe/15ymas/#tabulados",NA,NA,NA,NA,69.4,68.8,70.1,70.9
"Económico","Guanajuato","Tasa de Subocupación","https://www.inegi.org.mx/programas/enoe/15ymas/#tabulados",NA,NA,NA,NA,8.2,10.8,9.5,9.4
"Económico","Guanajuato","Tasa de Condiciones críticas de ocupación","https://www.inegi.org.mx/programas/enoe/15ymas/#tabulados",NA,NA,NA,NA,35.8,35.6,37.1,38
"Económico","Guanajuato","Tasa de Informalidad laboral","https://www.inegi.org.mx/programas/enoe/15ymas/#tabulados",NA,NA,NA,NA,54.7,54.7,54.1,53.8
"Económico","Guanajuato","Tasa de Ocupación en el sector informal","https://www.inegi.org.mx/programas/enoe/15ymas/#tabulados",NA,NA,NA,NA,30,29.6,26.9,27.4
"Económico","Guerrero","Población Económicamente Activa PEA","https://www.inegi.org.mx/programas/enoe/15ymas/#tabulados",NA,NA,NA,NA,1533997,1521970,1608033,1600634
"Económico","Guerrero","Población Ocupada","https://www.inegi.org.mx/programas/enoe/15ymas/#tabulados",NA,NA,NA,NA,1520453,1507245,1589200,1578835
"Económico","Guerrero","Población Desocupada","https://www.inegi.org.mx/programas/enoe/15ymas/#tabulados",NA,NA,NA,NA,13544,14725,18833,21799
"Económico","Guerrero","Tasa de Participación","https://www.inegi.org.mx/programas/enoe/15ymas/#tabulados",NA,NA,NA,NA,58.4,56.7,59.6,59.7
"Económico","Guerrero","Tasa de Desocupación","https://www.inegi.org.mx/programas/enoe/15ymas/#tabulados",NA,NA,NA,NA,0.9,1,1.2,1.4
"Económico","Guerrero","Tasa de Ocupación parcial y desocupación/","https://www.inegi.org.mx/programas/enoe/15ymas/#tabulados",NA,NA,NA,NA,9.1,9.9,10.2,12.1
"Económico","Guerrero","Tasa de Presión general","https://www.inegi.org.mx/programas/enoe/15ymas/#tabulados",NA,NA,NA,NA,2.9,3.8,3.9,3.9
"Económico","Guerrero","Tasa de Trabajo asalariado","https://www.inegi.org.mx/programas/enoe/15ymas/#tabulados",NA,NA,NA,NA,49.3,48.4,44.3,45.7
"Económico","Guerrero","Tasa de Subocupación","https://www.inegi.org.mx/programas/enoe/15ymas/#tabulados",NA,NA,NA,NA,5.7,5.8,7.4,8
"Económico","Guerrero","Tasa de Condiciones críticas de ocupación","https://www.inegi.org.mx/programas/enoe/15ymas/#tabulados",NA,NA,NA,NA,36.9,32.8,32,34.3
"Económico","Guerrero","Tasa de Informalidad laboral","https://www.inegi.org.mx/programas/enoe/15ymas/#tabulados",NA,NA,NA,NA,76.5,76,77.2,75.7
"Económico","Guerrero","Tasa de Ocupación en el sector informal","https://www.inegi.org.mx/programas/enoe/15ymas/#tabulados",NA,NA,NA,NA,40.8,40.5,36.4,40.2
"Económico","Hidalgo","Población Económicamente Activa PEA","https://www.inegi.org.mx/programas/enoe/15ymas/#tabulados",NA,NA,NA,NA,1522196,1484516,1546706,1509056
"Económico","Hidalgo","Población Ocupada","https://www.inegi.org.mx/programas/enoe/15ymas/#tabulados",NA,NA,NA,NA,1492541,1457012,1510935,1475306
"Económico","Hidalgo","Población Desocupada","https://www.inegi.org.mx/programas/enoe/15ymas/#tabulados",NA,NA,NA,NA,29655,27504,35771,33750
"Económico","Hidalgo","Tasa de Participación","https://www.inegi.org.mx/programas/enoe/15ymas/#tabulados",NA,NA,NA,NA,60.4,58.5,60.8,59.7
"Económico","Hidalgo","Tasa de Desocupación","https://www.inegi.org.mx/programas/enoe/15ymas/#tabulados",NA,NA,NA,NA,1.9,1.9,2.3,2.2
"Económico","Hidalgo","Tasa de Ocupación parcial y desocupación/","https://www.inegi.org.mx/programas/enoe/15ymas/#tabulados",NA,NA,NA,NA,11.9,13.2,12.9,13.2
"Económico","Hidalgo","Tasa de Presión general","https://www.inegi.org.mx/programas/enoe/15ymas/#tabulados",NA,NA,NA,NA,5.2,4.8,5.4,6
"Económico","Hidalgo","Tasa de Trabajo asalariado","https://www.inegi.org.mx/programas/enoe/15ymas/#tabulados",NA,NA,NA,NA,60.3,62.4,60.7,63.4
"Económico","Hidalgo","Tasa de Subocupación","https://www.inegi.org.mx/programas/enoe/15ymas/#tabulados",NA,NA,NA,NA,10.1,11.4,10.8,12.1
"Económico","Hidalgo","Tasa de Condiciones críticas de ocupación","https://www.inegi.org.mx/programas/enoe/15ymas/#tabulados",NA,NA,NA,NA,34.1,31.7,35.2,37.2
"Económico","Hidalgo","Tasa de Informalidad laboral","https://www.inegi.org.mx/programas/enoe/15ymas/#tabulados",NA,NA,NA,NA,71.7,70.8,71.6,71.3
"Económico","Hidalgo","Tasa de Ocupación en el sector informal","https://www.inegi.org.mx/programas/enoe/15ymas/#tabulados",NA,NA,NA,NA,38.8,36.2,38.9,38.2
"Económico","Jalisco","Población Económicamente Activa PEA","https://www.inegi.org.mx/programas/enoe/15ymas/#tabulados",NA,NA,NA,NA,3992241,3982670,3963322,4034012
"Económico","Jalisco","Población Ocupada","https://www.inegi.org.mx/programas/enoe/15ymas/#tabulados",NA,NA,NA,NA,3924755,3874934,3864307,3910391
"Económico","Jalisco","Población Desocupada","https://www.inegi.org.mx/programas/enoe/15ymas/#tabulados",NA,NA,NA,NA,67486,107736,99015,123621
"Económico","Jalisco","Tasa de Participación","https://www.inegi.org.mx/programas/enoe/15ymas/#tabulados",NA,NA,NA,NA,58.2,57.9,57.2,58
"Económico","Jalisco","Tasa de Desocupación","https://www.inegi.org.mx/programas/enoe/15ymas/#tabulados",NA,NA,NA,NA,1.7,2.7,2.5,3.1
"Económico","Jalisco","Tasa de Ocupación parcial y desocupación/","https://www.inegi.org.mx/programas/enoe/15ymas/#tabulados",NA,NA,NA,NA,4.3,5.4,5.2,6
"Económico","Jalisco","Tasa de Presión general","https://www.inegi.org.mx/programas/enoe/15ymas/#tabulados",NA,NA,NA,NA,2.4,3.2,3.2,4.1
"Económico","Jalisco","Tasa de Trabajo asalariado","https://www.inegi.org.mx/programas/enoe/15ymas/#tabulados",NA,NA,NA,NA,73.7,72.6,71.1,72.4
"Económico","Jalisco","Tasa de Subocupación","https://www.inegi.org.mx/programas/enoe/15ymas/#tabulados",NA,NA,NA,NA,1.6,1.1,1.8,2.6
"Económico","Jalisco","Tasa de Condiciones críticas de ocupación","https://www.inegi.org.mx/programas/enoe/15ymas/#tabulados",NA,NA,NA,NA,22,16.9,21.9,23
"Económico","Jalisco","Tasa de Informalidad laboral","https://www.inegi.org.mx/programas/enoe/15ymas/#tabulados",NA,NA,NA,NA,46.9,45.3,47,49
"Económico","Jalisco","Tasa de Ocupación en el sector informal","https://www.inegi.org.mx/programas/enoe/15ymas/#tabulados",NA,NA,NA,NA,24.7,24,26.8,25.6
"Económico","México","Población Económicamente Activa PEA","https://www.inegi.org.mx/programas/enoe/15ymas/#tabulados",NA,NA,NA,NA,8230321,8397293,8374500,8333772
"Económico","México","Población Ocupada","https://www.inegi.org.mx/programas/enoe/15ymas/#tabulados",NA,NA,NA,NA,8005145,8152117,8066434,8109477
"Económico","México","Población Desocupada","https://www.inegi.org.mx/programas/enoe/15ymas/#tabulados",NA,NA,NA,NA,225176,245176,308066,224295
"Económico","México","Tasa de Participación","https://www.inegi.org.mx/programas/enoe/15ymas/#tabulados",NA,NA,NA,NA,57.5,58.4,58,57.3
"Económico","México","Tasa de Desocupación","https://www.inegi.org.mx/programas/enoe/15ymas/#tabulados",NA,NA,NA,NA,2.7,2.9,3.7,2.7
"Económico","México","Tasa de Ocupación parcial y desocupación/","https://www.inegi.org.mx/programas/enoe/15ymas/#tabulados",NA,NA,NA,NA,7.3,6.9,7.6,5.8
"Económico","México","Tasa de Presión general","https://www.inegi.org.mx/programas/enoe/15ymas/#tabulados",NA,NA,NA,NA,4.2,4,5.4,3.9
"Económico","México","Tasa de Trabajo asalariado","https://www.inegi.org.mx/programas/enoe/15ymas/#tabulados",NA,NA,NA,NA,67.9,66.2,66.4,67.2
"Económico","México","Tasa de Subocupación","https://www.inegi.org.mx/programas/enoe/15ymas/#tabulados",NA,NA,NA,NA,5.1,4.4,4.7,3.3
"Económico","México","Tasa de Condiciones críticas de ocupación","https://www.inegi.org.mx/programas/enoe/15ymas/#tabulados",NA,NA,NA,NA,40.2,41.8,42.9,42.5
"Económico","México","Tasa de Informalidad laboral","https://www.inegi.org.mx/programas/enoe/15ymas/#tabulados",NA,NA,NA,NA,54.1,55.9,57.2,54.5
"Económico","México","Tasa de Ocupación en el sector informal","https://www.inegi.org.mx/programas/enoe/15ymas/#tabulados",NA,NA,NA,NA,34.8,35.9,36.7,35.8
"Económico","Michoacán de Ocampo","Población Económicamente Activa PEA","https://www.inegi.org.mx/programas/enoe/15ymas/#tabulados",NA,NA,NA,NA,2257524,2295756,2271570,2259793
"Económico","Michoacán de Ocampo","Población Ocupada","https://www.inegi.org.mx/programas/enoe/15ymas/#tabulados",NA,NA,NA,NA,2231080,2258881,2227830,2227842
"Económico","Michoacán de Ocampo","Población Desocupada","https://www.inegi.org.mx/programas/enoe/15ymas/#tabulados",NA,NA,NA,NA,26444,36875,43740,31951
"Económico","Michoacán de Ocampo","Tasa de Participación","https://www.inegi.org.mx/programas/enoe/15ymas/#tabulados",NA,NA,NA,NA,60.5,60.7,60.2,60.2
"Económico","Michoacán de Ocampo","Tasa de Desocupación","https://www.inegi.org.mx/programas/enoe/15ymas/#tabulados",NA,NA,NA,NA,1.2,1.6,1.9,1.4
"Económico","Michoacán de Ocampo","Tasa de Ocupación parcial y desocupación/","https://www.inegi.org.mx/programas/enoe/15ymas/#tabulados",NA,NA,NA,NA,9.3,10,9.9,10.2
"Económico","Michoacán de Ocampo","Tasa de Presión general","https://www.inegi.org.mx/programas/enoe/15ymas/#tabulados",NA,NA,NA,NA,3.3,4.2,4.5,4.5
"Económico","Michoacán de Ocampo","Tasa de Trabajo asalariado","https://www.inegi.org.mx/programas/enoe/15ymas/#tabulados",NA,NA,NA,NA,62.9,62.6,64.4,64.9
"Económico","Michoacán de Ocampo","Tasa de Subocupación","https://www.inegi.org.mx/programas/enoe/15ymas/#tabulados",NA,NA,NA,NA,9.1,11.2,9.1,9.6
"Económico","Michoacán de Ocampo","Tasa de Condiciones críticas de ocupación","https://www.inegi.org.mx/programas/enoe/15ymas/#tabulados",NA,NA,NA,NA,38.1,32.9,34.3,34.2
"Económico","Michoacán de Ocampo","Tasa de Informalidad laboral","https://www.inegi.org.mx/programas/enoe/15ymas/#tabulados",NA,NA,NA,NA,67.8,69.5,68.1,68.5
"Económico","Michoacán de Ocampo","Tasa de Ocupación en el sector informal","https://www.inegi.org.mx/programas/enoe/15ymas/#tabulados",NA,NA,NA,NA,34.7,37.6,35.7,33.5
"Económico","Morelos","Población Económicamente Activa PEA","https://www.inegi.org.mx/programas/enoe/15ymas/#tabulados",NA,NA,NA,NA,888797,859970,897759,922769
"Económico","Morelos","Población Ocupada","https://www.inegi.org.mx/programas/enoe/15ymas/#tabulados",NA,NA,NA,NA,879461,845616,882995,902926
"Económico","Morelos","Población Desocupada","https://www.inegi.org.mx/programas/enoe/15ymas/#tabulados",NA,NA,NA,NA,9336,14354,14764,19843
"Económico","Morelos","Tasa de Participación","https://www.inegi.org.mx/programas/enoe/15ymas/#tabulados",NA,NA,NA,NA,56,54.9,56.3,57.2
"Económico","Morelos","Tasa de Desocupación","https://www.inegi.org.mx/programas/enoe/15ymas/#tabulados",NA,NA,NA,NA,1.1,1.7,1.6,2.2
"Económico","Morelos","Tasa de Ocupación parcial y desocupación/","https://www.inegi.org.mx/programas/enoe/15ymas/#tabulados",NA,NA,NA,NA,6.4,6.6,6,6.6
"Económico","Morelos","Tasa de Presión general","https://www.inegi.org.mx/programas/enoe/15ymas/#tabulados",NA,NA,NA,NA,2.8,3.2,3.2,4.3
"Económico","Morelos","Tasa de Trabajo asalariado","https://www.inegi.org.mx/programas/enoe/15ymas/#tabulados",NA,NA,NA,NA,63,63.9,65.5,62.8
"Económico","Morelos","Tasa de Subocupación","https://www.inegi.org.mx/programas/enoe/15ymas/#tabulados",NA,NA,NA,NA,3.5,3.6,3.3,5.2
"Económico","Morelos","Tasa de Condiciones críticas de ocupación","https://www.inegi.org.mx/programas/enoe/15ymas/#tabulados",NA,NA,NA,NA,25.4,28,28.4,33.8
"Económico","Morelos","Tasa de Informalidad laboral","https://www.inegi.org.mx/programas/enoe/15ymas/#tabulados",NA,NA,NA,NA,66.1,64.9,64.7,64.7
"Económico","Morelos","Tasa de Ocupación en el sector informal","https://www.inegi.org.mx/programas/enoe/15ymas/#tabulados",NA,NA,NA,NA,34.7,34.5,32.9,33.6
"Económico","Nayarit","Población Económicamente Activa PEA","https://www.inegi.org.mx/programas/enoe/15ymas/#tabulados",NA,NA,NA,NA,644192,635734,641350,657208
"Económico","Nayarit","Población Ocupada","https://www.inegi.org.mx/programas/enoe/15ymas/#tabulados",NA,NA,NA,NA,628516,619858,625353,644799
"Económico","Nayarit","Población Desocupada","https://www.inegi.org.mx/programas/enoe/15ymas/#tabulados",NA,NA,NA,NA,15676,15876,15997,12409
"Económico","Nayarit","Tasa de Participación","https://www.inegi.org.mx/programas/enoe/15ymas/#tabulados",NA,NA,NA,NA,66.5,65.5,66.1,66.9
"Económico","Nayarit","Tasa de Desocupación","https://www.inegi.org.mx/programas/enoe/15ymas/#tabulados",NA,NA,NA,NA,2.4,2.5,2.5,1.9
"Económico","Nayarit","Tasa de Ocupación parcial y desocupación/","https://www.inegi.org.mx/programas/enoe/15ymas/#tabulados",NA,NA,NA,NA,11.6,12,10.6,10.7
"Económico","Nayarit","Tasa de Presión general","https://www.inegi.org.mx/programas/enoe/15ymas/#tabulados",NA,NA,NA,NA,6.4,6.7,5.8,5.2
"Económico","Nayarit","Tasa de Trabajo asalariado","https://www.inegi.org.mx/programas/enoe/15ymas/#tabulados",NA,NA,NA,NA,61.1,61.9,63,63.6
"Económico","Nayarit","Tasa de Subocupación","https://www.inegi.org.mx/programas/enoe/15ymas/#tabulados",NA,NA,NA,NA,7.1,9.5,8.7,9.6
"Económico","Nayarit","Tasa de Condiciones críticas de ocupación","https://www.inegi.org.mx/programas/enoe/15ymas/#tabulados",NA,NA,NA,NA,28.4,26.2,26.6,25.9
"Económico","Nayarit","Tasa de Informalidad laboral","https://www.inegi.org.mx/programas/enoe/15ymas/#tabulados",NA,NA,NA,NA,58.9,59.8,57,56.2
"Económico","Nayarit","Tasa de Ocupación en el sector informal","https://www.inegi.org.mx/programas/enoe/15ymas/#tabulados",NA,NA,NA,NA,25.7,26.6,24.1,25.7
"Económico","Nuevo León","Población Económicamente Activa PEA","https://www.inegi.org.mx/programas/enoe/15ymas/#tabulados",NA,NA,NA,NA,2926208,2996190,3024934,3091969
"Económico","Nuevo León","Población Ocupada","https://www.inegi.org.mx/programas/enoe/15ymas/#tabulados",NA,NA,NA,NA,2845606,2911204,2926943,3005979
"Económico","Nuevo León","Población Desocupada","https://www.inegi.org.mx/programas/enoe/15ymas/#tabulados",NA,NA,NA,NA,80602,84986,97991,85990
"Económico","Nuevo León","Tasa de Participación","https://www.inegi.org.mx/programas/enoe/15ymas/#tabulados",NA,NA,NA,NA,60.1,61.5,62,61.8
"Económico","Nuevo León","Tasa de Desocupación","https://www.inegi.org.mx/programas/enoe/15ymas/#tabulados",NA,NA,NA,NA,2.8,2.8,3.2,2.8
"Económico","Nuevo León","Tasa de Ocupación parcial y desocupación/","https://www.inegi.org.mx/programas/enoe/15ymas/#tabulados",NA,NA,NA,NA,7.9,7.5,8.3,8.1
"Económico","Nuevo León","Tasa de Presión general","https://www.inegi.org.mx/programas/enoe/15ymas/#tabulados",NA,NA,NA,NA,5.2,5.6,6.2,6.4
"Económico","Nuevo León","Tasa de Trabajo asalariado","https://www.inegi.org.mx/programas/enoe/15ymas/#tabulados",NA,NA,NA,NA,78,77.7,77.5,77.5
"Económico","Nuevo León","Tasa de Subocupación","https://www.inegi.org.mx/programas/enoe/15ymas/#tabulados",NA,NA,NA,NA,3.4,3.6,4,4.9
"Económico","Nuevo León","Tasa de Condiciones críticas de ocupación","https://www.inegi.org.mx/programas/enoe/15ymas/#tabulados",NA,NA,NA,NA,20.8,20.1,21,21.2
"Económico","Nuevo León","Tasa de Informalidad laboral","https://www.inegi.org.mx/programas/enoe/15ymas/#tabulados",NA,NA,NA,NA,32.5,33.7,34.2,35.4
"Económico","Nuevo León","Tasa de Ocupación en el sector informal","https://www.inegi.org.mx/programas/enoe/15ymas/#tabulados",NA,NA,NA,NA,19.9,19.9,20.2,20.6
"Económico","Oaxaca","Población Económicamente Activa PEA","https://www.inegi.org.mx/programas/enoe/15ymas/#tabulados",NA,NA,NA,NA,1829474,1853747,1884647,1830532
"Económico","Oaxaca","Población Ocupada","https://www.inegi.org.mx/programas/enoe/15ymas/#tabulados",NA,NA,NA,NA,1799614,1833693,1853382,1806311
"Económico","Oaxaca","Población Desocupada","https://www.inegi.org.mx/programas/enoe/15ymas/#tabulados",NA,NA,NA,NA,29860,20054,31265,24221
"Económico","Oaxaca","Tasa de Participación","https://www.inegi.org.mx/programas/enoe/15ymas/#tabulados",NA,NA,NA,NA,56.9,57.7,59.1,57.7
"Económico","Oaxaca","Tasa de Desocupación","https://www.inegi.org.mx/programas/enoe/15ymas/#tabulados",NA,NA,NA,NA,1.6,1.1,1.7,1.3
"Económico","Oaxaca","Tasa de Ocupación parcial y desocupación/","https://www.inegi.org.mx/programas/enoe/15ymas/#tabulados",NA,NA,NA,NA,12.7,12.1,13.8,14.9
"Económico","Oaxaca","Tasa de Presión general","https://www.inegi.org.mx/programas/enoe/15ymas/#tabulados",NA,NA,NA,NA,4.8,4.4,5.6,5.8
"Económico","Oaxaca","Tasa de Trabajo asalariado","https://www.inegi.org.mx/programas/enoe/15ymas/#tabulados",NA,NA,NA,NA,47.6,45.3,42.8,45.8
"Económico","Oaxaca","Tasa de Subocupación","https://www.inegi.org.mx/programas/enoe/15ymas/#tabulados",NA,NA,NA,NA,13.2,13.4,17.8,16.7
"Económico","Oaxaca","Tasa de Condiciones críticas de ocupación","https://www.inegi.org.mx/programas/enoe/15ymas/#tabulados",NA,NA,NA,NA,34.8,32.9,30.8,32.5
"Económico","Oaxaca","Tasa de Informalidad laboral","https://www.inegi.org.mx/programas/enoe/15ymas/#tabulados",NA,NA,NA,NA,76.3,78.5,80.1,80.1
"Económico","Oaxaca","Tasa de Ocupación en el sector informal","https://www.inegi.org.mx/programas/enoe/15ymas/#tabulados",NA,NA,NA,NA,39,40.8,39.5,42.5
"Económico","Puebla","Población Económicamente Activa PEA","https://www.inegi.org.mx/programas/enoe/15ymas/#tabulados",NA,NA,NA,NA,3092122,3082983,3173444,3162327
"Económico","Puebla","Población Ocupada","https://www.inegi.org.mx/programas/enoe/15ymas/#tabulados",NA,NA,NA,NA,3014438,2993256,3094987,3101352
"Económico","Puebla","Población Desocupada","https://www.inegi.org.mx/programas/enoe/15ymas/#tabulados",NA,NA,NA,NA,77684,89727,78457,60975
"Económico","Puebla","Tasa de Participación","https://www.inegi.org.mx/programas/enoe/15ymas/#tabulados",NA,NA,NA,NA,61.1,60.7,61.7,62.2
"Económico","Puebla","Tasa de Desocupación","https://www.inegi.org.mx/programas/enoe/15ymas/#tabulados",NA,NA,NA,NA,2.5,2.9,2.5,1.9
"Económico","Puebla","Tasa de Ocupación parcial y desocupación/","https://www.inegi.org.mx/programas/enoe/15ymas/#tabulados",NA,NA,NA,NA,9.5,10,9,7.5
"Económico","Puebla","Tasa de Presión general","https://www.inegi.org.mx/programas/enoe/15ymas/#tabulados",NA,NA,NA,NA,5.3,6.1,4.4,4
"Económico","Puebla","Tasa de Trabajo asalariado","https://www.inegi.org.mx/programas/enoe/15ymas/#tabulados",NA,NA,NA,NA,58.8,61,59.9,59.2
"Económico","Puebla","Tasa de Subocupación","https://www.inegi.org.mx/programas/enoe/15ymas/#tabulados",NA,NA,NA,NA,8.1,8.1,6.2,5.6
"Económico","Puebla","Tasa de Condiciones críticas de ocupación","https://www.inegi.org.mx/programas/enoe/15ymas/#tabulados",NA,NA,NA,NA,42.2,41,41.4,43.5
"Económico","Puebla","Tasa de Informalidad laboral","https://www.inegi.org.mx/programas/enoe/15ymas/#tabulados",NA,NA,NA,NA,72,71.1,70.2,72.1
"Económico","Puebla","Tasa de Ocupación en el sector informal","https://www.inegi.org.mx/programas/enoe/15ymas/#tabulados",NA,NA,NA,NA,36.2,36.7,35.4,36.6
"Económico","Querétaro","Población Económicamente Activa PEA","https://www.inegi.org.mx/programas/enoe/15ymas/#tabulados",NA,NA,NA,NA,1216822,1212666,1224069,1249843
"Económico","Querétaro","Población Ocupada","https://www.inegi.org.mx/programas/enoe/15ymas/#tabulados",NA,NA,NA,NA,1192757,1187467,1197195,1219563
"Económico","Querétaro","Población Desocupada","https://www.inegi.org.mx/programas/enoe/15ymas/#tabulados",NA,NA,NA,NA,24065,25199,26874,30280
"Económico","Querétaro","Tasa de Participación","https://www.inegi.org.mx/programas/enoe/15ymas/#tabulados",NA,NA,NA,NA,61.2,60.9,61,62.9
"Económico","Querétaro","Tasa de Desocupación","https://www.inegi.org.mx/programas/enoe/15ymas/#tabulados",NA,NA,NA,NA,2,2.1,2.2,2.4
"Económico","Querétaro","Tasa de Ocupación parcial y desocupación/","https://www.inegi.org.mx/programas/enoe/15ymas/#tabulados",NA,NA,NA,NA,5.5,5.9,6.7,6.3
"Económico","Querétaro","Tasa de Presión general","https://www.inegi.org.mx/programas/enoe/15ymas/#tabulados",NA,NA,NA,NA,2.5,2.6,2.9,3
"Económico","Querétaro","Tasa de Trabajo asalariado","https://www.inegi.org.mx/programas/enoe/15ymas/#tabulados",NA,NA,NA,NA,71.9,70.9,69.5,71.4
"Económico","Querétaro","Tasa de Subocupación","https://www.inegi.org.mx/programas/enoe/15ymas/#tabulados",NA,NA,NA,NA,0.9,1.1,1.5,1.2
"Económico","Querétaro","Tasa de Condiciones críticas de ocupación","https://www.inegi.org.mx/programas/enoe/15ymas/#tabulados",NA,NA,NA,NA,23.2,25.5,27.6,34
"Económico","Querétaro","Tasa de Informalidad laboral","https://www.inegi.org.mx/programas/enoe/15ymas/#tabulados",NA,NA,NA,NA,40.1,42.1,41.3,40.7
"Económico","Querétaro","Tasa de Ocupación en el sector informal","https://www.inegi.org.mx/programas/enoe/15ymas/#tabulados",NA,NA,NA,NA,19.9,22.2,23,21.9
"Económico","Quintana Roo","Población Económicamente Activa PEA","https://www.inegi.org.mx/programas/enoe/15ymas/#tabulados",NA,NA,NA,NA,995271,1016025,995826,1011501
"Económico","Quintana Roo","Población Ocupada","https://www.inegi.org.mx/programas/enoe/15ymas/#tabulados",NA,NA,NA,NA,971564,987728,964516,981364
"Económico","Quintana Roo","Población Desocupada","https://www.inegi.org.mx/programas/enoe/15ymas/#tabulados",NA,NA,NA,NA,23707,28297,31310,30137
"Económico","Quintana Roo","Tasa de Participación","https://www.inegi.org.mx/programas/enoe/15ymas/#tabulados",NA,NA,NA,NA,66,67,66,66.4
"Económico","Quintana Roo","Tasa de Desocupación","https://www.inegi.org.mx/programas/enoe/15ymas/#tabulados",NA,NA,NA,NA,2.4,2.8,3.1,3
"Económico","Quintana Roo","Tasa de Ocupación parcial y desocupación/","https://www.inegi.org.mx/programas/enoe/15ymas/#tabulados",NA,NA,NA,NA,7.7,9.7,9.4,9.3
"Económico","Quintana Roo","Tasa de Presión general","https://www.inegi.org.mx/programas/enoe/15ymas/#tabulados",NA,NA,NA,NA,5.2,5.4,6.6,6.1
"Económico","Quintana Roo","Tasa de Trabajo asalariado","https://www.inegi.org.mx/programas/enoe/15ymas/#tabulados",NA,NA,NA,NA,72.8,72.1,70.5,70.2
"Económico","Quintana Roo","Tasa de Subocupación","https://www.inegi.org.mx/programas/enoe/15ymas/#tabulados",NA,NA,NA,NA,5.8,5.8,6.5,6.6
"Económico","Quintana Roo","Tasa de Condiciones críticas de ocupación","https://www.inegi.org.mx/programas/enoe/15ymas/#tabulados",NA,NA,NA,NA,34.9,32.3,30,31.7
"Económico","Quintana Roo","Tasa de Informalidad laboral","https://www.inegi.org.mx/programas/enoe/15ymas/#tabulados",NA,NA,NA,NA,42.7,43.9,43.5,44.7
"Económico","Quintana Roo","Tasa de Ocupación en el sector informal","https://www.inegi.org.mx/programas/enoe/15ymas/#tabulados",NA,NA,NA,NA,23.4,21.6,22.8,22.4
"Económico","San Luis Potosí","Población Económicamente Activa PEA","https://www.inegi.org.mx/programas/enoe/15ymas/#tabulados",NA,NA,NA,NA,1285696,1278818,1282791,1299582
"Económico","San Luis Potosí","Población Ocupada","https://www.inegi.org.mx/programas/enoe/15ymas/#tabulados",NA,NA,NA,NA,1244751,1231029,1242963,1264804
"Económico","San Luis Potosí","Población Desocupada","https://www.inegi.org.mx/programas/enoe/15ymas/#tabulados",NA,NA,NA,NA,40945,47789,39828,34778
"Económico","San Luis Potosí","Tasa de Participación","https://www.inegi.org.mx/programas/enoe/15ymas/#tabulados",NA,NA,NA,NA,58,57.6,57.8,57.2
"Económico","San Luis Potosí","Tasa de Desocupación","https://www.inegi.org.mx/programas/enoe/15ymas/#tabulados",NA,NA,NA,NA,3.2,3.7,3.1,2.7
"Económico","San Luis Potosí","Tasa de Ocupación parcial y desocupación/","https://www.inegi.org.mx/programas/enoe/15ymas/#tabulados",NA,NA,NA,NA,12.4,13,12.9,12.8
"Económico","San Luis Potosí","Tasa de Presión general","https://www.inegi.org.mx/programas/enoe/15ymas/#tabulados",NA,NA,NA,NA,6.3,7.6,7.6,6.7
"Económico","San Luis Potosí","Tasa de Trabajo asalariado","https://www.inegi.org.mx/programas/enoe/15ymas/#tabulados",NA,NA,NA,NA,66,65.4,65.7,64.8
"Económico","San Luis Potosí","Tasa de Subocupación","https://www.inegi.org.mx/programas/enoe/15ymas/#tabulados",NA,NA,NA,NA,9,10.5,15.3,13.1
"Económico","San Luis Potosí","Tasa de Condiciones críticas de ocupación","https://www.inegi.org.mx/programas/enoe/15ymas/#tabulados",NA,NA,NA,NA,27,25.9,27.5,28.1
"Económico","San Luis Potosí","Tasa de Informalidad laboral","https://www.inegi.org.mx/programas/enoe/15ymas/#tabulados",NA,NA,NA,NA,55.2,56.7,56.9,56.4
"Económico","San Luis Potosí","Tasa de Ocupación en el sector informal","https://www.inegi.org.mx/programas/enoe/15ymas/#tabulados",NA,NA,NA,NA,27,27.1,26.4,27.2
"Económico","Sinaloa","Población Económicamente Activa PEA","https://www.inegi.org.mx/programas/enoe/15ymas/#tabulados",NA,NA,NA,NA,1481009,1481895,1456940,1470611
"Económico","Sinaloa","Población Ocupada","https://www.inegi.org.mx/programas/enoe/15ymas/#tabulados",NA,NA,NA,NA,1440348,1449072,1419096,1434276
"Económico","Sinaloa","Población Desocupada","https://www.inegi.org.mx/programas/enoe/15ymas/#tabulados",NA,NA,NA,NA,40661,32823,37844,36335
"Económico","Sinaloa","Tasa de Participación","https://www.inegi.org.mx/programas/enoe/15ymas/#tabulados",NA,NA,NA,NA,59.5,59.7,58.4,58.9
"Económico","Sinaloa","Tasa de Desocupación","https://www.inegi.org.mx/programas/enoe/15ymas/#tabulados",NA,NA,NA,NA,2.7,2.2,2.6,2.5
"Económico","Sinaloa","Tasa de Ocupación parcial y desocupación/","https://www.inegi.org.mx/programas/enoe/15ymas/#tabulados",NA,NA,NA,NA,10.3,11.3,10.7,10.6
"Económico","Sinaloa","Tasa de Presión general","https://www.inegi.org.mx/programas/enoe/15ymas/#tabulados",NA,NA,NA,NA,5.3,6.1,6.3,6.5
"Económico","Sinaloa","Tasa de Trabajo asalariado","https://www.inegi.org.mx/programas/enoe/15ymas/#tabulados",NA,NA,NA,NA,70.2,70.2,70.2,68.3
"Económico","Sinaloa","Tasa de Subocupación","https://www.inegi.org.mx/programas/enoe/15ymas/#tabulados",NA,NA,NA,NA,11.1,13.7,14.3,12.4
"Económico","Sinaloa","Tasa de Condiciones críticas de ocupación","https://www.inegi.org.mx/programas/enoe/15ymas/#tabulados",NA,NA,NA,NA,25,20.8,23.9,22.2
"Económico","Sinaloa","Tasa de Informalidad laboral","https://www.inegi.org.mx/programas/enoe/15ymas/#tabulados",NA,NA,NA,NA,46.6,46.6,47.4,47.6
"Económico","Sinaloa","Tasa de Ocupación en el sector informal","https://www.inegi.org.mx/programas/enoe/15ymas/#tabulados",NA,NA,NA,NA,22.8,21.9,23.6,23.3
"Económico","Sonora","Población Económicamente Activa PEA","https://www.inegi.org.mx/programas/enoe/15ymas/#tabulados",NA,NA,NA,NA,1425411,1500120,1489244,1523915
"Económico","Sonora","Población Ocupada","https://www.inegi.org.mx/programas/enoe/15ymas/#tabulados",NA,NA,NA,NA,1388847,1462445,1437198,1470027
"Económico","Sonora","Población Desocupada","https://www.inegi.org.mx/programas/enoe/15ymas/#tabulados",NA,NA,NA,NA,36564,37675,52046,53888
"Económico","Sonora","Tasa de Participación","https://www.inegi.org.mx/programas/enoe/15ymas/#tabulados",NA,NA,NA,NA,60.1,62.5,62.1,63.5
"Económico","Sonora","Tasa de Desocupación","https://www.inegi.org.mx/programas/enoe/15ymas/#tabulados",NA,NA,NA,NA,2.6,2.5,3.5,3.5
"Económico","Sonora","Tasa de Ocupación parcial y desocupación/","https://www.inegi.org.mx/programas/enoe/15ymas/#tabulados",NA,NA,NA,NA,7.7,8.7,10.6,11.1
"Económico","Sonora","Tasa de Presión general","https://www.inegi.org.mx/programas/enoe/15ymas/#tabulados",NA,NA,NA,NA,5.8,6.2,7.4,9.4
"Económico","Sonora","Tasa de Trabajo asalariado","https://www.inegi.org.mx/programas/enoe/15ymas/#tabulados",NA,NA,NA,NA,74.2,72.6,70.7,68.3
"Económico","Sonora","Tasa de Subocupación","https://www.inegi.org.mx/programas/enoe/15ymas/#tabulados",NA,NA,NA,NA,4.2,5.8,6.5,9.3
"Económico","Sonora","Tasa de Condiciones críticas de ocupación","https://www.inegi.org.mx/programas/enoe/15ymas/#tabulados",NA,NA,NA,NA,24.7,25.1,26.6,28.1
"Económico","Sonora","Tasa de Informalidad laboral","https://www.inegi.org.mx/programas/enoe/15ymas/#tabulados",NA,NA,NA,NA,40.8,43.7,43.5,45.6
"Económico","Sonora","Tasa de Ocupación en el sector informal","https://www.inegi.org.mx/programas/enoe/15ymas/#tabulados",NA,NA,NA,NA,19,20.4,21.6,24
"Económico","Tabasco","Población Económicamente Activa PEA","https://www.inegi.org.mx/programas/enoe/15ymas/#tabulados",NA,NA,NA,NA,1121839,1143069,1160254,1146218
"Económico","Tabasco","Población Ocupada","https://www.inegi.org.mx/programas/enoe/15ymas/#tabulados",NA,NA,NA,NA,1066427,1093156,1104202,1098025
"Económico","Tabasco","Población Desocupada","https://www.inegi.org.mx/programas/enoe/15ymas/#tabulados",NA,NA,NA,NA,55412,49913,56052,48193
"Económico","Tabasco","Tasa de Participación","https://www.inegi.org.mx/programas/enoe/15ymas/#tabulados",NA,NA,NA,NA,57.2,58.3,58.8,57.9
"Económico","Tabasco","Tasa de Desocupación","https://www.inegi.org.mx/programas/enoe/15ymas/#tabulados",NA,NA,NA,NA,4.9,4.4,4.8,4.2
"Económico","Tabasco","Tasa de Ocupación parcial y desocupación/","https://www.inegi.org.mx/programas/enoe/15ymas/#tabulados",NA,NA,NA,NA,14.9,16.3,16.1,15.2
"Económico","Tabasco","Tasa de Presión general","https://www.inegi.org.mx/programas/enoe/15ymas/#tabulados",NA,NA,NA,NA,10.9,11.1,11.4,10.8
"Económico","Tabasco","Tasa de Trabajo asalariado","https://www.inegi.org.mx/programas/enoe/15ymas/#tabulados",NA,NA,NA,NA,61.8,63.1,61.5,63.3
"Económico","Tabasco","Tasa de Subocupación","https://www.inegi.org.mx/programas/enoe/15ymas/#tabulados",NA,NA,NA,NA,15,15.5,14.9,13.8
"Económico","Tabasco","Tasa de Condiciones críticas de ocupación","https://www.inegi.org.mx/programas/enoe/15ymas/#tabulados",NA,NA,NA,NA,38.4,36.8,38.3,36.2
"Económico","Tabasco","Tasa de Informalidad laboral","https://www.inegi.org.mx/programas/enoe/15ymas/#tabulados",NA,NA,NA,NA,66.7,67,67.2,67
"Económico","Tabasco","Tasa de Ocupación en el sector informal","https://www.inegi.org.mx/programas/enoe/15ymas/#tabulados",NA,NA,NA,NA,35.4,36,37.4,37.2
"Económico","Tamaulipas","Población Económicamente Activa PEA","https://www.inegi.org.mx/programas/enoe/15ymas/#tabulados",NA,NA,NA,NA,1690458,1715946,1706970,1714829
"Económico","Tamaulipas","Población Ocupada","https://www.inegi.org.mx/programas/enoe/15ymas/#tabulados",NA,NA,NA,NA,1633145,1653268,1651878,1669573
"Económico","Tamaulipas","Población Desocupada","https://www.inegi.org.mx/programas/enoe/15ymas/#tabulados",NA,NA,NA,NA,57313,62678,55092,45256
"Económico","Tamaulipas","Tasa de Participación","https://www.inegi.org.mx/programas/enoe/15ymas/#tabulados",NA,NA,NA,NA,59.6,60.3,59.8,59.3
"Económico","Tamaulipas","Tasa de Desocupación","https://www.inegi.org.mx/programas/enoe/15ymas/#tabulados",NA,NA,NA,NA,3.4,3.7,3.2,2.6
"Económico","Tamaulipas","Tasa de Ocupación parcial y desocupación/","https://www.inegi.org.mx/programas/enoe/15ymas/#tabulados",NA,NA,NA,NA,11.1,11.3,10,8.7
"Económico","Tamaulipas","Tasa de Presión general","https://www.inegi.org.mx/programas/enoe/15ymas/#tabulados",NA,NA,NA,NA,7.7,7.7,7,5.6
"Económico","Tamaulipas","Tasa de Trabajo asalariado","https://www.inegi.org.mx/programas/enoe/15ymas/#tabulados",NA,NA,NA,NA,69.1,70.2,71.1,70.7
"Económico","Tamaulipas","Tasa de Subocupación","https://www.inegi.org.mx/programas/enoe/15ymas/#tabulados",NA,NA,NA,NA,11.1,9.5,7.9,7.6
"Económico","Tamaulipas","Tasa de Condiciones críticas de ocupación","https://www.inegi.org.mx/programas/enoe/15ymas/#tabulados",NA,NA,NA,NA,39.3,39.5,39.7,42.6
"Económico","Tamaulipas","Tasa de Informalidad laboral","https://www.inegi.org.mx/programas/enoe/15ymas/#tabulados",NA,NA,NA,NA,45.5,46.4,44.9,45.9
"Económico","Tamaulipas","Tasa de Ocupación en el sector informal","https://www.inegi.org.mx/programas/enoe/15ymas/#tabulados",NA,NA,NA,NA,23.8,24.7,24.3,25
"Económico","Tlaxcala","Población Económicamente Activa PEA","https://www.inegi.org.mx/programas/enoe/15ymas/#tabulados",NA,NA,NA,NA,692989,703274,713469,699152
"Económico","Tlaxcala","Población Ocupada","https://www.inegi.org.mx/programas/enoe/15ymas/#tabulados",NA,NA,NA,NA,675389,686868,693020,679526
"Económico","Tlaxcala","Población Desocupada","https://www.inegi.org.mx/programas/enoe/15ymas/#tabulados",NA,NA,NA,NA,17600,16406,20449,19626
"Económico","Tlaxcala","Tasa de Participación","https://www.inegi.org.mx/programas/enoe/15ymas/#tabulados",NA,NA,NA,NA,60.2,60.9,62.4,62.3
"Económico","Tlaxcala","Tasa de Desocupación","https://www.inegi.org.mx/programas/enoe/15ymas/#tabulados",NA,NA,NA,NA,2.5,2.3,2.9,2.8
"Económico","Tlaxcala","Tasa de Ocupación parcial y desocupación/","https://www.inegi.org.mx/programas/enoe/15ymas/#tabulados",NA,NA,NA,NA,10.6,10.5,10.2,10.7
"Económico","Tlaxcala","Tasa de Presión general","https://www.inegi.org.mx/programas/enoe/15ymas/#tabulados",NA,NA,NA,NA,6.4,6.4,6.6,6.5
"Económico","Tlaxcala","Tasa de Trabajo asalariado","https://www.inegi.org.mx/programas/enoe/15ymas/#tabulados",NA,NA,NA,NA,63.8,62.7,62.4,63.5
"Económico","Tlaxcala","Tasa de Subocupación","https://www.inegi.org.mx/programas/enoe/15ymas/#tabulados",NA,NA,NA,NA,11.6,12.4,11.6,11.8
"Económico","Tlaxcala","Tasa de Condiciones críticas de ocupación","https://www.inegi.org.mx/programas/enoe/15ymas/#tabulados",NA,NA,NA,NA,44.8,42.3,43.4,42.7
"Económico","Tlaxcala","Tasa de Informalidad laboral","https://www.inegi.org.mx/programas/enoe/15ymas/#tabulados",NA,NA,NA,NA,70.9,72.2,72.1,70.3
"Económico","Tlaxcala","Tasa de Ocupación en el sector informal","https://www.inegi.org.mx/programas/enoe/15ymas/#tabulados",NA,NA,NA,NA,41.5,42.2,42.3,42.3
"Económico","Veracruz de Ignacio de la Llave","Población Económicamente Activa PEA","https://www.inegi.org.mx/programas/enoe/15ymas/#tabulados",NA,NA,NA,NA,3486109,3478565,3398520,3335728
"Económico","Veracruz de Ignacio de la Llave","Población Ocupada","https://www.inegi.org.mx/programas/enoe/15ymas/#tabulados",NA,NA,NA,NA,3417651,3398317,3323398,3270790
"Económico","Veracruz de Ignacio de la Llave","Población Desocupada","https://www.inegi.org.mx/programas/enoe/15ymas/#tabulados",NA,NA,NA,NA,68458,80248,75122,64938
"Económico","Veracruz de Ignacio de la Llave","Tasa de Participación","https://www.inegi.org.mx/programas/enoe/15ymas/#tabulados",NA,NA,NA,NA,54.4,54.6,53,52.1
"Económico","Veracruz de Ignacio de la Llave","Tasa de Desocupación","https://www.inegi.org.mx/programas/enoe/15ymas/#tabulados",NA,NA,NA,NA,2,2.3,2.2,1.9
"Económico","Veracruz de Ignacio de la Llave","Tasa de Ocupación parcial y desocupación/","https://www.inegi.org.mx/programas/enoe/15ymas/#tabulados",NA,NA,NA,NA,9.2,10.5,10.7,10.1
"Económico","Veracruz de Ignacio de la Llave","Tasa de Presión general","https://www.inegi.org.mx/programas/enoe/15ymas/#tabulados",NA,NA,NA,NA,3.2,4,4.5,3.8
"Económico","Veracruz de Ignacio de la Llave","Tasa de Trabajo asalariado","https://www.inegi.org.mx/programas/enoe/15ymas/#tabulados",NA,NA,NA,NA,58.4,60.9,59.6,61.3
"Económico","Veracruz de Ignacio de la Llave","Tasa de Subocupación","https://www.inegi.org.mx/programas/enoe/15ymas/#tabulados",NA,NA,NA,NA,6.2,8.6,7.3,6.4
"Económico","Veracruz de Ignacio de la Llave","Tasa de Condiciones críticas de ocupación","https://www.inegi.org.mx/programas/enoe/15ymas/#tabulados",NA,NA,NA,NA,40.5,35.6,36.4,36.7
"Económico","Veracruz de Ignacio de la Llave","Tasa de Informalidad laboral","https://www.inegi.org.mx/programas/enoe/15ymas/#tabulados",NA,NA,NA,NA,70.1,70.1,69.5,69
"Económico","Veracruz de Ignacio de la Llave","Tasa de Ocupación en el sector informal","https://www.inegi.org.mx/programas/enoe/15ymas/#tabulados",NA,NA,NA,NA,31.8,31.1,32.3,32.2
"Económico","Yucatán","Población Económicamente Activa PEA","https://www.inegi.org.mx/programas/enoe/15ymas/#tabulados",NA,NA,NA,NA,1239857,1241774,1269578,1268673
"Económico","Yucatán","Población Ocupada","https://www.inegi.org.mx/programas/enoe/15ymas/#tabulados",NA,NA,NA,NA,1220915,1217647,1249993,1249997
"Económico","Yucatán","Población Desocupada","https://www.inegi.org.mx/programas/enoe/15ymas/#tabulados",NA,NA,NA,NA,18942,24127,19585,18676
"Económico","Yucatán","Tasa de Participación","https://www.inegi.org.mx/programas/enoe/15ymas/#tabulados",NA,NA,NA,NA,65.6,65.8,66.3,65.5
"Económico","Yucatán","Tasa de Desocupación","https://www.inegi.org.mx/programas/enoe/15ymas/#tabulados",NA,NA,NA,NA,1.5,1.9,1.5,1.5
"Económico","Yucatán","Tasa de Ocupación parcial y desocupación/","https://www.inegi.org.mx/programas/enoe/15ymas/#tabulados",NA,NA,NA,NA,11.7,12.8,11.3,10.9
"Económico","Yucatán","Tasa de Presión general","https://www.inegi.org.mx/programas/enoe/15ymas/#tabulados",NA,NA,NA,NA,5.2,6.1,5.1,4.4
"Económico","Yucatán","Tasa de Trabajo asalariado","https://www.inegi.org.mx/programas/enoe/15ymas/#tabulados",NA,NA,NA,NA,67.3,66.5,65.9,66.4
"Económico","Yucatán","Tasa de Subocupación","https://www.inegi.org.mx/programas/enoe/15ymas/#tabulados",NA,NA,NA,NA,6.7,8.5,6.4,6.1
"Económico","Yucatán","Tasa de Condiciones críticas de ocupación","https://www.inegi.org.mx/programas/enoe/15ymas/#tabulados",NA,NA,NA,NA,33.7,33,33.5,34.4
"Económico","Yucatán","Tasa de Informalidad laboral","https://www.inegi.org.mx/programas/enoe/15ymas/#tabulados",NA,NA,NA,NA,57,58.6,58.8,59.9
"Económico","Yucatán","Tasa de Ocupación en el sector informal","https://www.inegi.org.mx/programas/enoe/15ymas/#tabulados",NA,NA,NA,NA,31.9,32.8,32.8,32.9
"Económico","Zacatecas","Población Económicamente Activa PEA","https://www.inegi.org.mx/programas/enoe/15ymas/#tabulados",NA,NA,NA,NA,670058,702078,724842,719845
"Económico","Zacatecas","Población Ocupada","https://www.inegi.org.mx/programas/enoe/15ymas/#tabulados",NA,NA,NA,NA,650754,688229,703871,705514
"Económico","Zacatecas","Población Desocupada","https://www.inegi.org.mx/programas/enoe/15ymas/#tabulados",NA,NA,NA,NA,19304,13849,20971,14331
"Económico","Zacatecas","Tasa de Participación","https://www.inegi.org.mx/programas/enoe/15ymas/#tabulados",NA,NA,NA,NA,53.3,55.6,56.3,54.8
"Económico","Zacatecas","Tasa de Desocupación","https://www.inegi.org.mx/programas/enoe/15ymas/#tabulados",NA,NA,NA,NA,2.9,2,2.9,2
"Económico","Zacatecas","Tasa de Ocupación parcial y desocupación/","https://www.inegi.org.mx/programas/enoe/15ymas/#tabulados",NA,NA,NA,NA,11.2,9.9,10.8,8.8
"Económico","Zacatecas","Tasa de Presión general","https://www.inegi.org.mx/programas/enoe/15ymas/#tabulados",NA,NA,NA,NA,6.1,5.9,6.4,4.6
"Económico","Zacatecas","Tasa de Trabajo asalariado","https://www.inegi.org.mx/programas/enoe/15ymas/#tabulados",NA,NA,NA,NA,67.5,64.2,63,63.7
"Económico","Zacatecas","Tasa de Subocupación","https://www.inegi.org.mx/programas/enoe/15ymas/#tabulados",NA,NA,NA,NA,8.1,10.4,8.1,6.5
"Económico","Zacatecas","Tasa de Condiciones críticas de ocupación","https://www.inegi.org.mx/programas/enoe/15ymas/#tabulados",NA,NA,NA,NA,24.7,23.8,23.7,24.1
"Económico","Zacatecas","Tasa de Informalidad laboral","https://www.inegi.org.mx/programas/enoe/15ymas/#tabulados",NA,NA,NA,NA,36.4,34.4,35.3,36.1
"Económico","Zacatecas","Tasa de Ocupación en el sector informal","https://www.inegi.org.mx/programas/enoe/15ymas/#tabulados",NA,NA,NA,NA,57.8,58.8,59.9,60.6
"Económico","Aguascalientes","Exportaciones por Entidad Federativa","https://www.inegi.org.mx/temas/exportacionesef/#tabulados",3913330,3333573,3450795,3558598,3252237,3212701,3474315,NA
"Económico","Baja California","Exportaciones por Entidad Federativa","https://www.inegi.org.mx/temas/exportacionesef/#tabulados",11507691,14360683,14488252,15237937,12588098,13634081,14145777,NA
"Económico","Baja California Sur","Exportaciones por Entidad Federativa","https://www.inegi.org.mx/temas/exportacionesef/#tabulados",110652,131022,162355,186275,114865,109490,120008,NA
"Económico","Campeche","Exportaciones por Entidad Federativa","https://www.inegi.org.mx/temas/exportacionesef/#tabulados",3299368,3136642,2812682,3109012,2525137,2090686,2067642,NA
"Económico","Coahuila de Zaragoza","Exportaciones por Entidad Federativa","https://www.inegi.org.mx/temas/exportacionesef/#tabulados",15465276,17665981,17238048,17236852,15811519,17733473,17719420,NA
"Económico","Colima","Exportaciones por Entidad Federativa","https://www.inegi.org.mx/temas/exportacionesef/#tabulados",347186,377715,387300,371297,440573,465581,416457,NA
"Económico","Chiapas","Exportaciones por Entidad Federativa","https://www.inegi.org.mx/temas/exportacionesef/#tabulados",309972,345236,250704,266895,297995,422270,320261,NA
"Económico","Chihuahua","Exportaciones por Entidad Federativa","https://www.inegi.org.mx/temas/exportacionesef/#tabulados",16720440,18321119,20229251,20122805,21320700,26230508,28907887,NA
"Económico","Ciudad de México","Exportaciones por Entidad Federativa","https://www.inegi.org.mx/temas/exportacionesef/#tabulados",936075,1032161,1047072,1016663,942219,953806,993063,NA
"Económico","Durango","Exportaciones por Entidad Federativa","https://www.inegi.org.mx/temas/exportacionesef/#tabulados",679310,759153,768080,737093,694175,715623,716549,NA
"Económico","Guanajuato","Exportaciones por Entidad Federativa","https://www.inegi.org.mx/temas/exportacionesef/#tabulados",8947765,8921156,8919946,9526227,7520703,8570708,7747314,NA
"Económico","Guerrero","Exportaciones por Entidad Federativa","https://www.inegi.org.mx/temas/exportacionesef/#tabulados",312340,356695,456989,442927,270453,250095,117464,NA
"Económico","Hidalgo","Exportaciones por Entidad Federativa","https://www.inegi.org.mx/temas/exportacionesef/#tabulados",885270,796493,953462,940656,750091,808885,736697,NA
"Económico","Jalisco","Exportaciones por Entidad Federativa","https://www.inegi.org.mx/temas/exportacionesef/#tabulados",6768212,7276357,7320325,9060059,8457107,10249521,13839746,NA
"Económico","México","Exportaciones por Entidad Federativa","https://www.inegi.org.mx/temas/exportacionesef/#tabulados",5310987,6126029,5634832,5787681,5909847,5419427,5507570,NA
"Económico","Michoacán de Ocampo","Exportaciones por Entidad Federativa","https://www.inegi.org.mx/temas/exportacionesef/#tabulados",1855090,1384252,1341245,1777586,2074049,1706107,1289244,NA
"Económico","Morelos","Exportaciones por Entidad Federativa","https://www.inegi.org.mx/temas/exportacionesef/#tabulados",860041,934528,1038014,997632,1000285,862665,885052,NA
"Económico","Nayarit","Exportaciones por Entidad Federativa","https://www.inegi.org.mx/temas/exportacionesef/#tabulados",95407,119619,94865,85105,91825,116528,98858,NA
"Económico","Nuevo León","Exportaciones por Entidad Federativa","https://www.inegi.org.mx/temas/exportacionesef/#tabulados",13045249,13781297,15287899,15195491,13259403,14471046,14735401,NA
"Económico","Oaxaca","Exportaciones por Entidad Federativa","https://www.inegi.org.mx/temas/exportacionesef/#tabulados",323432,467880,391405,229368,318174,363340,313297,NA
"Económico","Puebla","Exportaciones por Entidad Federativa","https://www.inegi.org.mx/temas/exportacionesef/#tabulados",4149143,4975693,4932138,4829966,3360222,4047006,5119076,NA
"Económico","Querétaro","Exportaciones por Entidad Federativa","https://www.inegi.org.mx/temas/exportacionesef/#tabulados",4499936,4789119,4231284,4121865,4016949,4656141,4532511,NA
"Económico","Quintana Roo","Exportaciones por Entidad Federativa","https://www.inegi.org.mx/temas/exportacionesef/#tabulados",11326,6176,4159,14589,5238,9307,9151,NA
"Económico","San Luis Potosí","Exportaciones por Entidad Federativa","https://www.inegi.org.mx/temas/exportacionesef/#tabulados",5723725,5957859,5487630,6202145,5676929,6038305,6449710,NA
"Económico","Sinaloa","Exportaciones por Entidad Federativa","https://www.inegi.org.mx/temas/exportacionesef/#tabulados",1469722,980491,586145,581647,1329199,814758,564788,NA
"Económico","Sonora","Exportaciones por Entidad Federativa","https://www.inegi.org.mx/temas/exportacionesef/#tabulados",6844614,7928037,6946126,6777105,6994659,7519154,6656502,NA
"Económico","Tabasco","Exportaciones por Entidad Federativa","https://www.inegi.org.mx/temas/exportacionesef/#tabulados",2325822,2267823,2067100,2219547,1955702,1468118,1577201,NA
"Económico","Tamaulipas","Exportaciones por Entidad Federativa","https://www.inegi.org.mx/temas/exportacionesef/#tabulados",8527195,9231139,9549347,9600488,8606640,9761515,9503028,NA
"Económico","Tlaxcala","Exportaciones por Entidad Federativa","https://www.inegi.org.mx/temas/exportacionesef/#tabulados",436405,488694,519575,484018,472085,527094,474950,NA
"Económico","Veracruz de Ignacio de la Llave","Exportaciones por Entidad Federativa","https://www.inegi.org.mx/temas/exportacionesef/#tabulados",1974628,1963125,1672203,1810483,1939962,1820805,1687967,NA
"Económico","Yucatán","Exportaciones por Entidad Federativa","https://www.inegi.org.mx/temas/exportacionesef/#tabulados",433240,506718,570093,591923,560094,604065,650819,NA
"Económico","Zacatecas","Exportaciones por Entidad Federativa","https://www.inegi.org.mx/temas/exportacionesef/#tabulados",848987,970354,862938,1271151,1067838,1330670,1178918,NA
"Económico","Aguascalientes","Indicador Trimestral de la Actividad Economica Estatal ITAEE","https://www.inegi.org.mx/temas/itaee/#tabulados",99.8539863342246,99.9844389800721,99.813868709335,99.536106081931,100.269394739945,101.997122978896,101.969461887262,NA
"Económico","Baja California","Indicador Trimestral de la Actividad Economica Estatal ITAEE","https://www.inegi.org.mx/temas/itaee/#tabulados",105.854548227889,108.508455496618,108.253501930705,106.537568379584,107.755003627647,107.442221685318,105.877641467386,NA
"Económico","Baja California Sur","Indicador Trimestral de la Actividad Economica Estatal ITAEE","https://www.inegi.org.mx/temas/itaee/#tabulados",100.823566324624,99.7147779987201,99.4427767193334,102.278781468206,102.22741861626,102.622260955436,103.699380966265,NA
"Económico","Campeche","Indicador Trimestral de la Actividad Economica Estatal ITAEE","https://www.inegi.org.mx/temas/itaee/#tabulados",90.6484753018403,84.2191272885616,79.2933519197205,79.5789869624887,74.4741781180678,72.7537353186057,69.9951455513399,NA
"Económico","Coahuila de Zaragoza","Indicador Trimestral de la Actividad Economica Estatal ITAEE","https://www.inegi.org.mx/temas/itaee/#tabulados",93.1046307426237,95.3539111591532,95.2543416006071,94.9280612669503,93.3413175343349,94.713870256411,92.4038365781482,NA
"Económico","Colima","Indicador Trimestral de la Actividad Economica Estatal ITAEE","https://www.inegi.org.mx/temas/itaee/#tabulados",101.350947285237,101.73016911664,100.41659235413,102.242874277599,103.562500190402,102.903557238741,104.217972414318,NA
"Económico","Chiapas","Indicador Trimestral de la Actividad Economica Estatal ITAEE","https://www.inegi.org.mx/temas/itaee/#tabulados",109.109496788111,109.25955917422,110.228826121471,111.218509765566,111.751343550259,112.866888337314,113.089855754848,NA
"Económico","Chihuahua","Indicador Trimestral de la Actividad Economica Estatal ITAEE","https://www.inegi.org.mx/temas/itaee/#tabulados",109.408897872661,108.174389991155,108.931849930302,108.023176318184,107.143918388966,108.043381353376,108.813434118531,NA
"Económico","Ciudad de México","Indicador Trimestral de la Actividad Economica Estatal ITAEE","https://www.inegi.org.mx/temas/itaee/#tabulados",105.247384907862,104.742496271571,105.212997478409,104.971468932608,105.428670326604,106.391459398301,106.836731970312,NA
"Económico","Durango","Indicador Trimestral de la Actividad Economica Estatal ITAEE","https://www.inegi.org.mx/temas/itaee/#tabulados",103.490549351793,106.890847045808,104.495127117484,103.086903263395,103.113311199204,102.547317041933,100.532630964664,NA
"Económico","Guanajuato","Indicador Trimestral de la Actividad Economica Estatal ITAEE","https://www.inegi.org.mx/temas/itaee/#tabulados",102.246439262513,102.506931156477,105.293262280363,106.12735278118,104.491151307892,107.465699717713,105.696702606299,NA
"Económico","Guerrero","Indicador Trimestral de la Actividad Economica Estatal ITAEE","https://www.inegi.org.mx/temas/itaee/#tabulados",96.1888854316871,98.3519177896097,98.2321761749712,100.343147438176,102.093302041847,100.821759787768,101.577941984001,NA
"Económico","Hidalgo","Indicador Trimestral de la Actividad Economica Estatal ITAEE","https://www.inegi.org.mx/temas/itaee/#tabulados",107.654704911748,104.153382739408,109.882157677501,108.07548509482,108.805968215733,111.443433036374,110.404468987544,NA
"Económico","Jalisco","Indicador Trimestral de la Actividad Economica Estatal ITAEE","https://www.inegi.org.mx/temas/itaee/#tabulados",105.934341245958,105.964476950371,106.187284595652,105.800817376515,107.054572840741,107.354631087405,107.792408534607,NA
"Económico","México","Indicador Trimestral de la Actividad Economica Estatal ITAEE","https://www.inegi.org.mx/temas/itaee/#tabulados",101.988403717727,102.946172199596,104.599327058906,103.839764292322,104.385081382113,104.435585313844,104.323689879381,NA
"Económico","Michoacán de Ocampo","Indicador Trimestral de la Actividad Economica Estatal ITAEE","https://www.inegi.org.mx/temas/itaee/#tabulados",106.27026113983,107.086912911913,108.797607456315,106.47168024161,107.295769974392,110.681684509286,110.508634459914,NA
"Económico","Morelos","Indicador Trimestral de la Actividad Economica Estatal ITAEE","https://www.inegi.org.mx/temas/itaee/#tabulados",98.9985728417141,100.546469574721,99.8603696525915,98.8148924621805,100.899399216116,100.986741448223,100.697481876193,NA
"Económico","Nayarit","Indicador Trimestral de la Actividad Economica Estatal ITAEE","https://www.inegi.org.mx/temas/itaee/#tabulados",99.9997482815776,100.815301770165,102.056358014455,103.63841880975,104.562105838022,101.525504305087,101.87791806184,NA
"Económico","Nuevo León","Indicador Trimestral de la Actividad Economica Estatal ITAEE","https://www.inegi.org.mx/temas/itaee/#tabulados",106.175359571711,105.524085379561,110.320046873298,109.330243622877,107.891911414349,110.022124948929,108.735449133092,NA
"Económico","Oaxaca","Indicador Trimestral de la Actividad Economica Estatal ITAEE","https://www.inegi.org.mx/temas/itaee/#tabulados",117.438182621164,123.731633633858,125.563129851357,123.181056501775,123.026545629848,119.41236556278,118.765417810508,NA
"Económico","Puebla","Indicador Trimestral de la Actividad Economica Estatal ITAEE","https://www.inegi.org.mx/temas/itaee/#tabulados",102.690647326813,103.990829240495,104.955632724103,102.58028162195,102.226605514952,104.061168608653,103.607140108211,NA
"Económico","Querétaro","Indicador Trimestral de la Actividad Economica Estatal ITAEE","https://www.inegi.org.mx/temas/itaee/#tabulados",101.348593647554,101.29168669181,101.766368409581,100.562278407075,101.657098630852,102.984790414892,101.493927251344,NA
"Económico","Quintana Roo","Indicador Trimestral de la Actividad Economica Estatal ITAEE","https://www.inegi.org.mx/temas/itaee/#tabulados",106.823770990033,103.239168022173,100.015187051077,99.1041845565577,93.2703280445908,94.2235867842577,92.7408460159838,NA
"Económico","San Luis Potosí","Indicador Trimestral de la Actividad Economica Estatal ITAEE","https://www.inegi.org.mx/temas/itaee/#tabulados",103.577835772307,103.341273336433,104.10816710548,103.44164095764,105.06836409241,106.005973251115,107.780858757395,NA
"Económico","Sinaloa","Indicador Trimestral de la Actividad Economica Estatal ITAEE","https://www.inegi.org.mx/temas/itaee/#tabulados",99.7175972413761,97.9359043633254,98.3532459580881,93.3332272363034,99.9531629809066,97.2288063399087,97.5874444027935,NA
"Económico","Sonora","Indicador Trimestral de la Actividad Economica Estatal ITAEE","https://www.inegi.org.mx/temas/itaee/#tabulados",103.99528971917,104.142561274863,103.542891244817,103.191787992288,103.67469145692,103.596575337879,104.274364692496,NA
"Económico","Tabasco","Indicador Trimestral de la Actividad Economica Estatal ITAEE","https://www.inegi.org.mx/temas/itaee/#tabulados",136.322205382706,128.854285221195,126.830221264052,122.095149687019,120.100044224656,121.003013240609,120.826243636522,NA
"Económico","Tamaulipas","Indicador Trimestral de la Actividad Economica Estatal ITAEE","https://www.inegi.org.mx/temas/itaee/#tabulados",102.246446496749,103.154525230981,104.089109160333,105.506207569271,103.856095899516,106.510352048644,107.297545001105,NA
"Económico","Tlaxcala","Indicador Trimestral de la Actividad Economica Estatal ITAEE","https://www.inegi.org.mx/temas/itaee/#tabulados",101.4340161058,103.328402333481,102.607809054118,102.425016556767,103.60475939144,102.344039088767,105.237197561592,NA
"Económico","Veracruz de Ignacio de la Llave","Indicador Trimestral de la Actividad Economica Estatal ITAEE","https://www.inegi.org.mx/temas/itaee/#tabulados",105.914530927058,106.314854205195,106.568573218525,106.29758581166,105.539968610871,104.061431132206,105.50687614,NA
"Económico","Yucatán","Indicador Trimestral de la Actividad Economica Estatal ITAEE","https://www.inegi.org.mx/temas/itaee/#tabulados",108.813514461735,109.632125477744,110.391262198888,110.721336619996,111.151696035115,111.489536046048,112.953630437197,NA
"Económico","Zacatecas","Indicador Trimestral de la Actividad Economica Estatal ITAEE","https://www.inegi.org.mx/temas/itaee/#tabulados",106.161827724234,105.499858811502,107.415526242989,107.805417700704,106.739605148776,106.910726405958,109.831347956241,NA
"Económico","Aguascalientes","Informalidad Laboral","https://mexicocomovamos.mx/datos/",39.3815661372586,41.0216461696557,41.6189474072843,42.0303554357283,40.9076636687824,42.6755579749593,42.1690425044768,43.4021004150961
"Económico","Baja California","Informalidad Laboral","https://mexicocomovamos.mx/datos/",37.0736882016912,36.2193445034021,36.5990534522714,37.4251012828932,36.1409895049947,37.3164368675943,37.5733256738817,37.3252466961278
"Económico","Baja California Sur","Informalidad Laboral","https://mexicocomovamos.mx/datos/",40.687134581851,39.9411777450386,37.9205524575145,39.1210511838513,37.6805188719434,36.7304476442247,39.0446031888923,40.0764589146663
"Económico","Campeche","Informalidad Laboral","https://mexicocomovamos.mx/datos/",62.5156758763026,60.4776276848251,60.3167521748827,61.9050153143885,61.6721072805651,61.1424947095752,59.862017392563,63.8314225700843
"Económico","Coahuila de Zaragoza","Informalidad Laboral","https://mexicocomovamos.mx/datos/",36.238261778562,38.3293805673309,38.0190778535154,37.6342534341639,36.4340542494538,37.4413215187843,36.7889903716888,36.3009802240558
"Económico","Colima","Informalidad Laboral","https://mexicocomovamos.mx/datos/",52.0075628574448,50.608633982013,47.7706434107598,48.8658213213025,50.7949690000125,51.0087576221426,51.251035423671,52.3569209969641
"Económico","Chiapas","Informalidad Laboral","https://mexicocomovamos.mx/datos/",70.554926387316,71.4167771953841,72.2618234591086,74.4271501369293,73.4846802762406,73.4448838159707,72.640096805207,71.4825892617193
"Económico","Chihuahua","Informalidad Laboral","https://mexicocomovamos.mx/datos/",31.7159613696225,33.197349676722,33.0568734830283,32.5441204906168,30.8689439442513,31.8059278098405,32.3828602087338,31.6290088472476
"Económico","Ciudad de México","Informalidad Laboral","https://mexicocomovamos.mx/datos/",47.7097045370598,45.7580145579465,46.4033999304178,46.1013672502401,44.7594322210382,44.2277717701546,47.1583092804974,47.2282235376988
"Económico","Durango","Informalidad Laboral","https://mexicocomovamos.mx/datos/",52.1157865794711,51.6210452513802,52.6525285666764,53.0979493101152,51.4745308310993,52.8653397017032,53.2082902092156,55.8225641110659
"Económico","Guanajuato","Informalidad Laboral","https://mexicocomovamos.mx/datos/",56.3941002471738,56.5288312603454,56.5458901277623,56.5055431068356,54.8596990646604,56.1443566978958,53.4766714644183,55.4665068867436
"Económico","Guerrero","Informalidad Laboral","https://mexicocomovamos.mx/datos/",80.0659874344893,78.7460814105722,79.4906979318859,79.2146041864905,76.7952778803908,75.1999886149988,78.0028057345329,75.9099674763327
"Económico","Hidalgo","Informalidad Laboral","https://mexicocomovamos.mx/datos/",72.6778691455132,74.3039968974964,72.8650780585739,74.294364447374,76.6748269855467,74.0693777879482,74.6078702619872,72.8277460480305
"Económico","Jalisco","Informalidad Laboral","https://mexicocomovamos.mx/datos/",50.423386453107,49.6160104972018,48.0123403615455,48.1744087813714,47.4606614769389,46.6439351257735,47.8547041329815,50.9545271593613
"Económico","México","Informalidad Laboral","https://mexicocomovamos.mx/datos/",56.5143311940622,53.6035472619473,55.0887665902206,55.5352503624308,56.8281635397834,56.3121115076932,58.8179755668721,56.2136183933103
"Económico","Michoacán de Ocampo","Informalidad Laboral","https://mexicocomovamos.mx/datos/",65.2984083878588,65.2560316244187,67.0548132782501,66.8137663865582,66.7443996489527,68.6613560655563,67.3557846609497,66.9955862737168
"Económico","Morelos","Informalidad Laboral","https://mexicocomovamos.mx/datos/",67.2481590613189,67.1466973886329,67.0413176404058,68.1334085233222,66.1268728423551,64.5634273890677,64.124255804323,63.3245608571073
"Económico","Nayarit","Informalidad Laboral","https://mexicocomovamos.mx/datos/",56.2672897900727,58.4904326865848,59.9127423507169,60.2411080199827,59.5581737849777,58.8050822313445,57.2015149100238,54.5583147087453
"Económico","Nuevo León","Informalidad Laboral","https://mexicocomovamos.mx/datos/",40.2766787223458,39.5094574325334,38.8943748637553,35.6215462524166,36.1299479865068,37.6947574674519,37.9276333544004,39.905091180259
"Económico","Oaxaca","Informalidad Laboral","https://mexicocomovamos.mx/datos/",79.7368109260897,79.22188998168,81.4748988873577,77.9821550197521,75.7027656078862,79.2943206567702,79.9433692114632,79.4609042563739
"Económico","Puebla","Informalidad Laboral","https://mexicocomovamos.mx/datos/",72.9528605399355,71.4974332829798,72.1135766786318,72.7470358681364,74.0932950211036,72.6588650840866,71.4926774626476,73.2913525280725
"Económico","Querétaro","Informalidad Laboral","https://mexicocomovamos.mx/datos/",45.8893940427511,43.9394337051431,45.5077947391935,42.4872506270713,40.9803796081352,43.4508643915365,43.8012955672249,42.360373663528
"Económico","Quintana Roo","Informalidad Laboral","https://mexicocomovamos.mx/datos/",47.4437044167288,47.4140491062404,45.8202271762154,46.692064242337,45.7575931142573,45.2163095853661,46.0089918682904,48.150337923934
"Económico","San Luis Potosí","Informalidad Laboral","https://mexicocomovamos.mx/datos/",53.9783988872491,54.5747657977557,56.0339227979009,55.8404370097492,55.8347879502976,56.3511731252257,54.7839699943698,57.5015691242553
"Económico","Sinaloa","Informalidad Laboral","https://mexicocomovamos.mx/datos/",49.1501026650579,49.0009927438878,46.3069181185043,44.7226251114904,44.6012801750848,47.0212397980612,48.8746982454826,48.1900653301424
"Económico","Sonora","Informalidad Laboral","https://mexicocomovamos.mx/datos/",39.3689122816699,42.6718194323978,40.8540716856374,40.5817633205769,42.0877301707232,46.1513227596274,44.8973880597016,46.8323799060465
"Económico","Tabasco","Informalidad Laboral","https://mexicocomovamos.mx/datos/",66.0789063141475,65.2892496722942,63.7472831718736,66.9556960805105,67.9657668197234,67.5583542791523,68.7133958172108,67.5565133257102
"Económico","Tamaulipas","Informalidad Laboral","https://mexicocomovamos.mx/datos/",42.9907788562387,43.5605912397554,47.3186817986591,48.5688455467702,49.2795972303679,48.8432039242055,46.0427284229446,47.9139993883855
"Económico","Tlaxcala","Informalidad Laboral","https://mexicocomovamos.mx/datos/",71.983622329767,70.8854525404432,70.7066034462818,70.8806321654421,71.1909514304725,72.9470305416283,72.7284449119473,71.5303514264977
"Económico","Veracruz de Ignacio de la Llave","Informalidad Laboral","https://mexicocomovamos.mx/datos/",67.259921630771,67.7708861911868,70.9296057838335,69.955573678359,69.4845702370596,70.4235534751998,70.8920533959935,70.0848508447583
"Económico","Yucatán","Informalidad Laboral","https://mexicocomovamos.mx/datos/",63.5762133151764,64.3023831412206,63.3478079038191,61.6480146810863,61.0582579690673,62.1705411213128,62.8695862752666,64.0058071787427
"Económico","Zacatecas","Informalidad Laboral","https://mexicocomovamos.mx/datos/",57.0519236784486,59.1754776407895,57.9006291671298,56.725576629038,55.0355421393446,57.2242828265782,55.9063674703472,57.053198979476
"Económico","Aguascalientes","Ingresos por Remesas","https://www.banxico.org.mx/SieInternet/consultarDirectorioInternetAction.do?accion=consultarCuadro&idCuadro=CE100",NA,NA,NA,NA,216.615052,235.940667,243.942924,241.05026
"Económico","Baja California","Ingresos por Remesas","https://www.banxico.org.mx/SieInternet/consultarDirectorioInternetAction.do?accion=consultarCuadro&idCuadro=CE100",NA,NA,NA,NA,340.163344,471.473375,507.08457,450.056795
"Económico","Baja California Sur","Ingresos por Remesas","https://www.banxico.org.mx/SieInternet/consultarDirectorioInternetAction.do?accion=consultarCuadro&idCuadro=CE100",NA,NA,NA,NA,34.211966,33.994397,37.442769,38.260985
"Económico","Campeche","Ingresos por Remesas","https://www.banxico.org.mx/SieInternet/consultarDirectorioInternetAction.do?accion=consultarCuadro&idCuadro=CE100",NA,NA,NA,NA,39.66907,44.114092,47.332805,44.137495
"Económico","Coahuila de Zaragoza","Ingresos por Remesas","https://www.banxico.org.mx/SieInternet/consultarDirectorioInternetAction.do?accion=consultarCuadro&idCuadro=CE100",NA,NA,NA,NA,201.325101,210.338485,218.389485,223.593495
"Económico","Colima","Ingresos por Remesas","https://www.banxico.org.mx/SieInternet/consultarDirectorioInternetAction.do?accion=consultarCuadro&idCuadro=CE100",NA,NA,NA,NA,98.470401,101.898369,105.734576,110.236054
"Económico","Chiapas","Ingresos por Remesas","https://www.banxico.org.mx/SieInternet/consultarDirectorioInternetAction.do?accion=consultarCuadro&idCuadro=CE100",NA,NA,NA,NA,971.383016,1066.239021,1105.061444,1016.817273
"Económico","Chihuahua","Ingresos por Remesas","https://www.banxico.org.mx/SieInternet/consultarDirectorioInternetAction.do?accion=consultarCuadro&idCuadro=CE100",NA,NA,NA,NA,320.892214,328.149473,348.201118,358.498752
"Económico","Ciudad de México","Ingresos por Remesas","https://www.banxico.org.mx/SieInternet/consultarDirectorioInternetAction.do?accion=consultarCuadro&idCuadro=CE100",NA,NA,NA,NA,942.873313,816.724791,954.310121,1173.841961
"Económico","Durango","Ingresos por Remesas","https://www.banxico.org.mx/SieInternet/consultarDirectorioInternetAction.do?accion=consultarCuadro&idCuadro=CE100",NA,NA,NA,NA,284.393357,329.148288,352.253445,337.827321
"Económico","Guanajuato","Ingresos por Remesas","https://www.banxico.org.mx/SieInternet/consultarDirectorioInternetAction.do?accion=consultarCuadro&idCuadro=CE100",NA,NA,NA,NA,1216.969375,1385.690612,1459.981387,1452.39987
"Económico","Guerrero","Ingresos por Remesas","https://www.banxico.org.mx/SieInternet/consultarDirectorioInternetAction.do?accion=consultarCuadro&idCuadro=CE100",NA,NA,NA,NA,797.985951,856.01953,873.035909,869.321842
"Económico","Hidalgo","Ingresos por Remesas","https://www.banxico.org.mx/SieInternet/consultarDirectorioInternetAction.do?accion=consultarCuadro&idCuadro=CE100",NA,NA,NA,NA,395.523388,447.423381,476.14052,450.044279
"Económico","Jalisco","Ingresos por Remesas","https://www.banxico.org.mx/SieInternet/consultarDirectorioInternetAction.do?accion=consultarCuadro&idCuadro=CE100",NA,NA,NA,NA,1248.592002,1259.030656,1306.710955,1331.210759
"Económico","México","Ingresos por Remesas","https://www.banxico.org.mx/SieInternet/consultarDirectorioInternetAction.do?accion=consultarCuadro&idCuadro=CE100",NA,NA,NA,NA,890.688557,932.64864,933.313857,907.777671
"Económico","Michoacán de Ocampo","Ingresos por Remesas","https://www.banxico.org.mx/SieInternet/consultarDirectorioInternetAction.do?accion=consultarCuadro&idCuadro=CE100",NA,NA,NA,NA,1267.818903,1327.367867,1376.265946,1422.617643
"Económico","Morelos","Ingresos por Remesas","https://www.banxico.org.mx/SieInternet/consultarDirectorioInternetAction.do?accion=consultarCuadro&idCuadro=CE100",NA,NA,NA,NA,263.355221,293.055187,308.427488,301.64052
"Económico","Nayarit","Ingresos por Remesas","https://www.banxico.org.mx/SieInternet/consultarDirectorioInternetAction.do?accion=consultarCuadro&idCuadro=CE100",NA,NA,NA,NA,184.541358,197.105216,202.242849,205.823112
"Económico","Nuevo León","Ingresos por Remesas","https://www.banxico.org.mx/SieInternet/consultarDirectorioInternetAction.do?accion=consultarCuadro&idCuadro=CE100",NA,NA,NA,NA,270.201278,289.161699,307.426246,314.177819
"Económico","Oaxaca","Ingresos por Remesas","https://www.banxico.org.mx/SieInternet/consultarDirectorioInternetAction.do?accion=consultarCuadro&idCuadro=CE100",NA,NA,NA,NA,807.635373,869.878572,941.653115,889.320202
"Económico","Puebla","Ingresos por Remesas","https://www.banxico.org.mx/SieInternet/consultarDirectorioInternetAction.do?accion=consultarCuadro&idCuadro=CE100",NA,NA,NA,NA,788.559122,856.228693,910.201001,871.469366
"Económico","Querétaro","Ingresos por Remesas","https://www.banxico.org.mx/SieInternet/consultarDirectorioInternetAction.do?accion=consultarCuadro&idCuadro=CE100",NA,NA,NA,NA,278.336915,308.924021,324.58386,306.306548
"Económico","Quintana Roo","Ingresos por Remesas","https://www.banxico.org.mx/SieInternet/consultarDirectorioInternetAction.do?accion=consultarCuadro&idCuadro=CE100",NA,NA,NA,NA,84.747818,84.329129,91.453721,95.264579
"Económico","San Luis Potosí","Ingresos por Remesas","https://www.banxico.org.mx/SieInternet/consultarDirectorioInternetAction.do?accion=consultarCuadro&idCuadro=CE100",NA,NA,NA,NA,449.549621,517.980083,548.199752,536.595874
"Económico","Sinaloa","Ingresos por Remesas","https://www.banxico.org.mx/SieInternet/consultarDirectorioInternetAction.do?accion=consultarCuadro&idCuadro=CE100",NA,NA,NA,NA,175.560766,184.257779,195.973849,208.245933
"Económico","Sonora","Ingresos por Remesas","https://www.banxico.org.mx/SieInternet/consultarDirectorioInternetAction.do?accion=consultarCuadro&idCuadro=CE100",NA,NA,NA,NA,178.123637,174.590749,180.694056,192.544169
"Económico","Tabasco","Ingresos por Remesas","https://www.banxico.org.mx/SieInternet/consultarDirectorioInternetAction.do?accion=consultarCuadro&idCuadro=CE100",NA,NA,NA,NA,79.07274,83.344641,85.486781,82.3767
"Económico","Tamaulipas","Ingresos por Remesas","https://www.banxico.org.mx/SieInternet/consultarDirectorioInternetAction.do?accion=consultarCuadro&idCuadro=CE100",NA,NA,NA,NA,217.548092,245.477879,255.392136,255.176128
"Económico","Tlaxcala","Ingresos por Remesas","https://www.banxico.org.mx/SieInternet/consultarDirectorioInternetAction.do?accion=consultarCuadro&idCuadro=CE100",NA,NA,NA,NA,86.55154,101.140881,113.999975,105.681391
"Económico","Veracruz de Ignacio de la Llave","Ingresos por Remesas","https://www.banxico.org.mx/SieInternet/consultarDirectorioInternetAction.do?accion=consultarCuadro&idCuadro=CE100",NA,NA,NA,NA,594.45251,657.86091,703.105627,660.552207
"Económico","Yucatán","Ingresos por Remesas","https://www.banxico.org.mx/SieInternet/consultarDirectorioInternetAction.do?accion=consultarCuadro&idCuadro=CE100",NA,NA,NA,NA,107.702574,113.791794,121.315136,119.21533
"Económico","Zacatecas","Ingresos por Remesas","https://www.banxico.org.mx/SieInternet/consultarDirectorioInternetAction.do?accion=consultarCuadro&idCuadro=CE100",NA,NA,NA,NA,420.216829,481.676728,515.377276,509.641745
"Económico","Aguascalientes","Inversion Extranjera Directa IED","https://www.gob.mx/se/acciones-y-programas/competitividad-y-normatividad-inversion-extranjera-directa?state=published",-89.5803474388188,394.128879718849,724.879700705787,993.069874008631,109.853080577278,394.592189786924,200.431821259094,NA
"Económico","Baja California","Inversion Extranjera Directa IED","https://www.gob.mx/se/acciones-y-programas/competitividad-y-normatividad-inversion-extranjera-directa?state=published",1082.63286753132,1809.06587697644,1998.27799435655,2478.52534795626,857.12456019552,1576.56110749051,1783.35401367451,NA
"Económico","Baja California Sur","Inversion Extranjera Directa IED","https://www.gob.mx/se/acciones-y-programas/competitividad-y-normatividad-inversion-extranjera-directa?state=published",174.323505472245,366.939143268178,819.722169974017,1353.15764638548,83.7326389688449,565.634457681109,873.722941713304,NA
"Económico","Campeche","Inversion Extranjera Directa IED","https://www.gob.mx/se/acciones-y-programas/competitividad-y-normatividad-inversion-extranjera-directa?state=published",12.5982099930438,126.609792033818,136.216160863963,535.955691244807,-2.87875536026484,11.6089934254017,78.5351348642766,NA
"Económico","Coahuila de Zaragoza","Inversion Extranjera Directa IED","https://www.gob.mx/se/acciones-y-programas/competitividad-y-normatividad-inversion-extranjera-directa?state=published",6.24943929964958,391.998695809047,481.481519072,396.740199236577,538.400142046803,845.115200660775,1176.86973221043,NA
"Económico","Colima","Inversion Extranjera Directa IED","https://www.gob.mx/se/acciones-y-programas/competitividad-y-normatividad-inversion-extranjera-directa?state=published",65.1935686478598,245.373983889813,261.371530899697,260.978809218263,3.93887042916335,275.089042754161,254.630972198903,NA
"Económico","Chiapas","Inversion Extranjera Directa IED","https://www.gob.mx/se/acciones-y-programas/competitividad-y-normatividad-inversion-extranjera-directa?state=published",9.41843733051251,101.242476102337,107.39340855486,104.736610992126,1.99202690569613,28.1309485201945,40.6109116789276,NA
"Económico","Chihuahua","Inversion Extranjera Directa IED","https://www.gob.mx/se/acciones-y-programas/competitividad-y-normatividad-inversion-extranjera-directa?state=published",683.057354779836,1076.27237967783,1250.21084651373,1496.72583295936,440.473920073655,936.102466520854,896.351213107087,NA
"Económico","Ciudad de México","Inversion Extranjera Directa IED","https://www.gob.mx/se/acciones-y-programas/competitividad-y-normatividad-inversion-extranjera-directa?state=published",12042.9936790362,14184.3720872113,15778.1854485985,14426.5323594284,11805.7773086041,19311.7753951304,22812.5595567606,NA
"Económico","Durango","Inversion Extranjera Directa IED","https://www.gob.mx/se/acciones-y-programas/competitividad-y-normatividad-inversion-extranjera-directa?state=published",106.711506642557,134.915198868122,226.383765751086,230.172685077265,-13.8901780137951,-58.5683131277078,-87.8340283575345,NA
"Económico","Guanajuato","Inversion Extranjera Directa IED","https://www.gob.mx/se/acciones-y-programas/competitividad-y-normatividad-inversion-extranjera-directa?state=published",596.779225336805,1351.01505352748,1671.2278357925,1442.37896093707,700.469845619409,870.657619864121,1084.15754377337,NA
"Económico","Guerrero","Inversion Extranjera Directa IED","https://www.gob.mx/se/acciones-y-programas/competitividad-y-normatividad-inversion-extranjera-directa?state=published",12.2387659541282,42.2666230441602,18.3524332661331,50.440989929118,-15.5541234719873,37.0445803534853,96.1134035849529,NA
"Económico","Hidalgo","Inversion Extranjera Directa IED","https://www.gob.mx/se/acciones-y-programas/competitividad-y-normatividad-inversion-extranjera-directa?state=published",136.287793627865,210.899821563922,282.915720777724,295.968784658782,68.9463814107983,73.628569400306,68.2939566744714,NA
"Económico","Jalisco","Inversion Extranjera Directa IED","https://www.gob.mx/se/acciones-y-programas/competitividad-y-normatividad-inversion-extranjera-directa?state=published",593.356034100826,892.974924475249,1160.97342348383,1100.30241013084,606.872441068148,933.005115823801,902.159136162445,NA
"Económico","México","Inversion Extranjera Directa IED","https://www.gob.mx/se/acciones-y-programas/competitividad-y-normatividad-inversion-extranjera-directa?state=published",674.805480627456,1709.32452412002,2594.54312591404,2641.65669655403,1888.25829677624,2248.79111084686,3164.74874961217,NA
"Económico","Michoacán de Ocampo","Inversion Extranjera Directa IED","https://www.gob.mx/se/acciones-y-programas/competitividad-y-normatividad-inversion-extranjera-directa?state=published",167.544687020514,201.253541383167,174.640305048317,110.557158862264,106.332658014775,161.41036867201,159.195558685577,NA
"Económico","Morelos","Inversion Extranjera Directa IED","https://www.gob.mx/se/acciones-y-programas/competitividad-y-normatividad-inversion-extranjera-directa?state=published",-42.1972484972852,148.396156062396,152.333897576236,160.547107083773,5.36801689489784,116.849251889515,59.3137795383493,NA
"Económico","Nayarit","Inversion Extranjera Directa IED","https://www.gob.mx/se/acciones-y-programas/competitividad-y-normatividad-inversion-extranjera-directa?state=published",11.3673073423648,183.338752425417,317.360511226913,363.4808494674,45.887520435822,129.6349976233,166.422604587346,NA
"Económico","Nuevo León","Inversion Extranjera Directa IED","https://www.gob.mx/se/acciones-y-programas/competitividad-y-normatividad-inversion-extranjera-directa?state=published",1350.72162672428,2304.2460963132,1582.36124260061,2098.24569987928,2674.17976813692,3032.24123962361,4150.72699108755,NA
"Económico","Oaxaca","Inversion Extranjera Directa IED","https://www.gob.mx/se/acciones-y-programas/competitividad-y-normatividad-inversion-extranjera-directa?state=published",6.78113459527102,63.4825846464489,79.6048895463959,82.0469549759474,-0.624323532020843,-14.1039118903956,-7.63841257554365,NA
"Económico","Puebla","Inversion Extranjera Directa IED","https://www.gob.mx/se/acciones-y-programas/competitividad-y-normatividad-inversion-extranjera-directa?state=published",362.462708310311,933.350627960772,1113.15988911543,1168.41450142668,384.445152138386,107.317656727022,384.833523698569,NA
"Económico","Querétaro","Inversion Extranjera Directa IED","https://www.gob.mx/se/acciones-y-programas/competitividad-y-normatividad-inversion-extranjera-directa?state=published",489.314217916008,878.62829031088,994.483078385214,1055.14882929516,302.013001325108,970.28402864431,956.565840032431,NA
"Económico","Quintana Roo","Inversion Extranjera Directa IED","https://www.gob.mx/se/acciones-y-programas/competitividad-y-normatividad-inversion-extranjera-directa?state=published",82.9075930127644,578.973271378994,841.158270873929,921.326501830851,289.579854912326,509.099724864251,760.20691098527,NA
"Económico","San Luis Potosí","Inversion Extranjera Directa IED","https://www.gob.mx/se/acciones-y-programas/competitividad-y-normatividad-inversion-extranjera-directa?state=published",663.565510377195,1064.23427398635,984.477164317244,843.682633381596,125.714555381126,223.025236596706,378.092569155634,NA
"Económico","Sinaloa","Inversion Extranjera Directa IED","https://www.gob.mx/se/acciones-y-programas/competitividad-y-normatividad-inversion-extranjera-directa?state=published",141.758561302156,262.842780294053,283.137528619095,316.107907354019,17.3702117377685,34.3486288791986,1.5969185169703,NA
"Económico","Sonora","Inversion Extranjera Directa IED","https://www.gob.mx/se/acciones-y-programas/competitividad-y-normatividad-inversion-extranjera-directa?state=published",63.8627721163061,105.003104145238,213.196050697441,305.402461791065,3.92092439476793,162.049410028621,87.6310984306747,NA
"Económico","Tabasco","Inversion Extranjera Directa IED","https://www.gob.mx/se/acciones-y-programas/competitividad-y-normatividad-inversion-extranjera-directa?state=published",48.0714138873682,390.89375233926,363.609646605258,384.192101764731,-49.528229122466,-69.2199714974776,86.7104319193943,NA
"Económico","Tamaulipas","Inversion Extranjera Directa IED","https://www.gob.mx/se/acciones-y-programas/competitividad-y-normatividad-inversion-extranjera-directa?state=published",104.105107805591,341.689177753211,317.27443879248,463.044537711866,232.253388359109,457.204220276756,465.808359863964,NA
"Económico","Tlaxcala","Inversion Extranjera Directa IED","https://www.gob.mx/se/acciones-y-programas/competitividad-y-normatividad-inversion-extranjera-directa?state=published",33.3374802930201,69.6662576355149,77.0147881858841,94.1626401716613,34.2408773521917,105.904032472431,110.788270349874,NA
"Económico","Veracruz de Ignacio de la Llave","Inversion Extranjera Directa IED","https://www.gob.mx/se/acciones-y-programas/competitividad-y-normatividad-inversion-extranjera-directa?state=published",684.884154914323,361.284284167291,519.694158833504,419.892260262718,99.8845965007002,94.5798940243471,-74.3286466317801,NA
"Económico","Yucatán","Inversion Extranjera Directa IED","https://www.gob.mx/se/acciones-y-programas/competitividad-y-normatividad-inversion-extranjera-directa?state=published",48.5535411551798,98.7601934409064,130.66403891151,147.829054821653,16.4938541359072,59.9526381286406,70.1290528620997,NA
"Económico","Zacatecas","Inversion Extranjera Directa IED","https://www.gob.mx/se/acciones-y-programas/competitividad-y-normatividad-inversion-extranjera-directa?state=published",-11.4473384361778,72.8825050419034,81.1845567517165,130.997852361988,12.1448226072391,134.821532771815,-195.146193053207,NA
"Económico","Aguascalientes","Índice de la Tendencia Laboral de la Pobreza (ITLP)","https://www.inegi.org.mx/desarrollosocial/pl/#tabulados",NA,NA,NA,NA,1.0963,1.1152,1.0347,0.9364
"Económico","Aguascalientes","Porcentaje de la población en pobreza laboral","https://www.inegi.org.mx/desarrollosocial/pl/#tabulados",NA,NA,NA,NA,33.5561389705,34.1347197414,31.6705976134,28.6621134239
"Económico","Aguascalientes","Ingreso laboral per cápita  a pesos corrientes (nominal)","https://www.inegi.org.mx/desarrollosocial/pl/#tabulados",NA,NA,NA,NA,4780.6168963538,4304.7661404,4556.0085590089,4913.2625805199
"Económico","Aguascalientes","Ingreso laboral Per cápita (Deflactado con la canasta alimentaria, pesos)","https://www.inegi.org.mx/desarrollosocial/pl/#tabulados",NA,NA,NA,NA,3359.8549878716,2957.8888572556,3094.2307263089,3329.3932936323
"Económico","Baja California","Índice de la Tendencia Laboral de la Pobreza (ITLP)","https://www.inegi.org.mx/desarrollosocial/pl/#tabulados",NA,NA,NA,NA,0.9666,0.949,0.9454,0.8744
"Económico","Baja California","Porcentaje de la población en pobreza laboral","https://www.inegi.org.mx/desarrollosocial/pl/#tabulados",NA,NA,NA,NA,20.0753504943,19.7103103789,19.6358059264,18.1593858213
"Económico","Baja California","Ingreso laboral per cápita  a pesos corrientes (nominal)","https://www.inegi.org.mx/desarrollosocial/pl/#tabulados",NA,NA,NA,NA,6207.6790512466,6366.9114287603,6139.5129957181,6471.063820908
"Económico","Baja California","Ingreso laboral Per cápita (Deflactado con la canasta alimentaria, pesos)","https://www.inegi.org.mx/desarrollosocial/pl/#tabulados",NA,NA,NA,NA,4361.6554194322,4373.9481477054,4167.7107283984,4381.7018185023
"Económico","Baja California Sur","Índice de la Tendencia Laboral de la Pobreza (ITLP)","https://www.inegi.org.mx/desarrollosocial/pl/#tabulados",NA,NA,NA,NA,0.7793,0.785,0.8169,0.865
"Económico","Baja California Sur","Porcentaje de la población en pobreza laboral","https://www.inegi.org.mx/desarrollosocial/pl/#tabulados",NA,NA,NA,NA,12.8276792598,12.9219291488,13.4460979012,14.2380086815
"Económico","Baja California Sur","Ingreso laboral per cápita  a pesos corrientes (nominal)","https://www.inegi.org.mx/desarrollosocial/pl/#tabulados",NA,NA,NA,NA,7728.8274301835,7471.0641987267,7684.5341951167,7631.033960832
"Económico","Baja California Sur","Ingreso laboral Per cápita (Deflactado con la canasta alimentaria, pesos)","https://www.inegi.org.mx/desarrollosocial/pl/#tabulados",NA,NA,NA,NA,5430.7691072755,5132.7149859256,5216.8189056547,5167.6213046446
"Económico","Campeche","Índice de la Tendencia Laboral de la Pobreza (ITLP)","https://www.inegi.org.mx/desarrollosocial/pl/#tabulados",NA,NA,NA,NA,0.7965,0.8416,0.8532,0.8393
"Económico","Campeche","Porcentaje de la población en pobreza laboral","https://www.inegi.org.mx/desarrollosocial/pl/#tabulados",NA,NA,NA,NA,33.2352927791,35.1144738069,35.6013433389,35.0213394144
"Económico","Campeche","Ingreso laboral per cápita  a pesos corrientes (nominal)","https://www.inegi.org.mx/desarrollosocial/pl/#tabulados",NA,NA,NA,NA,4289.3443134961,4161.7951422625,4137.0589130126,4107.3145768592
"Económico","Campeche","Ingreso laboral Per cápita (Deflactado con la canasta alimentaria, pesos)","https://www.inegi.org.mx/desarrollosocial/pl/#tabulados",NA,NA,NA,NA,3015.4492933252,2860.0748567762,2810.3153302777,2784.2001855349
"Económico","Coahuila de Zaragoza","Índice de la Tendencia Laboral de la Pobreza (ITLP)","https://www.inegi.org.mx/desarrollosocial/pl/#tabulados",NA,NA,NA,NA,0.9267,0.8725,0.9493,0.9807
"Económico","Coahuila de Zaragoza","Porcentaje de la población en pobreza laboral","https://www.inegi.org.mx/desarrollosocial/pl/#tabulados",NA,NA,NA,NA,23.5427192192,22.166926416,24.1182970501,24.9162753704
"Económico","Coahuila de Zaragoza","Ingreso laboral per cápita  a pesos corrientes (nominal)","https://www.inegi.org.mx/desarrollosocial/pl/#tabulados",NA,NA,NA,NA,5151.690694358,5502.8363847015,5353.4285023186,5370.9180682017
"Económico","Coahuila de Zaragoza","Ingreso laboral Per cápita (Deflactado con la canasta alimentaria, pesos)","https://www.inegi.org.mx/desarrollosocial/pl/#tabulados",NA,NA,NA,NA,3619.8204915216,3780.3614834898,3634.3184597071,3636.6968169274
"Económico","Colima","Índice de la Tendencia Laboral de la Pobreza (ITLP)","https://www.inegi.org.mx/desarrollosocial/pl/#tabulados",NA,NA,NA,NA,0.7478,0.8256,0.7003,0.6565
"Económico","Colima","Porcentaje de la población en pobreza laboral","https://www.inegi.org.mx/desarrollosocial/pl/#tabulados",NA,NA,NA,NA,19.6536895317,21.6983391399,18.4042510941,17.2526361157
"Económico","Colima","Ingreso laboral per cápita  a pesos corrientes (nominal)","https://www.inegi.org.mx/desarrollosocial/pl/#tabulados",NA,NA,NA,NA,5784.7018412554,5785.0891316014,6103.1926241292,6421.6259325797
"Económico","Colima","Ingreso laboral Per cápita (Deflactado con la canasta alimentaria, pesos)","https://www.inegi.org.mx/desarrollosocial/pl/#tabulados",NA,NA,NA,NA,4064.8526800846,3974.4279217308,4143.6642322292,4349.1772918924
"Económico","Chiapas","Índice de la Tendencia Laboral de la Pobreza (ITLP)","https://www.inegi.org.mx/desarrollosocial/pl/#tabulados",NA,NA,NA,NA,0.8708,0.9204,0.8997,0.8803
"Económico","Chiapas","Porcentaje de la población en pobreza laboral","https://www.inegi.org.mx/desarrollosocial/pl/#tabulados",NA,NA,NA,NA,59.1631387146,62.5347358126,61.1277742708,59.8101005609
"Económico","Chiapas","Ingreso laboral per cápita  a pesos corrientes (nominal)","https://www.inegi.org.mx/desarrollosocial/pl/#tabulados",NA,NA,NA,NA,2226.6526763499,2217.9040490272,2394.2491164879,2407.0751371539
"Económico","Chiapas","Ingreso laboral Per cápita (Deflactado con la canasta alimentaria, pesos)","https://www.inegi.org.mx/desarrollosocial/pl/#tabulados",NA,NA,NA,NA,1566.423255153,1524.7932186837,1627.7146604601,1634.0034433816
"Económico","Chihuahua","Índice de la Tendencia Laboral de la Pobreza (ITLP)","https://www.inegi.org.mx/desarrollosocial/pl/#tabulados",NA,NA,NA,NA,0.9278,0.8074,0.9379,0.8207
"Económico","Chihuahua","Porcentaje de la población en pobreza laboral","https://www.inegi.org.mx/desarrollosocial/pl/#tabulados",NA,NA,NA,NA,22.7397688638,19.7893906744,22.9868189824,20.1154507507
"Económico","Chihuahua","Ingreso laboral per cápita  a pesos corrientes (nominal)","https://www.inegi.org.mx/desarrollosocial/pl/#tabulados",NA,NA,NA,NA,5871.1639766202,6403.5937329658,5862.5936057848,6072.3596208855
"Económico","Chihuahua","Ingreso laboral Per cápita (Deflactado con la canasta alimentaria, pesos)","https://www.inegi.org.mx/desarrollosocial/pl/#tabulados",NA,NA,NA,NA,4125.32623755,4399.3900980945,3980.2884562606,4112.7906008779
"Económico","Ciudad de México","Índice de la Tendencia Laboral de la Pobreza (ITLP)","https://www.inegi.org.mx/desarrollosocial/pl/#tabulados",NA,NA,NA,NA,0.7438,0.7691,0.8175,0.808
"Económico","Ciudad de México","Porcentaje de la población en pobreza laboral","https://www.inegi.org.mx/desarrollosocial/pl/#tabulados",NA,NA,NA,NA,21.6171929194,22.3530393614,23.7619372416,23.4859110419
"Económico","Ciudad de México","Ingreso laboral per cápita  a pesos corrientes (nominal)","https://www.inegi.org.mx/desarrollosocial/pl/#tabulados",NA,NA,NA,NA,7328.8379661224,7555.923852367,6809.1744283068,6833.0817813665
"Económico","Ciudad de México","Ingreso laboral Per cápita (Deflactado con la canasta alimentaria, pesos)","https://www.inegi.org.mx/desarrollosocial/pl/#tabulados",NA,NA,NA,NA,5148.1112673164,5189.7197053429,4620.4512207747,4624.3743633051
"Económico","Durango","Índice de la Tendencia Laboral de la Pobreza (ITLP)","https://www.inegi.org.mx/desarrollosocial/pl/#tabulados",NA,NA,NA,NA,0.928,0.8554,0.9671,0.9176
"Económico","Durango","Porcentaje de la población en pobreza laboral","https://www.inegi.org.mx/desarrollosocial/pl/#tabulados",NA,NA,NA,NA,32.0771801674,29.5682776362,33.4314610844,31.7194624175
"Económico","Durango","Ingreso laboral per cápita  a pesos corrientes (nominal)","https://www.inegi.org.mx/desarrollosocial/pl/#tabulados",NA,NA,NA,NA,4095.3856228785,4150.480304528,4135.8618175424,4161.1771246771
"Económico","Durango","Ingreso laboral Per cápita (Deflactado con la canasta alimentaria, pesos)","https://www.inegi.org.mx/desarrollosocial/pl/#tabulados",NA,NA,NA,NA,2879.4923804465,2852.7640042728,2810.7114635916,2822.3539059916
"Económico","Guanajuato","Índice de la Tendencia Laboral de la Pobreza (ITLP)","https://www.inegi.org.mx/desarrollosocial/pl/#tabulados",NA,NA,NA,NA,1.0471,1.0649,1.024,1.0096
"Económico","Guanajuato","Porcentaje de la población en pobreza laboral","https://www.inegi.org.mx/desarrollosocial/pl/#tabulados",NA,NA,NA,NA,34.8333986366,35.4247564684,34.0632953458,33.5858688402
"Económico","Guanajuato","Ingreso laboral per cápita  a pesos corrientes (nominal)","https://www.inegi.org.mx/desarrollosocial/pl/#tabulados",NA,NA,NA,NA,3602.490862391,3606.4681220212,3831.4247501319,4033.9920856081
"Económico","Guanajuato","Ingreso laboral Per cápita (Deflactado con la canasta alimentaria, pesos)","https://www.inegi.org.mx/desarrollosocial/pl/#tabulados",NA,NA,NA,NA,2533.5386796076,2479.0839650926,2603.7145429963,2736.0439094257
"Económico","Guerrero","Índice de la Tendencia Laboral de la Pobreza (ITLP)","https://www.inegi.org.mx/desarrollosocial/pl/#tabulados",NA,NA,NA,NA,0.9039,0.9808,0.9281,0.9098
"Económico","Guerrero","Porcentaje de la población en pobreza laboral","https://www.inegi.org.mx/desarrollosocial/pl/#tabulados",NA,NA,NA,NA,50.9335151304,55.2687771337,52.2978245794,51.2643523579
"Económico","Guerrero","Ingreso laboral per cápita  a pesos corrientes (nominal)","https://www.inegi.org.mx/desarrollosocial/pl/#tabulados",NA,NA,NA,NA,2855.0948112329,2645.9214349756,2731.7227877468,2861.9404742663
"Económico","Guerrero","Ingreso laboral Per cápita (Deflactado con la canasta alimentaria, pesos)","https://www.inegi.org.mx/desarrollosocial/pl/#tabulados",NA,NA,NA,NA,2007.9333480929,1818.9777500559,1856.5871436977,1941.7311526863
"Económico","Hidalgo","Índice de la Tendencia Laboral de la Pobreza (ITLP)","https://www.inegi.org.mx/desarrollosocial/pl/#tabulados",NA,NA,NA,NA,0.8697,0.9256,0.8212,0.7567
"Económico","Hidalgo","Porcentaje de la población en pobreza laboral","https://www.inegi.org.mx/desarrollosocial/pl/#tabulados",NA,NA,NA,NA,40.6154095927,43.2284488224,38.3539298642,35.3387698048
"Económico","Hidalgo","Ingreso laboral per cápita  a pesos corrientes (nominal)","https://www.inegi.org.mx/desarrollosocial/pl/#tabulados",NA,NA,NA,NA,3347.7350974823,3420.7160189946,3595.6034752323,3810.9800373915
"Económico","Hidalgo","Ingreso laboral Per cápita (Deflactado con la canasta alimentaria, pesos)","https://www.inegi.org.mx/desarrollosocial/pl/#tabulados",NA,NA,NA,NA,2355.9070968611,2352.515052658,2445.7373370947,2588.3980556012
"Económico","Jalisco","Índice de la Tendencia Laboral de la Pobreza (ITLP)","https://www.inegi.org.mx/desarrollosocial/pl/#tabulados",NA,NA,NA,NA,0.9187,0.9891,0.9963,1
"Económico","Jalisco","Porcentaje de la población en pobreza laboral","https://www.inegi.org.mx/desarrollosocial/pl/#tabulados",NA,NA,NA,NA,21.9673834621,23.6500745577,23.8237322971,23.9114811886
"Económico","Jalisco","Ingreso laboral per cápita  a pesos corrientes (nominal)","https://www.inegi.org.mx/desarrollosocial/pl/#tabulados",NA,NA,NA,NA,5498.422926952,5323.7776026886,5366.6938883144,5271.9134647846
"Económico","Jalisco","Ingreso laboral Per cápita (Deflactado con la canasta alimentaria, pesos)","https://www.inegi.org.mx/desarrollosocial/pl/#tabulados",NA,NA,NA,NA,3864.1810776403,3657.7450646659,3643.7266896083,3571.474342882
"Económico","México ","Índice de la Tendencia Laboral de la Pobreza (ITLP)","https://www.inegi.org.mx/desarrollosocial/pl/#tabulados",NA,NA,NA,NA,0.9553,1.0247,0.974,0.8097
"Económico","México ","Porcentaje de la población en pobreza laboral","https://www.inegi.org.mx/desarrollosocial/pl/#tabulados",NA,NA,NA,NA,33.2151869381,35.6274607288,33.8653554,28.1544880068
"Económico","México ","Ingreso laboral per cápita  a pesos corrientes (nominal)","https://www.inegi.org.mx/desarrollosocial/pl/#tabulados",NA,NA,NA,NA,3977.2841627561,4039.4712675456,3911.9884206808,4608.0714009645
"Económico","México ","Ingreso laboral Per cápita (Deflactado con la canasta alimentaria, pesos)","https://www.inegi.org.mx/desarrollosocial/pl/#tabulados",NA,NA,NA,NA,2795.1333868626,2775.5073933393,2656.4655687034,3121.3465006494
"Económico","Michoacán de Ocampo","Índice de la Tendencia Laboral de la Pobreza (ITLP)","https://www.inegi.org.mx/desarrollosocial/pl/#tabulados",NA,NA,NA,NA,1.0451,1.0738,1.0899,1.132
"Económico","Michoacán de Ocampo","Porcentaje de la población en pobreza laboral","https://www.inegi.org.mx/desarrollosocial/pl/#tabulados",NA,NA,NA,NA,33.4164569307,34.3342131898,34.8493599836,36.1952110559
"Económico","Michoacán de Ocampo","Ingreso laboral per cápita  a pesos corrientes (nominal)","https://www.inegi.org.mx/desarrollosocial/pl/#tabulados",NA,NA,NA,NA,3791.0630065307,3778.9205632265,3761.112023489,3751.7366991218
"Económico","Michoacán de Ocampo","Ingreso laboral Per cápita (Deflactado con la canasta alimentaria, pesos)","https://www.inegi.org.mx/desarrollosocial/pl/#tabulados",NA,NA,NA,NA,2666.0259012804,2597.7317461973,2555.9872813266,2544.5549960102
"Económico","Morelos","Índice de la Tendencia Laboral de la Pobreza (ITLP)","https://www.inegi.org.mx/desarrollosocial/pl/#tabulados",NA,NA,NA,NA,0.9371,1.0213,0.9102,0.8242
"Económico","Morelos","Porcentaje de la población en pobreza laboral","https://www.inegi.org.mx/desarrollosocial/pl/#tabulados",NA,NA,NA,NA,43.6092797917,47.5274909005,42.3556721407,38.3547700564
"Económico","Morelos","Ingreso laboral per cápita  a pesos corrientes (nominal)","https://www.inegi.org.mx/desarrollosocial/pl/#tabulados",NA,NA,NA,NA,3268.5542294466,3013.1623481622,3200.8186314868,3463.8428521444
"Económico","Morelos","Ingreso laboral Per cápita (Deflactado con la canasta alimentaria, pesos)","https://www.inegi.org.mx/desarrollosocial/pl/#tabulados",NA,NA,NA,NA,2297.7765451787,2071.0245053358,2175.002289548,2348.6272617698
"Económico","Nayarit","Índice de la Tendencia Laboral de la Pobreza (ITLP)","https://www.inegi.org.mx/desarrollosocial/pl/#tabulados",NA,NA,NA,NA,0.7676,0.8133,0.7583,0.7029
"Económico","Nayarit","Porcentaje de la población en pobreza laboral","https://www.inegi.org.mx/desarrollosocial/pl/#tabulados",NA,NA,NA,NA,24.3961329123,25.8484440006,24.0994809203,22.3389776779
"Económico","Nayarit","Ingreso laboral per cápita  a pesos corrientes (nominal)","https://www.inegi.org.mx/desarrollosocial/pl/#tabulados",NA,NA,NA,NA,5056.517048932,4868.7527624643,5214.6957313885,5382.3125328181
"Económico","Nayarit","Ingreso laboral Per cápita (Deflactado con la canasta alimentaria, pesos)","https://www.inegi.org.mx/desarrollosocial/pl/#tabulados",NA,NA,NA,NA,3555.2886379834,3346.2268634616,3543.073874548,3649.7100260288
"Económico","Nuevo León","Índice de la Tendencia Laboral de la Pobreza (ITLP)","https://www.inegi.org.mx/desarrollosocial/pl/#tabulados",NA,NA,NA,NA,1.1107,1.0809,0.9709,0.959
"Económico","Nuevo León","Porcentaje de la población en pobreza laboral","https://www.inegi.org.mx/desarrollosocial/pl/#tabulados",NA,NA,NA,NA,22.42849804,21.8278311792,19.6047698655,19.3661972543
"Económico","Nuevo León","Ingreso laboral per cápita  a pesos corrientes (nominal)","https://www.inegi.org.mx/desarrollosocial/pl/#tabulados",NA,NA,NA,NA,6194.7008368192,6218.7677994625,6349.8709982817,6722.2473091629
"Económico","Nuevo León","Ingreso laboral Per cápita (Deflactado con la canasta alimentaria, pesos)","https://www.inegi.org.mx/desarrollosocial/pl/#tabulados",NA,NA,NA,NA,4351.9831894993,4271.7002548427,4309.7370880565,4550.5078976451
"Económico","Oaxaca","Índice de la Tendencia Laboral de la Pobreza (ITLP)","https://www.inegi.org.mx/desarrollosocial/pl/#tabulados",NA,NA,NA,NA,0.9657,1.0084,0.9893,0.9644
"Económico","Oaxaca","Porcentaje de la población en pobreza laboral","https://www.inegi.org.mx/desarrollosocial/pl/#tabulados",NA,NA,NA,NA,56.7217854373,59.2252127389,58.1075177218,56.6441462116
"Económico","Oaxaca","Ingreso laboral per cápita  a pesos corrientes (nominal)","https://www.inegi.org.mx/desarrollosocial/pl/#tabulados",NA,NA,NA,NA,2450.0389903822,2477.1145552389,2443.6233980851,2565.0954095657
"Económico","Oaxaca","Ingreso laboral Per cápita (Deflactado con la canasta alimentaria, pesos)","https://www.inegi.org.mx/desarrollosocial/pl/#tabulados",NA,NA,NA,NA,1723.9409541128,1703.6446019531,1662.4582312558,1741.9963326499
"Económico","Puebla","Índice de la Tendencia Laboral de la Pobreza (ITLP)","https://www.inegi.org.mx/desarrollosocial/pl/#tabulados",NA,NA,NA,NA,0.9556,0.9718,0.9147,0.8494
"Económico","Puebla","Porcentaje de la población en pobreza laboral","https://www.inegi.org.mx/desarrollosocial/pl/#tabulados",NA,NA,NA,NA,40.9740639538,41.6719226313,39.2205779878,36.4238361868
"Económico","Puebla","Ingreso laboral per cápita  a pesos corrientes (nominal)","https://www.inegi.org.mx/desarrollosocial/pl/#tabulados",NA,NA,NA,NA,3458.4902554472,3399.5097705865,3619.0937093203,3711.7634303909
"Económico","Puebla","Ingreso laboral Per cápita (Deflactado con la canasta alimentaria, pesos)","https://www.inegi.org.mx/desarrollosocial/pl/#tabulados",NA,NA,NA,NA,2431.4598175018,2336.5303639631,2458.8673936715,2517.2282001035
"Económico","Querétaro","Índice de la Tendencia Laboral de la Pobreza (ITLP)","https://www.inegi.org.mx/desarrollosocial/pl/#tabulados",NA,NA,NA,NA,0.8363,0.938,0.7534,0.57
"Económico","Querétaro","Porcentaje de la población en pobreza laboral","https://www.inegi.org.mx/desarrollosocial/pl/#tabulados",NA,NA,NA,NA,29.1003282107,32.6411243552,26.2152882626,19.8329200569
"Económico","Querétaro","Ingreso laboral per cápita  a pesos corrientes (nominal)","https://www.inegi.org.mx/desarrollosocial/pl/#tabulados",NA,NA,NA,NA,4837.3603500333,4645.4743067267,5039.6672459878,5625.6689276945
"Económico","Querétaro","Ingreso laboral Per cápita (Deflactado con la canasta alimentaria, pesos)","https://www.inegi.org.mx/desarrollosocial/pl/#tabulados",NA,NA,NA,NA,3400.8959371873,3192.3956332883,3423.6107334689,3813.4071474936
"Económico","Quintana Roo","Índice de la Tendencia Laboral de la Pobreza (ITLP)","https://www.inegi.org.mx/desarrollosocial/pl/#tabulados",NA,NA,NA,NA,0.673,0.6472,0.6973,0.6788
"Económico","Quintana Roo","Porcentaje de la población en pobreza laboral","https://www.inegi.org.mx/desarrollosocial/pl/#tabulados",NA,NA,NA,NA,18.7007807404,17.9841955724,19.3765385718,18.8639133858
"Económico","Quintana Roo","Ingreso laboral per cápita  a pesos corrientes (nominal)","https://www.inegi.org.mx/desarrollosocial/pl/#tabulados",NA,NA,NA,NA,5962.9313191141,6038.5654374334,5829.677921119,5779.2389364965
"Económico","Quintana Roo","Ingreso laboral Per cápita (Deflactado con la canasta alimentaria, pesos)","https://www.inegi.org.mx/desarrollosocial/pl/#tabulados",NA,NA,NA,NA,4189.6463703966,4148.0557600317,3957.119506912,3912.8030564655
"Económico","San Luis Potosí","Índice de la Tendencia Laboral de la Pobreza (ITLP)","https://www.inegi.org.mx/desarrollosocial/pl/#tabulados",NA,NA,NA,NA,0.9285,1.0199,0.989,0.96
"Económico","San Luis Potosí","Porcentaje de la población en pobreza laboral","https://www.inegi.org.mx/desarrollosocial/pl/#tabulados",NA,NA,NA,NA,40.8016742684,44.8160861982,43.4578719095,42.1842975645
"Económico","San Luis Potosí","Ingreso laboral per cápita  a pesos corrientes (nominal)","https://www.inegi.org.mx/desarrollosocial/pl/#tabulados",NA,NA,NA,NA,3658.7437226904,3452.517785148,3457.6493636133,3744.6073906613
"Económico","San Luis Potosí","Ingreso laboral Per cápita (Deflactado con la canasta alimentaria, pesos)","https://www.inegi.org.mx/desarrollosocial/pl/#tabulados",NA,NA,NA,NA,2572.4967837615,2372.8668039644,2349.4731819139,2539.2373134789
"Económico","Sinaloa","Índice de la Tendencia Laboral de la Pobreza (ITLP)","https://www.inegi.org.mx/desarrollosocial/pl/#tabulados",NA,NA,NA,NA,0.9975,0.9552,1.0481,0.9514
"Económico","Sinaloa","Porcentaje de la población en pobreza laboral","https://www.inegi.org.mx/desarrollosocial/pl/#tabulados",NA,NA,NA,NA,25.7200112546,24.6312256291,27.0264591081,24.5320837092
"Económico","Sinaloa","Ingreso laboral per cápita  a pesos corrientes (nominal)","https://www.inegi.org.mx/desarrollosocial/pl/#tabulados",NA,NA,NA,NA,5059.3610477073,5220.9258978155,4833.0225320212,5130.9217277418
"Económico","Sinaloa","Ingreso laboral Per cápita (Deflactado con la canasta alimentaria, pesos)","https://www.inegi.org.mx/desarrollosocial/pl/#tabulados",NA,NA,NA,NA,3557.3196356547,3588.1444974926,3283.532552999,3479.6483812035
"Económico","Sonora","Índice de la Tendencia Laboral de la Pobreza (ITLP)","https://www.inegi.org.mx/desarrollosocial/pl/#tabulados",NA,NA,NA,NA,1.0068,1.0311,0.9877,0.9033
"Económico","Sonora","Porcentaje de la población en pobreza laboral","https://www.inegi.org.mx/desarrollosocial/pl/#tabulados",NA,NA,NA,NA,27.2395476749,27.8977984373,26.7239385733,24.4402013539
"Económico","Sonora","Ingreso laboral per cápita  a pesos corrientes (nominal)","https://www.inegi.org.mx/desarrollosocial/pl/#tabulados",NA,NA,NA,NA,4940.9177987993,5153.793480209,5483.0479539803,5882.2740372618
"Económico","Sonora","Ingreso laboral Per cápita (Deflactado con la canasta alimentaria, pesos)","https://www.inegi.org.mx/desarrollosocial/pl/#tabulados",NA,NA,NA,NA,3472.5247303726,3541.0079222392,3722.8387806671,3984.5054281893
"Económico","Tabasco","Índice de la Tendencia Laboral de la Pobreza (ITLP)","https://www.inegi.org.mx/desarrollosocial/pl/#tabulados",NA,NA,NA,NA,1.0011,0.9602,0.9991,0.9844
"Económico","Tabasco","Porcentaje de la población en pobreza laboral","https://www.inegi.org.mx/desarrollosocial/pl/#tabulados",NA,NA,NA,NA,41.494968161,39.7985504568,41.4115644624,40.803500739
"Económico","Tabasco","Ingreso laboral per cápita  a pesos corrientes (nominal)","https://www.inegi.org.mx/desarrollosocial/pl/#tabulados",NA,NA,NA,NA,3415.4176272254,3493.8327884907,3374.5804369638,3380.4155228918
"Económico","Tabasco","Ingreso laboral Per cápita (Deflactado con la canasta alimentaria, pesos)","https://www.inegi.org.mx/desarrollosocial/pl/#tabulados",NA,NA,NA,NA,2403.3746544425,2403.0032726694,2295.9468402571,2296.9003348228
"Económico","Tamaulipas","Índice de la Tendencia Laboral de la Pobreza (ITLP)","https://www.inegi.org.mx/desarrollosocial/pl/#tabulados",NA,NA,NA,NA,0.8107,0.8053,0.7938,0.7647
"Económico","Tamaulipas","Porcentaje de la población en pobreza laboral","https://www.inegi.org.mx/desarrollosocial/pl/#tabulados",NA,NA,NA,NA,26.7963895001,26.6176052123,26.2364832447,25.2763067446
"Económico","Tamaulipas","Ingreso laboral per cápita  a pesos corrientes (nominal)","https://www.inegi.org.mx/desarrollosocial/pl/#tabulados",NA,NA,NA,NA,4878.5097060415,5032.3782383013,5118.6837989755,5177.9292428798
"Económico","Tamaulipas","Ingreso laboral Per cápita (Deflactado con la canasta alimentaria, pesos)","https://www.inegi.org.mx/desarrollosocial/pl/#tabulados",NA,NA,NA,NA,3427.6359689603,3457.2304467503,3475.025799628,3506.7866335143
"Económico","Tlaxcala","Índice de la Tendencia Laboral de la Pobreza (ITLP)","https://www.inegi.org.mx/desarrollosocial/pl/#tabulados",NA,NA,NA,NA,0.8453,0.8965,0.8175,0.8442
"Económico","Tlaxcala","Porcentaje de la población en pobreza laboral","https://www.inegi.org.mx/desarrollosocial/pl/#tabulados",NA,NA,NA,NA,39.4242811548,41.8086677512,38.1256541356,39.373613614
"Económico","Tlaxcala","Ingreso laboral per cápita  a pesos corrientes (nominal)","https://www.inegi.org.mx/desarrollosocial/pl/#tabulados",NA,NA,NA,NA,3389.6741411735,3401.918179554,3524.1249146598,3562.7681945857
"Económico","Tlaxcala","Ingreso laboral Per cápita (Deflactado con la canasta alimentaria, pesos)","https://www.inegi.org.mx/desarrollosocial/pl/#tabulados",NA,NA,NA,NA,2382.8039621345,2337.7897836567,2393.5126509292,2414.4663106287
"Económico","Veracruz de Ignacio de la Llave","Índice de la Tendencia Laboral de la Pobreza (ITLP)","https://www.inegi.org.mx/desarrollosocial/pl/#tabulados",NA,NA,NA,NA,0.9211,0.9421,1.0067,0.9399
"Económico","Veracruz de Ignacio de la Llave","Porcentaje de la población en pobreza laboral","https://www.inegi.org.mx/desarrollosocial/pl/#tabulados",NA,NA,NA,NA,45.6845022394,46.7245127757,49.9294406475,46.6153261578
"Económico","Veracruz de Ignacio de la Llave","Ingreso laboral per cápita  a pesos corrientes (nominal)","https://www.inegi.org.mx/desarrollosocial/pl/#tabulados",NA,NA,NA,NA,3280.2570802053,3178.0294999149,2996.7412996394,3138.955205823
"Económico","Veracruz de Ignacio de la Llave","Ingreso laboral Per cápita (Deflactado con la canasta alimentaria, pesos)","https://www.inegi.org.mx/desarrollosocial/pl/#tabulados",NA,NA,NA,NA,2307.6029193971,2185.1365289746,2037.5159023576,2130.7954573426
"Económico","Yucatán","Índice de la Tendencia Laboral de la Pobreza (ITLP)","https://www.inegi.org.mx/desarrollosocial/pl/#tabulados",NA,NA,NA,NA,0.764,0.779,0.7475,0.738
"Económico","Yucatán","Porcentaje de la población en pobreza laboral","https://www.inegi.org.mx/desarrollosocial/pl/#tabulados",NA,NA,NA,NA,26.4895262557,27.0084754065,25.916696264,25.5872201989
"Económico","Yucatán","Ingreso laboral per cápita  a pesos corrientes (nominal)","https://www.inegi.org.mx/desarrollosocial/pl/#tabulados",NA,NA,NA,NA,4868.2159523107,5078.6535444166,4991.3503096669,4947.1913510935
"Económico","Yucatán","Ingreso laboral Per cápita (Deflactado con la canasta alimentaria, pesos)","https://www.inegi.org.mx/desarrollosocial/pl/#tabulados",NA,NA,NA,NA,3421.3948771526,3489.3780316967,3389.0816718204,3351.0504685022
"Económico","Zacatecas","Índice de la Tendencia Laboral de la Pobreza (ITLP)","https://www.inegi.org.mx/desarrollosocial/pl/#tabulados",NA,NA,NA,NA,0.9393,0.9196,0.8655,0.8294
"Económico","Zacatecas","Porcentaje de la población en pobreza laboral","https://www.inegi.org.mx/desarrollosocial/pl/#tabulados",NA,NA,NA,NA,44.9494448966,44.0074893097,41.4187975815,39.691248133
"Económico","Zacatecas","Ingreso laboral per cápita  a pesos corrientes (nominal)","https://www.inegi.org.mx/desarrollosocial/pl/#tabulados",NA,NA,NA,NA,3138.3893066807,3204.7630198799,3355.2270654641,3566.9716548738
"Económico","Zacatecas","Ingreso laboral Per cápita (Deflactado con la canasta alimentaria, pesos)","https://www.inegi.org.mx/desarrollosocial/pl/#tabulados",NA,NA,NA,NA,2207.3496732545,2203.4611339281,2281.0901717806,2421.3325360536
"Económico","Aguascalientes","Productividad Laboral","https://mexicocomovamos.mx/datos/",242,239,229,231,241,250,248,NA
"Económico","Baja California","Productividad Laboral","https://mexicocomovamos.mx/datos/",282,279,278,272,287,278,274,NA
"Económico","Baja California Sur","Productividad Laboral","https://mexicocomovamos.mx/datos/",210,211,202,209,217,225,220,NA
"Económico","Campeche","Productividad Laboral","https://mexicocomovamos.mx/datos/",616,541,526,503,468,499,519,NA
"Económico","Coahuila de Zaragoza","Productividad Laboral","https://mexicocomovamos.mx/datos/",306,310,305,297,313,294,295,NA
"Económico","Colima","Productividad Laboral","https://mexicocomovamos.mx/datos/",224,228,218,224,232,230,224,NA
"Económico","Chiapas","Productividad Laboral","https://mexicocomovamos.mx/datos/",86,91,89,86,91,92,90,NA
"Económico","Chihuahua","Productividad Laboral","https://mexicocomovamos.mx/datos/",275,270,268,261,272,260,265,NA
"Económico","Ciudad de México","Productividad Laboral","https://mexicocomovamos.mx/datos/",433,413,403,394,418,418,427,NA
"Económico","Durango","Productividad Laboral","https://mexicocomovamos.mx/datos/",209,211,199,192,204,191,185,NA
"Económico","Guanajuato","Productividad Laboral","https://mexicocomovamos.mx/datos/",206,207,208,205,216,222,206,NA
"Económico","Guerrero","Productividad Laboral","https://mexicocomovamos.mx/datos/",95,100,100,116,113,113,107,NA
"Económico","Hidalgo","Productividad Laboral","https://mexicocomovamos.mx/datos/",167,162,163,161,162,179,161,NA
"Económico","Jalisco","Productividad Laboral","https://mexicocomovamos.mx/datos/",244,247,244,239,250,254,252,NA
"Económico","México","Productividad Laboral","https://mexicocomovamos.mx/datos/",142,135,139,134,143,138,135,NA
"Económico","Michoacán de Ocampo","Productividad Laboral","https://mexicocomovamos.mx/datos/",156,161,167,158,160,167,163,NA
"Económico","Morelos","Productividad Laboral","https://mexicocomovamos.mx/datos/",149,156,152,159,156,160,153,NA
"Económico","Nayarit","Productividad Laboral","https://mexicocomovamos.mx/datos/",128,135,138,139,143,142,136,NA
"Económico","Nuevo León","Productividad Laboral","https://mexicocomovamos.mx/datos/",354,349,360,347,372,372,345,NA
"Económico","Oaxaca","Productividad Laboral","https://mexicocomovamos.mx/datos/",130,140,141,147,148,134,132,NA
"Económico","Puebla","Productividad Laboral","https://mexicocomovamos.mx/datos/",146,147,143,142,149,149,138,NA
"Económico","Querétaro","Productividad Laboral","https://mexicocomovamos.mx/datos/",271,268,254,243,265,265,258,NA
"Económico","Quintana Roo","Productividad Laboral","https://mexicocomovamos.mx/datos/",244,215,174,168,167,170,182,NA
"Económico","San Luis Potosí","Productividad Laboral","https://mexicocomovamos.mx/datos/",237,240,235,243,264,271,268,NA
"Económico","Sinaloa","Productividad Laboral","https://mexicocomovamos.mx/datos/",196,197,205,187,197,202,203,NA
"Económico","Sonora","Productividad Laboral","https://mexicocomovamos.mx/datos/",312,306,305,299,314,304,314,NA
"Económico","Tabasco","Productividad Laboral","https://mexicocomovamos.mx/datos/",292,287,298,283,263,278,276,NA
"Económico","Tamaulipas","Productividad Laboral","https://mexicocomovamos.mx/datos/",242,248,246,248,255,255,250,NA
"Económico","Tlaxcala","Productividad Laboral","https://mexicocomovamos.mx/datos/",114,114,111,110,115,111,111,NA
"Económico","Veracruz de Ignacio de la Llave","Productividad Laboral","https://mexicocomovamos.mx/datos/",158,161,165,166,162,165,170,NA
"Económico","Yucatán","Productividad Laboral","https://mexicocomovamos.mx/datos/",183,181,177,179,184,183,178,NA
"Económico","Zacatecas","Productividad Laboral","https://mexicocomovamos.mx/datos/",180,183,187,190,192,183,179,NA
